name,building_type_name,osm_id,geometry,lat,lon
building_0,building_yes,N559896928,POINT (115.8433837 -31.9480197),-31.9480197,115.8433837
building_1,building_yes,N559897587,POINT (115.836747 -31.9508049),-31.9508049,115.836747
building_2,building_yes,N559897590,POINT (115.8367147 -31.950874),-31.950874,115.8367147
building_3,building_yes,N559899605,POINT (115.8402172 -31.9488196),-31.9488196,115.8402172
building_4,building_yes,N559899845,POINT (115.8431628 -31.9493686),-31.9493686,115.8431628
building_5,building_yes,N559900371,POINT (115.8397804 -31.9468252),-31.9468252,115.8397804
building_6,building_yes,N559902725,POINT (115.8432924 -31.9494178),-31.9494178,115.8432924
building_7,building_yes,N1923646967,POINT (115.8168617 -31.9792997),-31.9792997,115.8168617
building_8,building_yes,N2092167718,POINT (115.8186807 -31.9853772),-31.9853772,115.8186807
building_9,building_yes,N3322670348,POINT (115.8580851 -31.9502247),-31.9502247,115.8580851
building_10,building_yes,N5894463288,POINT (115.8618537 -31.9496083),-31.9496083,115.8618537
building_11,building_yes,N8148075755,POINT (115.8706652 -31.9579192),-31.9579192,115.8706652
building_12,building_yes,N8148080650,POINT (115.8675667 -31.9573121),-31.9573121,115.8675667
building_13,building_yes,N8148087251,POINT (115.8702922 -31.9582505),-31.9582505,115.8702922
building_14,building_yes,N8148102763,POINT (115.8695663 -31.9574474),-31.9574474,115.8695663
building_15,building_yes,N8148106582,POINT (115.869567 -31.9578401),-31.9578401,115.869567
building_16,building_yes,N8148109304,POINT (115.8691457 -31.9576886),-31.9576886,115.8691457
building_17,building_yes,N8148119127,POINT (115.8705901 -31.9582715),-31.9582715,115.8705901
building_18,building_yes,W4750989,"POLYGON ((115.8146584 -31.983737, 115.8155402 -31.9837342, 115.8155412 -31.9839647, 115.8155422 -31.9841845, 115.8152838 -31.9841853, 115.8152844 -31.9843211, 115.8146909 -31.9843229, 115.8146904 -31.9842293, 115.8146606 -31.9842294, 115.8146584 -31.983737))",-31.98401075493865,115.81508018070969
building_19,building_yes,W4995121,"POLYGON ((115.8194362 -31.9770724, 115.8195488 -31.977177, 115.8195488 -31.9773033, 115.8194402 -31.9774045, 115.8192816 -31.9774057, 115.8191639 -31.9773129, 115.8191363 -31.9773122, 115.8191112 -31.9773115, 115.8191098 -31.977345, 115.8190517 -31.9773435, 115.8190536 -31.9772946, 115.8190233 -31.977296, 115.8190245 -31.9772334, 115.8190453 -31.9772338, 115.8190437 -31.9771693, 115.8191363 -31.9771695, 115.8191616 -31.9771696, 115.8192833 -31.9770724, 115.8194362 -31.9770724))",-31.977241123761218,115.81931444653337
building_20,building_yes,W4995185,"POLYGON ((115.8241849 -31.9851696, 115.8242917 -31.9852099, 115.8242794 -31.9852333, 115.8242946 -31.9852395, 115.8243096 -31.9852111, 115.8243353 -31.9852206, 115.8243418 -31.9852142, 115.8243532 -31.9852142, 115.8243599 -31.9852208, 115.8243564 -31.9852295, 115.8243819 -31.9852382, 115.8243638 -31.9852771, 115.8245148 -31.9853313, 115.8246674 -31.9853863, 115.8247255 -31.9854302, 115.8246703 -31.9855326, 115.824615 -31.9855159, 115.824568 -31.9856138, 115.8242501 -31.9855014, 115.8242394 -31.9855228, 115.8241509 -31.9854858, 115.8241556 -31.9854693, 115.8240343 -31.9854198, 115.824043 -31.9854033, 115.8240329 -31.9853971, 115.8240664 -31.9853334, 115.8240769 -31.9853395, 115.8241462 -31.9852171, 115.8241849 -31.9851696))",-31.98540130626804,115.82436391310857
building_21,building_yes,W5722897,"POLYGON ((115.8253312 -31.9855778, 115.8259524 -31.985773, 115.8258679 -31.9859665, 115.8252467 -31.9857713, 115.8253312 -31.9855778))",-31.985772150000003,115.82559954999999
building_22,building_yes,W25559267,"POLYGON ((115.8632452 -31.9548697, 115.8630463 -31.9553192, 115.8630129 -31.9553885, 115.8633977 -31.9555215, 115.8634254 -31.9554621, 115.8634953 -31.9554856, 115.8634781 -31.9555248, 115.863603 -31.9555642, 115.8638179 -31.9550825, 115.8636383 -31.9550409, 115.8635443 -31.9549692, 115.8632452 -31.9548697))",-31.95522500220609,115.86341254838821
building_23,building_yes,W25559288,"POLYGON ((115.8630633 -31.9556942, 115.8628908 -31.9560825, 115.8628096 -31.9562652, 115.8627501 -31.9563991, 115.8628536 -31.9564322, 115.862782 -31.9565934, 115.862798 -31.9566245, 115.8629572 -31.9566754, 115.8629967 -31.9566596, 115.8630676 -31.9565, 115.8631283 -31.9563635, 115.8632093 -31.956181, 115.8633769 -31.9558038, 115.8633365 -31.9557909, 115.8633451 -31.9557716, 115.8632872 -31.9557531, 115.8632822 -31.9557643, 115.8630633 -31.9556942))",-31.95616463871251,115.86304417464129
building_24,building_yes,W25560004,"POLYGON ((115.8603457 -31.9547298, 115.8602441 -31.9549474, 115.8606362 -31.9550791, 115.8607378 -31.9548614, 115.8603457 -31.9547298))",-31.954904431224346,115.8604909621071
building_25,building_yes,W25560247,"POLYGON ((115.8632006 -31.9515782, 115.86305 -31.9518142, 115.8633086 -31.9519331, 115.8638797 -31.9521955, 115.8640304 -31.9519595, 115.8632547 -31.951603, 115.8632006 -31.9515782))",-31.951886844847834,115.86354017034792
building_26,building_yes,W25560312,"POLYGON ((115.8646544 -31.9514522, 115.8644223 -31.9518186, 115.8644275 -31.9518732, 115.8644639 -31.9519274, 115.8645144 -31.9519561, 115.8644787 -31.952012, 115.8645482 -31.9520382, 115.8646182 -31.9520553, 115.8647348 -31.9520638, 115.8648408 -31.9520496, 115.8649117 -31.9520257, 115.8649816 -31.9519961, 115.8649438 -31.9519505, 115.8650485 -31.9518766, 115.8650339 -31.9518493, 115.8650768 -31.9517913, 115.86497 -31.9517421, 115.8650513 -31.9516149, 115.8646544 -31.9514522))",-31.951787746436462,115.86474219677253
building_27,building_yes,W30736563,"POLYGON ((115.8605891 -31.9504415, 115.8607777 -31.9503352, 115.8609801 -31.9504312, 115.8611035 -31.9503523, 115.8612612 -31.9504158, 115.8612677 -31.9508856, 115.8611362 -31.950946, 115.8610082 -31.9508962, 115.8609051 -31.9509424, 115.8607486 -31.9508642, 115.8607358 -31.9508349, 115.8606018 -31.950765, 115.8605891 -31.9504415))",-31.950639330937573,115.86094469399993
building_28,building_yes,W43063936,"POLYGON ((115.8252362 -31.9855683, 115.8251635 -31.9857413, 115.8250431 -31.9857049, 115.8250401 -31.985712, 115.8249442 -31.985683, 115.8249576 -31.9856513, 115.8248226 -31.9856104, 115.8248859 -31.98546, 115.8250226 -31.9855014, 115.8250157 -31.9855178, 115.8251058 -31.9855451, 115.8251119 -31.9855307, 115.8252362 -31.9855683))",-31.98560154522164,115.82503073694326
building_29,building_yes,W44038654,"POLYGON ((115.8486119 -31.9484109, 115.849062 -31.9485637, 115.8490006 -31.948695, 115.8485506 -31.9485423, 115.8486119 -31.9484109))",-31.948552966394296,115.84880626015766
building_30,building_yes,W44038655,"POLYGON ((115.8482867 -31.9484156, 115.8485246 -31.9484964, 115.8484559 -31.9486479, 115.8482179 -31.9485672, 115.8482867 -31.9484156))",-31.948531772359264,115.8483712586735
building_31,building_yes,W44038656,"POLYGON ((115.8482176 -31.9485783, 115.8484541 -31.9486586, 115.8483695 -31.9488399, 115.8481329 -31.9487596, 115.8482176 -31.9485783))",-31.948709104431614,115.84829351923992
building_32,building_yes,W44038657,"POLYGON ((115.8490756 -31.948844, 115.8492285 -31.9488959, 115.8491631 -31.949036, 115.8490102 -31.9489841, 115.8490756 -31.948844))",-31.948940000000004,115.84911935000002
building_33,building_yes,W44038658,"POLYGON ((115.8488675 -31.9489493, 115.8491537 -31.9490464, 115.8491 -31.9491615, 115.8488138 -31.9490644, 115.8488675 -31.9489493))",-31.949055400000002,115.84898374999999
building_34,building_yes,W44038659,"POLYGON ((115.8488068 -31.9491004, 115.8490803 -31.9491932, 115.8490271 -31.9493072, 115.8487535 -31.9492144, 115.8488068 -31.9491004))",-31.949203801011304,115.848916917744
building_35,building_yes,W44038660,"POLYGON ((115.8471225 -31.9484878, 115.8474743 -31.9485938, 115.8474357 -31.9486871, 115.8470838 -31.948581, 115.8471225 -31.9484878))",-31.948587433662507,115.84727909337563
building_36,building_yes,W44038661,"POLYGON ((115.8471675 -31.9483845, 115.8475112 -31.948488, 115.8474735 -31.9485792, 115.8471298 -31.9484755, 115.8471675 -31.9483845))",-31.948481818476875,115.8473205552333
building_37,building_yes,W44038662,"POLYGON ((115.8472175 -31.9482333, 115.8475625 -31.9483373, 115.8475174 -31.9484458, 115.8471726 -31.9483418, 115.8472175 -31.9482333))",-31.948339549621448,115.84736751613241
building_38,building_yes,W44038663,"POLYGON ((115.8480546 -31.948123, 115.8481855 -31.9481625, 115.8481167 -31.9483288, 115.8479858 -31.9482893, 115.8480546 -31.948123))",-31.948225899999994,115.84808565000002
building_39,building_yes,W44038664,"POLYGON ((115.8479399 -31.9482973, 115.8480679 -31.9483359, 115.8480299 -31.9484276, 115.847902 -31.9483891, 115.8479399 -31.9482973))",-31.948362465313398,115.84798492088672
building_40,building_yes,W44038665,"POLYGON ((115.847366 -31.9478864, 115.8474478 -31.9479111, 115.8473663 -31.9481078, 115.8472845 -31.9480832, 115.847366 -31.9478864))",-31.94799711669043,115.84736614997746
building_41,building_yes,W44038666,"POLYGON ((115.8458778 -31.9482515, 115.84602 -31.9482983, 115.8458948 -31.9485694, 115.845749 -31.9485209, 115.8458778 -31.9482515))",-31.948410626848887,115.8458851397602
building_42,building_yes,W44038667,"POLYGON ((115.8461606 -31.9481337, 115.846256 -31.9481661, 115.8460477 -31.9486122, 115.8459523 -31.9485798, 115.8461606 -31.9481337))",-31.948372950000003,115.84610414999999
building_43,building_yes,W44038669,"POLYGON ((115.846256 -31.9484548, 115.8464558 -31.9485247, 115.8463693 -31.9487028, 115.8461695 -31.9486329, 115.846256 -31.9484548))",-31.9485788,115.84631265000002
building_44,building_yes,W44038670,"POLYGON ((115.8464771 -31.9485103, 115.8466062 -31.9485552, 115.8465595 -31.9486549, 115.8465253 -31.9486434, 115.8464808 -31.9487433, 115.8463845 -31.9487111, 115.8464771 -31.9485103))",-31.948622813229154,115.84649158743294
building_45,building_yes,W44038671,"POLYGON ((115.8465991 -31.9486488, 115.8466868 -31.9486786, 115.8466242 -31.9488128, 115.8465365 -31.948783, 115.8465991 -31.9486488))",-31.948730799999996,115.84661165
building_46,building_yes,W44038672,"POLYGON ((115.8467334 -31.948618, 115.8468088 -31.9486436, 115.8467163 -31.9488418, 115.8466409 -31.9488162, 115.8467334 -31.948618))",-31.9487299,115.84672485
building_47,building_yes,W44038673,"POLYGON ((115.8469764 -31.9480205, 115.8470736 -31.9480535, 115.8470312 -31.9481442, 115.8469341 -31.9481112, 115.8469764 -31.9480205))",-31.948082344173887,115.84700383075233
building_48,building_yes,W44038674,"POLYGON ((115.8469672 -31.9477631, 115.8470827 -31.9478023, 115.8469966 -31.9479868, 115.8468811 -31.9479476, 115.8469672 -31.9477631))",-31.947874949999992,115.84698189999999
building_49,building_yes,W44038675,"POLYGON ((115.8468403 -31.9477228, 115.8469525 -31.9477609, 115.8468644 -31.9479495, 115.8467522 -31.9479114, 115.8468403 -31.9477228))",-31.947836149999993,115.84685234999998
building_50,building_yes,W44038676,"POLYGON ((115.8455738 -31.9480802, 115.8456874 -31.9481188, 115.8455483 -31.9484166, 115.8454347 -31.9483781, 115.8455738 -31.9480802))",-31.948248415260956,115.84556105136994
building_51,building_yes,W44038677,"POLYGON ((115.8460004 -31.9474215, 115.8461893 -31.9474856, 115.8460824 -31.9477148, 115.8458935 -31.9476506, 115.8460004 -31.9474215))",-31.947568131084815,115.84604140403097
building_52,building_yes,W44038678,"POLYGON ((115.8458702 -31.9474159, 115.8459588 -31.947446, 115.8459164 -31.9475369, 115.8458278 -31.9475069, 115.8458702 -31.9474159))",-31.947476419179072,115.84589329459564
building_53,building_yes,W44038679,"POLYGON ((115.8451627 -31.9478927, 115.8453826 -31.9479674, 115.8452931 -31.948163, 115.8450731 -31.9480883, 115.8451627 -31.9478927))",-31.94802785547815,115.84522786930944
building_54,building_yes,W44038681,"POLYGON ((115.8460589 -31.9452963, 115.8470699 -31.9456406, 115.8469752 -31.9458409, 115.8459647 -31.945498, 115.8460589 -31.9452963))",-31.945568782367097,115.84651673832717
building_55,building_yes,W44038682,"POLYGON ((115.8415358 -31.947537, 115.8415948 -31.947556, 115.8415021 -31.947765, 115.8414431 -31.947746, 115.8415358 -31.947537))",-31.947651000000008,115.84151895000001
building_56,building_yes,W44038683,"POLYGON ((115.8359273 -31.9486196, 115.8361245 -31.9486865, 115.8360758 -31.9487908, 115.8358786 -31.9487239, 115.8359273 -31.9486196))",-31.948705200000006,115.83600154999999
building_57,building_yes,W44038685,"POLYGON ((115.847946 -31.9494396, 115.8480697 -31.9494816, 115.847922 -31.9497981, 115.8477983 -31.9497561, 115.847946 -31.9494396))",-31.949618849999997,115.84793399999998
building_58,building_yes,W44038686,"POLYGON ((115.8476515 -31.9501055, 115.8477718 -31.9501463, 115.8476617 -31.950382, 115.8475415 -31.9503412, 115.8476515 -31.9501055))",-31.950243736322218,115.84765663282879
building_59,building_yes,W44038687,"POLYGON ((115.8478843 -31.9499412, 115.847968 -31.9499696, 115.8478195 -31.9502875, 115.8477358 -31.9502591, 115.8478843 -31.9499412))",-31.95011435,115.84785189999998
building_60,building_yes,W44038688,"POLYGON ((115.8480689 -31.9502657, 115.8482627 -31.9503315, 115.8481653 -31.9505401, 115.8479715 -31.9504743, 115.8480689 -31.9502657))",-31.950402899999997,115.84811710000002
building_61,building_yes,W44038689,"POLYGON ((115.8459115 -31.9494089, 115.8461602 -31.9494811, 115.8460185 -31.9498249, 115.8457689 -31.9497508, 115.8459115 -31.9494089))",-31.94961662346586,115.84596479177286
building_62,building_yes,W44038693,"POLYGON ((115.8455653 -31.9493809, 115.8456826 -31.949419, 115.8455716 -31.949662, 115.8454571 -31.9496244, 115.8455653 -31.9493809))",-31.949521118434163,115.84556937216695
building_63,building_yes,W44038703,"POLYGON ((115.8446226 -31.9490665, 115.8447958 -31.9491206, 115.8446524 -31.9494344, 115.844555 -31.9494024, 115.8445189 -31.9493056, 115.8446226 -31.9490665))",-31.949243727459816,115.8446459198943
building_64,building_yes,W44038711,"POLYGON ((115.8448171 -31.9487435, 115.8451169 -31.9488496, 115.8450767 -31.948932, 115.844777 -31.9488259, 115.8448171 -31.9487435))",-31.94883775128555,115.84494693510375
building_65,building_yes,W44038714,"POLYGON ((115.8434481 -31.947866, 115.8435265 -31.9478896, 115.8434621 -31.9480434, 115.8433837 -31.9480197, 115.8434481 -31.947866))",-31.947954682215396,115.84345510122705
building_66,building_yes,W44038715,"POLYGON ((115.8430146 -31.9485168, 115.843164 -31.9485675, 115.843026 -31.9488632, 115.8428766 -31.9488124, 115.8430146 -31.9485168))",-31.9486899828787,115.84302030053355
building_67,building_yes,W44038716,"POLYGON ((115.8427961 -31.9484484, 115.842937 -31.9484962, 115.8428228 -31.9487408, 115.8426819 -31.948693, 115.8427961 -31.9484484))",-31.94859459999999,115.84280945
building_68,building_yes,W44038717,"POLYGON ((115.8415941 -31.9464403, 115.8417544 -31.9464947, 115.8416932 -31.9466258, 115.841533 -31.9465714, 115.8415941 -31.9464403))",-31.946533045127843,115.84164368073046
building_69,building_yes,W44038718,"POLYGON ((115.8416943 -31.9467013, 115.8417781 -31.9467303, 115.8417103 -31.9468756, 115.8416265 -31.9468466, 115.8416943 -31.9467013))",-31.94678845,115.84170230000002
building_70,building_yes,W44038719,"POLYGON ((115.8407861 -31.9464854, 115.8410511 -31.9465754, 115.8410312 -31.9466179, 115.8407662 -31.9465279, 115.8407861 -31.9464854))",-31.946551650000004,115.84090864999999
building_71,building_yes,W44038720,"POLYGON ((115.8408424 -31.9463712, 115.8411275 -31.946468, 115.8410823 -31.9465646, 115.8407973 -31.9464678, 115.8408424 -31.9463712))",-31.946467900010102,115.84096238334587
building_72,building_yes,W44038721,"POLYGON ((115.840934 -31.9461622, 115.8411584 -31.9462384, 115.8411216 -31.9463172, 115.8408972 -31.946241, 115.840934 -31.9461622))",-31.9462397,115.84102779999999
building_73,building_yes,W44038722,"POLYGON ((115.8409833 -31.9460476, 115.8411843 -31.9461158, 115.8411389 -31.9462132, 115.8409379 -31.9461449, 115.8409833 -31.9460476))",-31.946130381668585,115.84106111409602
building_74,building_yes,W44038723,"POLYGON ((115.8418955 -31.9465045, 115.8419528 -31.9465225, 115.8419055 -31.9466304, 115.8418482 -31.9466123, 115.8418955 -31.9465045))",-31.94656743226939,115.84190050123931
building_75,building_yes,W44038724,"POLYGON ((115.8424102 -31.9466379, 115.8424908 -31.9466652, 115.8424358 -31.946783, 115.8423552 -31.9467556, 115.8424102 -31.9466379))",-31.94671043157931,115.84242300263104
building_76,building_yes,W44038726,"POLYGON ((115.8431511 -31.9468519, 115.8434516 -31.9469498, 115.8434139 -31.9470332, 115.8431133 -31.9469354, 115.8431511 -31.9468519))",-31.946942564814627,115.84328243982321
building_77,building_yes,W44038727,"POLYGON ((115.8436285 -31.9470971, 115.8438287 -31.9471605, 115.8437479 -31.9473442, 115.8437374 -31.9473409, 115.8437331 -31.9473507, 115.8437207 -31.9473468, 115.8437162 -31.9473571, 115.8436672 -31.9473416, 115.843672 -31.9473308, 115.843663 -31.947328, 115.8436683 -31.9473158, 115.8436311 -31.947304, 115.8436263 -31.9473148, 115.8436144 -31.947311, 115.8436096 -31.9473218, 115.8435617 -31.9473067, 115.8435662 -31.9472966, 115.8435557 -31.9472933, 115.8435602 -31.947283, 115.8435484 -31.9472793, 115.8436285 -31.9470971))",-31.947226321227774,115.84368593235612
building_78,building_yes,W44038728,"POLYGON ((115.8438972 -31.9468111, 115.8440031 -31.9468444, 115.8439527 -31.94696, 115.8438468 -31.9469267, 115.8438972 -31.9468111))",-31.94688555,115.84392494999999
building_79,building_yes,W44038730,"POLYGON ((115.8437924 -31.946718, 115.8439165 -31.9467581, 115.843829 -31.9469533, 115.8438049 -31.9469455, 115.8437983 -31.9469601, 115.8436983 -31.9469278, 115.8437924 -31.946718))",-31.946841396351378,115.84380732413946
building_80,building_yes,W44038731,"POLYGON ((115.8436659 -31.9467092, 115.8437394 -31.9467341, 115.8436307 -31.9469669, 115.8435572 -31.946942, 115.8436659 -31.9467092))",-31.94683805,115.84364830000001
building_81,building_residential,W44038733,"POLYGON ((115.8446379 -31.9447655, 115.8450668 -31.9449182, 115.8450406 -31.9449735, 115.8447734 -31.9448795, 115.8447933 -31.9450229, 115.8451241 -31.9449898, 115.8451569 -31.9452176, 115.8447189 -31.9452633, 115.8446379 -31.9447655))",-31.945055917000484,115.84488066434346
building_82,building_yes,W44038734,"POLYGON ((115.8426884 -31.9447032, 115.8428012 -31.9446966, 115.842812 -31.9448303, 115.8426991 -31.9448369, 115.8426884 -31.9447032))",-31.94476675980283,115.84275017619954
building_83,building_yes,W44038735,"POLYGON ((115.8421642 -31.944661, 115.8422472 -31.9446531, 115.8422748 -31.9448624, 115.8421919 -31.9448703, 115.8421642 -31.944661))",-31.944761679264122,115.8422195219461
building_84,building_yes,W44038736,"POLYGON ((115.8415782 -31.9444101, 115.8416754 -31.9444431, 115.8415954 -31.9446144, 115.8414982 -31.9445814, 115.8415782 -31.9444101))",-31.94451225,115.8415868
building_85,building_yes,W44038743,"POLYGON ((115.8404645 -31.9452793, 115.840746 -31.9453749, 115.8406915 -31.9454916, 115.8404099 -31.9453961, 115.8404645 -31.9452793))",-31.945385468704565,115.84057795102497
building_86,building_yes,W44038744,"POLYGON ((115.8403075 -31.9451778, 115.84038 -31.9452024, 115.8403185 -31.9453341, 115.8402461 -31.9453095, 115.8403075 -31.9451778))",-31.94525593737957,115.84031303244514
building_87,building_yes,W44038745,"POLYGON ((115.8396184 -31.9460815, 115.8396833 -31.9461026, 115.8396721 -31.9461274, 115.8396977 -31.9461358, 115.8396917 -31.946149, 115.8396986 -31.9461512, 115.8396443 -31.9462714, 115.8395957 -31.9462556, 115.8395926 -31.9462626, 115.8395438 -31.9462468, 115.8396184 -31.9460815))",-31.94618141843797,115.83962614335752
building_88,building_yes,W44038746,"POLYGON ((115.840113 -31.9462556, 115.8402204 -31.9462929, 115.8401408 -31.9464593, 115.8400336 -31.946422, 115.840113 -31.9462556))",-31.94635742894847,115.84012696379365
building_89,building_yes,W44038747,"POLYGON ((115.840243 -31.94884, 115.8403291 -31.9488692, 115.8402189 -31.9491051, 115.8401329 -31.9490759, 115.840243 -31.94884))",-31.9489725305816,115.84023098509863
building_90,building_yes,W44038748,"POLYGON ((115.8375262 -31.9496068, 115.8378392 -31.9497131, 115.8377906 -31.9498173, 115.8374775 -31.949711, 115.8375262 -31.9496068))",-31.949712049902523,115.83765836654423
building_91,building_yes,W44038749,"POLYGON ((115.8372842 -31.95023, 115.8375913 -31.9503343, 115.8375062 -31.9505166, 115.8371991 -31.9504123, 115.8372842 -31.95023))",-31.9503733,115.83739519999999
building_92,building_yes,W44038750,"POLYGON ((115.8373579 -31.9505371, 115.8375084 -31.9505883, 115.837445 -31.950724, 115.8372945 -31.9506729, 115.8373579 -31.9505371))",-31.95063056926054,115.83740144344173
building_93,building_yes,W44038751,"POLYGON ((115.8371954 -31.9507221, 115.8373945 -31.9507897, 115.8373447 -31.9508963, 115.8371456 -31.9508287, 115.8371954 -31.9507221))",-31.950809200000002,115.83727005000001
building_94,building_yes,W44038753,"POLYGON ((115.8370967 -31.9508691, 115.8372991 -31.9509378, 115.8372478 -31.9510478, 115.8370454 -31.9509791, 115.8370967 -31.9508691))",-31.950958449999998,115.83717225
building_95,building_yes,W44038754,"POLYGON ((115.8365271 -31.9507303, 115.836747 -31.9508049, 115.8367147 -31.950874, 115.8364948 -31.9507993, 115.8365271 -31.9507303))",-31.950802133830887,115.83662092240785
building_96,building_yes,W44038755,"POLYGON ((115.8366424 -31.9504518, 115.8368408 -31.9505191, 115.8367971 -31.9506128, 115.8365986 -31.9505454, 115.8366424 -31.9504518))",-31.95053228339746,115.8367197327428
building_97,building_yes,W44038756,"POLYGON ((115.8367175 -31.9503216, 115.836924 -31.9503917, 115.8368808 -31.9504841, 115.8366743 -31.950414, 115.8367175 -31.9503216))",-31.950402850000007,115.83679915000002
building_98,building_yes,W44038757,"POLYGON ((115.8367601 -31.9501559, 115.8369696 -31.950227, 115.8369215 -31.9503302, 115.8367119 -31.950259, 115.8367601 -31.9501559))",-31.950243033470702,115.83684078222704
building_99,building_yes,W44038758,"POLYGON ((115.836842 -31.95005, 115.8370364 -31.950116, 115.836988 -31.9502197, 115.8367936 -31.9501537, 115.836842 -31.95005))",-31.950134849999998,115.836915
building_100,building_yes,W44038759,"POLYGON ((115.8372806 -31.9496009, 115.8373998 -31.9496414, 115.8372748 -31.9499089, 115.8371556 -31.9498684, 115.8372806 -31.9496009))",-31.949754899999995,115.83727769999999
building_101,building_yes,W44038760,"POLYGON ((115.837172 -31.9495328, 115.8372766 -31.9495677, 115.83718 -31.9497765, 115.8370754 -31.9497417, 115.8371134 -31.9496595, 115.837172 -31.9495328))",-31.949654666666664,115.83717599690385
building_102,building_yes,W44038761,"POLYGON ((115.8370354 -31.9495246, 115.8371421 -31.9495608, 115.8370549 -31.9497475, 115.8369482 -31.9497113, 115.8370354 -31.9495246))",-31.949636050000006,115.83704515
building_103,building_yes,W44038762,"POLYGON ((115.8375474 -31.949039, 115.8376654 -31.9490791, 115.8375582 -31.9493087, 115.8374401 -31.9492686, 115.8375474 -31.949039))",-31.949173863561573,115.83755276720973
building_104,building_yes,W44038763,"POLYGON ((115.8373606 -31.9490088, 115.8374716 -31.9490465, 115.8373691 -31.9492661, 115.8372581 -31.9492284, 115.8373606 -31.9490088))",-31.94913745,115.83736485
building_105,building_yes,W44038764,"POLYGON ((115.8371892 -31.9489804, 115.8372893 -31.9490144, 115.8371831 -31.9492417, 115.8370831 -31.9492077, 115.8371841 -31.9489912, 115.8371892 -31.9489804))",-31.94911102104288,115.83718617508292
building_106,building_yes,W44038765,"POLYGON ((115.8368855 -31.9487824, 115.8372278 -31.9488973, 115.8371841 -31.9489912, 115.8371411 -31.9489751, 115.8370141 -31.9492199, 115.8367361 -31.9491256, 115.8368855 -31.9487824))",-31.948998261101117,115.83696578561903
building_107,building_yes,W44038766,"POLYGON ((115.8367229 -31.9487377, 115.8368139 -31.9487686, 115.8366619 -31.949094, 115.8365709 -31.9490631, 115.8367229 -31.9487377))",-31.948915850000006,115.8366924
building_108,building_yes,W44038767,"POLYGON ((115.8365084 -31.9486909, 115.8366411 -31.948736, 115.8365062 -31.9490249, 115.8363734 -31.9489798, 115.8365084 -31.9486909))",-31.948857915270285,115.8365072665661
building_109,building_yes,W44038769,"POLYGON ((115.8363292 -31.9486976, 115.8364433 -31.9487364, 115.8363326 -31.9489735, 115.8362184 -31.9489348, 115.8363292 -31.9486976))",-31.94883558139062,115.83633086664274
building_110,building_yes,W44038770,"POLYGON ((115.8370876 -31.9483878, 115.8372245 -31.9484343, 115.8371279 -31.9486412, 115.836991 -31.9485947, 115.8370876 -31.9483878))",-31.948514500000005,115.83710775
building_111,building_yes,W44038772,"POLYGON ((115.8369302 -31.948372, 115.8370638 -31.9484174, 115.8369831 -31.9485902, 115.8368495 -31.9485448, 115.8369302 -31.948372))",-31.948481100000002,115.83695664999999
building_112,building_yes,W44038775,"POLYGON ((115.8367826 -31.9482853, 115.8368838 -31.9483196, 115.8367363 -31.9486355, 115.8366351 -31.9486011, 115.8367826 -31.9482853))",-31.94846038626637,115.83675944740872
building_113,building_yes,W44038778,"POLYGON ((115.8386131 -31.9500308, 115.8388294 -31.9501042, 115.838786 -31.950197, 115.8385697 -31.9501236, 115.8386131 -31.9500308))",-31.950113899999998,115.83869955
building_114,building_yes,W44038779,"POLYGON ((115.8384939 -31.9501427, 115.8388049 -31.9502482, 115.8387027 -31.9504672, 115.8383917 -31.9503616, 115.8384939 -31.9501427))",-31.950304930831887,115.83859830911463
building_115,building_yes,W44038780,"POLYGON ((115.8384106 -31.9503965, 115.8386907 -31.9504916, 115.8386316 -31.9506183, 115.8383515 -31.9505231, 115.8384106 -31.9503965))",-31.950507381921767,115.83852111520007
building_116,building_yes,W44038781,"POLYGON ((115.8379096 -31.9502687, 115.8381331 -31.9503446, 115.8380899 -31.9504371, 115.8378664 -31.9503613, 115.8379096 -31.9502687))",-31.95035291771383,115.83799973327673
building_117,building_yes,W44038782,"POLYGON ((115.8378506 -31.9503988, 115.8381485 -31.9505, 115.8380998 -31.9506042, 115.8378019 -31.9505031, 115.8378506 -31.9503988))",-31.95050151684558,115.83797517999635
building_118,building_yes,W44038783,"POLYGON ((115.8377942 -31.9505177, 115.8380871 -31.9506172, 115.838026 -31.9507479, 115.8377331 -31.9506485, 115.8377942 -31.9505177))",-31.950632818029234,115.83791008458951
building_119,building_yes,W44038787,"POLYGON ((115.8391351 -31.9502083, 115.8391775 -31.9501922, 115.839389 -31.9502644, 115.8394036 -31.9503053, 115.8392844 -31.9505597, 115.8392413 -31.9505725, 115.8390324 -31.9505031, 115.8390181 -31.9504635, 115.8391351 -31.9502083))",-31.95038304333332,115.839210665028
building_120,building_yes,W44038788,"POLYGON ((115.8398294 -31.9504182, 115.8399623 -31.9504629, 115.8398287 -31.9507523, 115.8396957 -31.9507076, 115.8398294 -31.9504182))",-31.950585265327053,115.83982901663457
building_121,building_yes,W44038789,"POLYGON ((115.8388962 -31.9507224, 115.8391403 -31.9508043, 115.8390867 -31.9509203, 115.8388426 -31.9508384, 115.8388962 -31.9507224))",-31.950821350000005,115.83899145
building_122,building_yes,W44038790,"POLYGON ((115.8394111 -31.9508829, 115.8397079 -31.9509825, 115.8396576 -31.9510916, 115.8393607 -31.950992, 115.8394111 -31.9508829))",-31.950987250441756,115.83953431718844
building_123,building_yes,W44038791,"POLYGON ((115.8393286 -31.951026, 115.8396117 -31.9511211, 115.8395554 -31.951243, 115.8392723 -31.9511479, 115.8393286 -31.951026))",-31.9511345,115.839442
building_124,building_yes,W44038792,"POLYGON ((115.8391817 -31.9513647, 115.8394664 -31.9514603, 115.8393615 -31.9516873, 115.8390768 -31.9515917, 115.8391817 -31.9513647))",-31.951525999999998,115.8392716
building_125,building_yes,W44038794,"POLYGON ((115.8386559 -31.9511867, 115.8388913 -31.9512658, 115.8388441 -31.9513681, 115.8386086 -31.9512891, 115.8386559 -31.9511867))",-31.951277419245006,115.83874995205022
building_126,building_residential,W44038795,"POLYGON ((115.838736 -31.95103, 115.8391327 -31.9511574, 115.8390822 -31.9512708, 115.8386855 -31.9511434, 115.838736 -31.95103))",-31.951150400000003,115.8389091
building_127,building_yes,W44038796,"POLYGON ((115.8388015 -31.9508767, 115.8391183 -31.9509829, 115.8390637 -31.951101, 115.838747 -31.9509947, 115.8388015 -31.9508767))",-31.950988832225644,115.83893265152132
building_128,building_yes,W44038797,"POLYGON ((115.8377493 -31.9492168, 115.8380545 -31.9493205, 115.8379644 -31.9495134, 115.8376592 -31.9494097, 115.8377493 -31.9492168))",-31.949365100000005,115.83785685
building_129,building_yes,W44038798,"POLYGON ((115.8379696 -31.9487019, 115.8383 -31.9488141, 115.8381586 -31.949117, 115.8378281 -31.9490048, 115.8379696 -31.9487019))",-31.948909455688515,115.83806406925672
building_130,building_yes,W44038799,"POLYGON ((115.8399576 -31.9511674, 115.8402425 -31.9512641, 115.8401485 -31.9514654, 115.8398636 -31.9513687, 115.8399576 -31.9511674))",-31.951316400000003,115.84005305
building_131,building_yes,W44038800,"POLYGON ((115.8400114 -31.9510297, 115.8403073 -31.9511302, 115.8402621 -31.9512269, 115.8399662 -31.9511264, 115.8400114 -31.9510297))",-31.9511283,115.84013674999998
building_132,building_yes,W44038801,"POLYGON ((115.8400718 -31.9508871, 115.8402288 -31.9509404, 115.84018 -31.9510448, 115.8400231 -31.9509915, 115.8400718 -31.9508871))",-31.950965946462592,115.84012593090628
building_133,building_yes,W44038802,"POLYGON ((115.8406612 -31.9506835, 115.8407776 -31.950723, 115.8407158 -31.9508553, 115.8405994 -31.9508158, 115.8406612 -31.9506835))",-31.9507694,115.8406885
building_134,building_yes,W44038803,"POLYGON ((115.8405179 -31.9506165, 115.8405988 -31.9506439, 115.8404673 -31.9509255, 115.8403864 -31.950898, 115.8405179 -31.9506165))",-31.950770987393867,115.84049259660583
building_135,building_yes,W44038804,"POLYGON ((115.8402213 -31.9505222, 115.8403021 -31.9505496, 115.8401726 -31.9508268, 115.8400919 -31.9507994, 115.8402213 -31.9505222))",-31.950674475547423,115.84019698724286
building_136,building_yes,W44038806,"POLYGON ((115.8403322 -31.9505718, 115.8404362 -31.9506072, 115.8403411 -31.9508109, 115.840237 -31.9507756, 115.8403322 -31.9505718))",-31.95069138083498,115.84033661657365
building_137,building_yes,W44038807,"POLYGON ((115.8403233 -31.9522048, 115.840432 -31.9522417, 115.8403977 -31.9523152, 115.840289 -31.9522783, 115.8403233 -31.9522048))",-31.952260000000006,115.8403605
building_138,building_yes,W44038811,"POLYGON ((115.8408641 -31.9507836, 115.8410444 -31.9508448, 115.8409568 -31.9510323, 115.8407766 -31.9509711, 115.8408641 -31.9507836))",-31.950907943314846,115.84091048084152
building_139,building_yes,W44038812,"POLYGON ((115.8406722 -31.9509554, 115.8409676 -31.951057, 115.8409199 -31.951159, 115.8406246 -31.9510574, 115.8406722 -31.9509554))",-31.951057199980593,115.84079608330973
building_140,building_yes,W44038813,"POLYGON ((115.8406625 -31.9510817, 115.8408773 -31.9511546, 115.8408255 -31.9512656, 115.8406107 -31.9511926, 115.8406625 -31.9510817))",-31.951173631463902,115.84074401311555
building_141,building_yes,W44038814,"POLYGON ((115.8405855 -31.9512098, 115.8408213 -31.9512899, 115.8407679 -31.9514042, 115.8405321 -31.9513242, 115.8405855 -31.9512098))",-31.951307018335637,115.84067668592807
building_142,building_yes,W44038815,"POLYGON ((115.8405011 -31.9513182, 115.8407595 -31.9514059, 115.8407052 -31.9515221, 115.8404468 -31.9514344, 115.8405011 -31.9513182))",-31.95142015,115.84060314999999
building_143,building_yes,W44038816,"POLYGON ((115.8404516 -31.9514697, 115.8406841 -31.9515486, 115.8406341 -31.9516558, 115.8404016 -31.9515769, 115.8404516 -31.9514697))",-31.951562750000004,115.84054285
building_144,building_yes,W44038824,"POLYGON ((115.841665 -31.9522432, 115.8417896 -31.9522854, 115.8417318 -31.9524092, 115.8416072 -31.952367, 115.841665 -31.9522432))",-31.9523262,115.84169839999998
building_145,building_yes,W44038825,"POLYGON ((115.841964 -31.9522957, 115.842189 -31.9523721, 115.8421001 -31.9525623, 115.8418751 -31.9524859, 115.841964 -31.9522957))",-31.952429000000002,115.84203205
building_146,building_yes,W44038826,"POLYGON ((115.8426972 -31.9513398, 115.8428763 -31.9514006, 115.8426984 -31.9517815, 115.8425193 -31.9517207, 115.8426972 -31.9513398))",-31.95156065,115.84269780000001
building_147,building_yes,W44038827,"POLYGON ((115.8425104 -31.9517728, 115.8430138 -31.9519437, 115.8429015 -31.9521843, 115.842398 -31.9520134, 115.8425104 -31.9517728))",-31.951978551703217,115.84270591828545
building_148,building_yes,W44038828,"POLYGON ((115.8424097 -31.9520608, 115.8428895 -31.9522237, 115.8428494 -31.9523096, 115.8423696 -31.9521468, 115.8424097 -31.9520608))",-31.95218521076799,115.84262951012063
building_149,building_yes,W44038831,"POLYGON ((115.8423562 -31.9522227, 115.8428026 -31.9523743, 115.8426624 -31.9526746, 115.8425138 -31.9526245, 115.8425047 -31.9525834, 115.8424381 -31.9525605, 115.8423909 -31.9525784, 115.8422185 -31.9525211, 115.8423562 -31.9522227))",-31.95244490882399,115.84251169413444
building_150,building_yes,W44038832,"POLYGON ((115.8420622 -31.9519413, 115.8422277 -31.9519974, 115.8421591 -31.9521442, 115.8419936 -31.9520881, 115.8420622 -31.9519413))",-31.95204275,115.84211065000001
building_151,building_yes,W44038833,"POLYGON ((115.8413233 -31.9508668, 115.8415761 -31.9509526, 115.8414876 -31.951142, 115.8412348 -31.9510562, 115.8413233 -31.9508668))",-31.951004400000002,115.84140545
building_152,building_yes,W44038834,"POLYGON ((115.8416507 -31.9509813, 115.841769 -31.9510214, 115.84169 -31.9511881, 115.8415717 -31.951148, 115.8416507 -31.9509813))",-31.9510847,115.84167035000002
building_153,building_yes,W44038835,"POLYGON ((115.8417843 -31.9510931, 115.8418554 -31.9511173, 115.8417712 -31.9512974, 115.8417001 -31.9512733, 115.8417843 -31.9510931))",-31.95119526551926,115.84177775114227
building_154,building_yes,W44038836,"POLYGON ((115.841884 -31.9511572, 115.8420161 -31.9512021, 115.841884 -31.951485, 115.8417518 -31.9514402, 115.841884 -31.9511572))",-31.951321131681166,115.84188396666666
building_155,building_yes,W44038837,"POLYGON ((115.8412295 -31.9511254, 115.8414538 -31.9512015, 115.8414028 -31.9513108, 115.8411784 -31.9512346, 115.8412295 -31.9511254))",-31.95121808345087,115.84131613235544
building_156,building_yes,W44038838,"POLYGON ((115.8411901 -31.9513211, 115.8413856 -31.9513875, 115.8413281 -31.9515107, 115.8411326 -31.9514443, 115.8411901 -31.9513211))",-31.951415899999997,115.84125909999999
building_157,building_yes,W44038839,"POLYGON ((115.8412079 -31.9515372, 115.8414092 -31.9516056, 115.8413253 -31.9517853, 115.8411239 -31.951717, 115.8412079 -31.9515372))",-31.95166127475874,115.8412665626092
building_158,building_yes,W44038841,"POLYGON ((115.8422056 -31.9517934, 115.8423091 -31.9518286, 115.8422429 -31.9519703, 115.8421394 -31.9519351, 115.8422056 -31.9517934))",-31.95188185,115.84222425
building_159,building_yes,W44038842,"POLYGON ((115.842254 -31.9515961, 115.8424126 -31.9516499, 115.8423719 -31.9517369, 115.8422134 -31.9516831, 115.842254 -31.9515961))",-31.95166649756241,115.84231298129222
building_160,building_yes,W44038843,"POLYGON ((115.8422863 -31.9512177, 115.8424888 -31.9512824, 115.8425182 -31.9513458, 115.842433 -31.9515397, 115.8421831 -31.9514607, 115.8422863 -31.9512177))",-31.95138026204096,115.84235730011218
building_161,building_yes,W44038844,"POLYGON ((115.8420869 -31.9512156, 115.8422256 -31.9512627, 115.8420336 -31.9516738, 115.8418949 -31.9516267, 115.8420869 -31.9512156))",-31.951444699999996,115.84206025
building_162,building_yes,W44038845,"POLYGON ((115.8396911 -31.9496885, 115.8397994 -31.9497253, 115.8396496 -31.9500461, 115.8395413 -31.9500093, 115.8396911 -31.9496885))",-31.949867299999998,115.83967034999999
building_163,building_yes,W44038846,"POLYGON ((115.8398384 -31.9497272, 115.8399768 -31.9497738, 115.8398221 -31.9501043, 115.8396837 -31.9500577, 115.8398384 -31.9497272))",-31.94991575000001,115.83983024999999
building_164,building_yes,W44038847,"POLYGON ((115.8411779 -31.9500711, 115.8413558 -31.9501313, 115.8413101 -31.9502288, 115.8411321 -31.9501686, 115.8411779 -31.9500711))",-31.950149952438206,115.84124396871061
building_165,building_yes,W44038849,"POLYGON ((115.8411241 -31.9501725, 115.8413079 -31.9502346, 115.8412685 -31.9503184, 115.8410847 -31.9502562, 115.8411241 -31.9501725))",-31.950245431876542,115.84119631505351
building_166,building_yes,W44038850,"POLYGON ((115.8410838 -31.9502592, 115.8412634 -31.95032, 115.8412229 -31.950406, 115.8410433 -31.9503452, 115.8410838 -31.9502592))",-31.950332599999996,115.84115335000003
building_167,building_yes,W44038852,"POLYGON ((115.840982 -31.9503476, 115.841204 -31.9504229, 115.8411404 -31.9505593, 115.8409183 -31.9504839, 115.840982 -31.9503476))",-31.950453434105853,115.84106117971515
building_168,building_yes,W44038853,"POLYGON ((115.8408256 -31.9500788, 115.8409763 -31.95013, 115.8408269 -31.95045, 115.8406762 -31.9503988, 115.8408256 -31.9500788))",-31.950264400000002,115.84082625
building_169,building_yes,W44038854,"POLYGON ((115.8406438 -31.9499738, 115.8407867 -31.9500223, 115.840617 -31.9503859, 115.840474 -31.9503374, 115.8406438 -31.9499738))",-31.950179867972338,115.84063036549787
building_170,building_yes,W44038856,"POLYGON ((115.8404912 -31.9500626, 115.8405553 -31.9500842, 115.8404428 -31.9503245, 115.8403787 -31.9503029, 115.8404912 -31.9500626))",-31.95019355,115.840467
building_171,building_yes,W44038858,"POLYGON ((115.8403595 -31.9500616, 115.8404586 -31.950095, 115.8403737 -31.9502762, 115.8402746 -31.9502428, 115.8403595 -31.9500616))",-31.950168899999998,115.8403666
building_172,building_yes,W44038859,"POLYGON ((115.8402652 -31.9499112, 115.8403645 -31.9499446, 115.8402174 -31.9502588, 115.8401181 -31.9502254, 115.8402652 -31.9499112))",-31.950084999999998,115.8402413
building_173,building_yes,W44038860,"POLYGON ((115.8404556 -31.9494631, 115.8405844 -31.9495068, 115.840446 -31.9498032, 115.8403171 -31.9497595, 115.8404556 -31.9494631))",-31.949633166188327,115.8404507662097
building_174,building_yes,W44038862,"POLYGON ((115.8406097 -31.9494981, 115.8407285 -31.9495384, 115.8406393 -31.9497295, 115.8405205 -31.9496892, 115.8406097 -31.9494981))",-31.949613800000005,115.8406245
building_175,building_yes,W44038863,"POLYGON ((115.8408158 -31.9495521, 115.8409334 -31.949592, 115.8407928 -31.9498932, 115.8406752 -31.9498533, 115.8408158 -31.9495521))",-31.949722650000002,115.84080430000003
building_176,building_yes,W44038866,"POLYGON ((115.8409767 -31.9496377, 115.8410748 -31.949671, 115.8409731 -31.9498886, 115.8408751 -31.9498553, 115.8409767 -31.9496377))",-31.949763134412184,115.84097493355698
building_177,building_yes,W44038867,"POLYGON ((115.841121 -31.9496465, 115.8414956 -31.9497737, 115.8413727 -31.9500369, 115.8409981 -31.9499097, 115.841121 -31.9496465))",-31.9498417,115.84124684999999
building_178,building_yes,W44038868,"POLYGON ((115.8399033 -31.9492643, 115.8400941 -31.9493291, 115.8399468 -31.9496444, 115.839756 -31.9495797, 115.8399033 -31.9492643))",-31.94945436796989,115.83992504824175
building_179,building_yes,W44038870,"POLYGON ((115.8401359 -31.9493322, 115.8402844 -31.9493826, 115.8401307 -31.9497119, 115.8399821 -31.9496614, 115.8401359 -31.9493322))",-31.949522049114204,115.8401332662223
building_180,building_yes,W44038871,"POLYGON ((115.8403158 -31.9494112, 115.8404439 -31.9494546, 115.8402937 -31.9497762, 115.8401657 -31.9497327, 115.8403158 -31.9494112))",-31.94959366667304,115.84030478333294
building_181,building_yes,W44038872,"POLYGON ((115.841497 -31.9491218, 115.8417505 -31.9492076, 115.8417082 -31.9492977, 115.8414546 -31.9492118, 115.841497 -31.9491218))",-31.949209733286654,115.841602586622
building_182,building_yes,W44038875,"POLYGON ((115.8413542 -31.9492297, 115.8416904 -31.9493435, 115.8416477 -31.9494342, 115.8413115 -31.9493204, 115.8413542 -31.9492297))",-31.94933195,115.84150095
building_183,building_yes,W44038877,"POLYGON ((115.8413657 -31.9493686, 115.8416819 -31.9494745, 115.841651 -31.9495409, 115.8415745 -31.9495693, 115.841313 -31.9494806, 115.8413657 -31.9493686))",-31.949474703644924,115.84149320342632
building_184,building_yes,W44038879,"POLYGON ((115.8412177 -31.9490788, 115.8413278 -31.9491159, 115.8411945 -31.949401, 115.8410843 -31.9493639, 115.8412177 -31.9490788))",-31.94923991831804,115.84120606534766
building_185,building_yes,W44038881,"POLYGON ((115.841056 -31.949166, 115.8411393 -31.9491943, 115.8410745 -31.9493331, 115.8409912 -31.9493048, 115.841056 -31.949166))",-31.949249549999998,115.84106525
building_186,building_yes,W44038882,"POLYGON ((115.8409817 -31.9490125, 115.8410831 -31.949047, 115.84095 -31.949332, 115.8408486 -31.9492976, 115.8409817 -31.9490125))",-31.949172264689917,115.84096585184976
building_187,building_yes,W44038883,"POLYGON ((115.8406684 -31.9489162, 115.8409329 -31.949006, 115.8407961 -31.9492988, 115.8405316 -31.949209, 115.8406684 -31.9489162))",-31.9491075,115.84073225000002
building_188,building_yes,W44038884,"POLYGON ((115.8404123 -31.9488261, 115.8405659 -31.9488783, 115.8404285 -31.9491725, 115.8402749 -31.9491203, 115.8404123 -31.9488261))",-31.9489993,115.84042039999999
building_189,building_yes,W44038885,"POLYGON ((115.8400927 -31.9487769, 115.8402172 -31.9488196, 115.8401032 -31.9490552, 115.8399824 -31.9490131, 115.8400927 -31.9487769))",-31.948915660141836,115.84009916107851
building_190,building_yes,W44038886,"POLYGON ((115.8397216 -31.9488171, 115.8399444 -31.9488927, 115.8398826 -31.9490252, 115.8396597 -31.9489495, 115.8397216 -31.9488171))",-31.948921133985294,115.8398020800655
building_191,building_yes,W44038887,"POLYGON ((115.8390131 -31.9490016, 115.8392956 -31.9490975, 115.8391739 -31.9493581, 115.8388914 -31.9492622, 115.8390131 -31.9490016))",-31.949179850000004,115.83909349999999
building_192,building_yes,W44038889,"POLYGON ((115.8388871 -31.9493903, 115.8391024 -31.9494634, 115.8390448 -31.9495866, 115.8388296 -31.9495135, 115.8388871 -31.9493903))",-31.949488447332683,115.83896598119051
building_193,building_yes,W44038891,"POLYGON ((115.838886 -31.9495934, 115.839037 -31.9496447, 115.8389997 -31.9497247, 115.8388486 -31.9496734, 115.838886 -31.9495934))",-31.949659052243028,115.83894281860901
building_194,building_yes,W44038893,"POLYGON ((115.8387384 -31.9496601, 115.8389957 -31.9497475, 115.8389426 -31.9498612, 115.8386853 -31.9497739, 115.8387384 -31.9496601))",-31.949760667991615,115.8388404844218
building_195,building_yes,W44038894,"POLYGON ((115.8384243 -31.9492583, 115.8387011 -31.9493523, 115.8385287 -31.9497216, 115.8382519 -31.9496276, 115.8384243 -31.9492583))",-31.94948995,115.8384765
building_196,building_yes,W44038895,"POLYGON ((115.8396008 -31.9491526, 115.8398 -31.94922, 115.8397588 -31.9493076, 115.8395596 -31.9492402, 115.8396008 -31.9491526))",-31.949230099999998,115.83967979999998
building_197,building_yes,W44038896,"POLYGON ((115.8395085 -31.9492602, 115.8397093 -31.9493284, 115.8396666 -31.9494198, 115.8394658 -31.9493516, 115.8395085 -31.9492602))",-31.949340000000003,115.83958755
building_198,building_yes,W44038897,"POLYGON ((115.8394655 -31.9494093, 115.8396524 -31.9494727, 115.8396205 -31.9495409, 115.8394336 -31.9494775, 115.8394655 -31.9494093))",-31.9494751,115.83954299999998
building_199,building_yes,W44038898,"POLYGON ((115.8394248 -31.9495164, 115.8396168 -31.9495816, 115.839585 -31.9496496, 115.839393 -31.9495844, 115.8394248 -31.9495164))",-31.949582999999997,115.8395049
building_200,building_yes,W44038899,"POLYGON ((115.8393069 -31.9498012, 115.8394589 -31.9498527, 115.8394311 -31.9499118, 115.8392791 -31.9498603, 115.8393069 -31.9498012))",-31.9498565,115.839369
building_201,building_yes,W44038901,"POLYGON ((115.839242 -31.9498712, 115.8394176 -31.9499307, 115.8393759 -31.9500194, 115.8392003 -31.9499599, 115.839242 -31.9498712))",-31.9499453,115.83930895000002
building_202,building_yes,W44038902,"POLYGON ((115.8392339 -31.9487156, 115.8394306 -31.9487823, 115.8393884 -31.9488727, 115.8391917 -31.9488059, 115.8392339 -31.9487156))",-31.94879413185752,115.83931116493945
building_203,building_yes,W44038903,"POLYGON ((115.8392092 -31.9485351, 115.8395102 -31.9486275, 115.8394553 -31.9487564, 115.8391541 -31.9486625, 115.8392092 -31.9485351))",-31.948645478320458,115.83933243724053
building_204,building_yes,W44038905,"POLYGON ((115.8394019 -31.9484276, 115.8395744 -31.9484861, 115.8395224 -31.9485975, 115.8393499 -31.9485389, 115.8394019 -31.9484276))",-31.948512530950676,115.83946216013081
building_205,building_yes,W44038906,"POLYGON ((115.8388646 -31.9482477, 115.8391369 -31.9483402, 115.8390746 -31.9484736, 115.8388023 -31.9483811, 115.8388646 -31.9482477))",-31.948360649999998,115.8389696
building_206,building_yes,W44038907,"POLYGON ((115.8388062 -31.9484034, 115.839109 -31.9485062, 115.8389939 -31.9487526, 115.8386911 -31.9486498, 115.8388062 -31.9484034))",-31.948577999999998,115.83890004999998
building_207,building_yes,W44038908,"POLYGON ((115.8432462 -31.9491899, 115.8433599 -31.9492285, 115.8432764 -31.9494072, 115.8431628 -31.9493686, 115.8432462 -31.9491899))",-31.94929853921831,115.8432613318349
building_208,building_yes,W44038909,"POLYGON ((115.8436612 -31.9493073, 115.8437658 -31.9493428, 115.8436775 -31.9495318, 115.8435729 -31.9494963, 115.8436612 -31.9493073))",-31.949419550000002,115.84366934999998
building_209,building_yes,W44038910,"POLYGON ((115.8439297 -31.9494076, 115.8440283 -31.9494411, 115.843948 -31.949613, 115.8438494 -31.9495795, 115.8439297 -31.9494076))",-31.9495103,115.84393885000001
building_210,building_yes,W44038911,"POLYGON ((115.8429266 -31.9499837, 115.8431375 -31.9500553, 115.8430936 -31.9501493, 115.8428827 -31.9500777, 115.8429266 -31.9499837))",-31.950066499999995,115.8430101
building_211,building_yes,W44038912,"POLYGON ((115.8429848 -31.9498755, 115.8431758 -31.9499404, 115.843133 -31.9500321, 115.8429419 -31.9499673, 115.8429848 -31.9498755))",-31.949953820031215,115.84305885407805
building_212,building_yes,W44038913,"POLYGON ((115.8454781 -31.949955, 115.8455592 -31.9499807, 115.8454876 -31.9501455, 115.8454064 -31.9501199, 115.8454781 -31.949955))",-31.95005028191438,115.8454828165959
building_213,building_yes,W44038914,"POLYGON ((115.8373783 -31.9515462, 115.8375141 -31.95126, 115.8376508 -31.9513056, 115.8376873 -31.9514097, 115.8376258 -31.9515458, 115.8375209 -31.9515949, 115.8373783 -31.9515462))",-31.95143727401257,115.83754351895203
building_214,building_yes,W44038915,"POLYGON ((115.8373844 -31.9499401, 115.8376818 -31.9500395, 115.8376318 -31.9501472, 115.8376615 -31.9501572, 115.837599 -31.9502918, 115.8372719 -31.9501825, 115.8373844 -31.9499401))",-31.950116697925516,115.83748413166367
building_215,building_yes,W44038917,"POLYGON ((115.8455499 -31.9505135, 115.8457056 -31.9505625, 115.8456644 -31.9506576, 115.8457893 -31.9506963, 115.8456803 -31.9509509, 115.8453991 -31.9508616, 115.8455499 -31.9505135))",-31.950746150359805,115.84559658930966
building_216,building_yes,W44038918,"POLYGON ((115.8437415 -31.9479962, 115.8440481 -31.9481135, 115.8439384 -31.9483199, 115.8436318 -31.9482026, 115.8437415 -31.9479962))",-31.948158049999993,115.84383994999999
building_217,building_yes,W44038920,"POLYGON ((115.8400375 -31.9497927, 115.84022 -31.9498523, 115.8400678 -31.9502021, 115.8398787 -31.9501429, 115.8400375 -31.9497927))",-31.949998351691956,115.84005051056732
building_218,building_yes,W44038922,"POLYGON ((115.8472592 -31.949794, 115.8473382 -31.9498213, 115.8475489 -31.949895, 115.8473714 -31.950247, 115.8472421 -31.9502041, 115.8473136 -31.9500479, 115.8472256 -31.950018, 115.8472278 -31.9500031, 115.8472592 -31.949794))",-31.9500026589636,115.84736401075247
building_219,building_yes,W44038923,"POLYGON ((115.847643 -31.9500738, 115.8475463 -31.9502812, 115.8474704 -31.9502555, 115.8474581 -31.9502826, 115.847413 -31.9502678, 115.8475222 -31.9500328, 115.847643 -31.9500738))",-31.95016185510198,115.84753002930891
building_220,building_yes,W44038924,"POLYGON ((115.8470764 -31.9485848, 115.847205 -31.9486233, 115.8471529 -31.9487488, 115.8473408 -31.9488036, 115.8472542 -31.9490138, 115.8469371 -31.9489185, 115.8470764 -31.9485848))",-31.948823524922112,115.8471343487889
building_221,building_yes,W44038925,"POLYGON ((115.8474156 -31.9487162, 115.8475214 -31.9487488, 115.8475614 -31.9486531, 115.8477533 -31.9487106, 115.847567 -31.9491417, 115.8472713 -31.9490521, 115.8474156 -31.9487162))",-31.948898131663512,115.84751405332861
building_222,building_yes,W44038926,"POLYGON ((115.8456234 -31.9500473, 115.8457221 -31.9500785, 115.8456752 -31.9501863, 115.8455766 -31.9501551, 115.8456234 -31.9500473))",-31.95011679266477,115.84564933059978
building_223,building_yes,W44038927,"POLYGON ((115.8398605 -31.9514138, 115.8400661 -31.9514836, 115.8400195 -31.9515847, 115.8398139 -31.9515149, 115.8398605 -31.9514138))",-31.951499249999998,115.83994
building_224,building_yes,W44038928,"POLYGON ((115.8397208 -31.951672, 115.8399478 -31.951749, 115.8399075 -31.9518353, 115.8396805 -31.9517583, 115.8397208 -31.951672))",-31.95175365,115.83981415
building_225,building_yes,W44038929,"POLYGON ((115.8396451 -31.9517833, 115.8398698 -31.9518596, 115.8398292 -31.9519466, 115.8396044 -31.9518703, 115.8396451 -31.9517833))",-31.951864950642726,115.83973711739127
building_226,building_yes,W44038931,"POLYGON ((115.8377832 -31.9507095, 115.8380792 -31.9508088, 115.8380021 -31.9509738, 115.8379498 -31.9509564, 115.8378771 -31.9511148, 115.8376335 -31.9510332, 115.8377832 -31.9507095))",-31.950909198677067,115.83784827411709
building_227,building_yes,W44038932,"POLYGON ((115.8378649 -31.9490864, 115.8381091 -31.9491694, 115.8380554 -31.9492843, 115.8378112 -31.9492014, 115.8378649 -31.9490864))",-31.949185368228537,115.83796013546001
building_228,building_yes,W44038933,"POLYGON ((115.8400798 -31.9456153, 115.8401911 -31.9456539, 115.8400763 -31.9458943, 115.839965 -31.9458556, 115.8400798 -31.9456153))",-31.94575478352196,115.84007804978854
building_229,building_yes,W44038934,"POLYGON ((115.8407748 -31.9453539, 115.8409876 -31.9454262, 115.8409265 -31.9455572, 115.8407137 -31.9454849, 115.8407748 -31.9453539))",-31.945455550000002,115.84085065000001
building_230,building_yes,W44038935,"POLYGON ((115.8423355 -31.9455627, 115.8424632 -31.945606, 115.8424363 -31.9456636, 115.8423087 -31.9456202, 115.8423355 -31.9455627))",-31.945613130528724,115.84238594718167
building_231,building_yes,W44038936,"POLYGON ((115.84227 -31.9456422, 115.8423955 -31.9456849, 115.8423683 -31.9457431, 115.8422428 -31.9457005, 115.84227 -31.9456422))",-31.945692668175322,115.84231913523259
building_232,building_yes,W44038937,"POLYGON ((115.8418352 -31.9461205, 115.8419097 -31.9461458, 115.8417809 -31.9464217, 115.8417064 -31.9463964, 115.8418352 -31.9461205))",-31.946271099999993,115.84180805000001
building_233,building_yes,W44038938,"POLYGON ((115.8412683 -31.9466009, 115.8413623 -31.9466324, 115.8413075 -31.9467502, 115.8412135 -31.9467187, 115.8412683 -31.9466009))",-31.946675550000005,115.84128790000001
building_234,building_yes,W44038939,"POLYGON ((115.8422504 -31.9457504, 115.8424149 -31.9458062, 115.842352 -31.945941, 115.8421875 -31.9458851, 115.8422504 -31.9457504))",-31.945845680731935,115.84230120749753
building_235,building_yes,W44038940,"POLYGON ((115.8489142 -31.9487762, 115.8490425 -31.9488196, 115.849056 -31.9488527, 115.8490017 -31.9489681, 115.8488488 -31.9489163, 115.8489142 -31.9487762))",-31.94887270396917,115.84895667185343
building_236,building_yes,W44038941,"POLYGON ((115.8487717 -31.948737, 115.8489049 -31.9487828, 115.8488385 -31.9489199, 115.848705 -31.9488734, 115.8487717 -31.948737))",-31.94882833620707,115.84880504365937
building_237,building_yes,W44038942,"POLYGON ((115.8405332 -31.9470027, 115.8407933 -31.9470866, 115.8407676 -31.9471442, 115.8405077 -31.9470603, 115.8405332 -31.9470027))",-31.947073453622096,115.84065047266681
building_238,building_yes,W44038944,"POLYGON ((115.8405012 -31.9470651, 115.8407624 -31.9471494, 115.840738 -31.9472045, 115.8404767 -31.9471202, 115.8405012 -31.9470651))",-31.947134797938705,115.84061956316513
building_239,building_yes,W44038947,"POLYGON ((115.8476015 -31.9493176, 115.847922 -31.9494264, 115.8478161 -31.9496533, 115.8474955 -31.9495445, 115.847594 -31.9493337, 115.8476015 -31.9493176))",-31.949485456420728,115.84770877334937
building_240,building_yes,W44038948,"POLYGON ((115.8464564 -31.9507396, 115.8466181 -31.9507906, 115.8465696 -31.9509027, 115.8464079 -31.9508517, 115.8464564 -31.9507396))",-31.95082115,115.846513
building_241,building_yes,W44038951,"POLYGON ((115.8434942 -31.944793, 115.8437707 -31.9447634, 115.843843 -31.9452508, 115.8435666 -31.9452805, 115.8434942 -31.944793))",-31.94502191323572,115.84366861802089
building_242,building_yes,W44038952,"POLYGON ((115.8399094 -31.9460595, 115.8401201 -31.9461327, 115.8399987 -31.9463867, 115.8397881 -31.9463136, 115.8399094 -31.9460595))",-31.946223110918616,115.83995407721585
building_243,building_yes,W44038953,"POLYGON ((115.8448391 -31.9515796, 115.8450778 -31.9516569, 115.8450687 -31.9516772, 115.8451927 -31.9517145, 115.8452039 -31.9516866, 115.8454104 -31.9517472, 115.8453647 -31.9518502, 115.8453892 -31.9518592, 115.8453298 -31.9519998, 115.845263 -31.9519764, 115.8452836 -31.9519313, 115.8452267 -31.9519133, 115.84525 -31.9518625, 115.8452163 -31.9518524, 115.8451622 -31.9519729, 115.8450273 -31.9519305, 115.8450099 -31.9519702, 115.8448737 -31.9519266, 115.8448633 -31.9519416, 115.8447208 -31.951899, 115.8447858 -31.9517448, 115.8449278 -31.9517851, 115.8449424 -31.9517485, 115.8447894 -31.9516985, 115.8447963 -31.9516803, 115.8447753 -31.9516733, 115.8448082 -31.9515936, 115.844832 -31.9516006, 115.8448391 -31.9515796))",-31.951803142738385,115.84505568259982
building_244,building_yes,W44038954,"POLYGON ((115.846455 -31.9490018, 115.8465534 -31.9490349, 115.8465353 -31.9490736, 115.8465624 -31.9491278, 115.8466341 -31.9491482, 115.8466769 -31.949126, 115.8466994 -31.9490763, 115.8468162 -31.9491144, 115.8467358 -31.9492952, 115.8467675 -31.9493053, 115.8466659 -31.9495253, 115.8462442 -31.949391, 115.8463165 -31.9492223, 115.8463435 -31.9491653, 115.8463743 -31.9491813, 115.846455 -31.9490018))",-31.949278051171476,115.84653698537146
building_245,building_yes,W44038955,"POLYGON ((115.8462836 -31.9505519, 115.846415 -31.9502509, 115.8467134 -31.9503446, 115.8467566 -31.9504292, 115.8466525 -31.9506693, 115.8462836 -31.9505519))",-31.950461394482446,115.84652944421508
building_246,building_yes,W44038956,"POLYGON ((115.8418043 -31.949763, 115.8421462 -31.9498848, 115.8420813 -31.950016, 115.8417394 -31.9498942, 115.8418043 -31.949763))",-31.949889499999994,115.84194280000001
building_247,building_yes,W44038957,"POLYGON ((115.8414205 -31.9443401, 115.8415799 -31.9443935, 115.8415202 -31.9445233, 115.8414656 -31.9445045, 115.8414326 -31.9445751, 115.8413278 -31.9445395, 115.8414205 -31.9443401))",-31.94445543082219,115.84145087434881
building_248,building_yes,W44038960,"POLYGON ((115.8439098 -31.9512127, 115.8444268 -31.9513846, 115.8443464 -31.9515588, 115.8443111 -31.9515475, 115.8443055 -31.9515601, 115.8443399 -31.951571, 115.8442692 -31.951725, 115.8441609 -31.9516894, 115.8442758 -31.9514354, 115.8442384 -31.9514232, 115.844213 -31.951481, 115.8440602 -31.9514328, 115.8439671 -31.9516361, 115.8436423 -31.9515296, 115.8436732 -31.9514618, 115.8438854 -31.9515334, 115.8438986 -31.9515047, 115.8438696 -31.9514951, 115.8439169 -31.9513854, 115.8438597 -31.9513644, 115.8438687 -31.9513406, 115.8438061 -31.9513204, 115.8438419 -31.951239, 115.8438933 -31.9512566, 115.8439098 -31.9512127))",-31.95144597647696,115.844071412812
building_249,building_yes,W44038961,"POLYGON ((115.8446557 -31.9523783, 115.8446555 -31.9523962, 115.8447102 -31.9523967, 115.8447064 -31.9525263, 115.8446756 -31.9525257, 115.8446752 -31.9525411, 115.8446861 -31.9525524, 115.8446956 -31.9525672, 115.844695 -31.9525848, 115.8446897 -31.952595, 115.8446796 -31.9526038, 115.8446665 -31.9526123, 115.8446516 -31.9526186, 115.8446371 -31.952616, 115.8446229 -31.952611, 115.8446107 -31.9526062, 115.8443672 -31.9526054, 115.8443671 -31.9524832, 115.844326 -31.9524832, 115.8443241 -31.9523315, 115.844387 -31.9523309, 115.8443882 -31.9524914, 115.8444719 -31.9524915, 115.8444714 -31.9525352, 115.8445014 -31.9525355, 115.8445041 -31.9524644, 115.8444693 -31.9524634, 115.8444695 -31.9524068, 115.8445584 -31.9524062, 115.8445591 -31.9523766, 115.8446557 -31.9523783))",-31.95249368651545,115.84452982036906
building_250,building_yes,W44038962,"POLYGON ((115.8442069 -31.9530965, 115.8442076 -31.9533024, 115.8432835 -31.9533048, 115.8432827 -31.9530989, 115.843537 -31.9530982, 115.8442069 -31.9530965))",-31.953200638254465,115.84374516819554
building_251,building_yes,W44038963,"POLYGON ((115.8456877 -31.9481325, 115.8457749 -31.9481605, 115.8457026 -31.9483219, 115.84564 -31.9484617, 115.8455479 -31.948432, 115.8456877 -31.9481325))",-31.948298056533105,115.84566199304014
building_252,building_yes,W44038964,"POLYGON ((115.8383444 -31.9470339, 115.8384671 -31.947075, 115.8383283 -31.9473761, 115.8382077 -31.9473349, 115.8382318 -31.947284, 115.8383444 -31.9470339))",-31.94720457052683,115.83833733263498
building_253,building_yes,W44038965,"POLYGON ((115.8463968 -31.9508576, 115.846561 -31.9509096, 115.8465205 -31.951003, 115.8463561 -31.9509512, 115.8463968 -31.9508576))",-31.950930344013617,115.8464585640611
building_254,building_yes,W44038966,"POLYGON ((115.8462426 -31.9510709, 115.8465003 -31.9511523, 115.846464 -31.951236, 115.8462063 -31.9511546, 115.8462426 -31.9510709))",-31.95115345,115.8463533
building_255,building_yes,W44038967,"POLYGON ((115.8461538 -31.9488655, 115.8462778 -31.9489044, 115.8461318 -31.9492341, 115.8460089 -31.9491964, 115.8461538 -31.9488655))",-31.94904977325913,115.84614319213681
building_256,building_yes,W44038968,"POLYGON ((115.8439923 -31.9489928, 115.8441057 -31.9490313, 115.844022 -31.9492107, 115.8439085 -31.9491722, 115.8439923 -31.9489928))",-31.94910176085157,115.84400711814573
building_257,building_yes,W44038969,"POLYGON ((115.8438127 -31.9484345, 115.8441265 -31.948543, 115.843856 -31.9491235, 115.8435338 -31.9490154, 115.8438127 -31.9484345))",-31.948780132463828,115.84383161279005
building_258,building_yes,W44038970,"POLYGON ((115.8424267 -31.9482807, 115.8426231 -31.9483474, 115.8425289 -31.9485492, 115.8423325 -31.9484825, 115.8424267 -31.9482807))",-31.948414950000004,115.84247779999998
building_259,building_yes,W44038971,"POLYGON ((115.8411475 -31.9465415, 115.8412212 -31.9465665, 115.8411584 -31.9467011, 115.8410846 -31.946676, 115.8411475 -31.9465415))",-31.94662129513497,115.84115291861093
building_260,building_yes,W44038972,"POLYGON ((115.8407686 -31.946541, 115.8410329 -31.9466308, 115.8410158 -31.9466675, 115.8407514 -31.9465777, 115.8407686 -31.946541))",-31.946604245020666,115.84089215693629
building_261,building_yes,W44038973,"POLYGON ((115.840541 -31.9460015, 115.8406854 -31.9460517, 115.8406422 -31.9461418, 115.8404979 -31.9460918, 115.840541 -31.9460015))",-31.946071684700186,115.84059161027552
building_262,building_yes,W44038974,"POLYGON ((115.8440493 -31.9494477, 115.8441696 -31.9494885, 115.84409 -31.9496591, 115.8439696 -31.9496183, 115.8440493 -31.9494477))",-31.94955340961525,115.84406961851784
building_263,building_yes,W44038975,"POLYGON ((115.8446454 -31.9502467, 115.8447707 -31.9502841, 115.8446284 -31.9506169, 115.844502 -31.950578, 115.8446454 -31.9502467))",-31.95043177435295,115.84463651155052
building_264,building_yes,W44038977,"POLYGON ((115.8401572 -31.9451466, 115.8402651 -31.9451833, 115.8402065 -31.9453087, 115.8400987 -31.945272, 115.8401572 -31.9451466))",-31.945227642355164,115.84018188100829
building_265,building_yes,W44038978,"POLYGON ((115.8430237 -31.9491072, 115.8430957 -31.9491311, 115.8431167 -31.949191, 115.8430152 -31.9494198, 115.842897 -31.949382, 115.8430237 -31.9491072))",-31.9492676426959,115.84301479378719
building_266,building_yes,W44038980,"POLYGON ((115.8403014 -31.94782, 115.8403605 -31.947839, 115.8402725 -31.9480374, 115.8402133 -31.9480184, 115.8403014 -31.94782))",-31.947928724239667,115.84028691344437
building_267,building_yes,W44038981,"POLYGON ((115.8403942 -31.947779, 115.8405066 -31.9478142, 115.8404079 -31.948041, 115.8402936 -31.9480043, 115.8403942 -31.947779))",-31.94791000887305,115.84040044327567
building_268,building_yes,W44038982,"POLYGON ((115.8484529 -31.9482271, 115.8486157 -31.9482816, 115.8485285 -31.9484722, 115.8483009 -31.9483936, 115.8483664 -31.9482593, 115.8484529 -31.9482271))",-31.94834316522369,115.84846150151273
building_269,building_yes,W44038984,"POLYGON ((115.8397169 -31.9456018, 115.8398048 -31.9456771, 115.839633 -31.9458283, 115.8395443 -31.9457547, 115.8396394 -31.9456704, 115.8397169 -31.9456018))",-31.9457153357343,115.83967477738754
building_270,building_yes,W44038985,"POLYGON ((115.8394016 -31.9474815, 115.8395046 -31.9475135, 115.8394207 -31.9477134, 115.839314 -31.9476794, 115.8394016 -31.9474815))",-31.947597595215523,115.83940998353579
building_271,building_yes,W44038986,"POLYGON ((115.8456959 -31.948363, 115.8457878 -31.9483924, 115.8457349 -31.9485174, 115.8456407 -31.9484873, 115.8456959 -31.948363))",-31.9484402796364,115.84571471238655
building_272,building_yes,W44038987,"POLYGON ((115.8465248 -31.948374, 115.8468719 -31.9484918, 115.8468196 -31.9486038, 115.8464725 -31.948486, 115.8465248 -31.948374))",-31.9484889,115.84667219999999
building_273,building_yes,W44038988,"POLYGON ((115.8470942 -31.9477982, 115.8471697 -31.9478237, 115.8470709 -31.9480354, 115.8469954 -31.9480098, 115.8470942 -31.9477982))",-31.947916785286132,115.84708254817103
building_274,building_yes,W44038989,"POLYGON ((115.8467205 -31.9480753, 115.8470079 -31.9481728, 115.8469696 -31.9482547, 115.8466823 -31.9481572, 115.8467205 -31.9480753))",-31.948165000855436,115.84684508452114
building_275,building_yes,W44038990,"POLYGON ((115.8447793 -31.9491718, 115.8449063 -31.9492168, 115.8447799 -31.9494787, 115.8446524 -31.9494344, 115.8447793 -31.9491718))",-31.94932543816154,115.84477943324502
building_276,building_yes,W44038991,"POLYGON ((115.8409018 -31.9483806, 115.8409717 -31.9484041, 115.8409999 -31.9484693, 115.840812 -31.9488646, 115.8406946 -31.9488248, 115.8409018 -31.9483806))",-31.94862627909925,115.840854966489
building_277,building_yes,W44038992,"POLYGON ((115.84018 -31.9481786, 115.8403242 -31.9482275, 115.8402173 -31.9484564, 115.8400731 -31.9484074, 115.84018 -31.9481786))",-31.948317481870745,115.84019865204144
building_278,building_yes,W44038993,"POLYGON ((115.840334 -31.9482238, 115.8404262 -31.9482551, 115.8403305 -31.9484601, 115.8402382 -31.9484288, 115.840334 -31.9482238))",-31.948341965612602,115.84033221643541
building_279,building_yes,W44038994,"POLYGON ((115.8404405 -31.948255, 115.8405408 -31.948289, 115.840423 -31.9485426, 115.8403257 -31.9485101, 115.8404405 -31.948255))",-31.948398485083473,115.84043279958638
building_280,building_yes,W44038995,"POLYGON ((115.8406486 -31.9483216, 115.8407613 -31.9483599, 115.8406275 -31.9486497, 115.8405148 -31.9486115, 115.8406486 -31.9483216))",-31.948485665495806,115.84063805114711
building_281,building_yes,W44038996,"POLYGON ((115.8407673 -31.9483812, 115.8408663 -31.9484148, 115.8408079 -31.94854, 115.8407089 -31.9485064, 115.8407673 -31.9483812))",-31.948460599999997,115.84078760000001
building_282,building_yes,W44038997,"POLYGON ((115.84205 -31.9481261, 115.8421988 -31.9481781, 115.8421537 -31.9482709, 115.8420051 -31.9482193, 115.84205 -31.9481261))",-31.94819856932664,115.84210187082762
building_283,building_yes,W44038998,"POLYGON ((115.8423113 -31.9478095, 115.8424242 -31.947846, 115.8422699 -31.9481937, 115.842157 -31.9481572, 115.8423113 -31.9478095))",-31.948001600000012,115.84229060000001
building_284,building_yes,W44038999,"POLYGON ((115.8402128 -31.9477222, 115.8402845 -31.9475563, 115.8407768 -31.9477067, 115.8412937 -31.9478691, 115.8413165 -31.9478168, 115.8414324 -31.9478531, 115.8413581 -31.9480241, 115.8412356 -31.9483082, 115.8404049 -31.9480481, 115.8404079 -31.948041, 115.8405066 -31.9478142, 115.8403942 -31.947779, 115.8402128 -31.9477222))",-31.947938234187916,115.84085018115383
building_285,building_yes,W44039000,"POLYGON ((115.8405534 -31.9482837, 115.8406498 -31.9483164, 115.8405533 -31.948523, 115.840457 -31.9484903, 115.8405534 -31.9482837))",-31.948403334961483,115.84055338333962
building_286,building_yes,W44039001,"POLYGON ((115.8395056 -31.9479998, 115.8396014 -31.9480323, 115.8395622 -31.9481161, 115.8394664 -31.9480836, 115.8395056 -31.9479998))",-31.948057950000003,115.83953389999999
building_287,building_yes,W44039002,"POLYGON ((115.8394469 -31.9483818, 115.8395877 -31.9480814, 115.839759 -31.9481386, 115.8397656 -31.9482032, 115.8397135 -31.9483162, 115.8396768 -31.9483958, 115.83965 -31.9484503, 115.8394469 -31.9483818))",-31.948267368109047,115.8396168874466
building_288,building_yes,W44039003,"POLYGON ((115.8420848 -31.9484146, 115.8421637 -31.9484407, 115.8420826 -31.9486171, 115.8420067 -31.9485927, 115.8420848 -31.9484146))",-31.948515641099327,115.84208470842592
building_289,building_yes,W44039004,"POLYGON ((115.8420103 -31.9483939, 115.8420573 -31.9484088, 115.8419849 -31.9485807, 115.8419348 -31.9485648, 115.8420103 -31.9483939))",-31.948487963987752,115.84199643105661
building_290,building_yes,W44039005,"POLYGON ((115.8419298 -31.9482771, 115.8420443 -31.9483129, 115.8419299 -31.9485708, 115.8418162 -31.9485333, 115.8419298 -31.9482771))",-31.948423537783476,115.84193011671927
building_291,building_yes,W44039006,"POLYGON ((115.8417807 -31.9483866, 115.8418664 -31.948415, 115.8418139 -31.9485324, 115.8417282 -31.9485047, 115.8417807 -31.9483866))",-31.948459631689325,115.84179727685472
building_292,building_yes,W44039007,"POLYGON ((115.8416671 -31.9479362, 115.841782 -31.9479732, 115.8415847 -31.9484178, 115.8414698 -31.9483807, 115.8416671 -31.9479362))",-31.948176988125642,115.84162589632845
building_293,building_yes,W44039008,"POLYGON ((115.847574 -31.9479475, 115.8476897 -31.9479824, 115.8476121 -31.9481694, 115.8474964 -31.9481346, 115.847574 -31.9479475))",-31.948058468651528,115.84759304747915
building_294,building_yes,W44039009,"POLYGON ((115.8402422 -31.9478007, 115.8403006 -31.9478197, 115.8402126 -31.9480181, 115.8401541 -31.9479991, 115.8402422 -31.9478007))",-31.94790942449336,115.84022736333178
building_295,building_yes,W44039010,"POLYGON ((115.8386793 -31.9476898, 115.8387946 -31.9477119, 115.8387635 -31.9477611, 115.8388058 -31.9477673, 115.8387692 -31.9478073, 115.8386495 -31.9477782, 115.8386793 -31.9476898))",-31.947748967028158,115.83872439626018
building_296,building_yes,W44039011,"POLYGON ((115.8454111 -31.9493676, 115.8455295 -31.9494067, 115.8454087 -31.9496698, 115.8452912 -31.9496314, 115.8454111 -31.9493676))",-31.949518673279886,115.84541020206531
building_297,building_yes,W44039012,"POLYGON ((115.8430687 -31.9496426, 115.8433593 -31.9497413, 115.8433146 -31.9498369, 115.8430241 -31.9497383, 115.8430687 -31.9496426))",-31.9497397666266,115.84319166218981
building_298,building_yes,W44039013,"POLYGON ((115.8426647 -31.9489762, 115.8426169 -31.9490807, 115.8424688 -31.949032, 115.8424223 -31.9491325, 115.8421042 -31.9490249, 115.8421707 -31.9488802, 115.8422726 -31.9488419, 115.8426647 -31.9489762))",-31.94898434677365,115.84236382974363
building_299,building_yes,W44039014,"POLYGON ((115.842512 -31.9485586, 115.8426612 -31.9486092, 115.8425985 -31.9487435, 115.8424493 -31.9486928, 115.842512 -31.9485586))",-31.948651030736496,115.84255525658214
building_300,building_yes,W44039015,"POLYGON ((115.841468 -31.9480967, 115.8415622 -31.9481263, 115.8414486 -31.9483861, 115.8413545 -31.9483564, 115.841468 -31.9480967))",-31.948241364725014,115.84145833346348
building_301,building_yes,W44039016,"POLYGON ((115.8474651 -31.9479175, 115.8475429 -31.9479411, 115.847456 -31.9481509, 115.8473781 -31.9481275, 115.8474651 -31.9479175))",-31.948034251516354,115.84746051725736
building_302,building_yes,W44039017,"POLYGON ((115.8472634 -31.9481304, 115.8473543 -31.9481578, 115.8473203 -31.9482397, 115.8472295 -31.9482124, 115.8472634 -31.9481304))",-31.94818506381942,115.84729187317468
building_303,building_yes,W44039020,"POLYGON ((115.8405752 -31.9468923, 115.8408382 -31.946976, 115.8407907 -31.9470834, 115.8405277 -31.9469996, 115.8405752 -31.9468923))",-31.946987832017587,115.84068296731095
building_304,building_yes,W44039022,"POLYGON ((115.8439365 -31.945428, 115.8445181 -31.9453683, 115.8445478 -31.945576, 115.8445084 -31.9456013, 115.8444605 -31.9456244, 115.8444082 -31.9456454, 115.844349 -31.9456627, 115.8439754 -31.945701, 115.8439365 -31.945428))",-31.945531339991824,115.84423802989981
building_305,building_yes,W44039023,"POLYGON ((115.8437179 -31.9454347, 115.8438893 -31.9454162, 115.8439146 -31.9455851, 115.8438829 -31.9455885, 115.8438881 -31.9456231, 115.8439176 -31.9456199, 115.8439344 -31.9457325, 115.8437653 -31.9457508, 115.8437179 -31.9454347))",-31.94558261680236,115.84382527554091
building_306,building_yes,W44039024,"POLYGON ((115.8405071 -31.9448943, 115.8409448 -31.9450397, 115.8408507 -31.9452459, 115.8403524 -31.9450768, 115.8403863 -31.9450048, 115.8405071 -31.9448943))",-31.945064884729586,115.84065749360708
building_307,building_yes,W44039025,"POLYGON ((115.8420822 -31.9527148, 115.8425628 -31.9528599, 115.8426109 -31.9529109, 115.8425183 -31.9531037, 115.8424734 -31.9531113, 115.8424687 -31.9531742, 115.8422322 -31.9531611, 115.8422354 -31.9531199, 115.8420796 -31.9531128, 115.8420823 -31.953071, 115.8419266 -31.9530623, 115.8419863 -31.9529335, 115.8420259 -31.952934, 115.8420275 -31.9528329, 115.842067 -31.9528364, 115.8420822 -31.9527148))",-31.95296115844763,115.84227662665593
building_308,building_yes,W44039026,"POLYGON ((115.8430312 -31.9497699, 115.8432269 -31.9498364, 115.8431827 -31.949931, 115.842987 -31.9498646, 115.8430312 -31.9497699))",-31.94985046832567,115.84310693588664
building_309,building_yes,W44039027,"POLYGON ((115.8428844 -31.9490443, 115.843019 -31.9490899, 115.8428982 -31.9493486, 115.8427636 -31.949303, 115.8428844 -31.9490443))",-31.94919645,115.84289129999999
building_310,building_yes,W44039029,"POLYGON ((115.8428069 -31.9476493, 115.8432342 -31.9477886, 115.8431466 -31.9479822, 115.8427193 -31.947843, 115.8428069 -31.9476493))",-31.947815768288624,115.84297673464799
building_311,building_yes,W44039030,"POLYGON ((115.8453432 -31.9499129, 115.8454283 -31.9499397, 115.8453787 -31.9500539, 115.8452936 -31.9500271, 115.8453432 -31.9499129))",-31.9499834,115.84536094999999
building_312,building_yes,W44039032,"POLYGON ((115.8359275 -31.9502371, 115.8361004 -31.950291, 115.8359948 -31.9505393, 115.8359375 -31.9505217, 115.8359298 -31.9505781, 115.8359031 -31.9505687, 115.8359045 -31.9505537, 115.8358181 -31.9505246, 115.8358125 -31.9505366, 115.8357935 -31.9505339, 115.8359275 -31.9502371))",-31.950403236206512,115.83595003800829
building_313,building_yes,W44039033,"POLYGON ((115.83864 -31.9517301, 115.8388283 -31.9517932, 115.8387212 -31.9520251, 115.8385329 -31.9519618, 115.83864 -31.9517301))",-31.95187756214094,115.83868060792943
building_314,building_yes,W44039034,"POLYGON ((115.8363829 -31.9509084, 115.8368503 -31.9510695, 115.836721 -31.9513461, 115.8364933 -31.9512683, 115.8365277 -31.9511944, 115.8362857 -31.9511134, 115.8363829 -31.9509084))",-31.951117497461052,115.83657657981996
building_315,building_yes,W44039035,"POLYGON ((115.8372261 -31.948513, 115.8373609 -31.9485588, 115.8372664 -31.9487612, 115.8371316 -31.9487154, 115.8372261 -31.948513))",-31.948637100000003,115.83724625
building_316,building_yes,W44039036,"POLYGON ((115.8417166 -31.9460689, 115.8418009 -31.9460975, 115.8417202 -31.9462704, 115.8416359 -31.9462417, 115.8417166 -31.9460689))",-31.94616963307711,115.8417184002932
building_317,building_yes,W44039037,"POLYGON ((115.8402469 -31.9462989, 115.8403714 -31.9463422, 115.8402967 -31.9464987, 115.8401722 -31.9464555, 115.8402469 -31.9462989))",-31.946398818736075,115.84027179636165
building_318,building_yes,W44039038,"POLYGON ((115.8404386 -31.9462578, 115.8405668 -31.9463023, 115.8404898 -31.9464633, 115.8403616 -31.9464189, 115.8404386 -31.9462578))",-31.946360568733592,115.84046419636249
building_319,building_yes,W44039039,"POLYGON ((115.8435036 -31.9470789, 115.843571 -31.9471014, 115.8434985 -31.9472576, 115.8433885 -31.9472208, 115.8434421 -31.9471053, 115.8434847 -31.9471196, 115.8435036 -31.9470789))",-31.947168860131878,115.84348051819255
building_320,building_yes,W44039042,"POLYGON ((115.8438448 -31.9472276, 115.8438518 -31.9472258, 115.843864 -31.9471985, 115.8439305 -31.94722, 115.8439346 -31.9472109, 115.8439886 -31.9472284, 115.8439817 -31.9472438, 115.8439879 -31.9472457, 115.8439311 -31.9473724, 115.8439235 -31.94737, 115.8439127 -31.947394, 115.8438337 -31.9473685, 115.8438444 -31.9473447, 115.8437989 -31.94733, 115.8438448 -31.9472276))",-31.947291918248776,115.84389499564998
building_321,building_yes,W44039043,"POLYGON ((115.837324 -31.9476277, 115.8372803 -31.9477149, 115.8370804 -31.9476423, 115.8371241 -31.947555, 115.837324 -31.9476277))",-31.94763496758849,115.83720218461947
building_322,building_yes,W44039046,"POLYGON ((115.8400423 -31.9480964, 115.8401832 -31.9481443, 115.8399788 -31.948582, 115.8398379 -31.9485341, 115.8400423 -31.9480964))",-31.948339199999992,115.84001055
building_323,building_yes,W44039048,"POLYGON ((115.8435331 -31.9454438, 115.8437127 -31.9454253, 115.8437536 -31.94571, 115.8437526 -31.9457227, 115.8437466 -31.945735, 115.8437398 -31.9457444, 115.8437291 -31.9457529, 115.843626 -31.9457659, 115.8436077 -31.945763, 115.8435929 -31.9457554, 115.8435811 -31.9457441, 115.8435742 -31.9457306, 115.8435331 -31.9454438))",-31.945595010021023,115.84364593611414
building_324,building_yes,W44039049,"POLYGON ((115.8435712 -31.945292, 115.8436891 -31.9452843, 115.8437011 -31.9454172, 115.8435832 -31.9454249, 115.8435712 -31.945292))",-31.945354599999998,115.84363615000001
building_325,building_yes,W44039050,"POLYGON ((115.8406475 -31.9457545, 115.8408016 -31.9458079, 115.8407113 -31.945997, 115.8405572 -31.9459436, 115.8406475 -31.9457545))",-31.945875750000003,115.84067940000003
building_326,building_yes,W44039051,"POLYGON ((115.8420595 -31.9492834, 115.8424156 -31.9494039, 115.842363 -31.9495159, 115.8420069 -31.9493953, 115.8420595 -31.9492834))",-31.949399633804063,115.84221127237076
building_327,building_yes,W44039052,"POLYGON ((115.842676 -31.9489808, 115.8428731 -31.9490477, 115.8427234 -31.9493684, 115.8425262 -31.9493015, 115.842676 -31.9489808))",-31.94917461119233,115.8426996680354
building_328,building_yes,W44039053,"POLYGON ((115.8427375 -31.9494066, 115.8429537 -31.9494813, 115.8429052 -31.9495824, 115.8426887 -31.9495058, 115.8427375 -31.9494066))",-31.94949416191695,115.84282153164659
building_329,building_yes,W44039054,"POLYGON ((115.8432713 -31.9487195, 115.8433749 -31.9487547, 115.8433091 -31.9488956, 115.8432054 -31.9488604, 115.8432713 -31.9487195))",-31.948807559166344,115.84329016863423
building_330,building_yes,W44039055,"POLYGON ((115.845921 -31.9500763, 115.8460632 -31.9501205, 115.8458882 -31.9505301, 115.845746 -31.9504859, 115.845921 -31.9500763))",-31.950303200000004,115.84590460000001
building_331,building_yes,W44039056,"POLYGON ((115.8403855 -31.9456886, 115.8404978 -31.9457276, 115.8404171 -31.9458964, 115.8403049 -31.9458575, 115.8403855 -31.9456886))",-31.945792508034,115.84040132948607
building_332,building_yes,W44039057,"POLYGON ((115.8419565 -31.9461485, 115.8421298 -31.9462073, 115.8420403 -31.9463991, 115.841867 -31.9463403, 115.8419565 -31.9461485))",-31.9462738,115.84199840000001
building_333,building_yes,W44039060,"POLYGON ((115.8421567 -31.946216, 115.8422317 -31.9462414, 115.8421578 -31.9463998, 115.8420828 -31.9463743, 115.8421567 -31.946216))",-31.946307883244778,115.84215725009922
building_334,building_yes,W44039061,"POLYGON ((115.841723 -31.9481812, 115.84185 -31.9482222, 115.8417301 -31.9484926, 115.841603 -31.9484515, 115.841723 -31.9481812))",-31.948336898139505,115.84172651738426
building_335,building_yes,W44039062,"POLYGON ((115.8413581 -31.9480241, 115.841482 -31.9480625, 115.841468 -31.9480967, 115.8413545 -31.9483564, 115.8413325 -31.948409, 115.8412087 -31.9483706, 115.8412356 -31.9483082, 115.8413581 -31.9480241))",-31.94821627012567,115.84134544981679
building_336,building_yes,W44039063,"POLYGON ((115.8438057 -31.949344, 115.8439168 -31.9493817, 115.84382 -31.949589, 115.8437089 -31.9495513, 115.8438057 -31.949344))",-31.949466499999996,115.84381285000002
building_337,building_yes,W44039064,"POLYGON ((115.8429346 -31.9449672, 115.8432013 -31.9449516, 115.8432137 -31.9451054, 115.842947 -31.945121, 115.8429346 -31.9449672))",-31.945036299999998,115.84307415
building_338,building_yes,W44039065,"POLYGON ((115.8410443 -31.9447849, 115.8412867 -31.9448612, 115.8412358 -31.9449777, 115.8409934 -31.9449013, 115.8410443 -31.9447849))",-31.944881281340635,115.84114006457503
building_339,building_yes,W44039066,"POLYGON ((115.8451079 -31.9493143, 115.8452296 -31.9493574, 115.8451189 -31.9495848, 115.8449971 -31.9495417, 115.8451079 -31.9493143))",-31.949449562798904,115.84511336718714
building_340,building_yes,W44039067,"POLYGON ((115.8431306 -31.9495213, 115.8433931 -31.9496104, 115.8433455 -31.9497123, 115.843083 -31.9496232, 115.8431306 -31.9495213))",-31.949616799999998,115.84323805000001
building_341,building_yes,W44039068,"POLYGON ((115.8451893 -31.9498426, 115.8453019 -31.9498779, 115.8452063 -31.9500975, 115.8450937 -31.9500622, 115.8451893 -31.9498426))",-31.949970049999997,115.84519779999997
building_342,building_yes,W44039069,"POLYGON ((115.8369485 -31.9510591, 115.8370592 -31.9510966, 115.8369094 -31.9514174, 115.8367987 -31.9513798, 115.8369485 -31.9510591))",-31.951238235576746,115.83692894793643
building_343,building_yes,W44039070,"POLYGON ((115.8421388 -31.946894, 115.8422497 -31.9469281, 115.8421545 -31.9471474, 115.8420466 -31.9471137, 115.8421388 -31.946894))",-31.94702033780513,115.84214761929837
building_344,building_yes,W44039072,"POLYGON ((115.8440485 -31.9468487, 115.8442368 -31.9469126, 115.8441256 -31.9471508, 115.8439373 -31.9470869, 115.8440485 -31.9468487))",-31.94699975,115.84408704999998
building_345,building_yes,W44039073,"POLYGON ((115.8399487 -31.9455195, 115.8400668 -31.9455557, 115.8399627 -31.9458094, 115.8398312 -31.9457684, 115.8399487 -31.9455195))",-31.945665548601266,115.83995136365554
building_346,building_yes,W44039075,"POLYGON ((115.8430592 -31.9470206, 115.8431452 -31.9470494, 115.8431106 -31.947124, 115.8430245 -31.9470952, 115.8430592 -31.9470206))",-31.947072305320614,115.84308486931155
building_347,building_yes,W44039082,"POLYGON ((115.8435088 -31.9492607, 115.8436281 -31.9492972, 115.8435168 -31.9495479, 115.8434015 -31.9495129, 115.8435088 -31.9492607))",-31.94940393825108,115.8435141093292
building_348,building_yes,W44039088,"POLYGON ((115.8429567 -31.945143, 115.8432378 -31.9451266, 115.8432484 -31.9452584, 115.8429674 -31.9452748, 115.8429567 -31.945143))",-31.9452006961706,115.84310257365364
building_349,building_yes,W44039090,"POLYGON ((115.8481265 -31.948878, 115.8483638 -31.9489586, 115.8482187 -31.9492692, 115.8479815 -31.9491887, 115.8481265 -31.948878))",-31.949073609952027,115.84817262782272
building_350,building_yes,W44039091,"POLYGON ((115.8483956 -31.9489494, 115.8486072 -31.9490213, 115.8484676 -31.9493202, 115.848256 -31.9492484, 115.8483956 -31.9489494))",-31.949134818525906,115.84843159712477
building_351,building_yes,W44039092,"POLYGON ((115.8402 -31.9457126, 115.8403199 -31.9457542, 115.8401577 -31.9460939, 115.8400377 -31.9460522, 115.8402 -31.9457126))",-31.945903255480037,115.84017881236086
building_352,building_yes,W44039093,"POLYGON ((115.8430947 -31.9469371, 115.8431805 -31.9469649, 115.8431479 -31.9470374, 115.8430621 -31.9470096, 115.8430947 -31.9469371))",-31.94698725,115.84312130000002
building_353,building_yes,W44039095,"POLYGON ((115.84417 -31.9489233, 115.844399 -31.949001, 115.844279 -31.949258, 115.84405 -31.9491803, 115.84417 -31.9489233))",-31.94909065,115.84422449999998
building_354,building_yes,W44039096,"POLYGON ((115.8433799 -31.9492087, 115.8435078 -31.9492472, 115.843419 -31.9494557, 115.8432924 -31.9494178, 115.8433799 -31.9492087))",-31.9493321586555,115.8433998451286
building_355,building_yes,W44039098,"POLYGON ((115.8409839 -31.9470458, 115.8411216 -31.9470903, 115.8410662 -31.9472151, 115.8409285 -31.9471707, 115.8409839 -31.9470458))",-31.9471304694722,115.84102504326184
building_356,building_yes,W44039100,"POLYGON ((115.8411954 -31.9471137, 115.8413318 -31.9471577, 115.8412754 -31.947285, 115.8411389 -31.947241, 115.8411954 -31.9471137))",-31.947199355989287,115.84123536946376
building_357,building_yes,W44039102,"POLYGON ((115.8419021 -31.9473649, 115.8424915 -31.9475551, 115.842494 -31.9476566, 115.8424203 -31.9477192, 115.8423403 -31.9476898, 115.8423304 -31.9477092, 115.8420962 -31.9476332, 115.8421058 -31.9475914, 115.8420258 -31.9475579, 115.8420056 -31.9475769, 115.8419536 -31.9475579, 115.8419634 -31.9475367, 115.8418391 -31.9475108, 115.8419021 -31.9473649))",-31.947549033952683,115.84218490034557
building_358,building_yes,W44039103,"POLYGON ((115.8399551 -31.9470156, 115.8401961 -31.9470942, 115.8400736 -31.9473646, 115.8398326 -31.947286, 115.8399551 -31.9470156))",-31.9471901,115.84001435000002
building_359,building_yes,W44039105,"POLYGON ((115.8417348 -31.9444577, 115.8419886 -31.9445438, 115.841895 -31.9447442, 115.8416412 -31.944658, 115.8417348 -31.9444577))",-31.944600930745484,115.84181490787233
building_360,building_yes,W44039111,"POLYGON ((115.8449024 -31.9484978, 115.8451194 -31.9485747, 115.845016 -31.9487869, 115.844799 -31.94871, 115.8449024 -31.9484978))",-31.94864235,115.84495919999998
building_361,building_yes,W44039112,"POLYGON ((115.8408988 -31.9462653, 115.841164 -31.9463554, 115.841125 -31.9464389, 115.8408598 -31.9463488, 115.8408988 -31.9462653))",-31.9463521,115.84101190000001
building_362,building_yes,W44039114,"POLYGON ((115.8424436 -31.9462941, 115.842638 -31.9463601, 115.8425661 -31.9465141, 115.8423717 -31.9464481, 115.8424436 -31.9462941))",-31.9464041,115.84250484999998
building_363,building_yes,W44039115,"POLYGON ((115.8434658 -31.9505514, 115.8436211 -31.9506041, 115.8435761 -31.9507003, 115.8434209 -31.9506476, 115.8434658 -31.9505514))",-31.950625846880694,115.84352098102266
building_364,building_yes,W44039117,"POLYGON ((115.8430813 -31.9510074, 115.8434076 -31.9511182, 115.8433649 -31.9512096, 115.8433189 -31.9513082, 115.8429926 -31.9511974, 115.8430813 -31.9510074))",-31.951157797803987,115.84320009336739
building_365,building_yes,W44039119,"POLYGON ((115.8437648 -31.9499002, 115.8438957 -31.9499447, 115.8438509 -31.9500406, 115.84372 -31.9499962, 115.8437648 -31.9499002))",-31.949970419206064,115.84380784133648
building_366,building_yes,W44039121,"POLYGON ((115.8436536 -31.9500218, 115.8438471 -31.9500875, 115.8438028 -31.9501825, 115.8436092 -31.9501168, 115.8436536 -31.9500218))",-31.95010215184205,115.8437281683769
building_367,building_yes,W44039122,"POLYGON ((115.8448091 -31.9502753, 115.844927 -31.9503123, 115.8447676 -31.9506823, 115.8446497 -31.9506454, 115.8448091 -31.9502753))",-31.95047881434033,115.84478835193664
building_368,building_yes,W44039123,"POLYGON ((115.843043 -31.95061, 115.8435652 -31.9507862, 115.8435112 -31.9509032, 115.8433367 -31.9508444, 115.8432641 -31.9509987, 115.8429141 -31.950881, 115.843043 -31.95061))",-31.95080634315764,115.84320575766304
building_369,building_yes,W44039124,"POLYGON ((115.8438528 -31.9496553, 115.8440223 -31.9497117, 115.8439515 -31.9498634, 115.8435804 -31.9497344, 115.8436053 -31.9496829, 115.8438054 -31.9497529, 115.8438528 -31.9496553))",-31.94975443157481,115.84384174234971
building_370,building_yes,W44039125,"POLYGON ((115.8414741 -31.9460043, 115.8415709 -31.9460371, 115.8414773 -31.9462376, 115.8413805 -31.9462047, 115.8414741 -31.9460043))",-31.9461209331345,115.84147570022587
building_371,building_yes,W44039128,"POLYGON ((115.8419952 -31.9465173, 115.8420706 -31.946543, 115.8420098 -31.9466676, 115.8419363 -31.9466418, 115.8419952 -31.9465173))",-31.946592214798212,115.84200311372403
building_372,building_yes,W44039129,"POLYGON ((115.8411162 -31.9458295, 115.8412986 -31.9458906, 115.8412453 -31.9460047, 115.8410049 -31.9459231, 115.8410345 -31.9458599, 115.8411162 -31.9458295))",-31.945911313520416,115.84115646019639
building_373,building_yes,W44039132,"POLYGON ((115.8409116 -31.9447186, 115.8410084 -31.9447498, 115.8409391 -31.9448982, 115.8408446 -31.9448661, 115.8409116 -31.9447186))",-31.94480798980822,115.8409260997943
building_374,building_yes,W44039133,"POLYGON ((115.8405016 -31.9461346, 115.8406392 -31.9461825, 115.8406044 -31.9462553, 115.8404668 -31.9462075, 115.8405016 -31.9461346))",-31.946194968498823,115.84055298736548
building_375,building_yes,W44039134,"POLYGON ((115.841055 -31.9459485, 115.8412737 -31.9460227, 115.8412301 -31.9461161, 115.8410114 -31.9460419, 115.841055 -31.9459485))",-31.9460323,115.84114255000001
building_376,building_yes,W44039135,"POLYGON ((115.8435047 -31.9466558, 115.8436238 -31.9466944, 115.8435594 -31.9468373, 115.8434403 -31.9467987, 115.8435047 -31.9466558))",-31.946746549999997,115.84353205000001
building_377,building_yes,W44039136,"POLYGON ((115.8442743 -31.9469159, 115.8443733 -31.9469471, 115.8443052 -31.9471027, 115.8442061 -31.9470715, 115.8442743 -31.9469159))",-31.947009311041413,115.84428971849312
building_378,building_yes,W44039137,"POLYGON ((115.8440306 -31.9472372, 115.8440682 -31.9472494, 115.844071 -31.9472434, 115.8441416 -31.9472664, 115.8440612 -31.9474442, 115.8439529 -31.947409, 115.8440306 -31.9472372))",-31.947338848075237,115.84404721474887
building_379,building_yes,W44039139,"POLYGON ((115.8427776 -31.9502203, 115.8430698 -31.9503194, 115.8430288 -31.9504072, 115.8427367 -31.950308, 115.8427776 -31.9502203))",-31.950313734734838,115.84290325761758
building_380,building_yes,W44039140,"POLYGON ((115.8351008 -31.9500184, 115.8352007 -31.9500523, 115.835139 -31.9501842, 115.8350391 -31.9501503, 115.8351008 -31.9500184))",-31.9501013,115.83511990000001
building_381,building_yes,W44039141,"POLYGON ((115.8360495 -31.9498523, 115.836318 -31.9499434, 115.8362483 -31.9500925, 115.8359799 -31.9500014, 115.8360495 -31.9498523))",-31.949972397496357,115.83614893126122
building_382,building_yes,W44039144,"POLYGON ((115.835623 -31.9495914, 115.8359914 -31.9497165, 115.8359068 -31.9498976, 115.8355384 -31.9497726, 115.835623 -31.9495914))",-31.949744518382726,115.83576488614311
building_383,building_yes,W44039145,"POLYGON ((115.8354387 -31.9494531, 115.8355613 -31.9494948, 115.8354116 -31.9498152, 115.835289 -31.9497736, 115.8354387 -31.9494531))",-31.94963416528356,115.83542515135086
building_384,building_yes,W44039146,"POLYGON ((115.841009 -31.9523911, 115.8412017 -31.9524565, 115.8410505 -31.9527803, 115.8408578 -31.9527149, 115.841009 -31.9523911))",-31.952585700000004,115.84102974999999
building_385,building_yes,W44039148,"POLYGON ((115.8384744 -31.947078, 115.8385844 -31.9471126, 115.8384545 -31.9474053, 115.8383406 -31.9473689, 115.8384744 -31.947078))",-31.947242100470266,115.83846308613089
building_386,building_yes,W44039149,"POLYGON ((115.8393125 -31.9473474, 115.8394317 -31.947386, 115.839301 -31.9476779, 115.8391865 -31.9476418, 115.8393125 -31.9473474))",-31.947512202993504,115.83930836121706
building_387,building_yes,W44039150,"POLYGON ((115.8391805 -31.9473243, 115.8393041 -31.9473634, 115.8391808 -31.9476409, 115.8390599 -31.9476022, 115.8391805 -31.9473243))",-31.947482227086624,115.83918154952029
building_388,building_yes,W44039152,"POLYGON ((115.838803 -31.947233, 115.8390923 -31.94733, 115.8391619 -31.9473515, 115.8390528 -31.9475941, 115.8386906 -31.9474768, 115.838803 -31.947233))",-31.947414192920657,115.8389265245761
building_389,building_yes,W44039153,"POLYGON ((115.8386983 -31.9471971, 115.8387549 -31.9472161, 115.8388024 -31.947232, 115.8386899 -31.9474759, 115.8385857 -31.947441, 115.8386983 -31.9471971))",-31.947336521855956,115.83869406364529
building_390,building_yes,W44039154,"POLYGON ((115.8385877 -31.9471134, 115.838707 -31.9471512, 115.8385755 -31.9474461, 115.8384621 -31.9474097, 115.8385877 -31.9471134))",-31.94727889420544,115.8385836151609
building_391,building_yes,W44039155,"POLYGON ((115.8395479 -31.9474467, 115.8396652 -31.9474833, 115.8395329 -31.9477759, 115.839421 -31.9477395, 115.8395479 -31.9474467))",-31.947610340029872,115.83954224677872
building_392,building_yes,W44039156,"POLYGON ((115.8398394 -31.9478726, 115.8396041 -31.9477967, 115.8397304 -31.9475228, 115.8400214 -31.9476194, 115.8399235 -31.947839, 115.8398394 -31.9478726))",-31.94770470862339,115.83981208534968
building_393,building_yes,W44039157,"POLYGON ((115.8384974 -31.9476479, 115.8386536 -31.9477009, 115.8384968 -31.9480367, 115.8383405 -31.9479837, 115.8384974 -31.9476479))",-31.947842315074773,115.8384970666434
building_394,building_yes,W44039158,"POLYGON ((115.8381832 -31.9475318, 115.8383447 -31.9475848, 115.8381768 -31.9479677, 115.8380088 -31.9479147, 115.8381832 -31.9475318))",-31.94775082954945,115.8381778174831
building_395,building_yes,W44039159,"POLYGON ((115.8380406 -31.9474938, 115.8381719 -31.9475383, 115.8380766 -31.9477423, 115.8379453 -31.9476977, 115.8380406 -31.9474938))",-31.94761803179195,115.8380586021912
building_396,building_yes,W44039160,"POLYGON ((115.8378673 -31.9474352, 115.8380363 -31.9474926, 115.8378644 -31.9478607, 115.8376954 -31.9478033, 115.8378673 -31.9474352))",-31.947647949999997,115.83786585000003
building_397,building_yes,W44039162,"POLYGON ((115.8383577 -31.9475882, 115.8384927 -31.9476345, 115.8383922 -31.9478457, 115.8382671 -31.9478981, 115.8382388 -31.9478494, 115.8383577 -31.9475882))",-31.947741276300363,115.838361645162
building_398,building_yes,W44039163,"POLYGON ((115.8442096 -31.9472922, 115.8444693 -31.9473768, 115.8443784 -31.9475777, 115.8441187 -31.9474932, 115.8442096 -31.9472922))",-31.947434969401417,115.84429399176284
building_399,building_yes,W44039164,"POLYGON ((115.8433721 -31.9501592, 115.843732 -31.9502814, 115.8436374 -31.9504841, 115.8432774 -31.9503619, 115.8433721 -31.9501592))",-31.95032165257848,115.84350471877214
building_400,building_yes,W44039167,"POLYGON ((115.8428714 -31.9509409, 115.8430015 -31.9509851, 115.8429175 -31.9511651, 115.8427874 -31.9511209, 115.8428714 -31.9509409))",-31.951053,115.84289444999999
building_401,building_yes,W44039168,"POLYGON ((115.8416115 -31.9502525, 115.84213 -31.9504266, 115.8420855 -31.950522, 115.8418643 -31.9504477, 115.8418427 -31.9504939, 115.8415454 -31.9503941, 115.8416115 -31.9502525))",-31.95039455851445,115.84181726397436
building_402,building_yes,W44039170,"POLYGON ((115.8415227 -31.9504699, 115.8417767 -31.9505562, 115.8416874 -31.9507472, 115.8414335 -31.950661, 115.8415227 -31.9504699))",-31.95060856491736,115.84160507239532
building_403,building_yes,W44039171,"POLYGON ((115.8421356 -31.9491011, 115.8424626 -31.9492094, 115.8423976 -31.9493506, 115.8420692 -31.9492424, 115.8421356 -31.9491011))",-31.949225886004342,115.84226613613816
building_404,building_yes,W44039173,"POLYGON ((115.8420745 -31.9494869, 115.8424065 -31.9495991, 115.8422856 -31.9498566, 115.8419536 -31.9497444, 115.8420745 -31.9494869))",-31.94967175,115.84218005000001
building_405,building_yes,W44039174,"POLYGON ((115.8425886 -31.9479182, 115.8427999 -31.9479828, 115.8426568 -31.9483198, 115.8424456 -31.9482553, 115.8425886 -31.9479182))",-31.948119007254228,115.84262272890456
building_406,building_yes,W44039175,"POLYGON ((115.8433042 -31.9478107, 115.8433988 -31.9478429, 115.8432944 -31.9480642, 115.8431997 -31.948032, 115.8433042 -31.9478107))",-31.947937466432936,115.8432992660314
building_407,building_yes,W44039176,"POLYGON ((115.843548 -31.9478957, 115.8437052 -31.9479491, 115.8436292 -31.9481118, 115.843472 -31.9480584, 115.843548 -31.9478957))",-31.94800375,115.84358860000002
building_408,building_yes,W44039177,"POLYGON ((115.8440837 -31.9481515, 115.8443133 -31.948237, 115.8442202 -31.9484119, 115.8439926 -31.9483278, 115.8440837 -31.9481515))",-31.948281881308027,115.84415246708352
building_409,building_yes,W44039178,"POLYGON ((115.8443541 -31.948289, 115.8446884 -31.9484208, 115.844607 -31.9485734, 115.8442714 -31.9484471, 115.8443541 -31.948289))",-31.94843217828619,115.84447935632411
building_410,building_yes,W44039179,"POLYGON ((115.8442571 -31.9485035, 115.8445589 -31.9486059, 115.8444665 -31.9488038, 115.8441647 -31.9487014, 115.8442571 -31.9485035))",-31.94865365,115.84436179999996
building_411,building_yes,W44039180,"POLYGON ((115.8449206 -31.9471002, 115.8451729 -31.9471824, 115.8450856 -31.9473754, 115.8448333 -31.9472932, 115.8449206 -31.9471002))",-31.947237799999996,115.84500309999999
building_412,building_yes,W44039181,"POLYGON ((115.8448298 -31.9473555, 115.845062 -31.947431, 115.8449982 -31.9475723, 115.844766 -31.9474967, 115.8448298 -31.9473555))",-31.947463880882434,115.84491401104215
building_413,building_yes,W44039182,"POLYGON ((115.8447229 -31.9475544, 115.8449777 -31.9476409, 115.8449231 -31.9477579, 115.8446682 -31.9476714, 115.8447229 -31.9475544))",-31.947656151497277,115.84482296813968
building_414,building_yes,W44039183,"POLYGON ((115.8450716 -31.948095, 115.8452937 -31.9481695, 115.845279 -31.9482002, 115.8454586 -31.9482626, 115.8453997 -31.9483896, 115.8449999 -31.9482545, 115.8450716 -31.948095))",-31.94824484351424,115.84522260123101
building_415,building_yes,W44039184,"POLYGON ((115.8466417 -31.9481809, 115.8469495 -31.9482854, 115.8469139 -31.9483616, 115.8466061 -31.9482571, 115.8466417 -31.9481809))",-31.948271249999994,115.8467778
building_416,building_yes,W44039185,"POLYGON ((115.8466238 -31.9497175, 115.8466821 -31.9496708, 115.8467649 -31.9496653, 115.847046 -31.9497509, 115.8469408 -31.949988, 115.8468761 -31.9500363, 115.846794 -31.9500419, 115.8465206 -31.9499571, 115.8466238 -31.9497175))",-31.949853524572724,115.84678226888167
building_417,building_yes,W44039186,"POLYGON ((115.8462283 -31.9494449, 115.8466179 -31.949581, 115.8464279 -31.9499723, 115.8460383 -31.9498362, 115.8462283 -31.9494449))",-31.9497086,115.8463281
building_418,building_yes,W44039187,"POLYGON ((115.8456785 -31.9495123, 115.8457849 -31.9495498, 115.8457036 -31.9497163, 115.8455971 -31.9496788, 115.8456785 -31.9495123))",-31.949614310556182,115.8456910179655
building_419,building_yes,W44039188,"POLYGON ((115.8453351 -31.9491797, 115.8454415 -31.949214, 115.8452604 -31.9496161, 115.8451555 -31.9495821, 115.8453351 -31.9491797))",-31.949397523187315,115.84529833161754
building_420,building_yes,W44039189,"POLYGON ((115.844784 -31.9489482, 115.8450027 -31.9490256, 115.8449392 -31.949156, 115.8447205 -31.9490786, 115.844784 -31.9489482))",-31.949052100000003,115.84486159999997
building_421,building_yes,W44039190,"POLYGON ((115.8459976 -31.9488002, 115.8461204 -31.9488395, 115.845986 -31.9491417, 115.8458632 -31.9491024, 115.8459976 -31.9488002))",-31.948970950000003,115.84599180000001
building_422,building_yes,W44039191,"POLYGON ((115.845178 -31.9485297, 115.8453777 -31.9486004, 115.8453126 -31.9487341, 115.8451128 -31.9486634, 115.845178 -31.9485297))",-31.948631903427056,115.84524526892343
building_423,building_yes,W44039192,"POLYGON ((115.844015 -31.9504106, 115.8441463 -31.9501078, 115.8443118 -31.95016, 115.8441803 -31.9504628, 115.844015 -31.9504106))",-31.950285273961025,115.8441633641728
building_424,building_yes,W44039193,"POLYGON ((115.8443034 -31.9502133, 115.8445781 -31.9503001, 115.8445277 -31.9504163, 115.8442529 -31.9503296, 115.8443034 -31.9502133))",-31.95031481955917,115.84441550144724
building_425,building_yes,W44039194,"POLYGON ((115.8451342 -31.9503684, 115.8455182 -31.9504897, 115.8453725 -31.9508252, 115.8449884 -31.9507039, 115.8451342 -31.9503684))",-31.95059680556471,115.84525331956964
building_426,building_yes,W44039195,"POLYGON ((115.8458576 -31.9505708, 115.8460135 -31.9506207, 115.8458437 -31.9510069, 115.8456879 -31.9509571, 115.8458576 -31.9505708))",-31.950788848293282,115.84585068445017
building_427,building_yes,W44039196,"POLYGON ((115.8460092 -31.9506869, 115.8461561 -31.950734, 115.8460131 -31.9510593, 115.8458661 -31.9510123, 115.8460092 -31.9506869))",-31.95087313266761,115.8460111166597
building_428,building_yes,W44039197,"POLYGON ((115.8442518 -31.9503667, 115.8444085 -31.9504162, 115.8443664 -31.9505133, 115.8442097 -31.9504638, 115.8442518 -31.9503667))",-31.950440000000004,115.84430910000002
building_429,building_yes,W44039198,"POLYGON ((115.8457841 -31.9499859, 115.845935 -31.9500328, 115.8457466 -31.9504736, 115.8455957 -31.9504267, 115.8457841 -31.9499859))",-31.950229749999995,115.84576534999998
building_430,building_yes,W44039199,"POLYGON ((115.8448761 -31.9497691, 115.844953 -31.9497938, 115.8449029 -31.9499072, 115.8448262 -31.9498827, 115.8448761 -31.9497691))",-31.949838166754184,115.84488955698055
building_431,building_yes,W44039201,"POLYGON ((115.83671 -31.947932, 115.8370852 -31.9480593, 115.8370532 -31.9481278, 115.836678 -31.9480005, 115.83671 -31.947932))",-31.948029899999998,115.8368816
building_432,building_yes,W44039202,"POLYGON ((115.8372352 -31.9479062, 115.8374218 -31.9479695, 115.837314 -31.9482004, 115.8371274 -31.9481371, 115.8372352 -31.9479062))",-31.9480533,115.83727460000001
building_433,building_yes,W44039203,"POLYGON ((115.8382192 -31.9480664, 115.8385718 -31.9481861, 115.8385055 -31.9483282, 115.8381528 -31.9482085, 115.8382192 -31.9480664))",-31.948197300841798,115.83836231758724
building_434,building_yes,W44039204,"POLYGON ((115.8381215 -31.9482746, 115.8384856 -31.9483983, 115.8384074 -31.9485656, 115.8380434 -31.948442, 115.8381215 -31.9482746))",-31.948420116640357,115.83826446693291
building_435,building_yes,W44039205,"POLYGON ((115.8379949 -31.9480685, 115.8381056 -31.948106, 115.8379634 -31.9484105, 115.8378527 -31.948373, 115.8379949 -31.9480685))",-31.948239499999996,115.83797915
building_436,building_yes,W44039206,"POLYGON ((115.8343098 -31.9501929, 115.8345219 -31.9502607, 115.8343783 -31.9505841, 115.8342141 -31.9505325, 115.8341903 -31.9504588, 115.8342485 -31.9503251, 115.8342141 -31.9502828, 115.8343098 -31.9501929))",-31.950380907730857,115.83434247077783
building_437,building_yes,W44039207,"POLYGON ((115.8349305 -31.9504524, 115.8353388 -31.9505891, 115.8352594 -31.9507598, 115.8352359 -31.9507866, 115.8352011 -31.9508083, 115.8351662 -31.9508175, 115.8351216 -31.9508185, 115.8348089 -31.9507137, 115.8349305 -31.9504524))",-31.950647295743092,115.83507067931257
building_438,building_yes,W44039208,"POLYGON ((115.8359922 -31.9507881, 115.8361316 -31.9508344, 115.8360161 -31.9510873, 115.8358767 -31.951041, 115.8359922 -31.9507881))",-31.950937699999994,115.83600415000001
building_439,building_yes,W44039209,"POLYGON ((115.835621 -31.950682, 115.8357768 -31.9507349, 115.8356814 -31.9509392, 115.8355257 -31.9508863, 115.835621 -31.950682))",-31.950810591197296,115.83565123126613
building_440,building_yes,W44039210,"POLYGON ((115.8344803 -31.9503957, 115.8346141 -31.9503456, 115.8346629 -31.9504395, 115.8346108 -31.9505534, 115.834489 -31.9506001, 115.8344383 -31.950505, 115.8344803 -31.9503957))",-31.950472075148717,115.83454968317704
building_441,building_yes,W44039211,"POLYGON ((115.8354402 -31.9501367, 115.8355343 -31.950165, 115.8355412 -31.9502224, 115.8356237 -31.9502477, 115.8356771 -31.950216, 115.8358267 -31.950262, 115.8357246 -31.9505011, 115.8353422 -31.9503818, 115.8354402 -31.9501367))",-31.95032643101885,115.83558189553123
building_442,building_yes,W44039212,"POLYGON ((115.8352689 -31.9500618, 115.8353905 -31.9501031, 115.8353073 -31.9502812, 115.8351857 -31.9502399, 115.8352689 -31.9500618))",-31.9501715,115.83528809999997
building_443,building_yes,W44039213,"POLYGON ((115.8349597 -31.9499546, 115.8350648 -31.9499903, 115.8349801 -31.9501717, 115.834875 -31.950136, 115.8349597 -31.9499546))",-31.95006315,115.83496989999999
building_444,building_yes,W44039214,"POLYGON ((115.8347909 -31.9498826, 115.8348965 -31.9499185, 115.8347971 -31.9501312, 115.8346915 -31.9500954, 115.8347909 -31.9498826))",-31.95000691701779,115.83479399959309
building_445,building_yes,W44039215,"POLYGON ((115.836099 -31.9503114, 115.836348 -31.950387, 115.8362956 -31.9505114, 115.8362629 -31.9505273, 115.8362839 -31.9505577, 115.8362685 -31.9505654, 115.8362284 -31.9505588, 115.836218 -31.9505911, 115.83624 -31.9505965, 115.8362464 -31.950621, 115.8362217 -31.9506792, 115.8359691 -31.9505938, 115.8359948 -31.9505393, 115.836099 -31.9503114))",-31.950491721013286,115.83615773555235
building_446,building_yes,W44039216,"POLYGON ((115.83515 -31.9494629, 115.8352832 -31.9493555, 115.8353646 -31.9493832, 115.8353023 -31.9495151, 115.83515 -31.9494629))",-31.949435244726327,115.83527008739102
building_447,building_yes,W44039217,"POLYGON ((115.8391286 -31.9517649, 115.8393355 -31.9518343, 115.8391896 -31.9521502, 115.8389827 -31.9520806, 115.8391286 -31.9517649))",-31.951957513349125,115.83915910475204
building_448,building_yes,W44039218,"POLYGON ((115.8389475 -31.9516716, 115.8390772 -31.9517152, 115.8389072 -31.9520833, 115.8387775 -31.9520397, 115.8389475 -31.9516716))",-31.951877449999994,115.83892734999999
building_449,building_yes,W44039219,"POLYGON ((115.8402703 -31.9523432, 115.8403578 -31.9523729, 115.8402834 -31.9525323, 115.8401959 -31.9525026, 115.8402703 -31.9523432))",-31.95243775,115.84027685000001
building_450,building_yes,W44039220,"POLYGON ((115.8399822 -31.952146, 115.8402387 -31.9522331, 115.8401315 -31.9524627, 115.8398749 -31.9523757, 115.8399822 -31.952146))",-31.952304374780084,115.84005681263446
building_451,building_yes,W44039222,"POLYGON ((115.8398056 -31.9520491, 115.839938 -31.9520941, 115.8398083 -31.9523718, 115.8396759 -31.9523269, 115.8398056 -31.9520491))",-31.952210466789616,115.83980694986158
building_452,building_yes,W44039223,"POLYGON ((115.8395872 -31.9519756, 115.8397275 -31.9520232, 115.8396003 -31.9522955, 115.83946 -31.9522478, 115.8395872 -31.9519756))",-31.95213553277933,115.83959375065983
building_453,building_yes,W44039224,"POLYGON ((115.8417869 -31.9526652, 115.8419955 -31.952736, 115.8418563 -31.9530341, 115.8416477 -31.9529633, 115.8417869 -31.9526652))",-31.95284965,115.84182160000002
building_454,building_yes,W44039225,"POLYGON ((115.841558 -31.9525442, 115.8417583 -31.9526122, 115.8416028 -31.9529452, 115.8414025 -31.9528772, 115.841558 -31.9525442))",-31.952744699999997,115.84158040000001
building_455,building_yes,W44039226,"POLYGON ((115.8412041 -31.9526079, 115.841401 -31.9521843, 115.8414903 -31.9521535, 115.8415743 -31.9523286, 115.8413659 -31.9527743, 115.841285 -31.952799, 115.8412041 -31.9526079))",-31.952473532110915,115.84138740771584
building_456,building_yes,W44039240,"POLYGON ((115.8374536 -31.9485032, 115.8377984 -31.9486203, 115.83767 -31.9488953, 115.8373251 -31.9487783, 115.8374536 -31.9485032))",-31.94869927395778,115.83756176149231
building_457,building_yes,W44039248,"POLYGON ((115.8413868 -31.9471806, 115.8415366 -31.947229, 115.8414802 -31.9473561, 115.8413304 -31.9473078, 115.8413868 -31.9471806))",-31.947268369483453,115.84143349262919
building_458,building_yes,W44039253,"POLYGON ((115.8414386 -31.9465971, 115.8416655 -31.9466742, 115.8415876 -31.9468411, 115.8413606 -31.946764, 115.8414386 -31.9465971))",-31.946719104160444,115.84151306920725
building_459,building_yes,W44039254,"POLYGON ((115.8400082 -31.9468908, 115.8402743 -31.9469855, 115.8402215 -31.9470924, 115.8399554 -31.9469977, 115.8400082 -31.9468908))",-31.9469916,115.84011485000002
building_460,building_yes,W44039258,"POLYGON ((115.842969 -31.9453284, 115.8432552 -31.9453108, 115.8432734 -31.9455438, 115.8431774 -31.9455488, 115.8431661 -31.9454014, 115.8429746 -31.9454119, 115.842969 -31.9453284))",-31.945402652121075,115.84315406261959
building_461,building_yes,W44039265,"POLYGON ((115.8430479 -31.9455291, 115.8433142 -31.9456185, 115.8433256 -31.9457792, 115.8432951 -31.945846, 115.8429544 -31.9457318, 115.8430479 -31.9455291))",-31.945688119819184,115.8431578646526
building_462,building_yes,W44039272,"POLYGON ((115.8426955 -31.9453589, 115.842856 -31.9454121, 115.842952 -31.9455334, 115.8429119 -31.9456106, 115.8428442 -31.9456466, 115.8425994 -31.9455688, 115.8426955 -31.9453589))",-31.945512080354487,115.84277779455252
building_463,building_yes,W44039278,"POLYGON ((115.8430505 -31.9471165, 115.8432212 -31.9471737, 115.8431953 -31.9472294, 115.8430246 -31.9471722, 115.8430505 -31.9471165))",-31.947172949999995,115.84312289999997
building_464,building_yes,W44039279,"POLYGON ((115.8422852 -31.9470705, 115.8426676 -31.9472004, 115.8426259 -31.9472896, 115.8422435 -31.9471598, 115.8422852 -31.9470705))",-31.94718006375168,115.8424555195506
building_465,building_residential,W44039280,"POLYGON ((115.8425235 -31.9466791, 115.8428624 -31.9467902, 115.8427963 -31.9469353, 115.8424574 -31.9468241, 115.8425235 -31.9466791))",-31.946807181969447,115.84265991629428
building_466,building_yes,W44039282,"POLYGON ((115.8477357 -31.9480137, 115.8480178 -31.9480988, 115.8479548 -31.948251, 115.8476725 -31.9481659, 115.8477357 -31.9480137))",-31.948132355492074,115.84784518840418
building_467,building_yes,W44039283,"POLYGON ((115.848153 -31.9495447, 115.8487709 -31.9497411, 115.8485739 -31.9501764, 115.8481308 -31.9500321, 115.8480463 -31.950005, 115.8481029 -31.949878, 115.8480201 -31.9498519, 115.848153 -31.9495447))",-31.949857076690833,115.84837992429074
building_468,building_yes,W44039284,"POLYGON ((115.8483458 -31.9503059, 115.8485437 -31.9503731, 115.8484456 -31.9505832, 115.8482476 -31.950516, 115.8483458 -31.9503059))",-31.950444556853135,115.84839566913313
building_469,building_yes,W44039285,"POLYGON ((115.8395067 -31.9503276, 115.8397622 -31.9504134, 115.8396424 -31.9506728, 115.8393869 -31.950587, 115.8395067 -31.9503276))",-31.950500199999997,115.83957455000002
building_470,building_yes,W44039286,"POLYGON ((115.8416006 -31.9460408, 115.8416841 -31.9460692, 115.8416028 -31.9462433, 115.8415193 -31.946215, 115.8416006 -31.9460408))",-31.946142066825338,115.84160169982067
building_471,building_yes,W44039287,"POLYGON ((115.8462125 -31.9502181, 115.8463547 -31.9502623, 115.8462152 -31.9505909, 115.846073 -31.9505467, 115.8462125 -31.9502181))",-31.950404499999998,115.84621385
building_472,building_yes,W44052036,"POLYGON ((115.8460604 -31.9478029, 115.8464708 -31.9479447, 115.8464077 -31.9480798, 115.8459973 -31.947938, 115.8460604 -31.9478029))",-31.947941349999997,115.84623404999999
building_473,building_yes,W44052038,"POLYGON ((115.8462617 -31.9477251, 115.8463982 -31.9477715, 115.846349 -31.9478769, 115.8462125 -31.9478306, 115.8462617 -31.9477251))",-31.947801019245198,115.8463053418979
building_474,building_yes,W44052040,"POLYGON ((115.846199 -31.9474852, 115.8466108 -31.9476272, 115.846547 -31.9477639, 115.8461351 -31.9476219, 115.846199 -31.9474852))",-31.94762454981169,115.84637296643155
building_475,building_yes,W44052041,"POLYGON ((115.8393984 -31.9459679, 115.8395846 -31.9460288, 115.8395174 -31.946177, 115.8393312 -31.9461161, 115.8393984 -31.9459679))",-31.94607245,115.8394579
building_476,building_yes,W44052042,"POLYGON ((115.8375422 -31.9479474, 115.8376421 -31.9479297, 115.8377277 -31.947933, 115.8378087 -31.9479664, 115.8378564 -31.9480057, 115.8378752 -31.9480302, 115.837891 -31.9480633, 115.8378701 -31.9481056, 115.8378341 -31.9481531, 115.8377809 -31.9482013, 115.8376864 -31.9482475, 115.8375886 -31.9482608, 115.8375308 -31.9481794, 115.8375126 -31.9481029, 115.837519 -31.9480286, 115.8375422 -31.9479474))",-31.94808431622002,115.83768234982993
building_477,building_yes,W44052049,"POLYGON ((115.8393774 -31.9496029, 115.8395774 -31.9496705, 115.8395035 -31.949828, 115.8393035 -31.9497604, 115.8393774 -31.9496029))",-31.94971545,115.83944045
building_478,building_residential,W44052056,"POLYGON ((115.8428159 -31.9446466, 115.8431567 -31.9446036, 115.8431893 -31.9447894, 115.8428485 -31.9448324, 115.8428159 -31.9446466))",-31.944717999999995,115.8430026
building_479,building_residential,W44052057,"POLYGON ((115.8463377 -31.9460067, 115.8466763 -31.9459891, 115.8466871 -31.9461402, 115.8463485 -31.9461578, 115.8463377 -31.9460067))",-31.946073450000004,115.8465124
building_480,building_residential,W44052058,"POLYGON ((115.846047 -31.9458767, 115.8465704 -31.94584, 115.8465828 -31.9459673, 115.8460606 -31.9460066, 115.846047 -31.9458767))",-31.94592269661741,115.84631429434444
building_481,building_residential,W44052059,"POLYGON ((115.8460136 -31.9456385, 115.8463637 -31.9457519, 115.8463242 -31.9458397, 115.8461947 -31.9457978, 115.8461564 -31.945834, 115.8460825 -31.9458101, 115.8461072 -31.9457552, 115.8459797 -31.945714, 115.8460136 -31.9456385))",-31.945745805839167,115.84617134941304
building_482,building_residential,W44052061,"POLYGON ((115.845511 -31.9467621, 115.8455461 -31.9467679, 115.8455586 -31.9467129, 115.8456389 -31.946739, 115.8459564 -31.9469034, 115.8459131 -31.9470097, 115.845843 -31.9469885, 115.8458122 -31.9470145, 115.8456862 -31.9469698, 115.845701 -31.9469398, 115.8456636 -31.9469435, 115.8455933 -31.946919, 115.8455799 -31.9469467, 115.8454834 -31.9469178, 115.8454932 -31.9468832, 115.8454578 -31.946875, 115.845511 -31.9467621))",-31.946875072944447,115.84569870651023
building_483,building_residential,W44052063,"POLYGON ((115.8458104 -31.94612, 115.8462022 -31.946251, 115.8461145 -31.9464444, 115.845901 -31.9463747, 115.8458606 -31.9463475, 115.8458699 -31.9463191, 115.8458224 -31.9463074, 115.8458136 -31.9463333, 115.8457554 -31.9463196, 115.8457627 -31.9462966, 115.8457249 -31.9462852, 115.8457482 -31.9462296, 115.8457873 -31.9462408, 115.8457881 -31.9462145, 115.8457617 -31.9462082, 115.8457753 -31.9461778, 115.8458104 -31.94612))",-31.94628016897249,115.84596721312032
building_484,building_residential,W44052065,"POLYGON ((115.8462164 -31.9465512, 115.846427 -31.9466227, 115.8463814 -31.9467203, 115.8461708 -31.9466488, 115.8462164 -31.9465512))",-31.946635749999995,115.84629889999998
building_485,building_residential,W44052068,"POLYGON ((115.8462886 -31.9462738, 115.8465686 -31.9463685, 115.846515 -31.9464825, 115.846235 -31.9463878, 115.8462886 -31.9462738))",-31.946378149999994,115.8464018
building_486,building_residential,W44052070,"POLYGON ((115.8465864 -31.9464747, 115.8467141 -31.9465178, 115.8466575 -31.9466386, 115.8465298 -31.9465955, 115.8465864 -31.9464747))",-31.946556649999994,115.84662194999999
building_487,building_residential,W44052073,"POLYGON ((115.8464883 -31.9466256, 115.8466357 -31.9466755, 115.8466102 -31.9467298, 115.8464628 -31.9466799, 115.8464883 -31.9466256))",-31.946677699999995,115.84654924999998
building_488,building_residential,W44052074,"POLYGON ((115.846451 -31.9466992, 115.8466042 -31.9467509, 115.8465225 -31.9469253, 115.8463692 -31.9468736, 115.846451 -31.9466992))",-31.946812257468913,115.84648671902856
building_489,building_residential,W44052075,"POLYGON ((115.8423374 -31.9469327, 115.8427232 -31.9470637, 115.8426739 -31.9471693, 115.8422881 -31.9470384, 115.8423374 -31.9469327))",-31.947051015164078,115.84250562415912
building_490,building_residential,W44052076,"POLYGON ((115.8428099 -31.9464785, 115.8429585 -31.9465243, 115.842879 -31.9467187, 115.8428297 -31.9467045, 115.8428402 -31.9466781, 115.8427674 -31.9466569, 115.8427577 -31.9466809, 115.8427192 -31.946669, 115.8427363 -31.9466331, 115.8428099 -31.9464785))",-31.946593764933176,115.84284382485554
building_491,building_residential,W44052077,"POLYGON ((115.8426434 -31.9463805, 115.8428269 -31.9464398, 115.8428099 -31.9464785, 115.8427958 -31.9465105, 115.8427363 -31.9466331, 115.8425799 -31.9465801, 115.8426107 -31.9465159, 115.8425986 -31.9465018, 115.8426147 -31.9464645, 115.8426308 -31.946465, 115.8426418 -31.9464384, 115.8426211 -31.9464323, 115.8426434 -31.9463805))",-31.946505950145664,115.8426993989376
building_492,building_residential,W44052078,"POLYGON ((115.8423223 -31.9446541, 115.8426015 -31.9446296, 115.8426259 -31.9448298, 115.8423466 -31.9448542, 115.8423223 -31.9446541))",-31.944741929095454,115.84247408814294
building_493,building_yes,W44052080,"POLYGON ((115.84245 -31.9452127, 115.8426168 -31.9452675, 115.8424757 -31.9455768, 115.8423114 -31.9455219, 115.84245 -31.9452127))",-31.945394404596556,115.84246366130587
building_494,building_residential,W44052082,"POLYGON ((115.8420721 -31.9452705, 115.8422532 -31.9453303, 115.8421723 -31.9455035, 115.8419926 -31.9454436, 115.8420721 -31.9452705))",-31.945386895242066,115.84212263595104
building_495,building_yes,W44052083,"POLYGON ((115.8410261 -31.9449425, 115.8411847 -31.9449963, 115.8410421 -31.9453017, 115.8408836 -31.9452479, 115.8410261 -31.9449425))",-31.94512208657305,115.84103413273526
building_496,building_yes,W44052084,"POLYGON ((115.8404012 -31.9451925, 115.8404653 -31.9452143, 115.8403907 -31.945374, 115.8403266 -31.9453522, 115.8404012 -31.9451925))",-31.945283250000003,115.84039595
building_497,building_residential,W44052085,"POLYGON ((115.8452064 -31.9453431, 115.8453181 -31.9453327, 115.8453286 -31.9454133, 115.8455042 -31.9453947, 115.8454872 -31.9452806, 115.8454465 -31.9452782, 115.84543 -31.9451848, 115.8455267 -31.9451737, 115.8455228 -31.9451494, 115.8454673 -31.9451284, 115.8455058 -31.9450553, 115.8454654 -31.9450563, 115.8454265 -31.9451296, 115.8453952 -31.945124, 115.8453892 -31.9451482, 115.8453392 -31.9451307, 115.8453494 -31.9451061, 115.8452241 -31.9450686, 115.8452069 -31.9450918, 115.8451461 -31.9450618, 115.8451242 -31.9448929, 115.8456229 -31.9450581, 115.8456948 -31.9455184, 115.8452466 -31.9455796, 115.8452064 -31.9453431))",-31.945269442198533,115.84543661765237
building_498,building_yes,W44052087,"POLYGON ((115.8405038 -31.9451581, 115.8407777 -31.9452511, 115.8407292 -31.945355, 115.8404552 -31.945262, 115.8405038 -31.9451581))",-31.945256550542325,115.84061646728749
building_499,building_yes,W44052088,"POLYGON ((115.840819 -31.945255, 115.8410353 -31.9453284, 115.8409923 -31.9454206, 115.840776 -31.9453471, 115.840819 -31.945255))",-31.94533778216376,115.84090566621767
building_500,building_residential,W44052092,"POLYGON ((115.8417587 -31.9457547, 115.841735 -31.9457404, 115.8417405 -31.9457036, 115.8418051 -31.9456873, 115.8418313 -31.9456539, 115.8418536 -31.9456411, 115.8419073 -31.9456496, 115.8419297 -31.9456484, 115.8420031 -31.9456676, 115.8420384 -31.9456811, 115.8420681 -31.9457516, 115.8420442 -31.9457788, 115.8419683 -31.9457903, 115.8419246 -31.9457835, 115.8419026 -31.9457949, 115.8419144 -31.9458113, 115.8418495 -31.9458129, 115.8417899 -31.9458143, 115.8417587 -31.9457547))",-31.945730100734043,115.8418995830719
building_501,building_residential,W44052094,"POLYGON ((115.8466597 -31.9462946, 115.8467877 -31.9463378, 115.846722 -31.9464781, 115.8465939 -31.9464348, 115.8466597 -31.9462946))",-31.94638633804282,115.84669082392406
building_502,building_residential,W44052095,"POLYGON ((115.8467507 -31.9461013, 115.8468794 -31.9461459, 115.8468094 -31.9462913, 115.8466807 -31.9462467, 115.8467507 -31.9461013))",-31.946196299999993,115.84678004999998
building_503,building_residential,W44052096,"POLYGON ((115.8468241 -31.9459429, 115.8469521 -31.9459861, 115.8468901 -31.9461181, 115.8467621 -31.9460748, 115.8468241 -31.9459429))",-31.94603048084063,115.84685710533951
building_504,building_residential,W44052097,"POLYGON ((115.845996 -31.9469159, 115.8463091 -31.9470221, 115.8463341 -31.9470123, 115.8463815 -31.9469107, 115.8465361 -31.9469645, 115.8464483 -31.9471548, 115.8463395 -31.9471929, 115.8459323 -31.9470539, 115.845996 -31.9469159))",-31.947048207503503,115.8462507145422
building_505,building_residential,W44052101,"POLYGON ((115.8377203 -31.9473997, 115.8378265 -31.9474357, 115.8376814 -31.9477466, 115.8375751 -31.9477105, 115.8377203 -31.9473997))",-31.947573156424575,115.83770081220837
building_506,building_yes,W44052102,"POLYGON ((115.8390259 -31.947827, 115.839147 -31.9478681, 115.8390842 -31.9480026, 115.8389631 -31.9479615, 115.8390259 -31.947827))",-31.9479148,115.83905505000001
building_507,building_yes,W44052103,"POLYGON ((115.8389254 -31.9480246, 115.8390405 -31.9480636, 115.8389589 -31.9482384, 115.8388438 -31.9481993, 115.8389254 -31.9480246))",-31.948131481707467,115.8389421523567
building_508,building_residential,W44052106,"POLYGON ((115.8416053 -31.9490494, 115.841762 -31.9489494, 115.8417405 -31.9488277, 115.8414945 -31.948859, 115.8413205 -31.9488025, 115.8412417 -31.9489692, 115.8408803 -31.9488466, 115.8409166 -31.9487682, 115.8411925 -31.9488641, 115.84129 -31.9486571, 115.8410366 -31.9485719, 115.8410717 -31.9484968, 115.8414082 -31.9486108, 115.8413555 -31.948723, 115.8415084 -31.9487747, 115.8418146 -31.9487316, 115.8418635 -31.9489837, 115.8416637 -31.9491139, 115.8416053 -31.9490494))",-31.948804775379713,115.8414052165785
building_509,building_yes,W44052107,"POLYGON ((115.8477658 -31.9487403, 115.8479195 -31.9487871, 115.8477573 -31.9491747, 115.8476037 -31.9491279, 115.8477658 -31.9487403))",-31.94895748162595,115.84776158369286
building_510,building_residential,W44052108,"POLYGON ((115.8416241 -31.947587, 115.8418308 -31.9476572, 115.8417484 -31.9478337, 115.8415417 -31.9477635, 115.8416241 -31.947587))",-31.947710349999998,115.84168625
building_511,building_yes,W44052109,"POLYGON ((115.8418642 -31.9476651, 115.8419758 -31.947703, 115.8419464 -31.9477659, 115.8418348 -31.947728, 115.8418642 -31.9476651))",-31.947715500000008,115.84190530000004
building_512,building_yes,W44052111,"POLYGON ((115.8418537 -31.9479006, 115.8421775 -31.9480105, 115.8421295 -31.9481133, 115.8418057 -31.9480034, 115.8418537 -31.9479006))",-31.94800695,115.8419916
building_513,building_yes,W44052112,"POLYGON ((115.8420155 -31.9477072, 115.8422859 -31.9478009, 115.8422376 -31.9478989, 115.8419681 -31.9478035, 115.8420155 -31.9477072))",-31.9478027627906,115.8421271737739
building_514,building_residential,W44052113,"POLYGON ((115.8444183 -31.9469516, 115.8445465 -31.9469931, 115.844483 -31.9471344, 115.844447 -31.9471227, 115.8444554 -31.947104, 115.8444044 -31.9470875, 115.8443963 -31.9471056, 115.844355 -31.9470922, 115.8444183 -31.9469516))",-31.9470394469482,115.84445212787085
building_515,building_residential,W44052114,"POLYGON ((115.8445541 -31.9469869, 115.844704 -31.947036, 115.8446373 -31.9471827, 115.8445998 -31.9471704, 115.8446041 -31.9471608, 115.8445738 -31.9471509, 115.8445884 -31.9471187, 115.8445688 -31.9471123, 115.8445541 -31.9471447, 115.8445248 -31.9471351, 115.8445194 -31.9471471, 115.8444862 -31.9471363, 115.8445541 -31.9469869))",-31.947081139220476,115.8445972618382
building_516,building_residential,W44052115,"POLYGON ((115.8447089 -31.9470508, 115.8448216 -31.9470861, 115.8447618 -31.9472235, 115.8447196 -31.9472103, 115.844727 -31.9471932, 115.8446785 -31.947178, 115.8446721 -31.9471928, 115.8446501 -31.9471859, 115.8447089 -31.9470508))",-31.947133735633784,115.84473766639337
building_517,building_residential,W44052117,"POLYGON ((115.839179 -31.9478806, 115.8394925 -31.9479871, 115.8393651 -31.94826, 115.8390515 -31.9481535, 115.839179 -31.9478806))",-31.948070305306583,115.8392720192696
building_518,building_residential,W44052118,"POLYGON ((115.8434818 -31.948251, 115.8437788 -31.9483506, 115.8435389 -31.9488657, 115.8434249 -31.9488288, 115.8434805 -31.9487094, 115.8433012 -31.9486485, 115.8434818 -31.948251))",-31.948528860893216,115.84353609421123
building_519,building_yes,W44052119,"POLYGON ((115.8462809 -31.9509463, 115.8465368 -31.9510325, 115.8464986 -31.9511148, 115.8462428 -31.9510286, 115.8462809 -31.9509463))",-31.951030550224946,115.84638978362395
building_520,building_residential,W44052120,"POLYGON ((115.8449501 -31.949208, 115.8450994 -31.9492597, 115.844968 -31.9495354, 115.8448188 -31.9494837, 115.8449501 -31.949208))",-31.94937168725158,115.84495908263632
building_521,building_yes,W44052121,"POLYGON ((115.8427399 -31.9503169, 115.8430104 -31.9504087, 115.842951 -31.9505358, 115.8426805 -31.950444, 115.8427399 -31.9503169))",-31.950426349999997,115.84284545000001
building_522,building_residential,W44052122,"POLYGON ((115.8449753 -31.9503531, 115.8450749 -31.9503885, 115.844912 -31.9507051, 115.844818 -31.9506718, 115.8449753 -31.9503531))",-31.950528079577786,115.8449458260494
building_523,building_yes,W44052124,"POLYGON ((115.8425651 -31.9496246, 115.84282 -31.9497131, 115.8427437 -31.9498714, 115.8426447 -31.9498371, 115.8426735 -31.9497773, 115.8425176 -31.9497232, 115.8425651 -31.9496246))",-31.949738379842486,115.84267637700745
building_524,building_yes,W44052125,"POLYGON ((115.844331 -31.9497673, 115.8447424 -31.9499068, 115.8446107 -31.950189, 115.8441994 -31.9500495, 115.844331 -31.9497673))",-31.949978146270148,115.84447088085943
building_525,building_yes,W44052126,"POLYGON ((115.8460728 -31.9501271, 115.8462148 -31.9501716, 115.8461062 -31.9504235, 115.8459641 -31.9503791, 115.8460728 -31.9501271))",-31.950275330706383,115.84608946637066
building_526,building_yes,W44052127,"POLYGON ((115.8426729 -31.9504519, 115.843015 -31.9505673, 115.8429367 -31.9507362, 115.8425946 -31.9506209, 115.8426729 -31.9504519))",-31.950594068429815,115.84280478617113
building_527,building_residential,W44052128,"POLYGON ((115.8378619 -31.9513778, 115.8381354 -31.9514707, 115.8380067 -31.9517464, 115.8377331 -31.9516535, 115.8378619 -31.9513778))",-31.951562106426064,115.83793426919105
building_528,building_yes,W44052129,"POLYGON ((115.8364117 -31.9499028, 115.8365437 -31.9499476, 115.8364396 -31.9501706, 115.8363076 -31.9501258, 115.8364117 -31.9499028))",-31.9500367,115.83642564999998
building_529,building_residential,W44052130,"POLYGON ((115.838513 -31.9515051, 115.8388776 -31.9516269, 115.8388144 -31.9517663, 115.8386139 -31.9516991, 115.8385039 -31.9519394, 115.8383401 -31.9518848, 115.838513 -31.9515051))",-31.951703929443887,115.8385820269126
building_530,building_residential,W44052131,"POLYGON ((115.8406366 -31.9523612, 115.8408868 -31.9524461, 115.8407861 -31.9526617, 115.8405359 -31.9525768, 115.8406366 -31.9523612))",-31.952511449999996,115.84071134999999
building_531,building_yes,W44052132,"POLYGON ((115.8415536 -31.947254, 115.8416929 -31.9473013, 115.8418398 -31.9473512, 115.8417817 -31.9474756, 115.8416352 -31.9474259, 115.8414955 -31.9473785, 115.8415536 -31.947254))",-31.947364816631513,115.84166763467927
building_532,building_residential,W44052133,"POLYGON ((115.8468854 -31.9491026, 115.8472085 -31.9492143, 115.84711 -31.9494297, 115.8469747 -31.9493852, 115.8469866 -31.9492337, 115.8469127 -31.9492102, 115.8468985 -31.9492423, 115.846837 -31.9492242, 115.8468854 -31.9491026))",-31.949257120568568,115.847035990201
building_533,building_residential,W44052134,"POLYGON ((115.8392503 -31.9511877, 115.8395579 -31.9512909, 115.8395139 -31.9513861, 115.8392063 -31.9512828, 115.8392503 -31.9511877))",-31.95128688385958,115.83938212284299
building_534,building_residential,W44052135,"POLYGON ((115.8397694 -31.9515288, 115.8401292 -31.9516567, 115.8400848 -31.9517522, 115.8397218 -31.9516307, 115.8397694 -31.9515288))",-31.951641423634282,115.8399243254592
building_535,building_residential,W44052136,"POLYGON ((115.8408106 -31.9521204, 115.8411392 -31.952232, 115.8410745 -31.9523706, 115.8407458 -31.952259, 115.8408106 -31.9521204))",-31.95224550106665,115.84094251779172
building_536,building_yes,W44052138,"POLYGON ((115.8403897 -31.9515861, 115.8406349 -31.9516693, 115.8405781 -31.951791, 115.8403329 -31.9517078, 115.8403897 -31.9515861))",-31.95168855,115.8404839
building_537,building_yes,W44052139,"POLYGON ((115.8381584 -31.9498615, 115.8384311 -31.9499541, 115.8383346 -31.9501608, 115.8380619 -31.9500682, 115.8381584 -31.9498615))",-31.950011149999998,115.83824650000001
building_538,building_yes,W44052140,"POLYGON ((115.8385817 -31.9513271, 115.8389204 -31.9514408, 115.8388621 -31.9515672, 115.8385234 -31.9514534, 115.8385817 -31.9513271))",-31.951447132737663,115.83872191876846
building_539,building_yes,W44052142,"POLYGON ((115.838322 -31.9505393, 115.8385991 -31.9506324, 115.8385616 -31.9507145, 115.8383956 -31.950658, 115.8383475 -31.9507598, 115.8382366 -31.9507221, 115.838322 -31.9505393))",-31.950647869275627,115.83839984850708
building_540,building_yes,W44052143,"POLYGON ((115.8398302 -31.948578, 115.8401136 -31.9486765, 115.8400129 -31.9488935, 115.8397258 -31.9487976, 115.8398302 -31.948578))",-31.948736412773044,115.83992019859579
building_541,building_yes,W44052144,"POLYGON ((115.8357879 -31.9487022, 115.836003 -31.9487752, 115.8359483 -31.9488922, 115.8357332 -31.9488192, 115.8357879 -31.9487022))",-31.9487972,115.8358681
building_542,building_yes,W44052146,"POLYGON ((115.8373988 -31.9498845, 115.8374508 -31.9497736, 115.8377805 -31.949885, 115.8377285 -31.9499959, 115.8373988 -31.9498845))",-31.949884750000002,115.83758965
building_543,building_yes,W44052147,"POLYGON ((115.8366 -31.9505695, 115.8368308 -31.9506478, 115.8367838 -31.9507484, 115.8365531 -31.9506701, 115.8366 -31.9505695))",-31.950658948763625,115.83669193206309
building_544,building_yes,W44052148,"POLYGON ((115.836881 -31.9498742, 115.8370351 -31.9499266, 115.8369805 -31.9500436, 115.8368264 -31.9499913, 115.836881 -31.9498742))",-31.949958919234035,115.83693074171853
building_545,building_yes,W44052155,"POLYGON ((115.8360246 -31.948466, 115.8362977 -31.9485622, 115.8362428 -31.9486745, 115.8359697 -31.9485784, 115.8360246 -31.948466))",-31.948570267485792,115.83613368341518
building_546,building_yes,W44052156,"POLYGON ((115.8370995 -31.9499383, 115.8372245 -31.9499807, 115.8371715 -31.9500941, 115.8370465 -31.9500517, 115.8370995 -31.9499383))",-31.9500162,115.83713550000002
building_547,building_yes,W44121321,"POLYGON ((115.8453649 -31.9476244, 115.8455617 -31.9476914, 115.8454901 -31.947843, 115.8452933 -31.9477761, 115.8453649 -31.9476244))",-31.947733719217897,115.84542749191559
building_548,building_yes,W44121605,"POLYGON ((115.8445093 -31.9474274, 115.8444962 -31.9474593, 115.8444795 -31.9474544, 115.844459 -31.9475043, 115.8444693 -31.9475073, 115.8444547 -31.947543, 115.8444838 -31.9475516, 115.8444785 -31.9475646, 115.8445513 -31.9475861, 115.8445613 -31.9475619, 115.8445669 -31.9475636, 115.8446026 -31.9474765, 115.8445763 -31.9474687, 115.8445841 -31.9474495, 115.8445093 -31.9474274))",-31.947506254860187,115.8445273400061
building_549,building_yes,W44131040,"POLYGON ((115.8425478 -31.9432377, 115.8429039 -31.9433594, 115.8429492 -31.9432641, 115.8425931 -31.9431424, 115.8425478 -31.9432377))",-31.943250900000002,115.84274849999998
building_550,building_yes,W44163015,"POLYGON ((115.8458577 -31.9433797, 115.8459512 -31.9433681, 115.8459728 -31.9434938, 115.8458793 -31.9435054, 115.8458577 -31.9433797))",-31.94343675,115.84591524999999
building_551,building_yes,W44163016,"POLYGON ((115.8445083 -31.9436432, 115.84492 -31.9436049, 115.844943 -31.9437831, 115.8449561 -31.9438843, 115.8448678 -31.9438925, 115.8448612 -31.9438418, 115.844778 -31.9438496, 115.8444644 -31.9438788, 115.8444481 -31.9437527, 115.8445215 -31.9437458, 115.8445083 -31.9436432))",-31.943749931869686,115.84471610209764
building_552,building_yes,W44163017,"POLYGON ((115.8454321 -31.9435939, 115.8454726 -31.9438332, 115.8449604 -31.9438918, 115.8449287 -31.9436472, 115.8454321 -31.9435939))",-31.94374198174814,115.84519776076779
building_553,building_yes,W44163033,"POLYGON ((115.8438647 -31.9430962, 115.8442774 -31.9430539, 115.8443597 -31.9436334, 115.8439471 -31.9436756, 115.8438647 -31.9430962))",-31.943364761289263,115.84411222837836
building_554,building_yes,W44163042,"POLYGON ((115.8445634 -31.9435196, 115.8445798 -31.9436172, 115.8447469 -31.9435969, 115.8447304 -31.9434993, 115.8445634 -31.9435196))",-31.94355825456469,115.84465512750263
building_555,building_yes,W44163087,"POLYGON ((115.8435908 -31.9432971, 115.8435656 -31.9431064, 115.8437984 -31.9430843, 115.8438358 -31.9433677, 115.8437061 -31.94338, 115.8436939 -31.9432873, 115.8435908 -31.9432971))",-31.943219848225997,115.84370956118546
building_556,building_yes,W44163088,"POLYGON ((115.8432607 -31.9434874, 115.8435295 -31.9434565, 115.8435137 -31.9433579, 115.843245 -31.9433889, 115.8432607 -31.9434874))",-31.943422674655277,115.84338725028739
building_557,building_yes,W44163090,"POLYGON ((115.8460741 -31.9433845, 115.8460906 -31.9434861, 115.8461898 -31.9434745, 115.8461734 -31.9433729, 115.8460741 -31.9433845))",-31.943429491736918,115.84613197271067
building_558,building_yes,W44163091,"POLYGON ((115.8434691 -31.9426864, 115.8435849 -31.9426747, 115.8436139 -31.9428824, 115.8434981 -31.9428941, 115.8434691 -31.9426864))",-31.9427844,115.8435415
building_559,building_yes,W44163092,"POLYGON ((115.8426976 -31.9430851, 115.8429477 -31.9431729, 115.8429108 -31.9432486, 115.8426607 -31.9431608, 115.8426976 -31.9430851))",-31.943166850000008,115.8428042
building_560,building_yes,W44164465,"POLYGON ((115.8435702 -31.9431719, 115.8435928 -31.9433263, 115.8432452 -31.9433629, 115.8432226 -31.9432085, 115.8435702 -31.9431719))",-31.943267400000003,115.8434077
building_561,building_yes,W44164466,"POLYGON ((115.8447387 -31.9434902, 115.8447568 -31.9435953, 115.8449238 -31.9435746, 115.8449057 -31.9434695, 115.8447387 -31.9434902))",-31.9435324,115.84483125
building_562,building_yes,W44164467,"POLYGON ((115.844916 -31.9434897, 115.8449308 -31.9435858, 115.8450997 -31.9435672, 115.845085 -31.943471, 115.844916 -31.9434897))",-31.943528418207002,115.84500788698442
building_563,building_yes,W44164512,"POLYGON ((115.8452869 -31.9443142, 115.845531 -31.9442921, 115.8454805 -31.94389, 115.8452291 -31.9439135, 115.8452869 -31.9443142))",-31.94410144788429,115.84538177726607
building_564,building_yes,W44173343,"POLYGON ((115.8461478 -31.9517805, 115.8462208 -31.9518057, 115.8462392 -31.9517673, 115.8461662 -31.9517421, 115.8461478 -31.9517805))",-31.9517739,115.84619350000001
building_565,building_yes,W44173344,"POLYGON ((115.845344 -31.9520995, 115.8454152 -31.9521214, 115.8454755 -31.9519799, 115.8454056 -31.9519588, 115.845344 -31.9520995))",-31.952040146889004,115.8454099851792
building_566,building_residential,W44173540,"POLYGON ((115.8413074 -31.9452242, 115.84152 -31.9452917, 115.8413893 -31.9455883, 115.8411766 -31.9455208, 115.8413074 -31.9452242))",-31.945406259668296,115.84134831884144
building_567,building_yes,W44173541,"POLYGON ((115.8429896 -31.945813, 115.8428609 -31.946109, 115.8431269 -31.9461946, 115.8432555 -31.9458952, 115.8429896 -31.945813))",-31.946003148443452,115.84305839001034
building_568,building_yes,W44173545,"POLYGON ((115.8452964 -31.9522171, 115.8453612 -31.9522379, 115.8453716 -31.9522145, 115.8453896 -31.9521699, 115.8453256 -31.9521506, 115.8452964 -31.9522171))",-31.952194071214375,115.84534337425895
building_569,building_yes,W44173557,"POLYGON ((115.8450099 -31.9519702, 115.8451444 -31.952013, 115.8451622 -31.9519729, 115.8450273 -31.9519305, 115.8450099 -31.9519702))",-31.95197168626657,115.84508608212305
building_570,building_yes,W44173789,"POLYGON ((115.8354224 -31.9505823, 115.8355912 -31.9506374, 115.835463 -31.9509202, 115.8352942 -31.9508651, 115.8354224 -31.9505823))",-31.950751249999996,115.8354427
building_571,building_yes,W44174552,"POLYGON ((115.8424979 -31.945161, 115.8425497 -31.945044, 115.8426986 -31.9450287, 115.8427277 -31.9452343, 115.8424979 -31.945161))",-31.945124249221145,115.84262542011578
building_572,building_yes,W44179242,"POLYGON ((115.8621314 -31.9505173, 115.8621456 -31.9505139, 115.8621915 -31.9505027, 115.8622521 -31.9505246, 115.8622415 -31.9505458, 115.8625176 -31.9506557, 115.8624404 -31.950794, 115.8627923 -31.9509543, 115.8628696 -31.9508305, 115.8630498 -31.950896, 115.863067 -31.9509615, 115.8628917 -31.9512492, 115.8626721 -31.9516097, 115.8625661 -31.9516239, 115.8625091 -31.9516316, 115.862346 -31.9515879, 115.8619083 -31.9513985, 115.8618396 -31.9513621, 115.8618053 -31.9512965, 115.8618053 -31.95118, 115.8617795 -31.9511727, 115.8618396 -31.9509834, 115.8618653 -31.9509251, 115.8618911 -31.9509251, 115.8619683 -31.9508159, 115.8619512 -31.9508013, 115.8621314 -31.9505173))",-31.951112005448003,115.86236997238785
building_573,building_yes,W44955762,"POLYGON ((115.8188838 -31.9763604, 115.8199158 -31.97636, 115.819916 -31.9766399, 115.818884 -31.9766403, 115.8188838 -31.9763604))",-31.976500150000003,115.81939990000001
building_574,building_yes,W44955769,"POLYGON ((115.8193322 -31.9768697, 115.8195433 -31.9767431, 115.8196695 -31.9768945, 115.8194584 -31.9770211, 115.8193322 -31.9768697))",-31.9768821,115.81950084999998
building_575,building_yes,W44956563,"POLYGON ((115.8159056 -31.9831549, 115.815905 -31.9832778, 115.8157679 -31.9832773, 115.8157685 -31.9831544, 115.8159056 -31.9831549))",-31.983216099999996,115.81583675
building_576,building_yes,W45038258,"POLYGON ((115.8566793 -31.9509311, 115.8563916 -31.9515617, 115.8563853 -31.9515755, 115.8562059 -31.9515161, 115.8562312 -31.9514622, 115.8561818 -31.9514455, 115.8561656 -31.9514081, 115.856421 -31.9508435, 115.8566793 -31.9509311))",-31.951202146035797,115.85641008159091
building_577,building_apartments,W45418222,"POLYGON ((115.8253433 -31.9714724, 115.8253681 -31.9714678, 115.8253903 -31.9714781, 115.825395 -31.9714934, 115.8254372 -31.9715162, 115.8254553 -31.9715105, 115.8254754 -31.9715213, 115.8254841 -31.9715492, 115.8253158 -31.9717887, 115.8252796 -31.9717961, 115.8252568 -31.9717847, 115.8252535 -31.9717682, 115.8252132 -31.9717471, 115.8251938 -31.9717483, 115.825173 -31.9717409, 115.825165 -31.9717159, 115.8252039 -31.9716647, 115.8252018 -31.9716504, 115.825287 -31.9715304, 115.8253044 -31.9715247, 115.8253433 -31.9714724))",-31.971631604469607,115.8253237997008
building_578,building_apartments,W45418224,"POLYGON ((115.8252153 -31.9721846, 115.8252233 -31.9721601, 115.8252857 -31.9721328, 115.825291 -31.9721186, 115.8254339 -31.9720492, 115.8254593 -31.9720555, 115.8255183 -31.9720264, 115.8255472 -31.9720333, 115.8255592 -31.9720509, 115.8255539 -31.9720657, 115.8255753 -31.9721032, 115.8255934 -31.9721084, 115.8256055 -31.9721249, 115.8255968 -31.972155, 115.8253085 -31.972287, 115.8252736 -31.9722779, 115.8252622 -31.9722614, 115.8252669 -31.9722437, 115.8252454 -31.9722085, 115.825226 -31.9722022, 115.8252153 -31.9721846))",-31.97215466415771,115.82540968539872
building_579,building_dormitory,W45493905,"POLYGON ((115.8212621 -31.9737559, 115.8213903 -31.9737265, 115.8214606 -31.9739475, 115.8218604 -31.9738559, 115.8217896 -31.9736335, 115.8219296 -31.9736014, 115.8220411 -31.9739519, 115.8213718 -31.9741053, 115.8213666 -31.974089, 115.8213341 -31.9740965, 115.8213013 -31.9739933, 115.82127 -31.9740005, 115.8212432 -31.9739163, 115.8213084 -31.9739014, 115.8212621 -31.9737559))",-31.97389729472954,115.82164679045931
building_580,building_residential,W45508997,"POLYGON ((115.8460611 -31.9540473, 115.846157 -31.954069, 115.8462674 -31.9537314, 115.8461715 -31.9537097, 115.8461521 -31.9537691, 115.8461082 -31.9537588, 115.8460952 -31.9537988, 115.846139 -31.9538091, 115.8460611 -31.9540473))",-31.953883924554557,115.84616215871061
building_581,building_yes,W45828906,"POLYGON ((115.8167333 -31.9814108, 115.8169659 -31.9814081, 115.8169661 -31.9814826, 115.8171189 -31.9814823, 115.8171197 -31.9817856, 115.8169791 -31.9817858, 115.8169789 -31.9817386, 115.8167361 -31.981739, 115.8167343 -31.9815073, 115.8167333 -31.9814108))",-31.981595870392706,115.81692310816094
building_582,building_dormitory,W45828929,"POLYGON ((115.8139428 -31.9763281, 115.8140708 -31.9763056, 115.8141809 -31.9767558, 115.814053 -31.9767783, 115.8139428 -31.9763281))",-31.976541921958386,115.81406186772263
building_583,building_dormitory,W45828939,"POLYGON ((115.8212962 -31.9733685, 115.8208999 -31.9734569, 115.8208648 -31.9733437, 115.821261 -31.9732552, 115.8212962 -31.9733685))",-31.973356069090624,115.82108050883181
building_584,building_yes,W47027342,"POLYGON ((115.8590193 -31.9525699, 115.8589244 -31.9527765, 115.8583579 -31.952589, 115.8584533 -31.9523826, 115.8590193 -31.9525699))",-31.952579517880004,115.85868872465076
building_585,building_yes,W47028983,"POLYGON ((115.8782323 -31.9606178, 115.8781819 -31.9607308, 115.8782591 -31.9607558, 115.8789789 -31.9609887, 115.8792059 -31.9610621, 115.8793208 -31.9610669, 115.8793265 -31.960969, 115.8782323 -31.9606178))",-31.9608523236442,115.8787602997653
building_586,building_yes,W47028985,"POLYGON ((115.8626478 -31.9498584, 115.8627301 -31.9498944, 115.8629883 -31.9500106, 115.8628358 -31.9502558, 115.8624978 -31.9501001, 115.8626478 -31.9498584))",-31.950056229306572,115.86274291226256
building_587,building_yes,W47069183,"POLYGON ((115.866943 -31.9512609, 115.8667712 -31.9513067, 115.8667233 -31.9512852, 115.8672421 -31.9504534, 115.8674026 -31.950527, 115.866943 -31.9512609))",-31.950887992069465,115.86707142808673
building_588,building_yes,W47069184,"POLYGON ((115.8647986 -31.9512537, 115.8652524 -31.9505529, 115.8654928 -31.9506626, 115.8653682 -31.9508593, 115.865447 -31.9508944, 115.8652986 -31.9511365, 115.8652122 -31.9510984, 115.8650405 -31.9513673, 115.8647986 -31.9512537))",-31.950963689443675,115.86516504779452
building_589,building_yes,W47069185,"POLYGON ((115.8657961 -31.9508014, 115.8660391 -31.9509092, 115.8656796 -31.9514714, 115.8654447 -31.9513659, 115.8655296 -31.9512261, 115.8654545 -31.9511919, 115.8655908 -31.9509828, 115.865663 -31.9510152, 115.8657961 -31.9508014))",-31.951132470205565,115.86572164115374
building_590,building_yes,W47069186,"POLYGON ((115.8661871 -31.9512377, 115.8664706 -31.9513682, 115.8664089 -31.9514647, 115.8661506 -31.9515301, 115.8660357 -31.9514771, 115.8661871 -31.9512377))",-31.951398589668607,115.86624440343994
building_591,building_yes,W47069187,"POLYGON ((115.8653761 -31.9504886, 115.8655251 -31.9502526, 115.8662476 -31.950581, 115.8660986 -31.950817, 115.8653761 -31.9504886))",-31.9505348,115.86581185
building_592,building_yes,W47069219,"POLYGON ((115.8626359 -31.9470717, 115.8623361 -31.9469343, 115.8623019 -31.9469343, 115.862279 -31.9469502, 115.8621182 -31.9472029, 115.8621535 -31.9473067, 115.8624139 -31.9474221, 115.8626359 -31.9470717))",-31.94716939170836,115.86236141823908
building_593,building_apartments,W47080474,"POLYGON ((115.8248862 -31.9732799, 115.8250314 -31.9734391, 115.8248485 -31.9735591, 115.8247033 -31.9733999, 115.8248862 -31.9732799))",-31.973419500000002,115.82486735000002
building_594,building_apartments,W47080475,"POLYGON ((115.824028 -31.9732423, 115.8241514 -31.9733941, 115.8239655 -31.9735029, 115.823842 -31.9733511, 115.824028 -31.9732423))",-31.973372597758406,115.82399671720428
building_595,building_residential,W48446136,"POLYGON ((115.8486408 -31.954992, 115.848769 -31.9551325, 115.8487125 -31.9551696, 115.8487061 -31.9551626, 115.8486656 -31.9551892, 115.848672 -31.9551962, 115.8485419 -31.9552817, 115.8485331 -31.9552721, 115.8484892 -31.9553009, 115.848498 -31.9553106, 115.8484367 -31.9553509, 115.8483758 -31.9552842, 115.8483905 -31.9552746, 115.8483738 -31.9552563, 115.8483676 -31.9552603, 115.848317 -31.9552048, 115.8486408 -31.954992))",-31.95516901763639,115.84854106950837
building_596,building_yes,W48446137,"POLYGON ((115.8482178 -31.9552821, 115.8482696 -31.9553411, 115.8483024 -31.9553203, 115.848332 -31.9553541, 115.8482992 -31.9553749, 115.848345 -31.9554271, 115.8479354 -31.9556891, 115.8478886 -31.9556362, 115.8478785 -31.9556426, 115.8478502 -31.9556106, 115.8478588 -31.9556052, 115.8478013 -31.9555403, 115.8482178 -31.9552821))",-31.955483559000562,115.84807661586973
building_597,building_yes,W48446138,"POLYGON ((115.8490655 -31.9525625, 115.8492689 -31.9526248, 115.8493423 -31.9527555, 115.8492985 -31.9528489, 115.849153 -31.9529053, 115.8489369 -31.952837, 115.8488719 -31.9527099, 115.8489171 -31.9526164, 115.8490655 -31.9525625))",-31.952733451358686,115.84910685959154
building_598,building_yes,W48446140,"POLYGON ((115.8512704 -31.9542406, 115.8513256 -31.9541268, 115.8515757 -31.9542142, 115.8515204 -31.954328, 115.8512704 -31.9542406))",-31.95422739867013,115.85142303204576
building_599,building_yes,W48446875,"POLYGON ((115.8551234 -31.9477713, 115.8553437 -31.9478719, 115.8555243 -31.9479539, 115.8556884 -31.9480284, 115.855746 -31.9480546, 115.8555807 -31.9483164, 115.854958 -31.9480334, 115.8551234 -31.9477713))",-31.948043973077276,115.85535195458469
building_600,building_yes,W48446878,"POLYGON ((115.848827 -31.9522815, 115.8488859 -31.9521606, 115.8489243 -31.9521741, 115.8488654 -31.9522949, 115.848827 -31.9522815))",-31.952227763289514,115.84887565305954
building_601,building_yes,W48446879,"POLYGON ((115.8572224 -31.9492251, 115.8572735 -31.9491448, 115.8573079 -31.9491371, 115.8574929 -31.9492174, 115.8574309 -31.9493185, 115.8572224 -31.9492251))",-31.949223121403183,115.8573587900695
building_602,building_yes,W48446880,"POLYGON ((115.8573026 -31.9491003, 115.8574533 -31.9488628, 115.8572673 -31.9487785, 115.8571147 -31.9490155, 115.8573026 -31.9491003))",-31.94893944881542,115.85728434030408
building_603,building_yes,W48446882,"POLYGON ((115.8574999 -31.9491998, 115.8576538 -31.9489603, 115.8574968 -31.9488901, 115.8573472 -31.9491296, 115.8574999 -31.9491998))",-31.9490445564425,115.85749977939393
building_604,building_yes,W48446884,"POLYGON ((115.8537342 -31.9469575, 115.8538753 -31.9467261, 115.8538136 -31.946699, 115.8538065 -31.9466742, 115.8537955 -31.9466536, 115.8537734 -31.9466311, 115.8537425 -31.9466068, 115.8536446 -31.9465633, 115.8534737 -31.9468414, 115.8537342 -31.9469575))",-31.946766049928605,115.8536789582842
building_605,building_yes,W48446885,"POLYGON ((115.8534794 -31.9467729, 115.8536173 -31.946555, 115.853393 -31.9464528, 115.8532551 -31.9466708, 115.8534794 -31.9467729))",-31.946612867990673,115.85343619585878
building_606,building_yes,W48446888,"POLYGON ((115.8531674 -31.9463503, 115.8533515 -31.9464331, 115.8532222 -31.9466401, 115.8530381 -31.9465573, 115.8531674 -31.9463503))",-31.946495199999998,115.8531948
building_607,building_yes,W48446889,"POLYGON ((115.8541283 -31.9475187, 115.8543922 -31.9476411, 115.85425 -31.9478619, 115.8539857 -31.9477393, 115.8541283 -31.9475187))",-31.94769027887075,115.8541890328144
building_608,building_yes,W48861741,"POLYGON ((115.8492108 -31.9516719, 115.8491967 -31.9516983, 115.8492161 -31.9517192, 115.8492571 -31.9517043, 115.8493957 -31.9519792, 115.8493521 -31.951995, 115.849365 -31.9520206, 115.8492174 -31.9520741, 115.8491698 -31.9519796, 115.8491845 -31.9519742, 115.8490807 -31.9517684, 115.8491182 -31.9517548, 115.8491216 -31.951721, 115.8490907 -31.9517187, 115.849105 -31.951682, 115.8491416 -31.9516923, 115.8491599 -31.9516863, 115.8491658 -31.9516635, 115.8492108 -31.9516719))",-31.95187215021904,115.8492332722461
building_609,building_yes,W50422388,"POLYGON ((115.8159032 -31.9770838, 115.8159034 -31.9769156, 115.8159546 -31.9769157, 115.8159547 -31.9768581, 115.8159353 -31.9768581, 115.8159354 -31.9767209, 115.8160961 -31.9767211, 115.8160961 -31.9767373, 115.8161662 -31.9767374, 115.8161662 -31.9767211, 115.8163279 -31.9767213, 115.8163278 -31.9767928, 115.8163762 -31.9767928, 115.8163758 -31.9770923, 115.8161715 -31.9770921, 115.8161716 -31.9770375, 115.8160977 -31.9770375, 115.8160977 -31.977084, 115.8159032 -31.9770838))",-31.97690891338556,115.81614667235382
building_610,building_yes,W50422542,"POLYGON ((115.8191714 -31.9808492, 115.81917 -31.9806419, 115.818964 -31.9806429, 115.8187879 -31.9806437, 115.8187902 -31.980976, 115.8187916 -31.9811778, 115.8193804 -31.981175, 115.81938 -31.9810486, 115.8193426 -31.9810487, 115.8192555 -31.9810489, 115.8190231 -31.9810502, 115.8190226 -31.9809735, 115.8190217 -31.98085, 115.8191714 -31.9808492))",-31.98093035570899,115.81900206616777
building_611,building_yes,W50431890,"POLYGON ((115.8203645 -31.9846559, 115.820365 -31.9845615, 115.8203903 -31.9845617, 115.8203904 -31.9845413, 115.820523 -31.9845419, 115.820522 -31.9847058, 115.8203907 -31.9847053, 115.820391 -31.9846561, 115.8203645 -31.9846559))",-31.984621956924514,115.82044856388724
building_612,building_yes,W58599181,"POLYGON ((115.8614627 -31.9538435, 115.8616569 -31.9539093, 115.8614845 -31.9542757, 115.8614438 -31.9543622, 115.8613081 -31.9543189, 115.8612786 -31.9543083, 115.8612464 -31.9542958, 115.8614627 -31.9538435))",-31.954103800262207,115.8614518691153
building_613,building_yes,W62116948,"POLYGON ((115.8232551 -31.9855916, 115.8236165 -31.9846517, 115.8236587 -31.9846634, 115.8236292 -31.9847439, 115.8236712 -31.984761, 115.8236621 -31.9848553, 115.8233878 -31.9855211, 115.8234361 -31.9855359, 115.8234093 -31.9856052, 115.8234616 -31.9856223, 115.8235595 -31.9853652, 115.8237516 -31.9849139, 115.8238532 -31.9849489, 115.8239511 -31.9849785, 115.8239401 -31.9850075, 115.8239884 -31.9850268, 115.8241285 -31.9850871, 115.8239529 -31.9853752, 115.823828 -31.9855651, 115.8237695 -31.9856157, 115.8237113 -31.9857243, 115.8236614 -31.9857065, 115.8236199 -31.9857713, 115.8233382 -31.9857065, 115.8233677 -31.9856257, 115.8232551 -31.9855916))",-31.98530094981234,115.82367710565663
building_614,building_yes,W62116998,"POLYGON ((115.8237774 -31.9847976, 115.8237723 -31.9847786, 115.823847 -31.9845459, 115.8239337 -31.9845656, 115.8239556 -31.9845198, 115.8240459 -31.9845508, 115.8240453 -31.9845921, 115.8240906 -31.9846116, 115.8240713 -31.9846602, 115.8241938 -31.9847121, 115.8242462 -31.9846167, 115.8243159 -31.9846463, 115.8243347 -31.9846793, 115.8242193 -31.9849398, 115.8240584 -31.9849284, 115.823998 -31.9848647, 115.8237774 -31.9847976))",-31.984740084971055,115.8240442206619
building_615,building_yes,W62117375,"POLYGON ((115.8243467 -31.9857099, 115.8246163 -31.9857952, 115.8247263 -31.9857838, 115.8247436 -31.9857901, 115.824733 -31.9858111, 115.8247477 -31.9858225, 115.8247397 -31.9858453, 115.8247142 -31.9858373, 115.8242917 -31.9859078, 115.8243467 -31.9857099))",-31.985816263606075,115.82447656835927
building_616,building_yes,W62118442,"POLYGON ((115.8250366 -31.9850718, 115.8250661 -31.9850844, 115.8250913 -31.9850952, 115.8250612 -31.9851456, 115.8250066 -31.9851222, 115.8250366 -31.9850718))",-31.98510869130989,115.82504893418955
building_617,building_yes,W62153853,"POLYGON ((115.8222695 -31.9849953, 115.8222573 -31.9849022, 115.822516 -31.9848776, 115.8225282 -31.9849707, 115.8222695 -31.9849953))",-31.98493645,115.82239274999998
building_618,building_yes,W62153856,"POLYGON ((115.8225219 -31.9849082, 115.8226267 -31.9848652, 115.8227227 -31.9850337, 115.8227157 -31.9850376, 115.8227202 -31.9850445, 115.8227294 -31.9850536, 115.8227404 -31.9850428, 115.822802 -31.9850868, 115.8227953 -31.9850939, 115.8228471 -31.9851349, 115.8228329 -31.9851576, 115.8228514 -31.9851728, 115.822783 -31.9852358, 115.8227001 -31.985171, 115.8226945 -31.9851764, 115.822618 -31.9851175, 115.8225275 -31.9849592, 115.8225219 -31.9849082))",-31.985053677209393,115.82267625041199
building_619,building_yes,W121660620,"POLYGON ((115.8588219 -31.951618, 115.8587181 -31.951844, 115.8592446 -31.9520182, 115.8593126 -31.9518669, 115.8593183 -31.9518408, 115.8593136 -31.9518146, 115.8593015 -31.9517907, 115.8592807 -31.9517711, 115.8592643 -31.9517623, 115.8588219 -31.951618))",-31.9518178351449,115.85902939302557
building_620,building_yes,W121661640,"POLYGON ((115.8585434 -31.9521941, 115.8584663 -31.9523545, 115.8584533 -31.9523826, 115.8583579 -31.952589, 115.8581047 -31.9525036, 115.8580692 -31.9524916, 115.8579836 -31.9524808, 115.8579711 -31.9525082, 115.857699 -31.9524173, 115.8576608 -31.9524061, 115.8577561 -31.9521924, 115.857781 -31.9521452, 115.8579091 -31.9519574, 115.8579555 -31.9518504, 115.8579134 -31.9518361, 115.8579884 -31.9516641, 115.8580709 -31.9516891, 115.8580761 -31.9516803, 115.8581869 -31.9517244, 115.8583892 -31.951785, 115.8583813 -31.9518016, 115.8584154 -31.9518152, 115.8586625 -31.9518692, 115.8586594 -31.9518801, 115.8586879 -31.95189, 115.8586145 -31.9520376, 115.8585434 -31.9521941))",-31.952135536815714,115.85817559470614
building_621,building_yes,W141559553,"POLYGON ((115.8542704 -31.9507169, 115.8544845 -31.9507853, 115.8547222 -31.9502805, 115.8545101 -31.9501986, 115.8543871 -31.9504724, 115.8542704 -31.9507169))",-31.95049467425217,115.85449752279621
building_622,building_yes,W141559554,"POLYGON ((115.8525721 -31.950004, 115.8525721 -31.9499699, 115.852717 -31.949649, 115.8527347 -31.9496313, 115.8527696 -31.9496267, 115.8529772 -31.9496923, 115.8529986 -31.9497105, 115.8530174 -31.94974, 115.8530228 -31.9497719, 115.8530147 -31.9497969, 115.8529959 -31.9498265, 115.852725 -31.9500518, 115.8526955 -31.9500655, 115.8526607 -31.9500678, 115.8526285 -31.9500609, 115.8525909 -31.9500405, 115.8525721 -31.950004))",-31.949839104305585,115.85278292486194
building_623,building_yes,W146405048,"POLYGON ((115.874095 -31.9604061, 115.8740101 -31.9603774, 115.8740148 -31.9603672, 115.873818 -31.9603008, 115.8738133 -31.960311, 115.8737246 -31.960281, 115.8738123 -31.9600938, 115.8739352 -31.9601353, 115.8739764 -31.9600475, 115.874224 -31.960131, 115.874124 -31.9603442, 115.874095 -31.9604061))",-31.960219436776356,115.8739852995816
building_624,building_yes,W146405051,"POLYGON ((115.8741291 -31.9594011, 115.8746574 -31.9595794, 115.8745591 -31.959789, 115.8740308 -31.9596107, 115.8741291 -31.9594011))",-31.95959505,115.87434410000002
building_625,building_yes,W146405054,"POLYGON ((115.8744472 -31.9600494, 115.8745683 -31.9597911, 115.8745988 -31.9597261, 115.8747569 -31.9597794, 115.8746053 -31.9601027, 115.8744472 -31.9600494))",-31.959914396693573,115.87460204640806
building_626,building_yes,W146405057,"POLYGON ((115.8739903 -31.9595487, 115.8739658 -31.9595405, 115.8738524 -31.9597825, 115.8735803 -31.9596906, 115.8736232 -31.9595992, 115.8737068 -31.9594209, 115.8737504 -31.9593278, 115.8738039 -31.9592137, 115.8738166 -31.9591866, 115.8741131 -31.9592866, 115.8739903 -31.9595487))",-31.959481359725277,115.87384365243273
building_627,building_yes,W146521924,"POLYGON ((115.8742868 -31.958422, 115.8744587 -31.9584769, 115.8744274 -31.9585475, 115.8742555 -31.9584927, 115.8742868 -31.958422))",-31.958484768002187,115.87435708282425
building_628,building_yes,W146521925,"POLYGON ((115.8742424 -31.9585287, 115.8743267 -31.9585556, 115.874198 -31.9588457, 115.8741138 -31.9588188, 115.8742424 -31.9585287))",-31.95868717508077,115.8742202368236
building_629,building_residential,W146521926,"POLYGON ((115.8731169 -31.9584744, 115.8736262 -31.9586369, 115.8735313 -31.958851, 115.873022 -31.9586884, 115.8731169 -31.9584744))",-31.95866268190417,115.87332411676691
building_630,building_yes,W146521929,"POLYGON ((115.8741203 -31.9587045, 115.8737467 -31.9585852, 115.8738078 -31.9584475, 115.8741814 -31.9585667, 115.8741203 -31.9587045))",-31.958575982513292,115.87396406926875
building_631,building_yes,W146521930,"POLYGON ((115.873157 -31.9582521, 115.8734418 -31.9581642, 115.8735006 -31.9583013, 115.8732157 -31.9583892, 115.873157 -31.9582521))",-31.958276702086298,115.87332878123685
building_632,building_yes,W146521931,"POLYGON ((115.8740944 -31.9588708, 115.8742412 -31.9589177, 115.8742091 -31.9589901, 115.8740623 -31.9589432, 115.8740944 -31.9588708))",-31.95893045,115.87415175
building_633,building_yes,W146521932,"POLYGON ((115.8739158 -31.9580304, 115.8739258 -31.9580543, 115.8739392 -31.9580503, 115.8739637 -31.9581073, 115.8739193 -31.9581207, 115.8739227 -31.9581285, 115.873936 -31.9581604, 115.8739067 -31.9581692, 115.8739191 -31.958199, 115.8738661 -31.958215, 115.8738878 -31.9582671, 115.8738369 -31.9582824, 115.8738525 -31.9583198, 115.8738279 -31.9583271, 115.8738436 -31.9583648, 115.8737762 -31.9583851, 115.8738019 -31.9584467, 115.8737731 -31.9584553, 115.8737827 -31.9584782, 115.8737575 -31.9584858, 115.8737648 -31.9585032, 115.8737298 -31.9585137, 115.8737391 -31.958536, 115.8736934 -31.9585497, 115.8736906 -31.9585432, 115.8736838 -31.9585266, 115.8736416 -31.9585393, 115.8736094 -31.958462, 115.8736486 -31.9584503, 115.8736379 -31.9584247, 115.8736837 -31.9584109, 115.8736882 -31.9584218, 115.8737376 -31.958407, 115.873685 -31.958281, 115.8737392 -31.9582647, 115.8737195 -31.9582176, 115.8737928 -31.9581956, 115.8737581 -31.9581124, 115.8738088 -31.9580972, 115.8737959 -31.9580664, 115.8739158 -31.9580304))",-31.95828001949423,115.87379004360508
building_634,building_yes,W146521933,"POLYGON ((115.8744572 -31.958631, 115.874515 -31.9585007, 115.8745829 -31.9585224, 115.8746034 -31.9584762, 115.8746755 -31.9584992, 115.8745972 -31.9586757, 115.8744572 -31.958631))",-31.958576252730463,115.87456738664956
building_635,building_yes,W146521934,"POLYGON ((115.8735119 -31.9581749, 115.8736894 -31.9581216, 115.8737242 -31.9582048, 115.8736628 -31.9582232, 115.8736773 -31.9582577, 115.8736392 -31.9582692, 115.8736247 -31.9582346, 115.8735466 -31.9582581, 115.8735119 -31.9581749))",-31.9581944529527,115.87362072790033
building_636,building_yes,W146521935,"POLYGON ((115.8741721 -31.9585099, 115.8738454 -31.9584056, 115.8738939 -31.9582962, 115.8740709 -31.9583527, 115.874129 -31.9582217, 115.873952 -31.9581652, 115.8740094 -31.9580359, 115.874336 -31.9581402, 115.8742205 -31.9584007, 115.8741721 -31.9585099))",-31.958276217785716,115.87410953827172
building_637,building_yes,W146521937,"POLYGON ((115.874579 -31.9590999, 115.8744893 -31.9590712, 115.8744015 -31.9590432, 115.874422 -31.9589971, 115.8742685 -31.9589482, 115.8743131 -31.9588478, 115.8743897 -31.9588722, 115.8744226 -31.958798, 115.8745554 -31.9588403, 115.8746769 -31.9588791, 115.874579 -31.9590999))",-31.958940504192743,115.87448639601801
building_638,building_yes,W146772921,"POLYGON ((115.8621557 -31.9549448, 115.8620582 -31.9551547, 115.8621899 -31.9551987, 115.8623205 -31.9549174, 115.8621888 -31.9548734, 115.8621557 -31.9549448))",-31.95503605727563,115.86218935889482
building_639,building_yes,W146772923,"POLYGON ((115.8609246 -31.9542234, 115.8605874 -31.954113, 115.8605405 -31.9542162, 115.8608541 -31.9543206, 115.8609539 -31.9543539, 115.8610023 -31.9542493, 115.8609246 -31.9542234))",-31.954233190553552,115.86077168049695
building_640,building_yes,W146772925,"POLYGON ((115.8616555 -31.9548623, 115.8616889 -31.9548736, 115.8618811 -31.9544641, 115.8620115 -31.9545082, 115.8617598 -31.9550547, 115.8615915 -31.9549978, 115.8616555 -31.9548623))",-31.954770877429414,115.8618081620244
building_641,building_yes,W146772929,"POLYGON ((115.8616569 -31.9539093, 115.8620344 -31.954041, 115.8619563 -31.9542021, 115.8618748 -31.9541896, 115.861816 -31.95417, 115.8618302 -31.9541393, 115.8616622 -31.9540833, 115.861561 -31.9543021, 115.8614845 -31.9542757, 115.8616569 -31.9539093))",-31.954082826546742,115.86176160656228
building_642,building_yes,W146772931,"POLYGON ((115.8603723 -31.9545864, 115.8604813 -31.9543507, 115.8606528 -31.9544079, 115.8605438 -31.9546435, 115.8603723 -31.9545864))",-31.954497118659855,115.86051254686785
building_643,building_yes,W146772932,"POLYGON ((115.8625099 -31.9545074, 115.8624662 -31.9546019, 115.8624013 -31.9547421, 115.8623478 -31.9548578, 115.8620877 -31.9547689, 115.862129 -31.9546796, 115.8619594 -31.9546232, 115.8620242 -31.9544831, 115.8620785 -31.9543658, 115.8625099 -31.9545074))",-31.954601219881884,115.86223546645232
building_644,building_yes,W146780541,"POLYGON ((115.8618202 -31.9529591, 115.8618923 -31.9528042, 115.8621238 -31.9528818, 115.8620514 -31.9530375, 115.8618795 -31.9529799, 115.8618273 -31.9530918, 115.8617986 -31.9530822, 115.8617704 -31.9531428, 115.8621608 -31.9532737, 115.8623883 -31.9527849, 115.8623932 -31.9527745, 115.8622202 -31.9527165, 115.8622067 -31.9527454, 115.8618102 -31.9526125, 115.8617312 -31.9527822, 115.8618065 -31.9528075, 115.8617893 -31.9528445, 115.8617138 -31.9528192, 115.8616719 -31.9529094, 115.8618202 -31.9529591))",-31.952930006276993,115.8620423868449
building_645,building_yes,W146780547,"POLYGON ((115.8625624 -31.9528427, 115.8623883 -31.9527849, 115.8621608 -31.9532737, 115.8621399 -31.9533178, 115.8621944 -31.9533366, 115.8623129 -31.9533775, 115.8625624 -31.9528427))",-31.95308065583595,115.8623510546801
building_646,building_yes,W146780549,"POLYGON ((115.8620727 -31.9535992, 115.8619603 -31.9538307, 115.8618094 -31.95378, 115.8619179 -31.9535472, 115.8620727 -31.9535992))",-31.95368878207906,115.86194031007697
building_647,building_yes,W146780551,"POLYGON ((115.8614326 -31.953376, 115.861868 -31.9535221, 115.8617508 -31.9537733, 115.8613147 -31.9536269, 115.8614326 -31.953376))",-31.953574612601184,115.86159151680432
building_648,building_yes,W146782526,"POLYGON ((115.8612472 -31.9534255, 115.8612888 -31.9534394, 115.8612698 -31.95348, 115.8612282 -31.9534662, 115.8611701 -31.9535909, 115.8609013 -31.9535007, 115.8609794 -31.9533347, 115.8612472 -31.9534255))",-31.953462571595228,115.86108110355013
building_649,building_yes,W146788719,"POLYGON ((115.8811159 -31.9591206, 115.8809709 -31.9593745, 115.8807434 -31.959281, 115.880776 -31.959224, 115.880728 -31.9592043, 115.8807556 -31.959156, 115.8807378 -31.9591487, 115.8807971 -31.9590448, 115.8808136 -31.9590516, 115.8808391 -31.9590069, 115.8811159 -31.9591206))",-31.959186356497433,115.88090887337509
building_650,building_yes,W146788723,"POLYGON ((115.8792974 -31.9586177, 115.8794302 -31.9585893, 115.8794462 -31.958643, 115.8793134 -31.9586714, 115.8792974 -31.9586177))",-31.95863035,115.8793718
building_651,building_yes,W146788727,"POLYGON ((115.879109 -31.9586766, 115.8791609 -31.9586655, 115.8791751 -31.9587131, 115.8791232 -31.9587242, 115.879109 -31.9586766))",-31.95869485,115.87914205000001
building_652,building_yes,W146788730,"POLYGON ((115.8790098 -31.9586906, 115.8790734 -31.958677, 115.8790891 -31.9587299, 115.8790255 -31.9587435, 115.8790098 -31.9586906))",-31.958710250000003,115.87904944999998
building_653,building_yes,W146788732,"POLYGON ((115.8807896 -31.9590034, 115.8806656 -31.9592205, 115.880625 -31.9592038, 115.8807004 -31.9590717, 115.8805674 -31.9590171, 115.880616 -31.958932, 115.8807896 -31.9590034))",-31.959046434520225,115.88067970222666
building_654,building_yes,W146788734,"POLYGON ((115.8802288 -31.9610316, 115.8800984 -31.9609533, 115.8801849 -31.9608496, 115.8802137 -31.9608669, 115.8802514 -31.9608216, 115.8802628 -31.960808, 115.8803644 -31.9608689, 115.8802288 -31.9610316))",-31.960918296900516,115.88023205653822
building_655,building_yes,W146788735,"POLYGON ((115.8786942 -31.9587648, 115.878889 -31.9587231, 115.8789081 -31.9587874, 115.8787474 -31.9588219, 115.8787386 -31.9587924, 115.8787046 -31.9587997, 115.8786942 -31.9587648))",-31.958773112490917,115.87880768350597
building_656,building_yes,W146788738,"POLYGON ((115.8784513 -31.9589873, 115.8784432 -31.9589201, 115.8784641 -31.9589183, 115.878459 -31.9588761, 115.8786953 -31.9588555, 115.8787043 -31.9589302, 115.8785999 -31.9589393, 115.8786041 -31.958974, 115.8784513 -31.9589873))",-31.958917570677745,115.87856546126729
building_657,building_yes,W146798809,"POLYGON ((115.8817924 -31.9583565, 115.8818497 -31.958368, 115.881912 -31.9583807, 115.8819776 -31.9583893, 115.8820444 -31.9583926, 115.882035 -31.958539, 115.8819584 -31.9585354, 115.8818835 -31.958528, 115.8818104 -31.958514, 115.8817383 -31.9584966, 115.8817924 -31.9583565))",-31.958453216423525,115.88190072289726
building_658,building_yes,W146798810,"POLYGON ((115.881267 -31.9581848, 115.8814717 -31.9583334, 115.8815114 -31.958291, 115.8815688 -31.9583297, 115.8816229 -31.9583539, 115.8816799 -31.9583708, 115.8817109 -31.9582945, 115.8815395 -31.9582111, 115.8813936 -31.9580992, 115.8813239 -31.9581558, 115.8813117 -31.9581448, 115.881267 -31.9581848))",-31.95824068547659,115.88148403088094
building_659,building_yes,W146798811,"POLYGON ((115.8826127 -31.9583831, 115.8826615 -31.9584164, 115.8821244 -31.9589838, 115.8820867 -31.9590194, 115.8820375 -31.9590499, 115.881985 -31.9590728, 115.8819259 -31.9590856, 115.8819114 -31.9590399, 115.8819598 -31.9590288, 115.8820004 -31.9590113, 115.8820429 -31.9589848, 115.8820733 -31.958953, 115.8826127 -31.9583831))",-31.958748941854036,115.88230128776296
building_660,building_yes,W146798812,"POLYGON ((115.8806604 -31.9570131, 115.8804696 -31.9570205, 115.8804652 -31.9569286, 115.8805194 -31.9569267, 115.8805186 -31.9568682, 115.8803829 -31.9568618, 115.8804193 -31.9563064, 115.8806783 -31.9563186, 115.8806818 -31.9562652, 115.8807822 -31.9562699, 115.8807785 -31.9563262, 115.8808456 -31.9563293, 115.8808094 -31.9568819, 115.8806244 -31.9568732, 115.8806669 -31.9569634, 115.8806604 -31.9570131))",-31.95662052045524,115.88061229169244
building_661,building_yes,W146798813,"POLYGON ((115.8812751 -31.9584346, 115.8812357 -31.9585144, 115.8812723 -31.9585274, 115.8812094 -31.9586549, 115.8811463 -31.9586325, 115.8811206 -31.9586846, 115.881097 -31.9586762, 115.8810683 -31.9587345, 115.8810261 -31.9587195, 115.8810176 -31.9587366, 115.8808778 -31.958687, 115.8809361 -31.9585686, 115.8808697 -31.958545, 115.8809205 -31.958442, 115.881038 -31.9584837, 115.8810939 -31.9583703, 115.8812751 -31.9584346))",-31.95855663652468,115.881072565538
building_662,building_yes,W146798814,"POLYGON ((115.8804164 -31.9570217, 115.8804696 -31.9570205, 115.8806604 -31.9570131, 115.8808042 -31.9570052, 115.8808256 -31.9572876, 115.8807374 -31.9572927, 115.8807437 -31.9573707, 115.8808319 -31.9573655, 115.8808392 -31.9574563, 115.8808971 -31.957736, 115.8809715 -31.9578454, 115.8807481 -31.9579547, 115.8806728 -31.957836, 115.8806192 -31.9574695, 115.8805244 -31.9574698, 115.880517 -31.9573183, 115.8805152 -31.9572813, 115.8804291 -31.9572815, 115.8804241 -31.9571795, 115.8803245 -31.957183, 115.88032 -31.9570904, 115.8804196 -31.9570868, 115.8804191 -31.9570769, 115.8803426 -31.9570796, 115.8803399 -31.9570244, 115.8804164 -31.9570217))",-31.957402043471436,115.8806755936493
building_663,building_yes,W146798815,"POLYGON ((115.8808778 -31.958687, 115.8810176 -31.9587366, 115.8809801 -31.9588125, 115.8816393 -31.9590471, 115.881685 -31.9590593, 115.8817276 -31.9590677, 115.8817711 -31.95907, 115.8818106 -31.959068, 115.8818125 -31.9591018, 115.8817731 -31.9591037, 115.8817246 -31.9591022, 115.8816769 -31.9590935, 115.8816257 -31.9590796, 115.8806304 -31.9587263, 115.8806523 -31.9586819, 115.8807131 -31.9587035, 115.8807294 -31.9586703, 115.8808627 -31.9587176, 115.8808778 -31.958687))",-31.958857365399115,115.88110668336445
building_664,building_yes,W146798816,"POLYGON ((115.8805863 -31.958512, 115.8808441 -31.9584164, 115.8808831 -31.958492, 115.8806253 -31.9585877, 115.8805863 -31.958512))",-31.958502034902953,115.88073467670698
building_665,building_yes,W146798817,"POLYGON ((115.8799706 -31.9583143, 115.8801719 -31.9583826, 115.8801481 -31.9584333, 115.8799467 -31.958365, 115.8799706 -31.9583143))",-31.958373798525574,115.88005931446745
building_666,building_yes,W146798818,"POLYGON ((115.8801115 -31.9582152, 115.8804458 -31.9580751, 115.8804865 -31.958145, 115.8801522 -31.9582851, 115.8801115 -31.9582152))",-31.9581801,115.88029900000001
building_667,building_yes,W146798820,"POLYGON ((115.8811799 -31.955412, 115.8811775 -31.9553536, 115.8812943 -31.9553502, 115.8812967 -31.9554086, 115.8811799 -31.955412))",-31.9553811,115.88123709999998
building_668,building_yes,W146798821,"POLYGON ((115.8801558 -31.9574874, 115.880256 -31.9572452, 115.8803797 -31.9572821, 115.8802796 -31.9575242, 115.8801558 -31.9574874))",-31.957384732048443,115.88026776655796
building_669,building_yes,W146798822,"POLYGON ((115.8807651 -31.9556307, 115.8807712 -31.9555272, 115.8810933 -31.9555409, 115.8810872 -31.9556443, 115.8807651 -31.9556307))",-31.955585773745753,115.88092917412742
building_670,building_yes,W146798823,"POLYGON ((115.8828448 -31.9583078, 115.8828979 -31.9583412, 115.882841 -31.9584064, 115.8827879 -31.958373, 115.8828448 -31.9583078))",-31.9583571,115.88284290000001
building_671,building_yes,W146798825,"POLYGON ((115.881355 -31.9588267, 115.8815443 -31.9587564, 115.8815806 -31.9588267, 115.8813913 -31.958897, 115.881355 -31.9588267))",-31.9588267,115.88146780000001
building_672,building_yes,W146798826,"POLYGON ((115.8811577 -31.9587139, 115.8813571 -31.9586399, 115.8813953 -31.9587139, 115.8811959 -31.958788, 115.8811577 -31.9587139))",-31.95871393333333,115.88127648185909
building_673,building_yes,W146798827,"POLYGON ((115.8824041 -31.9552104, 115.8824887 -31.955224, 115.8824775 -31.955274, 115.8823929 -31.9552603, 115.8824041 -31.9552104))",-31.955242178262473,115.88244081338257
building_674,building_yes,W146798828,"POLYGON ((115.8802807 -31.9578052, 115.8809331 -31.958222, 115.8808525 -31.9583129, 115.8802699 -31.9579406, 115.8802322 -31.957983, 115.8801624 -31.9579384, 115.8802807 -31.9578052))",-31.95805335506854,115.88054994785752
building_675,building_yes,W146798829,"POLYGON ((115.883586 -31.9572396, 115.8833366 -31.9572504, 115.88333 -31.9571406, 115.8834034 -31.9571375, 115.8833979 -31.9570456, 115.8835739 -31.957038, 115.883586 -31.9572396))",-31.95715210213862,115.88346938096147
building_676,building_yes,W146801064,"POLYGON ((115.8821964 -31.9597731, 115.8822196 -31.9597217, 115.8822776 -31.9596852, 115.8823405 -31.9596812, 115.8823959 -31.9597032, 115.8824292 -31.95974, 115.8824402 -31.959783, 115.8824292 -31.959826, 115.8824035 -31.9598572, 115.8823602 -31.9598804, 115.8823065 -31.9598863, 115.8822415 -31.9598639, 115.8822061 -31.9598247, 115.8821964 -31.9597731))",-31.959783331972265,115.8823186705789
building_677,building_yes,W146801066,"POLYGON ((115.8816577 -31.9595737, 115.8819112 -31.9594927, 115.8819381 -31.9595533, 115.8820137 -31.9595292, 115.8820458 -31.9596014, 115.882222 -31.9595451, 115.8822673 -31.9596472, 115.882095 -31.9597022, 115.881809 -31.9597936, 115.8817652 -31.9596948, 115.8816559 -31.9597297, 115.8816349 -31.9596824, 115.8816971 -31.9596625, 115.8816577 -31.9595737))",-31.95963826234545,115.8819261054273
building_678,building_yes,W146801072,"POLYGON ((115.8785904 -31.9614964, 115.878399 -31.9615271, 115.8781995 -31.961522, 115.8781847 -31.9615536, 115.8780748 -31.9615166, 115.8780889 -31.9614859, 115.8780025 -31.9614574, 115.8780311 -31.961395, 115.8782254 -31.9614592, 115.8783693 -31.9614664, 115.8785753 -31.9614259, 115.8786878 -31.9613856, 115.8788016 -31.9613273, 115.8788452 -31.9613886, 115.8787206 -31.9614488, 115.8785904 -31.9614964))",-31.961459309884958,115.87841320179524
building_679,building_yes,W146801073,"POLYGON ((115.8834134 -31.9594863, 115.883285 -31.9595284, 115.8832806 -31.9595187, 115.8832789 -31.9595154, 115.8832393 -31.9594354, 115.8832655 -31.959426, 115.8832158 -31.9593255, 115.8831895 -31.9593349, 115.8831421 -31.9592392, 115.8831923 -31.9592213, 115.8831827 -31.9592018, 115.8833065 -31.9591577, 115.8832774 -31.959099, 115.883629 -31.9589736, 115.8837097 -31.9591366, 115.8836031 -31.9591746, 115.8836181 -31.9592049, 115.8836722 -31.9591856, 115.8837087 -31.9592592, 115.8837366 -31.9592493, 115.8837816 -31.9593401, 115.8834072 -31.9594737, 115.8834134 -31.9594863))",-31.959253352904707,115.88346017239415
building_680,building_yes,W146801077,"POLYGON ((115.8781153 -31.96127, 115.8781867 -31.9612936, 115.8781532 -31.9613665, 115.8780819 -31.9613429, 115.8781153 -31.96127))",-31.96131824338232,115.87813428073424
building_681,building_yes,W146801083,"POLYGON ((115.8779021 -31.9613339, 115.878021 -31.9613727, 115.8779956 -31.9614357, 115.877872 -31.9613993, 115.8779021 -31.9613339))",-31.961385376491627,115.87794707804815
building_682,building_yes,W146801086,"POLYGON ((115.8781194 -31.9611174, 115.8780181 -31.9610826, 115.8781607 -31.9607681, 115.8782406 -31.9607918, 115.8781194 -31.9611174))",-31.960946751658792,115.87813200604968
building_683,building_yes,W146801088,"POLYGON ((115.8827328 -31.959927, 115.8829144 -31.9599952, 115.8828334 -31.9601504, 115.8826518 -31.9600822, 115.8827328 -31.959927))",-31.9600387,115.8827831
building_684,building_yes,W146801091,"POLYGON ((115.8838548 -31.9594548, 115.883721 -31.9591532, 115.883845 -31.9591136, 115.8838667 -31.9591625, 115.883936 -31.9591404, 115.8840481 -31.9593931, 115.8838548 -31.9594548))",-31.959282162673535,115.88388418229418
building_685,building_yes,W146801095,"POLYGON ((115.8834626 -31.9597252, 115.8836893 -31.9596528, 115.8836646 -31.9595972, 115.8839433 -31.9595082, 115.8840126 -31.9596645, 115.8835073 -31.9598259, 115.8834626 -31.9597252))",-31.959668159431963,115.8837559718917
building_686,building_yes,W146801098,"POLYGON ((115.8832398 -31.9601091, 115.8833483 -31.9600713, 115.8833688 -31.9601138, 115.8835926 -31.960036, 115.8837382 -31.9603373, 115.8834059 -31.9604529, 115.8832398 -31.9601091))",-31.960238584188748,115.88349066957952
building_687,building_yes,W146801103,"POLYGON ((115.8784388 -31.9613001, 115.8783906 -31.961203, 115.878451 -31.9611815, 115.8785291 -31.9611536, 115.878507 -31.961109, 115.8786987 -31.9610404, 115.878769 -31.9611821, 115.8787479 -31.9611896, 115.8784388 -31.9613001))",-31.961172433286993,115.87858699639794
building_688,building_yes,W146801107,"POLYGON ((115.8823979 -31.9594622, 115.882581 -31.9594023, 115.8827222 -31.9597127, 115.883285 -31.9595284, 115.8834134 -31.9594863, 115.8834574 -31.9595832, 115.8825832 -31.9598694, 115.8823979 -31.9594622))",-31.959641549127113,115.88282228174128
building_689,building_yes,W146854095,"POLYGON ((115.861734 -31.9527751, 115.8615166 -31.9527014, 115.8615223 -31.9526889, 115.8615983 -31.9525276, 115.8618147 -31.9526014, 115.861734 -31.9527751))",-31.952651412238097,115.86166579279534
building_690,building_yes,W146854096,"POLYGON ((115.861272 -31.9528983, 115.8612819 -31.9528369, 115.8612995 -31.9527975, 115.8612725 -31.9527888, 115.861295 -31.9527341, 115.8613283 -31.9527438, 115.8613418 -31.9526991, 115.8614877 -31.9527499, 115.8616458 -31.9528, 115.8616226 -31.9528455, 115.8616721 -31.9528629, 115.8616097 -31.9529797, 115.8615639 -31.9529647, 115.8615127 -31.9530749, 115.8613416 -31.9530148, 115.8613067 -31.9529763, 115.8612813 -31.9529355, 115.861272 -31.9528983))",-31.952882420578334,115.86145085071604
building_691,building_yes,W146854097,"POLYGON ((115.8620785 -31.9543658, 115.8622024 -31.9540982, 115.8626316 -31.9542406, 115.8625099 -31.9545074, 115.8620785 -31.9543658))",-31.954303023649505,115.86235538434072
building_692,building_yes,W146854098,"POLYGON ((115.8613055 -31.9526344, 115.8613819 -31.9524707, 115.8615531 -31.9525282, 115.861475 -31.9526913, 115.8613055 -31.9526344))",-31.95258101242712,115.86142893750512
building_693,building_yes,W146854099,"POLYGON ((115.861001 -31.9532876, 115.8610333 -31.9532194, 115.861301 -31.9533101, 115.8612685 -31.9533799, 115.861001 -31.9532876))",-31.95329941906937,115.86115140981381
building_694,building_yes,W146854100,"POLYGON ((115.8609794 -31.9533347, 115.861001 -31.9532876, 115.8612685 -31.9533799, 115.8612472 -31.9534255, 115.8609794 -31.9533347))",-31.953356692350052,115.86112336146905
building_695,building_yes,W146854101,"POLYGON ((115.8609525 -31.9539629, 115.8608916 -31.9540945, 115.8606366 -31.9540113, 115.8606965 -31.9538792, 115.8609525 -31.9539629))",-31.953986921070257,115.86079429670606
building_696,building_yes,W146854102,"POLYGON ((115.8613345 -31.9531489, 115.8613063 -31.9532094, 115.8610749 -31.9531307, 115.8611014 -31.9530717, 115.8613345 -31.9531489))",-31.95314035129556,115.8612048649997
building_697,building_yes,W146854103,"POLYGON ((115.8613063 -31.9532094, 115.8613423 -31.9532215, 115.861301 -31.9533101, 115.8610333 -31.9532194, 115.8610749 -31.9531307, 115.8613063 -31.9532094))",-31.953220436293538,115.86118779608312
building_698,building_yes,W146854104,"POLYGON ((115.8620727 -31.9535992, 115.8621454 -31.9534434, 115.8622994 -31.9534951, 115.862119 -31.9538839, 115.8619603 -31.9538307, 115.8620727 -31.9535992))",-31.953664434004402,115.86213091472953
building_699,building_yes,W146854105,"POLYGON ((115.8605874 -31.954113, 115.8606366 -31.9540113, 115.8608916 -31.9540945, 115.8609719 -31.9541213, 115.8609246 -31.9542234, 115.8605874 -31.954113))",-31.95411719807815,115.86078015323616
building_700,building_yes,W146854107,"POLYGON ((115.8613952 -31.9531081, 115.8613705 -31.953161, 115.8613345 -31.9531489, 115.8611014 -31.9530717, 115.8611265 -31.9530178, 115.8613952 -31.9531081))",-31.953089464631226,115.86124796291472
building_701,building_yes,W146854109,"POLYGON ((115.8622994 -31.9534951, 115.862336 -31.9534166, 115.8625285 -31.9534812, 115.8623107 -31.9539483, 115.862119 -31.9538839, 115.8622994 -31.9534951))",-31.953682316415605,115.86232360100533
building_702,building_yes,W146854110,"POLYGON ((115.8613775 -31.9549255, 115.8611431 -31.9548462, 115.8612561 -31.9546047, 115.8613082 -31.9544977, 115.8613694 -31.954367, 115.8615992 -31.9544475, 115.8615368 -31.9545802, 115.8613775 -31.9549255))",-31.9546471872572,115.86137154995961
building_703,building_yes,W146854113,"POLYGON ((115.8615368 -31.9545802, 115.8616371 -31.9546141, 115.861612 -31.9546675, 115.8617285 -31.9547068, 115.8616555 -31.9548623, 115.8615915 -31.9549978, 115.8613775 -31.9549255, 115.8615368 -31.9545802))",-31.954800633513177,115.86155429361192
building_704,building_yes,W146854114,"POLYGON ((115.8621557 -31.9549448, 115.8620582 -31.9551547, 115.8617598 -31.9550547, 115.8619054 -31.9547402, 115.8621411 -31.9548198, 115.8621232 -31.954858, 115.8620706 -31.9548403, 115.8620399 -31.9549056, 115.8621557 -31.9549448))",-31.954955403378055,115.86196468188336
building_705,building_yes,W146854115,"POLYGON ((115.8613147 -31.9536269, 115.8612167 -31.953594, 115.8612698 -31.95348, 115.8612888 -31.9534394, 115.8613275 -31.9533564, 115.8613593 -31.9533671, 115.8613991 -31.9532819, 115.861466 -31.9533043, 115.8614326 -31.953376, 115.8613147 -31.9536269))",-31.953461001772364,115.86133925409057
building_706,building_yes,W147000402,"POLYGON ((115.8607627 -31.9527945, 115.8607818 -31.9527522, 115.8609865 -31.9528189, 115.8609674 -31.9528612, 115.8607627 -31.9527945))",-31.952806699999996,115.8608746
building_707,building_yes,W147000403,"POLYGON ((115.860854 -31.9531116, 115.8608183 -31.9531906, 115.8605689 -31.9531094, 115.8606047 -31.9530304, 115.860854 -31.9531116))",-31.953110499870053,115.8607114664934
building_708,building_yes,W147000404,"POLYGON ((115.8609707 -31.9523297, 115.8611765 -31.9523968, 115.8611068 -31.9525508, 115.860901 -31.9524837, 115.8609707 -31.9523297))",-31.95244025,115.86103875
building_709,building_yes,W147000406,"POLYGON ((115.8608584 -31.952583, 115.8608775 -31.9525407, 115.8610823 -31.9526073, 115.8610631 -31.9526497, 115.8608584 -31.952583))",-31.952595189330466,115.86097037192418
building_710,building_yes,W147000408,"POLYGON ((115.8608201 -31.9526676, 115.8608393 -31.9526253, 115.861044 -31.952692, 115.8610248 -31.9527343, 115.8608201 -31.9526676))",-31.952679800000002,115.86093204999999
building_711,building_yes,W147000410,"POLYGON ((115.8607898 -31.9532535, 115.8607144 -31.9534201, 115.8604709 -31.9533407, 115.8605463 -31.9531742, 115.8605628 -31.9531796, 115.8607898 -31.9532535))",-31.95329713727136,115.86063035941854
building_712,building_yes,W147000411,"POLYGON ((115.8607818 -31.9527522, 115.860801 -31.9527099, 115.8610057 -31.9527766, 115.8609865 -31.9528189, 115.8607818 -31.9527522))",-31.952764399999996,115.86089375
building_713,building_yes,W147000412,"POLYGON ((115.8608995 -31.9525478, 115.8609187 -31.9525055, 115.8611014 -31.952565, 115.8610823 -31.9526073, 115.8608995 -31.9525478))",-31.952556398354933,115.86100046402292
building_714,building_yes,W147000415,"POLYGON ((115.8608393 -31.9526253, 115.8608584 -31.952583, 115.8610631 -31.9526497, 115.861044 -31.952692, 115.8609907 -31.9526746, 115.8608393 -31.9526253))",-31.952637491110647,115.86095119771608
building_715,building_yes,W147000417,"POLYGON ((115.8607649 -31.9528438, 115.8607841 -31.9528015, 115.8609674 -31.9528612, 115.8609482 -31.9529035, 115.8607649 -31.9528438))",-31.952852499999995,115.86086614999999
building_716,building_yes,W147000418,"POLYGON ((115.8608183 -31.9531906, 115.8607898 -31.9532535, 115.8605628 -31.9531796, 115.8605913 -31.9531167, 115.8608183 -31.9531906))",-31.953185100000002,115.86069055000003
building_717,building_yes,W147000419,"POLYGON ((115.860801 -31.9527099, 115.8608201 -31.9526676, 115.8610248 -31.9527343, 115.8610057 -31.9527766, 115.860801 -31.9527099))",-31.9527221,115.8609129
building_718,building_yes,W147000420,"POLYGON ((115.8609099 -31.9529882, 115.860854 -31.9531116, 115.8606037 -31.95303, 115.8606595 -31.9529066, 115.8609099 -31.9529882))",-31.953009097985692,115.86075678142221
building_719,building_yes,W147000422,"POLYGON ((115.8607244 -31.9528791, 115.8606808 -31.9528649, 115.8606999 -31.9528227, 115.8609482 -31.9529035, 115.8609291 -31.9529459, 115.8607244 -31.9528791))",-31.952884275961466,115.86081459347429
building_720,building_yes,W147000424,"POLYGON ((115.8606616 -31.9529072, 115.8606807 -31.9528649, 115.8607244 -31.9528791, 115.8609291 -31.9529459, 115.8609099 -31.9529882, 115.8606616 -31.9529072))",-31.952926537894925,115.86079533057197
building_721,building_yes,W147032847,"POLYGON ((115.860453 -31.9539422, 115.8604376 -31.9539745, 115.8604166 -31.9540186, 115.860391 -31.9540722, 115.8600981 -31.9539716, 115.8601601 -31.9538416, 115.860453 -31.9539422))",-31.95395690272577,115.86027555631559
building_722,building_yes,W147032848,"POLYGON ((115.8605136 -31.9538152, 115.8604833 -31.9538787, 115.8602691 -31.9538051, 115.8602835 -31.953775, 115.8603223 -31.9537883, 115.8603382 -31.953755, 115.8605136 -31.9538152))",-31.953814926474518,115.86039983261145
building_723,building_yes,W147032849,"POLYGON ((115.8604833 -31.9538787, 115.860453 -31.9539422, 115.8602388 -31.9538686, 115.8602691 -31.9538051, 115.8604833 -31.9538787))",-31.953873650000002,115.86036105000001
building_724,building_yes,W147032851,"POLYGON ((115.8605439 -31.9537517, 115.8605136 -31.9538152, 115.8603394 -31.9537554, 115.8603545 -31.9537237, 115.8603145 -31.95371, 115.8603297 -31.9536781, 115.8605439 -31.9537517))",-31.953748094954776,115.86043135448463
building_725,building_yes,W147033456,"POLYGON ((115.860295 -31.9542733, 115.8602268 -31.9544164, 115.8600758 -31.9543645, 115.860144 -31.9542215, 115.860295 -31.9542733))",-31.954318930829906,115.86018540601702
building_726,building_yes,W147033462,"POLYGON ((115.860391 -31.9540722, 115.860295 -31.9542733, 115.8600009 -31.9541723, 115.8600322 -31.9541067, 115.8601395 -31.9541436, 115.8601763 -31.9540666, 115.8600689 -31.9540298, 115.8600981 -31.9539716, 115.860391 -31.9540722))",-31.954128112654587,115.86021091519684
building_727,building_yes,W147035266,"POLYGON ((115.8618506 -31.9552277, 115.8621224 -31.9553185, 115.8619153 -31.9557663, 115.8619043 -31.9557444, 115.8618557 -31.9557285, 115.8618336 -31.955739, 115.8617485 -31.9557107, 115.8616582 -31.9555299, 115.8616989 -31.9554419, 115.8617594 -31.9554235, 115.8618506 -31.9552277))",-31.955488546251413,115.86188200364924
building_728,building_yes,W147035267,"POLYGON ((115.8615262 -31.9559832, 115.8616444 -31.9560207, 115.8616338 -31.9560446, 115.8616741 -31.9560574, 115.8616693 -31.9560682, 115.8616858 -31.9560735, 115.8616561 -31.9561409, 115.8616374 -31.956135, 115.8616343 -31.956142, 115.8615689 -31.9561212, 115.8615581 -31.9561457, 115.8615391 -31.9561397, 115.861523 -31.9561346, 115.8615321 -31.956114, 115.8614639 -31.9560924, 115.8615028 -31.956004, 115.8615153 -31.956008, 115.8615262 -31.9559832))",-31.95606899178352,115.86157455021473
building_729,building_yes,W147035268,"POLYGON ((115.8612408 -31.9558893, 115.8614156 -31.9559475, 115.8613285 -31.9561357, 115.8611537 -31.9560775, 115.8612408 -31.9558893))",-31.956012499999996,115.86128465
building_730,building_yes,W147035269,"POLYGON ((115.8613307 -31.9552753, 115.8612844 -31.9552985, 115.8612316 -31.9553077, 115.8611781 -31.9553016, 115.86113 -31.9552812, 115.8610924 -31.9552484, 115.8610694 -31.9552071, 115.8610636 -31.9551623, 115.8610751 -31.9551183, 115.8611027 -31.9550797, 115.8611435 -31.9550508, 115.8611931 -31.9550346, 115.8612462 -31.9550329, 115.8612971 -31.9550457, 115.8613405 -31.9550718, 115.8613716 -31.9551084, 115.8613872 -31.9551521, 115.8613851 -31.9551978, 115.8613656 -31.9552404, 115.8613307 -31.9552753))",-31.955169735279668,115.86122593093363
building_731,building_yes,W147035272,"POLYGON ((115.8617485 -31.9557107, 115.8618336 -31.955739, 115.8618557 -31.9557285, 115.8619043 -31.9557444, 115.8619153 -31.9557663, 115.8619053 -31.9557885, 115.8616045 -31.9556902, 115.8615927 -31.9556682, 115.8616582 -31.9555299, 115.8617485 -31.9557107))",-31.95567609209493,115.86171287223395
building_732,building_yes,W147039323,"POLYGON ((115.8617272 -31.9508241, 115.8614765 -31.9511949, 115.8611826 -31.9510519, 115.8614333 -31.950681, 115.8617272 -31.9508241))",-31.950937967232807,115.86145489864654
building_733,building_yes,W147041768,"POLYGON ((115.85699 -31.9538313, 115.8570736 -31.9538591, 115.8570665 -31.9538745, 115.8571774 -31.9539113, 115.8571932 -31.9539385, 115.8571597 -31.9540111, 115.8571304 -31.9540224, 115.8570156 -31.9539847, 115.8570089 -31.9539993, 115.8569252 -31.9539716, 115.85699 -31.9538313))",-31.95393533020746,115.85705884449094
building_734,building_yes,W147041769,"POLYGON ((115.8576141 -31.9543047, 115.8577317 -31.9543429, 115.8579171 -31.953935, 115.8578047 -31.9538972, 115.8576141 -31.9543047))",-31.954121321532444,115.85776623656749
building_735,building_yes,W147041770,"POLYGON ((115.8574697 -31.9537874, 115.8573266 -31.9541027, 115.8571746 -31.9540521, 115.8572356 -31.9539179, 115.8573177 -31.9537376, 115.8574697 -31.9537874))",-31.953920010714914,115.85732213908447
building_736,building_yes,W147041771,"POLYGON ((115.8576917 -31.9538599, 115.8575202 -31.9542335, 115.8573004 -31.9541605, 115.8573266 -31.9541027, 115.8574697 -31.9537874, 115.8576917 -31.9538599))",-31.954010101226842,115.857495655601
building_737,building_yes,W147041772,"POLYGON ((115.8573177 -31.9537376, 115.8572356 -31.9539179, 115.8571685 -31.9538955, 115.8572502 -31.9537155, 115.8573177 -31.9537376))",-31.953816577747133,115.85724303493852
building_738,building_yes,W147041773,"POLYGON ((115.8572502 -31.9537155, 115.8571693 -31.9538913, 115.8570736 -31.9538591, 115.85699 -31.9538313, 115.8570665 -31.9536656, 115.8570694 -31.9536593, 115.8572502 -31.9537155))",-31.953774434878,115.8571200587493
building_739,building_yes,W147041774,"POLYGON ((115.8578047 -31.9538972, 115.8576917 -31.9538599, 115.8575202 -31.9542335, 115.8575757 -31.954252, 115.8575597 -31.954287, 115.8576141 -31.9543047, 115.8578047 -31.9538972))",-31.95407371417998,115.85765916279982
building_740,building_yes,W147041777,"POLYGON ((115.8569497 -31.9547111, 115.8566153 -31.9546042, 115.8567494 -31.9543023, 115.8568905 -31.9543474, 115.8568124 -31.9545232, 115.8569154 -31.9545561, 115.8569049 -31.9545796, 115.8569953 -31.9546085, 115.8569497 -31.9547111))",-31.95452544887833,115.8567944489021
building_741,building_yes,W147048588,"POLYGON ((115.8596674 -31.9548595, 115.8596932 -31.9548062, 115.8599593 -31.9548983, 115.8599338 -31.954952, 115.8596674 -31.9548595))",-31.95487904355193,115.85981352687647
building_742,building_yes,W147048589,"POLYGON ((115.8653312 -31.9532311, 115.8655867 -31.9533121, 115.8655537 -31.9533872, 115.8652981 -31.9533063, 115.8653312 -31.9532311))",-31.953309165830326,115.86544239171843
building_743,building_yes,W147048591,"POLYGON ((115.8659961 -31.9524736, 115.8657757 -31.9524038, 115.8658121 -31.9523211, 115.8659762 -31.9523731, 115.8660325 -31.9523909, 115.8659961 -31.9524736))",-31.952397355682855,115.86590409423479
building_744,building_yes,W147048592,"POLYGON ((115.8660261 -31.9522594, 115.86606 -31.9521824, 115.8660862 -31.9521227, 115.8662999 -31.9521904, 115.8662397 -31.9523271, 115.8660261 -31.9522594))",-31.952224900017068,115.86616299087899
building_745,building_yes,W147048593,"POLYGON ((115.8596674 -31.9548595, 115.8599338 -31.954952, 115.8599066 -31.9550084, 115.8596392 -31.954916, 115.8596674 -31.9548595))",-31.95493393725445,115.85978659264336
building_746,building_yes,W147048595,"POLYGON ((115.8598127 -31.9545574, 115.860079 -31.9546495, 115.8599593 -31.9548983, 115.8596932 -31.9548062, 115.8597358 -31.9547177, 115.8598127 -31.9545574))",-31.95472784357612,115.85988608249824
building_747,building_yes,W147048596,"POLYGON ((115.8599066 -31.9550084, 115.8598775 -31.9550693, 115.8596176 -31.9549799, 115.8596466 -31.9549191, 115.8599066 -31.9550084))",-31.954994188248797,115.85976211651122
building_748,building_yes,W147048597,"POLYGON ((115.8651507 -31.9530459, 115.8653292 -31.9526403, 115.8654393 -31.9526752, 115.8654145 -31.9527315, 115.8655724 -31.9527816, 115.8654187 -31.9531308, 115.8651507 -31.9530459))",-31.952899567699216,115.86536219201528
building_749,building_yes,W147048598,"POLYGON ((115.8597969 -31.9552383, 115.8597358 -31.9553665, 115.8595601 -31.9553061, 115.8595717 -31.9552818, 115.8594757 -31.9552488, 115.8595252 -31.9551451, 115.8597969 -31.9552383))",-31.955254205042984,115.85963862276704
building_750,building_yes,W147048599,"POLYGON ((115.8598775 -31.9550693, 115.8597969 -31.9552383, 115.8596023 -31.9551714, 115.8596303 -31.9551124, 115.8595564 -31.9550871, 115.8596088 -31.9549771, 115.8598775 -31.9550693))",-31.955105383935038,115.85971602602697
building_751,building_yes,W147048600,"POLYGON ((115.8654653 -31.9531409, 115.8655536 -31.9529404, 115.865604 -31.9529564, 115.8656132 -31.9529356, 115.8657211 -31.9529698, 115.865703 -31.9530109, 115.8657165 -31.9530151, 115.8656372 -31.9531954, 115.8654653 -31.9531409))",-31.9530619334064,115.86559862020712
building_752,building_yes,W147051079,"POLYGON ((115.8592942 -31.9542403, 115.8590729 -31.9541653, 115.8592486 -31.9537949, 115.8592784 -31.9537307, 115.8595094 -31.9537958, 115.8593874 -31.9540471, 115.8592942 -31.9542403))",-31.953982535453758,115.85928956659494
building_753,building_yes,W147054131,"POLYGON ((115.858541 -31.9529092, 115.8583532 -31.953314, 115.8582201 -31.9532696, 115.8584078 -31.9528646, 115.858541 -31.9529092))",-31.95308930639043,115.85838054065663
building_754,building_yes,W147054137,"POLYGON ((115.8583422 -31.9533485, 115.8583252 -31.9533862, 115.8581109 -31.9538475, 115.8581067 -31.9538563, 115.8579694 -31.9538105, 115.8581253 -31.953474, 115.8582201 -31.9532696, 115.8583556 -31.9533159, 115.8583422 -31.9533485))",-31.95356321219066,115.85816338907006
building_755,building_yes,W147060173,"POLYGON ((115.8579858 -31.9534278, 115.8582639 -31.9528229, 115.8582661 -31.9528181, 115.858388 -31.9528584, 115.8581079 -31.9534683, 115.8579858 -31.9534278))",-31.953143259046296,115.85818690380435
building_756,building_yes,W147060174,"POLYGON ((115.8579858 -31.9534278, 115.8581079 -31.9534683, 115.8581253 -31.953474, 115.8579694 -31.9538105, 115.8578316 -31.9537648, 115.8579858 -31.9534278))",-31.95361894983477,115.85797817525929
building_757,building_yes,W147062472,"POLYGON ((115.8574117 -31.9528929, 115.8576568 -31.9529748, 115.8575903 -31.9531182, 115.8573451 -31.9530363, 115.8574117 -31.9528929))",-31.953005552843656,115.85750096892089
building_758,building_yes,W147062473,"POLYGON ((115.8580115 -31.9527387, 115.8578657 -31.9530534, 115.8576932 -31.9529964, 115.8578378 -31.9526813, 115.8580115 -31.9527387))",-31.95286726782624,115.85785213384132
building_759,building_yes,W147062474,"POLYGON ((115.8576947 -31.9528933, 115.8574495 -31.9528113, 115.8574775 -31.9527509, 115.8575488 -31.9527747, 115.8577227 -31.9528327, 115.8576947 -31.9528933))",-31.952822074781245,115.85758615805676
building_760,building_yes,W147062475,"POLYGON ((115.8576568 -31.9529748, 115.8574117 -31.9528929, 115.8574495 -31.9528113, 115.8576947 -31.9528933, 115.8576568 -31.9529748))",-31.952893066660337,115.85755316219384
building_761,building_yes,W147064079,"POLYGON ((115.8555222 -31.9512427, 115.8555453 -31.9511922, 115.8555657 -31.9511474, 115.8558189 -31.9512306, 115.8557754 -31.9513259, 115.8555222 -31.9512427))",-31.951236653588417,115.85567056063871
building_762,building_yes,W147064080,"POLYGON ((115.8557322 -31.9507825, 115.8558031 -31.9506284, 115.8561213 -31.9507291, 115.8560458 -31.9508893, 115.8557322 -31.9507825))",-31.950757624928496,115.85592673521202
building_763,building_yes,W147064081,"POLYGON ((115.8554679 -31.9513616, 115.8555222 -31.9512427, 115.8557432 -31.9513154, 115.855689 -31.9514342, 115.8554679 -31.9513616))",-31.95133847123243,115.85560555612659
building_764,building_yes,W147064083,"POLYGON ((115.8556778 -31.9509017, 115.8557322 -31.9507825, 115.8560458 -31.9508893, 115.855992 -31.9510031, 115.8556778 -31.9509017))",-31.95089373759271,115.85586088434538
building_765,building_yes,W147064084,"POLYGON ((115.8555657 -31.9511474, 115.855591 -31.9510921, 115.855605 -31.9510613, 115.8558703 -31.9511485, 115.8558189 -31.9512306, 115.8555657 -31.9511474))",-31.951146625478692,115.8557151589843
building_766,building_yes,W147064085,"POLYGON ((115.8553242 -31.9516624, 115.8554507 -31.9513852, 115.8557362 -31.951479, 115.8556097 -31.9517562, 115.8553242 -31.9516624))",-31.951570699999998,115.8555302
building_767,building_yes,W147064086,"POLYGON ((115.8558703 -31.9511485, 115.855605 -31.9510613, 115.855626 -31.9510152, 115.8556778 -31.9509017, 115.855992 -31.9510031, 115.8560458 -31.9508893, 115.8561213 -31.9507291, 115.8561482 -31.9507382, 115.8562374 -31.9507681, 115.8559581 -31.9513815, 115.8558351 -31.9513449, 115.8559169 -31.9511634, 115.8558703 -31.9511485))",-31.95104779774185,115.8559399684886
building_768,building_yes,W147064387,"POLYGON ((115.8560444 -31.951902, 115.8559268 -31.9518634, 115.8560005 -31.9517018, 115.8561181 -31.9517405, 115.8560444 -31.951902))",-31.951801918724673,115.85602244679662
building_769,building_yes,W147064388,"POLYGON ((115.8562827 -31.9517293, 115.8560773 -31.9516604, 115.8561529 -31.9514984, 115.8563583 -31.9515674, 115.8562827 -31.9517293))",-31.951613869281083,115.85621779210055
building_770,building_yes,W147064389,"POLYGON ((115.8561851 -31.9519482, 115.8560444 -31.951902, 115.8561276 -31.9517198, 115.8562683 -31.951766, 115.8561851 -31.9519482))",-31.951833999999998,115.85615634999999
building_771,building_yes,W147064390,"POLYGON ((115.8559268 -31.9518634, 115.8558231 -31.9518293, 115.8559179 -31.9516216, 115.8559691 -31.9516384, 115.855948 -31.9516847, 115.8560005 -31.9517018, 115.8559268 -31.9518634))",-31.951751672199077,115.8559144159377
building_772,building_yes,W147068298,"POLYGON ((115.8565523 -31.9513797, 115.8565968 -31.951287, 115.8567893 -31.9513544, 115.8568253 -31.951367, 115.8567816 -31.9514589, 115.8565523 -31.9513797))",-31.951373096266266,115.85668880228914
building_773,building_yes,W147068300,"POLYGON ((115.8566624 -31.9511551, 115.8567508 -31.9509361, 115.8570194 -31.9510158, 115.8569336 -31.9512338, 115.8566624 -31.9511551))",-31.95108528528421,115.85684133453127
building_774,building_yes,W147068301,"POLYGON ((115.8565968 -31.951287, 115.8566624 -31.9511551, 115.8568499 -31.9512225, 115.8567893 -31.9513544, 115.8565968 -31.951287))",-31.951254932718104,115.8567242996752
building_775,building_yes,W147068302,"POLYGON ((115.8564356 -31.9516219, 115.8564839 -31.9515201, 115.856706 -31.951596, 115.8567345 -31.9516057, 115.8566862 -31.9517076, 115.8564356 -31.9516219))",-31.951613838318835,115.85658505863992
building_776,building_yes,W147068303,"POLYGON ((115.8564356 -31.9516219, 115.8567068 -31.9517166, 115.8566549 -31.9518339, 115.8566494 -31.9518465, 115.8565398 -31.9518106, 115.8565461 -31.9517981, 115.8565529 -31.9517844, 115.856389 -31.9517278, 115.8564356 -31.9516219))",-31.951730205773167,115.8565523979483
building_777,building_yes,W147068305,"POLYGON ((115.8564839 -31.9515201, 115.8565334 -31.9514158, 115.8567587 -31.9514928, 115.856716 -31.9515746, 115.8567531 -31.9515863, 115.8567345 -31.9516057, 115.856706 -31.951596, 115.8564839 -31.9515201))",-31.951508449958197,115.85662353811092
building_778,building_residential,W147071917,"POLYGON ((115.8752607 -31.9581561, 115.8753139 -31.9580355, 115.8754898 -31.9580913, 115.8755043 -31.9580583, 115.8755221 -31.958064, 115.875551 -31.9579985, 115.8754831 -31.9579769, 115.8755033 -31.9579309, 115.875552 -31.9579463, 115.8755662 -31.9579141, 115.8757176 -31.9579621, 115.8755865 -31.9582595, 115.8752607 -31.9581561))",-31.958095241272115,115.87551198586314
building_779,building_residential,W147071920,"POLYGON ((115.8754356 -31.9577021, 115.8754007 -31.9576147, 115.8754829 -31.957591, 115.8754735 -31.9575676, 115.8754941 -31.9575616, 115.8755035 -31.9575851, 115.8755751 -31.9575645, 115.8755657 -31.957541, 115.875587 -31.9575349, 115.8755965 -31.9575586, 115.8756674 -31.9575382, 115.8756579 -31.9575144, 115.8756802 -31.957508, 115.8756896 -31.9575317, 115.8757891 -31.9575027, 115.8758241 -31.9575901, 115.8754356 -31.9577021))",-31.9576002028423,115.8756111097719
building_780,building_residential,W147071921,"POLYGON ((115.8746617 -31.9578026, 115.874741 -31.9578062, 115.8747398 -31.9578272, 115.8747311 -31.9579621, 115.8746515 -31.9579584, 115.8746531 -31.957933, 115.8746617 -31.9578026))",-31.957882366864588,115.87469634362061
building_781,building_residential,W147071923,"POLYGON ((115.8747398 -31.9578272, 115.8748194 -31.9578308, 115.8748183 -31.9578482, 115.8748093 -31.9579903, 115.8747296 -31.9579866, 115.8747311 -31.9579621, 115.8747398 -31.9578272))",-31.95790874967464,115.87477451091598
building_782,building_residential,W147071925,"POLYGON ((115.8749749 -31.9578981, 115.8750546 -31.9579017, 115.8750533 -31.9579223, 115.875044 -31.958068, 115.8749644 -31.9580644, 115.8749655 -31.9580462, 115.8749749 -31.9578981))",-31.957983037212074,115.87500946697305
building_783,building_residential,W147071926,"POLYGON ((115.8750533 -31.9579223, 115.875133 -31.957926, 115.8751317 -31.9579474, 115.8751222 -31.9580944, 115.8750426 -31.9580907, 115.875044 -31.958068, 115.8750533 -31.9579223))",-31.95800832874627,115.87508778407266
building_784,building_residential,W147071927,"POLYGON ((115.8748963 -31.957879, 115.8749759 -31.9578826, 115.8749749 -31.9578981, 115.8749655 -31.9580462, 115.8748858 -31.9580425, 115.8748878 -31.9580114, 115.8748963 -31.957879))",-31.957962594933516,115.87493087461931
building_785,building_residential,W147071929,"POLYGON ((115.8748183 -31.9578482, 115.874898 -31.9578518, 115.8748963 -31.957879, 115.8748878 -31.9580114, 115.8748081 -31.9580078, 115.8748093 -31.9579903, 115.8748183 -31.9578482))",-31.957929786543424,115.87485308083849
building_786,building_residential,W147071931,"POLYGON ((115.8751317 -31.9579474, 115.8752113 -31.9579511, 115.8752103 -31.957966, 115.8752007 -31.958115, 115.8751211 -31.9581113, 115.8751222 -31.9580944, 115.8751317 -31.9579474))",-31.958031203797994,115.87516619241826
building_787,building_residential,W147071933,"POLYGON ((115.8745828 -31.9577811, 115.8746625 -31.9577848, 115.8746617 -31.9578026, 115.8746531 -31.957933, 115.8745734 -31.9579294, 115.8745757 -31.9578939, 115.8745828 -31.9577811))",-31.957857035580027,115.8746180427711
building_788,building_residential,W147071936,"POLYGON ((115.8752103 -31.957966, 115.87529 -31.9579697, 115.875282 -31.9580948, 115.8752424 -31.958093, 115.8752395 -31.9581391, 115.8751994 -31.9581372, 115.8752007 -31.958115, 115.8752103 -31.957966))",-31.958043672789998,115.87524217860992
building_789,building_residential,W147071937,"POLYGON ((115.8751893 -31.9579387, 115.8747678 -31.957805, 115.8747983 -31.9577358, 115.8748647 -31.9577569, 115.8749062 -31.9576628, 115.8752613 -31.9577755, 115.8751893 -31.9579387))",-31.95779930576194,115.87503074134766
building_790,building_residential,W147071938,"POLYGON ((115.8744863 -31.9577846, 115.874551 -31.9577875, 115.8745524 -31.9577662, 115.8745837 -31.9577676, 115.8745828 -31.9577811, 115.8745757 -31.9578939, 115.8745268 -31.9578917, 115.8745282 -31.9578692, 115.8744811 -31.9578671, 115.8744863 -31.9577846))",-31.95783060994539,115.87453645899969
building_791,building_yes,W147108474,"POLYGON ((115.8562313 -31.9539037, 115.856457 -31.953831, 115.8564617 -31.9538166, 115.8564751 -31.953802, 115.8564896 -31.9537948, 115.8565073 -31.9537928, 115.8565248 -31.9537982, 115.8565375 -31.953805, 115.8566879 -31.9537566, 115.856633 -31.9538821, 115.8563775 -31.953956, 115.8562313 -31.9539037))",-31.953867117613434,115.85648371759949
building_792,building_yes,W147108475,"POLYGON ((115.8568178 -31.9525862, 115.8566885 -31.9525451, 115.8566899 -31.9525371, 115.8567776 -31.9523412, 115.8569131 -31.9523861, 115.8568178 -31.9525862))",-31.952463817941723,115.85679900703235
building_793,building_yes,W147108477,"POLYGON ((115.8571396 -31.9529222, 115.8566919 -31.9527767, 115.8567864 -31.9525791, 115.8572283 -31.9527307, 115.8571396 -31.9529222))",-31.952751825312276,115.85696018338761
building_794,building_yes,W147108478,"POLYGON ((115.8569661 -31.9526382, 115.8568193 -31.9525871, 115.8569157 -31.9523872, 115.8570635 -31.9524373, 115.8569661 -31.9526382))",-31.952512424029106,115.85694124485151
building_795,building_yes,W147108479,"POLYGON ((115.8572293 -31.9527295, 115.8570611 -31.9526702, 115.8571568 -31.9524698, 115.8573266 -31.9525284, 115.8572544 -31.9526795, 115.8572293 -31.9527295))",-31.95259950096152,115.8571937530392
building_796,building_yes,W147108684,"POLYGON ((115.8636193 -31.9537137, 115.8635071 -31.9539405, 115.86316 -31.9538168, 115.8632722 -31.9535901, 115.8636193 -31.9537137))",-31.953765281153363,115.86338965971156
building_797,building_yes,W147108685,"POLYGON ((115.8575385 -31.953667, 115.857134 -31.9535338, 115.8573397 -31.9530841, 115.8577442 -31.9532174, 115.8575385 -31.953667))",-31.953375569171147,115.85743909516995
building_798,building_yes,W147108686,"POLYGON ((115.8633485 -31.9542978, 115.8629185 -31.9541495, 115.8630152 -31.9539506, 115.8634459 -31.9540946, 115.8633485 -31.9542978))",-31.95412340718322,115.86318269820711
building_799,building_yes,W147108892,"POLYGON ((115.8646118 -31.9548778, 115.8648907 -31.9549685, 115.8648565 -31.9550443, 115.8647157 -31.9553557, 115.8645229 -31.9557824, 115.8644211 -31.9557493, 115.8643219 -31.9557809, 115.8643002 -31.9558289, 115.8641659 -31.9557852, 115.8641937 -31.955724, 115.863985 -31.955656, 115.8640308 -31.9555547, 115.8641902 -31.9556067, 115.8642368 -31.9555037, 115.8641774 -31.9554843, 115.8642054 -31.9554222, 115.8645431 -31.9555322, 115.8646869 -31.9552145, 115.8644561 -31.9551393, 115.8645598 -31.9549101, 115.8645924 -31.9549207, 115.8646118 -31.9548778))",-31.955392624091253,115.8644912531779
building_800,building_yes,W147108893,"POLYGON ((115.8641262 -31.954736, 115.8645096 -31.9548665, 115.8644689 -31.9549524, 115.864409 -31.954932, 115.8643873 -31.9549781, 115.8642063 -31.9549165, 115.8641978 -31.9549345, 115.8640553 -31.954886, 115.8641262 -31.954736))",-31.954863603934225,115.86427100725477
building_801,building_yes,W147109107,"POLYGON ((115.8588894 -31.9550454, 115.8589912 -31.9548335, 115.8592159 -31.9549112, 115.8591131 -31.9551222, 115.8588894 -31.9550454))",-31.9549779638092,115.85905240471659
building_802,building_yes,W147109111,"POLYGON ((115.8592468 -31.954362, 115.8591827 -31.9544949, 115.8591049 -31.9544681, 115.8590959 -31.954465, 115.8590092 -31.9544351, 115.8590699 -31.9543034, 115.8591589 -31.9543329, 115.8591605 -31.9543334, 115.8592468 -31.954362))",-31.954398776526972,115.85912744552972
building_803,building_yes,W147180921,"POLYGON ((115.8583276 -31.9545453, 115.858258 -31.9546911, 115.8582715 -31.9546957, 115.8581902 -31.9548661, 115.8581272 -31.9548445, 115.8580813 -31.9548287, 115.8580906 -31.9548093, 115.8581052 -31.9547787, 115.8580369 -31.9547553, 115.8581194 -31.9545823, 115.8581831 -31.9546042, 115.8581883 -31.9545934, 115.8581246 -31.9545715, 115.8581553 -31.954507, 115.8582218 -31.9545298, 115.8582304 -31.9545119, 115.8583276 -31.9545453))",-31.954677253207155,115.85818031444363
building_804,building_yes,W147180922,"POLYGON ((115.8589625 -31.9545326, 115.8589135 -31.9545157, 115.8590222 -31.9542871, 115.8590699 -31.9543034, 115.8589625 -31.9545326))",-31.95441023830089,115.85899177360533
building_805,building_yes,W147180923,"POLYGON ((115.8588397 -31.9545494, 115.8587892 -31.9545319, 115.858921 -31.9542562, 115.8589716 -31.9542736, 115.8588397 -31.9545494))",-31.954402755247347,115.85888038649975
building_806,building_yes,W147180924,"POLYGON ((115.8588874 -31.9545698, 115.8588381 -31.9545528, 115.8589721 -31.9542726, 115.8590222 -31.9542871, 115.8588874 -31.9545698))",-31.954420747573653,115.85892990811074
building_807,building_yes,W147180927,"POLYGON ((115.8587899 -31.9545304, 115.8587381 -31.9545125, 115.8588684 -31.9542392, 115.858921 -31.9542562, 115.8587899 -31.9545304))",-31.95438444079217,115.85882943262756
building_808,building_yes,W147180928,"POLYGON ((115.8581666 -31.9551141, 115.8582985 -31.9548376, 115.858342 -31.9548525, 115.8584477 -31.9548888, 115.8583155 -31.9551659, 115.8581666 -31.9551141))",-31.95500160145184,115.85830710536389
building_809,building_yes,W147180929,"POLYGON ((115.8583155 -31.9551659, 115.8585575 -31.9546587, 115.8587046 -31.9547092, 115.8586805 -31.9547597, 115.8587746 -31.9547921, 115.8585568 -31.9552487, 115.8583155 -31.9551659))",-31.954961928610814,115.85854974347826
building_810,building_yes,W147180931,"POLYGON ((115.8587698 -31.954209, 115.8586773 -31.9544062, 115.8586662 -31.9544025, 115.858569 -31.9546099, 115.8584712 -31.9545768, 115.8584826 -31.9545519, 115.8586593 -31.9541738, 115.8587698 -31.954209))",-31.954386821493987,115.85861999794416
building_811,building_yes,W147180932,"POLYGON ((115.8582857 -31.9540544, 115.8586593 -31.9541738, 115.8584826 -31.9545519, 115.858342 -31.9548525, 115.8582985 -31.9548376, 115.8581666 -31.9551141, 115.8581244 -31.9550999, 115.8583947 -31.9545223, 115.8581172 -31.9544288, 115.8582857 -31.9540544))",-31.954404769715207,115.85837218747658
building_812,building_yes,W147185470,"POLYGON ((115.8558429 -31.9520283, 115.8558002 -31.9521236, 115.8557468 -31.9521064, 115.855678 -31.9522603, 115.8557314 -31.9522775, 115.8556749 -31.9524039, 115.8556191 -31.9523859, 115.8556795 -31.9522508, 115.8556461 -31.95224, 115.8555857 -31.9523752, 115.855536 -31.952359, 115.8555961 -31.9522147, 115.8556156 -31.952171, 115.8556999 -31.9519823, 115.8558429 -31.9520283))",-31.952179162763084,115.85568400951864
building_813,building_yes,W147185474,"POLYGON ((115.8550552 -31.9526662, 115.8549181 -31.9526191, 115.8549438 -31.9525651, 115.855081 -31.9526122, 115.8550552 -31.9526662))",-31.952615649325523,115.85499953259014
building_814,building_yes,W147185483,"POLYGON ((115.8561632 -31.9525267, 115.8561138 -31.9526332, 115.8560327 -31.9526061, 115.8560821 -31.9524997, 115.8561632 -31.9525267))",-31.952566431229403,115.85609795345796
building_815,building_yes,W147185490,"POLYGON ((115.856322 -31.9521844, 115.8561916 -31.9524655, 115.8560521 -31.9524189, 115.8561825 -31.9521378, 115.856322 -31.9521844))",-31.95230165,115.85618705000002
building_816,building_yes,W147185492,"POLYGON ((115.855995 -31.9531629, 115.856103 -31.9529371, 115.856237 -31.9529833, 115.856129 -31.9532091, 115.855995 -31.9531629))",-31.953073099999997,115.856116
building_817,building_yes,W147185496,"POLYGON ((115.8549438 -31.9525651, 115.8550541 -31.9523339, 115.8553094 -31.9524215, 115.8551991 -31.9526527, 115.855081 -31.9526122, 115.8549438 -31.9525651))",-31.95249330502032,115.85512659776444
building_818,building_yes,W147185501,"POLYGON ((115.8561825 -31.9521378, 115.8560311 -31.9520889, 115.8558481 -31.952498, 115.8559939 -31.9525461, 115.8560521 -31.9524189, 115.8561825 -31.9521378))",-31.952316435394792,115.85601436770656
building_819,building_yes,W147185504,"POLYGON ((115.8564447 -31.9522254, 115.8562364 -31.9526742, 115.8561138 -31.9526332, 115.8561632 -31.9525267, 115.8561916 -31.9524655, 115.856322 -31.9521844, 115.8564447 -31.9522254))",-31.95242927500839,115.85627923745815
building_820,building_yes,W147185506,"POLYGON ((115.8556999 -31.9519823, 115.8556156 -31.952171, 115.8554943 -31.9521319, 115.8555307 -31.9520504, 115.855503 -31.9520414, 115.8555509 -31.9519343, 115.8556999 -31.9519823))",-31.952049669230057,115.85559063214076
building_821,building_yes,W147185508,"POLYGON ((115.8556205 -31.9525302, 115.855408 -31.9529758, 115.8552669 -31.9529274, 115.8553615 -31.9527288, 115.8553861 -31.9527372, 115.8555039 -31.9524902, 115.8556205 -31.9525302))",-31.952741510601005,115.85544484730269
building_822,building_yes,W147185518,"POLYGON ((115.8555509 -31.9519343, 115.855503 -31.9520414, 115.8554572 -31.9521437, 115.8553914 -31.9521226, 115.8554372 -31.9520202, 115.8554013 -31.9520087, 115.8554492 -31.9519016, 115.8555509 -31.9519343))",-31.952013706267547,115.85546505902697
building_823,building_yes,W147185521,"POLYGON ((115.8559992 -31.9520786, 115.8558146 -31.9524913, 115.8557632 -31.9525039, 115.855647 -31.9524664, 115.8556749 -31.9524039, 115.8557314 -31.9522775, 115.8558002 -31.9521236, 115.8558429 -31.9520283, 115.8559992 -31.9520786))",-31.95227076590249,115.85582327977905
building_824,building_yes,W147185529,"POLYGON ((115.8552669 -31.9529274, 115.854978 -31.9528282, 115.8550552 -31.9526662, 115.855215 -31.9527211, 115.8553368 -31.9524656, 115.8553472 -31.9524616, 115.855469 -31.9525034, 115.8553615 -31.9527288, 115.8552669 -31.9529274))",-31.95271945456912,115.85523691817801
building_825,building_yes,W147185530,"POLYGON ((115.855536 -31.952359, 115.8555066 -31.9524148, 115.8553678 -31.9523701, 115.8554359 -31.9522179, 115.8554064 -31.9522084, 115.8554056 -31.9522081, 115.8554267 -31.952161, 115.8554275 -31.9521613, 115.8555961 -31.9522147, 115.855536 -31.952359))",-31.952288073632104,115.85548031707725
building_826,building_yes,W147191726,"POLYGON ((115.8680502 -31.955222, 115.8680596 -31.955225, 115.8680458 -31.9552556, 115.8682138 -31.9553103, 115.8681651 -31.9554182, 115.868135 -31.9554848, 115.8676808 -31.955337, 115.8673973 -31.9552447, 115.8674762 -31.9550703, 115.8676606 -31.9551303, 115.8679805 -31.9552343, 115.8679947 -31.9552035, 115.8680502 -31.955222))",-31.95527679995057,115.86780889515136
building_827,building_yes,W147191730,"POLYGON ((115.8675848 -31.9556283, 115.8676709 -31.9554378, 115.8677112 -31.9553487, 115.8679766 -31.9554351, 115.8679364 -31.9555242, 115.8680204 -31.9555515, 115.8679343 -31.955742, 115.8679002 -31.9557309, 115.8678845 -31.9557657, 115.8677074 -31.9557081, 115.8677232 -31.9556733, 115.8675848 -31.9556283))",-31.95556053139169,115.8678078704205
building_828,building_yes,W147191740,"POLYGON ((115.8687504 -31.9560417, 115.8688012 -31.9559293, 115.8688626 -31.9559493, 115.8688826 -31.9559053, 115.8689497 -31.9559271, 115.8689286 -31.9559737, 115.8690775 -31.9560221, 115.8690985 -31.9559755, 115.8692073 -31.9560109, 115.8691634 -31.9561079, 115.8691109 -31.9560909, 115.8690841 -31.9561502, 115.8687504 -31.9560417))",-31.95603327446276,115.86897208534953
building_829,building_yes,W147191745,"POLYGON ((115.8687176 -31.9554095, 115.8687747 -31.9552834, 115.868922 -31.9553313, 115.8689538 -31.9552609, 115.8688065 -31.955213, 115.8688823 -31.9550452, 115.8690419 -31.9550971, 115.8690786 -31.9550159, 115.869235 -31.9550668, 115.8691958 -31.9551533, 115.8694572 -31.9552384, 115.8693893 -31.9553888, 115.8693219 -31.9553669, 115.8692749 -31.9554708, 115.8691562 -31.9554322, 115.869109 -31.9555368, 115.8687625 -31.9554241, 115.8687176 -31.9554095))",-31.955284056807052,115.86907921399747
building_830,building_yes,W147191746,"POLYGON ((115.8711951 -31.9530203, 115.871221 -31.9527012, 115.8718742 -31.9527394, 115.8718776 -31.9526968, 115.8719276 -31.9526997, 115.8719323 -31.9526418, 115.8714521 -31.9526137, 115.8714813 -31.9522546, 115.8722559 -31.9522999, 115.8722604 -31.952245, 115.8727838 -31.9522756, 115.8727542 -31.9526399, 115.8723567 -31.9526167, 115.8723501 -31.9526978, 115.8729638 -31.9527337, 115.8729362 -31.9530728, 115.872008 -31.9530185, 115.872004 -31.9530676, 115.8711951 -31.9530203))",-31.952686549102133,115.87210496071663
building_831,building_yes,W147191753,"POLYGON ((115.8676606 -31.9551303, 115.8677115 -31.9550177, 115.8677849 -31.9550416, 115.8678466 -31.954905, 115.8679374 -31.9549345, 115.8679713 -31.9548596, 115.8678811 -31.9548303, 115.8679254 -31.9547323, 115.8679696 -31.9547466, 115.8679985 -31.9546825, 115.8682183 -31.954754, 115.8681924 -31.9548115, 115.8682301 -31.9548238, 115.8681931 -31.9549058, 115.8681553 -31.9548935, 115.8681123 -31.9549887, 115.8681501 -31.9550009, 115.8680502 -31.955222, 115.8679947 -31.9552035, 115.8679805 -31.9552343, 115.8676606 -31.9551303))",-31.954976642532543,115.86797578855277
building_832,building_yes,W147191755,"POLYGON ((115.8697501 -31.9520451, 115.8704694 -31.9520872, 115.8704635 -31.9521593, 115.8710045 -31.952191, 115.8709957 -31.952299, 115.8709109 -31.952294, 115.8708981 -31.9524506, 115.8702867 -31.9524149, 115.8702737 -31.9525754, 115.8702328 -31.952573, 115.8702238 -31.952683, 115.8702647 -31.9526854, 115.8702615 -31.9527247, 115.8703122 -31.9527277, 115.8703324 -31.9524793, 115.8703521 -31.9524805, 115.8705129 -31.9524898, 115.8707573 -31.9525041, 115.87078 -31.952512, 115.8707821 -31.9525318, 115.8704263 -31.9529004, 115.8703697 -31.9529072, 115.8703289 -31.9528905, 115.870305 -31.9528519, 115.8703086 -31.9528088, 115.8702507 -31.9528054, 115.8702391 -31.952948, 115.8696794 -31.9529153, 115.8697009 -31.9526502, 115.8701419 -31.952676, 115.8701502 -31.9525741, 115.8697092 -31.9525483, 115.8697161 -31.9524637, 115.8697246 -31.9523589, 115.8698375 -31.9523655, 115.8698402 -31.9523323, 115.869779 -31.9523287, 115.8697824 -31.9522872, 115.8698444 -31.9522908, 115.8698482 -31.9522435, 115.8697345 -31.9522368, 115.8697501 -31.9520451))",-31.952467832931916,115.87023646256064
building_833,building_yes,W147191762,"POLYGON ((115.8687114 -31.9553091, 115.868403 -31.9552087, 115.868433 -31.9551422, 115.8687414 -31.9552425, 115.8687114 -31.9553091))",-31.955225636665293,115.86857223335899
building_834,building_yes,W147191764,"POLYGON ((115.8673607 -31.9553369, 115.8676709 -31.9554378, 115.8676211 -31.9555481, 115.8675848 -31.9556283, 115.8672746 -31.9555274, 115.8673607 -31.9553369))",-31.9554826040627,115.86747276119561
building_835,building_yes,W147191765,"POLYGON ((115.8682301 -31.9548238, 115.8682765 -31.9547212, 115.868412 -31.9547652, 115.8682867 -31.9550424, 115.8681512 -31.9549983, 115.8681931 -31.9549058, 115.8682301 -31.9548238))",-31.95488177796889,115.86828161323082
building_836,building_yes,W147191766,"POLYGON ((115.8682561 -31.9554468, 115.8682929 -31.9553654, 115.8687265 -31.9555065, 115.8686897 -31.9555879, 115.8686408 -31.9555719, 115.8686154 -31.9556279, 115.8685705 -31.9556133, 115.8685958 -31.9555573, 115.8682561 -31.9554468))",-31.9554843515995,115.86849889735255
building_837,building_yes,W147191767,"POLYGON ((115.8685541 -31.9548059, 115.8688534 -31.9549033, 115.8687084 -31.9552244, 115.8685202 -31.9551631, 115.8685425 -31.9551139, 115.868486 -31.9550955, 115.8685361 -31.9549845, 115.8684814 -31.9549667, 115.8685541 -31.9548059))",-31.9550071716541,115.86865188807413
building_838,building_yes,W147193496,"POLYGON ((115.8648064 -31.9537076, 115.864947 -31.9537547, 115.8649821 -31.9536792, 115.8652959 -31.9537843, 115.8650635 -31.9542837, 115.8646874 -31.9541578, 115.8647008 -31.9541289, 115.8646549 -31.9541136, 115.8646696 -31.9540819, 115.8646373 -31.9540711, 115.8647042 -31.9539273, 115.8648064 -31.9537076))",-31.953968629005082,115.86496004197782
building_839,building_yes,W147193500,"POLYGON ((115.8641052 -31.9544104, 115.8641585 -31.9542959, 115.8642781 -31.954336, 115.86435 -31.9541816, 115.864421 -31.9542054, 115.8643987 -31.9542533, 115.8643697 -31.9543156, 115.8644969 -31.9543582, 115.8644759 -31.9544033, 115.8645119 -31.9544154, 115.8644591 -31.9545289, 115.8641052 -31.9544104))",-31.954379919553745,115.86432775265696
building_840,building_yes,W147193502,"POLYGON ((115.863677 -31.954354, 115.8637231 -31.954255, 115.8640349 -31.9543594, 115.8639888 -31.9544584, 115.863677 -31.954354))",-31.954356699999998,115.86385594999999
building_841,building_yes,W147193504,"POLYGON ((115.8643162 -31.9536536, 115.8642849 -31.9537209, 115.8641718 -31.9536831, 115.8642031 -31.9536158, 115.8643162 -31.9536536))",-31.953668350000004,115.864244
building_842,building_yes,W147193505,"POLYGON ((115.8644078 -31.9534567, 115.864331 -31.9536219, 115.8641227 -31.9535521, 115.8641996 -31.9533869, 115.8644078 -31.9534567))",-31.953504404697988,115.86426526929355
building_843,building_yes,W147193507,"POLYGON ((115.8645422 -31.9545935, 115.8647198 -31.9542118, 115.8649949 -31.954304, 115.8648172 -31.9546857, 115.8645422 -31.9545935))",-31.954448740579853,115.86476853139723
building_844,building_yes,W147193510,"POLYGON ((115.8647337 -31.9535905, 115.8648437 -31.9536273, 115.8648064 -31.9537076, 115.8647042 -31.9539273, 115.8645942 -31.9538905, 115.8647337 -31.9535905))",-31.953758899249138,115.86471896022465
building_845,building_yes,W147193511,"POLYGON ((115.8639088 -31.9538557, 115.8642145 -31.9539581, 115.864061 -31.9542882, 115.8639739 -31.954259, 115.8639938 -31.9542162, 115.8637752 -31.9541429, 115.8639088 -31.9538557))",-31.954058744807803,115.86399618170707
building_846,building_yes,W147193512,"POLYGON ((115.8634758 -31.9542866, 115.8637224 -31.9537567, 115.8639235 -31.9538241, 115.8639088 -31.9538557, 115.8637752 -31.9541429, 115.863677 -31.954354, 115.8634758 -31.9542866))",-31.95405536872823,115.86369966520266
building_847,building_yes,W147193513,"POLYGON ((115.8643987 -31.9542533, 115.864421 -31.9542054, 115.8644741 -31.9540914, 115.8647065 -31.9541693, 115.8646759 -31.9542351, 115.8646912 -31.9542402, 115.8646465 -31.9543363, 115.8643987 -31.9542533))",-31.954214092522086,115.86455669757467
building_848,building_yes,W147193516,"POLYGON ((115.8641827 -31.9539406, 115.8642849 -31.9537209, 115.8643162 -31.9536536, 115.864331 -31.9536219, 115.8644078 -31.9534567, 115.8647073 -31.953557, 115.864469 -31.9540694, 115.8642382 -31.9539921, 115.8642515 -31.9539636, 115.8641827 -31.9539406))",-31.95376042673976,115.86444133519785
building_849,building_yes,W147197853,"POLYGON ((115.8654135 -31.9539236, 115.8655378 -31.9539652, 115.8654498 -31.9541542, 115.8654187 -31.954221, 115.8653924 -31.9542776, 115.8654857 -31.9543089, 115.8654385 -31.9544103, 115.865228 -31.9543397, 115.8651652 -31.9543187, 115.8652511 -31.9541341, 115.8653417 -31.9539395, 115.8653974 -31.9539581, 115.8654135 -31.9539236))",-31.954170197178943,115.86535825599917
building_850,building_yes,W147197854,"POLYGON ((115.8650495 -31.9545486, 115.8650967 -31.9545644, 115.8650712 -31.9546192, 115.8653166 -31.9547015, 115.8653421 -31.9546467, 115.8653952 -31.9546645, 115.8653601 -31.9547399, 115.8652791 -31.9547128, 115.8652207 -31.9548382, 115.864959 -31.9547506, 115.8649804 -31.9547047, 115.8649565 -31.9546967, 115.8650035 -31.9545958, 115.8650243 -31.9546027, 115.8650495 -31.9545486))",-31.954707801146757,115.86513490430133
building_851,building_yes,W147197855,"POLYGON ((115.8652207 -31.9548382, 115.8652791 -31.9547128, 115.8653601 -31.9547399, 115.8654593 -31.9547732, 115.865475 -31.9547394, 115.8655313 -31.9547583, 115.8655156 -31.954792, 115.8656136 -31.9548249, 115.8656503 -31.954746, 115.8658022 -31.9547969, 115.8657655 -31.9548758, 115.8657872 -31.954883, 115.8656967 -31.9550775, 115.8651885 -31.9549073, 115.8652207 -31.9548382))",-31.95488401423485,115.8655113716411
building_852,building_yes,W147197856,"POLYGON ((115.8654498 -31.9541542, 115.8655652 -31.9541929, 115.8655341 -31.9542597, 115.8654187 -31.954221, 115.8654498 -31.9541542))",-31.95420695,115.86549195000002
building_853,building_yes,W147197857,"POLYGON ((115.8652161 -31.9543652, 115.8653842 -31.9544215, 115.8653188 -31.9545621, 115.8652163 -31.9545277, 115.8651507 -31.9545058, 115.8652161 -31.9543652))",-31.954463635150706,115.8652674584568
building_854,building_yes,W147197858,"POLYGON ((115.8651507 -31.9545058, 115.8652163 -31.9545277, 115.865186 -31.9545928, 115.8651063 -31.9545662, 115.8651366 -31.9545011, 115.8651507 -31.9545058))",-31.95454694861162,115.86516130025743
building_855,building_yes,W147197859,"POLYGON ((115.8654217 -31.9544341, 115.8655251 -31.9544687, 115.8654876 -31.9545494, 115.8654758 -31.9545454, 115.8654422 -31.9546177, 115.8653505 -31.954587, 115.8654217 -31.9544341))",-31.954524703774926,115.86543627839092
building_856,building_yes,W147197860,"POLYGON ((115.8656353 -31.9545567, 115.8658394 -31.9546249, 115.8658721 -31.9546359, 115.8658421 -31.9547003, 115.8657994 -31.9547923, 115.8655626 -31.9547132, 115.8656353 -31.9545567))",-31.954674502998333,115.8657173372096
building_857,building_yes,W147197861,"POLYGON ((115.8656907 -31.9544261, 115.8656638 -31.9544844, 115.865481 -31.9544236, 115.8656715 -31.9540111, 115.8658543 -31.9540719, 115.8657264 -31.9543488, 115.8656907 -31.9544261))",-31.954247745197573,115.86566764540585
building_858,building_yes,W147197862,"POLYGON ((115.865228 -31.9543397, 115.8654385 -31.9544103, 115.8656623 -31.9544853, 115.8656505 -31.9545107, 115.8655251 -31.9544687, 115.8654217 -31.9544341, 115.8653842 -31.9544215, 115.8652161 -31.9543652, 115.865228 -31.9543397))",-31.95442518153214,115.86543906466996
building_859,building_yes,W147198208,"POLYGON ((115.8654986 -31.9557412, 115.8660398 -31.955918, 115.865968 -31.9560762, 115.8658645 -31.9560424, 115.8658776 -31.9560135, 115.8657668 -31.9559773, 115.8657757 -31.9559577, 115.8655832 -31.9558948, 115.8655732 -31.9559168, 115.8654388 -31.9558729, 115.8654986 -31.9557412))",-31.955898460588397,115.86575016147042
building_860,building_yes,W147198213,"POLYGON ((115.8653879 -31.9552536, 115.8654302 -31.9551606, 115.8656099 -31.9552193, 115.8655677 -31.9553123, 115.8653879 -31.9552536))",-31.955236452258752,115.86549891871398
building_861,building_yes,W147198214,"POLYGON ((115.8652613 -31.9555328, 115.8653035 -31.9554397, 115.8654832 -31.9554984, 115.865441 -31.9555915, 115.8652613 -31.9555328))",-31.9555156,115.86537225
building_862,building_yes,W147198215,"POLYGON ((115.8653457 -31.9553467, 115.8653879 -31.9552536, 115.8655677 -31.9553123, 115.8655254 -31.9554054, 115.8653457 -31.9553467))",-31.95532949773528,115.86545668128196
building_863,building_yes,W147198217,"POLYGON ((115.8653899 -31.9556983, 115.8651268 -31.9556123, 115.8651706 -31.9555159, 115.8654337 -31.9556018, 115.8653899 -31.9556983))",-31.95560708267485,115.86528026924668
building_864,building_yes,W147198219,"POLYGON ((115.8651769 -31.9561302, 115.8650686 -31.9560948, 115.8651607 -31.955892, 115.8652689 -31.9559273, 115.8651769 -31.9561302))",-31.956011095623865,115.86516876863604
building_865,building_yes,W147198220,"POLYGON ((115.8653187 -31.9558306, 115.8651476 -31.9557747, 115.8651915 -31.9556779, 115.8653626 -31.9557338, 115.8653187 -31.9558306))",-31.95575425,115.8652551
building_866,building_yes,W147198221,"POLYGON ((115.8652851 -31.9561655, 115.8651769 -31.9561302, 115.8652689 -31.9559273, 115.8653772 -31.9559627, 115.8652851 -31.9561655))",-31.956046404376128,115.86527703136395
building_867,building_yes,W147198222,"POLYGON ((115.8653934 -31.9562009, 115.8652851 -31.9561655, 115.8653772 -31.9559627, 115.8654854 -31.9559981, 115.8653934 -31.9562009))",-31.956081813179964,115.86538526756301
building_868,building_yes,W147198224,"POLYGON ((115.865016 -31.9560799, 115.864888 -31.9560381, 115.8649941 -31.9558045, 115.865122 -31.9558463, 115.865016 -31.9560799))",-31.955942212825036,115.86500501768651
building_869,building_yes,W147198225,"POLYGON ((115.8653035 -31.9554397, 115.8653457 -31.9553467, 115.8655254 -31.9554054, 115.8654832 -31.9554984, 115.8653035 -31.9554397))",-31.955422549999998,115.86541444999999
building_870,building_yes,W147199647,"POLYGON ((115.8629062 -31.9489234, 115.8627569 -31.9491575, 115.8626121 -31.949091, 115.8627614 -31.948857, 115.8629062 -31.9489234))",-31.949007233476777,115.86275914974824
building_871,building_yes,W147199649,"POLYGON ((115.8623084 -31.9489614, 115.8622702 -31.9490212, 115.8621031 -31.9489444, 115.8621412 -31.9488846, 115.8623084 -31.9489614))",-31.948952901497176,115.86220573474719
building_872,building_yes,W147199651,"POLYGON ((115.8621704 -31.9486518, 115.8624965 -31.9488016, 115.862376 -31.9489904, 115.8620499 -31.9488406, 115.8620555 -31.9488319, 115.8621704 -31.9486518))",-31.948821102598504,115.86227321016595
building_873,building_yes,W147199653,"POLYGON ((115.8626775 -31.9492745, 115.8622375 -31.9490725, 115.8622702 -31.9490212, 115.8623084 -31.9489614, 115.8627484 -31.9491634, 115.8626775 -31.9492745))",-31.94911794669147,115.86249294266034
building_874,building_yes,W147199655,"POLYGON ((115.8617878 -31.9488722, 115.8618405 -31.9487895, 115.8618586 -31.9487612, 115.8621356 -31.9488884, 115.8620648 -31.9489994, 115.8617878 -31.9488722))",-31.948880295009996,115.86196169088522
building_875,building_yes,W147199658,"POLYGON ((115.8621314 -31.9485617, 115.86232 -31.9486484, 115.8623 -31.9486797, 115.8621971 -31.9486325, 115.8621888 -31.9486454, 115.8621031 -31.9486061, 115.8621314 -31.9485617))",-31.948620483179212,115.86220528139921
building_876,building_yes,W147199659,"POLYGON ((115.8624854 -31.948726, 115.862745 -31.9488453, 115.8627032 -31.9489109, 115.8625172 -31.9488255, 115.8625272 -31.9488098, 115.8624535 -31.948776, 115.8624854 -31.948726))",-31.94881974226801,115.86260216810226
building_877,building_yes,W147199661,"POLYGON ((115.861798 -31.9484145, 115.8620159 -31.9485146, 115.8619694 -31.9485874, 115.8618582 -31.9485364, 115.8617436 -31.948716, 115.8617293 -31.9487385, 115.8618405 -31.9487895, 115.8617878 -31.9488722, 115.8615699 -31.9487721, 115.861798 -31.9484145))",-31.948635397209973,115.8617700015628
building_878,building_yes,W147227072,"POLYGON ((115.8499008 -31.9517752, 115.8497703 -31.9517342, 115.8497975 -31.9516731, 115.8499206 -31.9513968, 115.8499394 -31.9513546, 115.8500736 -31.9513966, 115.8499008 -31.9517752))",-31.951564284884913,115.84992141549401
building_879,building_yes,W147227076,"POLYGON ((115.8494801 -31.9517992, 115.8494985 -31.9517557, 115.849814 -31.951852, 115.8497956 -31.9518955, 115.8494801 -31.9517992))",-31.9518256,115.84964704999999
building_880,building_yes,W147227080,"POLYGON ((115.8499183 -31.9518409, 115.8501108 -31.9514116, 115.8501315 -31.9514185, 115.8504361 -31.9515139, 115.8504992 -31.9515342, 115.8504489 -31.951644, 115.8503569 -31.9518536, 115.8502931 -31.9518331, 115.850245 -31.951941, 115.8499398 -31.9518475, 115.8499183 -31.9518409))",-31.951677818255156,115.85020490167143
building_881,building_yes,W147227081,"POLYGON ((115.8492395 -31.9515198, 115.8494691 -31.9515911, 115.8494649 -31.951601, 115.8495148 -31.9516165, 115.8494696 -31.9517212, 115.8494249 -31.9517073, 115.8494205 -31.9517175, 115.8491856 -31.9516445, 115.8492395 -31.9515198))",-31.9516246396497,115.84934907577686
building_882,building_yes,W147325765,"POLYGON ((115.8627635 -31.954296, 115.8630555 -31.9543896, 115.863004 -31.9545053, 115.862858 -31.9544585, 115.8627119 -31.9544116, 115.8627635 -31.954296))",-31.954400640615034,115.862883732337
building_883,building_yes,W147325768,"POLYGON ((115.8625489 -31.9547776, 115.8626956 -31.9548247, 115.8626473 -31.954933, 115.8625006 -31.9548859, 115.8625489 -31.9547776))",-31.9548553,115.8625981
building_884,building_yes,W147325770,"POLYGON ((115.8625034 -31.9553036, 115.8625533 -31.9551915, 115.8625891 -31.9551112, 115.8627301 -31.9551564, 115.8626444 -31.9553488, 115.8625034 -31.9553036))",-31.95522999720596,115.86261674317511
building_885,building_yes,W147325771,"POLYGON ((115.8626444 -31.9553488, 115.8627301 -31.9551564, 115.8628228 -31.9549484, 115.8629894 -31.9550019, 115.862911 -31.955178, 115.8628111 -31.9554023, 115.8626444 -31.9553488))",-31.95517536653033,115.8628169148938
building_886,building_yes,W147325773,"POLYGON ((115.8627267 -31.9548347, 115.8628342 -31.9548692, 115.862804 -31.9549372, 115.8627651 -31.9549662, 115.8626803 -31.954939, 115.8627267 -31.9548347))",-31.9549020071398,115.86275617862528
building_887,building_yes,W147325774,"POLYGON ((115.8625006 -31.9548859, 115.8626473 -31.954933, 115.8627803 -31.9549756, 115.862725 -31.9550997, 115.8624453 -31.95501, 115.8625006 -31.9548859))",-31.954992811498464,115.86261279438519
building_888,building_yes,W147325776,"POLYGON ((115.862435 -31.955038, 115.8625614 -31.9550785, 115.8625163 -31.9551796, 115.8625533 -31.9551915, 115.8625034 -31.9553036, 115.86234 -31.9552512, 115.862435 -31.955038))",-31.95517509747958,115.86245858166268
building_889,building_yes,W147325777,"POLYGON ((115.862666 -31.9545148, 115.8629158 -31.9545949, 115.8628863 -31.9546612, 115.8628139 -31.9546379, 115.8627879 -31.9546961, 115.8629026 -31.9547329, 115.862882 -31.9547791, 115.86259 -31.9546854, 115.862666 -31.9545148))",-31.9546414201188,115.86274983039279
building_890,building_yes,W147325781,"POLYGON ((115.8627119 -31.9544116, 115.862858 -31.9544585, 115.863004 -31.9545053, 115.8629781 -31.9545635, 115.8628919 -31.9545359, 115.862882 -31.9545581, 115.8627854 -31.9545271, 115.8627753 -31.9545498, 115.862666 -31.9545148, 115.8627119 -31.9544116))",-31.95449603106781,115.86282108419155
building_891,building_yes,W147325782,"POLYGON ((115.86259 -31.9546854, 115.862882 -31.9547791, 115.8629173 -31.9547904, 115.8629026 -31.9548236, 115.8628606 -31.9548101, 115.8628342 -31.9548692, 115.8627267 -31.9548347, 115.8626956 -31.9548247, 115.8625489 -31.9547776, 115.86259 -31.9546854))",-31.954778452270997,115.862721012572
building_892,building_yes,W147329120,"POLYGON ((115.862911 -31.955178, 115.8629894 -31.9550019, 115.8630192 -31.954935, 115.8631908 -31.95499, 115.8630825 -31.955233, 115.862911 -31.955178))",-31.95508398884795,115.86305087895265
building_893,building_yes,W147329121,"POLYGON ((115.8632918 -31.9544692, 115.8634076 -31.9545064, 115.8632531 -31.9548517, 115.8632452 -31.9548697, 115.8631908 -31.95499, 115.8630625 -31.9549452, 115.8632316 -31.9545656, 115.8632467 -31.9545705, 115.8632918 -31.9544692))",-31.95473143781625,115.86323401172
building_894,building_yes,W147329123,"POLYGON ((115.8636774 -31.9546041, 115.8637702 -31.9546338, 115.8637636 -31.9546487, 115.863813 -31.9546645, 115.8637993 -31.9546952, 115.8637576 -31.9547889, 115.8636154 -31.9547433, 115.8636774 -31.9546041))",-31.954698306624802,115.86371464931761
building_895,building_yes,W147329124,"POLYGON ((115.8630887 -31.9544051, 115.8632587 -31.9544596, 115.8631515 -31.9547003, 115.8631335 -31.9546946, 115.8630283 -31.9549307, 115.8628869 -31.9548853, 115.8629954 -31.9546418, 115.8629847 -31.9546384, 115.8630887 -31.9544051))",-31.954659315414403,115.86307079709606
building_896,building_yes,W147329128,"POLYGON ((115.8637993 -31.9546952, 115.863873 -31.9547188, 115.8638929 -31.9546742, 115.8639823 -31.9547029, 115.8638272 -31.9550511, 115.8636001 -31.9549782, 115.8636785 -31.9548023, 115.8637425 -31.9548228, 115.8637576 -31.9547889, 115.8637993 -31.9546952))",-31.954867899213912,115.86379563436014
building_897,building_yes,W147335131,"POLYGON ((115.8549132 -31.9503387, 115.8551718 -31.9504241, 115.8550908 -31.9506006, 115.8548322 -31.9505152, 115.8549132 -31.9503387))",-31.95046965,115.85500199999998
building_898,building_yes,W147335132,"POLYGON ((115.8554466 -31.9505218, 115.8555659 -31.9505612, 115.8554588 -31.9507947, 115.8553395 -31.9507553, 115.8554466 -31.9505218))",-31.95065825,115.8554527
building_899,building_yes,W147335135,"POLYGON ((115.8551915 -31.9513328, 115.8550785 -31.951579, 115.8549753 -31.9515449, 115.8550882 -31.9512987, 115.8551915 -31.9513328))",-31.951438833074793,115.85508338391904
building_900,building_apartments,W147335137,"POLYGON ((115.8552432 -31.9504413, 115.8554186 -31.9504993, 115.8552677 -31.9508283, 115.8550923 -31.9507703, 115.8552432 -31.9504413))",-31.950634800000007,115.85525545000002
building_901,building_yes,W147335139,"POLYGON ((115.8554513 -31.9511105, 115.85542 -31.9511787, 115.8551892 -31.9511025, 115.8552205 -31.9510343, 115.8554513 -31.9511105))",-31.9511065,115.85532025
building_902,building_yes,W147335140,"POLYGON ((115.8535866 -31.9510948, 115.853737 -31.9507669, 115.8538512 -31.9508046, 115.8537008 -31.9511326, 115.8535866 -31.9510948))",-31.950949735363125,115.85371889814928
building_903,building_yes,W147335141,"POLYGON ((115.85542 -31.9511787, 115.8553886 -31.951247, 115.8551579 -31.9511708, 115.8551892 -31.9511025, 115.85542 -31.9511787))",-31.951174750524153,115.85528893405663
building_904,building_yes,W147335144,"POLYGON ((115.8554826 -31.9510422, 115.8554513 -31.9511105, 115.8552205 -31.9510343, 115.8552518 -31.950966, 115.8554826 -31.9510422))",-31.95103825,115.85535155
building_905,building_yes,W147335145,"POLYGON ((115.8553285 -31.9513781, 115.8552156 -31.9516243, 115.8550785 -31.951579, 115.8551915 -31.9513328, 115.8553285 -31.9513781))",-31.95147856255894,115.85520351770498
building_906,building_yes,W147335147,"POLYGON ((115.8555659 -31.9505612, 115.8556852 -31.9506006, 115.8556071 -31.9507709, 115.8555781 -31.9508341, 115.8554588 -31.9507947, 115.8555659 -31.9505612))",-31.95069765162713,115.85557200223016
building_907,building_yes,W147335148,"POLYGON ((115.8555139 -31.950974, 115.8554826 -31.9510422, 115.8552518 -31.950966, 115.8552831 -31.9508978, 115.8555139 -31.950974))",-31.950969999999998,115.85538285000001
building_908,building_yes,W147335149,"POLYGON ((115.8553886 -31.951247, 115.8553285 -31.9513781, 115.8551915 -31.9513328, 115.8550977 -31.9513018, 115.8551579 -31.9511708, 115.8553886 -31.951247))",-31.95127443187482,115.8552431819242
building_909,building_yes,W147335151,"POLYGON ((115.8555781 -31.9508341, 115.8555139 -31.950974, 115.8552831 -31.9508978, 115.8553473 -31.9507579, 115.8554588 -31.9507947, 115.8555781 -31.9508341))",-31.950865947293124,115.85543060118454
building_910,building_yes,W147335154,"POLYGON ((115.8549217 -31.9515206, 115.8547686 -31.951472, 115.8548189 -31.9513634, 115.8548823 -31.951242, 115.8549435 -31.951113, 115.8550932 -31.9511616, 115.8549217 -31.9515206))",-31.951317825917506,115.85493107945862
building_911,building_yes,W147335155,"POLYGON ((115.8547686 -31.951472, 115.8546206 -31.9514279, 115.854865 -31.9509103, 115.8550123 -31.950961, 115.8549435 -31.951113, 115.8548823 -31.951242, 115.8547896 -31.951213, 115.8547322 -31.9513345, 115.8548189 -31.9513634, 115.8547686 -31.951472))",-31.951175531328108,115.85481984155547
building_912,building_yes,W147339086,"POLYGON ((115.8536073 -31.949913, 115.8535097 -31.9501258, 115.8534181 -31.9503255, 115.8532045 -31.9502549, 115.8529357 -31.9501662, 115.852996 -31.9500348, 115.8531389 -31.9499184, 115.8532095 -31.9499417, 115.8532512 -31.9498507, 115.8533303 -31.9498215, 115.8536073 -31.949913))",-31.950067303993645,115.85329059712492
building_913,building_residential,W147339087,"POLYGON ((115.8534286 -31.9510434, 115.8531201 -31.9509416, 115.8532344 -31.9506824, 115.8533003 -31.9505331, 115.8533485 -31.9504335, 115.853659 -31.9505411, 115.8534286 -31.9510434))",-31.950738780121785,115.85338842575283
building_914,building_yes,W147339088,"POLYGON ((115.8535496 -31.9510834, 115.8534286 -31.9510434, 115.8535455 -31.9507885, 115.8536081 -31.950652, 115.8536261 -31.9506098, 115.853659 -31.9505411, 115.8537801 -31.9505811, 115.8535496 -31.9510834))",-31.950811983989578,115.85360436396387
building_915,building_residential,W147339089,"POLYGON ((115.8528062 -31.9508488, 115.8526354 -31.9507924, 115.8527558 -31.9505299, 115.8529266 -31.9505863, 115.8528062 -31.9508488))",-31.95068935,115.85278100000001
building_916,building_yes,W147339092,"POLYGON ((115.8538492 -31.9502379, 115.8538138 -31.9502262, 115.8535097 -31.9501258, 115.8536073 -31.949913, 115.8539468 -31.9500252, 115.8538492 -31.9502379))",-31.950075466329665,115.85372823949812
building_917,building_residential,W147339093,"POLYGON ((115.8526354 -31.9507924, 115.8524591 -31.9507342, 115.8526043 -31.9504177, 115.8527806 -31.9504759, 115.8527558 -31.9505299, 115.8526354 -31.9507924))",-31.950605050369372,115.85261984319564
building_918,building_yes,W147339094,"POLYGON ((115.8534181 -31.9503255, 115.8533702 -31.95043, 115.8530411 -31.9503213, 115.8530644 -31.9502706, 115.8531798 -31.9503088, 115.8532045 -31.9502549, 115.8534181 -31.9503255))",-31.950336763611375,115.85325060870552
building_919,building_yes,W147339098,"POLYGON ((115.8526043 -31.9504177, 115.8524591 -31.9507342, 115.8523316 -31.950692, 115.852293 -31.9506694, 115.8522802 -31.9506376, 115.8522941 -31.9506064, 115.8525457 -31.9503983, 115.8526043 -31.9504177))",-31.950577704231133,115.85244401983174
building_920,building_yes,W147339101,"POLYGON ((115.8529314 -31.9508902, 115.8528062 -31.9508488, 115.8529266 -31.9505863, 115.8529828 -31.9504637, 115.8530091 -31.9504065, 115.8530829 -31.9504308, 115.8530226 -31.9505624, 115.8530439 -31.9505694, 115.8530573 -31.9506157, 115.8529314 -31.9508902))",-31.95066913404843,115.85295403620975
building_921,building_yes,W147346154,"POLYGON ((115.8561391 -31.9540677, 115.8560018 -31.9543777, 115.8557158 -31.9542865, 115.8558004 -31.9540895, 115.85585 -31.953974, 115.8559081 -31.953992, 115.8559444 -31.9539112, 115.856115 -31.9539682, 115.8561598 -31.9539831, 115.856124 -31.9540628, 115.8561391 -31.9540677))",-31.95414519344986,115.85594419031477
building_922,building_yes,W147346156,"POLYGON ((115.8553311 -31.9536035, 115.8551855 -31.9535571, 115.8550236 -31.9535057, 115.8550692 -31.9534024, 115.8552048 -31.9530912, 115.8553183 -31.9531214, 115.8555191 -31.9531748, 115.8553311 -31.9536035))",-31.953343987773295,115.85527067155213
building_923,building_yes,W147346163,"POLYGON ((115.8551855 -31.9535571, 115.8549637 -31.954049, 115.8549586 -31.9540616, 115.8551106 -31.9541104, 115.855214 -31.9538777, 115.8552963 -31.9536844, 115.8553311 -31.9536035, 115.8551855 -31.9535571))",-31.953835322130512,115.85514586857418
building_924,building_yes,W147346165,"POLYGON ((115.8551855 -31.9535571, 115.8549637 -31.954049, 115.8544707 -31.9538946, 115.8544323 -31.9538333, 115.8546465 -31.9533409, 115.8547528 -31.9533033, 115.8550228 -31.9533879, 115.8550692 -31.9534024, 115.8550236 -31.9535057, 115.8551855 -31.9535571))",-31.95367566042986,115.8548070012145
building_925,building_yes,W147351039,"POLYGON ((115.8592335 -31.9563509, 115.8590526 -31.9567399, 115.8589803 -31.9567157, 115.858973 -31.9567313, 115.8588554 -31.9566919, 115.8588385 -31.9567283, 115.8587872 -31.9567111, 115.8587632 -31.9567626, 115.8586962 -31.9567402, 115.8587919 -31.9565344, 115.8587622 -31.9565244, 115.8587988 -31.9564459, 115.8589345 -31.9564903, 115.8590274 -31.956282, 115.8592335 -31.9563509))",-31.956538595136845,115.8589768650432
building_926,building_yes,W147351044,"POLYGON ((115.8593302 -31.9561867, 115.8592758 -31.9563059, 115.8589979 -31.9562147, 115.8590523 -31.9560955, 115.8593302 -31.9561867))",-31.9562007,115.85916405000002
building_927,building_yes,W147351045,"POLYGON ((115.8586489 -31.9560832, 115.8585489 -31.9560497, 115.8586059 -31.9559271, 115.8587059 -31.9559606, 115.8586489 -31.9560832))",-31.95600515,115.85862740000002
building_928,building_apartments,W147351047,"POLYGON ((115.8582388 -31.956293, 115.8584885 -31.9563748, 115.8583638 -31.956649, 115.8582492 -31.9566115, 115.8581307 -31.9565727, 115.8581212 -31.9565518, 115.8581634 -31.956459, 115.8582142 -31.9563472, 115.8582388 -31.956293))",-31.9564708444117,115.85830165840336
building_929,building_yes,W147351049,"POLYGON ((115.8589211 -31.9556254, 115.8591861 -31.9557125, 115.8591016 -31.9558977, 115.8590867 -31.9559302, 115.8590549 -31.9559198, 115.8589133 -31.95623, 115.8587191 -31.9561662, 115.8588588 -31.9558599, 115.8588199 -31.9558471, 115.8589211 -31.9556254))",-31.955913183620268,115.85894404570597
building_930,building_yes,W147351052,"POLYGON ((115.8586408 -31.9555334, 115.8589211 -31.9556254, 115.8588199 -31.9558471, 115.8587963 -31.955899, 115.8584835 -31.9557963, 115.8586083 -31.9555227, 115.8586408 -31.9555334))",-31.955710848876745,115.85870228431347
building_931,building_yes,W147351053,"POLYGON ((115.8593323 -31.9557605, 115.8594995 -31.9558154, 115.8593716 -31.9560959, 115.859253 -31.9560569, 115.8592794 -31.9559991, 115.8592307 -31.9559831, 115.8592478 -31.9559457, 115.8593323 -31.9557605))",-31.955922330630735,115.85935895949677
building_932,building_yes,W147359090,"POLYGON ((115.869238 -31.9564263, 115.8697618 -31.9565926, 115.8697258 -31.9566742, 115.8696848 -31.9566612, 115.8696355 -31.9567729, 115.8697101 -31.9567966, 115.8696512 -31.95693, 115.8695934 -31.957061, 115.8693627 -31.9569878, 115.8693467 -31.957024, 115.8692061 -31.9569793, 115.8691888 -31.9570185, 115.8690028 -31.9569595, 115.8691716 -31.9565768, 115.8692484 -31.9566012, 115.8692688 -31.9565551, 115.869192 -31.9565307, 115.869238 -31.9564263))",-31.95676358731058,115.86938674533621
building_933,building_yes,W147391519,"POLYGON ((115.8497456 -31.9532402, 115.8496144 -31.952968, 115.8496968 -31.9529394, 115.8497824 -31.9527188, 115.8498141 -31.9527078, 115.8499066 -31.952734, 115.8499831 -31.9527556, 115.8500487 -31.9528923, 115.85001 -31.9530153, 115.8500395 -31.9530608, 115.849945 -31.9532952, 115.8497967 -31.9533465, 115.8497456 -31.9532402))",-31.953015811778,115.8498544233622
building_934,building_yes,W147391522,"POLYGON ((115.8494573 -31.9530242, 115.8496144 -31.952968, 115.8497456 -31.9532402, 115.8497967 -31.9533467, 115.8496384 -31.9534015, 115.8494573 -31.9530242))",-31.953185170877813,115.84962683932974
building_935,building_yes,W147391523,"POLYGON ((115.8493519 -31.9535038, 115.8491581 -31.953097, 115.8491793 -31.9530896, 115.8491254 -31.9529774, 115.8493908 -31.9528856, 115.8494573 -31.9530242, 115.8496384 -31.9534015, 115.8493519 -31.9535038))",-31.95319669486075,115.84937510552435
building_936,building_yes,W147392166,"POLYGON ((115.8523517 -31.9535237, 115.8521853 -31.9539003, 115.8520888 -31.9541076, 115.8520301 -31.9542465, 115.8519221 -31.9544953, 115.8518746 -31.9546045, 115.8517477 -31.954915, 115.8517246 -31.9549714, 115.8516791 -31.9549572, 115.8516397 -31.9549726, 115.8515594 -31.9549447, 115.8514812 -31.9549728, 115.8514524 -31.9549603, 115.8514032 -31.9549388, 115.8516998 -31.9542963, 115.8517273 -31.9542334, 115.8519113 -31.9538131, 115.852077 -31.9534347, 115.8521152 -31.9534471, 115.8523517 -31.9535237))",-31.954225707016445,115.85188335084325
building_937,building_yes,W147392171,"POLYGON ((115.8519221 -31.9544953, 115.8524457 -31.9546474, 115.8523316 -31.9549291, 115.8522954 -31.9549684, 115.8522344 -31.954986, 115.8519315 -31.9549707, 115.8517477 -31.954915, 115.8518746 -31.9546045, 115.8519221 -31.9544953))",-31.954766150580802,115.85209086170298
building_938,building_yes,W147394398,"POLYGON ((115.8533429 -31.9539091, 115.853221 -31.954184, 115.8529685 -31.9541034, 115.8530904 -31.9538285, 115.8533429 -31.9539091))",-31.954006250000003,115.85315569999999
building_939,building_yes,W147394399,"POLYGON ((115.8533721 -31.9538432, 115.8535169 -31.9538894, 115.8533658 -31.9542302, 115.853221 -31.954184, 115.8533429 -31.9539091, 115.8533721 -31.9538432))",-31.95403670315249,115.853368953099
building_940,building_yes,W147394400,"POLYGON ((115.8538217 -31.9539867, 115.8540083 -31.9540479, 115.8540112 -31.9540543, 115.8538615 -31.9543881, 115.8538557 -31.9543898, 115.8536696 -31.9543296, 115.8538217 -31.9539867))",-31.95418904239698,115.85384121218912
building_941,building_yes,W147394401,"POLYGON ((115.8536692 -31.953938, 115.8538217 -31.9539867, 115.8536696 -31.9543296, 115.8536536 -31.9543658, 115.8535011 -31.9543171, 115.8535173 -31.9542805, 115.8536692 -31.953938))",-31.95415189100973,115.8536613837679
building_942,building_yes,W147394402,"POLYGON ((115.8535169 -31.9538894, 115.8536692 -31.953938, 115.8535173 -31.9542805, 115.8535084 -31.9543005, 115.8533562 -31.9542519, 115.8533658 -31.9542302, 115.8535169 -31.9538894))",-31.95409494092984,115.85351268224949
building_943,building_yes,W147396425,"POLYGON ((115.868728 -31.9529227, 115.8687404 -31.952765, 115.868793 -31.952768, 115.8688075 -31.9525823, 115.869025 -31.9525945, 115.8690361 -31.9526565, 115.869209 -31.9526342, 115.8692264 -31.9527298, 115.8692693 -31.9527274, 115.8692651 -31.9526739, 115.8694404 -31.9526702, 115.8694445 -31.9526941, 115.8695143 -31.9526905, 115.8695341 -31.952793, 115.8694215 -31.9527978, 115.8694178 -31.952845, 115.869542 -31.952852, 115.8695329 -31.9529681, 115.869182 -31.9529483, 115.8691663 -31.9529641, 115.8691413 -31.9529713, 115.8690471 -31.9529664, 115.8690491 -31.9529408, 115.868728 -31.9529227))",-31.952797986221302,115.86912144146744
building_944,building_yes,W147396426,"POLYGON ((115.8688273 -31.9520333, 115.8691173 -31.9520521, 115.869115 -31.9520783, 115.869186 -31.9520829, 115.8691883 -31.9520567, 115.8695408 -31.9520795, 115.8695311 -31.9521871, 115.86921 -31.9521663, 115.8691852 -31.952174, 115.8692097 -31.9522305, 115.8690955 -31.9522934, 115.8690857 -31.9522806, 115.8690073 -31.9522764, 115.8690049 -31.9523087, 115.8688038 -31.9522957, 115.868806 -31.952271, 115.8687707 -31.9522687, 115.8687754 -31.9522165, 115.8688103 -31.9522188, 115.8688182 -31.9521317, 115.8687832 -31.9521294, 115.8687895 -31.9520589, 115.8688248 -31.9520612, 115.8688273 -31.9520333))",-31.95215651066986,115.86909064771805
building_945,building_yes,W147396849,"POLYGON ((115.8725146 -31.9502951, 115.8728452 -31.9503134, 115.8728384 -31.9504028, 115.8725078 -31.9503845, 115.8725146 -31.9502951))",-31.950348950000006,115.87267650000003
building_946,building_yes,W147397525,"POLYGON ((115.8621151 -31.9556292, 115.8623702 -31.9557135, 115.862283 -31.9559036, 115.8620278 -31.9558193, 115.8621151 -31.9556292))",-31.955766404331055,115.86219901931675
building_947,building_yes,W147397526,"POLYGON ((115.8625722 -31.9554762, 115.8629233 -31.9555922, 115.863042 -31.9556314, 115.8629556 -31.9558196, 115.8624859 -31.9556644, 115.8625722 -31.9554762))",-31.955647901500086,115.86276392985206
building_948,building_yes,W147397531,"POLYGON ((115.8621555 -31.9555923, 115.8622007 -31.9554937, 115.8622566 -31.955372, 115.8625722 -31.9554762, 115.8624859 -31.9556644, 115.8624797 -31.9556779, 115.8624711 -31.9556966, 115.8621555 -31.9555923))",-31.955534280771676,115.86236385447549
building_949,building_yes,W147397532,"POLYGON ((115.8619874 -31.9559835, 115.8619572 -31.955974, 115.8620124 -31.9558472, 115.8623113 -31.9559408, 115.8622561 -31.9560677, 115.8622098 -31.9560532, 115.8619874 -31.9559835))",-31.955957439643846,115.86213425947363
building_950,building_yes,W147397535,"POLYGON ((115.8623285 -31.9560399, 115.8624414 -31.9560776, 115.8624629 -31.9560312, 115.8626389 -31.9560899, 115.8626168 -31.9561378, 115.8627307 -31.9561758, 115.862621 -31.9564129, 115.862218 -31.9562786, 115.8623285 -31.9560399))",-31.956215355518548,115.86247951293731
building_951,building_yes,W147456258,"POLYGON ((115.8694095 -31.9578916, 115.8694548 -31.9579065, 115.8694884 -31.9578331, 115.8695679 -31.9577922, 115.8696584 -31.957822, 115.869672 -31.9578506, 115.8697079 -31.9578383, 115.8697687 -31.9578583, 115.8696565 -31.9581036, 115.8696379 -31.9581444, 115.8696272 -31.9581409, 115.869549 -31.9581152, 115.8695327 -31.9581508, 115.8694801 -31.9581335, 115.8694622 -31.9581728, 115.8693046 -31.958121, 115.8693293 -31.958067, 115.8694095 -31.9578916))",-31.957987065740845,115.86953891767807
building_952,building_residential,W147456263,"POLYGON ((115.8702464 -31.9585865, 115.8700607 -31.9585254, 115.8701054 -31.9584277, 115.870067 -31.9584151, 115.8701055 -31.958331, 115.8700684 -31.9583188, 115.8701264 -31.9581919, 115.8702167 -31.9582216, 115.8702529 -31.9581423, 115.8702442 -31.9581395, 115.8702674 -31.9580888, 115.8702452 -31.9580815, 115.8702712 -31.9580246, 115.8704685 -31.9580895, 115.8704201 -31.9581954, 115.870442 -31.9582026, 115.8704065 -31.9582802, 115.8704261 -31.9582866, 115.8703674 -31.958415, 115.8703484 -31.9584088, 115.8703068 -31.9584997, 115.8702888 -31.9584938, 115.8702464 -31.9585865))",-31.958310121690854,115.87025786469083
building_953,building_yes,W147456265,"POLYGON ((115.8688556 -31.9579046, 115.8685954 -31.957819, 115.8686503 -31.9576988, 115.8689105 -31.9577845, 115.8688556 -31.9579046))",-31.9578017183078,115.86875293501096
building_954,building_yes,W147456266,"POLYGON ((115.8695213 -31.9589466, 115.8697341 -31.9584814, 115.8699132 -31.9585403, 115.8697004 -31.9590056, 115.8695213 -31.9589466))",-31.958743484523502,115.86971724885201
building_955,building_yes,W147456270,"POLYGON ((115.869359 -31.9587481, 115.8694078 -31.9586486, 115.8694257 -31.9586544, 115.8695065 -31.9586806, 115.8694072 -31.9589015, 115.8691522 -31.9588255, 115.869359 -31.9587481))",-31.95878708664685,115.86936668358831
building_956,building_yes,W147456273,"POLYGON ((115.8685625 -31.9584172, 115.8686238 -31.9584374, 115.8686029 -31.9584831, 115.8685416 -31.9584629, 115.8685625 -31.9584172))",-31.958450150000004,115.86858270000002
building_957,building_yes,W147456275,"POLYGON ((115.869359 -31.9587481, 115.8692465 -31.958789, 115.8691331 -31.9587512, 115.8690877 -31.9586477, 115.8691864 -31.9584349, 115.8693557 -31.9583797, 115.8694195 -31.9584012, 115.8694816 -31.9585218, 115.8694078 -31.9586486, 115.869359 -31.9587481))",-31.95858367291503,115.86928209362812
building_958,building_yes,W147456276,"POLYGON ((115.8688387 -31.9587146, 115.8689952 -31.958373, 115.8690059 -31.9583522, 115.8691363 -31.9583946, 115.8691427 -31.9584064, 115.8689804 -31.9587613, 115.8688387 -31.9587146))",-31.95855666224288,115.86899250179438
building_959,building_yes,W147456277,"POLYGON ((115.8704261 -31.9582866, 115.87051 -31.9581032, 115.8704685 -31.9580895, 115.8704201 -31.9581954, 115.870442 -31.9582026, 115.8704065 -31.9582802, 115.8704261 -31.9582866))",-31.958173770559323,115.8704570819186
building_960,building_yes,W147456278,"POLYGON ((115.868736 -31.9575005, 115.8690165 -31.9575902, 115.8689682 -31.9576987, 115.8688325 -31.9576553, 115.8688111 -31.9577035, 115.8686664 -31.9576572, 115.868736 -31.9575005))",-31.957610163253822,115.86883298966276
building_961,building_yes,W147456282,"POLYGON ((115.8688556 -31.9579046, 115.8687939 -31.9580393, 115.8687701 -31.9580315, 115.8687975 -31.9579716, 115.8687648 -31.9579609, 115.868799 -31.957886, 115.8688556 -31.9579046))",-31.957951042821993,115.86880653751531
building_962,building_yes,W147456284,"POLYGON ((115.8693449 -31.9577187, 115.8694698 -31.9577598, 115.8694095 -31.9578916, 115.8693293 -31.958067, 115.8692699 -31.9580474, 115.8692899 -31.9580038, 115.8692244 -31.9579822, 115.8692916 -31.9578352, 115.8693449 -31.9577187))",-31.95788300803567,115.86934434649017
building_963,building_yes,W147456285,"POLYGON ((115.8688855 -31.9585591, 115.8688304 -31.9586797, 115.8687662 -31.9586715, 115.8687691 -31.9586551, 115.8687461 -31.9586571, 115.8687334 -31.958683, 115.8686866 -31.9586664, 115.868637 -31.9586443, 115.8685865 -31.9586035, 115.8686275 -31.9585117, 115.8686718 -31.9585142, 115.8687945 -31.958302, 115.8687727 -31.9582866, 115.8688085 -31.958202, 115.8689292 -31.9582033, 115.8689825 -31.9582244, 115.8689824 -31.9582498, 115.8690145 -31.9582391, 115.869056 -31.9582546, 115.8690059 -31.9583522, 115.8689952 -31.958373, 115.8689742 -31.9583652, 115.8689476 -31.9583677, 115.8689452 -31.9583932, 115.8689583 -31.9583987, 115.86894 -31.9584301, 115.8689219 -31.9584264, 115.8689153 -31.9584553, 115.8689262 -31.9584575, 115.868901 -31.9585141, 115.8688842 -31.9585158, 115.8688855 -31.9585591))",-31.958441762315967,115.86882007548283
building_964,building_yes,W147456286,"POLYGON ((115.8701264 -31.9581919, 115.8702118 -31.958005, 115.8702712 -31.9580246, 115.8702452 -31.9580815, 115.8702674 -31.9580888, 115.8702442 -31.9581395, 115.8702529 -31.9581423, 115.8702167 -31.9582216, 115.8701264 -31.9581919))",-31.95811985207232,115.87020574854282
building_965,building_yes,W147456287,"POLYGON ((115.8685855 -31.9585086, 115.8685358 -31.9586174, 115.8683067 -31.958542, 115.8683168 -31.95852, 115.8682561 -31.9585, 115.8683295 -31.9583396, 115.8684631 -31.9583836, 115.8684294 -31.9584572, 115.8685855 -31.9585086))",-31.95848639149596,115.86841133524884
building_966,building_yes,W147456642,"POLYGON ((115.8696577 -31.9583175, 115.8695779 -31.9582912, 115.8696359 -31.9581644, 115.8697156 -31.9581907, 115.8696577 -31.9583175))",-31.95824096101899,115.86964676823567
building_967,building_yes,W147456643,"POLYGON ((115.8697687 -31.9578583, 115.8698832 -31.957896, 115.8697962 -31.9580861, 115.8697726 -31.9580783, 115.8697474 -31.9581335, 115.8696565 -31.9581036, 115.8697687 -31.9578583))",-31.957994432247077,115.86976974851872
building_968,building_yes,W147456644,"POLYGON ((115.8695935 -31.9582161, 115.8696272 -31.9581409, 115.869549 -31.9581152, 115.8695327 -31.9581508, 115.8694801 -31.9581335, 115.8694622 -31.9581728, 115.8693046 -31.958121, 115.869237 -31.9582689, 115.8695259 -31.958364, 115.8695935 -31.9582161))",-31.95823027273199,115.86943669907576
building_969,building_yes,W147463600,"POLYGON ((115.8703562 -31.9592061, 115.8704111 -31.9590862, 115.8704531 -31.9591, 115.8704852 -31.9590297, 115.8704432 -31.9590159, 115.8705004 -31.9588907, 115.8707603 -31.9589762, 115.8707797 -31.9589338, 115.870812 -31.9589444, 115.8707618 -31.9590543, 115.8706484 -31.9593023, 115.8703562 -31.9592061))",-31.9590956855594,115.87058174932177
building_970,building_yes,W147463602,"POLYGON ((115.8712169 -31.9592004, 115.8713106 -31.9592312, 115.8712224 -31.9594241, 115.8711287 -31.9593933, 115.8712169 -31.9592004))",-31.95931224999999,115.87121964999999
building_971,building_yes,W147463603,"POLYGON ((115.8708832 -31.9591714, 115.8707656 -31.9591314, 115.8707618 -31.9590543, 115.8708371 -31.9589174, 115.8709386 -31.9588365, 115.8710231 -31.9588643, 115.8708832 -31.9591714))",-31.95900286628411,115.87088217055089
building_972,building_yes,W147463605,"POLYGON ((115.8707885 -31.9585763, 115.8709521 -31.9586301, 115.8709168 -31.958738, 115.8708888 -31.958801, 115.8708371 -31.9589174, 115.870812 -31.9589444, 115.8706455 -31.9588891, 115.8707885 -31.9585763))",-31.95876279708489,115.87080339885817
building_973,building_yes,W147463606,"POLYGON ((115.8714254 -31.9583916, 115.8715775 -31.9584417, 115.8714907 -31.9586317, 115.8713385 -31.9585816, 115.8714254 -31.9583916))",-31.95851165841609,115.87145801895556
building_974,building_yes,W147463607,"POLYGON ((115.8709657 -31.9586001, 115.8711119 -31.9586396, 115.8710427 -31.9587794, 115.8709168 -31.958738, 115.8709657 -31.9586001))",-31.958687974347,115.87101047609993
building_975,building_yes,W147463608,"POLYGON ((115.8709168 -31.958738, 115.8710427 -31.9587794, 115.8711692 -31.9588211, 115.8711388 -31.9588876, 115.8708888 -31.958801, 115.8709168 -31.958738))",-31.95881230687564,115.87102962088105
building_976,building_residential,W147463610,"POLYGON ((115.8711051 -31.9582953, 115.8709657 -31.9586001, 115.8709521 -31.9586301, 115.8707885 -31.9585763, 115.8706884 -31.9585433, 115.8708414 -31.9582086, 115.8711051 -31.9582953))",-31.958419325788014,115.87089672798051
building_977,building_yes,W147463611,"POLYGON ((115.8715775 -31.9584417, 115.8716693 -31.9584719, 115.871708 -31.9585449, 115.8716403 -31.9586931, 115.8714858 -31.9586423, 115.8714907 -31.9586317, 115.8715775 -31.9584417))",-31.958571002276802,115.87160362611753
building_978,building_yes,W147463613,"POLYGON ((115.8713092 -31.9591536, 115.8712064 -31.9591198, 115.8712161 -31.9590984, 115.8711265 -31.9590689, 115.8711661 -31.9589821, 115.8713586 -31.9590455, 115.8713092 -31.9591536))",-31.959065184362426,115.87124487226563
building_979,building_yes,W147463614,"POLYGON ((115.8711051 -31.9582953, 115.8713212 -31.9583664, 115.8712687 -31.9584814, 115.8712501 -31.9584753, 115.8711941 -31.9585977, 115.8711347 -31.9585781, 115.8711119 -31.9586396, 115.8709657 -31.9586001, 115.8711051 -31.9582953))",-31.958467307628396,115.87113935221517
building_980,building_yes,W147463615,"POLYGON ((115.8708163 -31.9593717, 115.8710446 -31.9588723, 115.8710833 -31.9588851, 115.8710281 -31.9590059, 115.8710967 -31.9590285, 115.871152 -31.9589077, 115.8711832 -31.9589179, 115.8710527 -31.9592036, 115.8709548 -31.9594173, 115.8708163 -31.9593717))",-31.959170407469063,115.87098747290106
building_981,building_yes,W147463616,"POLYGON ((115.8710527 -31.9592036, 115.8710697 -31.9592092, 115.8710925 -31.9591595, 115.8712169 -31.9592004, 115.8711287 -31.9593933, 115.8710964 -31.9594639, 115.8709827 -31.9594265, 115.8709916 -31.959407, 115.8709641 -31.959398, 115.8710527 -31.9592036))",-31.95931032538434,115.87108800011018
building_982,building_yes,W147464893,"POLYGON ((115.8648536 -31.9562327, 115.8651256 -31.9563229, 115.8650408 -31.956507, 115.8650029 -31.9564944, 115.8650234 -31.9564499, 115.8649866 -31.9564377, 115.8649661 -31.9564822, 115.864898 -31.9564597, 115.8649177 -31.956417, 115.8648824 -31.9564053, 115.8648627 -31.956448, 115.8647918 -31.9564245, 115.8648162 -31.9563716, 115.8647932 -31.956364, 115.8648469 -31.9562473, 115.8648536 -31.9562327))",-31.956363702722882,115.86495149643082
building_983,building_yes,W147464895,"POLYGON ((115.8651554 -31.9563342, 115.8654153 -31.9564183, 115.8652401 -31.9568078, 115.8649801 -31.9567236, 115.8649913 -31.9566989, 115.8651554 -31.9563342))",-31.95657098989272,115.86519774219849
building_984,building_yes,W147464897,"POLYGON ((115.8642506 -31.9560673, 115.8645216 -31.9561531, 115.8644512 -31.9563132, 115.8641797 -31.9562265, 115.8642506 -31.9560673))",-31.956190092869058,115.86435084988287
building_985,building_yes,W147464898,"POLYGON ((115.8645852 -31.956164, 115.8648469 -31.9562473, 115.8647932 -31.956364, 115.8647781 -31.9564085, 115.8645155 -31.9563216, 115.8645748 -31.9561876, 115.8645852 -31.956164))",-31.956285232206422,115.86468095909794
building_986,building_yes,W147478284,"POLYGON ((115.8642506 -31.9560673, 115.8641797 -31.9562265, 115.8641314 -31.9563269, 115.8640097 -31.9562873, 115.8640672 -31.9561582, 115.8640268 -31.9561452, 115.8639694 -31.9562742, 115.8638415 -31.9562326, 115.8638812 -31.9561446, 115.8639841 -31.9559187, 115.8641124 -31.9559598, 115.864058 -31.9560819, 115.8640915 -31.9560927, 115.8641457 -31.9559708, 115.864275 -31.9560123, 115.8642506 -31.9560673))",-31.956121688561986,115.86405894063897
building_987,building_residential,W147478286,"POLYGON ((115.8637555 -31.9564232, 115.8638415 -31.9562326, 115.8639694 -31.9562742, 115.8640097 -31.9562873, 115.8641314 -31.9563269, 115.8641098 -31.9563746, 115.8638454 -31.9569596, 115.8635531 -31.9568645, 115.8636416 -31.9566755, 115.8637555 -31.9564232))",-31.956596359016288,115.8638431968463
building_988,building_yes,W147507840,"POLYGON ((115.8639841 -31.9559187, 115.8638812 -31.9561446, 115.8636654 -31.9560745, 115.8637535 -31.9558721, 115.8637693 -31.9558536, 115.8639841 -31.9559187))",-31.955997294017326,115.86382386826502
building_989,building_yes,W147507843,"POLYGON ((115.8645668 -31.9568763, 115.864971 -31.957009, 115.8650335 -31.9570284, 115.8649329 -31.9572557, 115.86485 -31.9572289, 115.8648276 -31.9572787, 115.8644408 -31.9571537, 115.8644618 -31.9571069, 115.8644906 -31.9570428, 115.8645668 -31.9568763))",-31.957085438067004,115.864732745125
building_990,building_yes,W147507892,"POLYGON ((115.8650335 -31.9570284, 115.8651191 -31.9568348, 115.8652559 -31.9568783, 115.8651483 -31.9571237, 115.8650468 -31.9573531, 115.8650185 -31.957344, 115.8650035 -31.9573342, 115.8649838 -31.9573117, 115.8649778 -31.9572992, 115.8649275 -31.9572678, 115.8649329 -31.9572557, 115.8650335 -31.9570284))",-31.957085623842172,115.86508800295707
building_991,building_yes,W147507893,"POLYGON ((115.8653944 -31.9567971, 115.8653889 -31.9568093, 115.8652999 -31.9567803, 115.8653341 -31.9567064, 115.8656292 -31.9568006, 115.8656031 -31.9568652, 115.8653944 -31.9567971))",-31.956785550696587,115.86546197322558
building_992,building_yes,W147507894,"POLYGON ((115.8651483 -31.9571237, 115.8652372 -31.9571521, 115.8653889 -31.9568093, 115.8653944 -31.9567971, 115.8656031 -31.9568652, 115.8656215 -31.9568694, 115.8654669 -31.9572187, 115.8653774 -31.9574211, 115.8653255 -31.9574477, 115.8651972 -31.9574068, 115.8650445 -31.9573582, 115.8650468 -31.9573531, 115.8651483 -31.9571237))",-31.957144144470785,115.86534535403437
building_993,building_yes,W147649573,"POLYGON ((115.8577318 -31.9560574, 115.8576208 -31.956017, 115.8576662 -31.9559272, 115.8577772 -31.9559676, 115.8577318 -31.9560574))",-31.9559923,115.857699
building_994,building_yes,W147649574,"POLYGON ((115.8580287 -31.9562121, 115.8581247 -31.9562435, 115.8579948 -31.9565298, 115.8578987 -31.9564984, 115.8580287 -31.9562121))",-31.956370971369772,115.85801171438641
building_995,building_yes,W147649576,"POLYGON ((115.8575451 -31.9560426, 115.8578014 -31.9561319, 115.8577779 -31.9561805, 115.8575216 -31.9560913, 115.8575451 -31.9560426))",-31.956111561259412,115.85766146273525
building_996,building_yes,W147649580,"POLYGON ((115.8575233 -31.9557901, 115.8574176 -31.9560228, 115.8571319 -31.9559295, 115.8572376 -31.9556967, 115.8574892 -31.955779, 115.8575233 -31.9557901))",-31.95585977875932,115.85732758433542
building_997,building_yes,W147649581,"POLYGON ((115.8571319 -31.9559295, 115.8574176 -31.9560228, 115.8574948 -31.956048, 115.8574778 -31.9560858, 115.8573839 -31.9562934, 115.8573771 -31.9563085, 115.8570138 -31.9561897, 115.8571319 -31.9559295))",-31.956118959742295,115.85725441714419
building_998,building_yes,W147649583,"POLYGON ((115.8577632 -31.9552616, 115.8576407 -31.9555315, 115.8575586 -31.9555047, 115.857394 -31.9554509, 115.8573609 -31.9554222, 115.8574667 -31.9551891, 115.8575236 -31.9551833, 115.8577632 -31.9552616))",-31.95535044225354,115.85755974304085
building_999,building_yes,W147649585,"POLYGON ((115.8579098 -31.9553095, 115.8578058 -31.9555488, 115.8575987 -31.9556393, 115.8575712 -31.9556489, 115.857556 -31.9556629, 115.8575518 -31.9556821, 115.857565 -31.9556974, 115.8575353 -31.9557644, 115.8573501 -31.9557023, 115.8574362 -31.9555135, 115.8575127 -31.9555383, 115.8575243 -31.9555126, 115.8575586 -31.9555047, 115.8576407 -31.9555315, 115.8577632 -31.9552616, 115.8579098 -31.9553095))",-31.95552635966493,115.85763888552428
building_1000,building_yes,W147649586,"POLYGON ((115.8579098 -31.9553095, 115.8580181 -31.955345, 115.8578676 -31.9556765, 115.8579518 -31.9559038, 115.8579165 -31.9558923, 115.8577794 -31.9556274, 115.8578058 -31.9555488, 115.8579098 -31.9553095))",-31.955550546384924,115.85788883436221
building_1001,building_yes,W147649588,"POLYGON ((115.8580434 -31.9561798, 115.8581406 -31.9559655, 115.8581674 -31.9559743, 115.8582033 -31.9560565, 115.8581614 -31.9561488, 115.8580693 -31.9561883, 115.8580434 -31.9561798))",-31.956085444040696,115.85813124700397
building_1002,building_yes,W147649590,"POLYGON ((115.8574207 -31.9554761, 115.8573216 -31.9556981, 115.8572463 -31.9556738, 115.8573469 -31.9554524, 115.8574207 -31.9554761))",-31.9555754840682,115.8573337053035
building_1003,building_yes,W147649591,"POLYGON ((115.8579165 -31.9558923, 115.8579518 -31.9559038, 115.8581406 -31.9559655, 115.8580434 -31.9561798, 115.8580287 -31.9562121, 115.8578987 -31.9564984, 115.8576746 -31.9564252, 115.8576892 -31.956393, 115.8577645 -31.956227, 115.8579165 -31.9558923))",-31.956195341247707,115.8579076003117
building_1004,building_yes,W147650184,"POLYGON ((115.8574369 -31.9563106, 115.8573839 -31.9562934, 115.8574778 -31.9560858, 115.857517 -31.9560986, 115.8575122 -31.9561446, 115.8574369 -31.9563106))",-31.956200401071623,115.85745573781594
building_1005,building_yes,W147653606,"POLYGON ((115.8585881 -31.9512631, 115.8585751 -31.951178, 115.8588055 -31.9511526, 115.8588119 -31.9511941, 115.8588185 -31.9512376, 115.8585881 -31.9512631))",-31.951207826439965,115.85869679087568
building_1006,building_yes,W147657142,"POLYGON ((115.8596025 -31.9496505, 115.8597146 -31.9494708, 115.8597779 -31.9494992, 115.8598032 -31.9494585, 115.8599049 -31.9495042, 115.8598502 -31.9495918, 115.8598909 -31.9496101, 115.8598201 -31.9497236, 115.8597246 -31.9496806, 115.8597125 -31.9497, 115.8596025 -31.9496505))",-31.949591503708543,115.85976362017979
building_1007,building_yes,W147657144,"POLYGON ((115.8603347 -31.9500353, 115.8600124 -31.9498876, 115.86003 -31.9498601, 115.8599303 -31.9498144, 115.8599663 -31.9497579, 115.8599062 -31.9497303, 115.8599571 -31.9496505, 115.8600204 -31.9496795, 115.8600548 -31.9496256, 115.8601652 -31.9496763, 115.860194 -31.9496311, 115.860279 -31.9496701, 115.8602644 -31.949693, 115.860537 -31.9498182, 115.8605232 -31.9498399, 115.8604797 -31.949908, 115.8604733 -31.949905, 115.8604253 -31.949883, 115.8603992 -31.949924, 115.8604246 -31.9499356, 115.8604129 -31.949954, 115.8604824 -31.9499859, 115.8604767 -31.9499949, 115.8604675 -31.9500094, 115.8604426 -31.9500482, 115.8603528 -31.9500069, 115.8603347 -31.9500353))",-31.949824931954435,115.86022050666843
building_1008,building_yes,W147657149,"POLYGON ((115.8593291 -31.9492965, 115.8593811 -31.9492132, 115.8595568 -31.9492921, 115.8595049 -31.9493754, 115.8594431 -31.9493477, 115.8593291 -31.9492965))",-31.94929430804873,115.8594429639792
building_1009,building_yes,W147657155,"POLYGON ((115.859182 -31.9495323, 115.8592324 -31.9494515, 115.8594327 -31.9495415, 115.8594741 -31.9495601, 115.8594237 -31.9496409, 115.859182 -31.9495323))",-31.94954620023937,115.85932804956592
building_1010,building_yes,W147657156,"POLYGON ((115.860521 -31.9500538, 115.8606247 -31.9500532, 115.8606262 -31.9502344, 115.8605937 -31.9502497, 115.8605223 -31.9502188, 115.860521 -31.9500538))",-31.950145313068084,115.86057471094385
building_1011,building_yes,W147657158,"POLYGON ((115.8592324 -31.9494515, 115.8592665 -31.9493969, 115.8595087 -31.9495057, 115.8594808 -31.9495504, 115.8594389 -31.9495316, 115.8594327 -31.9495415, 115.8592324 -31.9494515))",-31.949476426718018,115.85936776294187
building_1012,building_dormitory,W147657160,"POLYGON ((115.8592665 -31.9493969, 115.8593291 -31.9492965, 115.8594431 -31.9493477, 115.8594233 -31.9493793, 115.8595516 -31.9494369, 115.8595087 -31.9495057, 115.8592665 -31.9493969))",-31.94940285933168,115.85940321204481
building_1013,building_yes,W147659126,"POLYGON ((115.8603837 -31.9484392, 115.860543 -31.9485107, 115.8605248 -31.9485399, 115.8604651 -31.9485631, 115.8603718 -31.9485211, 115.8603643 -31.9484703, 115.8603837 -31.9484392))",-31.948505922420956,115.86044307983714
building_1014,building_yes,W147659131,"POLYGON ((115.859462 -31.9490364, 115.8595556 -31.9488864, 115.8596687 -31.9489373, 115.8596128 -31.9490269, 115.859629 -31.9490341, 115.8595836 -31.9491069, 115.8594699 -31.9490558, 115.859462 -31.9490364))",-31.94899722677892,115.85956421068617
building_1015,building_yes,W147659969,"POLYGON ((115.8642139 -31.9497829, 115.8651042 -31.9501828, 115.8649571 -31.9504186, 115.8648661 -31.9503777, 115.8648195 -31.9504525, 115.8641047 -31.9501314, 115.8641548 -31.9500511, 115.8640703 -31.9500132, 115.8642139 -31.9497829))",-31.950132134331028,115.86456601678147
building_1016,building_yes,W147691600,"POLYGON ((115.8589528 -31.9528538, 115.8589562 -31.9528396, 115.8589635 -31.9528336, 115.8589806 -31.9528308, 115.8590071 -31.9528339, 115.8590407 -31.9528473, 115.8590718 -31.9528666, 115.8590829 -31.9528774, 115.8590822 -31.9528859, 115.8590752 -31.9528914, 115.8590527 -31.9528939, 115.8590202 -31.9528911, 115.858985 -31.9528823, 115.8589595 -31.9528677, 115.8589528 -31.9528538))",-31.952863888090604,115.85901431517729
building_1017,building_yes,W147699143,"POLYGON ((115.8568839 -31.9557861, 115.8569769 -31.9555778, 115.8572055 -31.9556514, 115.857109 -31.9558672, 115.8568905 -31.9557969, 115.8568839 -31.9557861))",-31.955722456424176,115.85704310038184
building_1018,building_yes,W147699147,"POLYGON ((115.8569769 -31.9555778, 115.8570015 -31.9555229, 115.85723 -31.9555964, 115.8572055 -31.9556514, 115.8569769 -31.9555778))",-31.955587134148015,115.85710349441915
building_1019,building_yes,W147699148,"POLYGON ((115.85723 -31.9555964, 115.8570015 -31.9555229, 115.8570297 -31.9554598, 115.8572582 -31.9555333, 115.85723 -31.9555964))",-31.9555281,115.85712985000002
building_1020,building_yes,W147699153,"POLYGON ((115.8572582 -31.9555333, 115.8570297 -31.9554598, 115.8570648 -31.9553813, 115.8570781 -31.9553765, 115.8572969 -31.9554469, 115.8572582 -31.9555333))",-31.955453487240515,115.85716346637186
building_1021,building_yes,W147699154,"POLYGON ((115.8567614 -31.9550373, 115.8564863 -31.9549489, 115.8565259 -31.9548602, 115.8568011 -31.9549487, 115.8567614 -31.9550373))",-31.95494876667016,115.85664366117535
building_1022,building_yes,W147699162,"POLYGON ((115.856778 -31.9558903, 115.8567072 -31.9560462, 115.8565684 -31.9560014, 115.8566043 -31.9559872, 115.8566182 -31.9559922, 115.8566852 -31.95597, 115.8566881 -31.9559608, 115.8567189 -31.9559436, 115.8567347 -31.9559082, 115.8567262 -31.9558956, 115.8567525 -31.9558823, 115.856778 -31.9558903))",-31.955978412465804,115.8566937121104
building_1023,building_yes,W147699164,"POLYGON ((115.8562042 -31.9555976, 115.8561711 -31.9556765, 115.8561939 -31.955723, 115.8562097 -31.95572, 115.8562181 -31.9557015, 115.8562812 -31.9556774, 115.856293 -31.9556817, 115.856332 -31.9556713, 115.8563742 -31.9556849, 115.8563794 -31.9556953, 115.8563923 -31.9556907, 115.8564414 -31.9557065, 115.8564442 -31.9557306, 115.8564604 -31.9557224, 115.8565369 -31.955747, 115.8565421 -31.9557621, 115.8565633 -31.9557457, 115.8566027 -31.9557584, 115.8566082 -31.9557695, 115.8566219 -31.9557646, 115.8566573 -31.955776, 115.8566727 -31.9558059, 115.8566895 -31.9558106, 115.8567215 -31.9558686, 115.8567181 -31.9558829, 115.8567262 -31.9558956, 115.8567525 -31.9558823, 115.856778 -31.9558903, 115.8568086 -31.955823, 115.8567865 -31.9557897, 115.856501 -31.9556945, 115.8564142 -31.9556656, 115.8562042 -31.9555976))",-31.955730616907257,115.85649659644177
building_1024,building_yes,W147699168,"POLYGON ((115.8564863 -31.9549489, 115.8567614 -31.9550373, 115.8566581 -31.9552688, 115.8563862 -31.9551819, 115.8564863 -31.9549489))",-31.955108972573512,115.85657306397248
building_1025,building_yes,W147699170,"POLYGON ((115.8573373 -31.9553428, 115.8573064 -31.9554119, 115.8570845 -31.9553405, 115.8571153 -31.9552714, 115.8573373 -31.9553428))",-31.955341650153535,115.85721088354217
building_1026,building_yes,W147699171,"POLYGON ((115.8569829 -31.9550072, 115.8571701 -31.9550674, 115.8569467 -31.9555673, 115.856757 -31.9555063, 115.8569829 -31.9550072))",-31.955287601826686,115.85696392669261
building_1027,building_yes,W147699177,"POLYGON ((115.8569829 -31.9550072, 115.856757 -31.9555063, 115.8566068 -31.955458, 115.8565777 -31.9554486, 115.8566581 -31.9552688, 115.8568011 -31.9549487, 115.8569829 -31.9550072))",-31.95522713218795,115.85677994212148
building_1028,building_yes,W147699178,"POLYGON ((115.8563862 -31.9551819, 115.8566581 -31.9552688, 115.8565777 -31.9554486, 115.8566068 -31.955458, 115.8565924 -31.9554891, 115.8562939 -31.9553926, 115.8563862 -31.9551819))",-31.955332856431486,115.8564773319127
building_1029,building_yes,W147699183,"POLYGON ((115.8571998 -31.9550824, 115.8574217 -31.9551538, 115.8573373 -31.9553428, 115.8571153 -31.9552714, 115.8571339 -31.9552297, 115.8571029 -31.9552198, 115.8571523 -31.9551092, 115.8571833 -31.9551192, 115.8571998 -31.9550824))",-31.955209343201027,115.85725903650967
building_1030,building_yes,W147699185,"POLYGON ((115.8562939 -31.9553926, 115.8565924 -31.9554891, 115.8565677 -31.9555442, 115.8565501 -31.9555386, 115.8565002 -31.9556502, 115.856431 -31.9556279, 115.8564142 -31.9556656, 115.8562042 -31.9555976, 115.8562939 -31.9553926))",-31.95553431700276,115.85638909196699
building_1031,building_yes,W147710575,"POLYGON ((115.8572467 -31.9596965, 115.8572599 -31.9596673, 115.857172 -31.9596387, 115.8572181 -31.9595364, 115.8572599 -31.95955, 115.8572722 -31.9595228, 115.8573737 -31.9595558, 115.8573958 -31.9595068, 115.8575266 -31.9595493, 115.8575052 -31.9595968, 115.8576319 -31.959638, 115.857649 -31.9596436, 115.8576377 -31.9596686, 115.8577112 -31.9596925, 115.8576624 -31.9598004, 115.8575975 -31.9597793, 115.8575852 -31.9598066, 115.8572467 -31.9596965))",-31.95965768897236,115.85744247161584
building_1032,building_yes,W147710576,"POLYGON ((115.858866 -31.9600076, 115.8585642 -31.9599069, 115.8586442 -31.9597341, 115.8587282 -31.9597622, 115.8587329 -31.9597521, 115.8586671 -31.9597302, 115.8586902 -31.9596803, 115.8587596 -31.9597035, 115.8587421 -31.9597412, 115.8587551 -31.9597455, 115.8587728 -31.9597074, 115.8588411 -31.9597302, 115.8588234 -31.9597683, 115.858833 -31.9597716, 115.8588703 -31.9596913, 115.8587029 -31.9596354, 115.8587701 -31.9594906, 115.8589806 -31.9595608, 115.8589229 -31.9596852, 115.8589299 -31.9596875, 115.8589038 -31.9597438, 115.858941 -31.9597562, 115.8589099 -31.9598232, 115.8589459 -31.9598352, 115.858866 -31.9600076))",-31.959766633836768,115.858792270071
building_1033,building_yes,W147710577,"POLYGON ((115.8586274 -31.9604036, 115.8586765 -31.96042, 115.858641 -31.960497, 115.8585918 -31.9604806, 115.8586274 -31.9604036))",-31.96045031079937,115.85863416823916
building_1034,building_yes,W147710578,"POLYGON ((115.8569188 -31.9601961, 115.857103 -31.9598193, 115.8571788 -31.9596515, 115.8572367 -31.9596703, 115.856992 -31.9602215, 115.8569188 -31.9601961))",-31.95994756928735,115.85707677491831
building_1035,building_yes,W147710582,"POLYGON ((115.8575555 -31.9598387, 115.8576106 -31.9598567, 115.8575043 -31.9600907, 115.8573992 -31.9603222, 115.857344 -31.9603042, 115.8575555 -31.9598387))",-31.96008050877634,115.85747728989689
building_1036,building_yes,W147710583,"POLYGON ((115.8584739 -31.960152, 115.8584231 -31.9601349, 115.8584942 -31.9599835, 115.8585032 -31.9599865, 115.858545 -31.9600006, 115.8584739 -31.960152))",-31.96006774347052,115.85848405253292
building_1037,building_yes,W147710585,"POLYGON ((115.8586973 -31.9600373, 115.8587211 -31.9600452, 115.8587334 -31.9600492, 115.8587379 -31.9600507, 115.8586371 -31.9602707, 115.8585965 -31.9602573, 115.8586973 -31.9600373))",-31.96015400738847,115.85866719682791
building_1038,building_yes,W147710586,"POLYGON ((115.8595807 -31.959362, 115.8594559 -31.9596321, 115.8592774 -31.9595727, 115.859289 -31.9595475, 115.8590121 -31.9594555, 115.859 -31.9594817, 115.8588223 -31.9594226, 115.8589475 -31.9591515, 115.8595807 -31.959362))",-31.959386660038994,115.85920381980561
building_1039,building_yes,W147710587,"POLYGON ((115.859724 -31.9594958, 115.8599086 -31.9595545, 115.8598331 -31.9597254, 115.8598049 -31.9597165, 115.8597928 -31.959744, 115.8596622 -31.9597025, 115.8596737 -31.9596766, 115.8596478 -31.9596684, 115.859724 -31.9594958))",-31.959620786241185,115.85977381995546
building_1040,building_yes,W147713909,"POLYGON ((115.8584908 -31.9598956, 115.8584292 -31.9600268, 115.8583972 -31.960016, 115.8583804 -31.9600518, 115.8580612 -31.9599439, 115.8580775 -31.9599092, 115.857981 -31.9598766, 115.8580308 -31.9597707, 115.858123 -31.9598018, 115.8581369 -31.9597723, 115.8581867 -31.9597891, 115.858199 -31.9597629, 115.8582954 -31.9597955, 115.8582986 -31.9597886, 115.8584205 -31.9598298, 115.8584035 -31.9598661, 115.8584908 -31.9598956))",-31.959896442202897,115.85824652117464
building_1041,building_yes,W147718313,"POLYGON ((115.8557399 -31.9546075, 115.8561046 -31.954727, 115.8559854 -31.9549889, 115.8556207 -31.9548693, 115.8557399 -31.9546075))",-31.95479818068067,115.85586265902056
building_1042,building_yes,W147718316,"POLYGON ((115.855341 -31.9544793, 115.85526 -31.9546573, 115.8552421 -31.9546967, 115.8550938 -31.9546481, 115.8551118 -31.9546087, 115.8551928 -31.9544307, 115.855341 -31.9544793))",-31.954563706980725,115.85521742846886
building_1043,building_yes,W147718317,"POLYGON ((115.8551928 -31.9544307, 115.8551118 -31.9546087, 115.8550844 -31.9545997, 115.855075 -31.9546204, 115.8549279 -31.9545722, 115.8550184 -31.9543735, 115.8551928 -31.9544307))",-31.954499569511043,115.8550598173682
building_1044,building_yes,W147718318,"POLYGON ((115.855563 -31.9545538, 115.8555703 -31.9545626, 115.8555715 -31.9545714, 115.8555679 -31.9545813, 115.8554978 -31.9547352, 115.85526 -31.9546573, 115.855341 -31.9544793, 115.8555417 -31.954545, 115.8555542 -31.9545492, 115.855563 -31.9545538))",-31.954607371364563,115.85541901384791
building_1045,building_yes,W147727245,"POLYGON ((115.8554455 -31.9551404, 115.8553522 -31.9551098, 115.8554573 -31.954879, 115.8560583 -31.955076, 115.8559987 -31.9551038, 115.8558078 -31.9551809, 115.8557517 -31.955081, 115.8556904 -31.9550621, 115.8554455 -31.9551404))",-31.95503773603024,115.85565237875264
building_1046,building_yes,W147733459,"POLYGON ((115.8536501 -31.955094, 115.853738 -31.9548884, 115.853808 -31.9547229, 115.8541274 -31.954821, 115.8541025 -31.9548792, 115.8541783 -31.9549026, 115.8541552 -31.9549567, 115.8542054 -31.9549722, 115.8541859 -31.9550176, 115.8542382 -31.9550337, 115.8542196 -31.9550772, 115.8546695 -31.9552157, 115.8546562 -31.9552823, 115.854505 -31.9556402, 115.8539397 -31.9554652, 115.8538096 -31.9554251, 115.8535454 -31.9553452, 115.8536501 -31.955094))",-31.955216926414348,115.85408910265917
building_1047,building_yes,W147733460,"POLYGON ((115.8547159 -31.9542744, 115.8546273 -31.9544689, 115.854503 -31.9544282, 115.8545419 -31.9543426, 115.8544071 -31.9542984, 115.8544401 -31.9542258, 115.8544668 -31.9542345, 115.8544773 -31.9542114, 115.85452 -31.9542254, 115.8545095 -31.9542485, 115.8545752 -31.95427, 115.8545917 -31.9542337, 115.8547159 -31.9542744))",-31.954329073828617,115.85457299285515
building_1048,building_yes,W147733468,"POLYGON ((115.8527413 -31.9547232, 115.852755 -31.9547202, 115.8527722 -31.954725, 115.8527774 -31.9547114, 115.8529197 -31.9547537, 115.8529133 -31.9547693, 115.8529277 -31.9547968, 115.8529486 -31.9547889, 115.8529647 -31.9547856, 115.8529774 -31.9547885, 115.852987 -31.9547946, 115.8529923 -31.9548038, 115.8529903 -31.9548156, 115.8528883 -31.9550611, 115.8528743 -31.9550569, 115.8528684 -31.9550711, 115.8528577 -31.9550969, 115.8528289 -31.9550883, 115.8528076 -31.955082, 115.8528037 -31.9550913, 115.8527119 -31.9550639, 115.8527174 -31.9550507, 115.8526814 -31.9550399, 115.8526635 -31.9550295, 115.8526515 -31.9550167, 115.8526452 -31.9550001, 115.8526487 -31.9549836, 115.8526593 -31.954958, 115.8526426 -31.954953, 115.852734 -31.9547328, 115.8527413 -31.9547232))",-31.954903781482876,115.85280916468297
building_1049,building_residential,W147733473,"POLYGON ((115.8540844 -31.9540736, 115.8543065 -31.9541406, 115.8542056 -31.9543745, 115.8541795 -31.9543757, 115.8541729 -31.9543913, 115.8539794 -31.9543321, 115.8540844 -31.9540736))",-31.954234387199477,115.85414134096219
building_1050,building_yes,W147743499,"POLYGON ((115.8540814 -31.9531985, 115.8542111 -31.9529008, 115.8541962 -31.9528962, 115.8542557 -31.9527597, 115.8546765 -31.9528916, 115.854481 -31.9533403, 115.8541745 -31.9532441, 115.8541808 -31.9532296, 115.8540814 -31.9531985))",-31.95304850030003,115.85437617093672
building_1051,building_yes,W147743510,"POLYGON ((115.8542154 -31.9527523, 115.8540292 -31.9531798, 115.8538924 -31.9531369, 115.8540786 -31.9527094, 115.8542154 -31.9527523))",-31.9529446,115.85405389999998
building_1052,building_yes,W147743511,"POLYGON ((115.8537667 -31.9525993, 115.853913 -31.9526452, 115.853773 -31.9529667, 115.8536266 -31.9529208, 115.8536775 -31.952804, 115.8537667 -31.9525993))",-31.95278301582992,115.8537698174355
building_1053,building_yes,W147743515,"POLYGON ((115.8540786 -31.9527094, 115.8538924 -31.9531369, 115.8537794 -31.9531015, 115.8537611 -31.9530671, 115.8539363 -31.9526648, 115.8540786 -31.9527094))",-31.952899713596178,115.85391527685297
building_1054,building_yes,W147754456,"POLYGON ((115.8536775 -31.952804, 115.8536266 -31.9529208, 115.8535132 -31.9531773, 115.8534813 -31.9532491, 115.8534331 -31.9532337, 115.8535296 -31.9530121, 115.8532967 -31.9529391, 115.8532707 -31.9529988, 115.8529686 -31.9529041, 115.8530901 -31.9526198, 115.8536775 -31.952804))",-31.952855681894853,115.85332412089521
building_1055,building_yes,W147754457,"POLYGON ((115.8542144 -31.9534912, 115.8541532 -31.9536318, 115.8541396 -31.9536275, 115.8541337 -31.9536256, 115.8541154 -31.9536676, 115.8541213 -31.9536695, 115.8541349 -31.9536737, 115.8540887 -31.9537797, 115.8539477 -31.9537354, 115.8540734 -31.9534469, 115.8542144 -31.9534912))",-31.953612553071075,115.85407996801324
building_1056,building_yes,W147754459,"POLYGON ((115.8540734 -31.9534469, 115.8539477 -31.9537354, 115.8538171 -31.9536945, 115.8539924 -31.9532919, 115.8540254 -31.9533022, 115.8540125 -31.953332, 115.8541101 -31.9533626, 115.8540923 -31.9534034, 115.8540631 -31.9533942, 115.8540471 -31.953431, 115.8540763 -31.9534402, 115.8540734 -31.9534469))",-31.953526605667022,115.85396203409199
building_1057,building_yes,W147754463,"POLYGON ((115.8526329 -31.952866, 115.8524687 -31.9532432, 115.8524678 -31.9532451, 115.8524494 -31.9532394, 115.8524459 -31.9532436, 115.8524367 -31.9532487, 115.8524254 -31.9532515, 115.8524145 -31.9532507, 115.8524058 -31.9532486, 115.8523341 -31.9532261, 115.8524059 -31.9530613, 115.8524459 -31.9529694, 115.852508 -31.9528269, 115.8526329 -31.952866))",-31.953043843798998,115.85248389434497
building_1058,building_yes,W147754464,"POLYGON ((115.8518808 -31.9522318, 115.8515676 -31.9521335, 115.8516608 -31.9519196, 115.851974 -31.9520178, 115.8518808 -31.9522318))",-31.95207568054841,115.85177080978212
building_1059,building_yes,W147754468,"POLYGON ((115.8560191 -31.9543784, 115.8560665 -31.9542715, 115.8561395 -31.9542949, 115.8560921 -31.9544017, 115.8560191 -31.9543784))",-31.954336618666634,115.85607929711622
building_1060,building_yes,W147754469,"POLYGON ((115.8525532 -31.9526646, 115.8526939 -31.9527087, 115.8526584 -31.9527903, 115.8525177 -31.9527461, 115.8525532 -31.9526646))",-31.952727430819237,115.85260581184448
building_1061,building_yes,W147754470,"POLYGON ((115.8518239 -31.9523625, 115.8515107 -31.9522643, 115.8515676 -31.9521335, 115.8518808 -31.9522318, 115.8518239 -31.9523625))",-31.95224801815812,115.8516957330157
building_1062,building_yes,W147754472,"POLYGON ((115.8527381 -31.9522515, 115.852697 -31.9523453, 115.8525677 -31.9523044, 115.8526088 -31.9522107, 115.8527381 -31.9522515))",-31.952277980515998,115.85265290907512
building_1063,building_yes,W147754473,"POLYGON ((115.8537667 -31.9525993, 115.8536775 -31.952804, 115.8530901 -31.9526198, 115.8531792 -31.9524151, 115.8531954 -31.9524202, 115.8536604 -31.952566, 115.8537667 -31.9525993))",-31.952609559545092,115.85342837907608
building_1064,building_yes,W147754477,"POLYGON ((115.852874 -31.9523194, 115.8528491 -31.9523765, 115.8527244 -31.9526627, 115.8525961 -31.9526225, 115.8527457 -31.9522791, 115.852874 -31.9523194))",-31.952470916675455,115.85273504613691
building_1065,building_yes,W147754479,"POLYGON ((115.8519028 -31.9524089, 115.8518156 -31.9523815, 115.8518239 -31.9523625, 115.8518808 -31.9522318, 115.851974 -31.9520178, 115.8520612 -31.9520452, 115.8519028 -31.9524089))",-31.952213344273037,115.85193840556651
building_1066,building_yes,W147754483,"POLYGON ((115.8530901 -31.9526198, 115.852954 -31.9529323, 115.8526826 -31.9528472, 115.8528829 -31.9523872, 115.8528491 -31.9523765, 115.852874 -31.9523194, 115.8531792 -31.9524151, 115.8530901 -31.9526198))",-31.952627377614448,115.8529301957845
building_1067,building_yes,W147754485,"POLYGON ((115.8538171 -31.9536945, 115.8536575 -31.9536444, 115.853668 -31.9536201, 115.8538191 -31.9532732, 115.8538462 -31.953211, 115.8540058 -31.953261, 115.8539924 -31.9532919, 115.8538171 -31.9536945))",-31.953452736611382,115.85383163915708
building_1068,building_yes,W147754488,"POLYGON ((115.8522183 -31.952096, 115.8524568 -31.9521708, 115.852423 -31.9522484, 115.8523651 -31.9522302, 115.8523559 -31.9522513, 115.852233 -31.9522127, 115.8522427 -31.9521904, 115.8521851 -31.9521724, 115.8522183 -31.952096))",-31.952178231610368,115.85231837085404
building_1069,building_yes,W147754490,"POLYGON ((115.8544558 -31.9533892, 115.8542621 -31.953834, 115.8540887 -31.9537797, 115.8541349 -31.9536737, 115.8541549 -31.95368, 115.8541732 -31.953638, 115.8541532 -31.9536318, 115.8542144 -31.9534912, 115.8542825 -31.9533348, 115.8544558 -31.9533892))",-31.95358364979082,115.85427358102315
building_1070,building_yes,W147851565,"POLYGON ((115.8588165 -31.9496867, 115.8587888 -31.9497311, 115.8585609 -31.9496288, 115.8585887 -31.9495843, 115.8588165 -31.9496867))",-31.94965770375972,115.8586886763555
building_1071,building_yes,W147851567,"POLYGON ((115.8579372 -31.9495408, 115.858143 -31.9492009, 115.8582451 -31.9492438, 115.8580441 -31.9495897, 115.8579372 -31.9495408))",-31.9493956477372,115.8580913528004
building_1072,building_yes,W147851574,"POLYGON ((115.8570477 -31.9490415, 115.8569456 -31.9489932, 115.8570765 -31.9487927, 115.8571763 -31.948838, 115.8570477 -31.9490415))",-31.948916921884305,115.85706123819563
building_1073,building_yes,W147851579,"POLYGON ((115.8571763 -31.948838, 115.8570765 -31.9487927, 115.8571265 -31.9487121, 115.8572151 -31.9487525, 115.8572202 -31.9487678, 115.8571763 -31.948838))",-31.948775211371938,115.85715094976572
building_1074,building_yes,W147851581,"POLYGON ((115.8584668 -31.9497513, 115.8585204 -31.9496664, 115.858761 -31.9497756, 115.8587416 -31.9498068, 115.8586595 -31.9498379, 115.8584668 -31.9497513))",-31.94975836626011,115.8586079072915
building_1075,building_yes,W147851588,"POLYGON ((115.8588443 -31.9496422, 115.8588165 -31.9496867, 115.8585887 -31.9495843, 115.8585384 -31.9495617, 115.858568 -31.9495188, 115.8586164 -31.9495398, 115.8588443 -31.9496422))",-31.949602331272345,115.85869202278332
building_1076,building_yes,W147851589,"POLYGON ((115.8570337 -31.9491389, 115.8568937 -31.9490767, 115.8569103 -31.9490491, 115.8569456 -31.9489932, 115.8570477 -31.9490415, 115.857085 -31.9490588, 115.8570337 -31.9491389))",-31.949066655889876,115.85698897261905
building_1077,building_yes,W147851592,"POLYGON ((115.8587888 -31.9497311, 115.858761 -31.9497756, 115.8585332 -31.9496732, 115.8585204 -31.9496664, 115.8585518 -31.949624, 115.8585609 -31.9496288, 115.8587888 -31.9497311))",-31.949699685364124,115.8586553108435
building_1078,building_yes,W147855269,"POLYGON ((115.8588798 -31.9491732, 115.8588304 -31.949151, 115.8589249 -31.9489995, 115.8589744 -31.9490217, 115.8588798 -31.9491732))",-31.949086330485052,115.85890238840024
building_1079,building_yes,W147855270,"POLYGON ((115.8589664 -31.9492121, 115.859061 -31.9490606, 115.8591758 -31.9491122, 115.8590813 -31.9492637, 115.8589664 -31.9492121))",-31.94916215758939,115.85907111742522
building_1080,building_yes,W147855271,"POLYGON ((115.8589664 -31.9492121, 115.8588798 -31.9491732, 115.8589744 -31.9490217, 115.859061 -31.9490606, 115.8589664 -31.9492121))",-31.9491169,115.8589704
building_1081,building_yes,W147855272,"POLYGON ((115.8588304 -31.949151, 115.8586943 -31.9490899, 115.8587889 -31.9489383, 115.8589249 -31.9489995, 115.8588304 -31.949151))",-31.949044673920326,115.85880961483011
building_1082,building_yes,W147855273,"POLYGON ((115.8588443 -31.9496422, 115.858568 -31.9495188, 115.8585405 -31.9495065, 115.858587 -31.9494313, 115.8585149 -31.9493992, 115.858544 -31.9493525, 115.8589197 -31.9495213, 115.8588443 -31.9496422))",-31.94950347194471,115.85871622928597
building_1083,building_yes,W147856461,"POLYGON ((115.8580632 -31.9486125, 115.8578372 -31.9489747, 115.8577417 -31.9489319, 115.8579677 -31.9485696, 115.8580632 -31.9486125))",-31.948772158822145,115.85790245789609
building_1084,building_yes,W147856463,"POLYGON ((115.8570615 -31.9482576, 115.8571128 -31.9481767, 115.8573947 -31.9483072, 115.8573428 -31.9483878, 115.8570615 -31.9482576))",-31.94828230808844,115.85722795433605
building_1085,building_yes,W147856464,"POLYGON ((115.8585122 -31.9488142, 115.8587025 -31.9488997, 115.8586103 -31.9490474, 115.85842 -31.9489619, 115.8585122 -31.9488142))",-31.948930799999996,115.85856124999998
building_1086,building_yes,W147856466,"POLYGON ((115.8565295 -31.9485054, 115.8565845 -31.9484033, 115.856634 -31.9483263, 115.8566815 -31.9482524, 115.8568862 -31.9483471, 115.8569736 -31.9483866, 115.8567991 -31.9486428, 115.8565295 -31.9485054))",-31.94844571579529,115.85674630095306
building_1087,building_yes,W147856467,"POLYGON ((115.8580834 -31.948957, 115.8580255 -31.948931, 115.858189 -31.948669, 115.8582468 -31.948695, 115.8580834 -31.948957))",-31.948813029186248,115.85813615596503
building_1088,building_yes,W147856468,"POLYGON ((115.8579195 -31.9485431, 115.857688 -31.9489141, 115.8572946 -31.9487374, 115.8575261 -31.9483663, 115.8579195 -31.9485431))",-31.94864021806933,115.85760704548879
building_1089,building_yes,W147856469,"POLYGON ((115.8564763 -31.9485884, 115.8565295 -31.9485054, 115.8567991 -31.9486428, 115.8567453 -31.9487218, 115.8564763 -31.9485884))",-31.94861415225216,115.85663682108446
building_1090,building_yes,W147856470,"POLYGON ((115.8569736 -31.9483866, 115.8568862 -31.9483471, 115.8570209 -31.9481342, 115.8571128 -31.9481767, 115.8569736 -31.9483866))",-31.948260161473943,115.85699898210098
building_1091,building_yes,W147856471,"POLYGON ((115.8570209 -31.9481342, 115.8568862 -31.9483471, 115.8566815 -31.9482524, 115.8567987 -31.94807, 115.8568484 -31.9480544, 115.8570209 -31.9481342))",-31.948195103060925,115.85685183199216
building_1092,building_yes,W147856472,"POLYGON ((115.8581545 -31.9491178, 115.8580206 -31.9490576, 115.8580834 -31.948957, 115.8582468 -31.948695, 115.8583808 -31.9487552, 115.8581545 -31.9491178))",-31.948906383266095,115.85820069755225
building_1093,building_yes,W147856473,"POLYGON ((115.8566225 -31.9489149, 115.8566012 -31.9489474, 115.8563143 -31.9488236, 115.8564568 -31.9486032, 115.856467 -31.9486022, 115.8564763 -31.9485884, 115.8567453 -31.9487218, 115.8566225 -31.9489149))",-31.948769200195308,115.85653112974168
building_1094,building_yes,W147856474,"POLYGON ((115.8579572 -31.9489159, 115.8579022 -31.949004, 115.8578372 -31.9489747, 115.8580632 -31.9486125, 115.8581282 -31.9486417, 115.8579572 -31.9489159))",-31.948808260171322,115.85798269052701
building_1095,building_yes,W147856475,"POLYGON ((115.858189 -31.948669, 115.8580255 -31.948931, 115.8580179 -31.9489432, 115.8579572 -31.9489159, 115.8581282 -31.9486417, 115.858189 -31.948669))",-31.948792416374538,115.85807309361542
building_1096,building_yes,W147856476,"POLYGON ((115.8585122 -31.9488142, 115.85842 -31.9489619, 115.8582715 -31.9491938, 115.8581433 -31.949135, 115.8581545 -31.9491178, 115.8583808 -31.9487552, 115.8585122 -31.9488142))",-31.948973963517773,115.85832783002041
building_1097,building_yes,W147859235,"POLYGON ((115.8661631 -31.9578075, 115.8660219 -31.9577596, 115.8660675 -31.9576577, 115.8661231 -31.9575334, 115.8662682 -31.9575794, 115.8661631 -31.9578075))",-31.957669673737918,115.8661443814512
building_1098,building_residential,W147859236,"POLYGON ((115.866367 -31.9573488, 115.866606 -31.9568315, 115.8667989 -31.9568956, 115.866649 -31.9572199, 115.8665598 -31.9574129, 115.8664928 -31.9573906, 115.866367 -31.9573488))",-31.957122174790396,115.86658293593202
building_1099,building_yes,W147859237,"POLYGON ((115.8662828 -31.9578472, 115.8661631 -31.9578075, 115.8662682 -31.9575794, 115.8662743 -31.9575661, 115.8663054 -31.9574988, 115.8664251 -31.9575385, 115.8662828 -31.9578472))",-31.957672988021308,115.86629409146161
building_1100,building_residential,W147859238,"POLYGON ((115.8656814 -31.9572313, 115.8656255 -31.9572127, 115.8656879 -31.9570773, 115.8660906 -31.9572109, 115.8660282 -31.9573464, 115.8659609 -31.9573232, 115.8657149 -31.9572433, 115.8656814 -31.9572313))",-31.957211747728582,115.86585782576567
building_1101,building_yes,W147859239,"POLYGON ((115.8657023 -31.9570705, 115.865756 -31.956954, 115.866056 -31.9570535, 115.8661486 -31.9570842, 115.8660949 -31.9572008, 115.8657023 -31.9570705))",-31.957077385708725,115.86592547174033
building_1102,building_yes,W147859240,"POLYGON ((115.8661858 -31.9573792, 115.8660513 -31.9573345, 115.8662892 -31.9568195, 115.866314 -31.9568277, 115.8663927 -31.9568539, 115.8664237 -31.9568642, 115.8661858 -31.9573792))",-31.95709934320773,115.8662375023258
building_1103,building_yes,W147859241,"POLYGON ((115.865756 -31.956954, 115.8658014 -31.9568555, 115.8658192 -31.956817, 115.8658927 -31.9568414, 115.8660828 -31.9569045, 115.8661192 -31.9569165, 115.866056 -31.9570535, 115.865756 -31.956954))",-31.95693525996302,115.86593757577057
building_1104,building_yes,W147859242,"POLYGON ((115.8658927 -31.9568414, 115.8659814 -31.9566491, 115.8663012 -31.9567552, 115.8662397 -31.9568884, 115.8661101 -31.9568454, 115.8660828 -31.9569045, 115.8658927 -31.9568414))",-31.95678433318611,115.8660877793762
building_1105,building_yes,W147859243,"POLYGON ((115.8662991 -31.9579003, 115.866468 -31.9575339, 115.8665935 -31.9575756, 115.8665467 -31.9576771, 115.8664701 -31.9578432, 115.8664771 -31.9578455, 115.8664316 -31.9579443, 115.8662991 -31.9579003))",-31.95774024166565,115.86644636291159
building_1106,building_yes,W147859605,"POLYGON ((115.8664882 -31.9579601, 115.8666085 -31.9576991, 115.8666405 -31.9577097, 115.8666334 -31.9577251, 115.8668537 -31.9577982, 115.8668167 -31.9578784, 115.8667693 -31.9578926, 115.8667647 -31.9579027, 115.8667887 -31.9579392, 115.8667404 -31.9580438, 115.8664882 -31.9579601))",-31.957877278354367,115.86666811091283
building_1107,building_yes,W147917359,"POLYGON ((115.8683389 -31.9578015, 115.8679535 -31.9576735, 115.8680583 -31.9574465, 115.8680879 -31.9574564, 115.8681197 -31.9574669, 115.8681912 -31.9573121, 115.8683556 -31.9573667, 115.8683411 -31.9573981, 115.8682842 -31.9575235, 115.8684229 -31.9575675, 115.8684437 -31.9575745, 115.8683856 -31.9577003, 115.8683389 -31.9578015))",-31.95757730104753,115.86820732594356
building_1108,building_apartments,W147917372,"POLYGON ((115.8670372 -31.9580962, 115.8669581 -31.9580702, 115.866964 -31.9580571, 115.8668607 -31.9580231, 115.8668547 -31.9580362, 115.8667729 -31.9580093, 115.8668363 -31.9578704, 115.866918 -31.9578972, 115.8669061 -31.9579232, 115.8670082 -31.9579567, 115.8670169 -31.9579376, 115.8670975 -31.9579641, 115.8670372 -31.9580962))",-31.957985873693193,115.86693365832511
building_1109,building_yes,W147917375,"POLYGON ((115.8668889 -31.9578683, 115.866928 -31.9577827, 115.8671464 -31.9578545, 115.8671074 -31.9579401, 115.8668889 -31.9578683))",-31.957861400841786,115.86701766762611
building_1110,building_yes,W147917377,"POLYGON ((115.8676571 -31.9583316, 115.8677345 -31.9581642, 115.8679344 -31.9577309, 115.8683058 -31.9578543, 115.8682628 -31.9579472, 115.8682732 -31.9579507, 115.868137 -31.9582457, 115.8680609 -31.9584106, 115.8680048 -31.958392, 115.8679827 -31.9584398, 115.8676571 -31.9583316))",-31.958091559805055,115.86798492316241
building_1111,building_yes,W147919761,"POLYGON ((115.8669425 -31.9569434, 115.8672134 -31.9570318, 115.8671624 -31.9571422, 115.8671255 -31.9571299, 115.8671015 -31.957182, 115.8671383 -31.9571942, 115.8671139 -31.957247, 115.8669833 -31.9575296, 115.8669726 -31.9575543, 115.8667013 -31.9574653, 115.8667029 -31.9574618, 115.8668707 -31.9570987, 115.8669024 -31.9571092, 115.8669224 -31.957066, 115.8668907 -31.9570555, 115.8669425 -31.9569434))",-31.95725152056669,115.86695547832036
building_1112,building_residential,W147919763,"POLYGON ((115.8671139 -31.957247, 115.8671383 -31.9571942, 115.8671777 -31.9572073, 115.8672017 -31.9571553, 115.8671624 -31.9571422, 115.8672134 -31.9570318, 115.8675165 -31.9571327, 115.8675085 -31.9571501, 115.8675293 -31.957157, 115.8675354 -31.9571439, 115.8675627 -31.9571609, 115.8675933 -31.9571756, 115.8676336 -31.9571904, 115.8676743 -31.957202, 115.8677122 -31.9572074, 115.8677378 -31.9572133, 115.867733 -31.9572262, 115.8677545 -31.957232, 115.8677626 -31.9572145, 115.8679556 -31.9572787, 115.8679053 -31.9573876, 115.8678628 -31.9573734, 115.8678405 -31.9574217, 115.867883 -31.9574358, 115.8678494 -31.9574928, 115.8677984 -31.9574768, 115.8678056 -31.957431, 115.8676938 -31.9574092, 115.8675982 -31.9573647, 115.8675482 -31.9573777, 115.8675486 -31.9574616, 115.8675116 -31.9575364, 115.8674428 -31.9576451, 115.8672428 -31.9575835, 115.8672707 -31.9574764, 115.8673035 -31.9573978, 115.8673577 -31.9573329, 115.8673784 -31.9573186, 115.8673447 -31.9572811, 115.8672236 -31.9572606, 115.8672228 -31.9572925, 115.8671139 -31.957247))",-31.957320352666596,115.86749300603533
building_1113,building_residential,W147919764,"POLYGON ((115.8667989 -31.9568956, 115.8669425 -31.9569434, 115.8668907 -31.9570555, 115.8668707 -31.9570987, 115.8667029 -31.9574618, 115.8665845 -31.9574224, 115.8666743 -31.9572283, 115.866649 -31.9572199, 115.8667989 -31.9568956))",-31.957168664250233,115.86676034399969
building_1114,building_yes,W147925826,"POLYGON ((115.8547267 -31.952279, 115.8549384 -31.9523472, 115.8549153 -31.952399, 115.8548921 -31.9524508, 115.8546804 -31.9523826, 115.8547143 -31.9523067, 115.8546902 -31.9522989, 115.8547028 -31.9522714, 115.8547267 -31.952279))",-31.952362675129166,115.85480644533163
building_1115,building_yes,W147925828,"POLYGON ((115.8550337 -31.952134, 115.854822 -31.9520659, 115.8547899 -31.9520555, 115.8548048 -31.9520222, 115.8548359 -31.9520113, 115.8550568 -31.9520824, 115.8550337 -31.952134))",-31.952069923658843,115.85492511684676
building_1116,building_yes,W147925831,"POLYGON ((115.8544855 -31.9526795, 115.8544397 -31.9526648, 115.854538 -31.952445, 115.8545837 -31.9524598, 115.8544855 -31.9526795))",-31.95256229369643,115.85451171434656
building_1117,building_yes,W147925833,"POLYGON ((115.8544397 -31.9526648, 115.8542751 -31.9526118, 115.8543733 -31.952392, 115.8543816 -31.9523947, 115.854538 -31.952445, 115.8544397 -31.9526648))",-31.952528397657176,115.85440652969005
building_1118,building_yes,W147925836,"POLYGON ((115.8550135 -31.9521793, 115.8548018 -31.9521111, 115.854822 -31.9520659, 115.8550337 -31.952134, 115.8550135 -31.9521793))",-31.952122586668892,115.85491778377802
building_1119,building_yes,W147925838,"POLYGON ((115.8549581 -31.9523032, 115.8547463 -31.952235, 115.8547774 -31.9521656, 115.8549891 -31.9522338, 115.8549581 -31.9523032))",-31.952234400081842,115.85486771677414
building_1120,building_yes,W147925840,"POLYGON ((115.8551311 -31.9518006, 115.8550805 -31.9519134, 115.8550381 -31.9520078, 115.854882 -31.9519574, 115.854889 -31.9519417, 115.854975 -31.9517501, 115.8551311 -31.9518006))",-31.951878971711935,115.85500654167791
building_1121,building_yes,W147925841,"POLYGON ((115.854975 -31.9517501, 115.854889 -31.9519417, 115.8548049 -31.9519144, 115.8546242 -31.9518561, 115.8547102 -31.9516645, 115.854975 -31.9517501))",-31.951803073855366,115.85479960696554
building_1122,building_yes,W147925846,"POLYGON ((115.8549891 -31.9522338, 115.8547774 -31.9521656, 115.8547499 -31.9521568, 115.8547743 -31.9521023, 115.8548018 -31.9521111, 115.8550135 -31.9521793, 115.8549891 -31.9522338))",-31.952168027089478,115.85488171025719
building_1123,building_yes,W147925847,"POLYGON ((115.8545908 -31.9527134, 115.8544855 -31.9526795, 115.8545837 -31.9524598, 115.8546126 -31.9523952, 115.8547179 -31.9524291, 115.8546664 -31.9525443, 115.8545908 -31.9527134))",-31.952554296549287,115.85460169702264
building_1124,building_yes,W147925848,"POLYGON ((115.8546242 -31.9518561, 115.8548049 -31.9519144, 115.854748 -31.9519661, 115.8545482 -31.9524112, 115.8544629 -31.9523836, 115.8544515 -31.9524092, 115.8543855 -31.9523879, 115.8546242 -31.9518561))",-31.952136661433737,115.85458492716387
building_1125,building_yes,W147925850,"POLYGON ((115.8549384 -31.9523472, 115.8547267 -31.952279, 115.8547028 -31.9522714, 115.8546999 -31.9522705, 115.8547196 -31.9522264, 115.8547463 -31.952235, 115.8549581 -31.9523032, 115.8549384 -31.9523472))",-31.952286798459664,115.85482901183934
building_1126,building_yes,W147925851,"POLYGON ((115.8550904 -31.9521784, 115.8553393 -31.9522579, 115.8553745 -31.9522691, 115.855344 -31.9523377, 115.8553078 -31.9523535, 115.855091 -31.9522842, 115.8550617 -31.952243, 115.8550904 -31.9521784))",-31.952269139481988,115.85521380938256
building_1127,building_yes,W147930603,"POLYGON ((115.8540197 -31.9525279, 115.8539302 -31.952499, 115.8540533 -31.9522245, 115.8541429 -31.9522535, 115.8540197 -31.9525279))",-31.952376192168014,115.85403653789217
building_1128,building_yes,W147930605,"POLYGON ((115.8536921 -31.952422, 115.8535591 -31.952379, 115.8536913 -31.9520844, 115.8538244 -31.9521274, 115.8536921 -31.952422))",-31.95225318422944,115.85369173329597
building_1129,building_yes,W147930608,"POLYGON ((115.8538595 -31.9524761, 115.8537799 -31.9524504, 115.8539215 -31.952135, 115.8540011 -31.9521607, 115.8538595 -31.9524761))",-31.952305549999995,115.8538905
building_1130,building_yes,W147930613,"POLYGON ((115.8540972 -31.9514631, 115.8542353 -31.9515065, 115.8540712 -31.9518814, 115.8539407 -31.9518403, 115.8540972 -31.9514631))",-31.951671060343838,115.85408685493121
building_1131,building_yes,W147930615,"POLYGON ((115.8537852 -31.9518674, 115.8539689 -31.9514248, 115.8540972 -31.9514631, 115.8539407 -31.9518403, 115.8539136 -31.9519058, 115.8537852 -31.9518674))",-31.95166529568945,115.8539412019406
building_1132,building_yes,W147930624,"POLYGON ((115.8537799 -31.9524504, 115.8536921 -31.952422, 115.8538244 -31.9521274, 115.853893 -31.9519744, 115.8539808 -31.9520027, 115.8539215 -31.952135, 115.8537799 -31.9524504))",-31.952212400159237,115.85383647541416
building_1133,building_yes,W147930627,"POLYGON ((115.8537423 -31.9519682, 115.8537852 -31.9518674, 115.8539689 -31.9514248, 115.8538206 -31.9513789, 115.8535904 -31.9519213, 115.8536618 -31.9519436, 115.8537423 -31.9519682))",-31.951674629829707,115.8537802049634
building_1134,building_yes,W147930630,"POLYGON ((115.8539302 -31.952499, 115.8538595 -31.9524761, 115.8540011 -31.9521607, 115.8540593 -31.9520311, 115.8541299 -31.9520539, 115.8540533 -31.9522245, 115.8539302 -31.952499))",-31.952265090904557,115.85399467903967
building_1135,building_yes,W147930638,"POLYGON ((115.8535591 -31.952379, 115.8534024 -31.9523284, 115.8535681 -31.9519593, 115.8536438 -31.9519838, 115.8536618 -31.9519436, 115.8537423 -31.9519682, 115.8536913 -31.9520844, 115.8535591 -31.952379))",-31.9521589098624,115.85357044877456
building_1136,building_yes,W147937884,"POLYGON ((115.8535076 -31.9516396, 115.8536104 -31.9516731, 115.8536295 -31.9516793, 115.8535586 -31.9518379, 115.8535117 -31.9518228, 115.853436 -31.9517984, 115.8535076 -31.9516396))",-31.95173885642408,115.85353287153613
building_1137,building_yes,W147937896,"POLYGON ((115.8533619 -31.9516244, 115.8532144 -31.9515784, 115.8532642 -31.9514634, 115.853371 -31.9514967, 115.8534117 -31.9515094, 115.8533619 -31.9516244))",-31.95154389852575,115.85331305097934
building_1138,building_yes,W147937897,"POLYGON ((115.853257 -31.9519873, 115.8531983 -31.9519694, 115.8531821 -31.9519384, 115.8532622 -31.9517485, 115.8533469 -31.9517742, 115.853257 -31.9519873))",-31.95186637553632,115.85326089273153
building_1139,building_yes,W147937908,"POLYGON ((115.8531481 -31.9522455, 115.8531985 -31.9521259, 115.853257 -31.9519873, 115.8533469 -31.9517742, 115.853463 -31.9518081, 115.8533759 -31.9520138, 115.8532639 -31.9522807, 115.8531481 -31.9522455))",-31.95202720265733,115.85330535145071
building_1140,building_yes,W147937910,"POLYGON ((115.853371 -31.9514967, 115.8532642 -31.9514634, 115.8533635 -31.9512342, 115.8534897 -31.9512736, 115.8534275 -31.9514172, 115.853408 -31.9514112, 115.853371 -31.9514967))",-31.951363094394953,115.85337559660161
building_1141,building_yes,W147937912,"POLYGON ((115.8536486 -31.951323, 115.8537568 -31.9513578, 115.8536628 -31.951568, 115.8536581 -31.9515665, 115.8536104 -31.9516731, 115.8535076 -31.9516396, 115.8536486 -31.951323))",-31.951496820229043,115.85363202826636
building_1142,building_yes,W147937922,"POLYGON ((115.8536486 -31.951323, 115.853436 -31.9517984, 115.8533025 -31.9517554, 115.8533619 -31.9516244, 115.8534117 -31.9515094, 115.8534441 -31.9515205, 115.8534435 -31.9514402, 115.8535151 -31.95128, 115.8536486 -31.951323))",-31.951539960901844,115.85347641484931
building_1143,building_yes,W147937926,"POLYGON ((115.8531119 -31.9518213, 115.8531939 -31.9518462, 115.8530753 -31.9521273, 115.8531035 -31.9521359, 115.853118 -31.9521014, 115.8531985 -31.9521259, 115.8531481 -31.9522455, 115.8529574 -31.9521875, 115.8531119 -31.9518213))",-31.95206168767204,115.85308854785758
building_1144,building_yes,W147950103,"POLYGON ((115.8636957 -31.949961, 115.8635407 -31.949892, 115.8634823 -31.9498659, 115.8633789 -31.9498199, 115.8633536 -31.9498086, 115.8633673 -31.9497863, 115.8634472 -31.9496573, 115.863464 -31.9496301, 115.8638062 -31.9497826, 115.8636957 -31.949961))",-31.94979557098134,115.86357985716356
building_1145,building_yes,W147950115,"POLYGON ((115.8627718 -31.9496096, 115.8627965 -31.949569, 115.8628391 -31.949589, 115.8628001 -31.9496496, 115.8628629 -31.9496767, 115.8628707 -31.9497215, 115.8627641 -31.9498798, 115.8627492 -31.9499029, 115.8627301 -31.9498944, 115.8628435 -31.9497128, 115.8627779 -31.9496819, 115.8627718 -31.9496096))",-31.949714131955524,115.86280769912258
building_1146,building_yes,W147950118,"POLYGON ((115.8631078 -31.9505926, 115.8631165 -31.9505793, 115.8631007 -31.9505714, 115.8631186 -31.9505415, 115.8631365 -31.9505479, 115.8631431 -31.9505357, 115.8631244 -31.9505269, 115.8631471 -31.9504941, 115.8631656 -31.9505012, 115.8632082 -31.9504276, 115.8633729 -31.9505028, 115.8632638 -31.9506834, 115.8631543 -31.9506322, 115.8631616 -31.9506185, 115.8631078 -31.9505926))",-31.950553192035212,115.86323520157826
building_1147,building_yes,W147950119,"POLYGON ((115.8633789 -31.9498199, 115.8634823 -31.9498659, 115.8634616 -31.9498995, 115.8635199 -31.9499255, 115.8635407 -31.949892, 115.8636957 -31.949961, 115.863594 -31.9501254, 115.8634478 -31.9500602, 115.8634604 -31.9500398, 115.8633923 -31.9500095, 115.8633797 -31.9500298, 115.8632772 -31.9499842, 115.8633789 -31.9498199))",-31.949973938471892,115.8634877689674
building_1148,building_yes,W147950120,"POLYGON ((115.8630142 -31.9491656, 115.8630464 -31.94911, 115.8632121 -31.9491881, 115.863155 -31.9492861, 115.8631677 -31.9492958, 115.8631464 -31.9493335, 115.8630537 -31.949296, 115.8630338 -31.9492811, 115.863028 -31.9492607, 115.8630338 -31.9492506, 115.862977 -31.9492238, 115.8630142 -31.9491656))",-31.949219618845873,115.86309535388254
building_1149,building_yes,W147950121,"POLYGON ((115.8633673 -31.9497863, 115.8632709 -31.9497433, 115.8633508 -31.9496143, 115.8634472 -31.9496573, 115.8633673 -31.9497863))",-31.949700300000003,115.86335905000001
building_1150,building_yes,W147950124,"POLYGON ((115.8628673 -31.949399, 115.8628975 -31.9493501, 115.8630483 -31.9494187, 115.8630421 -31.94943, 115.8631079 -31.9494646, 115.8630899 -31.9494935, 115.8628673 -31.949399))",-31.949420377975844,115.86298234480638
building_1151,building_yes,W147950125,"POLYGON ((115.8626871 -31.9505126, 115.8626359 -31.9504896, 115.8627129 -31.9503666, 115.8627641 -31.9503897, 115.8626871 -31.9505126))",-31.950439614005106,115.86270000341555
building_1152,building_yes,W147950126,"POLYGON ((115.8634296 -31.9494673, 115.8635448 -31.9495229, 115.8635023 -31.949588, 115.863427 -31.9495569, 115.8634123 -31.9495865, 115.863367 -31.9495647, 115.8634296 -31.9494673))",-31.949533170765456,115.86345554892758
building_1153,building_yes,W147950128,"POLYGON ((115.8636777 -31.9491773, 115.8640451 -31.9493411, 115.8639753 -31.9494538, 115.8636079 -31.9492901, 115.8636777 -31.9491773))",-31.949315564273668,115.86382647948585
building_1154,building_yes,W147950129,"POLYGON ((115.8638179 -31.9488507, 115.8642971 -31.9490579, 115.8641438 -31.9492997, 115.8636661 -31.9490845, 115.8638179 -31.9488507))",-31.949073816854902,115.86398228162511
building_1155,building_yes,W147950130,"POLYGON ((115.8628108 -31.9494846, 115.8628673 -31.949399, 115.8630899 -31.9494935, 115.8632848 -31.9495851, 115.8632527 -31.9496364, 115.8632349 -31.9496297, 115.8632297 -31.9496402, 115.8632431 -31.9496463, 115.8632311 -31.9496717, 115.8628108 -31.9494846))",-31.949533587216102,115.86304791360547
building_1156,building_yes,W147950131,"POLYGON ((115.8627659 -31.9495525, 115.8628108 -31.9494846, 115.8632311 -31.9496717, 115.8632014 -31.9497173, 115.8630561 -31.9496511, 115.8630642 -31.9496373, 115.8630087 -31.9496105, 115.8629839 -31.9496514, 115.8627659 -31.9495525))",-31.949597278646497,115.86297796536708
building_1157,building_yes,W147950132,"POLYGON ((115.863885 -31.9496666, 115.8638136 -31.9497819, 115.86367 -31.9497179, 115.8637112 -31.9496514, 115.8636451 -31.9496219, 115.8636753 -31.9495731, 115.863885 -31.9496666))",-31.94967919738959,115.8637637637289
building_1158,building_yes,W147950133,"POLYGON ((115.863355 -31.94925, 115.8634878 -31.9493059, 115.8635155 -31.9493247, 115.8634296 -31.9494673, 115.863367 -31.9495647, 115.8632063 -31.9494958, 115.863355 -31.94925))",-31.94940751896692,115.86336218616754
building_1159,building_yes,W147950134,"POLYGON ((115.8634727 -31.9488026, 115.863515 -31.9487327, 115.8636649 -31.9487979, 115.8636622 -31.9488024, 115.8636836 -31.9488117, 115.8636464 -31.9488732, 115.8636257 -31.9488642, 115.8636222 -31.9488677, 115.8634727 -31.9488026))",-31.948804462242954,115.86357834774677
building_1160,building_yes,W147950135,"POLYGON ((115.8627301 -31.9498944, 115.8626478 -31.9498584, 115.8625953 -31.9498325, 115.862591 -31.9498304, 115.8627075 -31.9496505, 115.8627779 -31.9496819, 115.8628435 -31.9497128, 115.8627301 -31.9498944))",-31.949772578658187,115.86271767248344
building_1161,building_yes,W147950136,"POLYGON ((115.8629945 -31.9506355, 115.863014 -31.9506023, 115.8630355 -31.9506099, 115.863045 -31.9505979, 115.8630698 -31.9506075, 115.863078 -31.9505966, 115.8631543 -31.9506322, 115.8632638 -31.9506834, 115.8632317 -31.9507347, 115.8632147 -31.9507394, 115.8629945 -31.9506355))",-31.95066356634902,115.86313420743457
building_1162,building_yes,W147950137,"POLYGON ((115.863928 -31.9495376, 115.8638726 -31.9496272, 115.8637437 -31.9495698, 115.8637598 -31.9495438, 115.8637148 -31.9495237, 115.863735 -31.949491, 115.8636259 -31.9494424, 115.8636451 -31.9494115, 115.863928 -31.9495376))",-31.949525931943064,115.86379550111936
building_1163,building_yes,W147950138,"POLYGON ((115.8630495 -31.9500116, 115.8627641 -31.9498798, 115.8628707 -31.9497215, 115.8628629 -31.9496767, 115.8628001 -31.9496496, 115.8628391 -31.949589, 115.8631804 -31.9497426, 115.863159 -31.9497806, 115.8631637 -31.9497831, 115.8631071 -31.9498748, 115.8631281 -31.9498861, 115.8630495 -31.9500116))",-31.949806438711253,115.86297164708138
building_1164,building_yes,W147950140,"POLYGON ((115.863594 -31.9501254, 115.8635257 -31.9502357, 115.8631164 -31.9500533, 115.8631376 -31.950019, 115.8631045 -31.9500042, 115.8631684 -31.9499009, 115.8632308 -31.9499287, 115.8632139 -31.949956, 115.8632772 -31.9499842, 115.863594 -31.9501254))",-31.95007788256588,115.86333878348174
building_1165,building_yes,W147953253,"POLYGON ((115.8632547 -31.951603, 115.8635211 -31.9511857, 115.8635489 -31.9511646, 115.8635756 -31.951162, 115.8636064 -31.9511656, 115.8636337 -31.9511778, 115.8636559 -31.9511948, 115.8636667 -31.9512213, 115.8636892 -31.9513291, 115.8639326 -31.9514409, 115.864 -31.9513354, 115.8643315 -31.9514878, 115.8640304 -31.9519595, 115.8632547 -31.951603))",-31.951568581951438,115.86379166132184
building_1166,building_yes,W147953254,"POLYGON ((115.8633086 -31.9519331, 115.8632508 -31.9520237, 115.8629077 -31.951866, 115.8629655 -31.9517754, 115.86305 -31.9518142, 115.8633086 -31.9519331))",-31.951899540248487,115.86310814998059
building_1167,building_yes,W147954335,"POLYGON ((115.8598602 -31.9483985, 115.859888 -31.948354, 115.8600592 -31.9484309, 115.8600314 -31.9484754, 115.8598602 -31.9483985))",-31.948414700000004,115.85995970000002
building_1168,building_yes,W147954336,"POLYGON ((115.859888 -31.948354, 115.859928 -31.9482898, 115.8600992 -31.9483667, 115.8600592 -31.9484309, 115.859888 -31.948354))",-31.948360349999998,115.85999360000001
building_1169,building_yes,W147954337,"POLYGON ((115.8596087 -31.9488014, 115.8596831 -31.9486823, 115.8599134 -31.9487858, 115.859839 -31.9489049, 115.8596087 -31.9488014))",-31.948793600000002,115.85976104999999
building_1170,building_yes,W147954338,"POLYGON ((115.8600992 -31.9483667, 115.859928 -31.9482898, 115.8599563 -31.9482445, 115.8599754 -31.948239, 115.8601344 -31.9483104, 115.8600992 -31.9483667))",-31.948300532201774,115.86003166178425
building_1171,building_yes,W147954339,"POLYGON ((115.8597705 -31.9485422, 115.8598182 -31.9484657, 115.8600845 -31.9485853, 115.8600367 -31.9486619, 115.8598905 -31.9485962, 115.8597705 -31.9485422))",-31.948563796553824,115.85992750240104
building_1172,building_yes,W147954340,"POLYGON ((115.8598182 -31.9484657, 115.8598602 -31.9483985, 115.8600314 -31.9484754, 115.8601264 -31.9485181, 115.8600845 -31.9485853, 115.8598182 -31.9484657))",-31.948491893553815,115.85997231587605
building_1173,building_yes,W147954341,"POLYGON ((115.8596831 -31.9486823, 115.8597705 -31.9485422, 115.8598905 -31.9485962, 115.8598868 -31.9486022, 115.8600354 -31.948669, 115.8599518 -31.948803, 115.8599134 -31.9487858, 115.8596831 -31.9486823))",-31.948673607675993,115.8598586445423
building_1174,building_yes,W147955522,"POLYGON ((115.860005 -31.9488507, 115.8600935 -31.9488522, 115.8600855 -31.9492538, 115.8598961 -31.9491701, 115.8598996 -31.9490822, 115.8598317 -31.9490511, 115.8598724 -31.9489846, 115.8599218 -31.9490064, 115.8599217 -31.9489287, 115.8601019 -31.9486293, 115.8601377 -31.9486314, 115.860005 -31.9488507))",-31.949009247756788,115.86000254784594
building_1175,building_yes,W147958698,"POLYGON ((115.859178 -31.9487183, 115.859371 -31.948805, 115.8592788 -31.9489527, 115.8590858 -31.9488659, 115.8591231 -31.9488062, 115.8591794 -31.9488316, 115.8591881 -31.9488176, 115.8591318 -31.9487923, 115.859178 -31.9487183))",-31.948836151378003,115.85923047313298
building_1176,building_yes,W147958701,"POLYGON ((115.8586012 -31.9486474, 115.8585158 -31.948609, 115.8587117 -31.948295, 115.8587972 -31.9483334, 115.8586012 -31.9486474))",-31.948471176442233,115.85865649072021
building_1177,building_yes,W147958702,"POLYGON ((115.8575051 -31.9478109, 115.857358 -31.9477448, 115.8574404 -31.9476127, 115.8575875 -31.9476788, 115.8575051 -31.9478109))",-31.947711799999993,115.85747275000001
building_1178,building_yes,W147958703,"POLYGON ((115.8591621 -31.9484904, 115.8592184 -31.9484002, 115.8595349 -31.9485424, 115.8594786 -31.9486327, 115.8591621 -31.9484904))",-31.948516436416313,115.85934852210261
building_1179,building_yes,W147958704,"POLYGON ((115.8573376 -31.9480736, 115.8571967 -31.9480103, 115.8573556 -31.9477558, 115.8574964 -31.9478191, 115.8573376 -31.9480736))",-31.94791471103147,115.85734656604187
building_1180,building_yes,W147958709,"POLYGON ((115.8589302 -31.9487953, 115.8587986 -31.9487361, 115.8589712 -31.9484595, 115.8591028 -31.9485186, 115.8589302 -31.9487953))",-31.948627384927462,115.85895069777044
building_1181,building_yes,W147958710,"POLYGON ((115.859371 -31.948805, 115.859178 -31.9487183, 115.8590547 -31.9486629, 115.85911 -31.9485738, 115.8591621 -31.9484904, 115.8594786 -31.9486327, 115.8594251 -31.9487184, 115.859371 -31.948805))",-31.94864771992966,115.85926656279669
building_1182,building_yes,W147958712,"POLYGON ((115.8579368 -31.9483364, 115.857784 -31.9482677, 115.8578056 -31.948233, 115.8579626 -31.9479814, 115.8580294 -31.9478744, 115.8581822 -31.9479431, 115.8579368 -31.9483364))",-31.948105398683406,115.85798308303559
building_1183,building_yes,W147958713,"POLYGON ((115.8580769 -31.9483872, 115.858071 -31.9483967, 115.8579368 -31.9483364, 115.8581822 -31.9479431, 115.8583164 -31.9480034, 115.8582844 -31.9480546, 115.8580769 -31.9483872))",-31.948169895638646,115.85812658363315
building_1184,building_yes,W147958715,"POLYGON ((115.8584587 -31.9481329, 115.8582859 -31.9484099, 115.8582322 -31.9483858, 115.8581897 -31.9483969, 115.8581697 -31.9484289, 115.8580769 -31.9483872, 115.8582844 -31.9480546, 115.8584587 -31.9481329))",-31.9482473932782,115.8582708100109
building_1185,building_yes,W147958717,"POLYGON ((115.8574839 -31.9481385, 115.8573655 -31.9480853, 115.8575333 -31.9478165, 115.857595 -31.9478442, 115.8576434 -31.9477667, 115.8575992 -31.9477468, 115.8576274 -31.9477017, 115.8577282 -31.947747, 115.8574839 -31.9481385))",-31.947934594045066,115.85754086924815
building_1186,building_yes,W147958720,"POLYGON ((115.8579626 -31.9479814, 115.8578056 -31.948233, 115.8577638 -31.9482443, 115.8576887 -31.9482105, 115.8576767 -31.9481751, 115.8577512 -31.9480558, 115.857717 -31.9480405, 115.8577996 -31.9479082, 115.8579626 -31.9479814))",-31.94807551551989,115.85780938405911
building_1187,building_yes,W147958721,"POLYGON ((115.8587986 -31.9487361, 115.8586012 -31.9486474, 115.8587972 -31.9483334, 115.8588221 -31.9482934, 115.8587645 -31.9482675, 115.8587921 -31.9482232, 115.8590472 -31.9483378, 115.8589712 -31.9484595, 115.8587986 -31.9487361))",-31.948485230252437,115.85882365448263
building_1188,building_yes,W147958723,"POLYGON ((115.8575974 -31.9481895, 115.8574839 -31.9481385, 115.8577282 -31.947747, 115.8578132 -31.9477852, 115.857789 -31.9478239, 115.8577709 -31.9478158, 115.8577488 -31.9478511, 115.8577954 -31.9478721, 115.8575974 -31.9481895))",-31.94797733890789,115.85765397876963
building_1189,building_yes,W147996599,"POLYGON ((115.857433 -31.9470935, 115.8575699 -31.947155, 115.8575639 -31.9471647, 115.8576279 -31.9471935, 115.8575473 -31.9473226, 115.8575058 -31.947304, 115.8575176 -31.9472851, 115.8574814 -31.9472688, 115.8574696 -31.9472877, 115.8573559 -31.9472366, 115.8574076 -31.9471538, 115.857398 -31.9471495, 115.857433 -31.9470935))",-31.947207247062895,115.85749091318507
building_1190,building_yes,W147996600,"POLYGON ((115.8595402 -31.9485213, 115.8591434 -31.948343, 115.8591727 -31.948296, 115.8588191 -31.9481372, 115.8587898 -31.9481842, 115.8583551 -31.9479888, 115.8585412 -31.9476905, 115.8586036 -31.9477186, 115.8586593 -31.9476294, 115.8590368 -31.947799, 115.8590271 -31.9478145, 115.8592588 -31.9479186, 115.8592685 -31.9479031, 115.8596079 -31.9480556, 115.8595449 -31.9481566, 115.859719 -31.9482348, 115.8595402 -31.9485213))",-31.948057756898034,115.85905245323092
building_1191,building_yes,W147996602,"POLYGON ((115.8581368 -31.9474016, 115.8582409 -31.9474483, 115.8580466 -31.9477597, 115.8579425 -31.9477129, 115.8581368 -31.9474016))",-31.947580638126464,115.85809169459459
building_1192,building_yes,W147996604,"POLYGON ((115.8574817 -31.9475445, 115.8572025 -31.9474201, 115.857318 -31.9472312, 115.8575998 -31.9473578, 115.8574817 -31.9475445))",-31.947388181629094,115.85740050677525
building_1193,building_yes,W147996605,"POLYGON ((115.8582662 -31.9474596, 115.8583541 -31.9474991, 115.858365 -31.9475263, 115.8581902 -31.9478051, 115.8581744 -31.9477955, 115.8581171 -31.947863, 115.8580369 -31.947827, 115.8582662 -31.9474596))",-31.94766107322454,115.85820778493677
building_1194,building_yes,W147996609,"POLYGON ((115.8583164 -31.9480034, 115.8581822 -31.9479431, 115.8582983 -31.9477571, 115.8583196 -31.9477667, 115.8584076 -31.9476257, 115.8583862 -31.9476162, 115.8584371 -31.9475347, 115.8585713 -31.947595, 115.8583164 -31.9480034))",-31.947773548240793,115.85837813378939
building_1195,building_yes,W147996610,"POLYGON ((115.8578657 -31.9472798, 115.8576714 -31.9475912, 115.8576108 -31.9476884, 115.8574411 -31.9476121, 115.8574817 -31.9475445, 115.8575998 -31.9473578, 115.8576665 -31.9472509, 115.857696 -31.9472036, 115.8578657 -31.9472798))",-31.947446116886503,115.85765306373288
building_1196,building_yes,W148023638,"POLYGON ((115.8698267 -31.9538379, 115.8698436 -31.9538, 115.8698958 -31.9538167, 115.8700096 -31.9535612, 115.870184 -31.9536171, 115.8701704 -31.9536475, 115.870198 -31.9536564, 115.8700939 -31.9538902, 115.8700535 -31.9538772, 115.8700459 -31.9538942, 115.8699497 -31.9538634, 115.8699442 -31.9538756, 115.8698267 -31.9538379))",-31.953738622761673,115.8700374238837
building_1197,building_yes,W148023639,"POLYGON ((115.8682528 -31.9531999, 115.8683046 -31.9532165, 115.8683093 -31.953206, 115.8683511 -31.9532194, 115.8683464 -31.9532299, 115.8684168 -31.9532525, 115.8683835 -31.9533275, 115.8683232 -31.9533081, 115.8683129 -31.9533313, 115.868222 -31.9533021, 115.8682318 -31.95328, 115.8681976 -31.953269, 115.8682162 -31.9532272, 115.8682376 -31.9532341, 115.8682528 -31.9531999))",-31.953267266746398,115.86830653988495
building_1198,building_yes,W148023642,"POLYGON ((115.8695654 -31.9537076, 115.8691396 -31.9535711, 115.8691747 -31.9534924, 115.8690638 -31.9534568, 115.8690288 -31.9535355, 115.8689044 -31.9534957, 115.8689235 -31.9534527, 115.8688689 -31.9534352, 115.8688878 -31.9533926, 115.8688543 -31.9533823, 115.8687994 -31.9533655, 115.8688464 -31.9532551, 115.8689077 -31.9532735, 115.8689104 -31.9532147, 115.8691664 -31.9532199, 115.8691659 -31.9532417, 115.8691748 -31.9532419, 115.8691754 -31.9532201, 115.8692762 -31.953222, 115.8692757 -31.9532421, 115.8694078 -31.9532447, 115.8694084 -31.9532245, 115.8695595 -31.9532275, 115.8695597 -31.9533416, 115.8693605 -31.9533416, 115.8693605 -31.953459, 115.8695028 -31.9534619, 115.8696534 -31.9535101, 115.8695654 -31.9537076))",-31.95341886355173,115.86924299508908
building_1199,building_yes,W148023644,"POLYGON ((115.8698098 -31.9532221, 115.8699532 -31.9532681, 115.8697338 -31.9537607, 115.8695904 -31.9537148, 115.8698098 -31.9532221))",-31.95349141316216,115.86977180284629
building_1200,building_yes,W148120170,"POLYGON ((115.8658269 -31.9485508, 115.8655895 -31.9489269, 115.8654481 -31.9488626, 115.8656855 -31.9484865, 115.8658269 -31.9485508))",-31.948706700000006,115.8656375
building_1201,building_yes,W148120171,"POLYGON ((115.8658728 -31.9490556, 115.8655895 -31.9489269, 115.8658269 -31.9485508, 115.8660215 -31.9486392, 115.8660495 -31.9486617, 115.8660691 -31.9486902, 115.8660697 -31.9487228, 115.8660618 -31.9487561, 115.8658728 -31.9490556))",-31.948805143892095,115.86584597629896
building_1202,building_yes,W148120172,"POLYGON ((115.8656855 -31.9484865, 115.8654481 -31.9488626, 115.8650178 -31.9486671, 115.8650066 -31.9486848, 115.8649389 -31.9486541, 115.8649949 -31.9485653, 115.8650526 -31.9484881, 115.865109 -31.9484349, 115.8652122 -31.9482715, 115.8656855 -31.9484865))",-31.94856743945412,115.86532101157304
building_1203,building_yes,W148123416,"POLYGON ((115.8638713 -31.9502859, 115.8643255 -31.9504934, 115.8642983 -31.9505363, 115.8641049 -31.9504479, 115.8641101 -31.9504398, 115.8640825 -31.9504272, 115.8640725 -31.950443, 115.8639593 -31.9503913, 115.8639357 -31.9504284, 115.8638156 -31.9503736, 115.8638713 -31.9502859))",-31.95040407401115,115.86404132148519
building_1204,building_yes,W148123417,"POLYGON ((115.8635964 -31.950761, 115.8638554 -31.9508793, 115.8638494 -31.9508887, 115.8639763 -31.9509467, 115.8639188 -31.9510372, 115.8638393 -31.9510009, 115.8638072 -31.9510259, 115.8635798 -31.9509233, 115.8636147 -31.9508676, 115.8636133 -31.9508244, 115.8635937 -31.9507864, 115.8635681 -31.950748, 115.8635964 -31.950761))",-31.95091463248794,115.8637603514269
building_1205,building_yes,W148123418,"POLYGON ((115.8637257 -31.9505572, 115.8639847 -31.9506756, 115.8638554 -31.9508793, 115.8635964 -31.950761, 115.8637257 -31.9505572))",-31.95071826802259,115.86379054383484
building_1206,building_residential,W148123419,"POLYGON ((115.8650587 -31.9494113, 115.8654773 -31.9495988, 115.8655029 -31.949689, 115.8652526 -31.9501064, 115.8648762 -31.9499456, 115.8651129 -31.949533, 115.8649684 -31.9495565, 115.8650587 -31.9494113))",-31.949766637590315,115.86519560069394
building_1207,building_yes,W148123420,"POLYGON ((115.8643101 -31.9495979, 115.864522 -31.9492722, 115.8646264 -31.9492187, 115.8650365 -31.9493973, 115.8647436 -31.9498821, 115.864491 -31.9497722, 115.8642815 -31.9496732, 115.8643181 -31.9496175, 115.8643101 -31.9495979))",-31.94954011018398,115.86465594154909
building_1208,building_yes,W148123421,"POLYGON ((115.8638902 -31.950251, 115.8639484 -31.9501593, 115.8641333 -31.9502437, 115.8641078 -31.9502839, 115.8641589 -31.9503073, 115.8641262 -31.9503588, 115.8638902 -31.950251))",-31.950257316025223,115.8640259043695
building_1209,building_yes,W148123422,"POLYGON ((115.8643897 -31.9509892, 115.8645402 -31.9510579, 115.8644173 -31.9512516, 115.864366 -31.9512281, 115.8643384 -31.9512717, 115.8642392 -31.9512264, 115.8643897 -31.9509892))",-31.951134177675755,115.86439048944351
building_1210,building_yes,W148123423,"POLYGON ((115.8639188 -31.9510372, 115.8639763 -31.9509467, 115.8639388 -31.9509295, 115.8639999 -31.9508332, 115.8642051 -31.950927, 115.8640788 -31.9511261, 115.864065 -31.9511478, 115.8638972 -31.9510712, 115.8639188 -31.9510372))",-31.950989397132087,115.86404557590609
building_1211,building_yes,W148123424,"POLYGON ((115.8637036 -31.950517, 115.8637811 -31.9503949, 115.8643157 -31.9506391, 115.8642382 -31.9507612, 115.864075 -31.9506867, 115.8639268 -31.9509201, 115.8638695 -31.9508939, 115.8640177 -31.9506605, 115.8637036 -31.950517))",-31.9506141562611,115.86400329138529
building_1212,building_yes,W148124799,"POLYGON ((115.8525738 -31.9515155, 115.8527143 -31.9511434, 115.8527617 -31.9510353, 115.8528018 -31.9510459, 115.852791 -31.9510712, 115.8528125 -31.9510819, 115.8528294 -31.951099, 115.8528377 -31.9511181, 115.8528396 -31.9511371, 115.8528842 -31.9511509, 115.8527096 -31.9515575, 115.8525738 -31.9515155))",-31.951309040117543,115.85273057371231
building_1213,building_yes,W148124801,"POLYGON ((115.8518748 -31.9514822, 115.8519162 -31.95139, 115.8520782 -31.9514423, 115.8520368 -31.9515346, 115.8518748 -31.9514822))",-31.951462280989954,115.85197651194598
building_1214,building_yes,W148124803,"POLYGON ((115.8520321 -31.9511318, 115.8520821 -31.9510205, 115.8522098 -31.9510618, 115.8521598 -31.9511731, 115.8520321 -31.9511318))",-31.951096800000002,115.85212094999999
building_1215,building_yes,W148124806,"POLYGON ((115.8520107 -31.95187, 115.851902 -31.9518349, 115.8520023 -31.9516114, 115.852111 -31.9516465, 115.8520107 -31.95187))",-31.951740700000002,115.85200649999999
building_1216,building_yes,W148124807,"POLYGON ((115.8524476 -31.9509265, 115.8527617 -31.9510353, 115.8527143 -31.9511434, 115.8525904 -31.9514261, 115.8522726 -31.9513229, 115.8523645 -31.9511118, 115.8523969 -31.9510395, 115.8524476 -31.9509265))",-31.95117757235897,115.85251734124158
building_1217,building_yes,W148124809,"POLYGON ((115.8524983 -31.9520282, 115.8523632 -31.9519846, 115.8524351 -31.9518282, 115.8524715 -31.9517433, 115.8525738 -31.9515155, 115.8527096 -31.9515575, 115.8526227 -31.9517513, 115.8524983 -31.9520282))",-31.951771238248483,115.85253659873463
building_1218,building_yes,W148124812,"POLYGON ((115.8520821 -31.9510205, 115.8521652 -31.9508353, 115.8524476 -31.9509265, 115.8523969 -31.9510395, 115.8523645 -31.9511118, 115.8522098 -31.9510618, 115.8520821 -31.9510205))",-31.950973531925715,115.85226485346897
building_1219,building_yes,W148124814,"POLYGON ((115.8528451 -31.9521403, 115.8524983 -31.9520282, 115.8526227 -31.9517513, 115.8529379 -31.9518532, 115.8529289 -31.9519536, 115.8528451 -31.9521403))",-31.95194663867008,115.85273069252098
building_1220,building_yes,W148124816,"POLYGON ((115.8523632 -31.9519846, 115.852213 -31.951936, 115.8522674 -31.9518147, 115.852287 -31.9517807, 115.8523248 -31.9516959, 115.8524235 -31.951467, 115.8525738 -31.9515155, 115.8524715 -31.9517433, 115.8524351 -31.9518282, 115.8523632 -31.9519846))",-31.951726586172384,115.85239416261477
building_1221,building_yes,W148124822,"POLYGON ((115.851902 -31.9518349, 115.8517758 -31.9517941, 115.8517531 -31.9517532, 115.8518748 -31.9514822, 115.8520368 -31.9515346, 115.8520023 -31.9516114, 115.851902 -31.9518349))",-31.9516572701665,115.85188981609299
building_1222,building_yes,W148124823,"POLYGON ((115.852213 -31.951936, 115.8520254 -31.9518754, 115.852267 -31.9513372, 115.8524261 -31.9513886, 115.852239 -31.9518055, 115.8522674 -31.9518147, 115.852213 -31.951936))",-31.951641258359153,115.85222576591671
building_1223,building_yes,W148124824,"POLYGON ((115.8519162 -31.95139, 115.8520321 -31.9511318, 115.8521598 -31.9511731, 115.8523151 -31.9512233, 115.8521992 -31.9514814, 115.8520782 -31.9514423, 115.8519162 -31.95139))",-31.95130661742595,115.85211564409407
building_1224,building_yes,W148127711,"POLYGON ((115.868027 -31.9539682, 115.8679045 -31.95393, 115.8679286 -31.9538743, 115.8679192 -31.9538713, 115.8679357 -31.9538333, 115.8679451 -31.9538363, 115.8679526 -31.9538189, 115.8679433 -31.953816, 115.8679624 -31.953772, 115.8679717 -31.9537749, 115.8679956 -31.9537199, 115.8681181 -31.9537582, 115.868027 -31.9539682))",-31.953843443308397,115.8680093819708
building_1225,building_yes,W148127713,"POLYGON ((115.8695246 -31.9542418, 115.8695998 -31.9542674, 115.8696074 -31.9542513, 115.8696953 -31.9542813, 115.8698514 -31.9543344, 115.8698433 -31.9543516, 115.8699157 -31.9543763, 115.8697971 -31.9546269, 115.8697229 -31.9546017, 115.8697152 -31.9546178, 115.8694724 -31.954535, 115.86948 -31.9545191, 115.8694054 -31.9544936, 115.8695246 -31.9542418))",-31.954434429783213,115.86966072505275
building_1226,building_yes,W148127715,"POLYGON ((115.867893 -31.9543237, 115.8678349 -31.9543055, 115.8678392 -31.9542956, 115.8678142 -31.9542792, 115.8677945 -31.9542563, 115.8677901 -31.954235, 115.867791 -31.9542141, 115.8677779 -31.95421, 115.8677972 -31.9541657, 115.8678262 -31.9541748, 115.8678421 -31.9541382, 115.8678281 -31.9541339, 115.8679028 -31.9539619, 115.8680325 -31.9540025, 115.8679893 -31.954102, 115.867893 -31.9543237))",-31.954137441146596,115.86790171920072
building_1227,building_yes,W148127718,"POLYGON ((115.8692397 -31.954767, 115.8692112 -31.9547581, 115.8692069 -31.954768, 115.8690759 -31.954727, 115.8690802 -31.9547172, 115.86905 -31.9547077, 115.8690729 -31.9546551, 115.8688974 -31.9546002, 115.8688745 -31.9546529, 115.8687694 -31.9546201, 115.8689385 -31.9542305, 115.8690147 -31.9542542, 115.8690639 -31.9542695, 115.8691246 -31.9541295, 115.8692861 -31.9541799, 115.8694061 -31.9539034, 115.8695897 -31.9539607, 115.8692958 -31.9546379, 115.8692591 -31.9546264, 115.8692317 -31.9546895, 115.8692684 -31.954701, 115.8692397 -31.954767))",-31.95436969657201,115.86918845598026
building_1228,building_yes,W148127720,"POLYGON ((115.8686771 -31.9539802, 115.8685984 -31.9539557, 115.8686161 -31.9539149, 115.8686948 -31.9539395, 115.8686771 -31.9539802))",-31.95394756892806,115.8686465865433
building_1229,building_yes,W148127722,"POLYGON ((115.8685238 -31.9536275, 115.8684006 -31.9539112, 115.8682646 -31.9538687, 115.8683877 -31.953585, 115.8685238 -31.9536275))",-31.953748085041223,115.86839418274178
building_1230,building_yes,W148127725,"POLYGON ((115.8682088 -31.9544239, 115.8680646 -31.9543788, 115.8682337 -31.9539893, 115.8683779 -31.9540344, 115.8682088 -31.9544239))",-31.954206600000003,115.86822125
building_1231,building_yes,W148127727,"POLYGON ((115.8684006 -31.9539112, 115.8685238 -31.9536275, 115.8686649 -31.9536715, 115.8685417 -31.9539552, 115.8684006 -31.9539112))",-31.95379135,115.86853275
building_1232,building_yes,W148127728,"POLYGON ((115.8680188 -31.9543629, 115.867893 -31.9543237, 115.8679893 -31.954102, 115.868115 -31.9541413, 115.8680188 -31.9543629))",-31.954232480613076,115.86800401635908
building_1233,building_yes,W148127729,"POLYGON ((115.868706 -31.953923, 115.8685839 -31.9538849, 115.8686643 -31.9536997, 115.8687864 -31.9537378, 115.868706 -31.953923))",-31.953811350000006,115.86868515000002
building_1234,building_yes,W148127730,"POLYGON ((115.8685145 -31.9540949, 115.8687808 -31.9541781, 115.8686181 -31.954553, 115.8683518 -31.9544698, 115.8684681 -31.954202, 115.8685145 -31.9540949))",-31.954323958991495,115.86856631597563
building_1235,building_yes,W148127731,"POLYGON ((115.8697243 -31.9540031, 115.8699328 -31.9540742, 115.8699777 -31.9541605, 115.8699426 -31.9542347, 115.8696602 -31.9541384, 115.8697243 -31.9540031))",-31.95411936935183,115.86982470884318
building_1236,building_yes,W148127733,"POLYGON ((115.8685417 -31.9539552, 115.8685455 -31.9539466, 115.868603 -31.9539645, 115.8685663 -31.9540492, 115.8685088 -31.9540312, 115.8685417 -31.9539552))",-31.953997870528973,115.86855589028785
building_1237,building_yes,W148127734,"POLYGON ((115.8696953 -31.9542813, 115.8696074 -31.9542513, 115.8696533 -31.9541543, 115.869907 -31.9542407, 115.8698651 -31.9543291, 115.8696994 -31.9542726, 115.8696953 -31.9542813))",-31.95424235571146,115.86975576335684
building_1238,building_yes,W148127735,"POLYGON ((115.8683518 -31.9544698, 115.8682271 -31.9544309, 115.868315 -31.9542282, 115.8683779 -31.9542479, 115.8684063 -31.9541826, 115.8684681 -31.954202, 115.8683518 -31.9544698))",-31.95433192843604,115.86834575851819
building_1239,building_yes,W148127736,"POLYGON ((115.8690016 -31.9542034, 115.8687166 -31.9541144, 115.8688725 -31.9537551, 115.8688957 -31.9537439, 115.8690279 -31.9537852, 115.8690502 -31.9538061, 115.8690832 -31.9538025, 115.8691646 -31.9538279, 115.8690016 -31.9542034))",-31.95397196262546,115.86894029734091
building_1240,building_yes,W148127737,"POLYGON ((115.8680651 -31.9540127, 115.8682387 -31.9536126, 115.8681797 -31.9535942, 115.8682081 -31.9535288, 115.8683794 -31.9535824, 115.8682819 -31.9538071, 115.8682899 -31.9538096, 115.8681855 -31.9540503, 115.8680651 -31.9540127))",-31.953786834879285,115.86822270815765
building_1241,building_yes,W148130909,"POLYGON ((115.8516348 -31.9508427, 115.8516583 -31.9507932, 115.8516753 -31.9507991, 115.8516902 -31.9507677, 115.8517495 -31.950788, 115.8517846 -31.950714, 115.8519794 -31.9507807, 115.8519058 -31.9509355, 115.8516348 -31.9508427))",-31.950823792669063,115.85182139812169
building_1242,building_yes,W148130911,"POLYGON ((115.8509396 -31.9515297, 115.8508913 -31.9515107, 115.8509153 -31.9514565, 115.8508778 -31.9514445, 115.8508342 -31.9514307, 115.8508166 -31.9514272, 115.8507599 -31.9514326, 115.8507107 -31.9514228, 115.8506691 -31.9514022, 115.8506395 -31.9513729, 115.8506229 -31.9513635, 115.8505575 -31.9513427, 115.8505336 -31.9513969, 115.8504291 -31.9513637, 115.8505373 -31.9511186, 115.8506674 -31.950824, 115.8507255 -31.9506923, 115.8508518 -31.9504065, 115.8508769 -31.9504165, 115.8508949 -31.9504269, 115.8509335 -31.9504638, 115.8509537 -31.9504744, 115.8509794 -31.9504798, 115.8510085 -31.9504836, 115.8510593 -31.9504829, 115.8511033 -31.9504881, 115.8511219 -31.9504924, 115.8511402 -31.9505, 115.8512132 -31.9505487, 115.8512355 -31.9505588, 115.8512567 -31.9505633, 115.8512895 -31.9505661, 115.8513526 -31.950571, 115.8513729 -31.9505623, 115.8509396 -31.9515297))",-31.950957630828913,115.85090080252571
building_1243,building_yes,W148130926,"POLYGON ((115.8513022 -31.951639, 115.851327 -31.9515845, 115.8514455 -31.9513248, 115.8515025 -31.9511999, 115.8517568 -31.9512877, 115.8516955 -31.9514357, 115.8516881 -31.9514334, 115.8515331 -31.951385, 115.8514166 -31.9516539, 115.8514081 -31.9516735, 115.8513022 -31.951639))",-31.95140327453216,115.85151912435995
building_1244,building_yes,W148130928,"POLYGON ((115.8514181 -31.9510719, 115.8516978 -31.9511676, 115.8516822 -31.9512004, 115.8517766 -31.9512327, 115.8517541 -31.95128, 115.8514487 -31.9511754, 115.8514667 -31.9511375, 115.8513981 -31.951114, 115.8514181 -31.9510719))",-31.951176197975915,115.85158433536661
building_1245,building_yes,W148252395,"POLYGON ((115.8467478 -31.9561878, 115.8471871 -31.9559224, 115.8472222 -31.9559642, 115.8472438 -31.9559511, 115.8473046 -31.9560236, 115.8472637 -31.9560483, 115.8473086 -31.9561018, 115.8469225 -31.9563351, 115.8468779 -31.956282, 115.8468314 -31.9563101, 115.8467694 -31.9562363, 115.8467821 -31.9562287, 115.8467478 -31.9561878))",-31.956134116713624,115.84703988019584
building_1246,building_yes,W148252396,"POLYGON ((115.8475541 -31.9552623, 115.8477436 -31.9551478, 115.8477512 -31.9551568, 115.8478175 -31.9551167, 115.8478099 -31.9551077, 115.8479839 -31.9550026, 115.8481001 -31.955141, 115.8480741 -31.9551567, 115.8480838 -31.9551682, 115.8477031 -31.9553983, 115.8476521 -31.9553375, 115.847629 -31.9553515, 115.8475541 -31.9552623))",-31.955204610852142,115.84783492393406
building_1247,building_yes,W148252398,"POLYGON ((115.8480958 -31.9548931, 115.8484399 -31.9546852, 115.8485746 -31.9548457, 115.8482305 -31.9550536, 115.8482084 -31.9550273, 115.8481949 -31.9550355, 115.8481678 -31.9550031, 115.8481813 -31.954995, 115.8481529 -31.9549611, 115.848137 -31.9549707, 115.8481038 -31.9549311, 115.8481196 -31.9549215, 115.8480958 -31.9548931))",-31.954871388614308,115.84833174820007
building_1248,building_yes,W148252399,"POLYGON ((115.8465161 -31.9558613, 115.846709 -31.9557447, 115.8467271 -31.9557662, 115.8467804 -31.955734, 115.8467623 -31.9557125, 115.8469489 -31.9555997, 115.8470962 -31.9557753, 115.8467241 -31.9560001, 115.8467116 -31.9559852, 115.8466753 -31.9560072, 115.8466368 -31.9559613, 115.8466124 -31.955976, 115.8465161 -31.9558613))",-31.955814445418792,115.84681110020225
building_1249,building_yes,W148252402,"POLYGON ((115.8470491 -31.9555677, 115.8471597 -31.9555008, 115.8471694 -31.9555123, 115.8473147 -31.9554245, 115.8473102 -31.9554192, 115.8473679 -31.9553843, 115.8473628 -31.9553782, 115.8474871 -31.955303, 115.8475255 -31.9553487, 115.8475369 -31.9553418, 115.8475937 -31.9554095, 115.8475823 -31.9554164, 115.8476222 -31.9554639, 115.8471988 -31.9557198, 115.8471392 -31.9556487, 115.8471245 -31.9556576, 115.8470491 -31.9555677))",-31.955513546427103,115.84734322094097
building_1250,building_yes,W148252404,"POLYGON ((115.8456909 -31.9574815, 115.8456247 -31.9574651, 115.8456979 -31.9572532, 115.8457642 -31.9572697, 115.8456909 -31.9574815))",-31.957367341525842,115.84569443461524
building_1251,building_yes,W148252405,"POLYGON ((115.845845 -31.9569208, 115.8463273 -31.9570631, 115.8462309 -31.9572982, 115.8457486 -31.9571559, 115.845845 -31.9569208))",-31.9571095,115.84603794999998
building_1252,building_yes,W148252406,"POLYGON ((115.8459916 -31.956634, 115.8460585 -31.9564822, 115.8465164 -31.9566275, 115.8464494 -31.9567793, 115.8459916 -31.956634))",-31.956630749796883,115.84625398306609
building_1253,building_yes,W148252408,"POLYGON ((115.8466277 -31.9564145, 115.8463236 -31.9559579, 115.8464138 -31.9559147, 115.8467178 -31.9563713, 115.8466277 -31.9564145))",-31.95616456828929,115.84652070309538
building_1254,building_yes,W148252409,"POLYGON ((115.845953 -31.9566572, 115.8464353 -31.9567995, 115.8463273 -31.9570631, 115.845845 -31.9569208, 115.845953 -31.9566572))",-31.95686015,115.84614015
building_1255,building_yes,W148252410,"POLYGON ((115.8458727 -31.957268, 115.8458178 -31.9574507, 115.8457459 -31.9574303, 115.8457733 -31.9572433, 115.8458727 -31.957268))",-31.95734326855577,115.8458036085056
building_1256,building_apartments,W148252412,"POLYGON ((115.8474335 -31.9560466, 115.8472756 -31.9558585, 115.8477445 -31.9555751, 115.8479024 -31.9557632, 115.8474335 -31.9560466))",-31.95581085,115.84758899999999
building_1257,building_yes,W148255030,"POLYGON ((115.8453443 -31.9593927, 115.8455636 -31.9594468, 115.8455525 -31.9594793, 115.845586 -31.9594876, 115.8455725 -31.9595268, 115.8455992 -31.9595334, 115.8455576 -31.9596545, 115.8455854 -31.9596614, 115.8455725 -31.9596991, 115.8452986 -31.9596314, 115.8453111 -31.959595, 115.8452953 -31.9595912, 115.8453182 -31.9595246, 115.8453005 -31.9595202, 115.8453443 -31.9593927))",-31.959546067761934,115.84544538023172
building_1258,building_yes,W148255033,"POLYGON ((115.8452267 -31.9592474, 115.8452798 -31.9591016, 115.8456328 -31.9591942, 115.8455797 -31.95934, 115.8452267 -31.9592474))",-31.959220799999997,115.84542975000001
building_1259,building_yes,W148257875,"POLYGON ((115.8502064 -31.9505285, 115.8503578 -31.9505794, 115.8503058 -31.9506907, 115.8502836 -31.9507427, 115.8505758 -31.9508335, 115.8504698 -31.9510696, 115.8503489 -31.9513363, 115.8499489 -31.9512058, 115.8500666 -31.9509393, 115.850093 -31.9508786, 115.8500508 -31.9508646, 115.8500896 -31.9507834, 115.8502064 -31.9505285))",-31.950972247505792,115.8502550215958
building_1260,building_yes,W148257876,"POLYGON ((115.8500508 -31.9508646, 115.8499061 -31.9511904, 115.8497757 -31.9511487, 115.8499205 -31.9508229, 115.8500508 -31.9508646))",-31.951006667937783,115.84991326596379
building_1261,building_yes,W148257877,"POLYGON ((115.8503345 -31.95024, 115.8502111 -31.950518, 115.8500735 -31.9504743, 115.8501964 -31.9501961, 115.8503345 -31.95024))",-31.950357012783567,115.85020391192269
building_1262,building_yes,W148257878,"POLYGON ((115.8499205 -31.9508229, 115.8497757 -31.9511487, 115.8496248 -31.9511007, 115.8496423 -31.9510612, 115.8497706 -31.950775, 115.8499205 -31.9508229))",-31.950961996716863,115.8497727693998
building_1263,building_yes,W148257879,"POLYGON ((115.8500841 -31.9501604, 115.8499897 -31.9503742, 115.8498177 -31.9503195, 115.8498943 -31.9501461, 115.8499378 -31.9501138, 115.8500841 -31.9501604))",-31.95024162605787,115.84995142874708
building_1264,building_yes,W148257880,"POLYGON ((115.8500896 -31.9507834, 115.8502064 -31.9505285, 115.8502111 -31.950518, 115.8500735 -31.9504743, 115.849953 -31.9507381, 115.8500896 -31.9507834))",-31.950628429622114,115.85008191920531
building_1265,building_yes,W148257881,"POLYGON ((115.8504898 -31.9502894, 115.8503578 -31.9505794, 115.8502064 -31.9505285, 115.8502111 -31.950518, 115.8503345 -31.95024, 115.8504898 -31.9502894))",-31.95040891580859,115.85034744100284
building_1266,building_yes,W148257882,"POLYGON ((115.8500735 -31.9504743, 115.8499788 -31.9504442, 115.8500072 -31.9503798, 115.8499897 -31.9503742, 115.8500841 -31.9501604, 115.8501964 -31.9501961, 115.8500735 -31.9504743))",-31.950313898820937,115.85008236569126
building_1267,building_yes,W148257883,"POLYGON ((115.8499788 -31.9504442, 115.8500735 -31.9504743, 115.849953 -31.9507381, 115.8499305 -31.9507908, 115.849782 -31.950745, 115.8496529 -31.9507032, 115.8497939 -31.9503852, 115.8499788 -31.9504442))",-31.950588219296847,115.84986237333821
building_1268,building_yes,W148257884,"POLYGON ((115.8503058 -31.9506907, 115.8503578 -31.9505794, 115.8504898 -31.9502894, 115.8507992 -31.9503877, 115.8506801 -31.9506553, 115.8506459 -31.9506443, 115.8505768 -31.9507813, 115.8503058 -31.9506907))",-31.950533496337314,115.8505501552461
building_1269,building_yes,W148258549,"POLYGON ((115.8500322 -31.9498217, 115.8510548 -31.9501519, 115.8510108 -31.9502501, 115.8509861 -31.9502606, 115.850037 -31.9499193, 115.8500241 -31.9498847, 115.8500322 -31.9498217))",-31.950047366317847,115.85055521457797
building_1270,building_residential,W148287372,"POLYGON ((115.8447134 -31.9567548, 115.8447472 -31.9566731, 115.8450373 -31.9567595, 115.8450398 -31.9567536, 115.845228 -31.9568096, 115.8452275 -31.9568386, 115.8452175 -31.9568833, 115.8452072 -31.9569069, 115.8450006 -31.9568453, 115.8450024 -31.9568409, 115.8447134 -31.9567548))",-31.956789148316766,115.84498289690627
building_1271,building_residential,W148287373,"POLYGON ((115.8450301 -31.9561651, 115.8453697 -31.9562662, 115.8453556 -31.9563004, 115.845385 -31.9563091, 115.8453661 -31.9563549, 115.8453037 -31.9563364, 115.8452878 -31.9563748, 115.8450734 -31.956311, 115.8450957 -31.9562569, 115.8450386 -31.9562399, 115.8450518 -31.9562081, 115.8450166 -31.9561977, 115.8450301 -31.9561651))",-31.956276275941576,115.84520246473639
building_1272,building_residential,W148287374,"POLYGON ((115.8447038 -31.9567911, 115.8452002 -31.9569498, 115.8451512 -31.9570553, 115.8448849 -31.9569664, 115.8446989 -31.9569078, 115.8446927 -31.9569085, 115.84468 -31.9569078, 115.8446665 -31.956903, 115.8446589 -31.9568943, 115.8446574 -31.9568836, 115.8446601 -31.9568741, 115.8446659 -31.9568667, 115.8446776 -31.9568592, 115.8446966 -31.9568564, 115.8447038 -31.9567911))",-31.956923518485844,115.84493129999203
building_1273,building_residential,W148287375,"POLYGON ((115.845083 -31.9564596, 115.8451335 -31.9563374, 115.8453606 -31.956405, 115.8453101 -31.9565272, 115.845083 -31.9564596))",-31.956432300000003,115.8452218
building_1274,building_residential,W148287376,"POLYGON ((115.8448769 -31.9561825, 115.8449988 -31.9562188, 115.8449756 -31.9562749, 115.8448536 -31.9562386, 115.8448769 -31.9561825))",-31.95622870198377,115.8449262187857
building_1275,building_residential,W148287377,"POLYGON ((115.8449872 -31.9566911, 115.8449956 -31.9566708, 115.844987 -31.9566683, 115.8450121 -31.9566077, 115.8450207 -31.9566102, 115.845083 -31.9564596, 115.8453101 -31.9565272, 115.8452143 -31.9567587, 115.8449872 -31.9566911))",-31.95660944587271,115.84514723650489
building_1276,building_residential,W148287470,"POLYGON ((115.8450414 -31.9557335, 115.8450819 -31.9556355, 115.845132 -31.9556504, 115.8451618 -31.9555785, 115.8451477 -31.9555743, 115.8451713 -31.9555173, 115.8453545 -31.9555718, 115.8452989 -31.9557062, 115.845317 -31.9557116, 115.8452729 -31.9558183, 115.8451665 -31.9557867, 115.8451724 -31.9557725, 115.8450414 -31.9557335))",-31.95566920303392,115.84521020134486
building_1277,building_residential,W148287471,"POLYGON ((115.8451167 -31.9560053, 115.8452131 -31.956034, 115.8452186 -31.9560208, 115.8454794 -31.9560984, 115.8454474 -31.9561757, 115.8454153 -31.9562365, 115.845345 -31.9562108, 115.845338 -31.9562247, 115.8452099 -31.956186, 115.8452135 -31.9561772, 115.8451057 -31.9561451, 115.8451093 -31.9561364, 115.8449851 -31.9560994, 115.8450268 -31.9559986, 115.8451093 -31.9560231, 115.8451167 -31.9560053))",-31.956110869565187,115.84524198986355
building_1278,building_residential,W148287472,"POLYGON ((115.8452032 -31.9558346, 115.8452884 -31.9558599, 115.8452948 -31.9558444, 115.845467 -31.9558955, 115.8454624 -31.9559067, 115.8455443 -31.9559311, 115.8455364 -31.9559837, 115.845525 -31.9560103, 115.8454926 -31.9560564, 115.8454092 -31.9560316, 115.8454033 -31.9560459, 115.8452443 -31.9559987, 115.8452511 -31.9559823, 115.8451711 -31.9559585, 115.84519 -31.9559129, 115.8451473 -31.9559003, 115.8451612 -31.9558667, 115.8451868 -31.9558743, 115.8452032 -31.9558346))",-31.955944822424613,115.845353377799
building_1279,building_residential,W148287474,"POLYGON ((115.8453371 -31.9555201, 115.8451577 -31.9554667, 115.8452384 -31.9552717, 115.8454178 -31.9553251, 115.8453371 -31.9555201))",-31.9553959,115.84528774999998
building_1280,building_residential,W148287475,"POLYGON ((115.8448124 -31.9563137, 115.8450003 -31.9563697, 115.8449956 -31.9563811, 115.84502 -31.9563884, 115.8450031 -31.9564293, 115.8447907 -31.9563661, 115.8448124 -31.9563137))",-31.956371317625283,115.84490506618933
building_1281,building_residential,W148287476,"POLYGON ((115.8455185 -31.9556986, 115.8454968 -31.9556369, 115.8455258 -31.9555788, 115.8456182 -31.9555488, 115.8457024 -31.9555939, 115.8457169 -31.9556573, 115.8456692 -31.9557206, 115.8455956 -31.955736, 115.8455185 -31.9556986))",-31.95564337675098,115.84560706791231
building_1282,building_residential,W148348099,"POLYGON ((115.8516635 -31.9499327, 115.8517706 -31.9499673, 115.8515881 -31.9503742, 115.8516599 -31.9503974, 115.8518195 -31.9500416, 115.851799 -31.950035, 115.8518435 -31.9499357, 115.8519884 -31.9499825, 115.8519079 -31.9501619, 115.8518892 -31.9502036, 115.8517566 -31.9504994, 115.8514533 -31.9504015, 115.8516635 -31.9499327))",-31.950209012358734,115.85172098715022
building_1283,building_yes,W148348100,"POLYGON ((115.8519977 -31.9499683, 115.8520288 -31.9498988, 115.8520845 -31.949648, 115.8519334 -31.9495992, 115.8520277 -31.9493889, 115.8522661 -31.9494658, 115.8523055 -31.9494947, 115.8523312 -31.9495375, 115.8523416 -31.9495819, 115.8522648 -31.9500043, 115.8522451 -31.9500482, 115.8519977 -31.9499683))",-31.949702965671534,115.85215896471067
building_1284,building_yes,W148348115,"POLYGON ((115.8517566 -31.9504994, 115.8518892 -31.9502036, 115.8521631 -31.950292, 115.8520304 -31.9505878, 115.8517566 -31.9504994))",-31.950395692839233,115.85195983070163
building_1285,building_yes,W148348120,"POLYGON ((115.852183 -31.9501869, 115.8519613 -31.9501153, 115.8519355 -31.950107, 115.8519977 -31.9499683, 115.8522451 -31.9500482, 115.852183 -31.9501869))",-31.95007759736062,115.85209032479275
building_1286,building_yes,W148348122,"POLYGON ((115.8512955 -31.9503505, 115.851404 -31.9501083, 115.8515057 -31.9498817, 115.8516635 -31.9499327, 115.8514533 -31.9504015, 115.8512955 -31.9503505))",-31.95014159243101,115.85147947905286
building_1287,building_yes,W148348123,"POLYGON ((115.8518892 -31.9502036, 115.8519079 -31.9501619, 115.8519363 -31.9501711, 115.8521818 -31.9502503, 115.8521631 -31.950292, 115.8518892 -31.9502036))",-31.9502269615935,115.85203550956714
building_1288,building_yes,W148348125,"POLYGON ((115.8519363 -31.9501711, 115.8519613 -31.9501153, 115.852183 -31.9501869, 115.852213 -31.9501966, 115.852188 -31.9502523, 115.8521818 -31.9502503, 115.8519363 -31.9501711))",-31.95018381235858,115.8520746209399
building_1289,building_yes,W148348127,"POLYGON ((115.8513272 -31.9498482, 115.8514878 -31.9499001, 115.8513957 -31.9501056, 115.851404 -31.9501083, 115.8512955 -31.9503505, 115.8511264 -31.9502959, 115.8512136 -31.9501015, 115.8513272 -31.9498482))",-31.950101580893914,115.85130817242211
building_1290,building_yes,W148352333,"POLYGON ((115.8665093 -31.9582437, 115.8666178 -31.9582781, 115.8669213 -31.9583742, 115.8668944 -31.9584354, 115.8668268 -31.9585892, 115.8667851 -31.9586839, 115.8666272 -31.9590428, 115.8666162 -31.9590678, 115.8662042 -31.9589373, 115.8663005 -31.9587182, 115.8664176 -31.9586682, 115.8664868 -31.958511, 115.8664378 -31.9584061, 115.8665093 -31.9582437))",-31.958661739802555,115.8665742659893
building_1291,building_yes,W148352334,"POLYGON ((115.8658194 -31.9583071, 115.8658714 -31.9583235, 115.8658703 -31.958326, 115.8658313 -31.9584147, 115.865874 -31.9584282, 115.8657215 -31.9587748, 115.8655852 -31.9587316, 115.8657377 -31.9583851, 115.8657793 -31.9583982, 115.8658183 -31.9583095, 115.8658194 -31.9583071))",-31.958559946007203,115.86573833433205
building_1292,building_yes,W148352336,"POLYGON ((115.8660108 -31.9581173, 115.8659141 -31.958337, 115.8658714 -31.9583235, 115.8658194 -31.9583071, 115.8657768 -31.9582935, 115.8658813 -31.9580562, 115.8659006 -31.9580623, 115.8659226 -31.9580579, 115.865952 -31.9580632, 115.8659815 -31.958076, 115.8659964 -31.9580927, 115.8660185 -31.9580997, 115.8660108 -31.9581173))",-31.958193319944492,115.8658990760578
building_1293,building_yes,W148352337,"POLYGON ((115.8647703 -31.9593055, 115.8650553 -31.9586583, 115.8652398 -31.9587168, 115.8653409 -31.958749, 115.865282 -31.9588839, 115.8653695 -31.9589117, 115.8653126 -31.9590409, 115.8652217 -31.9590121, 115.8651562 -31.9591608, 115.8652471 -31.9591896, 115.865197 -31.9593035, 115.8651032 -31.9592737, 115.8650501 -31.9593942, 115.8647703 -31.9593055))",-31.959032416088913,115.86507464469464
building_1294,building_residential,W148352338,"POLYGON ((115.8663334 -31.9597767, 115.8662299 -31.959744, 115.8663452 -31.9594821, 115.866257 -31.9594542, 115.8661418 -31.9597161, 115.8660452 -31.9596855, 115.8661941 -31.9593472, 115.8663704 -31.959403, 115.8663973 -31.9593419, 115.8663896 -31.9593394, 115.8664224 -31.9592649, 115.8664287 -31.9592669, 115.8664404 -31.9592402, 115.8665536 -31.9592761, 115.8663334 -31.9597767))",-31.9595077258408,115.86630832763045
building_1295,building_yes,W148352339,"POLYGON ((115.8654596 -31.958707, 115.8660475 -31.9588934, 115.8658137 -31.9594244, 115.8657318 -31.9596103, 115.8655471 -31.9595529, 115.8654584 -31.9595236, 115.8654854 -31.9594623, 115.8655274 -31.9594061, 115.8656033 -31.9593576, 115.8656289 -31.9593246, 115.865634 -31.9592879, 115.8655109 -31.9592017, 115.8654565 -31.9592601, 115.8654559 -31.9593929, 115.8654022 -31.9594896, 115.865211 -31.9594452, 115.8651775 -31.9593939, 115.865197 -31.9593035, 115.8652471 -31.9591896, 115.8653126 -31.9590409, 115.8653695 -31.9589117, 115.8654596 -31.958707))",-31.959142199476744,115.86560522581107
building_1296,building_yes,W148352340,"POLYGON ((115.8672303 -31.958472, 115.8673348 -31.9585051, 115.8672562 -31.9586804, 115.86714 -31.9589509, 115.8670344 -31.9589174, 115.8672303 -31.958472))",-31.95871174282761,115.86718420526141
building_1297,building_residential,W148352341,"POLYGON ((115.8655725 -31.9580238, 115.8656463 -31.9580603, 115.8656373 -31.9580733, 115.8657176 -31.9581032, 115.8656507 -31.9582575, 115.865499 -31.9582074, 115.8655725 -31.9580238))",-31.95814736610848,115.86560717886033
building_1298,building_yes,W148352342,"POLYGON ((115.8672674 -31.9590604, 115.8672958 -31.958999, 115.867412 -31.9587286, 115.86749 -31.9585543, 115.8677144 -31.9586254, 115.8678721 -31.9586753, 115.8676494 -31.9591814, 115.8675455 -31.9591485, 115.8672998 -31.9590707, 115.8672674 -31.9590604))",-31.958867647687864,115.86756974773287
building_1299,building_yes,W148352343,"POLYGON ((115.8660108 -31.9581173, 115.8663257 -31.958217, 115.866229 -31.9584367, 115.8659141 -31.958337, 115.8660108 -31.9581173))",-31.958277000000002,115.86611989999999
building_1300,building_yes,W148352345,"POLYGON ((115.8659141 -31.958337, 115.866229 -31.9584367, 115.8661651 -31.9585819, 115.8660364 -31.9588745, 115.8657215 -31.9587748, 115.865874 -31.9584282, 115.8659141 -31.958337))",-31.958605751951108,115.8659752488219
building_1301,building_yes,W148352346,"POLYGON ((115.8673348 -31.9585051, 115.86749 -31.9585543, 115.867412 -31.9587286, 115.8672958 -31.958999, 115.8672674 -31.9590604, 115.8671121 -31.9590113, 115.86714 -31.9589509, 115.8672562 -31.9586804, 115.8673348 -31.9585051))",-31.95878273908051,115.86730091380157
building_1302,building_yes,W148352348,"POLYGON ((115.8663257 -31.958217, 115.8663359 -31.9581938, 115.8664663 -31.9582351, 115.8662956 -31.9586232, 115.8661651 -31.9585819, 115.866229 -31.9584367, 115.8663257 -31.958217))",-31.958408524224247,115.86631571469825
building_1303,building_yes,W148352349,"POLYGON ((115.8666272 -31.9590428, 115.8667851 -31.9586839, 115.8668268 -31.9585892, 115.8668573 -31.9586008, 115.8670412 -31.9585377, 115.8672303 -31.958472, 115.8670344 -31.9589174, 115.8669362 -31.9591406, 115.8666272 -31.9590428))",-31.958816442378737,115.86691527224372
building_1304,building_residential,W148352350,"POLYGON ((115.866023 -31.9596774, 115.8659416 -31.9596516, 115.8660557 -31.9593922, 115.8659488 -31.9593583, 115.8658346 -31.9596178, 115.8657521 -31.9595916, 115.8658985 -31.9592589, 115.8661694 -31.9593447, 115.866023 -31.9596774))",-31.959451778876883,115.86596766993357
building_1305,building_residential,W148354319,"POLYGON ((115.8672658 -31.9592791, 115.8672998 -31.9592019, 115.8675364 -31.9592768, 115.8675437 -31.9592602, 115.8675123 -31.9592503, 115.867526 -31.9592192, 115.8676672 -31.9592639, 115.867642 -31.9593212, 115.8676556 -31.9593255, 115.8676259 -31.9593931, 115.8672658 -31.9592791))",-31.959291555578204,115.8674856537426
building_1306,building_residential,W148354324,"POLYGON ((115.8671193 -31.9600487, 115.8673638 -31.9594929, 115.8674828 -31.9595305, 115.8674643 -31.9595727, 115.8675414 -31.9595972, 115.8675069 -31.9596756, 115.8674359 -31.9596531, 115.8674159 -31.9596985, 115.867487 -31.959721, 115.8674505 -31.9598038, 115.8673849 -31.959783, 115.8673574 -31.9598455, 115.867423 -31.9598662, 115.8673913 -31.9599383, 115.8673251 -31.9599173, 115.8673009 -31.9599722, 115.8673672 -31.9599932, 115.8673288 -31.9600804, 115.8672326 -31.96005, 115.8672192 -31.9600803, 115.8671193 -31.9600487))",-31.95979833134498,115.86732821668068
building_1307,building_yes,W148354333,"POLYGON ((115.8670679 -31.960419, 115.867172 -31.9604521, 115.867145 -31.9605134, 115.8670409 -31.9604803, 115.8670679 -31.960419))",-31.9604662,115.86710645
building_1308,building_residential,W148354335,"POLYGON ((115.8663876 -31.9597946, 115.8666377 -31.9592263, 115.8667128 -31.9592501, 115.8664627 -31.9598184, 115.8663876 -31.9597946))",-31.959522349999997,115.86655019999999
building_1309,building_residential,W148354339,"POLYGON ((115.867008 -31.959889, 115.8672411 -31.9593593, 115.8673204 -31.9593844, 115.8670873 -31.9599141, 115.867008 -31.959889))",-31.9596367,115.8671642
building_1310,building_residential,W148354349,"POLYGON ((115.8668198 -31.9599398, 115.8670879 -31.9593305, 115.8671401 -31.9592119, 115.8672262 -31.9592392, 115.866906 -31.9599671, 115.8668198 -31.9599398))",-31.959589555827545,115.86702299710325
building_1311,building_residential,W148354351,"POLYGON ((115.8666615 -31.9598781, 115.8668901 -31.9593584, 115.8669952 -31.9593916, 115.8667665 -31.9599113, 115.8666615 -31.9598781))",-31.959634813953937,115.8668283413914
building_1312,building_residential,W148354354,"POLYGON ((115.8665203 -31.9598345, 115.8668022 -31.9591938, 115.8668882 -31.959221, 115.8666063 -31.9598618, 115.8665203 -31.9598345))",-31.959527799284878,115.86670424043426
building_1313,building_residential,W148354362,"POLYGON ((115.8675129 -31.9594243, 115.8675667 -31.9594413, 115.8675343 -31.9595151, 115.8674805 -31.959498, 115.8675129 -31.9594243))",-31.95946968109636,115.86752360340083
building_1314,building_yes,W148354367,"POLYGON ((115.8680201 -31.9603386, 115.8682292 -31.9596004, 115.868459 -31.9596472, 115.8684319 -31.9597432, 115.8683211 -31.9597206, 115.8681393 -31.9603629, 115.8680201 -31.9603386))",-31.95994959809509,115.86820639526223
building_1315,building_yes,W148354371,"POLYGON ((115.86787 -31.9606493, 115.8678463 -31.960703, 115.8678078 -31.9606907, 115.8677737 -31.9607679, 115.8674063 -31.960651, 115.8674413 -31.9605719, 115.8674022 -31.9605594, 115.8674251 -31.9605077, 115.86787 -31.9606493))",-31.960641009327134,115.86762042884048
building_1316,building_yes,W148356611,"POLYGON ((115.8692155 -31.9591222, 115.869503 -31.9592133, 115.869432 -31.9593746, 115.8693917 -31.9593618, 115.8692122 -31.9597696, 115.868983 -31.959697, 115.8690358 -31.9595768, 115.869007 -31.9595677, 115.8689968 -31.9595453, 115.8691749 -31.9591404, 115.8692155 -31.9591222))",-31.959429002072103,115.86921760841554
building_1317,building_yes,W148356613,"POLYGON ((115.8684731 -31.9595619, 115.8685551 -31.9593757, 115.8686533 -31.9594068, 115.8686782 -31.9593973, 115.8687137 -31.9593166, 115.8685973 -31.9592797, 115.8687274 -31.9589839, 115.8687371 -31.958962, 115.8690131 -31.9590495, 115.8690629 -31.9591256, 115.8688223 -31.9596725, 115.8684731 -31.9595619))",-31.959317995638326,115.86878514714479
building_1318,building_yes,W148356616,"POLYGON ((115.8695316 -31.959269, 115.8698966 -31.9593839, 115.8699521 -31.9594014, 115.8699066 -31.9595055, 115.8698504 -31.9594868, 115.8694867 -31.959371, 115.8695316 -31.959269))",-31.95938674277986,115.86971985516388
building_1319,building_yes,W148356619,"POLYGON ((115.8698504 -31.9594868, 115.8699066 -31.9595055, 115.8699521 -31.9594014, 115.8698966 -31.9593839, 115.8699127 -31.9593501, 115.8702193 -31.9594522, 115.8699398 -31.9600934, 115.8696818 -31.9600113, 115.8696248 -31.9599934, 115.8698504 -31.9594868))",-31.959731349051186,115.86992394940327
building_1320,building_yes,W148356620,"POLYGON ((115.868132 -31.9587953, 115.8683346 -31.9588593, 115.8685132 -31.9589161, 115.8687274 -31.9589839, 115.8685973 -31.9592797, 115.8685551 -31.9593757, 115.8684731 -31.9595619, 115.8684558 -31.9596013, 115.8682402 -31.9595331, 115.8680616 -31.9594763, 115.8678604 -31.9594127, 115.868132 -31.9587953))",-31.959198279011506,115.86829391661453
building_1321,building_yes,W148357161,"POLYGON ((115.8709018 -31.9596674, 115.8710674 -31.9597199, 115.8710972 -31.9597785, 115.870974 -31.9600583, 115.8707596 -31.9599904, 115.8707941 -31.959912, 115.8707428 -31.9598958, 115.8708152 -31.9597314, 115.8708665 -31.9597476, 115.8709018 -31.9596674))",-31.959859960235974,115.87092109452952
building_1322,building_yes,W148358743,"POLYGON ((115.8643382 -31.9526595, 115.8643571 -31.9526729, 115.8643409 -31.9527082, 115.8643573 -31.9527137, 115.8643364 -31.9527584, 115.8642607 -31.9529203, 115.8642167 -31.9529055, 115.864193 -31.9529561, 115.8642371 -31.952971, 115.8642002 -31.9530499, 115.8641891 -31.9530737, 115.8639675 -31.9529992, 115.864016 -31.9528953, 115.86406 -31.9529101, 115.8640832 -31.9528604, 115.8640392 -31.9528456, 115.864107 -31.9527007, 115.8643382 -31.9526595))",-31.95285617353924,115.86416855507647
building_1323,building_yes,W148358747,"POLYGON ((115.8646846 -31.9512787, 115.8653112 -31.9515688, 115.8652392 -31.9516807, 115.8651316 -31.9516309, 115.8651887 -31.951542, 115.8651405 -31.9515197, 115.8651134 -31.9515618, 115.8649753 -31.9514979, 115.8649662 -31.951512, 115.8648727 -31.9514687, 115.8648652 -31.9514804, 115.864626 -31.9513697, 115.8646846 -31.9512787))",-31.95146517828283,115.86496373338966
building_1324,building_yes,W148358748,"POLYGON ((115.8649849 -31.95257, 115.8649376 -31.9526727, 115.8648508 -31.9528611, 115.8648969 -31.9528764, 115.8647999 -31.9530871, 115.8647135 -31.9530584, 115.8646458 -31.9532054, 115.864447 -31.9531395, 115.8645518 -31.9529119, 115.8644529 -31.9528791, 115.8645806 -31.952602, 115.8646902 -31.9526383, 115.8647044 -31.9526075, 115.8648072 -31.9526417, 115.8648374 -31.9525762, 115.8649849 -31.95257))",-31.952863432224742,115.86469095382304
building_1325,building_yes,W148358749,"POLYGON ((115.8649376 -31.9526727, 115.8649849 -31.95257, 115.8650504 -31.9525524, 115.8649857 -31.9526898, 115.8649376 -31.9526727))",-31.952621004821715,115.86499111783965
building_1326,building_yes,W148358750,"POLYGON ((115.8650915 -31.9527196, 115.8651762 -31.9525358, 115.8652388 -31.9525565, 115.8651541 -31.9527404, 115.8650915 -31.9527196))",-31.952638085597492,115.86516514795517
building_1327,building_yes,W148358751,"POLYGON ((115.8659364 -31.9528571, 115.8661837 -31.9529338, 115.8661969 -31.9529547, 115.8661001 -31.9531794, 115.8660734 -31.9531892, 115.8658262 -31.9531126, 115.8658154 -31.9530894, 115.8658782 -31.9529436, 115.8659105 -31.9528685, 115.8659364 -31.9528571))",-31.953023354649975,115.86600560805573
building_1328,building_yes,W148360767,"POLYGON ((115.8639352 -31.9486659, 115.8641013 -31.9483996, 115.8641819 -31.9482703, 115.8645922 -31.9484546, 115.8645186 -31.9485727, 115.8645765 -31.9485987, 115.8644184 -31.9488823, 115.8643122 -31.9488962, 115.8639639 -31.9487398, 115.8639792 -31.9487152, 115.8639936 -31.9486921, 115.8639352 -31.9486659))",-31.948598213032902,115.86427333063818
building_1329,building_yes,W148360768,"POLYGON ((115.863877 -31.9478174, 115.8641895 -31.9479578, 115.8641315 -31.9480507, 115.863819 -31.9479104, 115.863877 -31.9478174))",-31.94793406396338,115.86400422886992
building_1330,building_yes,W148360773,"POLYGON ((115.8659974 -31.9501698, 115.8661129 -31.9499869, 115.8662525 -31.9500504, 115.8661371 -31.9502332, 115.8659974 -31.9501698))",-31.950110074857324,115.86612496583389
building_1331,building_yes,W148360774,"POLYGON ((115.8669914 -31.9503385, 115.8671909 -31.950428, 115.8666657 -31.9512703, 115.8664662 -31.9511808, 115.8669914 -31.9503385))",-31.950804400000006,115.86682855000002
building_1332,building_yes,W148360775,"POLYGON ((115.8647748 -31.9480796, 115.8648584 -31.9481171, 115.8647855 -31.9482341, 115.8647019 -31.9481966, 115.8647166 -31.9481729, 115.8647748 -31.9480796))",-31.94815684776399,115.86478013466068
building_1333,building_yes,W148360777,"POLYGON ((115.8641819 -31.9482703, 115.8642592 -31.9481464, 115.8646904 -31.94834, 115.8646131 -31.9484639, 115.8645922 -31.9484546, 115.8641819 -31.9482703))",-31.948305174028192,115.86443615692232
building_1334,building_yes,W148360779,"POLYGON ((115.8655015 -31.9499558, 115.8655587 -31.9498653, 115.8656752 -31.9499182, 115.8659157 -31.9500276, 115.8658585 -31.9501181, 115.8655015 -31.9499558))",-31.94999168511899,115.86570860215957
building_1335,building_yes,W148360782,"POLYGON ((115.8655015 -31.9499558, 115.8658585 -31.9501181, 115.8658889 -31.950132, 115.865972 -31.9501697, 115.8658995 -31.9502846, 115.8654584 -31.9500841, 115.865429 -31.9500707, 115.8655015 -31.9499558))",-31.9501202017081,115.86570047465715
building_1336,building_yes,W148360783,"POLYGON ((115.8647166 -31.9481729, 115.8646477 -31.948142, 115.8646649 -31.9481144, 115.864652 -31.9481087, 115.864693 -31.9480429, 115.8647748 -31.9480796, 115.8647166 -31.9481729))",-31.94810705445055,115.8647074890951
building_1337,building_yes,W148360786,"POLYGON ((115.8642505 -31.9480509, 115.8643523 -31.9478877, 115.864483 -31.9479463, 115.8644173 -31.9480517, 115.8644078 -31.9480474, 115.8643716 -31.9481053, 115.8642505 -31.9480509))",-31.947996507600056,115.86436601454425
building_1338,building_yes,W148360788,"POLYGON ((115.8641013 -31.9483996, 115.8636384 -31.9481918, 115.8637477 -31.9480165, 115.8637971 -31.9480105, 115.8638366 -31.9479471, 115.8642638 -31.9481389, 115.8641819 -31.9482703, 115.8641013 -31.9483996))",-31.948169602233424,115.86395462928928
building_1339,building_yes,W148360789,"POLYGON ((115.8646158 -31.9480082, 115.864693 -31.9480429, 115.864652 -31.9481087, 115.8646362 -31.948134, 115.8646452 -31.948138, 115.8646064 -31.9482003, 115.8645202 -31.9481616, 115.8646158 -31.9480082))",-31.9481051645541,115.86460726603528
building_1340,building_yes,W148360790,"POLYGON ((115.864483 -31.9479463, 115.8646079 -31.9480024, 115.8645407 -31.9481101, 115.8645309 -31.9481057, 115.8644962 -31.9481613, 115.8643898 -31.9481135, 115.8644259 -31.9480555, 115.8644173 -31.9480517, 115.864483 -31.9479463))",-31.948053070856428,115.86449619667657
building_1341,building_yes,W148360791,"POLYGON ((115.8676991 -31.9506502, 115.8679294 -31.9507536, 115.8677342 -31.9510667, 115.86752 -31.9511244, 115.8674289 -31.9510835, 115.8674759 -31.9510082, 115.8675793 -31.9508423, 115.8677484 -31.9509182, 115.8678037 -31.9508296, 115.8676346 -31.9507537, 115.8676991 -31.9506502))",-31.95091204521452,115.86768127536011
building_1342,building_yes,W148366525,"POLYGON ((115.8552421 -31.9473258, 115.8551508 -31.9474699, 115.8550932 -31.9475606, 115.8548167 -31.9474344, 115.8549651 -31.9472002, 115.8550661 -31.9472462, 115.8550731 -31.9472352, 115.8552487 -31.9473153, 115.8552421 -31.9473258))",-31.947377493229634,115.85503294078046
building_1343,building_yes,W148366528,"POLYGON ((115.8544794 -31.9479378, 115.8544893 -31.9479021, 115.8546683 -31.947625, 115.8548167 -31.9474344, 115.8551392 -31.9475816, 115.8550286 -31.9477911, 115.8548548 -31.94806, 115.8548384 -31.9480854, 115.8548064 -31.9480934, 115.8547689 -31.9481028, 115.8545266 -31.947984, 115.8544878 -31.947965, 115.8544794 -31.9479378))",-31.947775021522343,115.85480550318643
building_1344,building_yes,W148366530,"POLYGON ((115.856254 -31.9466987, 115.8561375 -31.9466458, 115.8561508 -31.9466246, 115.856089 -31.9465966, 115.8561142 -31.9465566, 115.8561836 -31.946588, 115.8561967 -31.9465672, 115.8562329 -31.9465836, 115.856247 -31.9465613, 115.8563198 -31.9465943, 115.856254 -31.9466987))",-31.946619341446496,115.85621228551145
building_1345,building_yes,W148366534,"POLYGON ((115.8552557 -31.9475355, 115.855368 -31.9475868, 115.8553771 -31.9475724, 115.8554985 -31.9476279, 115.8553437 -31.9478719, 115.8551234 -31.9477713, 115.8551106 -31.9477655, 115.8552075 -31.9476128, 115.8551392 -31.9475816, 115.8550932 -31.9475606, 115.8551508 -31.9474699, 115.8552644 -31.9475218, 115.8552557 -31.9475355))",-31.94767564449171,115.85528446763146
building_1346,building_yes,W148366535,"POLYGON ((115.8560317 -31.9471769, 115.8558911 -31.9473997, 115.8557821 -31.9473502, 115.8559227 -31.9471274, 115.8560317 -31.9471769))",-31.947263550000002,115.8559069
building_1347,building_yes,W148366536,"POLYGON ((115.8557635 -31.9470551, 115.8559711 -31.9467255, 115.8563557 -31.9468999, 115.8561482 -31.9472295, 115.8557635 -31.9470551))",-31.94697750399957,115.85605961807207
building_1348,building_yes,W148366537,"POLYGON ((115.8559227 -31.9471274, 115.8557821 -31.9473502, 115.855623 -31.9472779, 115.8557635 -31.9470551, 115.8559227 -31.9471274))",-31.9472026418873,115.85577283282198
building_1349,building_yes,W148366538,"POLYGON ((115.8560317 -31.9471769, 115.8561482 -31.9472295, 115.8560104 -31.9474478, 115.8559913 -31.9474521, 115.8558951 -31.9474084, 115.8560317 -31.9471769))",-31.94731657504987,115.85602058492965
building_1350,building_yes,W148366539,"POLYGON ((115.8562461 -31.9479912, 115.8564751 -31.9480952, 115.856537 -31.9481234, 115.8564787 -31.9482158, 115.8561878 -31.9480836, 115.8562461 -31.9479912))",-31.94810349020065,115.85636241664042
building_1351,building_yes,W148366541,"POLYGON ((115.8561878 -31.9480836, 115.8564787 -31.9482158, 115.856437 -31.9482819, 115.8564057 -31.9482677, 115.856146 -31.9481497, 115.8561878 -31.9480836))",-31.94818275134363,115.85631236308777
building_1352,building_yes,W148366542,"POLYGON ((115.8555243 -31.9479539, 115.8557718 -31.9475617, 115.8559358 -31.9476363, 115.8559171 -31.947666, 115.8557543 -31.9479239, 115.8556884 -31.9480284, 115.8555243 -31.9479539))",-31.94779506924612,115.85573007261753
building_1353,building_yes,W148366544,"POLYGON ((115.856146 -31.9481497, 115.8564057 -31.9482677, 115.856349 -31.9483577, 115.8561934 -31.9482899, 115.8562051 -31.9482713, 115.8560995 -31.9482234, 115.856146 -31.9481497))",-31.948254012771784,115.8562553780965
building_1354,building_yes,W148366546,"POLYGON ((115.8560267 -31.9478805, 115.8560487 -31.9478455, 115.8561289 -31.9477209, 115.8562391 -31.947772, 115.8561924 -31.9478421, 115.8561367 -31.9479305, 115.8560267 -31.9478805))",-31.947825744643524,115.85613248529882
building_1355,building_yes,W148366547,"POLYGON ((115.8557543 -31.9479239, 115.8559171 -31.947666, 115.8560167 -31.9477113, 115.855958 -31.9478043, 115.8560487 -31.9478455, 115.8560267 -31.9478805, 115.8559447 -31.9480104, 115.8557543 -31.9479239))",-31.947850628453963,115.85590973790839
building_1356,building_yes,W148366550,"POLYGON ((115.8552421 -31.9473258, 115.8555896 -31.9474843, 115.8554985 -31.9476279, 115.8553771 -31.9475724, 115.855368 -31.9475868, 115.8552557 -31.9475355, 115.8552644 -31.9475218, 115.8551508 -31.9474699, 115.8552421 -31.9473258))",-31.947479262786217,115.85536846912315
building_1357,building_yes,W148366551,"POLYGON ((115.8561667 -31.9479551, 115.8562754 -31.9477829, 115.8566243 -31.9479415, 115.8566343 -31.9479671, 115.8565522 -31.9480973, 115.8564912 -31.9480696, 115.8564751 -31.9480952, 115.8562461 -31.9479912, 115.8561667 -31.9479551))",-31.947949292152963,115.85640233399268
building_1358,building_residential,W148498726,"POLYGON ((115.8456487 -31.9551693, 115.8458136 -31.9551119, 115.8459188 -31.9553299, 115.845892 -31.9553393, 115.8459217 -31.9554008, 115.8458796 -31.9554154, 115.8458955 -31.9554484, 115.845832 -31.9554705, 115.845816 -31.9554374, 115.8457836 -31.9554486, 115.8456487 -31.9551693))",-31.95528463450998,115.84579687861617
building_1359,building_residential,W148498727,"POLYGON ((115.8459013 -31.9551008, 115.8460535 -31.9550479, 115.8460829 -31.9551086, 115.846119 -31.9550961, 115.8460667 -31.9549878, 115.846175 -31.9549501, 115.8462588 -31.9551236, 115.8462214 -31.9551367, 115.8462456 -31.9551869, 115.846203 -31.9552017, 115.8462249 -31.955247, 115.8460082 -31.9553223, 115.8459013 -31.9551008))",-31.955146653206477,115.84609297928915
building_1360,building_residential,W148498730,"POLYGON ((115.8460836 -31.9555437, 115.8461122 -31.9555338, 115.8460821 -31.9554713, 115.8460406 -31.9554857, 115.846025 -31.9554534, 115.8460602 -31.9554412, 115.846051 -31.9554223, 115.8462129 -31.955366, 115.8462898 -31.9555254, 115.846149 -31.9555744, 115.8461652 -31.955608, 115.8461219 -31.9556231, 115.8460836 -31.9555437))",-31.955482429180158,115.84616274068897
building_1361,building_residential,W148498731,"POLYGON ((115.8469371 -31.9547709, 115.8470032 -31.9547479, 115.8470258 -31.9547948, 115.8470438 -31.9547886, 115.8471083 -31.9549221, 115.8471373 -31.9549821, 115.8470312 -31.955019, 115.8469956 -31.9549453, 115.847021 -31.9549364, 115.8470005 -31.9548941, 115.8469751 -31.9549029, 115.8469439 -31.9548381, 115.8469659 -31.9548305, 115.8469371 -31.9547709))",-31.954887148247114,115.84703269164234
building_1362,building_residential,W148498733,"POLYGON ((115.8477165 -31.9548039, 115.8476811 -31.9547307, 115.8476941 -31.9547262, 115.8476828 -31.9547029, 115.8477055 -31.954695, 115.8476657 -31.9546126, 115.8477876 -31.9545702, 115.8478508 -31.9547009, 115.8478282 -31.9547651, 115.847761 -31.9547885, 115.8477718 -31.9548109, 115.847735 -31.9548236, 115.8477242 -31.9548013, 115.8477165 -31.9548039))",-31.954691601685788,115.8477583872009
building_1363,building_residential,W148498735,"POLYGON ((115.8467718 -31.9552278, 115.8467063 -31.9550922, 115.8467182 -31.9550881, 115.8467064 -31.9550635, 115.8467813 -31.9550375, 115.8467962 -31.9550684, 115.8469196 -31.9550255, 115.8469165 -31.9550191, 115.8469136 -31.9550131, 115.846985 -31.9549883, 115.8470434 -31.9551091, 115.8469931 -31.9551266, 115.8470031 -31.9551474, 115.8467718 -31.9552278))",-31.955108467596006,115.84687105883536
building_1364,building_residential,W148498737,"POLYGON ((115.8458375 -31.955549, 115.8459772 -31.9555004, 115.845988 -31.9555227, 115.8460611 -31.9554973, 115.8460836 -31.9555437, 115.8461219 -31.9556231, 115.8460762 -31.9556386, 115.8460825 -31.955652, 115.8460797 -31.9556668, 115.846067 -31.9556733, 115.8460514 -31.9556798, 115.8460193 -31.955691, 115.8460297 -31.9557124, 115.8459413 -31.9557431, 115.8459241 -31.9557075, 115.8459155 -31.9557105, 115.8458375 -31.955549))",-31.95560836090736,115.8459803275089
building_1365,building_residential,W148498738,"POLYGON ((115.8465264 -31.9554956, 115.8464357 -31.9553077, 115.8464625 -31.9552984, 115.8464276 -31.9552262, 115.8464008 -31.9552355, 115.8463841 -31.9552009, 115.8464641 -31.9551731, 115.8464464 -31.9551364, 115.846536 -31.9551053, 115.8465537 -31.9551419, 115.846662 -31.9551043, 115.8466872 -31.9551565, 115.8467183 -31.9551458, 115.8467496 -31.9552106, 115.8467706 -31.9553021, 115.8467333 -31.9554, 115.8466851 -31.9553986, 115.8467024 -31.9554344, 115.8465264 -31.9554956))",-31.955285962030324,115.84659259037328
building_1366,building_residential,W148498741,"POLYGON ((115.846296 -31.954905, 115.8464161 -31.9548632, 115.8465212 -31.9550809, 115.8464012 -31.9551226, 115.846296 -31.954905))",-31.95499290492324,115.84640861829853
building_1367,building_residential,W148498742,"POLYGON ((115.8476306 -31.9547235, 115.8477045 -31.9548765, 115.8476602 -31.9548919, 115.8475863 -31.9547389, 115.8476306 -31.9547235))",-31.954807699999996,115.8476454
building_1368,building_residential,W148498745,"POLYGON ((115.8477331 -31.954384, 115.8479879 -31.9542905, 115.8481419 -31.9545928, 115.8480451 -31.9546283, 115.8480307 -31.9546808, 115.8479074 -31.954726, 115.8477331 -31.954384))",-31.95450131034862,115.84793954133615
building_1369,building_residential,W148498747,"POLYGON ((115.8474855 -31.9545501, 115.8475308 -31.9545343, 115.8475435 -31.9545607, 115.8475602 -31.9545548, 115.8476247 -31.9546883, 115.8475626 -31.9547099, 115.8474855 -31.9545501))",-31.95462268354277,115.84755552772626
building_1370,building_residential,W148498748,"POLYGON ((115.8473545 -31.9546462, 115.8474389 -31.9546158, 115.8474527 -31.9546435, 115.8474607 -31.9546407, 115.8475624 -31.9548442, 115.8475228 -31.9548585, 115.8475205 -31.954854, 115.8474678 -31.954873, 115.8473545 -31.9546462))",-31.954745086251524,115.84745812170337
building_1371,building_residential,W148498753,"POLYGON ((115.8464817 -31.9554427, 115.84629 -31.9555094, 115.8461825 -31.9552869, 115.8463058 -31.955244, 115.8463394 -31.9553135, 115.8463718 -31.9553022, 115.8463996 -31.9553597, 115.8464356 -31.9553472, 115.8464817 -31.9554427))",-31.955380107458264,115.84632469912926
building_1372,building_residential,W148498754,"POLYGON ((115.8464963 -31.9549061, 115.8467951 -31.9548022, 115.8468084 -31.9548297, 115.8468475 -31.9548161, 115.846914 -31.9549538, 115.8467303 -31.9550177, 115.8467177 -31.9549916, 115.8465635 -31.9550452, 115.8464963 -31.9549061))",-31.954924462573338,115.84670731573891
building_1373,building_residential,W148498755,"POLYGON ((115.8470425 -31.9546805, 115.84714 -31.9546466, 115.8472565 -31.954888, 115.8472701 -31.9548833, 115.8473081 -31.9549618, 115.8472874 -31.9549804, 115.8472786 -31.9550092, 115.8472132 -31.9550329, 115.8471991 -31.9550049, 115.8470425 -31.9546805))",-31.954840098774834,115.84717787717513
building_1374,building_residential,W148498756,"POLYGON ((115.8474274 -31.9548923, 115.8473732 -31.9549111, 115.8473503 -31.9549109, 115.8473291 -31.9549051, 115.8473183 -31.9548915, 115.8472261 -31.9547006, 115.8473283 -31.9546651, 115.8474104 -31.9548351, 115.8474013 -31.9548382, 115.8474274 -31.9548923))",-31.95479139284417,115.84732917575204
building_1375,building_residential,W148680946,"POLYGON ((115.8465861 -31.9536317, 115.8463214 -31.9537239, 115.8462914 -31.9536619, 115.8462306 -31.9535362, 115.8462961 -31.9535134, 115.846345 -31.9536144, 115.846412 -31.9535911, 115.8463631 -31.9534901, 115.8464244 -31.9534687, 115.8464394 -31.9534996, 115.8465102 -31.9534749, 115.8465861 -31.9536317))",-31.95359526357223,115.84641419393063
building_1376,building_yes,W148680950,"POLYGON ((115.8478896 -31.9533879, 115.8477716 -31.953429, 115.8476935 -31.9532676, 115.8476031 -31.9532991, 115.847591 -31.9532741, 115.8475346 -31.9532937, 115.8475054 -31.9532333, 115.8475749 -31.9532091, 115.8475621 -31.9531827, 115.8476693 -31.9531454, 115.8477095 -31.9532286, 115.8477977 -31.9531979, 115.8478896 -31.9533879))",-31.953278403367516,115.84771494681976
building_1377,building_residential,W148680951,"POLYGON ((115.8467046 -31.9539007, 115.8468473 -31.9541957, 115.8466885 -31.954251, 115.8467213 -31.9543188, 115.8467398 -31.9543123, 115.8467746 -31.9543842, 115.8466691 -31.954421, 115.8465097 -31.9540916, 115.8466148 -31.954055, 115.8465819 -31.953987, 115.8466505 -31.9539632, 115.8466324 -31.9539258, 115.8467046 -31.9539007))",-31.954152436462742,115.84667850238807
building_1378,building_residential,W148680953,"POLYGON ((115.8476064 -31.9541198, 115.8475626 -31.9540291, 115.8476484 -31.9539993, 115.8476131 -31.9539263, 115.8476581 -31.9539106, 115.847579 -31.9537469, 115.8474482 -31.9537924, 115.8474036 -31.9537001, 115.8476568 -31.953612, 115.8477014 -31.9537044, 115.8476914 -31.9537079, 115.8478054 -31.9539437, 115.8478153 -31.9539402, 115.8478596 -31.9540318, 115.8476064 -31.9541198))",-31.95386207925573,115.84765346153002
building_1379,building_residential,W148680957,"POLYGON ((115.8478969 -31.9540211, 115.8478487 -31.9539213, 115.8480102 -31.9538652, 115.8479294 -31.953698, 115.847768 -31.9537542, 115.8477331 -31.9536821, 115.8477967 -31.95366, 115.8477884 -31.9536429, 115.8477249 -31.953665, 115.847694 -31.9536011, 115.8479084 -31.9535266, 115.8479576 -31.9536285, 115.8480016 -31.9536132, 115.848026 -31.9536637, 115.8480417 -31.9536583, 115.848132 -31.9538453, 115.8481193 -31.9538497, 115.8481582 -31.9539302, 115.8478969 -31.9540211))",-31.95376383458347,115.8479436438964
building_1380,building_residential,W148680961,"POLYGON ((115.8461724 -31.9541023, 115.8464567 -31.9540032, 115.8465356 -31.9541663, 115.8465205 -31.9541715, 115.8466064 -31.954349, 115.8465696 -31.9543618, 115.8465786 -31.9543804, 115.8465227 -31.9543999, 115.8465103 -31.9543743, 115.8464342 -31.9544008, 115.8464526 -31.9544388, 115.8464391 -31.9544435, 115.846452 -31.9544701, 115.846365 -31.9545004, 115.8462789 -31.9543225, 115.8463251 -31.9543064, 115.8462896 -31.954233, 115.8462434 -31.9542491, 115.8461724 -31.9541023))",-31.95423388370949,115.84639729221571
building_1381,building_residential,W148680963,"POLYGON ((115.8456355 -31.9538776, 115.8457263 -31.9538459, 115.8457408 -31.9538759, 115.8457804 -31.9538621, 115.8457729 -31.9538465, 115.8457875 -31.9538414, 115.8457806 -31.953827, 115.8458561 -31.9538008, 115.8458725 -31.9538348, 115.8458848 -31.9538305, 115.8459294 -31.9539227, 115.8459023 -31.9539321, 115.8459302 -31.9539897, 115.8458991 -31.9540006, 115.8459149 -31.9540333, 115.8459036 -31.9540372, 115.8459193 -31.9540696, 115.8457435 -31.9541308, 115.8457088 -31.954059, 115.8456905 -31.9540654, 115.8456645 -31.9540117, 115.845642 -31.9540195, 115.8456154 -31.9539644, 115.8456377 -31.9539567, 115.8456199 -31.95392, 115.8456508 -31.9539093, 115.8456355 -31.9538776))",-31.953965377439836,115.84578432723411
building_1382,building_residential,W148680965,"POLYGON ((115.8479518 -31.9531843, 115.847834 -31.9532253, 115.8477534 -31.9530586, 115.8478712 -31.9530176, 115.8479518 -31.9531843))",-31.953121449999998,115.84785259999998
building_1383,building_residential,W148680966,"POLYGON ((115.845621 -31.9543382, 115.8457342 -31.9542988, 115.8459113 -31.954665, 115.8457981 -31.9547044, 115.845621 -31.9543382))",-31.954501600000004,115.84576615
building_1384,building_residential,W148680974,"POLYGON ((115.8472645 -31.9539233, 115.8471919 -31.9539486, 115.8471133 -31.9537862, 115.847186 -31.9537609, 115.8472645 -31.9539233))",-31.953854734444196,115.8471889161777
building_1385,building_residential,W148680975,"POLYGON ((115.8469594 -31.9539736, 115.8470784 -31.9539587, 115.8471317 -31.9542653, 115.8470127 -31.9542802, 115.8469594 -31.9539736))",-31.954119449999997,115.84704554999998
building_1386,building_residential,W148680980,"POLYGON ((115.8467698 -31.9538328, 115.8470088 -31.9537496, 115.8470868 -31.9539107, 115.8468478 -31.953994, 115.8467698 -31.9538328))",-31.95387178101119,115.84692829055048
building_1387,building_residential,W148680982,"POLYGON ((115.845422 -31.9539896, 115.8453846 -31.9539122, 115.845489 -31.9538759, 115.8455264 -31.9539532, 115.845422 -31.9539896))",-31.953932730907038,115.84545549160858
building_1388,building_residential,W148680984,"POLYGON ((115.846839 -31.9536868, 115.8467397 -31.9536646, 115.8467141 -31.9536672, 115.8466618 -31.953581, 115.8466798 -31.9535405, 115.8467287 -31.9535562, 115.8467685 -31.9534666, 115.8468336 -31.9534521, 115.8469142 -31.9535875, 115.846839 -31.9536868))",-31.95357869361842,115.84679368352444
building_1389,building_residential,W148680985,"POLYGON ((115.8472912 -31.9538454, 115.8473475 -31.9538258, 115.847381 -31.953895, 115.8473247 -31.9539146, 115.8472912 -31.9538454))",-31.9538702,115.84733609999999
building_1390,building_residential,W148680991,"POLYGON ((115.8458313 -31.9547848, 115.8457314 -31.95482, 115.845717 -31.9547947, 115.845691 -31.9548053, 115.845631 -31.9548286, 115.8455567 -31.9548539, 115.845456 -31.9546412, 115.8453926 -31.9545057, 115.845355 -31.9544254, 115.845621 -31.9543382, 115.8458313 -31.9547848))",-31.9545988448784,115.84559165885362
building_1391,building_residential,W148680993,"POLYGON ((115.8461364 -31.9543203, 115.8462253 -31.9542894, 115.8463417 -31.95453, 115.8462529 -31.954561, 115.8461364 -31.9543203))",-31.954425166268095,115.84623906662615
building_1392,building_residential,W148680995,"POLYGON ((115.8456566 -31.9542207, 115.8455528 -31.9542568, 115.8454597 -31.9540643, 115.8455635 -31.9540281, 115.8456566 -31.9542207))",-31.954142467263857,115.84555815075183
building_1393,building_residential,W148680997,"POLYGON ((115.8461239 -31.9545976, 115.8460601 -31.9544658, 115.8460885 -31.9544559, 115.8460409 -31.9543576, 115.8461071 -31.9543345, 115.8462184 -31.9545647, 115.8461239 -31.9545976))",-31.954474050399472,115.84612503121423
building_1394,building_residential,W148681000,"POLYGON ((115.8473304 -31.9541702, 115.8472616 -31.9540278, 115.8473143 -31.9540095, 115.8473106 -31.9540019, 115.8474078 -31.9539681, 115.8474122 -31.9539773, 115.8474575 -31.9539615, 115.8475255 -31.9541023, 115.8473304 -31.9541702))",-31.95406332789454,115.84739261187157
building_1395,building_residential,W148681002,"POLYGON ((115.8480171 -31.9533255, 115.8481191 -31.9532873, 115.8483923 -31.9538123, 115.8482902 -31.9538505, 115.8482854 -31.9538411, 115.8482599 -31.9538506, 115.848237 -31.9538592, 115.8482136 -31.9538143, 115.848262 -31.9537962, 115.8480171 -31.9533255))",-31.95357899745362,115.84820644084868
building_1396,building_residential,W148681005,"POLYGON ((115.8452156 -31.953962, 115.8453156 -31.9539291, 115.8453769 -31.9540576, 115.8453545 -31.9540754, 115.8454606 -31.9542911, 115.8453654 -31.9543259, 115.845233 -31.9540558, 115.8452446 -31.9540254, 115.8452156 -31.953962))",-31.954124405820394,115.84533188814684
building_1397,building_residential,W148681007,"POLYGON ((115.8464884 -31.9539459, 115.8464162 -31.9537967, 115.8465124 -31.9537632, 115.846494 -31.9537253, 115.8466039 -31.953687, 115.8466365 -31.9537543, 115.8465745 -31.9537759, 115.8466324 -31.9538957, 115.8464884 -31.9539459))",-31.953821484787014,115.84653435791893
building_1398,building_yes,W148716321,"POLYGON ((115.8706782 -31.9563165, 115.8710763 -31.9564468, 115.8710581 -31.9564868, 115.8711128 -31.9565047, 115.871022 -31.9567045, 115.8709665 -31.9566864, 115.8709482 -31.9567268, 115.8705564 -31.9565986, 115.8705754 -31.9565567, 115.8705212 -31.9565389, 115.8705988 -31.9563681, 115.8706128 -31.9563374, 115.8706615 -31.9563533, 115.8706782 -31.9563165))",-31.956522129216616,115.87081619420826
building_1399,building_residential,W148716322,"POLYGON ((115.8695198 -31.956029, 115.8702427 -31.9562656, 115.870187 -31.9563881, 115.8694641 -31.9561516, 115.8695198 -31.956029))",-31.956208560438338,115.86985335746162
building_1400,building_yes,W148716325,"POLYGON ((115.8736546 -31.9562004, 115.8734596 -31.956136, 115.8735367 -31.9559681, 115.8737317 -31.9560325, 115.8736546 -31.9562004))",-31.956084249999996,115.87359565
building_1401,building_yes,W148716330,"POLYGON ((115.8734078 -31.9561193, 115.8731189 -31.9560239, 115.8730789 -31.9559688, 115.8731609 -31.9557901, 115.8732728 -31.9558271, 115.873253 -31.9558702, 115.8734866 -31.9559474, 115.8734078 -31.9561193))",-31.955964743200784,115.8732723280721
building_1402,building_yes,W148717271,"POLYGON ((115.8730811 -31.9512295, 115.8730857 -31.9510428, 115.8731788 -31.9510434, 115.8731772 -31.9512312, 115.8730811 -31.9512295))",-31.95113722329462,115.87313073652577
building_1403,building_yes,W148717272,"POLYGON ((115.8735846 -31.9510541, 115.873582 -31.9519628, 115.8735846 -31.952098, 115.8732812 -31.9520946, 115.8730506 -31.9520921, 115.8730552 -31.9519674, 115.8730249 -31.9519661, 115.873042 -31.9517783, 115.8730606 -31.9516266, 115.8730867 -31.9513108, 115.8733195 -31.9513108, 115.8733195 -31.9510541, 115.8735846 -31.9510541))",-31.951634411960473,115.87333836363011
building_1404,building_residential,W148727772,"POLYGON ((115.8708627 -31.9557829, 115.8709717 -31.9558184, 115.8709396 -31.9558892, 115.8709633 -31.9558969, 115.870921 -31.9559903, 115.8708973 -31.9559826, 115.8708602 -31.9560646, 115.8707507 -31.9560289, 115.8707631 -31.9560015, 115.8707405 -31.9559941, 115.8707685 -31.9559322, 115.8708212 -31.9559494, 115.8708551 -31.9558748, 115.8708023 -31.9558575, 115.8708262 -31.9558049, 115.8708493 -31.9558125, 115.8708627 -31.9557829))",-31.955924653682203,115.87086330558884
building_1405,building_residential,W148727773,"POLYGON ((115.870046 -31.9558051, 115.8701104 -31.9556629, 115.870248 -31.9557078, 115.8701836 -31.95585, 115.870046 -31.9558051))",-31.95575645,115.870147
building_1406,building_residential,W148727775,"POLYGON ((115.8710282 -31.9561654, 115.8711914 -31.9562187, 115.8711424 -31.9563269, 115.8709792 -31.9562737, 115.8710282 -31.9561654))",-31.956246169248168,115.8710852900401
building_1407,building_residential,W148727778,"POLYGON ((115.870865 -31.9561122, 115.8710282 -31.9561654, 115.8709792 -31.9562737, 115.870816 -31.9562204, 115.870865 -31.9561122))",-31.95619293075183,115.8709221099599
building_1408,building_residential,W148727779,"POLYGON ((115.8700524 -31.9558217, 115.8702069 -31.9558722, 115.8701413 -31.9560171, 115.8699867 -31.9559667, 115.8700524 -31.9558217))",-31.95591942537343,115.8700968130452
building_1409,building_residential,W148727781,"POLYGON ((115.8695549 -31.9556466, 115.869587 -31.9555757, 115.8697452 -31.9556273, 115.869713 -31.9556982, 115.8695549 -31.9556466))",-31.95563694846936,115.86965003175895
building_1410,building_residential,W148727786,"POLYGON ((115.8698979 -31.9557713, 115.8700524 -31.9558217, 115.8699867 -31.9559667, 115.8698322 -31.9559162, 115.8698979 -31.9557713))",-31.95586898061331,115.86994230633807
building_1411,building_residential,W148727789,"POLYGON ((115.8695228 -31.9557175, 115.8695549 -31.9556466, 115.869713 -31.9556982, 115.8696809 -31.9557691, 115.8695228 -31.9557175))",-31.955707850000003,115.8696179
building_1412,building_residential,W148727796,"POLYGON ((115.8707214 -31.9555296, 115.870886 -31.9555833, 115.8708273 -31.9557128, 115.8706627 -31.9556591, 115.8707214 -31.9555296))",-31.955621199999992,115.87077434999999
building_1413,building_residential,W148727809,"POLYGON ((115.8704041 -31.9559073, 115.8705234 -31.955644, 115.8706274 -31.9556779, 115.8705081 -31.9559412, 115.8704041 -31.9559073))",-31.955792599999995,115.87051575000002
building_1414,building_residential,W148727811,"POLYGON ((115.8707018 -31.9560589, 115.870865 -31.9561122, 115.870816 -31.9562204, 115.8706527 -31.9561672, 115.8707018 -31.9560589))",-31.956139672896416,115.8707588592865
building_1415,building_residential,W148727819,"POLYGON ((115.8694906 -31.9557884, 115.8695228 -31.9557175, 115.8696809 -31.9557691, 115.8696488 -31.95584, 115.8694906 -31.9557884))",-31.95577875153064,115.86958576824105
building_1416,building_residential,W148727822,"POLYGON ((115.8705569 -31.9554759, 115.8707214 -31.9555296, 115.8706627 -31.9556591, 115.8704982 -31.9556055, 115.8705569 -31.9554759))",-31.95556751940248,115.87060979195475
building_1417,building_residential,W148727825,"POLYGON ((115.8703583 -31.9554108, 115.8705216 -31.9554641, 115.8704625 -31.9555945, 115.8702992 -31.9555412, 115.8703583 -31.9554108))",-31.955502649999996,115.8704104
building_1418,building_residential,W148727828,"POLYGON ((115.8701104 -31.9556629, 115.8701748 -31.9555208, 115.8703125 -31.9555657, 115.870248 -31.9557078, 115.8701104 -31.9556629))",-31.95561429325417,115.8702114306927
building_1419,building_residential,W148727829,"POLYGON ((115.870195 -31.9553576, 115.8703583 -31.9554108, 115.8702992 -31.9555412, 115.870136 -31.9554879, 115.870195 -31.9553576))",-31.955449375762452,115.87024713849554
building_1420,building_residential,W148727831,"POLYGON ((115.8703615 -31.9559226, 115.870516 -31.955973, 115.8704504 -31.9561179, 115.8702958 -31.9560675, 115.8703615 -31.9559226))",-31.956020255983674,115.87040591939041
building_1421,building_residential,W148727833,"POLYGON ((115.8702069 -31.9558722, 115.8703615 -31.9559226, 115.8702958 -31.9560675, 115.8701413 -31.9560171, 115.8702069 -31.9558722))",-31.955969844016323,115.87025138060957
building_1422,building_residential,W148728436,"POLYGON ((115.8710562 -31.9557734, 115.8710186 -31.9557612, 115.8710139 -31.9557714, 115.8708865 -31.9557298, 115.8708917 -31.9557184, 115.8708535 -31.9557059, 115.8709013 -31.9556004, 115.8709241 -31.9556079, 115.8709304 -31.9555941, 115.8710872 -31.9556453, 115.8710808 -31.9556596, 115.8711043 -31.9556673, 115.8710562 -31.9557734))",-31.955684743470602,115.87097983664165
building_1423,building_residential,W148728438,"POLYGON ((115.8710787 -31.9558016, 115.8711308 -31.9556867, 115.8711629 -31.9556971, 115.8711683 -31.9556851, 115.8712145 -31.9557002, 115.871224 -31.9556791, 115.871355 -31.9557219, 115.871344 -31.9557461, 115.871393 -31.9557621, 115.8713879 -31.9557735, 115.8714153 -31.9557824, 115.8713643 -31.9558948, 115.8712662 -31.9558628, 115.8712812 -31.9558297, 115.8711936 -31.9558011, 115.8711786 -31.9558342, 115.8710787 -31.9558016))",-31.955776446724133,115.87125348970896
building_1424,building_residential,W148728441,"POLYGON ((115.8711911 -31.9558701, 115.8713359 -31.9559173, 115.8712205 -31.9561718, 115.8710758 -31.9561246, 115.8711911 -31.9558701))",-31.956020937673966,115.87120583213219
building_1425,building_yes,W148730371,"POLYGON ((115.8689655 -31.9571353, 115.8690287 -31.9569918, 115.8695344 -31.9571522, 115.8694712 -31.9572956, 115.8693732 -31.9572646, 115.8693758 -31.9572588, 115.8692738 -31.9572264, 115.8692713 -31.9572322, 115.8691628 -31.9571978, 115.8691654 -31.9571919, 115.8690636 -31.9571596, 115.869061 -31.9571656, 115.8689655 -31.9571353))",-31.95714257916881,115.86925048188313
building_1426,building_yes,W148730372,"POLYGON ((115.8690564 -31.9573472, 115.8691831 -31.9573874, 115.8691605 -31.9574386, 115.8690934 -31.9574174, 115.8690338 -31.9573985, 115.8690564 -31.9573472))",-31.957392925931437,115.86910842854654
building_1427,building_yes,W148733273,"POLYGON ((115.8698198 -31.9566049, 115.870267 -31.9567467, 115.8701988 -31.9569017, 115.8701248 -31.9568782, 115.8701649 -31.9567871, 115.8700966 -31.9567654, 115.8700539 -31.9568625, 115.8701825 -31.9569033, 115.8701135 -31.95706, 115.8701271 -31.9570643, 115.8700629 -31.9572101, 115.8699601 -31.9571775, 115.8698956 -31.9571571, 115.8699082 -31.9571284, 115.8698158 -31.9570991, 115.8697829 -31.9571736, 115.8696837 -31.9571422, 115.8697039 -31.9570963, 115.8696157 -31.9570684, 115.8697371 -31.9567928, 115.8698219 -31.9568197, 115.8698381 -31.9567828, 115.8697533 -31.9567559, 115.8698198 -31.9566049))",-31.956913693037237,115.86993191705336
building_1428,building_yes,W148733274,"POLYGON ((115.8699601 -31.9571775, 115.8700629 -31.9572101, 115.8700848 -31.9572171, 115.8700391 -31.9573209, 115.8700358 -31.9573198, 115.8699964 -31.9574092, 115.8699997 -31.9574103, 115.8699191 -31.9575932, 115.8697943 -31.9575536, 115.8699601 -31.9571775))",-31.957385490119155,115.86993908002219
building_1429,building_yes,W148789739,"POLYGON ((115.8601495 -31.9479394, 115.8602009 -31.9478571, 115.8603552 -31.9479266, 115.8603038 -31.9480088, 115.8601495 -31.9479394))",-31.947932967341654,115.86025233915265
building_1430,building_yes,W148789740,"POLYGON ((115.8603157 -31.9476719, 115.8603615 -31.9475986, 115.8605393 -31.9476785, 115.8604936 -31.9477518, 115.8604861 -31.9477484, 115.8603157 -31.9476719))",-31.947675191287473,115.86042751551136
building_1431,building_yes,W148789741,"POLYGON ((115.8603615 -31.9475986, 115.8604072 -31.9475253, 115.860585 -31.9476053, 115.8605393 -31.9476785, 115.8603615 -31.9475986))",-31.947601916224418,115.86047323524747
building_1432,building_yes,W148789742,"POLYGON ((115.86027 -31.9477451, 115.8603157 -31.9476719, 115.8604861 -31.9477484, 115.8604292 -31.9478167, 115.86027 -31.9477451))",-31.947745135623567,115.86037555805667
building_1433,building_yes,W148789743,"POLYGON ((115.8602077 -31.9478449, 115.86027 -31.9477451, 115.8604478 -31.9478251, 115.8603855 -31.9479248, 115.8602077 -31.9478449))",-31.947834967505596,115.86032773982693
building_1434,building_yes,W148789744,"POLYGON ((115.8606965 -31.9474759, 115.8606766 -31.9475078, 115.8604748 -31.9474171, 115.8604947 -31.9473852, 115.8606965 -31.9474759))",-31.947446500000005,115.86058565
building_1435,building_yes,W148789745,"POLYGON ((115.8604072 -31.9475253, 115.860453 -31.947452, 115.8606308 -31.947532, 115.860585 -31.9476053, 115.8604072 -31.9475253))",-31.947528649999995,115.86051899999998
building_1436,building_yes,W148789746,"POLYGON ((115.8606766 -31.9475078, 115.8606548 -31.9475428, 115.8606308 -31.947532, 115.860453 -31.947452, 115.8604748 -31.9474171, 115.8606766 -31.9475078))",-31.94747994221593,115.8605648369424
building_1437,building_yes,W148789747,"POLYGON ((115.8607176 -31.9474421, 115.8606965 -31.9474759, 115.8604947 -31.9473852, 115.8605125 -31.9473567, 115.8605232 -31.9473547, 115.8607176 -31.9474421))",-31.947413812302496,115.86060640134691
building_1438,building_yes,W148789748,"POLYGON ((115.8602587 -31.9480259, 115.860212 -31.9481007, 115.8601484 -31.9480721, 115.860125 -31.9481095, 115.8600519 -31.9480766, 115.8600477 -31.9480664, 115.8601164 -31.9479563, 115.8601766 -31.9479834, 115.8601739 -31.9479878, 115.8602587 -31.9480259))",-31.948038531450308,115.86014832381954
building_1439,building_yes,W148789996,"POLYGON ((115.8601756 -31.9474941, 115.8601406 -31.9475501, 115.8601021 -31.9476117, 115.8599345 -31.9475364, 115.8598497 -31.9474983, 115.8598781 -31.9474528, 115.859853 -31.9474415, 115.8598208 -31.947427, 115.8597923 -31.9474725, 115.8597695 -31.9474622, 115.8598262 -31.9473714, 115.8599003 -31.9474046, 115.859917 -31.9473778, 115.8599988 -31.9474146, 115.8601756 -31.9474941))",-31.94748525592892,115.85998869584584
building_1440,building_yes,W148789998,"POLYGON ((115.8601021 -31.9476117, 115.8598722 -31.9479799, 115.859616 -31.9478647, 115.8596607 -31.9477931, 115.8596729 -31.9477986, 115.8596908 -31.9477699, 115.8597672 -31.9478042, 115.8598059 -31.9477423, 115.8596926 -31.9476913, 115.8597281 -31.9476346, 115.8597518 -31.9476453, 115.8597669 -31.9476211, 115.8597973 -31.9476, 115.8598734 -31.9476342, 115.8599345 -31.9475364, 115.8601021 -31.9476117))",-31.947754511651393,115.85986543783082
building_1441,building_yes,W148790000,"POLYGON ((115.8601996 -31.9474556, 115.8601756 -31.9474941, 115.8599988 -31.9474146, 115.8600228 -31.9473761, 115.8601996 -31.9474556))",-31.947435100000003,115.86009920000001
building_1442,building_yes,W148790004,"POLYGON ((115.860323 -31.9472578, 115.8602658 -31.9473495, 115.860089 -31.9472701, 115.8601024 -31.9472486, 115.860036 -31.9472188, 115.8600799 -31.9471485, 115.860323 -31.9472578))",-31.94724932254011,115.86018033520112
building_1443,building_yes,W148790005,"POLYGON ((115.8602658 -31.9473495, 115.8601996 -31.9474556, 115.8600228 -31.9473761, 115.8600472 -31.9473369, 115.8599674 -31.947301, 115.8600091 -31.9472342, 115.860089 -31.9472701, 115.8602658 -31.9473495))",-31.947345707657256,115.86011857304452
building_1444,building_yes,W148791098,"POLYGON ((115.856471 -31.9476706, 115.8565701 -31.9475136, 115.8566996 -31.9475725, 115.8566015 -31.9477299, 115.856471 -31.9476706))",-31.947621746751757,115.85658548555097
building_1445,building_yes,W148791100,"POLYGON ((115.8561987 -31.9473105, 115.8562849 -31.9471739, 115.8564291 -31.9472395, 115.8563429 -31.947376, 115.8561987 -31.9473105))",-31.947274968020867,115.85631389560552
building_1446,building_yes,W148791101,"POLYGON ((115.8567557 -31.9472205, 115.8567995 -31.9471512, 115.8570721 -31.9472752, 115.8570283 -31.9473445, 115.8567557 -31.9472205))",-31.94724785,115.85691389999998
building_1447,building_apartments,W148791104,"POLYGON ((115.8565872 -31.9466731, 115.8569646 -31.9468442, 115.8567264 -31.9472225, 115.856349 -31.9470514, 115.8565872 -31.9466731))",-31.946947799999997,115.8566568
building_1448,building_yes,W148791105,"POLYGON ((115.8570283 -31.9473445, 115.8569925 -31.9474012, 115.8567199 -31.9472772, 115.8567557 -31.9472205, 115.8570283 -31.9473445))",-31.94731085,115.8568741
building_1449,building_yes,W148791106,"POLYGON ((115.8566015 -31.9477299, 115.8566996 -31.9475725, 115.8568437 -31.947638, 115.8567504 -31.9477858, 115.8567315 -31.947789, 115.8566015 -31.9477299))",-31.947683467853345,115.85672235778046
building_1450,building_yes,W148791107,"POLYGON ((115.8563554 -31.9476181, 115.8565519 -31.9473068, 115.8566675 -31.9473594, 115.8566402 -31.9474027, 115.8565701 -31.9475136, 115.856471 -31.9476706, 115.8563554 -31.9476181))",-31.947488704631454,115.85651145750116
building_1451,building_yes,W148791109,"POLYGON ((115.8560874 -31.9474868, 115.8561987 -31.9473105, 115.8563429 -31.947376, 115.856227 -31.9475597, 115.8560909 -31.9474978, 115.8560874 -31.9474868))",-31.947435020378304,115.85621298798671
building_1452,building_yes,W148791110,"POLYGON ((115.8568437 -31.947638, 115.8566996 -31.9475725, 115.8565701 -31.9475136, 115.8566402 -31.9474027, 115.8566936 -31.9474256, 115.8569144 -31.9475259, 115.8568437 -31.947638))",-31.947519902225647,115.8567423560336
building_1453,building_yes,W148791114,"POLYGON ((115.8571289 -31.9471502, 115.8570228 -31.947102, 115.8570267 -31.947096, 115.8569443 -31.9470585, 115.8569837 -31.9469962, 115.8571721 -31.9470818, 115.8571289 -31.9471502))",-31.94707291338665,115.85705921965092
building_1454,building_yes,W148791115,"POLYGON ((115.856227 -31.9475597, 115.8564291 -31.9472395, 115.85645 -31.9472065, 115.8565784 -31.9472649, 115.8565519 -31.9473068, 115.8563554 -31.9476181, 115.856227 -31.9475597))",-31.947412287062516,115.8564026805772
building_1455,building_yes,W148791116,"POLYGON ((115.8566936 -31.9474256, 115.8567396 -31.9473528, 115.8567578 -31.9473611, 115.8567834 -31.9473206, 115.8569859 -31.9474127, 115.8569144 -31.9475259, 115.8566936 -31.9474256))",-31.947421628515343,115.85684213390458
building_1456,building_yes,W148791117,"POLYGON ((115.8569709 -31.9468749, 115.8572254 -31.9469907, 115.8572335 -31.9470119, 115.8571887 -31.9470828, 115.8570232 -31.9470075, 115.8570295 -31.9469977, 115.8570198 -31.9469933, 115.8570135 -31.9470031, 115.8569175 -31.9469594, 115.8569709 -31.9468749))",-31.946978652817112,115.85707927123877
building_1457,building_yes,W148791901,"POLYGON ((115.8593393 -31.9477293, 115.8594597 -31.9475365, 115.8595651 -31.9475839, 115.8594448 -31.9477767, 115.8593393 -31.9477293))",-31.947656611178736,115.85945221597323
building_1458,building_yes,W148791902,"POLYGON ((115.8590699 -31.9476137, 115.859296 -31.9472514, 115.859445 -31.9473184, 115.8592189 -31.9476807, 115.8590699 -31.9476137))",-31.947466050000003,115.85925744999997
building_1459,building_yes,W148791903,"POLYGON ((115.8588291 -31.9474323, 115.8586988 -31.9473738, 115.8588279 -31.9471599, 115.8588787 -31.9470775, 115.8590131 -31.9471359, 115.8588291 -31.9474323))",-31.94725419135333,115.85885522262146
building_1460,building_yes,W148791904,"POLYGON ((115.8589545 -31.9474887, 115.8588291 -31.9474323, 115.8590131 -31.9471359, 115.8591405 -31.9471908, 115.8589545 -31.9474887))",-31.94731179023174,115.8589844682892
building_1461,building_yes,W148791905,"POLYGON ((115.8592305 -31.9476785, 115.8594213 -31.9473729, 115.8594939 -31.9474055, 115.8594457 -31.9474828, 115.8594756 -31.9474962, 115.8593331 -31.9477246, 115.8592305 -31.9476785))",-31.94755654917972,115.85936860061398
building_1462,building_yes,W148791906,"POLYGON ((115.8596926 -31.9476913, 115.8595887 -31.9478579, 115.8594419 -31.9477919, 115.8596425 -31.9474705, 115.8595752 -31.9474403, 115.8595984 -31.9474031, 115.8598125 -31.9474994, 115.8597281 -31.9476346, 115.8596926 -31.9476913))",-31.947636148118463,115.85962688506486
building_1463,building_yes,W148797115,"POLYGON ((115.8588279 -31.9471599, 115.8586988 -31.9473738, 115.858675 -31.9474126, 115.8586516 -31.9474023, 115.8586399 -31.9473932, 115.8586277 -31.9473946, 115.8586003 -31.9473946, 115.8585794 -31.9473814, 115.8585672 -31.9473674, 115.858544 -31.947382, 115.8585182 -31.9473911, 115.8584864 -31.9473898, 115.8584562 -31.9473838, 115.8584274 -31.9473674, 115.8584032 -31.9473417, 115.8583916 -31.9473135, 115.8583784 -31.9473074, 115.8585525 -31.9470376, 115.8588279 -31.9471599))",-31.947236874914843,115.85859829338428
building_1464,building_yes,W148797120,"POLYGON ((115.857682 -31.9466879, 115.8577928 -31.9465105, 115.8580241 -31.9466144, 115.8579134 -31.9467919, 115.857682 -31.9466879))",-31.946651185206992,115.8578530746125
building_1465,building_yes,W148797122,"POLYGON ((115.8577667 -31.9470268, 115.8575491 -31.9469289, 115.8575429 -31.9469108, 115.857682 -31.9466879, 115.8579134 -31.9467919, 115.8577667 -31.9470268))",-31.946857238790287,115.85772467034408
building_1466,building_yes,W148797124,"POLYGON ((115.8582799 -31.9472633, 115.858203 -31.9472288, 115.8581915 -31.9471926, 115.8583124 -31.9469988, 115.858416 -31.9470454, 115.8582799 -31.9472633))",-31.947129878893573,115.85829771395478
building_1467,building_yes,W148797125,"POLYGON ((115.8583784 -31.9473074, 115.8582799 -31.9472633, 115.858416 -31.9470454, 115.8584661 -31.946965, 115.8585628 -31.9470085, 115.8585525 -31.9470376, 115.8583784 -31.9473074))",-31.947135940791505,115.8584238133994
building_1468,building_yes,W148797127,"POLYGON ((115.8579976 -31.9463739, 115.8579197 -31.9463389, 115.8579876 -31.9462302, 115.8580207 -31.9462207, 115.8582143 -31.9463077, 115.8581561 -31.9464008, 115.8581935 -31.9464176, 115.8581771 -31.9464439, 115.8580738 -31.9463974, 115.8580029 -31.9463655, 115.8579976 -31.9463739))",-31.946324381982365,115.85807102112658
building_1469,building_yes,W148799463,"POLYGON ((115.8592912 -31.9472485, 115.8593613 -31.9471362, 115.8594 -31.9471535, 115.8595174 -31.9469654, 115.8595757 -31.9469916, 115.8596071 -31.9469414, 115.8596688 -31.9469691, 115.8595126 -31.9472194, 115.8594594 -31.9473047, 115.85945 -31.9473198, 115.8592912 -31.9472485))",-31.947136877758336,115.85947975846409
building_1470,building_yes,W148799464,"POLYGON ((115.8598495 -31.9472682, 115.8599547 -31.9470997, 115.8600375 -31.9471369, 115.8599323 -31.9473054, 115.8598495 -31.9472682))",-31.94720255,115.85994350000001
building_1471,building_yes,W148799466,"POLYGON ((115.8594594 -31.9473047, 115.8595126 -31.9472194, 115.8595838 -31.9472514, 115.8595305 -31.9473367, 115.8594594 -31.9473047))",-31.9472780432973,115.85952158231049
building_1472,building_yes,W148799468,"POLYGON ((115.8589953 -31.9470476, 115.8590624 -31.9470778, 115.8590316 -31.9471272, 115.8589644 -31.947097, 115.8589953 -31.9470476))",-31.9470874029975,115.85901341803361
building_1473,building_residential,W148799469,"POLYGON ((115.8588787 -31.9470775, 115.8588279 -31.9471599, 115.8585525 -31.9470376, 115.8586215 -31.9469306, 115.8586501 -31.9468864, 115.8587367 -31.9467478, 115.8588236 -31.9466043, 115.8589714 -31.9466688, 115.8588383 -31.946888, 115.8587589 -31.9470265, 115.8588787 -31.9470775))",-31.946887771233026,115.85876713184412
building_1474,building_yes,W148799470,"POLYGON ((115.8595305 -31.9473367, 115.8595838 -31.9472514, 115.8596302 -31.9472722, 115.859577 -31.9473576, 115.8595305 -31.9473367))",-31.947304495301857,115.85958036483316
building_1475,building_yes,W148799473,"POLYGON ((115.8585314 -31.9468912, 115.8587347 -31.9465645, 115.8588236 -31.9466043, 115.8587367 -31.9467478, 115.8586501 -31.9468864, 115.8586215 -31.9469306, 115.8585314 -31.9468912))",-31.946748175144922,115.858678053318
building_1476,building_yes,W148799474,"POLYGON ((115.8596905 -31.9469997, 115.85979 -31.9470444, 115.8597026 -31.9471845, 115.859603 -31.9471398, 115.8596905 -31.9469997))",-31.94709210822784,115.8596965172054
building_1477,building_yes,W148799475,"POLYGON ((115.8589652 -31.9466885, 115.8590737 -31.9467437, 115.8589529 -31.946939, 115.8588383 -31.946888, 115.8589652 -31.9466885))",-31.946815070832926,115.85895702055392
building_1478,building_yes,W148799476,"POLYGON ((115.859218 -31.946821, 115.8593569 -31.9468835, 115.8591604 -31.9471982, 115.8590287 -31.947139, 115.859069 -31.9470745, 115.8590618 -31.9470713, 115.859218 -31.946821))",-31.94700858467052,115.85919075992739
building_1479,building_yes,W148799478,"POLYGON ((115.8584313 -31.9468462, 115.8586217 -31.9465412, 115.8586418 -31.946509, 115.8587414 -31.9465537, 115.8587347 -31.9465645, 115.8585314 -31.9468912, 115.8584313 -31.9468462))",-31.94670017468716,115.8585863888485
building_1480,building_yes,W148799481,"POLYGON ((115.859204 -31.9468037, 115.8590708 -31.9470171, 115.8589559 -31.9469654, 115.8590891 -31.9467521, 115.8591306 -31.9467707, 115.8591419 -31.9467526, 115.8591724 -31.9467663, 115.8591611 -31.9467844, 115.859204 -31.9468037))",-31.946882019485493,115.85908152952629
building_1481,building_yes,W148799482,"POLYGON ((115.8597026 -31.9471845, 115.85979 -31.9470444, 115.8598375 -31.9470658, 115.8598467 -31.9470511, 115.8599547 -31.9470997, 115.8598495 -31.9472682, 115.8598223 -31.9473117, 115.8596668 -31.9472418, 115.8597026 -31.9471845))",-31.94717338546305,115.85981059248532
building_1482,building_yes,W148799484,"POLYGON ((115.8594536 -31.9469884, 115.8593613 -31.9471362, 115.8592912 -31.9472485, 115.8591765 -31.9471969, 115.8592402 -31.9470947, 115.8592742 -31.94711, 115.8593375 -31.9470085, 115.8593586 -31.947018, 115.8593938 -31.9469615, 115.8594536 -31.9469884))",-31.94711405453639,115.85931440237017
building_1483,building_yes,W148801420,"POLYGON ((115.8585562 -31.9523087, 115.8587155 -31.9519622, 115.8587698 -31.9519802, 115.8587933 -31.951929, 115.8591754 -31.9520554, 115.8591568 -31.952096, 115.859224 -31.9521183, 115.8590588 -31.9524777, 115.8589963 -31.952457, 115.8589785 -31.9524957, 115.8585952 -31.9523689, 115.8586141 -31.9523278, 115.8585562 -31.9523087))",-31.9522143468998,115.85888985358307
building_1484,building_yes,W148802768,"POLYGON ((115.8588345 -31.951578, 115.8587132 -31.9518423, 115.8585592 -31.9517914, 115.8585749 -31.9517574, 115.8586805 -31.9515272, 115.8588345 -31.951578))",-31.95168473025106,115.85869687490593
building_1485,building_yes,W148802769,"POLYGON ((115.8585749 -31.9517574, 115.8584285 -31.951709, 115.858466 -31.9516274, 115.8584128 -31.9516098, 115.8584217 -31.9515904, 115.8584628 -31.951501, 115.858516 -31.9515186, 115.8585343 -31.9514788, 115.8586805 -31.9515272, 115.8585749 -31.9517574))",-31.951610211186818,115.85854131279778
building_1486,building_yes,W148802770,"POLYGON ((115.8583799 -31.9514574, 115.8583044 -31.9516217, 115.8582295 -31.9515969, 115.8581905 -31.9516818, 115.8580237 -31.9516266, 115.8581308 -31.9513935, 115.8581382 -31.9513775, 115.8583799 -31.9514574))",-31.951529066301223,115.8581964054329
building_1487,building_yes,W148809304,"POLYGON ((115.8568544 -31.9461725, 115.8567159 -31.9461097, 115.856734 -31.9460809, 115.8567521 -31.9460521, 115.8567795 -31.9460086, 115.8568043 -31.9459693, 115.8568716 -31.9459998, 115.8568482 -31.946037, 115.8568758 -31.9460494, 115.8568607 -31.9460734, 115.8569043 -31.9460932, 115.8568544 -31.9461725))",-31.94607696051407,115.85681420000988
building_1488,building_yes,W148809305,"POLYGON ((115.8572584 -31.9464214, 115.8574748 -31.9465195, 115.8574184 -31.9466091, 115.8574094 -31.946605, 115.8573411 -31.9467135, 115.8573263 -31.9467068, 115.8572655 -31.9468033, 115.8570921 -31.9467246, 115.8571606 -31.9466158, 115.857129 -31.9466015, 115.8572459 -31.9464157, 115.8572584 -31.9464214))",-31.946605917905092,115.85727321720668
building_1489,building_yes,W148809306,"POLYGON ((115.8564961 -31.9464407, 115.8564608 -31.9464245, 115.8564525 -31.9464374, 115.8563713 -31.9464001, 115.8563797 -31.9463869, 115.8562404 -31.9463229, 115.8563124 -31.94621, 115.8564527 -31.9462745, 115.8564619 -31.9462602, 115.8565425 -31.9462972, 115.8565338 -31.9463108, 115.8565688 -31.9463269, 115.8564961 -31.9464407))",-31.946326796731228,115.85640835137428
building_1490,building_yes,W148809307,"POLYGON ((115.8569599 -31.9457439, 115.8570785 -31.9457977, 115.8570671 -31.9458158, 115.857075 -31.9458194, 115.8570268 -31.945896, 115.8570192 -31.9458926, 115.8569542 -31.9459959, 115.8569133 -31.9459774, 115.8569017 -31.9459957, 115.8568242 -31.9459605, 115.8569013 -31.9458381, 115.8568941 -31.9458349, 115.8569419 -31.9457589, 115.8569486 -31.9457619, 115.8569599 -31.9457439))",-31.945873600489616,115.85695368226065
building_1491,building_yes,W148809308,"POLYGON ((115.8577879 -31.9461081, 115.8577168 -31.946221, 115.8574785 -31.946113, 115.8575496 -31.9460001, 115.8577879 -31.9461081))",-31.946110549999993,115.85763320000002
building_1492,building_yes,W148809309,"POLYGON ((115.8570984 -31.9463369, 115.8571394 -31.9462718, 115.8572945 -31.9463422, 115.8572536 -31.9464072, 115.8570984 -31.9463369))",-31.946339515816927,115.85719645189288
building_1493,building_yes,W148809310,"POLYGON ((115.8576565 -31.9463168, 115.8575647 -31.9464625, 115.8573264 -31.9463545, 115.8574182 -31.9462087, 115.8576565 -31.9463168))",-31.94633561769745,115.85749144097456
building_1494,building_yes,W148809311,"POLYGON ((115.8577168 -31.946221, 115.8576857 -31.9462704, 115.8574474 -31.9461624, 115.8574785 -31.946113, 115.8577168 -31.946221))",-31.9461917,115.8575821
building_1495,building_yes,W148809312,"POLYGON ((115.8576857 -31.9462704, 115.8576565 -31.9463168, 115.8574182 -31.9462087, 115.8574474 -31.9461624, 115.8576857 -31.9462704))",-31.946239590904472,115.85755198282465
building_1496,building_yes,W148809313,"POLYGON ((115.8565523 -31.9457672, 115.8566603 -31.9455956, 115.8569434 -31.945724, 115.8568354 -31.9458955, 115.8565523 -31.9457672))",-31.945745567676415,115.85674784085853
building_1497,building_yes,W148809314,"POLYGON ((115.856802 -31.9462513, 115.85671 -31.9464019, 115.8565699 -31.9463384, 115.8565923 -31.9463028, 115.8566659 -31.9461876, 115.856802 -31.9462513))",-31.946295004090928,115.85668660089401
building_1498,building_yes,W148809315,"POLYGON ((115.8573031 -31.9463505, 115.8573997 -31.9463943, 115.8573701 -31.9464414, 115.8574898 -31.9464957, 115.8574748 -31.9465195, 115.8572584 -31.9464214, 115.8573031 -31.9463505))",-31.946429190420712,115.85735650135011
building_1499,building_yes,W148809316,"POLYGON ((115.8565923 -31.9463028, 115.8563033 -31.94617, 115.8564372 -31.9459602, 115.856602 -31.946036, 115.8566098 -31.9460237, 115.856734 -31.9460809, 115.8566659 -31.9461876, 115.8565923 -31.9463028))",-31.946129734229718,115.85651850007109
building_1500,building_yes,W148809317,"POLYGON ((115.8567521 -31.9460521, 115.8564633 -31.9459212, 115.8565186 -31.9458334, 115.8567336 -31.9459309, 115.8567057 -31.9459751, 115.8567795 -31.9460086, 115.8567521 -31.9460521))",-31.945938767874075,115.8566174099916
building_1501,building_yes,W148809318,"POLYGON ((115.8569133 -31.9466309, 115.8570355 -31.9464368, 115.8570622 -31.9464489, 115.8571194 -31.9463581, 115.8572049 -31.9463969, 115.8570255 -31.9466818, 115.8569133 -31.9466309))",-31.946523447658233,115.85705759192278
building_1502,building_yes,W148809319,"POLYGON ((115.856869 -31.9461493, 115.8570219 -31.9462186, 115.8567958 -31.9465777, 115.8566429 -31.9465084, 115.85671 -31.9464019, 115.856802 -31.9462513, 115.8568544 -31.9461725, 115.856869 -31.9461493))",-31.946363102286195,115.85683221307204
building_1503,building_yes,W148814536,"POLYGON ((115.8529681 -31.9462751, 115.8530643 -31.9463188, 115.8529889 -31.9464383, 115.8529604 -31.9464835, 115.8529446 -31.9464763, 115.852884 -31.9465722, 115.8529084 -31.9465655, 115.8528213 -31.9467042, 115.8527242 -31.94666, 115.8527447 -31.9466275, 115.8529681 -31.9462751))",-31.94648843151218,115.85289306176945
building_1504,building_yes,W148814537,"POLYGON ((115.852969 -31.9467846, 115.8531357 -31.9468628, 115.8531132 -31.9468973, 115.8532779 -31.9469745, 115.853143 -31.9471816, 115.8531967 -31.9472077, 115.8531501 -31.9472878, 115.8531448 -31.9472849, 115.8531041 -31.9472947, 115.8530635 -31.9472761, 115.8530443 -31.9472828, 115.8530274 -31.9473045, 115.852827 -31.9472224, 115.8527197 -31.9471739, 115.852969 -31.9467846))",-31.94706603612251,115.85300623172266
building_1505,building_yes,W148814542,"POLYGON ((115.8534031 -31.9470393, 115.8535126 -31.947089, 115.853539 -31.9470472, 115.8536405 -31.9470933, 115.8536141 -31.9471351, 115.8537177 -31.9471822, 115.8535911 -31.9473828, 115.8535667 -31.9473717, 115.8534726 -31.9475208, 115.8532056 -31.9473995, 115.8532998 -31.9472504, 115.8532765 -31.9472398, 115.8534031 -31.9470393))",-31.947271130901278,115.8534590428109
building_1506,building_yes,W148814543,"POLYGON ((115.8530643 -31.9463188, 115.8531253 -31.9463465, 115.8530499 -31.9464661, 115.8529889 -31.9464383, 115.8530643 -31.9463188))",-31.946392434507132,115.85305709825589
building_1507,building_yes,W148814544,"POLYGON ((115.852852 -31.9462223, 115.8529681 -31.9462751, 115.8527447 -31.9466275, 115.8526295 -31.9465749, 115.852852 -31.9462223))",-31.946424749636023,115.85279870747135
building_1508,building_yes,W148814546,"POLYGON ((115.8516704 -31.9466865, 115.8518295 -31.9464344, 115.8518409 -31.9464163, 115.8519971 -31.9464873, 115.8518266 -31.9467574, 115.8516704 -31.9466865))",-31.94658687018652,115.85183375355915
building_1509,building_yes,W148814548,"POLYGON ((115.8516862 -31.9462133, 115.8516025 -31.9461754, 115.8518558 -31.9457723, 115.8519399 -31.9458106, 115.8516862 -31.9462133))",-31.945992695828824,115.85177122467296
building_1510,building_yes,W148814549,"POLYGON ((115.852056 -31.9463939, 115.8517776 -31.9462673, 115.8517796 -31.9462553, 115.8518082 -31.9462096, 115.8520833 -31.9463451, 115.852056 -31.9463939))",-31.94630185631561,115.85192674257222
building_1511,building_yes,W148814551,"POLYGON ((115.8517796 -31.9462553, 115.8516862 -31.9462133, 115.8519399 -31.9458106, 115.8520376 -31.945855, 115.8518082 -31.9462096, 115.8517796 -31.9462553))",-31.946031702835274,115.85186178159351
building_1512,building_yes,W148814553,"POLYGON ((115.8518409 -31.9464163, 115.8517184 -31.9463606, 115.8517776 -31.9462673, 115.852056 -31.9463939, 115.8519971 -31.9464873, 115.8518409 -31.9464163))",-31.94637728155352,115.8518872614963
building_1513,building_yes,W148814554,"POLYGON ((115.8516025 -31.9461754, 115.8515877 -31.9461712, 115.85158 -31.9461676, 115.8515202 -31.9462623, 115.851442 -31.9462268, 115.8515109 -31.9461176, 115.8513658 -31.9460517, 115.851612 -31.9456616, 115.8518558 -31.9457723, 115.8516025 -31.9461754))",-31.94593571421251,115.85160306696103
building_1514,building_yes,W148817565,"POLYGON ((115.8538717 -31.9456545, 115.8539053 -31.9456003, 115.8540243 -31.9456536, 115.8539907 -31.9457077, 115.8538717 -31.9456545))",-31.945654016744463,115.85394798680922
building_1515,building_yes,W148817567,"POLYGON ((115.8538381 -31.9457086, 115.8538717 -31.9456545, 115.8539907 -31.9457077, 115.8539571 -31.9457618, 115.8538381 -31.9457086))",-31.94570815,115.85391440000001
building_1516,building_yes,W148817569,"POLYGON ((115.8537506 -31.9456351, 115.8538125 -31.9456628, 115.8537824 -31.9457112, 115.8537206 -31.9456835, 115.8537506 -31.9456351))",-31.945673146568865,115.85376653189955
building_1517,building_yes,W148817571,"POLYGON ((115.853939 -31.9455462, 115.8539727 -31.9454919, 115.8540915 -31.9455454, 115.854058 -31.9455995, 115.853939 -31.9455462))",-31.945545733645524,115.8540152571558
building_1518,building_yes,W148817573,"POLYGON ((115.8536928 -31.9457259, 115.8537547 -31.9457536, 115.8537246 -31.9458019, 115.8536627 -31.9457743, 115.8536928 -31.9457259))",-31.94576391810074,115.85370869362639
building_1519,building_yes,W148817578,"POLYGON ((115.8539053 -31.9456003, 115.853939 -31.9455462, 115.854058 -31.9455995, 115.8540243 -31.9456536, 115.8539053 -31.9456003))",-31.945599899999998,115.85398164999998
building_1520,building_yes,W148817579,"POLYGON ((115.8538591 -31.9454646, 115.8539209 -31.9454922, 115.8538909 -31.9455406, 115.853829 -31.9455129, 115.8538591 -31.9454646))",-31.945502585328576,115.8538749744752
building_1521,building_yes,W148817580,"POLYGON ((115.8538044 -31.9457627, 115.8538381 -31.9457086, 115.8539571 -31.9457618, 115.8539234 -31.945816, 115.8538044 -31.9457627))",-31.94576228325568,115.85388076317545
building_1522,building_yes,W148817581,"POLYGON ((115.8538099 -31.9455443, 115.8538718 -31.945572, 115.8538417 -31.9456204, 115.8537798 -31.9455927, 115.8538099 -31.9455443))",-31.94558235,115.8538258
building_1523,building_yes,W148817584,"POLYGON ((115.8538044 -31.9457627, 115.8539234 -31.945816, 115.85393 -31.9458189, 115.853886 -31.9458898, 115.8537604 -31.9458336, 115.8538044 -31.9457627))",-31.945826257942944,115.8538451880391
building_1524,building_yes,W148818536,"POLYGON ((115.8534363 -31.9452687, 115.8534787 -31.9452877, 115.8534086 -31.9454005, 115.8533662 -31.9453816, 115.8534363 -31.9452687))",-31.945334613121037,115.85342245424795
building_1525,building_yes,W148818537,"POLYGON ((115.8542999 -31.9456548, 115.8543416 -31.9456735, 115.8542753 -31.9457802, 115.8542336 -31.9457615, 115.8542999 -31.9456548))",-31.9457175,115.85428759999998
building_1526,building_yes,W148818538,"POLYGON ((115.8535535 -31.9459589, 115.853582 -31.945913, 115.853646 -31.9459417, 115.8536175 -31.9459875, 115.8535535 -31.9459589))",-31.94595026802323,115.85359974270457
building_1527,building_yes,W148818539,"POLYGON ((115.8536059 -31.9453446, 115.8536483 -31.9453636, 115.8535782 -31.9454764, 115.8535358 -31.9454574, 115.8536059 -31.9453446))",-31.9454105,115.85359204999999
building_1528,building_yes,W148818540,"POLYGON ((115.8542923 -31.9458981, 115.8543237 -31.9458476, 115.8543762 -31.9458711, 115.8543448 -31.9459216, 115.8542923 -31.9458981))",-31.945884599999996,115.85433424999998
building_1529,building_yes,W148818541,"POLYGON ((115.8534985 -31.9460472, 115.853527 -31.9460014, 115.8535911 -31.94603, 115.8535626 -31.9460759, 115.8534985 -31.9460472))",-31.946038631974613,115.85354480731495
building_1530,building_yes,W148818544,"POLYGON ((115.8537528 -31.9460729, 115.8537255 -31.9461168, 115.8536021 -31.9460616, 115.8536294 -31.9460176, 115.8537528 -31.9460729))",-31.946067215361165,115.85367743258946
building_1531,building_yes,W148818545,"POLYGON ((115.8544669 -31.9457295, 115.8545086 -31.9457482, 115.8544423 -31.9458549, 115.8544006 -31.9458362, 115.8544669 -31.9457295))",-31.945792200000003,115.85445460000001
building_1532,building_yes,W148818547,"POLYGON ((115.8543617 -31.94593, 115.8543922 -31.945881, 115.8544687 -31.9459153, 115.8544383 -31.9459642, 115.8543617 -31.94593))",-31.945922619973377,115.85441520926409
building_1533,building_yes,W148818548,"POLYGON ((115.8544251 -31.9457108, 115.8544669 -31.9457295, 115.8544006 -31.9458362, 115.8543588 -31.9458175, 115.8544251 -31.9457108))",-31.9457735,115.85441285
building_1534,building_yes,W148818549,"POLYGON ((115.8537331 -31.9454015, 115.8537755 -31.9454205, 115.8537053 -31.9455333, 115.853663 -31.9455143, 115.8537331 -31.9454015))",-31.945467383138325,115.85371923688989
building_1535,building_yes,W148818550,"POLYGON ((115.8536708 -31.9462047, 115.8536431 -31.9462487, 115.8535367 -31.9462009, 115.8535202 -31.9461937, 115.8535474 -31.9461495, 115.8536708 -31.9462047))",-31.946199112398645,115.85359543524947
building_1536,building_yes,W148818551,"POLYGON ((115.8541579 -31.9460828, 115.8542208 -31.9461109, 115.8541926 -31.9461564, 115.8541296 -31.9461282, 115.8541579 -31.9460828))",-31.94611958486714,115.8541752252476
building_1537,building_yes,W148818552,"POLYGON ((115.8536639 -31.9456136, 115.8536169 -31.9455926, 115.8536465 -31.9455449, 115.8536935 -31.9455659, 115.8536639 -31.9456136))",-31.945579250000005,115.85365519999999
building_1538,building_yes,W148818553,"POLYGON ((115.8538654 -31.9463001, 115.8539313 -31.9463296, 115.8538594 -31.9464454, 115.8537936 -31.9464157, 115.8538654 -31.9463001))",-31.946372706852735,115.85386243236215
building_1539,building_yes,W148818554,"POLYGON ((115.8533371 -31.945459, 115.8532901 -31.945438, 115.8533198 -31.9453903, 115.8533667 -31.9454113, 115.8533371 -31.945459))",-31.945424655340627,115.85332841801151
building_1540,building_yes,W148818555,"POLYGON ((115.8543834 -31.9456921, 115.8544251 -31.9457108, 115.8543588 -31.9458175, 115.8543171 -31.9457988, 115.8543834 -31.9456921))",-31.945754800000003,115.85437110000001
building_1541,building_yes,W148818556,"POLYGON ((115.8536907 -31.9453825, 115.8537331 -31.9454015, 115.853663 -31.9455143, 115.8536206 -31.9454953, 115.8536907 -31.9453825))",-31.945448399999997,115.85367685
building_1542,building_yes,W148818557,"POLYGON ((115.8541145 -31.9461539, 115.8541774 -31.9461821, 115.8541492 -31.9462275, 115.8540862 -31.9461994, 115.8541145 -31.9461539))",-31.94619072093688,115.85413181082212
building_1543,building_yes,W148818558,"POLYGON ((115.8536982 -31.9461608, 115.8536708 -31.9462047, 115.8535474 -31.9461495, 115.8535747 -31.9461056, 115.8536982 -31.9461608))",-31.946155151346762,115.85362278463931
building_1544,building_yes,W148818559,"POLYGON ((115.854129 -31.9464181, 115.8541949 -31.9464475, 115.8541223 -31.9465643, 115.8540565 -31.9465345, 115.854129 -31.9464181))",-31.946491124523178,115.8541256806819
building_1545,building_yes,W148818560,"POLYGON ((115.8535887 -31.9455743, 115.8535417 -31.9455533, 115.8535713 -31.9455056, 115.8536183 -31.9455266, 115.8535887 -31.9455743))",-31.945539950000004,115.85358000000001
building_1546,building_yes,W148818561,"POLYGON ((115.8545504 -31.9457669, 115.8545921 -31.9457855, 115.8545258 -31.9458922, 115.8544841 -31.9458736, 115.8545504 -31.9457669))",-31.945829549999996,115.8545381
building_1547,building_yes,W148818562,"POLYGON ((115.8537995 -31.9462706, 115.8538654 -31.9463001, 115.8537936 -31.9464157, 115.8537279 -31.9463859, 115.8537995 -31.9462706))",-31.946343079960176,115.85379661544846
building_1548,building_yes,W148818563,"POLYGON ((115.854155 -31.946311, 115.8541948 -31.9462468, 115.8542504 -31.9462717, 115.8542105 -31.9463358, 115.854155 -31.946311))",-31.946291311395086,115.85420267946331
building_1549,building_yes,W148818564,"POLYGON ((115.85386 -31.9462398, 115.8539549 -31.9462823, 115.8539294 -31.9463232, 115.8538345 -31.9462808, 115.85386 -31.9462398))",-31.946281516492068,115.8538946859858
building_1550,building_yes,W148818567,"POLYGON ((115.853394 -31.9452498, 115.8534363 -31.9452687, 115.8533662 -31.9453816, 115.8533239 -31.9453626, 115.853394 -31.9452498))",-31.94531568689834,115.8533800957326
building_1551,building_yes,W148818569,"POLYGON ((115.8540631 -31.9463886, 115.854129 -31.9464181, 115.8540565 -31.9465345, 115.8539908 -31.9465048, 115.8540631 -31.9463886))",-31.94646149611776,115.85405986608835
building_1552,building_yes,W148818570,"POLYGON ((115.8542581 -31.9456361, 115.8542999 -31.9456548, 115.8542336 -31.9457615, 115.8541918 -31.9457428, 115.8542581 -31.9456361))",-31.945698800000002,115.85424584999998
building_1553,building_yes,W148818571,"POLYGON ((115.853432 -31.9461441, 115.8534605 -31.9460983, 115.8535246 -31.9461269, 115.8534961 -31.9461728, 115.853432 -31.9461441))",-31.946135531974623,115.85347830731494
building_1554,building_yes,W148818576,"POLYGON ((115.8535635 -31.9453256, 115.8536059 -31.9453446, 115.8535358 -31.9454574, 115.8534934 -31.9454384, 115.8535635 -31.9453256))",-31.945391499999996,115.85354965
building_1555,building_yes,W148818577,"POLYGON ((115.8537801 -31.9460289, 115.8537528 -31.9460729, 115.8536294 -31.9460176, 115.8536567 -31.9459737, 115.8537801 -31.9460289))",-31.94602328463883,115.8537047674105
building_1556,building_yes,W148818578,"POLYGON ((115.8539972 -31.9463591, 115.8540631 -31.9463886, 115.8539908 -31.9465048, 115.8539251 -31.9464751, 115.8539972 -31.9463591))",-31.94643189612514,115.85399406610475
building_1557,building_yes,W148818579,"POLYGON ((115.8537755 -31.9454205, 115.8538178 -31.9454394, 115.8537477 -31.9455522, 115.8537053 -31.9455333, 115.8537755 -31.9454205))",-31.94548636688624,115.85376156310221
building_1558,building_yes,W148818583,"POLYGON ((115.8542605 -31.9458834, 115.8542065 -31.9458592, 115.8542403 -31.9458048, 115.8542943 -31.945829, 115.8542605 -31.9458834))",-31.9458441,115.8542504
building_1559,building_yes,W148818584,"POLYGON ((115.8533516 -31.9452308, 115.853394 -31.9452498, 115.8533239 -31.9453626, 115.8532815 -31.9453436, 115.8533516 -31.9452308))",-31.9452967,115.85333775000001
building_1560,building_yes,W148818586,"POLYGON ((115.8541029 -31.9458889, 115.8542168 -31.9459399, 115.8540624 -31.9461883, 115.8539485 -31.9461373, 115.8541029 -31.9458889))",-31.9460386,115.85408265000001
building_1561,building_yes,W148818588,"POLYGON ((115.8535211 -31.9453067, 115.8535635 -31.9453256, 115.8534934 -31.9454384, 115.853451 -31.9454195, 115.8535211 -31.9453067))",-31.945372550000002,115.85350725000004
building_1562,building_yes,W148818590,"POLYGON ((115.8541954 -31.9460239, 115.8542584 -31.946052, 115.8542301 -31.9460975, 115.8541672 -31.9460693, 115.8541954 -31.9460239))",-31.946060679063116,115.85421278917786
building_1563,building_yes,W148818592,"POLYGON ((115.8538074 -31.9459849, 115.8537801 -31.9460289, 115.8536567 -31.9459737, 115.853684 -31.9459297, 115.8538074 -31.9459849))",-31.945979299999998,115.85373204999998
building_1564,building_yes,W148818594,"POLYGON ((115.8539313 -31.9463296, 115.8539972 -31.9463591, 115.8539251 -31.9464751, 115.8538594 -31.9464454, 115.8539313 -31.9463296))",-31.946402296132568,115.85392826612126
building_1565,building_yes,W148818596,"POLYGON ((115.8535077 -31.9455351, 115.8534607 -31.945514, 115.8534904 -31.9454664, 115.8535374 -31.9454874, 115.8535077 -31.9455351))",-31.945500731994695,115.85349905385992
building_1566,building_yes,W148818599,"POLYGON ((115.854233 -31.9459625, 115.854296 -31.9459907, 115.8542677 -31.9460362, 115.8542048 -31.946008, 115.854233 -31.9459625))",-31.94599934709767,115.85425038196684
building_1567,building_yes,W148818601,"POLYGON ((115.8534787 -31.9452877, 115.8535211 -31.9453067, 115.853451 -31.9454195, 115.8534086 -31.9454005, 115.8534787 -31.9452877))",-31.945353600000004,115.85346485000001
building_1568,building_yes,W148818602,"POLYGON ((115.8534296 -31.9454983, 115.8533827 -31.9454772, 115.8534123 -31.9454296, 115.8534593 -31.9454506, 115.8534296 -31.9454983))",-31.94546392667086,115.85342098585258
building_1569,building_yes,W148818603,"POLYGON ((115.8543416 -31.9456735, 115.8543834 -31.9456921, 115.8543171 -31.9457988, 115.8542753 -31.9457802, 115.8543416 -31.9456735))",-31.945736150000005,115.85432934999999
building_1570,building_yes,W148818607,"POLYGON ((115.8539034 -31.9461956, 115.8539293 -31.946154, 115.8540827 -31.9462226, 115.8540568 -31.9462643, 115.8539034 -31.9461956))",-31.946209136845887,115.85399307332594
building_1571,building_yes,W148818608,"POLYGON ((115.8536483 -31.9453636, 115.8536907 -31.9453825, 115.8536206 -31.9454953, 115.8535782 -31.9454764, 115.8536483 -31.9453636))",-31.945429450000002,115.85363445
building_1572,building_yes,W148818609,"POLYGON ((115.8532671 -31.9453655, 115.8532937 -31.9453775, 115.8532649 -31.9454238, 115.8532382 -31.9454119, 115.8532671 -31.9453655))",-31.94539467684525,115.85326596691151
building_1573,building_yes,W148818611,"POLYGON ((115.8537255 -31.9461168, 115.8536982 -31.9461608, 115.8535747 -31.9461056, 115.8536021 -31.9460616, 115.8537255 -31.9461168))",-31.946111198666188,115.85365011537455
building_1574,building_yes,W148818612,"POLYGON ((115.8543097 -31.9460656, 115.8543495 -31.9460015, 115.8544051 -31.9460263, 115.8543652 -31.9460905, 115.8543097 -31.9460656))",-31.946045975803532,115.85435738494512
building_1575,building_yes,W148818613,"POLYGON ((115.8545086 -31.9457482, 115.8545504 -31.9457669, 115.8544841 -31.9458736, 115.8544423 -31.9458549, 115.8545086 -31.9457482))",-31.9458109,115.85449634999999
building_1576,building_yes,W148818614,"POLYGON ((115.8542374 -31.9461932, 115.8542772 -31.9461291, 115.8543328 -31.9461539, 115.854293 -31.9462181, 115.8542374 -31.9461932))",-31.946173582197517,115.85428510275715
building_1577,building_yes,W148818615,"POLYGON ((115.8539901 -31.9462987, 115.8540746 -31.9463365, 115.8540509 -31.9463748, 115.8539664 -31.946337, 115.8539901 -31.9462987))",-31.94633675,115.8540205
building_1578,building_yes,W148818616,"POLYGON ((115.854174 -31.9458308, 115.8541233 -31.9458081, 115.8541326 -31.945793, 115.8540957 -31.9457765, 115.8541155 -31.9457447, 115.8541524 -31.9457612, 115.8541595 -31.9457498, 115.8542102 -31.9457725, 115.854174 -31.9458308))",-31.945784202740924,115.85415460618157
building_1579,building_yes,W148818617,"POLYGON ((115.8542164 -31.9456174, 115.8542581 -31.9456361, 115.8541918 -31.9457428, 115.8541501 -31.9457241, 115.8541537 -31.9457183, 115.8541394 -31.9457119, 115.8541582 -31.9456815, 115.8541726 -31.9456879, 115.8542164 -31.9456174))",-31.945681864829705,115.85419981073984
building_1580,building_yes,W148818618,"POLYGON ((115.8545921 -31.9457855, 115.8545995 -31.9457743, 115.8547516 -31.9458429, 115.8547666 -31.9458808, 115.8546938 -31.9459979, 115.8545377 -31.945928, 115.8545525 -31.9459042, 115.8545258 -31.9458922, 115.8545921 -31.9457855))",-31.94588589618694,115.85464752918588
building_1581,building_yes,W148824307,"POLYGON ((115.854244 -31.9464316, 115.8543851 -31.9464948, 115.8543142 -31.9466093, 115.8542541 -31.9466239, 115.8541234 -31.9465627, 115.8541238 -31.946562, 115.854195 -31.9464475, 115.8542142 -31.9464561, 115.8542315 -31.9464518, 115.854244 -31.9464316))",-31.94653020762119,115.85425447205225
building_1582,building_yes,W148824308,"POLYGON ((115.8528785 -31.9460018, 115.8530281 -31.9457611, 115.853043 -31.9457678, 115.8530682 -31.9457273, 115.8531344 -31.9457569, 115.8531122 -31.9457926, 115.8532071 -31.945835, 115.8531008 -31.9460059, 115.8530576 -31.9459866, 115.8530495 -31.9459997, 115.853121 -31.9460317, 115.8531583 -31.9459716, 115.8531765 -31.9459798, 115.8531392 -31.9460398, 115.8532114 -31.9460721, 115.8532196 -31.9460589, 115.8531774 -31.9460401, 115.8532844 -31.9458679, 115.8533946 -31.9459172, 115.8534159 -31.9458829, 115.8534791 -31.9459111, 115.8534532 -31.9459528, 115.8534714 -31.945961, 115.8533215 -31.9462022, 115.8531412 -31.9461206, 115.8530427 -31.9460761, 115.8528785 -31.9460018))",-31.945976988937222,115.85317922827558
building_1583,building_yes,W148824309,"POLYGON ((115.8529495 -31.9454931, 115.8530145 -31.9453885, 115.8531327 -31.9454414, 115.8530677 -31.945546, 115.8529495 -31.9454931))",-31.94546725,115.8530411
building_1584,building_yes,W148824310,"POLYGON ((115.8534312 -31.9458647, 115.8534533 -31.9458293, 115.8535039 -31.9458519, 115.8534818 -31.9458874, 115.8534312 -31.9458647))",-31.94585833200833,115.85346755752559
building_1585,building_yes,W148824311,"POLYGON ((115.8528464 -31.9456589, 115.8529083 -31.9455593, 115.8530266 -31.9456122, 115.8529647 -31.9457118, 115.8528464 -31.9456589))",-31.945635549999995,115.85293650000001
building_1586,building_yes,W148824312,"POLYGON ((115.8527845 -31.9457585, 115.8528464 -31.9456589, 115.8529647 -31.9457118, 115.8529027 -31.9458114, 115.8527845 -31.9457585))",-31.945735146057896,115.85287458187801
building_1587,building_yes,W148824314,"POLYGON ((115.8530145 -31.9453885, 115.8530795 -31.9452839, 115.8531977 -31.9453368, 115.8531327 -31.9454414, 115.8530145 -31.9453885))",-31.94536265000001,115.85310610000002
building_1588,building_yes,W148824315,"POLYGON ((115.8529083 -31.9455593, 115.8529495 -31.9454931, 115.8530677 -31.945546, 115.8530266 -31.9456122, 115.8529083 -31.9455593))",-31.945552651319367,115.85298801752077
building_1589,building_yes,W148824316,"POLYGON ((115.8542693 -31.9463481, 115.8544312 -31.9464205, 115.8543851 -31.9464948, 115.854244 -31.9464316, 115.8542232 -31.9464223, 115.8542693 -31.9463481))",-31.946421431086414,115.85432721633686
building_1590,building_yes,W148824317,"POLYGON ((115.8546339 -31.9460943, 115.8544312 -31.9464205, 115.8542693 -31.9463481, 115.854344 -31.9462279, 115.8544157 -31.9461126, 115.854472 -31.9460219, 115.8544778 -31.9460245, 115.8546339 -31.9460943))",-31.9462212105176,115.85445160474168
building_1591,building_yes,W148824318,"POLYGON ((115.8546938 -31.9459979, 115.8546339 -31.9460943, 115.8544778 -31.9460245, 115.8544759 -31.9460236, 115.8545358 -31.9459272, 115.8545377 -31.945928, 115.8546938 -31.9459979))",-31.946010745260537,115.85458483962044
building_1592,building_yes,W148824319,"POLYGON ((115.8527845 -31.9457585, 115.8529027 -31.9458114, 115.8529248 -31.9458679, 115.8528496 -31.9459888, 115.8527134 -31.9459272, 115.852693 -31.9458639, 115.8527642 -31.9457494, 115.8527845 -31.9457585))",-31.945868835748165,115.85280774776075
building_1593,building_yes,W148824320,"POLYGON ((115.8535202 -31.9461937, 115.8536431 -31.9462487, 115.8535951 -31.9463259, 115.8534725 -31.9462705, 115.8534878 -31.9462459, 115.853442 -31.9462254, 115.8534555 -31.9462036, 115.8535013 -31.9462241, 115.8535202 -31.9461937))",-31.946256385896852,115.85354956636411
building_1594,building_yes,W148824321,"POLYGON ((115.8531977 -31.9453368, 115.8530795 -31.9452839, 115.8530636 -31.9452767, 115.8531316 -31.9451673, 115.8532034 -31.9451451, 115.8533517 -31.9452119, 115.8533203 -31.9452623, 115.8532844 -31.9452463, 115.8532354 -31.9453251, 115.8531977 -31.9453368))",-31.945238095476157,115.85319987289137
building_1595,building_yes,W148827463,"POLYGON ((115.8721731 -31.9597923, 115.8721679 -31.9598042, 115.871817 -31.9596922, 115.8718945 -31.9595171, 115.8719148 -31.9594713, 115.8720761 -31.9595228, 115.872089 -31.9594939, 115.8721476 -31.9595126, 115.8721348 -31.9595415, 115.8722657 -31.9595833, 115.8722311 -31.9596614, 115.8721731 -31.9597923))",-31.95963517121958,115.87204284465464
building_1596,building_yes,W148827464,"POLYGON ((115.8717516 -31.9589289, 115.8718349 -31.9587411, 115.8718936 -31.9587598, 115.8718885 -31.9587712, 115.8720856 -31.9588341, 115.8721138 -31.9587705, 115.8720498 -31.9587501, 115.8721035 -31.9586289, 115.8723929 -31.9587212, 115.872388 -31.9587322, 115.8726086 -31.9588026, 115.8725595 -31.9589132, 115.8723184 -31.9588362, 115.8722893 -31.9589018, 115.8725304 -31.9589788, 115.8724532 -31.9591529, 115.8717516 -31.9589289))",-31.958889343969858,115.87219934534866
building_1597,building_yes,W148827465,"POLYGON ((115.8716519 -31.9591456, 115.8717286 -31.95917, 115.8716952 -31.9592453, 115.8716186 -31.9592208, 115.8716519 -31.9591456))",-31.95919542413787,115.87167358657807
building_1598,building_yes,W148827467,"POLYGON ((115.8717508 -31.959382, 115.8716386 -31.9596353, 115.8715097 -31.9595942, 115.8714709 -31.9595229, 115.8715602 -31.9593212, 115.8717508 -31.959382))",-31.95947533407296,115.87160361133687
building_1599,building_yes,W148827469,"POLYGON ((115.8720498 -31.9587501, 115.871962 -31.9587221, 115.8719391 -31.9587738, 115.8718353 -31.9587407, 115.8718879 -31.9586219, 115.8719689 -31.9585859, 115.8721035 -31.9586289, 115.8720498 -31.9587501))",-31.958677124409725,115.8719678431412
building_1600,building_yes,W148827470,"POLYGON ((115.871817 -31.9596922, 115.8716386 -31.9596353, 115.8717508 -31.959382, 115.8717771 -31.9593226, 115.871953 -31.9593787, 115.8719298 -31.959431, 115.8719195 -31.9594277, 115.8718817 -31.959513, 115.8718945 -31.9595171, 115.871817 -31.9596922))",-31.959508344740293,115.87179448631893
building_1601,building_residential,W148827471,"POLYGON ((115.8725311 -31.9593328, 115.872649 -31.9593704, 115.8727159 -31.9593918, 115.8726708 -31.9594935, 115.8726208 -31.9596064, 115.8725839 -31.9596897, 115.8725511 -31.9597638, 115.8725284 -31.9598149, 115.872469 -31.9597959, 115.8724338 -31.9598755, 115.8721731 -31.9597923, 115.8722311 -31.9596614, 115.8722657 -31.9595833, 115.8723214 -31.9594577, 115.8723958 -31.9592897, 115.8725311 -31.9593328))",-31.95958439213258,115.872443395931
building_1602,building_yes,W148827474,"POLYGON ((115.8724238 -31.9592512, 115.8726254 -31.9587965, 115.8726811 -31.9588143, 115.8727439 -31.9590217, 115.8726519 -31.9592293, 115.8727042 -31.959246, 115.872649 -31.9593704, 115.8725311 -31.9593328, 115.8725495 -31.9592913, 115.8724238 -31.9592512))",-31.95910220903114,115.87260443746955
building_1603,building_yes,W148827856,"POLYGON ((115.8738039 -31.9592137, 115.8737504 -31.9593278, 115.8737368 -31.9593232, 115.8737165 -31.9593665, 115.8737068 -31.9593632, 115.8736868 -31.9594058, 115.8735764 -31.9593685, 115.8735701 -31.9593821, 115.8735219 -31.9593658, 115.8735283 -31.9593523, 115.8734117 -31.9593129, 115.8734316 -31.9592704, 115.8734231 -31.9592675, 115.8734434 -31.9592242, 115.87343 -31.9592197, 115.8734835 -31.9591056, 115.8736223 -31.9591524, 115.8736286 -31.9591389, 115.8736759 -31.9591548, 115.8736695 -31.9591683, 115.8738039 -31.9592137))",-31.9592564951252,115.87359817583172
building_1604,building_yes,W148827857,"POLYGON ((115.8729134 -31.9588918, 115.8730249 -31.9589274, 115.8728959 -31.9592184, 115.8727844 -31.9591829, 115.8729134 -31.9588918))",-31.959055115660664,115.87290465094696
building_1605,building_yes,W148827858,"POLYGON ((115.8734631 -31.9590839, 115.8733619 -31.9593123, 115.8729522 -31.9591816, 115.8730534 -31.9589532, 115.8734535 -31.9590808, 115.8734631 -31.9590839))",-31.959132743285007,115.8732076583126
building_1606,building_yes,W148855124,"POLYGON ((115.8765948 -31.9600951, 115.8771572 -31.9602746, 115.8771351 -31.9603245, 115.8771533 -31.9603303, 115.8771309 -31.9603809, 115.877121 -31.9603777, 115.8770939 -31.960439, 115.8771037 -31.9604421, 115.8770827 -31.9604896, 115.8770655 -31.9604841, 115.8767823 -31.9603965, 115.8765104 -31.9603048, 115.8765948 -31.9600951))",-31.960292543919675,115.8768371737889
building_1607,building_yes,W148855125,"POLYGON ((115.8730647 -31.9593416, 115.8728583 -31.9592758, 115.8728741 -31.95924, 115.8732852 -31.9593712, 115.8731959 -31.9595728, 115.8732499 -31.9595901, 115.8733401 -31.9593866, 115.873373 -31.9593971, 115.8733029 -31.9595553, 115.8732746 -31.9596258, 115.8731216 -31.9595757, 115.8732054 -31.9593865, 115.8731998 -31.9593847, 115.8730647 -31.9593416))",-31.95942926678953,115.87316876820101
building_1608,building_yes,W148855130,"POLYGON ((115.8734156 -31.9600729, 115.8734358 -31.9600794, 115.873556 -31.9598083, 115.8735464 -31.9598052, 115.8735708 -31.9597503, 115.8735803 -31.9597534, 115.8735975 -31.9597146, 115.8737958 -31.9597781, 115.8736436 -31.9601059, 115.8736767 -31.960117, 115.8736586 -31.9601559, 115.8736809 -31.9601634, 115.8736524 -31.9602248, 115.8736641 -31.9602318, 115.8736656 -31.9602461, 115.8736592 -31.9602559, 115.8736491 -31.9602597, 115.8736363 -31.9602626, 115.8736214 -31.9602606, 115.8736138 -31.9602542, 115.8736079 -31.9602453, 115.8736063 -31.9602367, 115.8735678 -31.9602262, 115.87356 -31.9602449, 115.8735268 -31.9602349, 115.873487 -31.960225, 115.873485 -31.9602029, 115.873463 -31.9602002, 115.8734571 -31.9602088, 115.8733761 -31.9601857, 115.8733849 -31.9601659, 115.8733743 -31.960166, 115.8734156 -31.9600729))",-31.95999626447722,115.87359001667276
building_1609,building_yes,W148855133,"POLYGON ((115.8731998 -31.9593847, 115.8731155 -31.9595751, 115.8730947 -31.9596219, 115.8729782 -31.9598847, 115.8729635 -31.959918, 115.8729491 -31.9599505, 115.8729342 -31.9599841, 115.8728406 -31.9600185, 115.8727546 -31.9599911, 115.8729276 -31.9596007, 115.8729569 -31.9596101, 115.8730426 -31.9594167, 115.8730328 -31.9594136, 115.8730647 -31.9593416, 115.8731998 -31.9593847))",-31.95969681148476,115.87297751855682
building_1610,building_yes,W148855135,"POLYGON ((115.8729342 -31.9599841, 115.8729491 -31.9599505, 115.8729754 -31.9599589, 115.8729898 -31.9599264, 115.8729635 -31.959918, 115.8729782 -31.9598847, 115.8730052 -31.9598933, 115.8730201 -31.9598597, 115.8731217 -31.9596305, 115.8730947 -31.9596219, 115.8731155 -31.9595751, 115.8732746 -31.9596258, 115.8735717 -31.9597206, 115.8734325 -31.9600347, 115.8734156 -31.9600729, 115.8733743 -31.960166, 115.873366 -31.9601847, 115.8729863 -31.9600636, 115.8729098 -31.9600392, 115.8729342 -31.9599841))",-31.959883896498674,115.87324851839132
building_1611,building_yes,W148855143,"POLYGON ((115.875532 -31.9599579, 115.8757784 -31.9600365, 115.8760734 -31.9601306, 115.8760231 -31.9602441, 115.8756185 -31.960115, 115.87556 -31.960247, 115.8758163 -31.9603288, 115.8758551 -31.9602412, 115.8760013 -31.9602879, 115.8759079 -31.9604985, 115.8755055 -31.9603701, 115.8754969 -31.9603893, 115.8754479 -31.9605, 115.8756914 -31.9605777, 115.8757299 -31.9604909, 115.8758743 -31.9605369, 115.8757834 -31.960742, 115.8752789 -31.9605811, 115.8753752 -31.960364, 115.875346 -31.9603546, 115.875359 -31.9603252, 115.8749492 -31.9601944, 115.8750095 -31.9600672, 115.8754151 -31.9601987, 115.8754211 -31.9601851, 115.875234 -31.9601254, 115.875242 -31.9601074, 115.8752165 -31.9600993, 115.8752416 -31.9600427, 115.8752671 -31.9600508, 115.8752795 -31.9600228, 115.875434 -31.9600721, 115.8754273 -31.9600874, 115.8754598 -31.9600978, 115.8754728 -31.9600685, 115.8750701 -31.95994, 115.8751204 -31.9598266, 115.875532 -31.9599579))",-31.96026139441121,115.87552737808664
building_1612,building_yes,W148855147,"POLYGON ((115.8736232 -31.9595992, 115.8735548 -31.9595761, 115.8736383 -31.9593978, 115.8737068 -31.9594209, 115.8736232 -31.9595992))",-31.959498481571703,115.87363078471499
building_1613,building_yes,W148855149,"POLYGON ((115.8733029 -31.9595553, 115.8735854 -31.9596454, 115.8735586 -31.9597058, 115.8732746 -31.9596258, 115.8733029 -31.9595553))",-31.959632013672483,115.87342701680653
building_1614,building_yes,W148855151,"POLYGON ((115.8726708 -31.9594935, 115.8727412 -31.959516, 115.8726542 -31.9597124, 115.8725839 -31.9596897, 115.8726208 -31.9596064, 115.8726708 -31.9594935))",-31.959602899830568,115.87266253329395
building_1615,building_yes,W148855154,"POLYGON ((115.8727667 -31.9592482, 115.8730491 -31.9593383, 115.8730204 -31.9594031, 115.872738 -31.959313, 115.8727667 -31.9592482))",-31.959325650000004,115.87289355000001
building_1616,building_yes,W148855157,"POLYGON ((115.8725511 -31.9597638, 115.8726216 -31.9597863, 115.8725622 -31.9599203, 115.8724917 -31.9598977, 115.8725284 -31.9598149, 115.8725511 -31.9597638))",-31.9598420291598,115.87255664472005
building_1617,building_residential,W148855158,"POLYGON ((115.872594 -31.9599408, 115.8727796 -31.9595229, 115.872723 -31.9594197, 115.8727803 -31.9593971, 115.87286 -31.9595418, 115.8726721 -31.9599657, 115.872594 -31.9599408))",-31.95969176586657,115.87273795227142
building_1618,building_yes,W148855159,"POLYGON ((115.8752605 -31.9596532, 115.8760692 -31.9599112, 115.8760173 -31.960028, 115.8758113 -31.9599623, 115.8757784 -31.9600365, 115.875532 -31.9599579, 115.8755649 -31.9598837, 115.8752087 -31.9597701, 115.8752605 -31.9596532))",-31.95985998260982,115.87564420486379
building_1619,building_yes,W148855648,"POLYGON ((115.8772167 -31.9604487, 115.8772331 -31.9604539, 115.8772569 -31.9603995, 115.8772731 -31.9604047, 115.8772903 -31.9603654, 115.8773192 -31.9603745, 115.8773401 -31.9603265, 115.8779488 -31.960518, 115.8779361 -31.9605469, 115.8779899 -31.9605639, 115.8779748 -31.9605983, 115.8780018 -31.9606068, 115.8779522 -31.9607201, 115.8779619 -31.9607231, 115.8779298 -31.9607966, 115.8771692 -31.9605573, 115.8772167 -31.9604487))",-31.960556328398685,115.87760278277386
building_1620,building_yes,W148856972,"POLYGON ((115.8757891 -31.9615675, 115.8755423 -31.9614873, 115.8756727 -31.9611984, 115.8757787 -31.9612328, 115.8757687 -31.9612551, 115.8758468 -31.9612549, 115.8759198 -31.9612777, 115.8757891 -31.9615675))",-31.961384340088273,115.87573023362593
building_1621,building_yes,W148857977,"POLYGON ((115.8750348 -31.9613222, 115.8748264 -31.9612556, 115.8747586 -31.9611413, 115.8748479 -31.96094, 115.8750137 -31.960993, 115.8750235 -31.9610126, 115.8750478 -31.9610039, 115.8751601 -31.9610397, 115.8751139 -31.9611438, 115.8750885 -31.9611518, 115.8750996 -31.9611761, 115.8750348 -31.9613222))",-31.96112757627508,115.87494918930368
building_1622,building_yes,W148857978,"POLYGON ((115.8750422 -31.9614072, 115.8751804 -31.9614513, 115.8751276 -31.9615703, 115.8754929 -31.961687, 115.8755497 -31.961667, 115.8755877 -31.9615814, 115.8757006 -31.9616175, 115.8756454 -31.9617419, 115.8755438 -31.9617865, 115.8754979 -31.9617718, 115.8754599 -31.9618574, 115.8755045 -31.9618717, 115.8755494 -31.9619583, 115.8754789 -31.9621173, 115.8753587 -31.962079, 115.8754082 -31.9619674, 115.8753864 -31.9619245, 115.875102 -31.9618337, 115.8749772 -31.961888, 115.8749504 -31.9619485, 115.8748204 -31.961907, 115.874876 -31.9617817, 115.8750261 -31.9617294, 115.8753535 -31.961834, 115.875392 -31.961747, 115.8750797 -31.9616473, 115.87506 -31.9616915, 115.8749339 -31.9616512, 115.8750422 -31.9614072))",-31.961755743929746,115.87525493242697
building_1623,building_yes,W148857984,"POLYGON ((115.8743734 -31.9615096, 115.8747169 -31.9616302, 115.8746072 -31.9618549, 115.8742638 -31.9617342, 115.8743734 -31.9615096))",-31.961682227780585,115.87449034085849
building_1624,building_residential,W148857989,"POLYGON ((115.8744654 -31.961299, 115.8747723 -31.9613949, 115.8747163 -31.961521, 115.8744095 -31.9614183, 115.8744654 -31.961299))",-31.961408788663654,115.87459207604674
building_1625,building_yes,W148857991,"POLYGON ((115.8744956 -31.9612298, 115.8746696 -31.9608621, 115.8748442 -31.9609216, 115.8746701 -31.9612892, 115.8744956 -31.9612298))",-31.96107565196401,115.87466988329662
building_1626,building_yes,W148858092,"POLYGON ((115.8763147 -31.9622174, 115.8762311 -31.9621907, 115.8762572 -31.962132, 115.8763407 -31.9621587, 115.8763147 -31.9622174))",-31.962174704066726,115.87628591940481
building_1627,building_yes,W148858093,"POLYGON ((115.8759217 -31.9624198, 115.875883 -31.9625071, 115.8755984 -31.9624162, 115.8756426 -31.9623167, 115.8758488 -31.9623826, 115.8758434 -31.9623948, 115.8759217 -31.9624198))",-31.962412277733666,115.87575848998428
building_1628,building_yes,W148858094,"POLYGON ((115.8749953 -31.9625053, 115.875088 -31.9622964, 115.87549 -31.9624248, 115.8753973 -31.9626337, 115.8752952 -31.9626011, 115.8752786 -31.9626386, 115.8751342 -31.9625925, 115.8751508 -31.962555, 115.8749953 -31.9625053))",-31.962473033629255,115.87524095350315
building_1629,building_yes,W148868440,"POLYGON ((115.8613727 -31.9465683, 115.8615872 -31.9466647, 115.8615134 -31.9467829, 115.8614931 -31.9467738, 115.8614657 -31.9468177, 115.8613748 -31.9467768, 115.8614037 -31.9467304, 115.8613943 -31.9467261, 115.8613653 -31.9467726, 115.8613044 -31.9467452, 115.8613322 -31.9467006, 115.8612994 -31.9466859, 115.8613727 -31.9465683))",-31.94669313542591,115.86143414614726
building_1630,building_yes,W148868441,"POLYGON ((115.8617209 -31.9466696, 115.8621689 -31.9468708, 115.8622084 -31.9468886, 115.862187 -31.9469229, 115.8620468 -31.9471477, 115.86198 -31.9471696, 115.8615007 -31.9469543, 115.8615049 -31.9469477, 115.8614659 -31.9469302, 115.8614728 -31.9469191, 115.8614571 -31.946912, 115.8616115 -31.9466644, 115.8616995 -31.9467039, 115.8617209 -31.9466696))",-31.946912132815815,115.86183030820376
building_1631,building_yes,W148868448,"POLYGON ((115.860938 -31.946784, 115.8611286 -31.9468696, 115.8610938 -31.9469253, 115.8609032 -31.9468397, 115.860938 -31.946784))",-31.946854649999995,115.8610159
building_1632,building_yes,W148868449,"POLYGON ((115.861048 -31.9464597, 115.8610994 -31.9463772, 115.8613641 -31.9464961, 115.8613127 -31.9465786, 115.8612013 -31.9465286, 115.861048 -31.9464597))",-31.946477908306807,115.86120604649831
building_1633,building_yes,W148868450,"POLYGON ((115.8637054 -31.9476699, 115.863627 -31.9476347, 115.8635785 -31.9476129, 115.8636171 -31.947551, 115.863744 -31.947608, 115.8637054 -31.9476699))",-31.94761045274138,115.86366124768183
building_1634,building_yes,W148868451,"POLYGON ((115.8609965 -31.9465422, 115.861048 -31.9464597, 115.8612013 -31.9465286, 115.8613102 -31.9465775, 115.8612587 -31.94666, 115.8611498 -31.9466111, 115.8609965 -31.9465422))",-31.94655986018659,115.86115334364109
building_1635,building_yes,W148868452,"POLYGON ((115.860945 -31.9466247, 115.8609965 -31.9465422, 115.8611498 -31.9466111, 115.8611196 -31.9466597, 115.8611559 -31.946676, 115.8611347 -31.9467099, 115.860945 -31.9466247))",-31.94662383867264,115.86105450083535
building_1636,building_yes,W148868453,"POLYGON ((115.8626359 -31.9470717, 115.8630025 -31.9472389, 115.8629843 -31.9472677, 115.8628136 -31.9475371, 115.8627805 -31.9475893, 115.8624139 -31.9474221, 115.8626359 -31.9470717))",-31.94733050438942,115.8627082135719
building_1637,building_yes,W148868454,"POLYGON ((115.8636745 -31.9477195, 115.8636435 -31.9477691, 115.8635651 -31.9477339, 115.8635699 -31.9477263, 115.863476 -31.9476841, 115.8635022 -31.9476421, 115.8635961 -31.9476843, 115.8636745 -31.9477195))",-31.94770530135327,115.86357763447516
building_1638,building_yes,W148868455,"POLYGON ((115.8637054 -31.9476699, 115.8636745 -31.9477195, 115.8635961 -31.9476843, 115.8635022 -31.9476421, 115.8635277 -31.9476011, 115.8636217 -31.9476433, 115.863627 -31.9476347, 115.8637054 -31.9476699))",-31.94765998107762,115.86360654744921
building_1639,building_yes,W148868456,"POLYGON ((115.8636126 -31.9478187, 115.8635816 -31.9478683, 115.8635033 -31.9478331, 115.8635071 -31.947827, 115.8634126 -31.9477846, 115.8634398 -31.9477411, 115.8635342 -31.9477835, 115.8636126 -31.9478187))",-31.94780439320538,115.86351450140472
building_1640,building_yes,W148868457,"POLYGON ((115.8636435 -31.9477691, 115.8636126 -31.9478187, 115.8635342 -31.9477835, 115.8634398 -31.9477411, 115.8634659 -31.9476983, 115.8635608 -31.9477409, 115.8635651 -31.9477339, 115.8636435 -31.9477691))",-31.94775829455406,115.86354370905292
building_1641,building_yes,W148868460,"POLYGON ((115.8635816 -31.9478683, 115.8635179 -31.9479706, 115.8634093 -31.9479218, 115.8634155 -31.9479119, 115.8633492 -31.9478821, 115.863378 -31.947836, 115.8633308 -31.9478148, 115.8633596 -31.9477686, 115.8635033 -31.9478331, 115.8635816 -31.9478683))",-31.94787068920627,115.8634546415274
building_1642,building_yes,W148869649,"POLYGON ((115.8629861 -31.9476908, 115.8630286 -31.9476227, 115.863152 -31.9476782, 115.8631434 -31.9477614, 115.8629861 -31.9476908))",-31.94768978822124,115.86307699397597
building_1643,building_yes,W148917636,"POLYGON ((115.8604176 -31.9470933, 115.8601614 -31.9469782, 115.8601555 -31.9469578, 115.8602096 -31.9468711, 115.8602987 -31.9469111, 115.8602811 -31.9469392, 115.8602937 -31.9469449, 115.8603169 -31.9469077, 115.8602495 -31.9468775, 115.8602729 -31.94684, 115.8605246 -31.9469531, 115.8604398 -31.947089, 115.8604176 -31.9470933))",-31.946967722329617,115.8603410267101
building_1644,building_yes,W148917637,"POLYGON ((115.8608698 -31.9463996, 115.8608425 -31.9464435, 115.8605555 -31.9463146, 115.8605829 -31.9462707, 115.8608698 -31.9463996))",-31.94635709240813,115.86071265526128
building_1645,building_yes,W148917638,"POLYGON ((115.8608151 -31.9464874, 115.8607877 -31.9465313, 115.8605007 -31.9464024, 115.8605281 -31.9463585, 115.8608151 -31.9464874))",-31.9464449,115.86065790000002
building_1646,building_yes,W148917640,"POLYGON ((115.8607877 -31.9465313, 115.8607603 -31.9465752, 115.8604733 -31.9464463, 115.8605007 -31.9464024, 115.8607877 -31.9465313))",-31.946488800000004,115.8606305
building_1647,building_yes,W148917641,"POLYGON ((115.8605785 -31.9468666, 115.8602916 -31.9467376, 115.8603829 -31.9465913, 115.8606699 -31.9467202, 115.8605785 -31.9468666))",-31.94672893206358,115.86048074427279
building_1648,building_yes,W148917643,"POLYGON ((115.8605246 -31.9469531, 115.8602729 -31.94684, 115.8602376 -31.9468241, 115.8602916 -31.9467376, 115.8605785 -31.9468666, 115.8605246 -31.9469531))",-31.946845351683695,115.8604080545517
building_1649,building_yes,W148917644,"POLYGON ((115.8603053 -31.9460664, 115.8603297 -31.9460254, 115.8605675 -31.9461283, 115.8605803 -31.9461674, 115.8604552 -31.9463587, 115.8604398 -31.9463541, 115.8604299 -31.9463688, 115.8603895 -31.9463506, 115.8604025 -31.9463298, 115.8601687 -31.9462248, 115.8601466 -31.9462149, 115.8602158 -31.9461075, 115.8602574 -31.9460412, 115.8603053 -31.9460664))",-31.946185688569017,115.86037307899912
building_1650,building_yes,W148917645,"POLYGON ((115.860923 -31.9463144, 115.8608698 -31.9463996, 115.8605829 -31.9462707, 115.8606351 -31.946187, 115.8606465 -31.9461832, 115.8609194 -31.9463058, 115.860923 -31.9463144))",-31.946289905135433,115.8607546252043
building_1651,building_yes,W148917646,"POLYGON ((115.8606699 -31.9467202, 115.8603829 -31.9465913, 115.8604141 -31.9465412, 115.8605069 -31.9465829, 115.8605375 -31.9465339, 115.8604447 -31.9464922, 115.8604733 -31.9464463, 115.8607603 -31.9465752, 115.8606699 -31.9467202))",-31.946588858963125,115.86058335440967
building_1652,building_yes,W149015688,"POLYGON ((115.8598591 -31.9466982, 115.8599119 -31.9467219, 115.8599226 -31.9467047, 115.8599407 -31.9467128, 115.8599304 -31.9467295, 115.859939 -31.9467333, 115.8599002 -31.9467955, 115.8598855 -31.9467889, 115.8598607 -31.9468287, 115.8597959 -31.9467996, 115.8598591 -31.9466982))",-31.94676134457977,115.85986867024137
building_1653,building_yes,W149015689,"POLYGON ((115.8599807 -31.9467253, 115.859997 -31.9467326, 115.8599846 -31.9467525, 115.8600487 -31.9467815, 115.8600147 -31.9468357, 115.8600304 -31.9468428, 115.8599979 -31.9468945, 115.8599437 -31.94687, 115.8599388 -31.9468779, 115.8598968 -31.9468589, 115.8599807 -31.9467253))",-31.94681932295129,115.85997617663726
building_1654,building_yes,W149015691,"POLYGON ((115.8601086 -31.9469383, 115.8600635 -31.9469181, 115.8600585 -31.9469261, 115.8600167 -31.9469075, 115.860021 -31.9469006, 115.8600132 -31.9468971, 115.8600808 -31.9467884, 115.8601438 -31.9468166, 115.8601558 -31.9467973, 115.8601808 -31.9468085, 115.8601638 -31.9468359, 115.8601705 -31.9468388, 115.8601086 -31.9469383))",-31.94686280181386,115.86009557800396
building_1655,building_yes,W149015693,"POLYGON ((115.85966 -31.945821, 115.8597223 -31.945849, 115.8596422 -31.9459774, 115.8595799 -31.9459495, 115.8596087 -31.945903, 115.8596335 -31.9458639, 115.85966 -31.945821))",-31.945899255444413,115.8596510845153
building_1656,building_yes,W149015694,"POLYGON ((115.8595052 -31.94637, 115.8596356 -31.9464285, 115.8594791 -31.9466795, 115.8593487 -31.9466209, 115.8595052 -31.94637))",-31.946524734332378,115.85949214851024
building_1657,building_yes,W149015695,"POLYGON ((115.8601466 -31.9462149, 115.8600917 -31.9461902, 115.8601933 -31.9460272, 115.8602422 -31.9460482, 115.8602081 -31.9461029, 115.8602158 -31.9461075, 115.8601466 -31.9462149))",-31.946122874777586,115.86016796622602
building_1658,building_yes,W149015697,"POLYGON ((115.8598593 -31.9465437, 115.8599183 -31.9465702, 115.8598061 -31.94675, 115.8597471 -31.9467235, 115.8598593 -31.9465437))",-31.946646850000004,115.85983270000001
building_1659,building_yes,W149015699,"POLYGON ((115.8597804 -31.9465084, 115.8598394 -31.9465349, 115.8597273 -31.9467147, 115.8596683 -31.9466882, 115.8597804 -31.9465084))",-31.946611550000007,115.85975385
building_1660,building_yes,W149015701,"POLYGON ((115.8602423 -31.9466836, 115.860027 -31.9465869, 115.8602091 -31.9462951, 115.8604244 -31.9463918, 115.8602423 -31.9466836))",-31.94648935,115.86022570000002
building_1661,building_yes,W149015702,"POLYGON ((115.8597368 -31.9458558, 115.8597991 -31.9458837, 115.859719 -31.9460122, 115.8596567 -31.9459842, 115.8597368 -31.9458558))",-31.94593398478897,115.85972789793749
building_1662,building_yes,W149015703,"POLYGON ((115.8592209 -31.9462643, 115.8591574 -31.9463661, 115.8591225 -31.9464221, 115.8590031 -31.9463684, 115.8591015 -31.9462106, 115.8592209 -31.9462643))",-31.946316347727205,115.85911199637931
building_1663,building_yes,W149015705,"POLYGON ((115.8597804 -31.9465084, 115.8596683 -31.9466882, 115.859637 -31.9467383, 115.8595855 -31.9467152, 115.859729 -31.9464853, 115.8597804 -31.9465084))",-31.94661184140591,115.8596829608685
building_1664,building_yes,W149015706,"POLYGON ((115.8585628 -31.9455735, 115.8589079 -31.9457285, 115.8587826 -31.9459294, 115.8587033 -31.9459476, 115.8584113 -31.9458165, 115.8585628 -31.9455735))",-31.94577009131037,115.85865840766073
building_1665,building_yes,W149015707,"POLYGON ((115.8601933 -31.9460272, 115.8600917 -31.9461902, 115.8600332 -31.9461639, 115.8600413 -31.9461509, 115.8601348 -31.946001, 115.8601933 -31.9460272))",-31.946095587877558,115.86011324295225
building_1666,building_apartments,W149015708,"POLYGON ((115.8599601 -31.946556, 115.8597448 -31.9464593, 115.859914 -31.946188, 115.8599462 -31.9461761, 115.8601421 -31.9462641, 115.8599601 -31.946556))",-31.94636229238439,115.85994350369766
building_1667,building_yes,W149015709,"POLYGON ((115.8585831 -31.9452573, 115.8587038 -31.9453115, 115.8585964 -31.9454838, 115.8584666 -31.9454255, 115.8585687 -31.9452617, 115.8585831 -31.9452573))",-31.945368695056256,115.85858521595999
building_1668,building_yes,W149015710,"POLYGON ((115.8599919 -31.9458756, 115.859893 -31.9460341, 115.8598209 -31.9460017, 115.8597909 -31.9460497, 115.8597303 -31.9460225, 115.8598592 -31.945816, 115.8599919 -31.9458756))",-31.945935625855835,115.85986387864232
building_1669,building_yes,W149015712,"POLYGON ((115.8601348 -31.946001, 115.8600413 -31.9461509, 115.8599635 -31.946116, 115.8600141 -31.9460348, 115.860033 -31.9460434, 115.860076 -31.9459745, 115.8601348 -31.946001))",-31.946065233974288,115.8600496730585
building_1670,building_yes,W149015714,"POLYGON ((115.8582068 -31.9458372, 115.8582693 -31.9458652, 115.8582742 -31.9458574, 115.8583468 -31.94589, 115.8582191 -31.9460947, 115.8581345 -31.9460567, 115.8581108 -31.9459911, 115.8582068 -31.9458372))",-31.945961458587043,115.858219326494
building_1671,building_yes,W149015715,"POLYGON ((115.8595052 -31.94637, 115.8593487 -31.9466209, 115.8590831 -31.9465017, 115.8591654 -31.9463697, 115.8591574 -31.9463661, 115.8592209 -31.9462643, 115.8592316 -31.9462471, 115.8595052 -31.94637))",-31.94643402365241,115.85929279934336
building_1672,building_yes,W149015718,"POLYGON ((115.8587233 -31.9453003, 115.8587623 -31.9453182, 115.8588267 -31.9453478, 115.8588704 -31.9453679, 115.8587613 -31.9455423, 115.8586979 -31.9455139, 115.8587157 -31.9454854, 115.8587063 -31.9454812, 115.8586544 -31.9455645, 115.8585795 -31.9455309, 115.8587233 -31.9453003))",-31.94543453016406,115.85872753332443
building_1673,building_yes,W149015719,"POLYGON ((115.8585267 -31.9459165, 115.8585704 -31.9459361, 115.8586931 -31.9459914, 115.8586322 -31.9460888, 115.8586196 -31.946109, 115.8585985 -31.9460995, 115.8585401 -31.9461927, 115.8583948 -31.9461273, 115.8585267 -31.9459165))",-31.946053907720508,115.85854183825977
building_1674,building_yes,W149015720,"POLYGON ((115.8582408 -31.9460659, 115.8583664 -31.9458647, 115.8584153 -31.9458867, 115.8584011 -31.9459094, 115.8584441 -31.9459287, 115.8584028 -31.9459949, 115.8584496 -31.9460159, 115.8583796 -31.9461283, 115.8582408 -31.9460659))",-31.946006792710417,115.85835572021837
building_1675,building_yes,W149015721,"POLYGON ((115.8588631 -31.9462935, 115.8589649 -31.9461302, 115.8590753 -31.9461798, 115.8590636 -31.9461985, 115.8590238 -31.9461807, 115.8590149 -31.946195, 115.8590546 -31.9462128, 115.8589734 -31.946343, 115.8588631 -31.9462935))",-31.946237903560515,115.8589668783548
building_1676,building_yes,W149019190,"POLYGON ((115.8677188 -31.9599064, 115.8678787 -31.9599556, 115.8678601 -31.9599991, 115.8679223 -31.9601032, 115.8679615 -31.960114, 115.8679132 -31.9602406, 115.8678196 -31.9602151, 115.8677396 -31.960177, 115.8676816 -31.9601149, 115.8676667 -31.960046, 115.8676736 -31.9599796, 115.8677188 -31.9599064))",-31.96007598440833,115.86780125107956
building_1677,building_yes,W149019191,"POLYGON ((115.8684103 -31.9599039, 115.8684814 -31.9599269, 115.8684893 -31.9599093, 115.8685438 -31.9599269, 115.8685358 -31.9599445, 115.8686299 -31.959975, 115.8686074 -31.960025, 115.8685537 -31.9601042, 115.8684606 -31.9601479, 115.868372 -31.9601467, 115.8683101 -31.9601267, 115.8684103 -31.9599039))",-31.96003363578748,115.86846524251462
building_1678,building_yes,W149019192,"POLYGON ((115.8690268 -31.9601059, 115.8689293 -31.9603227, 115.8688617 -31.9603008, 115.8687959 -31.9602442, 115.8687702 -31.9601752, 115.8687778 -31.9601223, 115.8688159 -31.9600376, 115.8688707 -31.9600554, 115.8688795 -31.9600359, 115.8689381 -31.9600549, 115.8689294 -31.9600743, 115.8690268 -31.9601059))",-31.96016935213831,115.86888703215216
building_1679,building_yes,W149019193,"POLYGON ((115.8695956 -31.960896, 115.869605 -31.9608696, 115.8699184 -31.9601588, 115.8703918 -31.9603087, 115.8703734 -31.9603505, 115.8704993 -31.9603903, 115.8701956 -31.9610653, 115.8699694 -31.960992, 115.8700326 -31.9608484, 115.8700866 -31.9608067, 115.8701264 -31.9607319, 115.8701145 -31.9606623, 115.8699741 -31.9606178, 115.8698882 -31.960653, 115.8698537 -31.9607322, 115.8698924 -31.9608036, 115.8698375 -31.960958, 115.8695956 -31.960896))",-31.96059012750347,115.87006398444451
building_1680,building_yes,W149019196,"POLYGON ((115.8705269 -31.9608548, 115.8703785 -31.960808, 115.87044 -31.9606675, 115.8706949 -31.9607479, 115.8706252 -31.9609071, 115.8705187 -31.9608735, 115.8705269 -31.9608548))",-31.960783374129136,115.87053877135632
building_1681,building_yes,W149019198,"POLYGON ((115.8688728 -31.9606318, 115.8686604 -31.9605687, 115.8686139 -31.960522, 115.8685994 -31.9604649, 115.8686418 -31.960369, 115.8689432 -31.9604647, 115.8688728 -31.9606318))",-31.96050002380769,115.86876343506368
building_1682,building_yes,W149019199,"POLYGON ((115.8684088 -31.9604614, 115.8683456 -31.9604683, 115.8681269 -31.9603988, 115.8682034 -31.9602254, 115.8685048 -31.9603212, 115.8684606 -31.9604214, 115.8684088 -31.9604614))",-31.96035559275849,115.8683117733556
building_1683,building_yes,W149019200,"POLYGON ((115.8703785 -31.960808, 115.8705269 -31.9608548, 115.8705187 -31.9608735, 115.8706252 -31.9609071, 115.8705546 -31.9610687, 115.8704 -31.9610198, 115.8704137 -31.9609887, 115.8703128 -31.9609567, 115.8703785 -31.960808))",-31.960937237028173,115.87046950812197
building_1684,building_yes,W149019410,"POLYGON ((115.8708152 -31.9605154, 115.8705389 -31.9604279, 115.8706221 -31.9602391, 115.8708983 -31.9603266, 115.8708152 -31.9605154))",-31.960377253924566,115.87071861940946
building_1685,building_yes,W149019411,"POLYGON ((115.8705036 -31.9604167, 115.8705389 -31.9604279, 115.8708152 -31.9605154, 115.87074 -31.9606862, 115.8704284 -31.9605874, 115.8705036 -31.9604167))",-31.960551435694267,115.87062181269118
building_1686,building_yes,W149019412,"POLYGON ((115.8708983 -31.9603266, 115.8706221 -31.9602391, 115.8706225 -31.9601803, 115.8706381 -31.9601254, 115.8706692 -31.960077, 115.8707095 -31.9600404, 115.8709858 -31.960128, 115.8708983 -31.9603266))",-31.960180421309875,115.87079448037018
building_1687,building_yes,W149022446,"POLYGON ((115.8759802 -31.9628251, 115.8760405 -31.9628442, 115.8760024 -31.9629309, 115.8760864 -31.9629574, 115.8760691 -31.9629967, 115.8759249 -31.9629512, 115.8759802 -31.9628251))",-31.96291769237293,115.87599876242102
building_1688,building_yes,W149025641,"POLYGON ((115.8715903 -31.9603866, 115.8718633 -31.9604731, 115.8718011 -31.9606143, 115.8717749 -31.960606, 115.8717557 -31.9606496, 115.8717819 -31.9606579, 115.8717181 -31.9608028, 115.8714451 -31.9607163, 115.8715087 -31.9605719, 115.8715674 -31.9605905, 115.8715865 -31.9605469, 115.8715279 -31.9605283, 115.8715903 -31.9603866))",-31.960595251785254,115.87165571092707
building_1689,building_yes,W149025644,"POLYGON ((115.8722314 -31.9606987, 115.8723648 -31.960741, 115.8721879 -31.9611426, 115.8722946 -31.9611764, 115.872414 -31.9612143, 115.8725909 -31.9608126, 115.8727128 -31.9608512, 115.8725414 -31.9612405, 115.872438 -31.9614753, 115.8723145 -31.9617558, 115.8721929 -31.9617173, 115.8722451 -31.9616709, 115.8723049 -31.9615998, 115.8723355 -31.9615302, 115.8720003 -31.961424, 115.8719716 -31.9614891, 115.8719587 -31.9615626, 115.8719667 -31.9616456, 115.8718331 -31.9616033, 115.8719578 -31.9613201, 115.8720615 -31.9610845, 115.8721262 -31.9609376, 115.8722314 -31.9606987))",-31.96123161091475,115.87226782957892
building_1690,building_yes,W149025645,"POLYGON ((115.8722314 -31.9606987, 115.8722547 -31.9606457, 115.8723535 -31.9604214, 115.8724629 -31.9601728, 115.8725998 -31.9602162, 115.8725888 -31.9602414, 115.8726945 -31.9602749, 115.8726842 -31.9602982, 115.8728124 -31.9603382, 115.8728393 -31.9603661, 115.872922 -31.9603923, 115.8728842 -31.9604783, 115.8728946 -31.9604816, 115.8728395 -31.9606068, 115.8726688 -31.9605527, 115.8726821 -31.9605226, 115.8725226 -31.9604728, 115.8724725 -31.9604963, 115.8723648 -31.960741, 115.8722314 -31.9606987))",-31.960440630710725,115.87256764347728
building_1691,building_yes,W149025646,"POLYGON ((115.8715648 -31.9598721, 115.8717834 -31.9599414, 115.8717557 -31.9600025, 115.8716543 -31.9602362, 115.8716198 -31.9603128, 115.8714012 -31.9602435, 115.8714352 -31.9601679, 115.871522 -31.9599678, 115.8715648 -31.9598721))",-31.960092478825423,115.87159229110831
building_1692,building_yes,W149025647,"POLYGON ((115.8711879 -31.9601993, 115.8715745 -31.960323, 115.8714048 -31.9607048, 115.8713183 -31.9609031, 115.8709311 -31.9607804, 115.8710182 -31.9605811, 115.8711879 -31.9601993))",-31.96055130182659,115.87125243595706
building_1693,building_yes,W149025648,"POLYGON ((115.8711916 -31.960177, 115.871335 -31.9598514, 115.8714193 -31.959826, 115.8715648 -31.9598721, 115.871522 -31.9599678, 115.8714352 -31.9601679, 115.8714012 -31.9602435, 115.8711916 -31.960177))",-31.960028482759338,115.87137829258747
building_1694,building_yes,W149025649,"POLYGON ((115.8707606 -31.9611933, 115.8709238 -31.9608371, 115.8713087 -31.960964, 115.8714251 -31.9607098, 115.8715501 -31.960751, 115.8712706 -31.9613614, 115.8707606 -31.9611933))",-31.961063262982904,115.87114663163399
building_1695,building_yes,W149025651,"POLYGON ((115.8716198 -31.9603128, 115.8716543 -31.9602362, 115.8717557 -31.9600025, 115.8717834 -31.9599414, 115.8720432 -31.9600238, 115.872003 -31.9601152, 115.8718982 -31.9600819, 115.8718164 -31.9602677, 115.8719212 -31.9603009, 115.8718797 -31.9603952, 115.8716198 -31.9603128))",-31.960162303632725,115.87181184489299
building_1696,building_yes,W149028015,"POLYGON ((115.8710723 -31.9580919, 115.8712101 -31.9577789, 115.8713073 -31.9578097, 115.8712877 -31.9578541, 115.8713027 -31.9578589, 115.8712438 -31.9579929, 115.8712839 -31.9580056, 115.871336 -31.9578872, 115.8714501 -31.9579234, 115.8713388 -31.9581763, 115.8710723 -31.9580919))",-31.957996250191943,115.87125799753268
building_1697,building_yes,W149028016,"POLYGON ((115.8700345 -31.9577119, 115.8699047 -31.9576708, 115.8699625 -31.9575395, 115.8699702 -31.957542, 115.8699922 -31.9574922, 115.8699844 -31.9574897, 115.8700212 -31.9574061, 115.870042 -31.9574127, 115.8700615 -31.9573684, 115.8701705 -31.957403, 115.8700345 -31.9577119))",-31.957540628336393,115.87003811358946
building_1698,building_yes,W149028017,"POLYGON ((115.870173 -31.9577582, 115.8702497 -31.9575841, 115.8703747 -31.9576238, 115.8702981 -31.9577978, 115.870173 -31.9577582))",-31.95769097850147,115.87027386557233
building_1699,building_yes,W149028018,"POLYGON ((115.8712416 -31.9576405, 115.8713798 -31.9576842, 115.8713591 -31.9577314, 115.8712209 -31.9576876, 115.8712416 -31.9576405))",-31.95768593288476,115.871300370964
building_1700,building_yes,W149028019,"POLYGON ((115.8704857 -31.9575075, 115.8706035 -31.9575448, 115.8705121 -31.9577523, 115.870465 -31.9578593, 115.8703473 -31.957822, 115.8704857 -31.9575075))",-31.957683377991916,115.87047538047055
building_1701,building_yes,W149028020,"POLYGON ((115.870173 -31.9577582, 115.8700666 -31.9577244, 115.870173 -31.9574826, 115.8702795 -31.9575163, 115.8702497 -31.9575841, 115.870173 -31.9577582))",-31.957620366870824,115.87017304589622
building_1702,building_yes,W149028021,"POLYGON ((115.8706766 -31.957908, 115.8707314 -31.957773, 115.8707801 -31.9577884, 115.8707654 -31.9578217, 115.8707735 -31.9578243, 115.8707292 -31.9579247, 115.8706766 -31.957908))",-31.957849920391247,115.87072998740399
building_1703,building_yes,W149028022,"POLYGON ((115.8706766 -31.957908, 115.8706206 -31.9578903, 115.870665 -31.9577895, 115.8706738 -31.9577922, 115.8706883 -31.9577593, 115.8707314 -31.957773, 115.8706766 -31.957908))",-31.957835239990015,115.87067667054941
building_1704,building_yes,W149028023,"POLYGON ((115.8707441 -31.9575663, 115.8707908 -31.9574604, 115.8709583 -31.9575135, 115.8709354 -31.9575655, 115.8708455 -31.957537, 115.8708218 -31.9575909, 115.8707441 -31.9575663))",-31.957525510325013,115.87084093068094
building_1705,building_yes,W149028025,"POLYGON ((115.8707801 -31.9577884, 115.8707314 -31.957773, 115.8706883 -31.9577593, 115.8707409 -31.9576102, 115.8708603 -31.9576611, 115.8708153 -31.9577634, 115.870794 -31.9577567, 115.8707801 -31.9577884))",-31.957702063525286,115.8707713043647
building_1706,building_yes,W149028026,"POLYGON ((115.870465 -31.9578593, 115.8705121 -31.9577523, 115.8705226 -31.9577556, 115.870536 -31.9577252, 115.8705676 -31.9577352, 115.8706204 -31.9576153, 115.8707103 -31.9576439, 115.870597 -31.9579011, 115.870465 -31.9578593))",-31.95776633174745,115.87059095393913
building_1707,building_yes,W149028030,"POLYGON ((115.8709665 -31.9578697, 115.871 -31.9578803, 115.871034 -31.957891, 115.8710389 -31.9578797, 115.871065 -31.957888, 115.8710601 -31.9578993, 115.8710906 -31.957909, 115.8710357 -31.9580338, 115.8709116 -31.9579945, 115.8709665 -31.9578697))",-31.957950576034055,115.87100201091296
building_1708,building_yes,W149034838,"POLYGON ((115.8721663 -31.9580605, 115.8721775 -31.9580349, 115.8722099 -31.9579609, 115.872348 -31.9580044, 115.8723271 -31.958052, 115.8722611 -31.9580904, 115.8721663 -31.9580605))",-31.95802802921348,115.8722535334485
building_1709,building_yes,W149034839,"POLYGON ((115.8724801 -31.9582374, 115.8724731 -31.9582222, 115.8724466 -31.958165, 115.8724799 -31.9581539, 115.8724562 -31.9581026, 115.8725527 -31.9580705, 115.8726099 -31.9581942, 115.8724801 -31.9582374))",-31.95815634274833,115.87252413476287
building_1710,building_yes,W149034841,"POLYGON ((115.8720208 -31.9583, 115.8720666 -31.9581972, 115.8721189 -31.958181, 115.8721467 -31.9582457, 115.8723089 -31.9581954, 115.8723485 -31.9582871, 115.8720924 -31.9583666, 115.8720208 -31.9583))",-31.958274009644928,115.87217186488202
building_1711,building_yes,W149034842,"POLYGON ((115.8715025 -31.9578508, 115.87164 -31.9578943, 115.8715417 -31.9581179, 115.8718487 -31.9582151, 115.8718114 -31.9582998, 115.8718014 -31.958314, 115.8717787 -31.9583219, 115.8717534 -31.958321, 115.8713517 -31.9581938, 115.8715025 -31.9578508))",-31.95812283188664,115.8715705741676
building_1712,building_residential,W149037984,"POLYGON ((115.8725621 -31.9575113, 115.8725341 -31.957575, 115.8724795 -31.9575578, 115.872454 -31.9576159, 115.8723682 -31.9575887, 115.8723848 -31.9575508, 115.8724072 -31.9575578, 115.8724402 -31.9574827, 115.8725045 -31.957503, 115.8725083 -31.9574943, 115.8725621 -31.9575113))",-31.95754662106608,115.87246497641567
building_1713,building_residential,W149037985,"POLYGON ((115.8710367 -31.9574844, 115.8710678 -31.9574137, 115.8711136 -31.9574283, 115.8711628 -31.9573166, 115.8712105 -31.9573317, 115.87122 -31.9573103, 115.8713514 -31.957352, 115.871342 -31.9573734, 115.8713939 -31.9573898, 115.8713445 -31.9575018, 115.871396 -31.9575181, 115.871365 -31.9575886, 115.8712432 -31.9575499, 115.8712491 -31.9575367, 115.8711529 -31.9575062, 115.8711471 -31.9575195, 115.8710367 -31.9574844))",-31.957444580415476,115.87123948263459
building_1714,building_residential,W149037987,"POLYGON ((115.8726582 -31.957644, 115.872613 -31.9576297, 115.8726525 -31.9575399, 115.8726977 -31.9575543, 115.8726582 -31.957644))",-31.957591967441292,115.87265534912984
building_1715,building_residential,W149037988,"POLYGON ((115.8718561 -31.9574067, 115.8721314 -31.9574938, 115.8720911 -31.9575855, 115.8718158 -31.9574984, 115.8718561 -31.9574067))",-31.9574961,115.87197360000002
building_1716,building_residential,W149037990,"POLYGON ((115.8726393 -31.957689, 115.8727106 -31.9577116, 115.87266 -31.9578268, 115.8725886 -31.9578042, 115.8726393 -31.957689))",-31.957757911355536,115.87264961837248
building_1717,building_residential,W149037991,"POLYGON ((115.8727035 -31.9576583, 115.8726582 -31.957644, 115.8726977 -31.9575543, 115.8727429 -31.9575686, 115.8727035 -31.9576583))",-31.957606314134935,115.87270056745496
building_1718,building_residential,W149037993,"POLYGON ((115.8723528 -31.9576236, 115.8724642 -31.9576588, 115.872448 -31.9576956, 115.8723367 -31.9576604, 115.8723528 -31.9576236))",-31.957659599794265,115.8724004330613
building_1719,building_residential,W149037994,"POLYGON ((115.8727487 -31.9576726, 115.8727035 -31.9576583, 115.8727429 -31.9575686, 115.8727881 -31.9575829, 115.8727487 -31.9576726))",-31.957620600000002,115.8727458
building_1720,building_residential,W149037995,"POLYGON ((115.872448 -31.9576956, 115.8724301 -31.9577363, 115.8723188 -31.9577011, 115.8723367 -31.9576604, 115.872448 -31.9576956))",-31.957698350000005,115.87238339999999
building_1721,building_residential,W149037996,"POLYGON ((115.87184 -31.957256, 115.8719108 -31.9572784, 115.8718884 -31.9573293, 115.8718177 -31.9573069, 115.87184 -31.957256))",-31.95729264575584,115.8718642305309
building_1722,building_residential,W149037999,"POLYGON ((115.872546 -31.9577681, 115.8724833 -31.9577483, 115.8725287 -31.957645, 115.8725914 -31.9576648, 115.872546 -31.9577681))",-31.95770655,115.87253734999999
building_1723,building_residential,W149038000,"POLYGON ((115.872613 -31.9576297, 115.8725678 -31.9576153, 115.8726073 -31.9575256, 115.8726525 -31.9575399, 115.872613 -31.9576297))",-31.957577632558706,115.87261015087016
building_1724,building_residential,W149038001,"POLYGON ((115.8725678 -31.9576153, 115.8725226 -31.957601, 115.8725341 -31.957575, 115.8725621 -31.9575113, 115.8726073 -31.9575256, 115.8725678 -31.9576153))",-31.957563300427044,115.87256496249101
building_1725,building_yes,W149038003,"POLYGON ((115.8716264 -31.9577104, 115.871673 -31.9576045, 115.8720594 -31.9577269, 115.8720129 -31.9578327, 115.8719784 -31.9578218, 115.8716264 -31.9577104))",-31.95771861985,115.87184289141483
building_1726,building_residential,W149038004,"POLYGON ((115.8723682 -31.9575887, 115.872454 -31.9576159, 115.8724795 -31.9576239, 115.8724642 -31.9576588, 115.8723528 -31.9576236, 115.8723682 -31.9575887))",-31.957623761559272,115.87241615217826
building_1727,building_residential,W149038005,"POLYGON ((115.8714105 -31.957143, 115.8714797 -31.957165, 115.8714268 -31.9572852, 115.8713743 -31.9572686, 115.8713574 -31.957307, 115.8713407 -31.9573017, 115.8714105 -31.957143))",-31.957219205107855,115.87141426741366
building_1728,building_residential,W149038006,"POLYGON ((115.8713413 -31.9571211, 115.8714105 -31.957143, 115.8713407 -31.9573017, 115.8713271 -31.9572974, 115.871344 -31.9572591, 115.8712883 -31.9572415, 115.8713413 -31.9571211))",-31.957197429562182,115.87134899359566
building_1729,building_residential,W149038007,"POLYGON ((115.8715489 -31.9571869, 115.8716181 -31.9572088, 115.871565 -31.9573293, 115.8715129 -31.9573128, 115.8714961 -31.9573509, 115.8714791 -31.9573455, 115.8715489 -31.9571869))",-31.957263222036726,115.87155256908999
building_1730,building_residential,W149038008,"POLYGON ((115.8728984 -31.9576245, 115.8728146 -31.9578152, 115.8727603 -31.957798, 115.8727551 -31.9578099, 115.8727059 -31.9577943, 115.8727949 -31.9575917, 115.8728984 -31.9576245))",-31.957706118635613,115.87280269423321
building_1731,building_yes,W149038010,"POLYGON ((115.8719784 -31.9578218, 115.8719262 -31.9579406, 115.8717316 -31.957879, 115.8717603 -31.9578137, 115.8716029 -31.9577639, 115.8716264 -31.9577104, 115.8719784 -31.9578218))",-31.957826816855007,115.87181184488132
building_1732,building_residential,W149038011,"POLYGON ((115.8714797 -31.957165, 115.8715489 -31.9571869, 115.8714791 -31.9573455, 115.8714654 -31.9573412, 115.8714823 -31.9573028, 115.8714268 -31.9572852, 115.8714797 -31.957165))",-31.957241292625486,115.87148742272853
building_1733,building_residential,W149038012,"POLYGON ((115.8716873 -31.9572308, 115.8717565 -31.9572527, 115.8717034 -31.9573735, 115.8716513 -31.957357, 115.8716346 -31.9573949, 115.8716175 -31.9573894, 115.8716873 -31.9572308))",-31.95730727064101,115.87169094359095
building_1734,building_residential,W149038013,"POLYGON ((115.8712721 -31.9570991, 115.8713413 -31.9571211, 115.8712883 -31.9572414, 115.8712354 -31.9572246, 115.8712185 -31.9572629, 115.8712023 -31.9572578, 115.8712721 -31.9570991))",-31.95717517605859,115.87127595831019
building_1735,building_residential,W149038014,"POLYGON ((115.8716181 -31.9572088, 115.8716873 -31.9572308, 115.8716175 -31.9573894, 115.8716035 -31.957385, 115.8716203 -31.9573469, 115.8715651 -31.9573293, 115.8716181 -31.9572088))",-31.95728534151109,115.87162575302567
building_1736,building_residential,W149038015,"POLYGON ((115.8712029 -31.9570772, 115.8712721 -31.9570991, 115.8712023 -31.9572578, 115.8711869 -31.9572529, 115.8712038 -31.9572145, 115.87115 -31.9571974, 115.8712029 -31.9570772))",-31.957154110402058,115.87121051914214
building_1737,building_residential,W149038016,"POLYGON ((115.8714839 -31.9576258, 115.871537 -31.9575051, 115.8715506 -31.9574743, 115.8715665 -31.9574793, 115.8715529 -31.9575102, 115.8716022 -31.9575257, 115.8715494 -31.9576464, 115.8714839 -31.9576258))",-31.95757090539168,115.87154360512827
building_1738,building_residential,W149038019,"POLYGON ((115.871537 -31.9575051, 115.8714839 -31.9576258, 115.8714146 -31.9576038, 115.8714677 -31.9574832, 115.8715233 -31.9575008, 115.8715369 -31.9574699, 115.8715506 -31.9574742, 115.871537 -31.9575051))",-31.95755126298142,115.87147874232875
building_1739,building_residential,W149038020,"POLYGON ((115.871953 -31.9573138, 115.8719756 -31.957321, 115.8719825 -31.9573054, 115.8720253 -31.957319, 115.8720188 -31.9573339, 115.8721535 -31.9573765, 115.8721118 -31.9574712, 115.8719116 -31.9574078, 115.871953 -31.9573138))",-31.957389862335326,115.87203156444541
building_1740,building_residential,W149038021,"POLYGON ((115.8720314 -31.9576109, 115.8719946 -31.9576945, 115.8718436 -31.9576467, 115.8718567 -31.9576172, 115.8718267 -31.9576077, 115.8718402 -31.957577, 115.8718706 -31.9575866, 115.8718809 -31.9575632, 115.8720314 -31.9576109))",-31.957626677899803,115.87193151271676
building_1741,building_residential,W149040252,"POLYGON ((115.8730178 -31.9580533, 115.8730121 -31.9579592, 115.8730065 -31.9578696, 115.8730672 -31.9578661, 115.8730733 -31.9579402, 115.873184 -31.957906, 115.8732064 -31.9579581, 115.8731954 -31.9579615, 115.8732051 -31.9579843, 115.8731779 -31.9579927, 115.8731821 -31.9580025, 115.8730178 -31.9580533))",-31.95796261766974,115.87309004088414
building_1742,building_residential,W149040254,"POLYGON ((115.8727772 -31.9581364, 115.8727634 -31.9581055, 115.8727284 -31.9581168, 115.8726956 -31.9580438, 115.872796 -31.9580113, 115.8727852 -31.9579873, 115.872853 -31.9579654, 115.8728637 -31.9579891, 115.872901 -31.957977, 115.8728903 -31.9579533, 115.8729147 -31.9579454, 115.8729722 -31.9580732, 115.8729274 -31.9580877, 115.8729216 -31.9580748, 115.8728323 -31.9581037, 115.8728381 -31.9581166, 115.8727772 -31.9581364))",-31.95804645135186,115.87283651851872
building_1743,building_residential,W149040257,"POLYGON ((115.8729971 -31.9577315, 115.8730338 -31.957648, 115.8733203 -31.9577386, 115.8732792 -31.957832, 115.873268 -31.9578574, 115.873184 -31.9578309, 115.8731711 -31.9578602, 115.8731071 -31.95784, 115.8731304 -31.9577869, 115.8730923 -31.9577749, 115.8730808 -31.9578012, 115.8730459 -31.9577901, 115.873058 -31.9577628, 115.8730287 -31.9577535, 115.8730049 -31.9578077, 115.8729687 -31.9577962, 115.8729971 -31.9577315))",-31.957756859609088,115.87314913539906
building_1744,building_residential,W149040260,"POLYGON ((115.8732792 -31.957832, 115.8733203 -31.9577386, 115.8734103 -31.9577671, 115.8733865 -31.957851, 115.8732792 -31.957832))",-31.95779784591199,115.8733475622127
building_1745,building_residential,W149040262,"POLYGON ((115.8734103 -31.9577671, 115.8735345 -31.9578064, 115.8735089 -31.9578646, 115.8734934 -31.9578997, 115.87345 -31.9578718, 115.8733865 -31.957851, 115.8734103 -31.9577671))",-31.95782918242823,115.87345856101328
building_1746,building_residential,W149040263,"POLYGON ((115.8735089 -31.9578646, 115.8735345 -31.9578064, 115.8736117 -31.9578308, 115.8735984 -31.957861, 115.8735741 -31.9578533, 115.8735618 -31.9578814, 115.8735089 -31.9578646))",-31.95784353015444,115.87355675574622
building_1747,building_residential,W149040265,"POLYGON ((115.8730338 -31.957648, 115.8729971 -31.9577315, 115.8729753 -31.9577246, 115.8729514 -31.9577791, 115.8728683 -31.9577528, 115.8728873 -31.9577094, 115.8728774 -31.9577062, 115.872919 -31.9576117, 115.8730338 -31.957648))",-31.957693194320687,115.87294593513029
building_1748,building_residential,W149040267,"POLYGON ((115.873268 -31.9578574, 115.8732792 -31.957832, 115.8733865 -31.957851, 115.87345 -31.9578718, 115.87347 -31.9579053, 115.873453 -31.957918, 115.8732608 -31.9579895, 115.873238 -31.9579809, 115.8732264 -31.9579524, 115.873268 -31.9578574))",-31.957907045277224,115.87333378400476
building_1749,building_yes,W149044860,"POLYGON ((115.8735864 -31.950865, 115.8732436 -31.950864, 115.873217 -31.9508604, 115.8731874 -31.9508516, 115.8731737 -31.9508348, 115.8731628 -31.9508115, 115.8731637 -31.9506005, 115.8731758 -31.9506005, 115.8731758 -31.9505902, 115.8735876 -31.9505914, 115.8735872 -31.9506948, 115.8734527 -31.9506944, 115.8734527 -31.9506843, 115.8734187 -31.9506842, 115.8734187 -31.9506943, 115.8733785 -31.9506942, 115.8733785 -31.9507012, 115.8733382 -31.950701, 115.8733383 -31.950694, 115.8732957 -31.9506939, 115.8732954 -31.9507478, 115.8733574 -31.950748, 115.8733574 -31.9507413, 115.8734255 -31.9507415, 115.8734254 -31.9507482, 115.8734966 -31.9507485, 115.8734966 -31.9507417, 115.873587 -31.950742, 115.8735864 -31.950865))",-31.950727719508368,115.87336774844906
building_1750,building_yes,W149045215,"POLYGON ((115.8731664 -31.9504283, 115.8731656 -31.9502884, 115.8731824 -31.9502883, 115.8731823 -31.9502671, 115.8731961 -31.9502308, 115.8732292 -31.9502022, 115.8732694 -31.950189, 115.8733129 -31.9501885, 115.8733453 -31.9501884, 115.8733452 -31.9501667, 115.8735734 -31.9501657, 115.8735749 -31.9504257, 115.8734333 -31.9504264, 115.8734335 -31.9504472, 115.8732911 -31.9504478, 115.873291 -31.9504278, 115.8731664 -31.9504283))",-31.95030810279083,115.87338045986405
building_1751,building_yes,W149045357,"POLYGON ((115.87664 -31.9505641, 115.8766425 -31.9507872, 115.8764118 -31.950789, 115.8764093 -31.9505659, 115.87664 -31.9505641))",-31.950676550000008,115.87652589999999
building_1752,building_residential,W149048866,"POLYGON ((115.8721069 -31.9567948, 115.872085 -31.9568432, 115.8720966 -31.956847, 115.8720743 -31.9568963, 115.8720627 -31.9568925, 115.8719552 -31.9568574, 115.8719839 -31.9567941, 115.8719742 -31.9567909, 115.8719897 -31.9567566, 115.8719994 -31.9567598, 115.8721069 -31.9567948))",-31.956826838408308,115.87203220786307
building_1753,building_residential,W149048868,"POLYGON ((115.8721512 -31.9566972, 115.8721276 -31.9567493, 115.8721388 -31.956753, 115.8721182 -31.9567985, 115.8721069 -31.9567948, 115.8719994 -31.9567598, 115.8720287 -31.9566951, 115.8720178 -31.9566916, 115.8720327 -31.9566585, 115.8720437 -31.9566621, 115.8721512 -31.9566972))",-31.95672887539164,115.87207602289867
building_1754,building_residential,W149048870,"POLYGON ((115.8720627 -31.9568925, 115.8720401 -31.9569423, 115.8720515 -31.956946, 115.8720298 -31.9569939, 115.8720184 -31.9569902, 115.8719109 -31.9569551, 115.8719405 -31.9568898, 115.8719305 -31.9568865, 115.8719452 -31.9568542, 115.8719552 -31.9568574, 115.8720627 -31.9568925))",-31.95692444982977,115.87198785459785
building_1755,building_yes,W149048873,"POLYGON ((115.872603 -31.9564743, 115.8725849 -31.9565143, 115.872595 -31.9565176, 115.8725744 -31.9565631, 115.8725642 -31.9565598, 115.8725236 -31.9566494, 115.8723746 -31.9566008, 115.8723591 -31.9565729, 115.8723881 -31.9565089, 115.8722822 -31.9564744, 115.8723235 -31.9563831, 115.872603 -31.9564743))",-31.956512254941657,115.8724494392683
building_1756,building_residential,W149048875,"POLYGON ((115.8714963 -31.9568716, 115.8715455 -31.9568307, 115.8715003 -31.9567915, 115.8715971 -31.956711, 115.8715691 -31.9566868, 115.8716099 -31.9566529, 115.8715771 -31.9566422, 115.8716231 -31.9565406, 115.8716107 -31.9565365, 115.8716479 -31.9564545, 115.8717337 -31.9564824, 115.8717275 -31.9564962, 115.871788 -31.9565159, 115.8717943 -31.9565022, 115.8718734 -31.956528, 115.8718365 -31.9566094, 115.8718243 -31.9566054, 115.8717779 -31.9567077, 115.8717182 -31.9566882, 115.8717783 -31.9567402, 115.8717499 -31.9567638, 115.8717719 -31.9567828, 115.8716863 -31.956854, 115.8717282 -31.9568902, 115.8716209 -31.9569794, 115.8714963 -31.9568716))",-31.95670549288678,115.87167303465705
building_1757,building_residential,W149048879,"POLYGON ((115.8722994 -31.9560737, 115.8724273 -31.9561154, 115.8723663 -31.9562499, 115.8722385 -31.9562081, 115.8722994 -31.9560737))",-31.956161773817083,115.87233288604823
building_1758,building_residential,W149048880,"POLYGON ((115.8719699 -31.9559674, 115.8720978 -31.9560092, 115.8720369 -31.9561436, 115.871909 -31.9561018, 115.8719699 -31.9559674))",-31.956055499999998,115.87200340000003
building_1759,building_residential,W149048881,"POLYGON ((115.871842 -31.9559257, 115.8719699 -31.9559674, 115.871909 -31.9561018, 115.8717811 -31.9560601, 115.871842 -31.9559257))",-31.95601375,115.8718755
building_1760,building_yes,W149048882,"POLYGON ((115.8722049 -31.9567008, 115.8724201 -31.9567815, 115.8723712 -31.9568682, 115.8722379 -31.9568141, 115.8722509 -31.9567648, 115.8721823 -31.9567533, 115.8722049 -31.9567008))",-31.956784821756703,115.87230597354103
building_1761,building_residential,W149048883,"POLYGON ((115.8718079 -31.9570061, 115.8717097 -31.9569741, 115.8717861 -31.9568057, 115.8718842 -31.9568377, 115.8718079 -31.9570061))",-31.956905912006754,115.87179696797277
building_1762,building_residential,W149048886,"POLYGON ((115.8717532 -31.9562019, 115.8718005 -31.9560975, 115.8719657 -31.9561514, 115.8719184 -31.9562558, 115.8717532 -31.9562019))",-31.95617665,115.87185945
building_1763,building_yes,W149048888,"POLYGON ((115.8714331 -31.9562227, 115.871522 -31.9562517, 115.8715042 -31.9562909, 115.8714153 -31.9562619, 115.8714331 -31.9562227))",-31.956256800000002,115.87146864999998
building_1764,building_residential,W149048889,"POLYGON ((115.8721306 -31.9563213, 115.8721779 -31.956217, 115.8723431 -31.9562709, 115.8722958 -31.9563752, 115.8721306 -31.9563213))",-31.9562961,115.87223685000002
building_1765,building_residential,W149048890,"POLYGON ((115.8724854 -31.9561698, 115.8725193 -31.9560951, 115.8727082 -31.9561567, 115.8726743 -31.9562314, 115.8724854 -31.9561698))",-31.956163250000003,115.8725968
building_1766,building_residential,W149048891,"POLYGON ((115.8721715 -31.956032, 115.8722994 -31.9560737, 115.8722385 -31.9562081, 115.8721106 -31.9561664, 115.8721715 -31.956032))",-31.95612005,115.872205
building_1767,building_residential,W149048892,"POLYGON ((115.8725628 -31.9564428, 115.8724028 -31.9563906, 115.8724421 -31.9563037, 115.8726022 -31.9563559, 115.8725628 -31.9564428))",-31.956373247480133,115.8725024811468
building_1768,building_residential,W149048895,"POLYGON ((115.8722045 -31.9564652, 115.8721794 -31.9565206, 115.8719976 -31.9564612, 115.8720227 -31.9564059, 115.8720833 -31.9564257, 115.8722045 -31.9564652))",-31.956463241909827,115.8721010727506
building_1769,building_yes,W149048896,"POLYGON ((115.8715138 -31.9561318, 115.8713165 -31.9560675, 115.8714551 -31.9557617, 115.8716524 -31.9558261, 115.8716122 -31.9559148, 115.8715138 -31.9561318))",-31.955946768736933,115.8714844512886
building_1770,building_residential,W149048897,"POLYGON ((115.8717648 -31.9563255, 115.8718711 -31.9563602, 115.8719246 -31.9563776, 115.8719011 -31.9564295, 115.8717412 -31.9563774, 115.8717648 -31.9563255))",-31.95637750825644,115.87183290925897
building_1771,building_residential,W149048898,"POLYGON ((115.8717059 -31.9563063, 115.8717532 -31.9562019, 115.8719184 -31.9562558, 115.8718711 -31.9563602, 115.8717648 -31.9563255, 115.8717059 -31.9563063))",-31.95628104640312,115.87181215228716
building_1772,building_yes,W149048899,"POLYGON ((115.8714702 -31.9564982, 115.8712902 -31.9568952, 115.8711549 -31.956851, 115.8711289 -31.9567981, 115.8712913 -31.9564399, 115.8714702 -31.9564982))",-31.95666558585397,115.87129268041704
building_1773,building_residential,W149048900,"POLYGON ((115.8720833 -31.9564257, 115.8721306 -31.9563213, 115.8722958 -31.9563752, 115.8722486 -31.9564796, 115.8722045 -31.9564652, 115.8720833 -31.9564257))",-31.956400448623018,115.87218957008051
building_1774,building_residential,W149048904,"POLYGON ((115.8726123 -31.956343, 115.8724046 -31.9562753, 115.8724243 -31.9562316, 115.8724729 -31.9562475, 115.8724937 -31.9562014, 115.8726529 -31.9562533, 115.8726123 -31.956343))",-31.956270804845136,115.87253823886634
building_1775,building_yes,W149048905,"POLYGON ((115.872167 -31.956816, 115.8721823 -31.9567533, 115.8722049 -31.9567008, 115.8724976 -31.9567914, 115.8723848 -31.9570503, 115.8721175 -31.956968, 115.8721337 -31.956934, 115.8722375 -31.9569621, 115.8722827 -31.9569425, 115.8722248 -31.9569122, 115.8722415 -31.9568675, 115.8721923 -31.9568404, 115.8721876 -31.9568658, 115.8721394 -31.9568492, 115.872167 -31.956816))",-31.956870594341957,115.87231494344132
building_1776,building_yes,W149048906,"POLYGON ((115.8722437 -31.956607, 115.8724743 -31.9566818, 115.8724498 -31.9567361, 115.8724091 -31.9567229, 115.8724003 -31.9567425, 115.8722104 -31.956681, 115.8722437 -31.956607))",-31.956678516861693,115.87233826092852
building_1777,building_residential,W149048907,"POLYGON ((115.8720184 -31.9569902, 115.8719967 -31.957038, 115.8720073 -31.9570415, 115.8719847 -31.9570912, 115.8718667 -31.9570527, 115.8718965 -31.9569868, 115.8718868 -31.9569836, 115.8719012 -31.9569519, 115.8719109 -31.9569551, 115.8720184 -31.9569902))",-31.957022018500332,115.87194357688035
building_1778,building_yes,W149048908,"POLYGON ((115.8716122 -31.9559148, 115.8716524 -31.9558261, 115.8716581 -31.9558135, 115.8718399 -31.9558728, 115.8716517 -31.956288, 115.8715601 -31.9562581, 115.8715667 -31.9562435, 115.871641 -31.9560793, 115.8715673 -31.9560553, 115.8716285 -31.9559202, 115.8716122 -31.9559148))",-31.956024177752038,115.87168544808786
building_1779,building_residential,W149048912,"POLYGON ((115.8721954 -31.9565995, 115.8721736 -31.9566476, 115.8721832 -31.9566508, 115.8721607 -31.9567003, 115.8721512 -31.9566972, 115.8720437 -31.9566621, 115.8720754 -31.956592, 115.8720642 -31.9565884, 115.8720767 -31.9565608, 115.8721954 -31.9565995))",-31.956631132963533,115.87212035125346
building_1780,building_yes,W149224342,"POLYGON ((115.8575608 -31.9450749, 115.8575443 -31.9451013, 115.8574812 -31.9450728, 115.8574948 -31.9450511, 115.857558 -31.9449502, 115.857601 -31.9449696, 115.8576605 -31.9448744, 115.8576174 -31.944855, 115.8576308 -31.9448337, 115.8576493 -31.9448041, 115.8577124 -31.9448325, 115.8575608 -31.9450749))",-31.94496554874211,115.85759285585434
building_1781,building_yes,W149224347,"POLYGON ((115.856267 -31.9451937, 115.8566095 -31.9446459, 115.8566743 -31.9446751, 115.8567982 -31.9447309, 115.8565372 -31.9451484, 115.8566465 -31.9451976, 115.8569075 -31.9447801, 115.8570677 -31.9448522, 115.8570366 -31.9449018, 115.8570559 -31.9449105, 115.8568219 -31.9452847, 115.8567969 -31.9452735, 115.8567194 -31.9453974, 115.856267 -31.9451937))",-31.94503693389427,115.85666407155286
building_1782,building_yes,W149224352,"POLYGON ((115.8571504 -31.9450479, 115.8572438 -31.9450899, 115.857203 -31.945155, 115.8571739 -31.9451419, 115.8571606 -31.9451632, 115.8571925 -31.9451775, 115.8571612 -31.9452276, 115.8570685 -31.9451858, 115.8571135 -31.9451137, 115.8571102 -31.9451122, 115.8571504 -31.9450479))",-31.945136475014145,115.85715457390566
building_1783,building_yes,W149224354,"POLYGON ((115.8570973 -31.9446974, 115.8570503 -31.9446762, 115.8570826 -31.9446246, 115.8571296 -31.9446458, 115.8570973 -31.9446974))",-31.944661,115.85708995
building_1784,building_yes,W149224358,"POLYGON ((115.8576458 -31.9452734, 115.8575628 -31.9454062, 115.8574727 -31.9453657, 115.8575558 -31.9452329, 115.8576458 -31.9452734))",-31.94531955869959,115.85755926701808
building_1785,building_yes,W149224359,"POLYGON ((115.8575558 -31.9452329, 115.8574727 -31.9453657, 115.8573742 -31.9453213, 115.8574572 -31.9451885, 115.8575558 -31.9452329))",-31.94527709221828,115.85746498265266
building_1786,building_yes,W149224361,"POLYGON ((115.8571091 -31.9455112, 115.8572348 -31.9453102, 115.8573486 -31.9453615, 115.8572229 -31.9455625, 115.8571091 -31.9455112))",-31.94543635,115.85722885000001
building_1787,building_yes,W149224367,"POLYGON ((115.8567987 -31.9453846, 115.856935 -31.9451667, 115.8569972 -31.9451947, 115.8568609 -31.9454126, 115.8567987 -31.9453846))",-31.94528965,115.85689794999999
building_1788,building_yes,W149224368,"POLYGON ((115.8567433 -31.9444073, 115.8568856 -31.9444713, 115.8568341 -31.9445536, 115.8566919 -31.9444896, 115.8567433 -31.9444073))",-31.944480448512614,115.85678873241021
building_1789,building_yes,W149224372,"POLYGON ((115.8582374 -31.945357, 115.8580336 -31.9452652, 115.8580982 -31.9451619, 115.858302 -31.9452537, 115.8582374 -31.945357))",-31.945259450000002,115.85816779999999
building_1790,building_yes,W149224376,"POLYGON ((115.8576291 -31.9455781, 115.8577316 -31.9456242, 115.8576417 -31.9457679, 115.8575392 -31.9457218, 115.8576291 -31.9455781))",-31.945672999999996,115.85763539999998
building_1791,building_yes,W149224378,"POLYGON ((115.8577329 -31.9453126, 115.8576499 -31.9454454, 115.8575628 -31.9454062, 115.8576458 -31.9452734, 115.8577329 -31.9453126))",-31.9453594,115.85764785
building_1792,building_yes,W149224379,"POLYGON ((115.8577341 -31.945176, 115.8576856 -31.9451541, 115.8577104 -31.9451145, 115.8577589 -31.9451363, 115.8577341 -31.945176))",-31.94514523190711,115.85772225587313
building_1793,building_yes,W149224381,"POLYGON ((115.8568743 -31.9454113, 115.8569821 -31.945239, 115.8570382 -31.9452643, 115.8569304 -31.9454366, 115.8568743 -31.9454113))",-31.945337800000004,115.85695625
building_1794,building_yes,W149224383,"POLYGON ((115.8572478 -31.9455781, 115.8573615 -31.9453962, 115.8574684 -31.9454444, 115.8573547 -31.9456262, 115.8572478 -31.9455781))",-31.94551121636257,115.85735810050173
building_1795,building_yes,W149224385,"POLYGON ((115.8574572 -31.9451885, 115.8573742 -31.9453213, 115.85727 -31.9452744, 115.8573529 -31.9451415, 115.8574572 -31.9451885))",-31.945231410272452,115.8573635806014
building_1796,building_yes,W149224389,"POLYGON ((115.8570503 -31.9446762, 115.8569391 -31.9446262, 115.8570013 -31.9445267, 115.8571125 -31.9445768, 115.8570826 -31.9446246, 115.8570503 -31.9446762))",-31.94460146903687,115.85702579717729
building_1797,building_yes,W149224392,"POLYGON ((115.8570973 -31.9446974, 115.8571296 -31.9446458, 115.8571571 -31.9446018, 115.8572667 -31.9446512, 115.857207 -31.9447468, 115.8570973 -31.9446974))",-31.94467430628212,115.85718202252013
building_1798,building_yes,W149224393,"POLYGON ((115.8579238 -31.94566, 115.8576697 -31.9455456, 115.8578301 -31.9452892, 115.8579206 -31.9452672, 115.8581148 -31.9453546, 115.8579238 -31.94566))",-31.945453671092253,115.85789267429386
building_1799,building_yes,W149224396,"POLYGON ((115.8578278 -31.9449858, 115.8578052 -31.944968, 115.8578564 -31.9448837, 115.8580186 -31.9449547, 115.858024 -31.9449886, 115.8579025 -31.9451755, 115.8577976 -31.9452075, 115.8577464 -31.9451883, 115.8577798 -31.9451242, 115.8577535 -31.9451132, 115.8578278 -31.9449858))",-31.945047740488242,115.8578802736035
building_1800,building_yes,W149224397,"POLYGON ((115.8575156 -31.9454363, 115.8576323 -31.9454889, 115.8574778 -31.9457358, 115.8574098 -31.9457052, 115.8574406 -31.9456559, 115.857392 -31.9456341, 115.8575156 -31.9454363))",-31.94557848456588,115.85750542820932
building_1801,building_yes,W149224401,"POLYGON ((115.8577498 -31.9450355, 115.8576891 -31.9451326, 115.8575608 -31.9450749, 115.8577124 -31.9448325, 115.8578407 -31.9448902, 115.8578251 -31.9449152, 115.8577498 -31.9450355))",-31.944982544309763,115.85770075267273
building_1802,building_yes,W149224406,"POLYGON ((115.8569452 -31.9454524, 115.8570578 -31.9452724, 115.8571784 -31.9453267, 115.8571096 -31.9454369, 115.8570996 -31.9454324, 115.8570559 -31.9455022, 115.8569452 -31.9454524))",-31.945386910657717,115.85706113599801
building_1803,building_yes,W149224407,"POLYGON ((115.8566374 -31.9445793, 115.8566904 -31.9444946, 115.8568661 -31.9445737, 115.856854 -31.944593, 115.8569007 -31.944614, 115.8568697 -31.9446636, 115.8568242 -31.9446431, 115.8568143 -31.9446589, 115.8566374 -31.9445793))",-31.94458353612636,115.85676662577039
building_1804,building_yes,W149224410,"POLYGON ((115.8571504 -31.9450479, 115.8571102 -31.9451122, 115.8570715 -31.9450948, 115.8570573 -31.9451176, 115.857096 -31.9451349, 115.8570654 -31.9451839, 115.8569728 -31.9451422, 115.8570578 -31.9450062, 115.8571504 -31.9450479))",-31.945093559261647,115.85705993410984
building_1805,building_yes,W149224411,"POLYGON ((115.8576295 -31.9458311, 115.8577262 -31.9456764, 115.8578663 -31.9457395, 115.8578482 -31.9457685, 115.857934 -31.9458071, 115.8579521 -31.9457781, 115.8580045 -31.9458017, 115.8579078 -31.9459564, 115.8576295 -31.9458311))",-31.94581904606946,115.85781190196295
building_1806,building_yes,W149224413,"POLYGON ((115.8573302 -31.9448859, 115.8574006 -31.9447732, 115.8574074 -31.9447762, 115.8574234 -31.9447507, 115.8575298 -31.9447986, 115.8574464 -31.9449321, 115.8573918 -31.9449075, 115.8573888 -31.9449123, 115.8573302 -31.9448859))",-31.944841796927257,115.8574304152249
building_1807,building_yes,W149224416,"POLYGON ((115.8574948 -31.9450511, 115.8574078 -31.9450119, 115.8575623 -31.9447649, 115.8576493 -31.9448041, 115.8576308 -31.9448337, 115.8575871 -31.9448138, 115.8575476 -31.9448918, 115.8575842 -31.9449082, 115.8574948 -31.9450511))",-31.94491566316739,115.85751890869109
building_1808,building_yes,W149224419,"POLYGON ((115.8580982 -31.9451619, 115.8580362 -31.945134, 115.8580975 -31.9450359, 115.8581511 -31.9450206, 115.8583831 -31.9451251, 115.8584082 -31.9451945, 115.858356 -31.945278, 115.858302 -31.9452537, 115.8580982 -31.9451619))",-31.945142740794953,115.85823259405394
building_1809,building_yes,W149224423,"POLYGON ((115.8572783 -31.9452607, 115.8572485 -31.9452473, 115.85724 -31.9452609, 115.8571802 -31.9452339, 115.8572202 -31.9451699, 115.857211 -31.9451658, 115.857254 -31.945097, 115.8573529 -31.9451415, 115.8572783 -31.9452607))",-31.9451824423704,115.85726523943687
building_1810,building_yes,W149225406,"POLYGON ((115.8566743 -31.9446751, 115.8567052 -31.9446258, 115.8570985 -31.9448029, 115.8570677 -31.9448522, 115.8566743 -31.9446751))",-31.944738990299363,115.8568864011345
building_1811,building_yes,W149225418,"POLYGON ((115.8568952 -31.9447113, 115.8569305 -31.944655, 115.8572038 -31.9447781, 115.8571686 -31.9448344, 115.8568952 -31.9447113))",-31.944744694938084,115.85704950994847
building_1812,building_yes,W149242250,"POLYGON ((115.8542094 -31.9453834, 115.8543959 -31.9450851, 115.8544274 -31.9450347, 115.8545705 -31.9450991, 115.8547972 -31.9447366, 115.8550439 -31.9448451, 115.8547048 -31.9453875, 115.8546532 -31.9453669, 115.8545804 -31.9454833, 115.8546236 -31.9455028, 115.8545909 -31.9455552, 115.8542094 -31.9453834))",-31.94516006895938,115.85462924151835
building_1813,building_yes,W149242253,"POLYGON ((115.853786 -31.9446758, 115.8540766 -31.9448066, 115.8540388 -31.944867, 115.8542754 -31.9449735, 115.8540609 -31.9453166, 115.8535338 -31.9450792, 115.8536044 -31.9449663, 115.8537164 -31.9447871, 115.8536699 -31.9447516, 115.8537212 -31.9446696, 115.8537748 -31.9446937, 115.853786 -31.9446758))",-31.944997386113837,115.8539010261152
building_1814,building_yes,W149242261,"POLYGON ((115.8535338 -31.9450792, 115.8532365 -31.9449454, 115.8532302 -31.9449309, 115.8533535 -31.9447337, 115.8533649 -31.9447388, 115.8533882 -31.9447017, 115.8533772 -31.9446963, 115.853397 -31.9446671, 115.8534153 -31.944676, 115.8534462 -31.9446363, 115.8536498 -31.9447279, 115.8536143 -31.944797, 115.8535659 -31.9448622, 115.8534619 -31.9447869, 115.853406 -31.944877, 115.8536044 -31.9449663, 115.8535338 -31.9450792))",-31.94485512594498,115.85344425572046
building_1815,building_yes,W149242265,"POLYGON ((115.8550125 -31.945505, 115.8548222 -31.9454193, 115.8548683 -31.9453456, 115.8550572 -31.9454307, 115.8550125 -31.945505))",-31.94542519275122,115.85494001724003
building_1816,building_yes,W149242271,"POLYGON ((115.8550572 -31.9454307, 115.8548683 -31.9453456, 115.8548944 -31.9453038, 115.8550826 -31.9453885, 115.8550572 -31.9454307))",-31.94536717494531,115.85497564143232
building_1817,building_yes,W149242274,"POLYGON ((115.8550728 -31.9449125, 115.8551152 -31.9449316, 115.8550758 -31.9449947, 115.8550333 -31.9449756, 115.8550728 -31.9449125))",-31.94495360878182,115.85507426698717
building_1818,building_yes,W149242276,"POLYGON ((115.8544274 -31.9450347, 115.8546541 -31.9446722, 115.8547972 -31.9447366, 115.8545705 -31.9450991, 115.8544274 -31.9450347))",-31.944885649999996,115.8546123
building_1819,building_yes,W149242283,"POLYGON ((115.8550758 -31.9449947, 115.8551152 -31.9449316, 115.855167 -31.9449549, 115.8551517 -31.9449793, 115.8551275 -31.945018, 115.8550758 -31.9449947))",-31.944974791345576,115.85512137703053
building_1820,building_yes,W149242285,"POLYGON ((115.8540388 -31.944867, 115.8540766 -31.9448066, 115.854272 -31.9444941, 115.8545086 -31.9446006, 115.8542754 -31.9449735, 115.8540388 -31.944867))",-31.944733800513685,115.85427370661078
building_1821,building_yes,W149242289,"POLYGON ((115.8550826 -31.9453885, 115.8548944 -31.9453038, 115.8549483 -31.9452176, 115.855135 -31.9453015, 115.8550826 -31.9453885))",-31.945302918044547,115.85501505586144
building_1822,building_yes,W149242293,"POLYGON ((115.8551517 -31.9449793, 115.8552086 -31.9450049, 115.8551778 -31.9450542, 115.8551209 -31.9450286, 115.8551275 -31.945018, 115.8551517 -31.9449793))",-31.945016748757947,115.85516474519758
building_1823,building_yes,W149242296,"POLYGON ((115.8542754 -31.9449735, 115.8543161 -31.9449919, 115.8542882 -31.9450366, 115.8543959 -31.9450851, 115.8542094 -31.9453834, 115.8540609 -31.9453166, 115.8542754 -31.9449735))",-31.94519309729464,115.85423051447526
building_1824,building_yes,W149242298,"POLYGON ((115.8540766 -31.9448066, 115.853786 -31.9446758, 115.8538254 -31.9446128, 115.8537615 -31.9445841, 115.8538261 -31.9444808, 115.8538899 -31.9445096, 115.8539814 -31.9443633, 115.854272 -31.9444941, 115.8540766 -31.9448066))",-31.94458236765743,115.85401523925096
building_1825,building_yes,W149242304,"POLYGON ((115.8550638 -31.9451507, 115.8550748 -31.945133, 115.8550211 -31.9451088, 115.855057 -31.9450514, 115.8550109 -31.9450307, 115.8550322 -31.9449967, 115.8552574 -31.9450981, 115.8551912 -31.9452081, 115.8550638 -31.9451507))",-31.94510498866202,115.85513154376557
building_1826,building_yes,W149242313,"POLYGON ((115.8549483 -31.9452176, 115.8549537 -31.945209, 115.8549425 -31.9452039, 115.8549872 -31.9451323, 115.8549984 -31.9451374, 115.8550063 -31.9451248, 115.8550638 -31.9451507, 115.8551912 -31.9452081, 115.855135 -31.9453015, 115.8549483 -31.9452176))",-31.945211165641663,115.85506568636549
building_1827,building_yes,W149366759,"POLYGON ((115.8740699 -31.9528084, 115.8740962 -31.9527506, 115.8741057 -31.9527537, 115.8741165 -31.9527299, 115.8741893 -31.9527538, 115.8741785 -31.9527775, 115.8742782 -31.9528102, 115.8741568 -31.9530766, 115.8739749 -31.9530169, 115.8740217 -31.9529142, 115.8740699 -31.9528084))",-31.95290805872321,115.87412726641072
building_1828,building_yes,W149366761,"POLYGON ((115.8739749 -31.9530169, 115.8741568 -31.9530766, 115.8740985 -31.9532045, 115.8740909 -31.9532021, 115.8740855 -31.9531965, 115.8740736 -31.9531941, 115.8739644 -31.9531898, 115.8739638 -31.9532008, 115.8738534 -31.9531963, 115.8738543 -31.9531853, 115.8736935 -31.9531759, 115.8737135 -31.9529312, 115.8739749 -31.9530169))",-31.953090500479806,115.87389504219975
building_1829,building_yes,W149366762,"POLYGON ((115.8730584 -31.9530156, 115.8730627 -31.9529087, 115.8731924 -31.9529124, 115.8731982 -31.9527672, 115.8733453 -31.9527715, 115.8733437 -31.9528114, 115.8735389 -31.952817, 115.8735405 -31.9527771, 115.8736275 -31.9527796, 115.8736227 -31.952899, 115.8736352 -31.9528993, 115.8736323 -31.9529706, 115.8736188 -31.9529702, 115.8736164 -31.9530316, 115.8730584 -31.9530156))",-31.952914560940936,115.87337303163902
building_1830,building_yes,W149366766,"POLYGON ((115.8735389 -31.9525354, 115.8737816 -31.9526143, 115.8737198 -31.9527512, 115.8735077 -31.952739, 115.8735099 -31.9527115, 115.8734994 -31.9527107, 115.8735389 -31.9525354))",-31.95265576392673,115.87362827451548
building_1831,building_yes,W149366767,"POLYGON ((115.8737579 -31.9528276, 115.8737953 -31.9527456, 115.8738041 -31.9527484, 115.8738523 -31.9526425, 115.8740294 -31.9527006, 115.873992 -31.9527829, 115.8740699 -31.9528084, 115.8740217 -31.9529142, 115.8737579 -31.9528276))",-31.952782121719682,115.87391728257951
building_1832,building_yes,W149366769,"POLYGON ((115.8732169 -31.9527264, 115.8732285 -31.9526197, 115.8732071 -31.952618, 115.8732259 -31.9524454, 115.8733308 -31.9524536, 115.8733265 -31.9524929, 115.873482 -31.9525051, 115.8734558 -31.9527451, 115.8732169 -31.9527264))",-31.95260352112333,115.87333921820262
building_1833,building_yes,W149367337,"POLYGON ((115.8738904 -31.9522633, 115.8739466 -31.9522817, 115.8738768 -31.9524349, 115.8738206 -31.9524165, 115.8738904 -31.9522633))",-31.952349100000003,115.87388360000001
building_1834,building_yes,W149367338,"POLYGON ((115.8738341 -31.9522448, 115.8738904 -31.9522633, 115.8738206 -31.9524165, 115.8737643 -31.9523981, 115.8738341 -31.9522448))",-31.952330665137293,115.87382735143069
building_1835,building_yes,W149367339,"POLYGON ((115.8741152 -31.952337, 115.8741714 -31.9523554, 115.8741017 -31.9525087, 115.8740454 -31.9524902, 115.8741152 -31.952337))",-31.952422854332337,115.87410841370519
building_1836,building_yes,W149367342,"POLYGON ((115.874059 -31.9523186, 115.8741152 -31.952337, 115.8740454 -31.9524902, 115.8739892 -31.9524718, 115.874059 -31.9523186))",-31.952404399999995,115.8740522
building_1837,building_yes,W149367344,"POLYGON ((115.8740028 -31.9523001, 115.874059 -31.9523186, 115.8739892 -31.9524718, 115.873933 -31.9524534, 115.8740028 -31.9523001))",-31.952385965123568,115.87399600144236
building_1838,building_yes,W149367345,"POLYGON ((115.8739466 -31.9522817, 115.8740028 -31.9523001, 115.873933 -31.9524534, 115.8738768 -31.9524349, 115.8739466 -31.9522817))",-31.952367534876423,115.87393979855764
building_1839,building_yes,W149367346,"POLYGON ((115.8743209 -31.9525908, 115.8740976 -31.9525176, 115.8741017 -31.9525087, 115.8741714 -31.9523554, 115.874201 -31.9522906, 115.8744243 -31.9523638, 115.8743209 -31.9525908))",-31.952440690041758,115.87426094277139
building_1840,building_yes,W149382069,"POLYGON ((115.8751135 -31.9525124, 115.8753077 -31.952424, 115.8754311 -31.9523802, 115.8755609 -31.9523619, 115.8756906 -31.9523527, 115.875796 -31.9523642, 115.8758928 -31.9523934, 115.875796 -31.9525016, 115.8757219 -31.9524767, 115.8755872 -31.952471, 115.8754663 -31.9524995, 115.8753771 -31.9525339, 115.8753049 -31.9525767, 115.8751135 -31.9525124))",-31.95244781917969,115.87551420451959
building_1841,building_yes,W149382070,"POLYGON ((115.8758668 -31.9531165, 115.8754525 -31.9529771, 115.8754398 -31.9529676, 115.8754432 -31.9529547, 115.875637 -31.9527743, 115.8756472 -31.9527686, 115.8756573 -31.9527699, 115.8759783 -31.9528779, 115.8759184 -31.953006, 115.8756295 -31.9529088, 115.8756262 -31.9529159, 115.8755988 -31.9529067, 115.8755871 -31.9529316, 115.8756297 -31.952946, 115.8756262 -31.9529536, 115.8757293 -31.9529883, 115.8757329 -31.9529807, 115.8759035 -31.9530381, 115.8758668 -31.9531165))",-31.95293312143827,115.87572322690544
building_1842,building_yes,W149382071,"POLYGON ((115.8768068 -31.9527312, 115.8768355 -31.9527296, 115.8768698 -31.9527386, 115.8768908 -31.9527513, 115.8769067 -31.9527676, 115.8769189 -31.9527925, 115.8769211 -31.952817, 115.8769157 -31.9528385, 115.8769036 -31.9528583, 115.8768883 -31.9528726, 115.8768697 -31.9528834, 115.8768509 -31.9528897, 115.8768293 -31.9528927, 115.8768015 -31.9528903, 115.8767743 -31.9528806, 115.8767681 -31.952876, 115.8763201 -31.9528794, 115.8764105 -31.9526584, 115.8765441 -31.9526978, 115.8766927 -31.9527213, 115.8768068 -31.9527312))",-31.952794804653482,115.87661463955567
building_1843,building_yes,W149382072,"POLYGON ((115.8746149 -31.9527092, 115.8746424 -31.9526502, 115.8746984 -31.9525303, 115.8747684 -31.9525538, 115.8747847 -31.952519, 115.8750181 -31.9525974, 115.8750317 -31.9525682, 115.8750641 -31.9525791, 115.8750769 -31.9525517, 115.8755564 -31.9527125, 115.8755365 -31.9527552, 115.8754874 -31.9527596, 115.8754105 -31.9528758, 115.8753693 -31.9528898, 115.8753249 -31.952905, 115.8753075 -31.9529421, 115.8751502 -31.9528892, 115.8751595 -31.9528693, 115.8751003 -31.9528494, 115.8751082 -31.9528325, 115.8750237 -31.9528041, 115.8750155 -31.9528218, 115.8749646 -31.9528047, 115.8749557 -31.9528238, 115.8746879 -31.9527337, 115.8746149 -31.9527092))",-31.952713806430836,115.87508114160218
building_1844,building_yes,W149382073,"POLYGON ((115.8760072 -31.9527776, 115.876112 -31.9525557, 115.8762273 -31.9525949, 115.8763424 -31.9526349, 115.8762364 -31.9528548, 115.8760072 -31.9527776))",-31.9527054675981,115.87617449685521
building_1845,building_yes,W149382074,"POLYGON ((115.8760072 -31.9527776, 115.8757191 -31.9526807, 115.8757105 -31.9526651, 115.8759362 -31.9524316, 115.876112 -31.9525557, 115.8760072 -31.9527776))",-31.952614172188234,115.87592917349707
building_1846,building_yes,W149382075,"POLYGON ((115.8759783 -31.9528779, 115.876208 -31.9529552, 115.8761159 -31.9531522, 115.8759855 -31.9531083, 115.8759661 -31.9531499, 115.8759173 -31.9531335, 115.8758668 -31.9531165, 115.8759035 -31.9530381, 115.8759184 -31.953006, 115.8759783 -31.9528779))",-31.95302318434621,115.87603699970172
building_1847,building_yes,W149382076,"POLYGON ((115.8754636 -31.9526187, 115.8754824 -31.9525783, 115.8754726 -31.9525579, 115.8755426 -31.9525338, 115.8756343 -31.9525291, 115.8756368 -31.9525644, 115.8756878 -31.9525815, 115.8756099 -31.952661, 115.87558 -31.9526579, 115.8754636 -31.9526187))",-31.952591915997022,115.87557087186579
building_1848,building_yes,W149385035,"POLYGON ((115.8765931 -31.9531331, 115.8765874 -31.9529924, 115.8767011 -31.9529891, 115.8767015 -31.9529989, 115.8767637 -31.9529971, 115.8767634 -31.9529873, 115.8768578 -31.9529845, 115.8768594 -31.9530241, 115.8768698 -31.9530238, 115.8768723 -31.9530858, 115.8768619 -31.9530861, 115.8768635 -31.9531253, 115.8765931 -31.9531331))",-31.953059820816954,115.87672772612405
building_1849,building_yes,W149385036,"POLYGON ((115.8762649 -31.9531426, 115.8762635 -31.9531072, 115.8762487 -31.9531076, 115.8763066 -31.952961, 115.8763608 -31.9529595, 115.8763613 -31.9529718, 115.8764113 -31.9529704, 115.8764108 -31.9529581, 115.8765064 -31.9529553, 115.8765069 -31.9529685, 115.8765864 -31.9529662, 115.8765874 -31.9529924, 115.8765931 -31.9531331, 115.8762649 -31.9531426))",-31.95305301450552,115.87643015097348
building_1850,building_yes,W149385037,"POLYGON ((115.8769774 -31.9527392, 115.8774098 -31.9526245, 115.8774636 -31.9527707, 115.8774138 -31.9527839, 115.877416 -31.9527899, 115.8773295 -31.9528128, 115.8773273 -31.9528068, 115.8772752 -31.9528206, 115.877276 -31.9528229, 115.8772204 -31.9528377, 115.8772195 -31.9528354, 115.8771625 -31.9528505, 115.877165 -31.9528574, 115.8771005 -31.9528745, 115.877098 -31.9528676, 115.8770312 -31.9528853, 115.8769774 -31.9527392))",-31.95275615822748,115.87722117614727
building_1851,building_apartments,W149385038,"POLYGON ((115.8771076 -31.9529538, 115.8771737 -31.9529357, 115.8771702 -31.9529266, 115.8772587 -31.9529024, 115.8772706 -31.9529338, 115.8773105 -31.9529228, 115.8773131 -31.9529296, 115.877385 -31.9529099, 115.8773824 -31.9529032, 115.8774179 -31.9528934, 115.877406 -31.9528621, 115.8774945 -31.9528378, 115.8774983 -31.9528476, 115.8775443 -31.952835, 115.8776001 -31.9529817, 115.8775201 -31.9530036, 115.877517 -31.9529952, 115.8774421 -31.9530157, 115.8774453 -31.9530241, 115.8773469 -31.953051, 115.877343 -31.9530408, 115.8772535 -31.9530653, 115.8772574 -31.9530755, 115.8771637 -31.9531012, 115.8771076 -31.9529538))",-31.952967808557794,115.87735353565671
building_1852,building_yes,W149385039,"POLYGON ((115.8767795 -31.9533319, 115.8767781 -31.9532928, 115.8768673 -31.9532905, 115.8768687 -31.9533296, 115.8767795 -31.9533319))",-31.9533112,115.87682339999998
building_1853,building_yes,W149385040,"POLYGON ((115.8769458 -31.9531101, 115.8769422 -31.9530212, 115.8769744 -31.9530202, 115.8769729 -31.9529825, 115.8770809 -31.9529794, 115.877086 -31.9531061, 115.8769458 -31.9531101))",-31.953047907608877,115.87701744490491
building_1854,building_residential,W149390516,"POLYGON ((115.8752971 -31.9536701, 115.8752183 -31.9536436, 115.8752544 -31.9535662, 115.875279 -31.9535744, 115.8752894 -31.9535522, 115.8752648 -31.953544, 115.8752947 -31.95348, 115.8753735 -31.9535065, 115.8753422 -31.9535735, 115.8753297 -31.9536004, 115.8752971 -31.9536701))",-31.95357575750307,115.87529695430132
building_1855,building_residential,W149390517,"POLYGON ((115.8753759 -31.9536966, 115.8752971 -31.9536701, 115.8753297 -31.9536004, 115.8753654 -31.9536124, 115.875378 -31.9535855, 115.8753422 -31.9535735, 115.8753735 -31.9535065, 115.8753809 -31.9534907, 115.8754598 -31.9535173, 115.8754524 -31.9535331, 115.8753759 -31.9536966))",-31.953593693155355,115.87538023062552
building_1856,building_residential,W149390521,"POLYGON ((115.8755336 -31.9537497, 115.8754548 -31.9537231, 115.8755 -31.9536264, 115.8755386 -31.9536393, 115.8755545 -31.9536053, 115.8755159 -31.9535923, 115.8755639 -31.9535249, 115.8756241 -31.9535425, 115.8755805 -31.9536493, 115.8755674 -31.9536774, 115.8755336 -31.9537497))",-31.953640555645933,115.8755418818154
building_1857,building_yes,W149390522,"POLYGON ((115.8743754 -31.9531033, 115.8744928 -31.9528521, 115.8747214 -31.952929, 115.8746681 -31.953042, 115.8745857 -31.9530143, 115.8745664 -31.9530557, 115.8745422 -31.9531076, 115.8746881 -31.9531567, 115.8746671 -31.9532014, 115.8745251 -31.9531536, 115.8743754 -31.9531033))",-31.953015693337626,115.87454521946445
building_1858,building_residential,W149390523,"POLYGON ((115.8756913 -31.9538027, 115.8756125 -31.9537762, 115.8757017 -31.9535918, 115.8757713 -31.9536164, 115.8757341 -31.9537111, 115.8757091 -31.9537027, 115.8756982 -31.953726, 115.8757232 -31.9537344, 115.8756913 -31.9538027))",-31.953697944631628,115.87569315470037
building_1859,building_yes,W149390524,"POLYGON ((115.8746681 -31.953042, 115.8747214 -31.952929, 115.8748128 -31.9529598, 115.8747597 -31.9530729, 115.8746681 -31.953042))",-31.9530009475931,115.87474049156461
building_1860,building_yes,W149390525,"POLYGON ((115.8749538 -31.9531382, 115.8750152 -31.9531588, 115.874964 -31.9532685, 115.8749026 -31.9532478, 115.8749538 -31.9531382))",-31.953203332362193,115.87495890122868
building_1861,building_residential,W149390526,"POLYGON ((115.8749756 -31.9535658, 115.8748945 -31.9535385, 115.8749539 -31.9534114, 115.875035 -31.9534387, 115.8749756 -31.9535658))",-31.9534886,115.87496475
building_1862,building_yes,W149390527,"POLYGON ((115.8748768 -31.9531123, 115.8748372 -31.9531971, 115.8747864 -31.95318, 115.874826 -31.9530952, 115.8748768 -31.9531123))",-31.953146150000002,115.87483160000001
building_1863,building_yes,W149390528,"POLYGON ((115.8747597 -31.9530729, 115.8748128 -31.9529598, 115.8748992 -31.9529888, 115.8748463 -31.953102, 115.874826 -31.9530952, 115.8747597 -31.9530729))",-31.953030903685715,115.87482948937976
building_1864,building_residential,W149390529,"POLYGON ((115.8747324 -31.953484, 115.8746513 -31.9534567, 115.8747065 -31.9533385, 115.8747272 -31.9532944, 115.8748082 -31.9533216, 115.8747918 -31.9533569, 115.8747324 -31.953484))",-31.953389185684554,115.87472977270528
building_1865,building_residential,W149390530,"POLYGON ((115.8748134 -31.9535113, 115.8747324 -31.953484, 115.8747918 -31.9533569, 115.8748457 -31.9532654, 115.8749241 -31.953287, 115.8748728 -31.9533841, 115.8748134 -31.9535113))",-31.953387292796474,115.87482639475613
building_1866,building_residential,W149390531,"POLYGON ((115.8748945 -31.9535385, 115.8748134 -31.9535113, 115.8748728 -31.9533841, 115.8749241 -31.953287, 115.8750051 -31.9533177, 115.8749539 -31.9534114, 115.8748945 -31.9535385))",-31.95341272475347,115.87490770824668
building_1867,building_yes,W149390532,"POLYGON ((115.8745664 -31.9530557, 115.8745857 -31.9530143, 115.8746681 -31.953042, 115.8747597 -31.9530729, 115.874826 -31.9530952, 115.8747864 -31.95318, 115.8747419 -31.953165, 115.8747622 -31.9531216, 115.8745664 -31.9530557))",-31.953087688844807,115.87470887819198
building_1868,building_yes,W149390533,"POLYGON ((115.8748463 -31.953102, 115.8748992 -31.9529888, 115.8751954 -31.9530885, 115.8750913 -31.9533113, 115.874964 -31.9532685, 115.8750152 -31.9531588, 115.8749538 -31.9531382, 115.8748768 -31.9531123, 115.8748463 -31.953102))",-31.953136342583942,115.87503036597083
building_1869,building_residential,W149390534,"POLYGON ((115.8754548 -31.9537231, 115.8753759 -31.9536966, 115.8754524 -31.9535331, 115.8755379 -31.9535452, 115.8755639 -31.9535249, 115.8755159 -31.9535923, 115.8755 -31.9536264, 115.8754548 -31.9537231))",-31.953622940032748,115.87545785432117
building_1870,building_residential,W149390537,"POLYGON ((115.8756125 -31.9537762, 115.8755336 -31.9537497, 115.8755674 -31.9536774, 115.8756085 -31.9536912, 115.8756216 -31.9536631, 115.8755805 -31.9536493, 115.8756241 -31.9535425, 115.8756863 -31.9535642, 115.8757017 -31.9535918, 115.8756125 -31.9537762))",-31.95365915345306,115.8756225646598
building_1871,building_residential,W149390538,"POLYGON ((115.8752183 -31.9536436, 115.8751394 -31.953617, 115.8751773 -31.9535359, 115.8752234 -31.9534373, 115.8753023 -31.9534638, 115.8752947 -31.95348, 115.8752648 -31.953544, 115.8752544 -31.9535662, 115.8752183 -31.9536436))",-31.953540429402967,115.87522083348006
building_1872,building_residential,W149390539,"POLYGON ((115.8757701 -31.9538292, 115.8756913 -31.9538027, 115.8757232 -31.9537344, 115.8757341 -31.9537111, 115.8757677 -31.9536392, 115.8758088 -31.953653, 115.8757999 -31.9536719, 115.8758377 -31.9536847, 115.8757701 -31.9538292))",-31.95373803462171,115.87576572787958
building_1873,building_yes,W149390541,"POLYGON ((115.8746513 -31.9534567, 115.8743423 -31.9533527, 115.8742903 -31.9532888, 115.8743759 -31.9531054, 115.8743765 -31.9531041, 115.8745253 -31.9531541, 115.8745247 -31.9531555, 115.8744755 -31.9532608, 115.8747065 -31.9533385, 115.8746513 -31.9534567))",-31.953293494129454,115.87447667071962
building_1874,building_yes,W149402457,"POLYGON ((115.8770779 -31.9542647, 115.8772278 -31.9539439, 115.877469 -31.9540251, 115.8774361 -31.9540955, 115.8773929 -31.954081, 115.8773502 -31.9541723, 115.8774003 -31.9541891, 115.8773675 -31.9542591, 115.8773175 -31.9542423, 115.8772759 -31.9543313, 115.8770779 -31.9542647))",-31.954137841600485,115.87726497870729
building_1875,building_yes,W149402458,"POLYGON ((115.8768874 -31.9536458, 115.8769017 -31.9536507, 115.8769086 -31.9536359, 115.8771236 -31.9537083, 115.877197 -31.953733, 115.8771902 -31.9537477, 115.8772109 -31.9537547, 115.8771709 -31.9538403, 115.8771576 -31.9538358, 115.8770226 -31.9541247, 115.8770359 -31.9541292, 115.877005 -31.9541952, 115.8766815 -31.9540864, 115.8767534 -31.9539327, 115.8769084 -31.9539848, 115.8769577 -31.9538794, 115.8768026 -31.9538272, 115.8768874 -31.9536458))",-31.953912846223055,115.87695681242195
building_1876,building_yes,W149402459,"POLYGON ((115.8771946 -31.9532666, 115.8775927 -31.9532717, 115.8776834 -31.9533615, 115.8776745 -31.9534093, 115.8776982 -31.9534125, 115.8776912 -31.9534351, 115.8776466 -31.9534201, 115.8776512 -31.953391, 115.8774123 -31.9533107, 115.8774003 -31.9533365, 115.8772548 -31.9532876, 115.8772179 -31.953285, 115.8771814 -31.9532871, 115.8771442 -31.9532985, 115.8771117 -31.9533185, 115.8770961 -31.9533003, 115.8771249 -31.9532804, 115.877157 -31.9532677, 115.8771946 -31.9532666))",-31.95331388840788,115.87746722644053
building_1877,building_yes,W149402460,"POLYGON ((115.8776184 -31.953718, 115.8770498 -31.9535269, 115.8770555 -31.9535148, 115.8769937 -31.953494, 115.8769858 -31.9534738, 115.8769778 -31.953438, 115.87698 -31.9534025, 115.8770016 -31.9533563, 115.877033 -31.9533075, 115.8770677 -31.953277, 115.8770961 -31.9533003, 115.8771117 -31.9533185, 115.8771442 -31.9532985, 115.8771814 -31.9532871, 115.8772179 -31.953285, 115.8772548 -31.9532876, 115.8774003 -31.9533365, 115.8774123 -31.9533107, 115.8776512 -31.953391, 115.8776466 -31.9534201, 115.8776912 -31.9534351, 115.8776496 -31.9536514, 115.8776184 -31.953718))",-31.9534740786534,115.87735309702836
building_1878,building_yes,W149402461,"POLYGON ((115.875545 -31.9532175, 115.8756491 -31.9532525, 115.8755948 -31.9533687, 115.8754908 -31.9533337, 115.875545 -31.9532175))",-31.953293092686447,115.8755699309245
building_1879,building_yes,W149402462,"POLYGON ((115.8762498 -31.9539525, 115.8764341 -31.9535581, 115.876463 -31.9534962, 115.8765943 -31.9535403, 115.876381 -31.9539967, 115.8762498 -31.9539525))",-31.953746418188018,115.87642203687021
building_1880,building_yes,W149402463,"POLYGON ((115.8759642 -31.9533586, 115.8760693 -31.9533939, 115.8759954 -31.953552, 115.8758904 -31.9535166, 115.87591 -31.9534747, 115.8759642 -31.9533586))",-31.95345527201309,115.87597984104326
building_1881,building_yes,W149402464,"POLYGON ((115.8772987 -31.9538847, 115.8774871 -31.9539481, 115.8774717 -31.9539809, 115.8774644 -31.9539785, 115.8774518 -31.9540055, 115.8772708 -31.9539446, 115.8772987 -31.9538847))",-31.953945497711764,115.87737743925051
building_1882,building_yes,W149402465,"POLYGON ((115.875441 -31.9531825, 115.875545 -31.9532175, 115.8754908 -31.9533337, 115.8754812 -31.9533541, 115.8753774 -31.9533191, 115.8753867 -31.9532987, 115.875441 -31.9531825))",-31.95326829107908,115.87546112690455
building_1883,building_yes,W149402467,"POLYGON ((115.8758592 -31.9533232, 115.8759642 -31.9533586, 115.87591 -31.9534747, 115.8758853 -31.9535274, 115.8757803 -31.9534921, 115.8758049 -31.9534393, 115.8758592 -31.9533232))",-31.953425323973317,115.87587224581877
building_1884,building_yes,W149402470,"POLYGON ((115.8753506 -31.9531521, 115.875441 -31.9531825, 115.8753867 -31.9532987, 115.8753669 -31.9533412, 115.8752628 -31.9533062, 115.8753315 -31.9531592, 115.8753506 -31.9531521))",-31.953244798691827,115.87535196235686
building_1885,building_yes,W149402471,"POLYGON ((115.8757541 -31.9532879, 115.8758592 -31.9533232, 115.8758049 -31.9534393, 115.8757872 -31.9534772, 115.8756824 -31.953442, 115.8756999 -31.953404, 115.8757541 -31.9532879))",-31.953382532491613,115.87577069480555
building_1886,building_yes,W149402474,"POLYGON ((115.8756491 -31.9532525, 115.8757541 -31.9532879, 115.8756999 -31.953404, 115.8756719 -31.9534638, 115.8755669 -31.9534284, 115.8755948 -31.9533687, 115.8756491 -31.9532525))",-31.95335815615692,115.87566051120854
building_1887,building_yes,W149402477,"POLYGON ((115.8762757 -31.9535048, 115.8764341 -31.9535581, 115.8762498 -31.9539525, 115.8762248 -31.954006, 115.876106 -31.953966, 115.8761178 -31.9539409, 115.8760781 -31.9539276, 115.8762757 -31.9535048))",-31.953752675429364,115.87625249375944
building_1888,building_yes,W149402478,"POLYGON ((115.8772221 -31.9538454, 115.877236 -31.9538157, 115.8772437 -31.9538183, 115.8772731 -31.9537552, 115.8775026 -31.9538324, 115.8774815 -31.9538776, 115.8775354 -31.9538957, 115.8775132 -31.9539433, 115.8772221 -31.9538454))",-31.953847593044024,115.87737890408309
building_1889,building_yes,W149402482,"POLYGON ((115.8759954 -31.953552, 115.8760693 -31.9533939, 115.8762924 -31.953469, 115.8762757 -31.9535048, 115.8760781 -31.9539276, 115.8760651 -31.9539555, 115.8758733 -31.953891, 115.8760269 -31.9535625, 115.8759954 -31.953552))",-31.953669801894797,115.87608111985558
building_1890,building_yes,W149404464,"POLYGON ((115.8782058 -31.9530494, 115.8782037 -31.9529712, 115.8781385 -31.9529479, 115.8782552 -31.9526945, 115.8784174 -31.9527518, 115.878382 -31.9528313, 115.8784431 -31.9528521, 115.8784636 -31.9528516, 115.8784633 -31.9528124, 115.8788674 -31.9528066, 115.8788812 -31.9530341, 115.8782058 -31.9530494))",-31.952911966331925,115.87850546645498
building_1891,building_yes,W149404465,"POLYGON ((115.8779848 -31.9534917, 115.8779845 -31.9533427, 115.8780557 -31.9532818, 115.8783839 -31.9532813, 115.8783843 -31.9534713, 115.8783613 -31.9534713, 115.8783614 -31.9534915, 115.8782373 -31.9534917, 115.8782373 -31.9534715, 115.8781495 -31.9534716, 115.8781496 -31.9534915, 115.8779848 -31.9534917))",-31.953386248251423,115.87818794437982
building_1892,building_yes,W149404466,"POLYGON ((115.8785041 -31.9535018, 115.8785041 -31.9532785, 115.8785058 -31.9532722, 115.8785094 -31.9532673, 115.8785151 -31.9532645, 115.8785214 -31.953263, 115.87883 -31.953263, 115.8788386 -31.9532643, 115.878846 -31.9532678, 115.8788487 -31.9532723, 115.8788497 -31.9532785, 115.8788497 -31.9535018, 115.8785041 -31.9535018))",-31.953382577505064,115.87867691448373
building_1893,building_yes,W149404468,"POLYGON ((115.8799084 -31.9526526, 115.879911 -31.9527824, 115.879898 -31.9527826, 115.8798983 -31.9528007, 115.8799114 -31.9528005, 115.8799135 -31.9529077, 115.8799007 -31.9529079, 115.879901 -31.9529242, 115.8799138 -31.952924, 115.879915 -31.9529835, 115.8798776 -31.9529841, 115.8798783 -31.95302, 115.8796665 -31.953023, 115.8796662 -31.9530125, 115.879644 -31.9530128, 115.8796431 -31.9529707, 115.8796275 -31.9529709, 115.8796264 -31.9529119, 115.8796393 -31.9529118, 115.8796374 -31.9528128, 115.8796244 -31.952813, 115.8796234 -31.9527617, 115.8796303 -31.9527616, 115.8796366 -31.9527616, 115.879636 -31.9527303, 115.8796297 -31.9527304, 115.8796282 -31.9526566, 115.8796481 -31.9526563, 115.8796478 -31.95264, 115.8797204 -31.9526389, 115.8797207 -31.9526553, 115.8798025 -31.9526549, 115.8798022 -31.9526367, 115.8798779 -31.9526358, 115.8798783 -31.9526531, 115.8799084 -31.9526526))",-31.952830385606124,115.87977046740555
building_1894,building_yes,W149404469,"POLYGON ((115.8776645 -31.952427, 115.8777234 -31.9523949, 115.8777443 -31.9524226, 115.8777894 -31.952398, 115.8779291 -31.9525827, 115.8781717 -31.9526665, 115.8780544 -31.952911, 115.8779265 -31.9528669, 115.8779635 -31.9527898, 115.8779307 -31.9527785, 115.8776645 -31.952427))",-31.952658058890428,115.8779379836275
building_1895,building_residential,W149409851,"POLYGON ((115.8791715 -31.9534637, 115.8791711 -31.9534256, 115.8791711 -31.9534246, 115.879245 -31.9534241, 115.879245 -31.9534251, 115.8792454 -31.9534631, 115.8792459 -31.9535059, 115.8791719 -31.9535065, 115.8791715 -31.9534637))",-31.953465284615238,115.87920846243323
building_1896,building_yes,W149409857,"POLYGON ((115.8762465 -31.9544679, 115.8762703 -31.9544157, 115.8763269 -31.9544342, 115.8763534 -31.9543759, 115.8763742 -31.9543828, 115.8764049 -31.9543154, 115.8764865 -31.9543422, 115.87649 -31.9543347, 115.8765373 -31.9543502, 115.8764475 -31.9545472, 115.8763784 -31.9545245, 115.8763837 -31.9545129, 115.8762465 -31.9544679))",-31.95443067761861,115.87640812710141
building_1897,building_yes,W149409859,"POLYGON ((115.8747227 -31.9542792, 115.8742093 -31.9541107, 115.8742682 -31.9539816, 115.8742782 -31.9539849, 115.8743172 -31.9538994, 115.874436 -31.9539384, 115.8744107 -31.9539939, 115.8746808 -31.9540826, 115.8747062 -31.9540271, 115.87481 -31.9540612, 115.8747706 -31.9541475, 115.8747811 -31.954151, 115.8747227 -31.9542792))",-31.954101217775033,115.8745072263021
building_1898,building_residential,W149409864,"POLYGON ((115.8796886 -31.9534112, 115.8796874 -31.9532983, 115.8797427 -31.9532979, 115.8797616 -31.9532774, 115.8798393 -31.9532768, 115.8798396 -31.9532972, 115.8800126 -31.9532958, 115.8800148 -31.9535099, 115.8798856 -31.9535109, 115.879853 -31.9535112, 115.8798521 -31.9534296, 115.8798024 -31.95343, 115.8798022 -31.9534103, 115.8796886 -31.9534112))",-31.953383795114817,115.87987271163517
building_1899,building_residential,W149409865,"POLYGON ((115.8766337 -31.9546009, 115.8765155 -31.9545621, 115.8765362 -31.9545166, 115.8765816 -31.9545315, 115.8765902 -31.9545126, 115.8765659 -31.9545046, 115.876577 -31.9544804, 115.8765464 -31.9544704, 115.8765574 -31.9544461, 115.8766669 -31.954482, 115.8766561 -31.9545059, 115.8766793 -31.9545135, 115.8766685 -31.9545371, 115.8766453 -31.9545295, 115.8766362 -31.9545494, 115.8766479 -31.9545698, 115.8766337 -31.9546009))",-31.95452626679509,115.8765999479816
building_1900,building_residential,W149409869,"POLYGON ((115.8769302 -31.9544741, 115.8769424 -31.9544474, 115.8772026 -31.9545328, 115.8772141 -31.9545556, 115.8770878 -31.9548327, 115.8770026 -31.9548047, 115.8770074 -31.9547943, 115.8769854 -31.9547871, 115.8770274 -31.9546951, 115.877048 -31.9547019, 115.8770799 -31.954632, 115.8770593 -31.9546252, 115.8770767 -31.954587, 115.8770579 -31.9545809, 115.8770443 -31.9546108, 115.8770028 -31.9545972, 115.8770166 -31.954567, 115.8769898 -31.9545582, 115.876976 -31.9545884, 115.8768909 -31.9545605, 115.8769302 -31.9544741))",-31.954615075580822,115.8770648430519
building_1901,building_residential,W149409871,"POLYGON ((115.8768441 -31.9547222, 115.8768613 -31.9547279, 115.8768676 -31.9547139, 115.8769798 -31.9547507, 115.8769733 -31.9547649, 115.8769882 -31.9547698, 115.876952 -31.9548491, 115.8769422 -31.9548458, 115.8769356 -31.9548604, 115.8768935 -31.9548466, 115.8768897 -31.9548548, 115.8769318 -31.9548687, 115.8769241 -31.9548856, 115.8769339 -31.9548888, 115.8768967 -31.9549704, 115.876882 -31.9549655, 115.8768767 -31.9549771, 115.8767631 -31.9549398, 115.8767692 -31.9549264, 115.8767534 -31.9549212, 115.8767872 -31.9548471, 115.8767983 -31.9548508, 115.8768286 -31.9547844, 115.8768174 -31.9547808, 115.876841 -31.9547291, 115.8768441 -31.9547222))",-31.954845658216666,115.87687119943509
building_1902,building_residential,W149409877,"POLYGON ((115.874595 -31.9536843, 115.8749435 -31.9537987, 115.8749151 -31.9538609, 115.8749299 -31.9538657, 115.8749164 -31.9538952, 115.8749034 -31.953891, 115.8748899 -31.9539205, 115.8749029 -31.9539248, 115.8748853 -31.9539635, 115.8748733 -31.9539596, 115.8748483 -31.9540145, 115.8748024 -31.9539994, 115.8748104 -31.9539818, 115.8747629 -31.9539662, 115.8747773 -31.9539347, 115.8746906 -31.9539062, 115.8747027 -31.9538797, 115.8746745 -31.9538704, 115.8746862 -31.9538447, 115.8746794 -31.9538425, 115.8746712 -31.9538398, 115.8746466 -31.9538936, 115.8746119 -31.9538822, 115.8745978 -31.9539131, 115.8745561 -31.9538994, 115.8745485 -31.9539161, 115.8744966 -31.953899, 115.874521 -31.9538455, 115.8745061 -31.9538406, 115.874524 -31.9538014, 115.8745391 -31.9538064, 115.8745528 -31.9537765, 115.8745376 -31.9537715, 115.8745521 -31.9537396, 115.8745675 -31.9537447, 115.874595 -31.9536843))",-31.953836164541706,115.87472652544538
building_1903,building_yes,W149409885,"POLYGON ((115.8764245 -31.9546208, 115.8763306 -31.95459, 115.8763543 -31.954538, 115.8764482 -31.9545688, 115.8764245 -31.9546208))",-31.954579399999993,115.87638939999998
building_1904,building_yes,W149409888,"POLYGON ((115.8759298 -31.9543782, 115.8760175 -31.9541859, 115.8761462 -31.9542282, 115.8760585 -31.9544205, 115.8759298 -31.9543782))",-31.954303200000002,115.87603799999998
building_1905,building_residential,W149409892,"POLYGON ((115.8791698 -31.9533115, 115.8792438 -31.953311, 115.879245 -31.9534239, 115.879171 -31.9534245, 115.8791698 -31.9533115))",-31.953367725175696,115.87920739454222
building_1906,building_yes,W149409893,"POLYGON ((115.875237 -31.9542651, 115.8751789 -31.9543925, 115.8750785 -31.9543595, 115.8751365 -31.9542321, 115.875237 -31.9542651))",-31.954312291423808,115.87515773106632
building_1907,building_yes,W149409895,"POLYGON ((115.8756601 -31.9543183, 115.8757655 -31.9543528, 115.8756751 -31.9545509, 115.8755698 -31.9545163, 115.8756601 -31.9543183))",-31.954434569268766,115.87566763350112
building_1908,building_residential,W149409898,"POLYGON ((115.8765775 -31.9543288, 115.8766352 -31.9543477, 115.8765945 -31.9544368, 115.8765369 -31.9544179, 115.8765775 -31.9543288))",-31.954382789300404,115.87658603164914
building_1909,building_residential,W149409899,"POLYGON ((115.8800105 -31.9543716, 115.8800117 -31.9544772, 115.879879 -31.9544782, 115.8798778 -31.9543726, 115.8800105 -31.9543716))",-31.954424899999996,115.87994475000002
building_1910,building_yes,W149409902,"POLYGON ((115.8756683 -31.9540221, 115.8757682 -31.9540549, 115.875661 -31.95429, 115.8755611 -31.9542572, 115.8756683 -31.9540221))",-31.954156050000005,115.87566465
building_1911,building_residential,W149409905,"POLYGON ((115.8798862 -31.9535681, 115.8798856 -31.9535109, 115.8800148 -31.9535099, 115.8800155 -31.9535671, 115.8798862 -31.9535681))",-31.95353900368649,115.87995052518758
building_1912,building_yes,W149409906,"POLYGON ((115.8757682 -31.9540549, 115.8759125 -31.9541022, 115.8758052 -31.9543374, 115.875661 -31.95429, 115.8757682 -31.9540549))",-31.954196120511938,115.87578673383695
building_1913,building_yes,W149409907,"POLYGON ((115.876432 -31.9546238, 115.8764556 -31.954572, 115.8764986 -31.9545861, 115.876475 -31.9546379, 115.876432 -31.9546238))",-31.954604950000007,115.87646530000002
building_1914,building_yes,W149409912,"POLYGON ((115.8755548 -31.9542837, 115.8756601 -31.9543183, 115.8755698 -31.9545163, 115.8754645 -31.9544818, 115.8755548 -31.9542837))",-31.954400017519127,115.87556229898016
building_1915,building_residential,W149409913,"POLYGON ((115.8798868 -31.9536253, 115.8798862 -31.9535681, 115.8800155 -31.9535671, 115.8800161 -31.9536243, 115.8798868 -31.9536253))",-31.9535962,115.87995115000001
building_1916,building_residential,W149409916,"POLYGON ((115.8795396 -31.9533087, 115.8796136 -31.9533081, 115.8796148 -31.9534213, 115.8795408 -31.9534216, 115.8795396 -31.9533087))",-31.95336492449511,115.87957721635908
building_1917,building_yes,W149409918,"POLYGON ((115.8752661 -31.9541574, 115.8753728 -31.9539232, 115.8755724 -31.9539888, 115.8754657 -31.9542229, 115.8752661 -31.9541574))",-31.95407306909591,115.87541924558674
building_1918,building_yes,W149409921,"POLYGON ((115.8741212 -31.9536376, 115.8743755 -31.9537211, 115.8743276 -31.9538262, 115.8740733 -31.9537427, 115.8741212 -31.9536376))",-31.953731899999998,115.87422439999997
building_1919,building_residential,W149409922,"POLYGON ((115.8794657 -31.9533093, 115.8795396 -31.9533087, 115.8795408 -31.9534216, 115.8794669 -31.9534222, 115.8794657 -31.9533093))",-31.953365449999996,115.87950325000001
building_1920,building_residential,W149409926,"POLYGON ((115.8793917 -31.9533098, 115.8794657 -31.9533093, 115.8794669 -31.9534222, 115.8793929 -31.9534228, 115.8793917 -31.9533098))",-31.953366025175704,115.87942929454223
building_1921,building_residential,W149409928,"POLYGON ((115.8790959 -31.9533121, 115.8791698 -31.9533115, 115.879171 -31.9534245, 115.8790971 -31.9534251, 115.8790959 -31.9533121))",-31.953368300000005,115.87913345
building_1922,building_residential,W149409929,"POLYGON ((115.8793177 -31.9533104, 115.8793917 -31.9533098, 115.8793929 -31.9534228, 115.879319 -31.9534233, 115.8793177 -31.9533104))",-31.95336656209173,115.87935533027252
building_1923,building_yes,W149409934,"POLYGON ((115.8750615 -31.9540902, 115.8751682 -31.9538561, 115.8753728 -31.9539232, 115.8752661 -31.9541574, 115.8750615 -31.9540902))",-31.954006730859412,115.87521715461159
building_1924,building_residential,W149409937,"POLYGON ((115.8766928 -31.9543666, 115.8767504 -31.9543855, 115.8767098 -31.9544747, 115.8766522 -31.9544557, 115.8766928 -31.9543666))",-31.954420631648993,115.87670130235615
building_1925,building_yes,W149409938,"POLYGON ((115.8768509 -31.9546677, 115.8766613 -31.9546054, 115.8766789 -31.9545667, 115.8768686 -31.9546289, 115.8768509 -31.9546677))",-31.954617189662024,115.87676497249372
building_1926,building_residential,W149409944,"POLYGON ((115.8790219 -31.9533127, 115.8790959 -31.9533121, 115.8790971 -31.9534251, 115.8790231 -31.9534256, 115.8790219 -31.9533127))",-31.953368874824296,115.87905950545778
building_1927,building_residential,W149409946,"POLYGON ((115.8792438 -31.953311, 115.8793177 -31.9533104, 115.879319 -31.9534233, 115.879245 -31.9534239, 115.8792438 -31.953311))",-31.953367162721065,115.87928137518513
building_1928,building_yes,W149409948,"POLYGON ((115.8757655 -31.9543528, 115.8758708 -31.9543874, 115.8757805 -31.9545855, 115.8756751 -31.9545509, 115.8757655 -31.9543528))",-31.95446916321281,115.87577296751839
building_1929,building_yes,W149409954,"POLYGON ((115.8765756 -31.9548934, 115.8766704 -31.9546854, 115.8768337 -31.954739, 115.8767389 -31.954947, 115.8765756 -31.9548934))",-31.954816199999996,115.87670465000001
building_1930,building_residential,W149409957,"POLYGON ((115.8766352 -31.9543477, 115.8766928 -31.9543666, 115.8766522 -31.9544557, 115.8765945 -31.9544368, 115.8766352 -31.9543477))",-31.954401710699585,115.87664366835085
building_1931,building_residential,W149409960,"POLYGON ((115.879879 -31.9544782, 115.8800117 -31.9544772, 115.880013 -31.9546051, 115.8798671 -31.9546063, 115.8798657 -31.9544783, 115.879879 -31.9544782))",-31.954541717898834,115.87993936536047
building_1932,building_yes,W149409963,"POLYGON ((115.8754645 -31.9544818, 115.8752843 -31.9544226, 115.8753633 -31.9542494, 115.8753747 -31.9542246, 115.8755548 -31.9542837, 115.8754645 -31.9544818))",-31.95435317794189,115.87541955946074
building_1933,building_yes,W149409966,"POLYGON ((115.8749708 -31.9540364, 115.875068 -31.9538232, 115.8751682 -31.9538561, 115.8750615 -31.9540902, 115.8749612 -31.9540573, 115.8749708 -31.9540364))",-31.953956712189896,115.87506473454539
building_1934,building_yes,W149409968,"POLYGON ((115.8767252 -31.954519, 115.8767697 -31.9544214, 115.8769302 -31.9544741, 115.8768909 -31.9545605, 115.8768858 -31.9545717, 115.8767252 -31.954519))",-31.954496553640226,115.87682772007214
building_1935,building_residential,W149409971,"POLYGON ((115.880006 -31.9539494, 115.8800072 -31.9540549, 115.8798744 -31.9540559, 115.8798735 -31.9539655, 115.8799326 -31.9539651, 115.880006 -31.9539494))",-31.95400798147679,115.87994214532387
building_1936,building_yes,W149409974,"POLYGON ((115.8759125 -31.9541022, 115.876037 -31.9541431, 115.8760175 -31.9541859, 115.8759298 -31.9543782, 115.8758052 -31.9543374, 115.8759125 -31.9541022))",-31.954240230523865,115.87592112056362
building_1937,building_yes,W149409978,"POLYGON ((115.874759 -31.9542259, 115.8747943 -31.9541487, 115.874828 -31.9541598, 115.874867 -31.9540743, 115.8749442 -31.9540996, 115.87487 -31.9542623, 115.874759 -31.9542259))",-31.95417251857111,115.87485561278748
building_1938,building_residential,W149409980,"POLYGON ((115.880006 -31.9538338, 115.8800072 -31.9539406, 115.8798669 -31.9539417, 115.8798662 -31.9538775, 115.8798801 -31.9538774, 115.8798797 -31.9538348, 115.880006 -31.9538338))",-31.953889058995912,115.87993908025186
building_1939,building_yes,W149409981,"POLYGON ((115.8750785 -31.9543595, 115.8750619 -31.9543958, 115.8749434 -31.9543569, 115.8750491 -31.9541251, 115.8751676 -31.954164, 115.8751365 -31.9542321, 115.8750785 -31.9543595))",-31.954260459663846,115.87505549411843
building_1940,building_yes,W149409984,"POLYGON ((115.8741914 -31.9535263, 115.8745514 -31.9536445, 115.8744981 -31.9537613, 115.8743755 -31.9537211, 115.8741212 -31.9536376, 115.8741672 -31.9535367, 115.8741914 -31.9535263))",-31.953641387977903,115.874336769902
building_1941,building_residential,W149409988,"POLYGON ((115.8764566 -31.9546674, 115.8765713 -31.9547051, 115.8765337 -31.9547874, 115.8764734 -31.9547676, 115.8764791 -31.954755, 115.8764248 -31.9547372, 115.8764566 -31.9546674))",-31.954725460993064,115.87649875920587
building_1942,building_residential,W149409991,"POLYGON ((115.8798874 -31.9536825, 115.8798673 -31.9536826, 115.879867 -31.9536615, 115.8798872 -31.9536613, 115.8798868 -31.9536253, 115.8800161 -31.9536243, 115.8800167 -31.9536815, 115.8798874 -31.9536825))",-31.953654411381212,115.87994769501346
building_1943,building_yes,W149409994,"POLYGON ((115.8753633 -31.9542494, 115.8752843 -31.9544226, 115.8752698 -31.9544546, 115.8751661 -31.9544206, 115.8751789 -31.9543925, 115.875237 -31.9542651, 115.8752597 -31.9542154, 115.8753633 -31.9542494))",-31.95433499680561,115.8752646950926
building_1944,building_yes,W149409998,"POLYGON ((115.8760704 -31.9544529, 115.8759801 -31.954651, 115.875962 -31.9546907, 115.875775 -31.9546293, 115.8757931 -31.9545896, 115.8757805 -31.9545855, 115.8758708 -31.9543874, 115.8760704 -31.9544529))",-31.95453831614411,115.8759178818984
building_1945,building_residential,W149409999,"POLYGON ((115.8800072 -31.9540549, 115.8800083 -31.9541605, 115.8798756 -31.9541615, 115.879875 -31.9541051, 115.8798647 -31.9541052, 115.8798642 -31.954056, 115.8798744 -31.9540559, 115.8800072 -31.9540549))",-31.954107234781876,115.87993889105587
building_1946,building_residential,W149410002,"POLYGON ((115.8798881 -31.9537396, 115.8798877 -31.9537043, 115.8798675 -31.9537044, 115.8798673 -31.9536826, 115.8798874 -31.9536825, 115.8800167 -31.9536815, 115.8800173 -31.9537386, 115.8798881 -31.9537396))",-31.953709586535172,115.87994817455206
building_1947,building_yes,W149410006,"POLYGON ((115.8760585 -31.9544205, 115.8761462 -31.9542282, 115.8761669 -31.9541827, 115.8763492 -31.9542426, 115.8762703 -31.9544157, 115.8762465 -31.9544679, 115.8762408 -31.9544803, 115.8760585 -31.9544205))",-31.954331531751635,115.87620386331855
building_1948,building_yes,W149410009,"POLYGON ((115.876163 -31.954711, 115.8760945 -31.9546886, 115.876099 -31.9546787, 115.8760463 -31.9546614, 115.8760418 -31.9546713, 115.8759801 -31.954651, 115.8760704 -31.9544529, 115.8762533 -31.954513, 115.876163 -31.954711))",-31.95458062925201,115.87611736282835
building_1949,building_residential,W149410012,"POLYGON ((115.8796136 -31.9533081, 115.8796135 -31.9532989, 115.8796874 -31.9532983, 115.8796886 -31.9534112, 115.8796896 -31.9535031, 115.8796624 -31.9535033, 115.8796615 -31.9534207, 115.8796148 -31.9534213, 115.8796136 -31.9533081))",-31.953380075676634,115.87965596051139
building_1950,building_yes,W149410015,"POLYGON ((115.8762675 -31.9546045, 115.8763857 -31.9546433, 115.8763688 -31.9546803, 115.8763993 -31.9546903, 115.8763536 -31.9547905, 115.8763004 -31.954773, 115.8762969 -31.9547806, 115.8762015 -31.9547493, 115.8762675 -31.9546045))",-31.954701533194207,115.87630377734496
building_1951,building_residential,W149410019,"POLYGON ((115.8800094 -31.954266, 115.8800105 -31.9543716, 115.8798778 -31.9543726, 115.8798778 -31.9543661, 115.8798681 -31.9543661, 115.8798676 -31.9543186, 115.8798772 -31.9543186, 115.8798767 -31.9542671, 115.8800094 -31.954266))",-31.954320051282107,115.87994136275569
building_1952,building_residential,W149410021,"POLYGON ((115.8740733 -31.9537427, 115.8743276 -31.9538262, 115.874299 -31.953889, 115.8742754 -31.9538813, 115.8741897 -31.9540693, 115.8741415 -31.9540535, 115.8741262 -31.9540869, 115.8739437 -31.954027, 115.8740733 -31.9537427))",-31.953917339296833,115.8741270506621
building_1953,building_residential,W149410026,"POLYGON ((115.8800083 -31.9541605, 115.8800094 -31.954266, 115.8798767 -31.9542671, 115.8798763 -31.9542332, 115.8798651 -31.9542333, 115.8798647 -31.9541967, 115.8798759 -31.9541966, 115.8798756 -31.9541615, 115.8800083 -31.9541605))",-31.954213807951312,115.87994042465589
building_1954,building_yes,W149410031,"POLYGON ((115.875068 -31.9538232, 115.8749708 -31.9540364, 115.8749481 -31.954029, 115.8749433 -31.9540396, 115.8748976 -31.9540246, 115.8749026 -31.9540135, 115.8748809 -31.9540064, 115.874978 -31.9537936, 115.875068 -31.9538232))",-31.95391773814143,115.87497313484171
building_1955,building_yes,W149410035,"POLYGON ((115.875595 -31.9541622, 115.8755616 -31.9541512, 115.8755592 -31.9541563, 115.8755312 -31.9541472, 115.8755367 -31.9541351, 115.8755197 -31.9541295, 115.8755715 -31.9540159, 115.87565 -31.9540416, 115.875595 -31.9541622))",-31.954089361623293,115.87558340829372
building_1956,building_residential,W149410039,"POLYGON ((115.8795412 -31.9534609, 115.8795881 -31.9534605, 115.8795876 -31.9534215, 115.8796148 -31.9534213, 115.8796152 -31.9534603, 115.8796157 -31.953503, 115.8795417 -31.9535036, 115.8795412 -31.9534609))",-31.95347164190939,115.87958421599707
building_1957,building_residential,W149410043,"POLYGON ((115.8790975 -31.9534643, 115.8791488 -31.9534639, 115.8791484 -31.9534247, 115.8791711 -31.9534246, 115.8791715 -31.9534637, 115.8791719 -31.9535065, 115.879098 -31.953507, 115.8790975 -31.9534643))",-31.95347634350416,115.87914027028093
building_1958,building_residential,W149410046,"POLYGON ((115.8794673 -31.9534614, 115.8795068 -31.9534611, 115.8795064 -31.9534228, 115.8795064 -31.953422, 115.8795408 -31.9534217, 115.8795408 -31.9534226, 115.8795412 -31.9534609, 115.8795417 -31.9535036, 115.8794677 -31.9535042, 115.8794673 -31.9534614))",-31.953470247950474,115.87951023760336
building_1959,building_residential,W149410053,"POLYGON ((115.8790236 -31.9534648, 115.8790414 -31.9534647, 115.879041 -31.9534262, 115.879041 -31.9534256, 115.8790971 -31.9534251, 115.8790975 -31.9534643, 115.879098 -31.953507, 115.879024 -31.9535076, 115.8790236 -31.9534648))",-31.953469120340323,115.87906424661665
building_1960,building_residential,W149410056,"POLYGON ((115.8793933 -31.953462, 115.8793938 -31.9535047, 115.8793198 -31.9535053, 115.8793194 -31.9534626, 115.8793645 -31.9534622, 115.8793641 -31.953423, 115.8793929 -31.9534228, 115.8793933 -31.953462))",-31.953472812990732,115.87936240110623
building_1961,building_residential,W149410058,"POLYGON ((115.8792454 -31.9534631, 115.8792819 -31.9534629, 115.8792815 -31.9534243, 115.8792815 -31.9534237, 115.879319 -31.9534234, 115.879319 -31.953424, 115.8793194 -31.9534626, 115.8793198 -31.9535053, 115.8792459 -31.9535059, 115.8792454 -31.9534631))",-31.95347118764306,115.879288274021
building_1962,building_residential,W149414855,"POLYGON ((115.8793082 -31.9540501, 115.8793088 -31.9541066, 115.8792553 -31.954107, 115.8792549 -31.9540653, 115.8792353 -31.9540655, 115.8792357 -31.9541072, 115.8790604 -31.9541085, 115.8790598 -31.954052, 115.8792348 -31.9540507, 115.8792541 -31.9540505, 115.8793082 -31.9540501))",-31.95407888494274,115.8791805292467
building_1963,building_residential,W149414856,"POLYGON ((115.8796457 -31.9541652, 115.8797591 -31.9541644, 115.8797596 -31.9542074, 115.8797725 -31.9542073, 115.8797731 -31.9542644, 115.8796971 -31.954265, 115.8796973 -31.9542823, 115.8796529 -31.9542827, 115.8796527 -31.9542653, 115.8796467 -31.9542654, 115.8796457 -31.9541652))",-31.954219608565598,115.87970488431847
building_1964,building_residential,W149414861,"POLYGON ((115.8793088 -31.9541066, 115.8793094 -31.9541631, 115.8792565 -31.9541635, 115.879256 -31.9541209, 115.8792362 -31.9541211, 115.8792367 -31.9541636, 115.8792254 -31.9541637, 115.879061 -31.9541649, 115.8790604 -31.9541085, 115.8792357 -31.9541072, 115.8792553 -31.954107, 115.8793088 -31.9541066))",-31.95413536559931,115.8791810144887
building_1965,building_residential,W149414863,"POLYGON ((115.8796371 -31.95396, 115.8796364 -31.9538905, 115.8797757 -31.9538894, 115.8797767 -31.9539805, 115.8797103 -31.953981, 115.8797102 -31.9539709, 115.8796988 -31.9539597, 115.8796732 -31.9539599, 115.8796645 -31.9539652, 115.8796646 -31.9539814, 115.879637 -31.9539816, 115.8796371 -31.95396))",-31.95393281620085,115.87970801762832
building_1966,building_residential,W149414866,"POLYGON ((115.8794984 -31.9539826, 115.879629 -31.9539816, 115.879637 -31.9539816, 115.8796371 -31.9539914, 115.8796735 -31.9539911, 115.8796734 -31.9539813, 115.8797103 -31.953981, 115.8797767 -31.9539805, 115.8797773 -31.9540429, 115.8796535 -31.9540438, 115.8796293 -31.954044, 115.8794991 -31.9540449, 115.8794984 -31.9539826))",-31.954013284236915,115.87963753812538
building_1967,building_residential,W149414869,"POLYGON ((115.8791651 -31.9539947, 115.8790592 -31.9539955, 115.8790466 -31.9539956, 115.8790456 -31.9539002, 115.8791641 -31.9538993, 115.8791651 -31.9539947))",-31.95394744892148,115.87910535033946
building_1968,building_residential,W149414870,"POLYGON ((115.8794975 -31.9538915, 115.8796364 -31.9538905, 115.8796371 -31.95396, 115.8796288 -31.9539601, 115.879629 -31.9539816, 115.8794984 -31.9539826, 115.8794975 -31.9538915))",-31.953936043702853,115.87956645488288
building_1969,building_residential,W149414875,"POLYGON ((115.8791651 -31.9539947, 115.8791641 -31.9538993, 115.8792874 -31.9538984, 115.8793002 -31.9539017, 115.8793067 -31.9539092, 115.8793076 -31.9539937, 115.8791651 -31.9539947))",-31.953946716760214,115.87923552304468
building_1970,building_residential,W149414876,"POLYGON ((115.8791684 -31.9537143, 115.8790887 -31.9537149, 115.8790879 -31.9536416, 115.8790983 -31.9536415, 115.8790977 -31.953584, 115.8791671 -31.9535835, 115.8791684 -31.9537143))",-31.953651392738088,115.87913000246884
building_1971,building_residential,W149414881,"POLYGON ((115.8792911 -31.9537134, 115.8791684 -31.9537143, 115.8791671 -31.9535835, 115.8791669 -31.9535639, 115.8792896 -31.953563, 115.8792898 -31.9535826, 115.8792911 -31.9537134))",-31.953638649983425,115.87922900226049
building_1972,building_residential,W149414884,"POLYGON ((115.8790887 -31.9537149, 115.8790164 -31.9537155, 115.8790156 -31.9536426, 115.8790264 -31.9536425, 115.8790258 -31.9535846, 115.8790873 -31.9535841, 115.8790879 -31.9536416, 115.8790887 -31.9537149))",-31.953652360228222,115.87905404564135
building_1973,building_residential,W149414887,"POLYGON ((115.8790621 -31.9542779, 115.879181 -31.954277, 115.8791821 -31.9543797, 115.879098 -31.9543803, 115.8790979 -31.9543641, 115.8790475 -31.9543645, 115.8790466 -31.954278, 115.8790621 -31.9542779))",-31.954326113202306,115.87911695648583
building_1974,building_residential,W149414894,"POLYGON ((115.879778 -31.9541045, 115.8797786 -31.9541642, 115.8796457 -31.9541652, 115.8795003 -31.9541663, 115.8794999 -31.9541251, 115.8795318 -31.9541248, 115.8795316 -31.9541064, 115.879778 -31.9541045))",-31.954136132650643,115.87964370062161
building_1975,building_residential,W149414895,"POLYGON ((115.8796594 -31.9537107, 115.8795366 -31.9537116, 115.8795353 -31.9535808, 115.8795351 -31.9535645, 115.8795967 -31.9535641, 115.8795969 -31.9535803, 115.879658 -31.9535799, 115.8796594 -31.9537107))",-31.953641444532593,115.87959548511985
building_1976,building_residential,W149414900,"POLYGON ((115.8797821 -31.9537098, 115.8796594 -31.9537107, 115.879658 -31.9535799, 115.8796578 -31.9535645, 115.8797373 -31.9535639, 115.8797375 -31.9535793, 115.8797807 -31.953579, 115.8797821 -31.9537098))",-31.953639675779886,115.87971846273041
building_1977,building_residential,W149414901,"POLYGON ((115.8796457 -31.9541652, 115.8796467 -31.9542654, 115.8796469 -31.9542877, 115.8795674 -31.9542883, 115.8795672 -31.9542659, 115.8795013 -31.9542664, 115.8795003 -31.9541663, 115.8796457 -31.9541652))",-31.954222449538328,115.87957715721298
building_1978,building_residential,W149414902,"POLYGON ((115.8794139 -31.9537125, 115.8792911 -31.9537134, 115.8792898 -31.9535826, 115.8793324 -31.9535823, 115.8793322 -31.9535625, 115.8794123 -31.9535619, 115.8794125 -31.9535817, 115.8794139 -31.9537125))",-31.953640777695615,115.8793536707052
building_1979,building_residential,W149414906,"POLYGON ((115.8795366 -31.9537116, 115.8794139 -31.9537125, 115.8794125 -31.9535817, 115.8794382 -31.9535815, 115.879438 -31.9535635, 115.8795058 -31.953563, 115.879506 -31.953581, 115.8795353 -31.9535808, 115.8795366 -31.9537116))",-31.953641381645145,115.87947439303939
building_1980,building_residential,W149414907,"POLYGON ((115.8794991 -31.9540449, 115.8796293 -31.954044, 115.8796295 -31.9540606, 115.8796537 -31.9540605, 115.8796535 -31.9540438, 115.8797773 -31.9540429, 115.879778 -31.9541045, 115.8794997 -31.9541066, 115.8794991 -31.9540449))",-31.95407527495777,115.87963842018667
building_1981,building_residential,W149414910,"POLYGON ((115.8793099 -31.9542196, 115.8793105 -31.9542761, 115.8792516 -31.9542765, 115.8792513 -31.9542522, 115.8792384 -31.9542523, 115.8792386 -31.9542766, 115.879181 -31.954277, 115.8790621 -31.9542779, 115.8790615 -31.9542214, 115.8793099 -31.9542196))",-31.95424838007336,115.87918464537618
building_1982,building_residential,W149414912,"POLYGON ((115.8793094 -31.9541631, 115.8793099 -31.9542196, 115.8790615 -31.9542214, 115.879061 -31.9541649, 115.8792254 -31.9541637, 115.8792256 -31.9541861, 115.8792567 -31.9541857, 115.8792565 -31.9541635, 115.8793094 -31.9541631))",-31.95419315943802,115.87918255643507
building_1983,building_residential,W149414917,"POLYGON ((115.8793076 -31.9539937, 115.8793082 -31.9540501, 115.8792541 -31.9540505, 115.8792537 -31.9540076, 115.8792344 -31.9540078, 115.8792348 -31.9540507, 115.8790598 -31.954052, 115.8790592 -31.9539955, 115.8791651 -31.9539947, 115.8793076 -31.9539937))",-31.95402242692215,115.87917985807842
building_1984,building_residential,W149414919,"POLYGON ((115.879181 -31.954277, 115.8792386 -31.9542766, 115.8792516 -31.9542765, 115.8793105 -31.9542761, 115.8793114 -31.9543607, 115.879279 -31.9543609, 115.8792795 -31.9544091, 115.8791824 -31.9544098, 115.8791821 -31.9543797, 115.879181 -31.954277))",-31.954338750632814,115.87924156169147
building_1985,building_yes,W149415378,"POLYGON ((115.8739345 -31.9542365, 115.8739591 -31.9542445, 115.8739488 -31.9542671, 115.8742501 -31.954366, 115.8742165 -31.9544398, 115.8739808 -31.9543624, 115.8739478 -31.9544348, 115.8740026 -31.9544528, 115.8739783 -31.954506, 115.8739235 -31.954488, 115.8738904 -31.9545607, 115.8741261 -31.9546381, 115.8741015 -31.954692, 115.874197 -31.9547233, 115.8743023 -31.9544922, 115.8744038 -31.9545256, 115.8742848 -31.9547867, 115.8737504 -31.9546113, 115.8738237 -31.9544505, 115.873786 -31.9544381, 115.8737992 -31.9544092, 115.8738369 -31.9544216, 115.8738659 -31.954358, 115.8738275 -31.9543454, 115.8738665 -31.9542597, 115.8739345 -31.9542365))",-31.95451650057042,115.87404364158772
building_1986,building_yes,W149415379,"POLYGON ((115.8740805 -31.9547705, 115.8740356 -31.9548691, 115.8739777 -31.9548501, 115.8740226 -31.9547515, 115.8740805 -31.9547705))",-31.954810299999995,115.8740291
building_1987,building_residential,W149415380,"POLYGON ((115.8737105 -31.955, 115.8735772 -31.9549563, 115.8736116 -31.9548809, 115.8737448 -31.9549247, 115.8737105 -31.955))",-31.954940471639866,115.87366100695648
building_1988,building_yes,W149415381,"POLYGON ((115.8737054 -31.9546473, 115.8739957 -31.9547426, 115.8739726 -31.9547935, 115.8738813 -31.9548345, 115.873654 -31.9547599, 115.8737054 -31.9546473))",-31.954746416796812,115.87381805681463
building_1989,building_residential,W149415382,"POLYGON ((115.8736509 -31.9547911, 115.8737883 -31.9548362, 115.8737726 -31.9548707, 115.8737976 -31.9548789, 115.873778 -31.954922, 115.8736155 -31.9548687, 115.8736509 -31.9547911))",-31.954856479082494,115.87370864902941
building_1990,building_residential,W149415383,"POLYGON ((115.8735269 -31.9550555, 115.8735663 -31.9549691, 115.8736851 -31.9550081, 115.8736632 -31.9550561, 115.8736569 -31.955054, 115.8736394 -31.9550924, 115.8735269 -31.9550555))",-31.95503076420106,115.8736049020605
building_1991,building_yes,W149415384,"POLYGON ((115.8740356 -31.9548691, 115.8739168 -31.9551295, 115.8737472 -31.9550738, 115.8738386 -31.9548734, 115.8739503 -31.9549101, 115.8739777 -31.9548501, 115.8740356 -31.9548691))",-31.95499107853227,115.87388839482082
building_1992,building_residential,W149415612,"POLYGON ((115.8752374 -31.9551222, 115.8751961 -31.9551086, 115.8752537 -31.9549822, 115.8752951 -31.9549958, 115.8752374 -31.9551222))",-31.95505217810564,115.87524558588247
building_1993,building_residential,W149415614,"POLYGON ((115.8755076 -31.9552129, 115.8754662 -31.9551993, 115.8755239 -31.9550729, 115.8755653 -31.9550865, 115.8755076 -31.9552129))",-31.9551429,115.87551575
building_1994,building_residential,W149415615,"POLYGON ((115.8752951 -31.9549958, 115.8753505 -31.955014, 115.8752928 -31.9551404, 115.8752374 -31.9551222, 115.8752951 -31.9549958))",-31.955068100000005,115.87529395000001
building_1995,building_residential,W149415616,"POLYGON ((115.875549 -31.9552265, 115.8755076 -31.9552129, 115.8755653 -31.9550865, 115.8756066 -31.9551001, 115.875549 -31.9552265))",-31.955156521894363,115.87555711411753
building_1996,building_residential,W149415617,"POLYGON ((115.8750306 -31.9550543, 115.8749892 -31.9550407, 115.8750468 -31.9549143, 115.8750882 -31.9549279, 115.8750306 -31.9550543))",-31.954984300000007,115.8750387
building_1997,building_residential,W149415618,"POLYGON ((115.8755904 -31.9552401, 115.875549 -31.9552265, 115.8756066 -31.9551001, 115.875648 -31.9551136, 115.8755904 -31.9552401))",-31.95517008586703,115.87559849777824
building_1998,building_residential,W149415620,"POLYGON ((115.8750719 -31.9550679, 115.8750306 -31.9550543, 115.8750882 -31.9549279, 115.8751296 -31.9549414, 115.8750719 -31.9550679))",-31.954997863968327,115.8750800836475
building_1999,building_residential,W149415622,"POLYGON ((115.8756317 -31.9552537, 115.8755904 -31.9552401, 115.875648 -31.9551136, 115.8756894 -31.9551272, 115.8756317 -31.9552537))",-31.95518362808566,115.87563988588298
building_2000,building_residential,W149415624,"POLYGON ((115.8751133 -31.9550815, 115.8750719 -31.9550679, 115.8751296 -31.9549414, 115.875171 -31.954955, 115.8751133 -31.9550815))",-31.95501145,115.87512145000001
building_2001,building_residential,W149415626,"POLYGON ((115.8754248 -31.9551857, 115.8753688 -31.9551674, 115.8754265 -31.9550409, 115.8754825 -31.9550593, 115.8754248 -31.9551857))",-31.955113316478535,115.87542565019788
building_2002,building_residential,W149415627,"POLYGON ((115.8751547 -31.955095, 115.8751133 -31.9550815, 115.875171 -31.954955, 115.8752123 -31.9549686, 115.8751547 -31.955095))",-31.955025036031678,115.87516281635251
building_2003,building_residential,W149415628,"POLYGON ((115.8756731 -31.9552672, 115.8756317 -31.9552537, 115.8756894 -31.9551272, 115.8757308 -31.9551408, 115.8756731 -31.9552672))",-31.9551972141179,115.87568125223721
building_2004,building_residential,W149415630,"POLYGON ((115.8751961 -31.9551086, 115.8751547 -31.955095, 115.8752123 -31.9549686, 115.8752537 -31.9549822, 115.8751961 -31.9551086))",-31.955038600000005,115.8752042
building_2005,building_residential,W149415631,"POLYGON ((115.8754662 -31.9551993, 115.8754248 -31.9551857, 115.8754825 -31.9550593, 115.8755239 -31.9550729, 115.8754662 -31.9551993))",-31.955129300000003,115.87547435
building_2006,building_residential,W149423791,"POLYGON ((115.8744579 -31.95445, 115.8744707 -31.9544542, 115.8744728 -31.9544497, 115.8745437 -31.9544729, 115.8745226 -31.9545193, 115.8745188 -31.954518, 115.8744609 -31.9546451, 115.8743871 -31.9546209, 115.8743965 -31.9546003, 115.8743903 -31.9545983, 115.8744579 -31.95445))",-31.954544464508846,115.87446195937972
building_2007,building_residential,W149423797,"POLYGON ((115.8745244 -31.9552964, 115.8744819 -31.9552825, 115.8744732 -31.9553016, 115.874367 -31.9552667, 115.8743763 -31.9552465, 115.8743332 -31.9552324, 115.8743644 -31.9551641, 115.8744389 -31.9551885, 115.8744338 -31.9551997, 115.8744896 -31.9552181, 115.8744947 -31.9552068, 115.874556 -31.955227, 115.8745244 -31.9552964))",-31.955237498637114,115.87444107283106
building_2008,building_residential,W149423799,"POLYGON ((115.8747835 -31.955456, 115.8746227 -31.9554033, 115.8746814 -31.9552746, 115.8747769 -31.9553059, 115.8748469 -31.9551525, 115.8748021 -31.9551378, 115.8747766 -31.9551938, 115.8747027 -31.9551696, 115.874722 -31.9551273, 115.8747393 -31.955133, 115.8747956 -31.9550094, 115.8749622 -31.955064, 115.8747835 -31.955456))",-31.955231445927758,115.87479720788834
building_2009,building_residential,W149423800,"POLYGON ((115.8745762 -31.9551872, 115.8743771 -31.9551218, 115.8744007 -31.9550699, 115.8744216 -31.9550767, 115.8744336 -31.9550503, 115.8745027 -31.9550729, 115.8744908 -31.9550993, 115.874515 -31.9551072, 115.874527 -31.9550809, 115.8745933 -31.9551027, 115.874581 -31.9551296, 115.8745996 -31.9551357, 115.8745762 -31.9551872))",-31.955118506143492,115.87449322559584
building_2010,building_residential,W149423805,"POLYGON ((115.8757713 -31.9555082, 115.8757337 -31.9555911, 115.8757218 -31.9555872, 115.8757083 -31.955617, 115.8757202 -31.9556209, 115.8757018 -31.9556615, 115.875667 -31.9556502, 115.8756621 -31.9556611, 115.8756134 -31.9556452, 115.8756176 -31.955636, 115.8755858 -31.9556257, 115.8755881 -31.9556206, 115.8755539 -31.9556094, 115.8755707 -31.9555722, 115.8755823 -31.955576, 115.875604 -31.955528, 115.8756811 -31.9555532, 115.8757105 -31.9554883, 115.8757713 -31.9555082))",-31.95558110190497,115.87566633277868
building_2011,building_residential,W149423806,"POLYGON ((115.8753042 -31.955185, 115.8754843 -31.9552441, 115.8754412 -31.9553386, 115.8753929 -31.9553228, 115.8753891 -31.9553313, 115.8754374 -31.9553471, 115.8753744 -31.9554853, 115.8753339 -31.955472, 115.8753307 -31.9554792, 115.8753711 -31.9554925, 115.8753148 -31.955616, 115.8752131 -31.9555826, 115.8752198 -31.955568, 115.8751247 -31.9555368, 115.8751751 -31.9554264, 115.8752737 -31.9554588, 115.875289 -31.9554253, 115.8752587 -31.9554153, 115.8753093 -31.9553043, 115.875241 -31.9552818, 115.8752697 -31.9552187, 115.8752864 -31.9552242, 115.8753042 -31.955185))",-31.95540087305426,115.87531379585161
building_2012,building_residential,W149423810,"POLYGON ((115.875671 -31.9553141, 115.875614 -31.955439, 115.8755542 -31.9554193, 115.875511 -31.955514, 115.8755707 -31.9555337, 115.8755281 -31.955627, 115.8755157 -31.9556229, 115.8754954 -31.9556673, 115.8753449 -31.9556178, 115.8753651 -31.9555737, 115.8753553 -31.9555705, 115.8753986 -31.9554756, 115.8754246 -31.9554842, 115.8754355 -31.9554603, 115.8754246 -31.9554567, 115.8754457 -31.9554104, 115.8754568 -31.9554141, 115.875467 -31.9553917, 115.8754409 -31.9553831, 115.8754984 -31.9552573, 115.8755843 -31.9552856, 115.8756024 -31.9552915, 115.875671 -31.9553141))",-31.95546122848427,115.87550050226805
building_2013,building_residential,W149423814,"POLYGON ((115.8752902 -31.9548545, 115.8752071 -31.9548273, 115.8752751 -31.9546773, 115.8753582 -31.9547045, 115.8752902 -31.9548545))",-31.9547659,115.87528265000003
building_2014,building_yes,W149423815,"POLYGON ((115.8795275 -31.9558653, 115.8794889 -31.955852, 115.879519 -31.9557891, 115.8795576 -31.9558024, 115.8795275 -31.9558653))",-31.955827200000005,115.87952325000002
building_2015,building_residential,W149423816,"POLYGON ((115.8755569 -31.9547723, 115.8757332 -31.9548299, 115.8756638 -31.9549829, 115.8754875 -31.9549253, 115.8755569 -31.9547723))",-31.954877599999996,115.87561034999999
building_2016,building_residential,W149423818,"POLYGON ((115.8758341 -31.9557837, 115.8757712 -31.9557632, 115.8758126 -31.955672, 115.8758754 -31.9556925, 115.8758341 -31.9557837))",-31.95572786000212,115.87582331859188
building_2017,building_residential,W149423820,"POLYGON ((115.8758244 -31.9555319, 115.8758577 -31.9554585, 115.8759826 -31.9554992, 115.8759493 -31.9555727, 115.8758244 -31.9555319))",-31.95551558096307,115.87590351146714
building_2018,building_residential,W149423821,"POLYGON ((115.874154 -31.954835, 115.8741735 -31.9547923, 115.8744445 -31.9548812, 115.874425 -31.954924, 115.874154 -31.954835))",-31.954858140602788,115.87429929570946
building_2019,building_residential,W149423822,"POLYGON ((115.8746171 -31.9553508, 115.8745276 -31.9553214, 115.874602 -31.9551582, 115.8746915 -31.9551876, 115.8746171 -31.9553508))",-31.955254500000006,115.87460955
building_2020,building_residential,W149423824,"POLYGON ((115.8757712 -31.9557632, 115.8757092 -31.9557429, 115.8757505 -31.9556517, 115.8758126 -31.955672, 115.8757712 -31.9557632))",-31.955707439862383,115.87576088145128
building_2021,building_residential,W149423826,"POLYGON ((115.8751087 -31.95478, 115.8750102 -31.9547479, 115.8750724 -31.9546106, 115.8751709 -31.9546428, 115.8751087 -31.95478))",-31.954695318715316,115.87509054686757
building_2022,building_residential,W149423828,"POLYGON ((115.8748795 -31.9545492, 115.87497 -31.9545788, 115.8749174 -31.9546947, 115.8748269 -31.9546651, 115.8748795 -31.9545492))",-31.95462195,115.87489845
building_2023,building_residential,W149423829,"POLYGON ((115.8746367 -31.9550486, 115.8744526 -31.9549881, 115.8744824 -31.9549228, 115.8746665 -31.9549832, 115.8746367 -31.9550486))",-31.954985682877833,115.87455956988381
building_2024,building_residential,W149423830,"POLYGON ((115.8759826 -31.9554992, 115.8758577 -31.9554585, 115.875898 -31.9553695, 115.8760229 -31.9554103, 115.8759826 -31.9554992))",-31.955434369331414,115.87594029086692
building_2025,building_residential,W149423832,"POLYGON ((115.8754169 -31.9548445, 115.8753265 -31.954815, 115.8753749 -31.9547081, 115.8754654 -31.9547377, 115.8754169 -31.9548445))",-31.954776311186514,115.8753959265139
building_2026,building_residential,W149423834,"POLYGON ((115.8751934 -31.9548339, 115.8751105 -31.9548069, 115.8751843 -31.954644, 115.8752673 -31.954671, 115.8751934 -31.9548339))",-31.95473893613087,115.87518888266872
building_2027,building_residential,W149423836,"POLYGON ((115.8748123 -31.954557, 115.8747416 -31.9547129, 115.8747112 -31.9547029, 115.8747052 -31.954716, 115.8746822 -31.9547085, 115.8747589 -31.9545396, 115.8748123 -31.954557))",-31.954629015055744,115.87474836216566
building_2028,building_residential,W149423838,"POLYGON ((115.8758244 -31.9555319, 115.8759493 -31.9555727, 115.8759188 -31.9556399, 115.8758474 -31.9556166, 115.8758404 -31.9556321, 115.8757869 -31.9556147, 115.8758244 -31.9555319))",-31.95558858259725,115.87586670779142
building_2029,building_residential,W149423840,"POLYGON ((115.8747243 -31.9545332, 115.8746568 -31.9546819, 115.8746327 -31.9546741, 115.8746206 -31.9547008, 115.874579 -31.9546872, 115.8746587 -31.9545118, 115.8747243 -31.9545332))",-31.954605431080576,115.8746524240729
building_2030,building_residential,W149423841,"POLYGON ((115.8758435 -31.954874, 115.8757593 -31.9550598, 115.8757285 -31.9550498, 115.8757142 -31.9550813, 115.8756834 -31.9550713, 115.8756977 -31.9550397, 115.8756681 -31.9550301, 115.8757524 -31.9548442, 115.8758435 -31.954874))",-31.954957916213893,115.87575311321515
building_2031,building_residential,W149423844,"POLYGON ((115.8745703 -31.9544621, 115.8746248 -31.9544799, 115.8746157 -31.9545001, 115.8746488 -31.9545109, 115.874604 -31.9546096, 115.8745913 -31.9546054, 115.8745338 -31.9547322, 115.8744588 -31.9547077, 115.8745703 -31.9544621))",-31.954596838160665,115.87455477729664
building_2032,building_residential,W149423846,"POLYGON ((115.8750558 -31.9546091, 115.8750032 -31.9547249, 115.874978 -31.9547166, 115.874974 -31.9547255, 115.8749469 -31.9547166, 115.8749509 -31.9547078, 115.8749265 -31.9546998, 115.874979 -31.954584, 115.8750558 -31.9546091))",-31.95465606656116,115.87499037928606
building_2033,building_residential,W149427816,"POLYGON ((115.8742164 -31.9555401, 115.874174 -31.9556354, 115.8742085 -31.9556465, 115.8742117 -31.9556392, 115.874243 -31.9556493, 115.8742398 -31.9556565, 115.874275 -31.9556678, 115.8742783 -31.9556604, 115.8743254 -31.9556755, 115.8743221 -31.9556829, 115.8743611 -31.9556954, 115.8744035 -31.9556001, 115.8742164 -31.9555401))",-31.955616269195954,115.87428934220608
building_2034,building_residential,W149427817,"POLYGON ((115.8738959 -31.9562408, 115.8739394 -31.9561459, 115.8739739 -31.9561573, 115.8739706 -31.9561645, 115.8740018 -31.9561748, 115.8740051 -31.9561676, 115.8740401 -31.9561791, 115.8740367 -31.9561865, 115.8740837 -31.956202, 115.874087 -31.9561946, 115.8741259 -31.9562075, 115.8740823 -31.9563024, 115.8738959 -31.9562408))",-31.956225581651914,115.87401016392084
building_2035,building_residential,W149427818,"POLYGON ((115.8737991 -31.9560013, 115.8738405 -31.9559111, 115.8738771 -31.9559232, 115.8739081 -31.9558555, 115.8740139 -31.9558905, 115.8739789 -31.9559664, 115.8739951 -31.9559717, 115.8739794 -31.9560059, 115.8739563 -31.9559983, 115.8739392 -31.9560357, 115.8738757 -31.9560147, 115.8738709 -31.956025, 115.8737991 -31.9560013))",-31.955950775020103,115.8739119187991
building_2036,building_residential,W149427819,"POLYGON ((115.8749011 -31.9559125, 115.8748231 -31.9558868, 115.8748334 -31.9558644, 115.8748301 -31.9558633, 115.8748728 -31.9557701, 115.8748782 -31.9557719, 115.8748865 -31.9557539, 115.8749579 -31.9557775, 115.8749305 -31.9558373, 115.8749389 -31.9558401, 115.8749156 -31.955891, 115.8749116 -31.9558897, 115.8749011 -31.9559125))",-31.95583389689881,115.87489090771658
building_2037,building_residential,W149427820,"POLYGON ((115.8739556 -31.9556633, 115.8739153 -31.9557538, 115.873952 -31.9557656, 115.8739218 -31.9558335, 115.8740281 -31.9558675, 115.8740618 -31.9557913, 115.874078 -31.9557965, 115.8740933 -31.9557622, 115.8740701 -31.9557547, 115.8740869 -31.9557171, 115.8740231 -31.9556967, 115.8740277 -31.9556864, 115.8739556 -31.9556633))",-31.955764838024162,115.87399969727993
building_2038,building_yes,W149427821,"POLYGON ((115.8750149 -31.9566619, 115.8746128 -31.9565294, 115.8746718 -31.9564006, 115.8746515 -31.9563939, 115.8747242 -31.9562351, 115.8747162 -31.9562325, 115.8747504 -31.9561578, 115.8752131 -31.9563103, 115.8751792 -31.9563844, 115.8751705 -31.9563816, 115.8750967 -31.9565428, 115.875073 -31.956535, 115.8750149 -31.9566619))",-31.95640960807675,115.8749004911396
building_2039,building_residential,W149427822,"POLYGON ((115.874041 -31.9554759, 115.8740007 -31.9555664, 115.8740375 -31.9555782, 115.8740072 -31.9556461, 115.8741225 -31.9556831, 115.8741409 -31.9556417, 115.8741317 -31.9556387, 115.8741472 -31.9556039, 115.8741565 -31.9556069, 115.8741717 -31.9555725, 115.8741556 -31.9555673, 115.8741723 -31.9555298, 115.8741086 -31.9555093, 115.8741132 -31.955499, 115.874041 -31.9554759))",-31.955578870042064,115.87408491184846
building_2040,building_residential,W149427823,"POLYGON ((115.8737149 -31.9561891, 115.8737563 -31.9560989, 115.8737929 -31.956111, 115.8738239 -31.9560433, 115.8739388 -31.9560813, 115.8739199 -31.9561225, 115.8739106 -31.9561194, 115.8738947 -31.9561541, 115.873904 -31.9561572, 115.8738883 -31.9561914, 115.8738721 -31.956186, 115.873855 -31.9562235, 115.8737915 -31.9562025, 115.8737867 -31.9562128, 115.8737149 -31.9561891))",-31.956137397597825,115.87382870070219
building_2041,building_residential,W149427824,"POLYGON ((115.8740051 -31.9561676, 115.8740312 -31.9561105, 115.8740085 -31.956103, 115.8740219 -31.9560738, 115.8740446 -31.9560813, 115.8740502 -31.9560693, 115.8740301 -31.9560627, 115.8740456 -31.9560289, 115.87398 -31.9560072, 115.8740214 -31.955917, 115.8741178 -31.9559488, 115.8741251 -31.9559328, 115.8742169 -31.9559631, 115.8741795 -31.9560448, 115.8741427 -31.9560326, 115.8741396 -31.9560392, 115.8741945 -31.9560574, 115.8741299 -31.9561983, 115.8740443 -31.9561701, 115.8740401 -31.9561791, 115.8740051 -31.9561676))",-31.956048888418724,115.87409660937892
building_2042,building_residential,W149427825,"POLYGON ((115.8742398 -31.9556565, 115.8742143 -31.9557138, 115.8741915 -31.9557064, 115.8741784 -31.9557358, 115.8742012 -31.9557431, 115.8741959 -31.9557552, 115.8741758 -31.9557487, 115.8741607 -31.9557826, 115.8740948 -31.9557615, 115.8740545 -31.9558521, 115.8741512 -31.9558831, 115.8741441 -31.9558992, 115.8742362 -31.9559287, 115.8742727 -31.9558468, 115.8742357 -31.9558349, 115.8742387 -31.9558283, 115.8742938 -31.9558459, 115.8743568 -31.9557045, 115.8742709 -31.9556769, 115.874275 -31.9556678, 115.8742398 -31.9556565))",-31.955796687499515,115.87421432327683
building_2043,building_residential,W149427826,"POLYGON ((115.8741051 -31.9563078, 115.8741603 -31.9561872, 115.8741801 -31.9561937, 115.8742643 -31.9560097, 115.8744092 -31.9560574, 115.8743238 -31.9562442, 115.874358 -31.9562555, 115.8743683 -31.956233, 115.8744526 -31.9562607, 115.8744419 -31.9562841, 115.8744691 -31.956293, 115.8745549 -31.9561054, 115.8747037 -31.9561544, 115.8746214 -31.9563344, 115.8746559 -31.9563458, 115.8745989 -31.9564704, 115.874539 -31.9564507, 115.8745342 -31.9564614, 115.8744431 -31.9564314, 115.8744479 -31.9564207, 115.8743818 -31.956399, 115.8743772 -31.9564092, 115.8743024 -31.9563846, 115.8743071 -31.9563743, 115.8742301 -31.956349, 115.8742254 -31.9563592, 115.8741394 -31.9563309, 115.8741441 -31.9563207, 115.8741051 -31.9563078))",-31.956258490574772,115.87440847613297
building_2044,building_residential,W149427827,"POLYGON ((115.874825 -31.9558536, 115.8747457 -31.9558275, 115.8747922 -31.955726, 115.8748714 -31.9557521, 115.874825 -31.9558536))",-31.955789808661773,115.87480856889322
building_2045,building_residential,W149427828,"POLYGON ((115.8745872 -31.9557753, 115.874508 -31.9557492, 115.8745544 -31.9556477, 115.8746336 -31.9556738, 115.8745872 -31.9557753))",-31.955711499999996,115.8745708
building_2046,building_residential,W149427829,"POLYGON ((115.8747068 -31.9560992, 115.8746276 -31.9560731, 115.874674 -31.9559716, 115.8747532 -31.9559977, 115.8747068 -31.9560992))",-31.956035400000005,115.8746904
building_2047,building_residential,W149427830,"POLYGON ((115.874508 -31.9557492, 115.8743726 -31.9557046, 115.874419 -31.9556031, 115.8745544 -31.9556477, 115.874508 -31.9557492))",-31.955676150000006,115.87446349999999
building_2048,building_residential,W149427831,"POLYGON ((115.8747457 -31.9558275, 115.8746665 -31.9558014, 115.8747129 -31.9556999, 115.8747922 -31.955726, 115.8747457 -31.9558275))",-31.95576369133822,115.8747293311068
building_2049,building_residential,W149427832,"POLYGON ((115.874469 -31.9560209, 115.8743898 -31.9559948, 115.8744362 -31.9558933, 115.8745155 -31.9559194, 115.874469 -31.9560209))",-31.955957091338217,115.87445263110679
building_2050,building_residential,W149427833,"POLYGON ((115.8743898 -31.9559948, 115.8742582 -31.9559514, 115.8743047 -31.95585, 115.8744362 -31.9558933, 115.8743898 -31.9559948))",-31.955922385215235,115.87434722756778
building_2051,building_residential,W149427834,"POLYGON ((115.87502 -31.9559614, 115.8749207 -31.9559288, 115.8749838 -31.9557903, 115.8750832 -31.9558229, 115.87502 -31.9559614))",-31.95587584045458,115.87500193131378
building_2052,building_residential,W149427835,"POLYGON ((115.8745483 -31.956047, 115.874469 -31.9560209, 115.8745155 -31.9559194, 115.8745947 -31.9559455, 115.8745483 -31.956047))",-31.95598320866177,115.87453186889321
building_2053,building_residential,W149427836,"POLYGON ((115.8746276 -31.9560731, 115.8745483 -31.956047, 115.8745947 -31.9559455, 115.874674 -31.9559716, 115.8746276 -31.9560731))",-31.956009299999998,115.87461114999998
building_2054,building_residential,W149430924,"POLYGON ((115.8726269 -31.9571349, 115.8727286 -31.9571684, 115.8727198 -31.9571877, 115.8727603 -31.957201, 115.8727708 -31.9571781, 115.8727938 -31.9571857, 115.8727833 -31.9572086, 115.8728446 -31.9572289, 115.8727987 -31.9573291, 115.8726088 -31.9572664, 115.8725862 -31.9572039, 115.8725965 -31.9572012, 115.8726269 -31.9571349))",-31.957233966940883,115.87271028840512
building_2055,building_residential,W149430926,"POLYGON ((115.87351 -31.9571411, 115.8736268 -31.9571797, 115.8736202 -31.957194, 115.8736789 -31.9572134, 115.8736854 -31.9571991, 115.8738035 -31.9572381, 115.8737685 -31.9573144, 115.8737402 -31.957305, 115.8736934 -31.9574068, 115.8735217 -31.95735, 115.8735324 -31.9573268, 115.8734693 -31.957306, 115.8734832 -31.9572759, 115.8734649 -31.9572698, 115.8734872 -31.9572212, 115.8734751 -31.9572172, 115.87351 -31.9571411))",-31.957273064961356,115.8736194392512
building_2056,building_residential,W149430932,"POLYGON ((115.8732534 -31.9574843, 115.8732045 -31.9574682, 115.8732062 -31.9574646, 115.8730792 -31.9574229, 115.8731183 -31.9573373, 115.8732129 -31.9573683, 115.873226 -31.9573397, 115.8731694 -31.9573211, 115.873179 -31.9573001, 115.8731591 -31.9572935, 115.873169 -31.9572718, 115.8731508 -31.9572658, 115.8731647 -31.9572355, 115.873187 -31.9572429, 115.8731944 -31.9572266, 115.8732706 -31.9572516, 115.8732459 -31.9573057, 115.8733339 -31.9573347, 115.8733191 -31.9573671, 115.8733085 -31.9573636, 115.8732534 -31.9574843))",-31.957364512962492,115.87320948806928
building_2057,building_residential,W149430935,"POLYGON ((115.87271 -31.9569536, 115.8727733 -31.9568155, 115.8731202 -31.95693, 115.8730563 -31.9570694, 115.8730388 -31.9570636, 115.8730238 -31.9570963, 115.8730413 -31.9571021, 115.8730101 -31.95717, 115.8728643 -31.9571218, 115.8728953 -31.9570542, 115.8729286 -31.9570652, 115.8729344 -31.9570671, 115.8729517 -31.9570294, 115.8729459 -31.9570275, 115.8729639 -31.9569883, 115.8730069 -31.9570025, 115.8730143 -31.9569862, 115.8729221 -31.9569558, 115.872909 -31.9569843, 115.8728679 -31.9569708, 115.872881 -31.9569422, 115.8728354 -31.9569272, 115.8728084 -31.9569861, 115.87271 -31.9569536))",-31.956974680044183,115.87292861036083
building_2058,building_residential,W149430939,"POLYGON ((115.8743107 -31.9574049, 115.874278 -31.9574763, 115.8742547 -31.9574686, 115.8742069 -31.9575728, 115.8741985 -31.9575817, 115.8741835 -31.9575805, 115.874171 -31.9576077, 115.8740121 -31.9575548, 115.8740265 -31.9575248, 115.8740028 -31.9575166, 115.8740009 -31.9575033, 115.8740482 -31.9574003, 115.8740202 -31.957391, 115.874053 -31.9573197, 115.8740677 -31.9573255, 115.8740779 -31.9573069, 115.8740982 -31.9572993, 115.8741218 -31.9573016, 115.8741267 -31.9572909, 115.874281 -31.9573419, 115.8742748 -31.9573554, 115.874292 -31.9573648, 115.8743014 -31.9573834, 115.8742958 -31.9574, 115.8743107 -31.9574049))",-31.957442591107664,115.8741470441827
building_2059,building_residential,W149430946,"POLYGON ((115.8735953 -31.9565225, 115.8734942 -31.9567433, 115.8734246 -31.9567203, 115.8734824 -31.9565944, 115.8733781 -31.9565599, 115.8733562 -31.9566077, 115.8733912 -31.9566192, 115.8733204 -31.9567737, 115.8734592 -31.9568195, 115.8734419 -31.9568573, 115.8734702 -31.9568666, 115.873447 -31.9569173, 115.8731642 -31.9568241, 115.8731855 -31.9567777, 115.8732297 -31.9567923, 115.8732423 -31.9567647, 115.8732268 -31.9567596, 115.8733001 -31.9565997, 115.8732868 -31.9565953, 115.873314 -31.9565359, 115.8732986 -31.9565309, 115.8733409 -31.9564385, 115.8734147 -31.9564629, 115.8734076 -31.9564782, 115.873516 -31.956514, 115.8735231 -31.9564986, 115.8735953 -31.9565225))",-31.95667420133941,115.8733825142602
building_2060,building_residential,W149430950,"POLYGON ((115.8743895 -31.9573178, 115.8744258 -31.9574102, 115.8743623 -31.9574282, 115.8743259 -31.9573358, 115.8743895 -31.9573178))",-31.957372989512002,115.87437586925067
building_2061,building_residential,W149430951,"POLYGON ((115.8735089 -31.9570036, 115.8737977 -31.957099, 115.8737699 -31.9571597, 115.8734811 -31.9570642, 115.8735089 -31.9570036))",-31.957081637086084,115.87363943414135
building_2062,building_residential,W149430952,"POLYGON ((115.8732968 -31.957493, 115.8733577 -31.9573603, 115.8734581 -31.9573935, 115.8733972 -31.9575261, 115.8732968 -31.957493))",-31.95744321880218,115.8733774465381
building_2063,building_residential,W149430953,"POLYGON ((115.8729018 -31.9564685, 115.8730553 -31.9565192, 115.8730137 -31.9566097, 115.8728603 -31.956559, 115.8729018 -31.9564685))",-31.956539097071904,115.87295778101284
building_2064,building_residential,W149430955,"POLYGON ((115.8739025 -31.9571633, 115.8740927 -31.9572262, 115.8738983 -31.9576497, 115.873708 -31.9575869, 115.8739025 -31.9571633))",-31.95740653228508,115.87390036667571
building_2065,building_residential,W149430959,"POLYGON ((115.8731015 -31.9565815, 115.8730491 -31.9565642, 115.8730682 -31.9565224, 115.8731206 -31.9565397, 115.8731015 -31.9565815))",-31.95655195,115.87308485
building_2066,building_residential,W149430960,"POLYGON ((115.874463 -31.9569201, 115.8745208 -31.9567943, 115.8745828 -31.9568148, 115.8745251 -31.9569406, 115.874463 -31.9569201))",-31.956867464280492,115.87452291708641
building_2067,building_residential,W149430961,"POLYGON ((115.8732337 -31.9564253, 115.8732635 -31.9563602, 115.8732973 -31.9563714, 115.8732675 -31.9564364, 115.8732337 -31.9564253))",-31.95639831737654,115.87326549916239
building_2068,building_residential,W149430963,"POLYGON ((115.8726269 -31.9571349, 115.8726546 -31.9570744, 115.8727681 -31.9571119, 115.8727404 -31.9571723, 115.8727286 -31.9571684, 115.8726269 -31.9571349))",-31.957123365787837,115.8726974871215
building_2069,building_residential,W149430966,"POLYGON ((115.8729535 -31.956377, 115.8730027 -31.9563932, 115.8730055 -31.9563872, 115.873215 -31.9564564, 115.8731741 -31.9565455, 115.8729154 -31.9564601, 115.8729535 -31.956377))",-31.956459224199552,115.87306630265546
building_2070,building_residential,W149430967,"POLYGON ((115.8742451 -31.9567003, 115.8741906 -31.9568192, 115.8740889 -31.9567857, 115.8741256 -31.9567057, 115.8741465 -31.9567126, 115.8741644 -31.9566737, 115.8742451 -31.9567003))",-31.956746852529413,115.87416859929577
building_2071,building_residential,W149430968,"POLYGON ((115.8739499 -31.9566168, 115.8740387 -31.9566462, 115.8739606 -31.9568165, 115.8739321 -31.9568071, 115.873944 -31.9567812, 115.8738837 -31.9567613, 115.8739499 -31.9566168))",-31.956708890598506,115.8739607099097
building_2072,building_residential,W149430970,"POLYGON ((115.872855 -31.9565763, 115.8729972 -31.9566233, 115.8729834 -31.9566533, 115.8730319 -31.9566694, 115.8730052 -31.9567276, 115.8728145 -31.9566646, 115.872855 -31.9565763))",-31.956652487824705,115.87292208991289
building_2073,building_residential,W149430974,"POLYGON ((115.8735812 -31.9575931, 115.8736208 -31.9575069, 115.8736329 -31.9575109, 115.8736531 -31.9574666, 115.873735 -31.9574937, 115.8736752 -31.9576241, 115.8735812 -31.9575931))",-31.957545966507737,115.87365908476694
building_2074,building_residential,W149430976,"POLYGON ((115.8741296 -31.956684, 115.8740606 -31.9568344, 115.8740264 -31.9568231, 115.8740422 -31.9567885, 115.8739893 -31.956771, 115.8740424 -31.9566552, 115.8741296 -31.956684))",-31.95673631381101,115.8740586011508
building_2075,building_residential,W149430978,"POLYGON ((115.8743048 -31.9572331, 115.8743717 -31.9570872, 115.8745801 -31.9571561, 115.8745444 -31.9572338, 115.8746016 -31.9573672, 115.8744959 -31.9573998, 115.8744467 -31.95728, 115.8743048 -31.9572331))",-31.95722997489058,115.87446470899195
building_2076,building_residential,W149430979,"POLYGON ((115.8728228 -31.9573398, 115.8728546 -31.95727, 115.8729435 -31.9572992, 115.8729579 -31.9572675, 115.8729788 -31.9572744, 115.8730033 -31.9572207, 115.8731137 -31.9572569, 115.8730429 -31.9574121, 115.8728228 -31.9573398))",-31.957317584132888,115.8729825121665
building_2077,building_residential,W149430986,"POLYGON ((115.8731888 -31.9563359, 115.8731512 -31.9564179, 115.8730985 -31.9564005, 115.8730963 -31.9564053, 115.872961 -31.9563607, 115.8729884 -31.956301, 115.8729949 -31.9563031, 115.8730073 -31.956276, 115.8731888 -31.9563359))",-31.956347938473296,115.87307497790685
building_2078,building_yes,W149430989,"POLYGON ((115.8728088 -31.9566745, 115.8731082 -31.9567735, 115.8730915 -31.95681, 115.8730979 -31.9568121, 115.873075 -31.9568619, 115.8730174 -31.9568429, 115.8730192 -31.9568389, 115.872771 -31.9567569, 115.8728088 -31.9566745))",-31.956766752773262,115.87294225533624
building_2079,building_residential,W149430991,"POLYGON ((115.8726823 -31.957014, 115.87271 -31.9569536, 115.8728084 -31.9569861, 115.8728235 -31.9569911, 115.8728024 -31.9570372, 115.8728471 -31.9570519, 115.8728406 -31.9570663, 115.8727958 -31.9570515, 115.8726823 -31.957014))",-31.957006759686056,115.87275877825073
building_2080,building_residential,W149430992,"POLYGON ((115.8726546 -31.9570744, 115.8726823 -31.957014, 115.8727958 -31.9570515, 115.8728406 -31.9570663, 115.8728352 -31.9570781, 115.8728341 -31.9570777, 115.8727904 -31.9570633, 115.8727681 -31.9571119, 115.8726546 -31.9570744))",-31.95706308196328,115.87273165667052
building_2081,building_residential,W149430999,"POLYGON ((115.8731944 -31.9572266, 115.873232 -31.9571442, 115.8732052 -31.957094, 115.8730996 -31.9570593, 115.8731547 -31.9569384, 115.8733359 -31.9569978, 115.8733978 -31.9571094, 115.8733249 -31.9572694, 115.8732706 -31.9572516, 115.8731944 -31.9572266))",-31.957094064687375,115.87326246300788
building_2082,building_residential,W149431963,"POLYGON ((115.8738617 -31.9566989, 115.8738335 -31.9566897, 115.8738364 -31.9566833, 115.8737937 -31.9566692, 115.8737908 -31.9566757, 115.8737567 -31.9566645, 115.8737324 -31.9567177, 115.873719 -31.9567133, 115.8736938 -31.9567685, 115.8737983 -31.9568028, 115.8738175 -31.9567608, 115.8738314 -31.9567654, 115.8738617 -31.9566989))",-31.9567326869055,115.87377916445604
building_2083,building_residential,W149431965,"POLYGON ((115.8735966 -31.9566147, 115.8736248 -31.956624, 115.8736277 -31.9566176, 115.8736704 -31.9566317, 115.8736675 -31.9566381, 115.8737016 -31.9566493, 115.8736772 -31.9567025, 115.8736907 -31.956707, 115.8736655 -31.9567621, 115.873561 -31.9567277, 115.8735802 -31.9566858, 115.8735662 -31.9566812, 115.8735966 -31.9566147))",-31.956686842266645,115.87363081316596
building_2084,building_residential,W149431966,"POLYGON ((115.8735452 -31.9567576, 115.8735961 -31.9567744, 115.8735908 -31.9567859, 115.8736259 -31.9567975, 115.8736188 -31.956813, 115.8736285 -31.9568162, 115.8736409 -31.9567892, 115.8736879 -31.9568047, 115.8736765 -31.9568295, 115.8736855 -31.9568325, 115.8736923 -31.9568178, 115.8737281 -31.9568296, 115.8737327 -31.9568195, 115.8737931 -31.9568394, 115.8737788 -31.9568706, 115.8737948 -31.9568759, 115.8737585 -31.9569552, 115.8737394 -31.9569489, 115.8737214 -31.9569882, 115.8737091 -31.9569842, 115.8736875 -31.9570315, 115.8734692 -31.9569595, 115.8734907 -31.9569126, 115.8734721 -31.9569064, 115.8734899 -31.9568677, 115.8734752 -31.9568628, 115.8735118 -31.9567828, 115.8735308 -31.9567891, 115.8735452 -31.9567576))",-31.956895276581086,115.87362324504429
building_2085,building_residential,W149431969,"POLYGON ((115.8736437 -31.9565029, 115.8737467 -31.9565369, 115.8737015 -31.9566354, 115.8735986 -31.9566015, 115.8736437 -31.9565029))",-31.956569163223314,115.87367262456081
building_2086,building_residential,W149431970,"POLYGON ((115.8737421 -31.9566427, 115.873789 -31.9565405, 115.8738375 -31.9565565, 115.8738343 -31.9565635, 115.8738865 -31.9565808, 115.8738429 -31.956676, 115.8737421 -31.9566427))",-31.95660970491922,115.87381422941161
building_2087,building_yes,W149433399,"POLYGON ((115.875612 -31.9571535, 115.8754379 -31.9570989, 115.8754432 -31.9570397, 115.8756353 -31.9571, 115.875612 -31.9571535))",-31.957097558938862,115.87553220412023
building_2088,building_residential,W149433401,"POLYGON ((115.873974 -31.9569051, 115.8739395 -31.9568937, 115.8739676 -31.9568325, 115.8740021 -31.9568438, 115.873974 -31.9569051))",-31.956868782239063,115.87397080137275
building_2089,building_residential,W149433402,"POLYGON ((115.8748516 -31.9573403, 115.8749938 -31.9572902, 115.8750457 -31.9573963, 115.8749719 -31.9574222, 115.8749738 -31.9574261, 115.8749054 -31.9574502, 115.8748516 -31.9573403))",-31.957369440247323,115.87494847773641
building_2090,building_residential,W149433404,"POLYGON ((115.8751983 -31.9572962, 115.8751992 -31.9572345, 115.8752098 -31.9572346, 115.8752103 -31.9571965, 115.8752741 -31.9571971, 115.8752743 -31.9571787, 115.875316 -31.9571791, 115.8753143 -31.9572974, 115.8751983 -31.9572962))",-31.957244160530202,115.87526123403421
building_2091,building_residential,W149433405,"POLYGON ((115.8753217 -31.9571137, 115.8753141 -31.9571136, 115.8753137 -31.9571368, 115.8752511 -31.9571362, 115.8752518 -31.957086, 115.8752011 -31.9570855, 115.8752025 -31.9569834, 115.8752666 -31.9569841, 115.8752664 -31.9570029, 115.8753232 -31.9570035, 115.875323 -31.9570162, 115.8753217 -31.9571137))",-31.957055418230926,115.87526507212783
building_2092,building_residential,W149433406,"POLYGON ((115.8753199 -31.9572961, 115.8753217 -31.9571137, 115.875323 -31.9570162, 115.8753768 -31.9570168, 115.8753755 -31.9571071, 115.8754403 -31.9571077, 115.8754381 -31.9572616, 115.8754185 -31.9572614, 115.875418 -31.9572971, 115.8753199 -31.9572961))",-31.95717412759237,115.87537302436739
building_2093,building_residential,W149436126,"POLYGON ((115.8781158 -31.9574978, 115.8780991 -31.9574321, 115.878087 -31.9574343, 115.8780735 -31.957381, 115.8781177 -31.9573729, 115.878103 -31.957315, 115.8781759 -31.9573017, 115.8781902 -31.957358, 115.878199 -31.9573564, 115.8782239 -31.9574547, 115.8781897 -31.957461, 115.8781954 -31.9574833, 115.8781158 -31.9574978))",-31.957403640324202,115.87815018550192
building_2094,building_residential,W149436127,"POLYGON ((115.8783964 -31.9574656, 115.8782562 -31.9574983, 115.878224 -31.957399, 115.8782517 -31.9573926, 115.8782373 -31.9573483, 115.8782257 -31.9573511, 115.8781935 -31.957252, 115.8783027 -31.9572265, 115.8783343 -31.9573241, 115.8783231 -31.9573267, 115.8783387 -31.957375, 115.878365 -31.9573689, 115.8783964 -31.9574656))",-31.957368344267447,115.87828957080718
building_2095,building_residential,W149436129,"POLYGON ((115.8787225 -31.9573695, 115.8785999 -31.9574357, 115.8785348 -31.9573488, 115.8785589 -31.9573358, 115.8785299 -31.957297, 115.8785197 -31.9573025, 115.8784548 -31.9572158, 115.8785503 -31.9571643, 115.8786143 -31.9572497, 115.8786044 -31.957255, 115.8786361 -31.9572973, 115.8786591 -31.9572849, 115.8787225 -31.9573695))",-31.957303139369824,115.87858680447975
building_2096,building_residential,W149436131,"POLYGON ((115.8785632 -31.9574206, 115.8784299 -31.9574699, 115.8783814 -31.9573756, 115.8784077 -31.9573659, 115.878386 -31.9573238, 115.8783749 -31.9573279, 115.8783265 -31.9572337, 115.8784303 -31.9571953, 115.878478 -31.9572881, 115.8784673 -31.957292, 115.8784909 -31.9573379, 115.8785159 -31.9573287, 115.8785632 -31.9574206))",-31.957337249633206,115.87844111325815
building_2097,building_residential,W149436132,"POLYGON ((115.8787056 -31.9571731, 115.8787174 -31.9571857, 115.8787489 -31.9571646, 115.8788156 -31.9572361, 115.8788022 -31.9572451, 115.8788141 -31.9572578, 115.878835 -31.9572437, 115.8788966 -31.9573098, 115.8788537 -31.9573386, 115.8788233 -31.9573591, 115.8787784 -31.9573892, 115.878703 -31.9573084, 115.8787208 -31.9572965, 115.8787067 -31.9572814, 115.8786939 -31.9572899, 115.8786166 -31.9572071, 115.8786714 -31.9571702, 115.8786863 -31.9571861, 115.8787056 -31.9571731))",-31.957269592589554,115.878758219308
building_2098,building_residential,W149436135,"POLYGON ((115.8779579 -31.9567129, 115.8785466 -31.9569062, 115.8785168 -31.9569716, 115.8784528 -31.9569506, 115.8784328 -31.9569944, 115.8783984 -31.9569831, 115.8783907 -31.9570001, 115.8782848 -31.9569653, 115.8782939 -31.9569453, 115.8782654 -31.9569359, 115.8782707 -31.9569242, 115.8782126 -31.9569051, 115.8782072 -31.9569168, 115.8781679 -31.9569039, 115.8781588 -31.9569239, 115.8780525 -31.956889, 115.8780619 -31.9568682, 115.8780312 -31.9568582, 115.8780354 -31.9568491, 115.8779868 -31.9568331, 115.8779639 -31.9568831, 115.8779933 -31.9568928, 115.8779807 -31.9569206, 115.8779504 -31.9569106, 115.8779251 -31.956966, 115.8779789 -31.9569836, 115.8779603 -31.9570245, 115.8779836 -31.9570322, 115.8779689 -31.9570643, 115.8779456 -31.9570566, 115.8779037 -31.9571485, 115.8777679 -31.9571039, 115.8777805 -31.9570763, 115.8777269 -31.9570587, 115.8777462 -31.9570164, 115.8777823 -31.9570282, 115.877814 -31.9569589, 115.8777778 -31.956947, 115.8778713 -31.9567423, 115.8779579 -31.9567129))",-31.956904164411775,115.87806589932266
building_2099,building_residential,W149436137,"POLYGON ((115.8790244 -31.9572781, 115.8790558 -31.9572409, 115.8791003 -31.9572681, 115.8790688 -31.9573052, 115.8790244 -31.9572781))",-31.957273064960205,115.87906232961868
building_2100,building_residential,W149436139,"POLYGON ((115.8785401 -31.9570204, 115.8783329 -31.9571218, 115.8783018 -31.9570761, 115.8785091 -31.9569747, 115.8785401 -31.9570204))",-31.957048255410466,115.87842096018588
building_2101,building_residential,W149436141,"POLYGON ((115.8779492 -31.9571333, 115.877949 -31.9570746, 115.8780767 -31.9570743, 115.8780765 -31.9570232, 115.8781469 -31.957023, 115.8781473 -31.9571328, 115.8779492 -31.9571333))",-31.95709069633694,115.8780631852961
building_2102,building_residential,W149436142,"POLYGON ((115.8790083 -31.957053, 115.8791912 -31.9571528, 115.8791244 -31.957241, 115.8789805 -31.9571625, 115.8789986 -31.9571386, 115.8789596 -31.9571173, 115.8790083 -31.957053))",-31.957147438247944,115.87907225207736
building_2103,building_residential,W149436143,"POLYGON ((115.8782005 -31.9570138, 115.8782839 -31.9570135, 115.8782841 -31.9570544, 115.8782698 -31.9570544, 115.8782701 -31.9571333, 115.878201 -31.9571335, 115.8782005 -31.9570138))",-31.957070925518053,115.87823805047336
building_2104,building_residential,W149436146,"POLYGON ((115.8790436 -31.9572218, 115.8789652 -31.9573143, 115.8788405 -31.9572382, 115.8788566 -31.9572192, 115.8788027 -31.9571863, 115.8788392 -31.9571432, 115.8788663 -31.9571598, 115.8788921 -31.9571294, 115.8790436 -31.9572218))",-31.957217997936894,115.87892439899338
building_2105,building_residential,W149436147,"POLYGON ((115.8776916 -31.9573464, 115.8780061 -31.9573736, 115.8779987 -31.9574352, 115.8779825 -31.9574338, 115.8779763 -31.9574852, 115.8776919 -31.9574606, 115.8776979 -31.9574104, 115.877684 -31.9574092, 115.8776916 -31.9573464))",-31.95741505198563,115.87784164374425
building_2106,building_yes,W149440681,"POLYGON ((115.8799234 -31.9571234, 115.8800058 -31.9571488, 115.8799912 -31.9571829, 115.8799088 -31.9571575, 115.8799234 -31.9571234))",-31.95715315,115.8799573
building_2107,building_yes,W149440682,"POLYGON ((115.8799651 -31.9571098, 115.8799744 -31.9570887, 115.8800118 -31.9571005, 115.8800026 -31.9571216, 115.8799651 -31.9571098))",-31.957105152835123,115.87998846909677
building_2108,building_yes,W149461378,"POLYGON ((115.875887 -31.9513141, 115.875748 -31.9513159, 115.8757461 -31.9512096, 115.8757984 -31.9512089, 115.8757954 -31.9510431, 115.875882 -31.9510419, 115.8758847 -31.9511882, 115.8758594 -31.9511885, 115.8758599 -31.951212, 115.8758764 -31.9512118, 115.8758768 -31.9512346, 115.8758855 -31.9512345, 115.875887 -31.9513141))",-31.9511942735943,115.87582691662602
building_2109,building_yes,W149461380,"POLYGON ((115.8753105 -31.9513621, 115.8753776 -31.9513612, 115.8754949 -31.9513597, 115.8754967 -31.9514583, 115.875498 -31.9515303, 115.8755234 -31.95153, 115.875524 -31.9515653, 115.8755388 -31.9515651, 115.8755379 -31.9515137, 115.8755919 -31.951513, 115.8756373 -31.9515124, 115.8756403 -31.9516792, 115.8755985 -31.9516801, 115.8755321 -31.9516806, 115.8755313 -31.9516411, 115.8755156 -31.9516413, 115.8755163 -31.9516808, 115.8753299 -31.9516832, 115.8753289 -31.9516284, 115.8753153 -31.9516286, 115.8753135 -31.9515282, 115.8752822 -31.9515287, 115.875281 -31.9514613, 115.8752797 -31.9513902, 115.875311 -31.9513898, 115.8753105 -31.9513621))",-31.95153674287597,115.87544337403511
building_2110,building_yes,W149461384,"POLYGON ((115.8759388 -31.9513638, 115.8760919 -31.9513633, 115.8762009 -31.9513618, 115.8763691 -31.9513597, 115.8764963 -31.951358, 115.876596 -31.9513567, 115.8765981 -31.9514733, 115.8765438 -31.951474, 115.8765446 -31.9515196, 115.876471 -31.9515205, 115.8764716 -31.9515529, 115.8763988 -31.9515539, 115.8763994 -31.9515857, 115.8762406 -31.9515878, 115.8762414 -31.9516354, 115.876178 -31.9516362, 115.8761777 -31.9516169, 115.8760989 -31.9516179, 115.8760995 -31.9516503, 115.8760269 -31.9516513, 115.8760273 -31.951674, 115.8759403 -31.9516751, 115.8759388 -31.9513638))",-31.95148451226199,115.87622430886965
building_2111,building_yes,W149461390,"POLYGON ((115.8754057 -31.9510044, 115.8755449 -31.951003, 115.8755488 -31.9512325, 115.8754106 -31.9512343, 115.8754057 -31.9510044))",-31.951118413318838,115.87547747667365
building_2112,building_residential,W149461392,"POLYGON ((115.87534 -31.9512787, 115.875262 -31.9512797, 115.875227 -31.9512802, 115.8752226 -31.9510374, 115.8752491 -31.9510063, 115.875335 -31.9510051, 115.87534 -31.9512787))",-31.951144384977386,115.87528169238244
building_2113,building_yes,W149461397,"POLYGON ((115.8762009 -31.9513618, 115.876197 -31.9511473, 115.8762592 -31.9511465, 115.8762577 -31.9510664, 115.8763637 -31.951065, 115.8763691 -31.9513597, 115.8762009 -31.9513618))",-31.951225343563365,115.87628845670513
building_2114,building_residential,W149461399,"POLYGON ((115.875262 -31.9512797, 115.87534 -31.9512787, 115.8753761 -31.9512783, 115.8753776 -31.9513612, 115.8753105 -31.9513621, 115.8752635 -31.9513627, 115.875262 -31.9512797))",-31.95132046897189,115.87531978987863
building_2115,building_yes,W149461401,"POLYGON ((115.8756623 -31.951358, 115.8755606 -31.9513593, 115.8755567 -31.9511418, 115.8755731 -31.9511416, 115.8755728 -31.9511268, 115.8756581 -31.9511257, 115.8756623 -31.951358))",-31.95124363116384,115.87560982163303
building_2116,building_yes,W149461409,"POLYGON ((115.8763691 -31.9513597, 115.8763637 -31.951065, 115.8763624 -31.9509898, 115.8765202 -31.9509878, 115.8765267 -31.9513493, 115.8764961 -31.9513497, 115.8764963 -31.951358, 115.8763691 -31.9513597))",-31.95117292097802,115.87644432569732
building_2117,building_yes,W149461412,"POLYGON ((115.8759388 -31.9513638, 115.8758827 -31.95136, 115.875887 -31.9513141, 115.8758855 -31.9512345, 115.8758847 -31.9511882, 115.875882 -31.9510419, 115.8758813 -31.9510011, 115.8760853 -31.9509985, 115.8760919 -31.9513633, 115.8759388 -31.9513638))",-31.95118174267295,115.87598662152557
building_2118,building_residential,W149514086,"POLYGON ((115.8741349 -31.9510348, 115.8741995 -31.951034, 115.8742018 -31.9511588, 115.8742026 -31.9512025, 115.8742034 -31.9512494, 115.8741388 -31.9512503, 115.8741368 -31.9511418, 115.8741571 -31.9511415, 115.8741566 -31.9511118, 115.8741363 -31.9511121, 115.8741349 -31.9510348))",-31.95114283178153,115.87417017124973
building_2119,building_residential,W149514087,"POLYGON ((115.8737928 -31.9510374, 115.873793 -31.951051, 115.8737999 -31.9510509, 115.8738031 -31.9512257, 115.8737866 -31.9512259, 115.8737869 -31.951242, 115.8736882 -31.9512433, 115.873688 -31.9512281, 115.8736737 -31.9512283, 115.8736705 -31.9510527, 115.8736772 -31.9510526, 115.873677 -31.9510389, 115.8737928 -31.9510374))",-31.951139318145717,115.87373669678558
building_2120,building_residential,W149514088,"POLYGON ((115.874361 -31.9514002, 115.8743606 -31.9513533, 115.874529 -31.9513522, 115.8745294 -31.9513991, 115.874361 -31.9514002))",-31.9513762,115.874445
building_2121,building_residential,W149514089,"POLYGON ((115.8740741 -31.9512504, 115.8740733 -31.9512063, 115.8741379 -31.9512055, 115.8741387 -31.9512496, 115.8740741 -31.9512504))",-31.95122795,115.87410599999998
building_2122,building_residential,W149514090,"POLYGON ((115.8741995 -31.951034, 115.8742642 -31.9510331, 115.8742665 -31.951158, 115.8742018 -31.9511588, 115.8741995 -31.951034))",-31.951095974647117,115.874233004312
building_2123,building_residential,W149514091,"POLYGON ((115.8738115 -31.951039, 115.8738762 -31.9510382, 115.8738781 -31.9511449, 115.873816 -31.9511468, 115.8738115 -31.951039))",-31.951091864545553,115.87384538232985
building_2124,building_residential,W149514092,"POLYGON ((115.8738805 -31.9512069, 115.8738813 -31.9512529, 115.8738151 -31.9512538, 115.8738142 -31.9512078, 115.8738805 -31.9512069))",-31.951230344217503,115.8738477747301
building_2125,building_residential,W149514093,"POLYGON ((115.8743941 -31.951063, 115.8743932 -31.951014, 115.8745234 -31.9510123, 115.8745243 -31.9510613, 115.8743941 -31.951063))",-31.95103765,115.87445875
building_2126,building_residential,W149514094,"POLYGON ((115.8743602 -31.9513063, 115.8743597 -31.9512594, 115.8745281 -31.9512582, 115.8745285 -31.9513052, 115.8743602 -31.9513063))",-31.951282272451145,115.87444415465252
building_2127,building_residential,W149514095,"POLYGON ((115.8743959 -31.9511611, 115.874395 -31.9511121, 115.8745252 -31.9511103, 115.8745261 -31.9511593, 115.8743959 -31.9511611))",-31.951135699999995,115.87446055000001
building_2128,building_residential,W149514096,"POLYGON ((115.8743606 -31.9513533, 115.8743602 -31.9513063, 115.8745285 -31.9513052, 115.874529 -31.9513522, 115.8743606 -31.9513533))",-31.951329252325078,115.87444457521728
building_2129,building_residential,W149514097,"POLYGON ((115.8738762 -31.9510382, 115.8739408 -31.9510374, 115.8739426 -31.9511346, 115.8738781 -31.9511449, 115.8738762 -31.9510382))",-31.951088827581582,115.873908924254
building_2130,building_residential,W149514098,"POLYGON ((115.8743977 -31.9512591, 115.8743968 -31.9512101, 115.874527 -31.9512084, 115.874528 -31.9512574, 115.8743977 -31.9512591))",-31.95123375313044,115.87446237534982
building_2131,building_residential,W149514099,"POLYGON ((115.8743615 -31.9514472, 115.874361 -31.9514002, 115.8745294 -31.9513991, 115.8745299 -31.9514461, 115.8743615 -31.9514472))",-31.951423149999997,115.87444545
building_2132,building_residential,W149514100,"POLYGON ((115.8742034 -31.9512494, 115.8742026 -31.9512025, 115.8742668 -31.9512017, 115.8742676 -31.9512486, 115.8742034 -31.9512494))",-31.95122555,115.87423510000002
building_2133,building_residential,W149514101,"POLYGON ((115.874395 -31.9511121, 115.8743941 -31.951063, 115.8745243 -31.9510613, 115.8745252 -31.9511103, 115.874395 -31.9511121))",-31.951086675354833,115.87445962788624
building_2134,building_residential,W149514102,"POLYGON ((115.8742676 -31.9512486, 115.8742668 -31.9512017, 115.874332 -31.9512008, 115.8743329 -31.9512477, 115.8742676 -31.9512486))",-31.951224705986075,115.8742998252684
building_2135,building_residential,W149514103,"POLYGON ((115.8743968 -31.9512101, 115.8743959 -31.9511611, 115.8745261 -31.9511593, 115.874527 -31.9512084, 115.8743968 -31.9512101))",-31.951184724645163,115.87446147211375
building_2136,building_residential,W149514104,"POLYGON ((115.8739438 -31.9512027, 115.8739447 -31.9512521, 115.8738813 -31.9512529, 115.8738805 -31.9512069, 115.8738804 -31.9512035, 115.8739438 -31.9512027))",-31.951227802011022,115.87391255954985
building_2137,building_residential,W149514105,"POLYGON ((115.8746046 -31.9510119, 115.8750906 -31.9510061, 115.8751283 -31.9510355, 115.8751363 -31.9515136, 115.8751402 -31.9517432, 115.874617 -31.9517495, 115.8746046 -31.9510119))",-31.951378083659453,115.87487203648215
building_2138,building_residential,W149514106,"POLYGON ((115.8743618 -31.951477, 115.8743615 -31.9514472, 115.8745299 -31.9514461, 115.8745303 -31.951493, 115.874385 -31.951494, 115.8743618 -31.951477))",-31.951469644451656,115.8744478574852
building_2139,building_residential,W149514107,"POLYGON ((115.8739408 -31.9510374, 115.8740055 -31.9510365, 115.8740094 -31.9512512, 115.8739447 -31.9512521, 115.8739438 -31.9512027, 115.8739426 -31.9511346, 115.8739408 -31.9510374))",-31.951144304553114,115.87397510633454
building_2140,building_residential,W149514108,"POLYGON ((115.8742642 -31.9510331, 115.8742963 -31.9510327, 115.8742965 -31.9510445, 115.8743291 -31.9510441, 115.8743318 -31.951193, 115.8742671 -31.9511939, 115.8742665 -31.951158, 115.8742642 -31.9510331))",-31.951115940564055,115.87429744057228
building_2141,building_residential,W149514109,"POLYGON ((115.8740702 -31.9510357, 115.8741349 -31.9510348, 115.8741363 -31.9511121, 115.8741368 -31.9511418, 115.8741372 -31.9511706, 115.8740727 -31.9511715, 115.8740722 -31.9511462, 115.8740717 -31.9511214, 115.8740702 -31.9510357))",-31.951103125622712,115.8741037578344
building_2142,building_residential,W149514110,"POLYGON ((115.8740055 -31.9510365, 115.8740702 -31.9510357, 115.8740717 -31.9511214, 115.8740451 -31.9511218, 115.8740455 -31.9511466, 115.8740722 -31.9511462, 115.8740733 -31.9512063, 115.8740741 -31.9512504, 115.8740094 -31.9512512, 115.8740055 -31.9510365))",-31.95114393177661,115.87403885119207
building_2143,building_residential,W149514299,"POLYGON ((115.8737268 -31.9515727, 115.8738401 -31.9515721, 115.8738404 -31.9516061, 115.8738992 -31.9516058, 115.8738991 -31.9515972, 115.8739494 -31.9515969, 115.8739492 -31.9515715, 115.8740308 -31.951571, 115.874031 -31.951597, 115.8742225 -31.9515959, 115.8742223 -31.9515699, 115.8743036 -31.9515695, 115.8743038 -31.951596, 115.8744343 -31.9515953, 115.8744341 -31.9515688, 115.8745111 -31.9515683, 115.8745113 -31.951596, 115.8745726 -31.9515957, 115.8745738 -31.9517439, 115.8738979 -31.9517477, 115.8738977 -31.9517312, 115.8738796 -31.9517313, 115.8738795 -31.9517167, 115.8738421 -31.9517169, 115.8738423 -31.951748, 115.8737182 -31.9517487, 115.8736725 -31.9517078, 115.8736718 -31.9516171, 115.8737268 -31.9515727))",-31.951664863857943,115.87412602603634
building_2144,building_residential,W149514300,"POLYGON ((115.8741306 -31.9513932, 115.874217 -31.9513897, 115.8742187 -31.9514835, 115.8741323 -31.9514847, 115.8741306 -31.9513932))",-31.95143776637159,115.87417482857884
building_2145,building_residential,W149514301,"POLYGON ((115.8741302 -31.9513731, 115.874129 -31.951307, 115.8742155 -31.9513059, 115.8742166 -31.9513719, 115.8741302 -31.9513731))",-31.951339468892407,115.87417281384145
building_2146,building_residential,W149514302,"POLYGON ((115.8740425 -31.9513082, 115.874129 -31.951307, 115.8741302 -31.9513731, 115.8741323 -31.9514847, 115.8740458 -31.9514858, 115.8740425 -31.9513082))",-31.951396425926127,115.8740873971943
building_2147,building_residential,W149514303,"POLYGON ((115.8738728 -31.9514881, 115.8737212 -31.9514901, 115.8737015 -31.9514693, 115.873699 -31.9513332, 115.8737205 -31.9513124, 115.8738696 -31.9513104, 115.8738728 -31.9514881))",-31.951400425172913,115.87378685377873
building_2148,building_residential,W149514304,"POLYGON ((115.8738696 -31.9513104, 115.8739561 -31.9513093, 115.8739573 -31.9513756, 115.8739579 -31.9514105, 115.8739351 -31.9514108, 115.8739354 -31.9514276, 115.8739582 -31.9514273, 115.8739593 -31.9514869, 115.8738728 -31.9514881, 115.8738696 -31.9513104))",-31.951398150762458,115.87391361871617
building_2149,building_residential,W149514305,"POLYGON ((115.8739573 -31.9513756, 115.8739865 -31.9513725, 115.8739813 -31.951309, 115.8740425 -31.9513082, 115.8740458 -31.9514858, 115.8739593 -31.9514869, 115.8739582 -31.9514273, 115.8739579 -31.9514105, 115.8739573 -31.9513756))",-31.95140476355482,115.87400491930725
building_2150,building_residential,W149514306,"POLYGON ((115.8742155 -31.9513059, 115.8742599 -31.9513053, 115.8743027 -31.9513422, 115.874303 -31.9513612, 115.8742743 -31.9513616, 115.8742748 -31.9513862, 115.8743035 -31.9513858, 115.8743052 -31.9514824, 115.8742187 -31.9514835, 115.874217 -31.9513897, 115.8742155 -31.9513059))",-31.95139953440633,115.87425732280887
building_2151,building_yes,W149514703,"POLYGON ((115.8758173 -31.9494901, 115.875819 -31.9495824, 115.875825 -31.9499136, 115.8758268 -31.9499941, 115.875257 -31.9500001, 115.8752546 -31.949839, 115.8756136 -31.9498343, 115.8756089 -31.9495752, 115.8756856 -31.9495742, 115.8756841 -31.9494918, 115.8758173 -31.9494901))",-31.94981593854383,115.8756160952194
building_2152,building_yes,W149514705,"POLYGON ((115.87455 -31.9499484, 115.8745492 -31.9499022, 115.8745363 -31.9499023, 115.8745358 -31.9498743, 115.8745487 -31.9498741, 115.8745481 -31.9498406, 115.8745341 -31.9498408, 115.8745336 -31.9498127, 115.8745475 -31.9498125, 115.8745469 -31.9497765, 115.8745315 -31.9497767, 115.8745307 -31.9497357, 115.8745461 -31.9497355, 115.8745458 -31.9497142, 115.8746983 -31.9497122, 115.8747012 -31.9498764, 115.8747181 -31.9498762, 115.8747194 -31.9499462, 115.87455 -31.9499484))",-31.949832081009664,115.87462376597826
building_2153,building_yes,W149514708,"POLYGON ((115.8744345 -31.9498583, 115.8744822 -31.9498576, 115.8744829 -31.9498929, 115.8744351 -31.9498936, 115.8744345 -31.9498583))",-31.94987560615647,115.8744586752786
building_2154,building_yes,W149514709,"POLYGON ((115.8740708 -31.9499815, 115.8740239 -31.9499821, 115.8740224 -31.9499019, 115.8740693 -31.9499013, 115.8740708 -31.9499815))",-31.949941699999997,115.87404660000003
building_2155,building_yes,W149514710,"POLYGON ((115.8743985 -31.9499848, 115.8743974 -31.9499209, 115.8745055 -31.9499195, 115.8745067 -31.9499834, 115.8743985 -31.9499848))",-31.949952154920215,115.87445202527113
building_2156,building_yes,W149514711,"POLYGON ((115.8744114 -31.9497743, 115.8744873 -31.9497733, 115.8744884 -31.9498324, 115.8744125 -31.9498334, 115.8744114 -31.9497743))",-31.94980335,115.87444989999999
building_2157,building_yes,W149514712,"POLYGON ((115.8763367 -31.9499311, 115.876332 -31.9496744, 115.876339 -31.9496743, 115.8763385 -31.9496452, 115.8764577 -31.9496436, 115.8764629 -31.9499295, 115.8763367 -31.9499311))",-31.949788093201214,115.87639754774987
building_2158,building_yes,W149514713,"POLYGON ((115.87582 -31.9493115, 115.8757642 -31.9493117, 115.8757638 -31.9492094, 115.8758187 -31.9492089, 115.87582 -31.9493115))",-31.949260513342928,115.8757916899106
building_2159,building_yes,W149514714,"POLYGON ((115.8763406 -31.9495331, 115.8763396 -31.9494766, 115.8763326 -31.9494767, 115.8763289 -31.9492706, 115.8764637 -31.9492688, 115.8764693 -31.9495749, 115.8763933 -31.9495759, 115.8763925 -31.9495325, 115.8763406 -31.9495331))",-31.94941311667152,115.87640209821993
building_2160,building_yes,W149514715,"POLYGON ((115.8747273 -31.9496866, 115.8750918 -31.9496819, 115.8750947 -31.9498402, 115.8749729 -31.9498418, 115.8749746 -31.9499347, 115.8748474 -31.9499363, 115.8748457 -31.9498418, 115.8747301 -31.9498433, 115.8747273 -31.9496866))",-31.94978460297162,115.87491117430812
building_2161,building_yes,W149612915,"POLYGON ((115.8518384 -31.9450418, 115.8518945 -31.9450673, 115.8521184 -31.945169, 115.8518673 -31.9455672, 115.8516146 -31.9454524, 115.8517272 -31.9452739, 115.8519212 -31.945362, 115.8519601 -31.9453003, 115.8518174 -31.9452355, 115.8518381 -31.9452027, 115.8517595 -31.9451669, 115.8518384 -31.9450418))",-31.945308190671934,115.85186869544924
building_2162,building_yes,W149612917,"POLYGON ((115.8521184 -31.945169, 115.8522538 -31.9452305, 115.8521793 -31.9453487, 115.8520027 -31.9456287, 115.8518673 -31.9455672, 115.8521184 -31.945169))",-31.945398850385065,115.85206055862238
building_2163,building_yes,W149612925,"POLYGON ((115.8518384 -31.9450418, 115.851559 -31.9449149, 115.8518179 -31.9445045, 115.8520973 -31.9446314, 115.8518644 -31.9450005, 115.8518384 -31.9450418))",-31.944773141126284,115.8518281420932
building_2164,building_yes,W149612927,"POLYGON ((115.8522538 -31.9452305, 115.8526172 -31.9453965, 115.8525425 -31.9455149, 115.85248 -31.9454853, 115.8523138 -31.9454099, 115.8521793 -31.9453487, 115.8522538 -31.9452305))",-31.945372433184247,115.8523982310005
building_2165,building_yes,W149612928,"POLYGON ((115.8521184 -31.945169, 115.8518945 -31.9450673, 115.8519206 -31.945026, 115.8518644 -31.9450005, 115.8520973 -31.9446314, 115.8523773 -31.9447586, 115.8523295 -31.9448344, 115.8521184 -31.945169))",-31.944897449511892,115.85211254123433
building_2166,building_yes,W149612937,"POLYGON ((115.8523295 -31.9448344, 115.8526698 -31.944989, 115.8526838 -31.9449667, 115.8527581 -31.9450004, 115.852744 -31.9450227, 115.8528283 -31.9450619, 115.8526172 -31.9453965, 115.8522538 -31.9452305, 115.8521184 -31.945169, 115.8523295 -31.9448344))",-31.945114100563544,115.8524758885982
building_2167,building_yes,W149612938,"POLYGON ((115.851559 -31.9449149, 115.8518384 -31.9450418, 115.8517595 -31.9451669, 115.8515867 -31.9454408, 115.8514551 -31.945381, 115.8514919 -31.9453226, 115.8514338 -31.9452963, 115.85153 -31.9451438, 115.8514404 -31.945103, 115.851559 -31.9449149))",-31.945160927581544,115.85161044845238
building_2168,building_yes,W149614987,"POLYGON ((115.8519589 -31.9443303, 115.8520311 -31.9442229, 115.8520856 -31.9442493, 115.8520134 -31.9443567, 115.8519589 -31.9443303))",-31.944289799999996,115.85202224999999
building_2169,building_yes,W149620013,"POLYGON ((115.853029 -31.9439815, 115.8529728 -31.9440706, 115.8529628 -31.9440661, 115.8529227 -31.9441297, 115.8528269 -31.9440861, 115.8527963 -31.9441346, 115.8528922 -31.9441781, 115.8528664 -31.944219, 115.8527025 -31.9441445, 115.8527905 -31.9440051, 115.8528069 -31.9440125, 115.8528632 -31.9439234, 115.8529004 -31.9439403, 115.8529088 -31.9439269, 115.853029 -31.9439815))",-31.94405712436093,115.85286562340839
building_2170,building_yes,W149622838,"POLYGON ((115.8560439 -31.9445675, 115.856088 -31.9444973, 115.8561833 -31.9445403, 115.8561643 -31.9445707, 115.8561952 -31.9445846, 115.8562143 -31.9445543, 115.8563024 -31.9445941, 115.8562583 -31.9446643, 115.8561639 -31.9446217, 115.8561376 -31.9446098, 115.8560439 -31.9445675))",-31.94458201670662,115.85617208278155
building_2171,building_yes,W149622839,"POLYGON ((115.8560053 -31.9444641, 115.8559828 -31.944454, 115.8558887 -31.9444115, 115.8557912 -31.9443675, 115.8558305 -31.9443048, 115.8558418 -31.9443099, 115.855856 -31.9442871, 115.8559151 -31.9443138, 115.8559009 -31.9443365, 115.855949 -31.9443583, 115.8559638 -31.9443346, 115.8560292 -31.9443642, 115.8560144 -31.9443878, 115.8560446 -31.9444014, 115.8560053 -31.9444641))",-31.94437627275463,115.85592139172444
building_2172,building_yes,W149622843,"POLYGON ((115.856088 -31.9444973, 115.8561225 -31.9444422, 115.856132 -31.944427, 115.8562278 -31.9444703, 115.8562173 -31.944487, 115.8562096 -31.9444835, 115.856204 -31.9444924, 115.8562117 -31.9444959, 115.8562513 -31.9445138, 115.8562567 -31.944505, 115.8562493 -31.9445017, 115.8562599 -31.9444848, 115.8563464 -31.9445238, 115.8563024 -31.9445941, 115.8562143 -31.9445543, 115.8561833 -31.9445403, 115.856088 -31.9444973))",-31.944511849633,115.85621599151881
building_2173,building_yes,W149622844,"POLYGON ((115.8564052 -31.9443611, 115.856376 -31.9444075, 115.8562401 -31.9443461, 115.8562692 -31.9442997, 115.8564052 -31.9443611))",-31.944353601664016,115.85632263498191
building_2174,building_yes,W149622845,"POLYGON ((115.856376 -31.9444075, 115.8563469 -31.944454, 115.8562109 -31.9443927, 115.8562401 -31.9443461, 115.856376 -31.9444075))",-31.944400063404345,115.85629344694082
building_2175,building_yes,W149622847,"POLYGON ((115.8563469 -31.944454, 115.8563178 -31.9445004, 115.8561818 -31.944439, 115.8562109 -31.9443927, 115.8563469 -31.944454))",-31.944446534985296,115.85626436818258
building_2176,building_yes,W149622849,"POLYGON ((115.8565021 -31.9443394, 115.8563275 -31.9442605, 115.856356 -31.944215, 115.8565186 -31.9442884, 115.8565248 -31.9443032, 115.8565021 -31.9443394))",-31.944277067090475,115.85642840399615
building_2177,building_yes,W149622851,"POLYGON ((115.8559166 -31.9441349, 115.8559549 -31.9440738, 115.8559946 -31.9440628, 115.8561787 -31.9441459, 115.8561263 -31.9442296, 115.8559166 -31.9441349))",-31.94414171898448,115.85604891338502
building_2178,building_yes,W149622852,"POLYGON ((115.8559166 -31.9441349, 115.8561263 -31.9442296, 115.8560705 -31.9443186, 115.8558999 -31.9442416, 115.8559092 -31.9442267, 115.8558701 -31.9442091, 115.8559166 -31.9441349))",-31.944226803590098,115.85599702814642
building_2179,building_yes,W149622853,"POLYGON ((115.8561818 -31.944439, 115.8561241 -31.944413, 115.856138 -31.9443909, 115.8560966 -31.9443722, 115.8561701 -31.9442549, 115.8562692 -31.9442997, 115.8561818 -31.944439))",-31.944343733160064,115.8561806148169
building_2180,building_yes,W149622855,"POLYGON ((115.8562826 -31.9442403, 115.8563275 -31.9442605, 115.8565021 -31.9443394, 115.8564729 -31.944386, 115.8563558 -31.9443331, 115.8563623 -31.9443229, 115.8562598 -31.9442766, 115.8562826 -31.9442403))",-31.944314065802605,115.85638574669345
building_2181,building_yes,W149622858,"POLYGON ((115.855888 -31.9449777, 115.8560423 -31.9447316, 115.856177 -31.9447924, 115.8561882 -31.9448305, 115.8560341 -31.9450763, 115.8559603 -31.9450429, 115.8559763 -31.9450175, 115.855888 -31.9449777))",-31.94489897102224,115.85604310097817
building_2182,building_yes,W149622859,"POLYGON ((115.8559654 -31.9445277, 115.8557513 -31.944431, 115.8557912 -31.9443675, 115.8558887 -31.9444115, 115.855879 -31.9444268, 115.8559732 -31.9444693, 115.8559828 -31.944454, 115.8560053 -31.9444641, 115.8559654 -31.9445277))",-31.944448441816988,115.85587207001669
building_2183,building_yes,W149622860,"POLYGON ((115.8559999 -31.9446378, 115.8560439 -31.9445675, 115.8561376 -31.9446098, 115.8561248 -31.9446301, 115.8561512 -31.944642, 115.8561639 -31.9446217, 115.8562583 -31.9446643, 115.8562143 -31.9447346, 115.8559999 -31.9446378))",-31.944651976609805,115.85612853359133
building_2184,building_yes,W149623545,"POLYGON ((115.8556502 -31.9448341, 115.855749 -31.9446766, 115.8558364 -31.9447161, 115.8558122 -31.9447548, 115.8558464 -31.9447702, 115.855874 -31.9447261, 115.8557847 -31.9446858, 115.8558224 -31.9446256, 115.8559203 -31.9446698, 115.8559039 -31.9446959, 115.8559645 -31.9447232, 115.8558386 -31.9449241, 115.8557458 -31.9448822, 115.8556988 -31.9448864, 115.8556586 -31.9448683, 115.8556502 -31.9448341))",-31.944781702954085,115.8558054252535
building_2185,building_yes,W149623950,"POLYGON ((115.8556263 -31.9445586, 115.8557497 -31.9446142, 115.8557243 -31.9446549, 115.8556009 -31.9445992, 115.8556263 -31.9445586))",-31.94460673523855,115.85567531889974
building_2186,building_yes,W149623951,"POLYGON ((115.8554962 -31.9447691, 115.8555817 -31.9446326, 115.8556309 -31.9446547, 115.8556464 -31.94463, 115.8557195 -31.9446629, 115.8556186 -31.9448242, 115.8554962 -31.9447691))",-31.944721593280036,115.85560746230108
building_2187,building_yes,W149655881,"POLYGON ((115.8553704 -31.9443768, 115.8554212 -31.9442958, 115.8554942 -31.9443288, 115.8554791 -31.9443529, 115.8555317 -31.9443766, 115.8555468 -31.9443526, 115.855634 -31.9443919, 115.8556285 -31.9444007, 115.8556371 -31.9444045, 115.8556108 -31.9444465, 115.8556022 -31.9444426, 115.8555832 -31.9444728, 115.8553704 -31.9443768))",-31.94438765000456,115.85550393858442
building_2188,building_yes,W149655882,"POLYGON ((115.8554165 -31.9444673, 115.8554778 -31.9444949, 115.8554708 -31.944506, 115.8555111 -31.9445242, 115.8555251 -31.9445019, 115.8556264 -31.9445475, 115.8555403 -31.9446851, 115.8555063 -31.9446698, 115.8555012 -31.9446779, 115.8555266 -31.9446894, 115.8554882 -31.9447508, 115.8554272 -31.9447233, 115.8554386 -31.9447051, 115.8553608 -31.9446701, 115.8553525 -31.9446833, 115.8552851 -31.944653, 115.8552982 -31.944632, 115.8552775 -31.9446226, 115.8553647 -31.9444833, 115.8553973 -31.944498, 115.8554165 -31.9444673))",-31.944599652198377,115.85544753710484
building_2189,building_yes,W149655884,"POLYGON ((115.8550696 -31.9443354, 115.8551725 -31.9443818, 115.8550666 -31.9445511, 115.8549637 -31.9445048, 115.8550696 -31.9443354))",-31.944443266528992,115.85506810023374
building_2190,building_yes,W149655886,"POLYGON ((115.8552866 -31.9439613, 115.8555216 -31.9440673, 115.8553289 -31.9443746, 115.8550939 -31.9442685, 115.8552866 -31.9439613))",-31.944167932567755,115.85530775162742
building_2191,building_yes,W149655887,"POLYGON ((115.8550384 -31.9438376, 115.8549853 -31.9438136, 115.8550971 -31.9436352, 115.8551502 -31.9436592, 115.8550384 -31.9438376))",-31.943736400000002,115.85506775000002
building_2192,building_yes,W149655888,"POLYGON ((115.8552078 -31.9436965, 115.8553717 -31.9437705, 115.8552926 -31.9438967, 115.8551287 -31.9438227, 115.8552078 -31.9436965))",-31.943796600000002,115.85525020000003
building_2193,building_yes,W149655889,"POLYGON ((115.8550899 -31.9438608, 115.8550384 -31.9438376, 115.8551502 -31.9436592, 115.8552017 -31.9436825, 115.8550899 -31.9438608))",-31.943760010053015,115.85512005696333
building_2194,building_yes,W149655891,"POLYGON ((115.8552058 -31.9443765, 115.8553717 -31.9444513, 115.8552309 -31.9446766, 115.8551628 -31.9446459, 115.8551775 -31.9446223, 115.8550796 -31.9445782, 115.8552058 -31.9443765))",-31.944520929076926,115.85522469346947
building_2195,building_yes,W149655892,"POLYGON ((115.8554212 -31.9442958, 115.855472 -31.9442149, 115.8556847 -31.944311, 115.855634 -31.9443919, 115.8555468 -31.9443526, 115.8554942 -31.9443288, 115.8554212 -31.9442958))",-31.944303414741352,115.85555296086719
building_2196,building_yes,W149655893,"POLYGON ((115.8554106 -31.9437815, 115.855662 -31.943895, 115.8555586 -31.9440599, 115.8554635 -31.9440169, 115.8554718 -31.9440037, 115.8554322 -31.9439858, 115.8554181 -31.9440083, 115.8553015 -31.9439556, 115.8554106 -31.9437815))",-31.943921134963432,115.85548196043176
building_2197,building_yes,W149655895,"POLYGON ((115.8550971 -31.9436352, 115.8549853 -31.9438136, 115.8549495 -31.9438705, 115.8548902 -31.9438438, 115.8548801 -31.9438066, 115.8550081 -31.9436024, 115.8550327 -31.9435948, 115.8551027 -31.9436264, 115.8550971 -31.9436352))",-31.9437283311344,115.85498491532807
building_2198,building_yes,W149655896,"POLYGON ((115.855662 -31.943895, 115.8558555 -31.9439824, 115.8558682 -31.9440284, 115.8557974 -31.9441414, 115.8557413 -31.9441542, 115.8557095 -31.9441398, 115.855711 -31.9441374, 115.8555543 -31.9440667, 115.8555586 -31.9440599, 115.855662 -31.943895))",-31.944030968904453,115.855718461882
building_2199,building_yes,W149655898,"POLYGON ((115.855472 -31.9442149, 115.8555227 -31.944134, 115.8556267 -31.9441809, 115.8556064 -31.9442133, 115.8556277 -31.9442229, 115.855648 -31.9441905, 115.8557355 -31.94423, 115.8556847 -31.944311, 115.855472 -31.9442149))",-31.944223339783836,115.85560277633542
building_2200,building_residential,W149706370,"POLYGON ((115.8794669 -31.9534223, 115.8794673 -31.9534614, 115.8794677 -31.9535042, 115.8793938 -31.9535047, 115.8793933 -31.953462, 115.8793929 -31.9534228, 115.8794669 -31.9534223))",-31.95346349059966,115.8794303216766
building_2201,building_yes,W149866747,"POLYGON ((115.8736911 -31.9504542, 115.8736748 -31.9504545, 115.8736705 -31.9502475, 115.8736504 -31.9502478, 115.873649 -31.9501825, 115.873679 -31.9501524, 115.873894 -31.9501492, 115.8738964 -31.9502643, 115.8738676 -31.9502648, 115.8738682 -31.950295, 115.8738382 -31.9502954, 115.8738414 -31.950452, 115.8736911 -31.9504542))",-31.95028887700992,115.873766764517
building_2202,building_yes,W149866748,"POLYGON ((115.873909 -31.9508751, 115.8738692 -31.9508757, 115.8738688 -31.9508555, 115.8738432 -31.9508558, 115.8738426 -31.9508262, 115.8737929 -31.950827, 115.8737933 -31.9508431, 115.8737188 -31.9508442, 115.8737115 -31.9504892, 115.8736919 -31.9504895, 115.8736911 -31.9504542, 115.8738414 -31.950452, 115.8738617 -31.950437, 115.8738687 -31.9504869, 115.8739015 -31.9505095, 115.8739073 -31.9507914, 115.8739083 -31.9508401, 115.873909 -31.9508751))",-31.95065201001854,115.87380858013513
building_2203,building_yes,W149866749,"POLYGON ((115.8738964 -31.9502643, 115.8740673 -31.9502618, 115.8740691 -31.9503486, 115.8740727 -31.9505079, 115.8739912 -31.9505092, 115.8739015 -31.9505095, 115.8738964 -31.9502643))",-31.950386046688465,115.8739845063912
building_2204,building_yes,W149881226,"POLYGON ((115.8740727 -31.9505079, 115.8740691 -31.9503486, 115.8741246 -31.9503478, 115.8741236 -31.9502996, 115.8741107 -31.9502998, 115.8741086 -31.9501972, 115.8742277 -31.9501955, 115.8742308 -31.9503462, 115.8742408 -31.9503461, 115.8742436 -31.9504816, 115.874243 -31.9505062, 115.8740727 -31.9505079))",-31.950366168702153,115.8741624642535
building_2205,building_yes,W149881227,"POLYGON ((115.8748729 -31.9507669, 115.8749219 -31.9507663, 115.874921 -31.9507085, 115.874872 -31.9507091, 115.8748693 -31.9505324, 115.8750318 -31.9505306, 115.8750344 -31.950707, 115.8749887 -31.9507075, 115.874989 -31.9507267, 115.8750134 -31.9507264, 115.8750138 -31.9507514, 115.8749894 -31.9507517, 115.8749895 -31.950757, 115.8750352 -31.9507565, 115.8750366 -31.9508508, 115.8749825 -31.9508514, 115.8749822 -31.9508351, 115.8749262 -31.9508357, 115.8749259 -31.9508208, 115.8748737 -31.9508213, 115.8748729 -31.9507669))",-31.950678940893372,115.87495607785489
building_2206,building_yes,W149881230,"POLYGON ((115.8752605 -31.9508375, 115.8752114 -31.950838, 115.8752099 -31.9507355, 115.875259 -31.950735, 115.8752605 -31.9508375))",-31.950786500000003,115.87523519999999
building_2207,building_yes,W149881231,"POLYGON ((115.8754733 -31.9508366, 115.8754241 -31.9508372, 115.8754226 -31.9507346, 115.8754717 -31.9507341, 115.8754733 -31.9508366))",-31.950785642691248,115.87544792131808
building_2208,building_yes,W149881232,"POLYGON ((115.8754392 -31.9506416, 115.875357 -31.9506419, 115.8753555 -31.9505444, 115.8754377 -31.9505435, 115.8754392 -31.9506416))",-31.95059284878097,115.87539739200581
building_2209,building_yes,W149881233,"POLYGON ((115.8755224 -31.9508361, 115.8754733 -31.9508366, 115.8754717 -31.9507341, 115.8755208 -31.9507336, 115.8755224 -31.9508361))",-31.950785099999997,115.87549704999999
building_2210,building_yes,W149881234,"POLYGON ((115.8753096 -31.950837, 115.8752605 -31.9508375, 115.875259 -31.950735, 115.8753081 -31.9507344, 115.8753096 -31.950837))",-31.95078597470077,115.87528430398555
building_2211,building_yes,W149881235,"POLYGON ((115.8755214 -31.9506407, 115.8754392 -31.9506416, 115.8754377 -31.9505435, 115.8755199 -31.9505426, 115.8755214 -31.9506407))",-31.9505921,115.87547955000001
building_2212,building_yes,W149881236,"POLYGON ((115.8753587 -31.9508364, 115.8753096 -31.950837, 115.8753081 -31.9507344, 115.8753572 -31.9507339, 115.8753587 -31.9508364))",-31.950785425299227,115.87533339601447
building_2213,building_yes,W149881237,"POLYGON ((115.875357 -31.9506419, 115.8752747 -31.9506428, 115.8752746 -31.9506349, 115.8752733 -31.9505453, 115.8753555 -31.9505444, 115.875357 -31.9506419))",-31.95059360872795,115.87531512856621
building_2214,building_yes,W149881238,"POLYGON ((115.8747454 -31.9504799, 115.8747402 -31.9502261, 115.8748653 -31.9502242, 115.8748664 -31.9502791, 115.8748705 -31.950478, 115.8747454 -31.9504799))",-31.950352052474802,115.87480534384525
building_2215,building_yes,W149881239,"POLYGON ((115.8752746 -31.9506349, 115.8752255 -31.9506355, 115.875224 -31.9505329, 115.8752731 -31.9505324, 115.8752733 -31.9505453, 115.8752746 -31.9506349))",-31.95058392380839,115.87524929879673
building_2216,building_yes,W149881240,"POLYGON ((115.8745618 -31.9507506, 115.8745565 -31.9505174, 115.8747274 -31.9505155, 115.8747312 -31.9507684, 115.8747314 -31.9507807, 115.8745618 -31.9507506))",-31.95064096772103,115.87464609766123
building_2217,building_yes,W149881241,"POLYGON ((115.8742593 -31.9507666, 115.8742584 -31.9505315, 115.874409 -31.9505314, 115.874398 -31.9507644, 115.8742593 -31.9507666))",-31.950646864952976,115.87433109671147
building_2218,building_yes,W149881242,"POLYGON ((115.8743972 -31.9504793, 115.8743935 -31.9503006, 115.8743922 -31.9502375, 115.8745486 -31.9502352, 115.8745537 -31.9504827, 115.8743973 -31.950485, 115.8743972 -31.9504793))",-31.950360097426575,115.87447295313876
building_2219,building_yes,W149881243,"POLYGON ((115.8751905 -31.9504814, 115.8751861 -31.9502702, 115.8751835 -31.9501423, 115.8755165 -31.9501374, 115.875518 -31.9502108, 115.8755201 -31.9503088, 115.875522 -31.9504023, 115.8755237 -31.9504844, 115.8751907 -31.9504894, 115.8751905 -31.9504814))",-31.950313378954093,115.87535357736323
building_2220,building_yes,W149881244,"POLYGON ((115.8750366 -31.9508508, 115.8750352 -31.9507565, 115.8750318 -31.9505306, 115.8751886 -31.9505289, 115.875192 -31.9507555, 115.8750995 -31.9507565, 115.8751009 -31.9508501, 115.8750366 -31.9508508))",-31.950666310768835,115.8751055511213
building_2221,building_yes,W149881245,"POLYGON ((115.874398 -31.9507644, 115.874409 -31.9505314, 115.8743929 -31.9504949, 115.8745562 -31.9504931, 115.8745565 -31.9505174, 115.8745618 -31.9507506, 115.874398 -31.9507644))",-31.950627373609684,115.87448042816656
building_2222,building_yes,W149881246,"POLYGON ((115.8745537 -31.9504827, 115.8745486 -31.9502352, 115.8745468 -31.9501475, 115.8747385 -31.9501446, 115.8747402 -31.9502261, 115.8747454 -31.9504799, 115.8745537 -31.9504827))",-31.950313672486736,115.87464610910537
building_2223,building_yes,W149881247,"POLYGON ((115.8747312 -31.9507684, 115.8747274 -31.9505155, 115.8748691 -31.950514, 115.8748693 -31.9505324, 115.874872 -31.9507091, 115.8748729 -31.9507669, 115.8747312 -31.9507684))",-31.950641208751144,115.87480012807882
building_2224,building_yes,W149881248,"POLYGON ((115.8750284 -31.9504838, 115.8750264 -31.9503872, 115.8750242 -31.9502822, 115.8751319 -31.9502806, 115.8751317 -31.950271, 115.8751861 -31.9502702, 115.8751905 -31.9504814, 115.8750284 -31.9504838))",-31.950380124922074,115.87510816560355
building_2225,building_yes,W149881249,"POLYGON ((115.8742436 -31.9504816, 115.8742408 -31.9503461, 115.8742388 -31.9502494, 115.874334 -31.9502479, 115.8743352 -31.9503014, 115.8743935 -31.9503006, 115.8743972 -31.9504793, 115.8742436 -31.9504816))",-31.950372971987516,115.8743136092235
building_2226,building_yes,W149881250,"POLYGON ((115.8748705 -31.950478, 115.8748664 -31.9502791, 115.8750138 -31.9502769, 115.8750161 -31.9503874, 115.8750264 -31.9503872, 115.8750284 -31.9504838, 115.8748707 -31.9504863, 115.8748705 -31.950478))",-31.950383273893493,115.87494476099792
building_2227,building_yes,W149942675,"POLYGON ((115.8757041 -31.9501661, 115.87572 -31.9501658, 115.8757198 -31.9501559, 115.8758503 -31.9501539, 115.8758509 -31.9501806, 115.8758527 -31.9502663, 115.8758083 -31.9502669, 115.8758089 -31.9502972, 115.8758533 -31.9502966, 115.8758553 -31.9503923, 115.8757089 -31.9503945, 115.8757041 -31.9501661))",-31.950274434788266,115.87577786887782
building_2228,building_yes,W149942676,"POLYGON ((115.8763289 -31.9501415, 115.8766417 -31.9501369, 115.8766451 -31.9503048, 115.8766121 -31.9503053, 115.8766147 -31.9504366, 115.8763865 -31.9504399, 115.8763839 -31.9503087, 115.8763488 -31.9503092, 115.8763495 -31.950345, 115.8762998 -31.9503457, 115.8762991 -31.95031, 115.8763323 -31.9503095, 115.8763289 -31.9501415))",-31.950278494348495,115.87648794269191
building_2229,building_yes,W149942677,"POLYGON ((115.875518 -31.9502108, 115.8756779 -31.9502085, 115.8756798 -31.9502996, 115.8756866 -31.9502995, 115.8756904 -31.9504819, 115.8755237 -31.9504844, 115.875522 -31.9504023, 115.8755538 -31.9504019, 115.8755532 -31.9503723, 115.8755414 -31.9503725, 115.8755406 -31.9503356, 115.8755523 -31.9503354, 115.8755517 -31.9503083, 115.8755201 -31.9503088, 115.875518 -31.9502108))",-31.950347175890112,115.87560718726621
building_2230,building_yes,W149942678,"POLYGON ((115.8755239 -31.950555, 115.8756838 -31.9505526, 115.8756857 -31.9506437, 115.8756924 -31.9506436, 115.8756954 -31.9507854, 115.8756962 -31.950826, 115.8755296 -31.9508285, 115.8755279 -31.9507465, 115.8755596 -31.950746, 115.875559 -31.9507164, 115.8755473 -31.9507166, 115.8755465 -31.9506797, 115.8755581 -31.9506795, 115.8755576 -31.9506524, 115.8755259 -31.9506529, 115.8755239 -31.950555))",-31.950691280380127,115.87561305384003
building_2231,building_yes,W149942679,"POLYGON ((115.8759398 -31.9504973, 115.8760024 -31.9504964, 115.876003 -31.9505276, 115.8759404 -31.9505286, 115.8759398 -31.9504973))",-31.950512475333113,115.87597138331306
building_2232,building_yes,W149942680,"POLYGON ((115.8758848 -31.9505183, 115.8758523 -31.9505188, 115.8758518 -31.9504926, 115.8758842 -31.9504922, 115.8758848 -31.9505183))",-31.95050548199608,115.87586826494957
building_2233,building_yes,W149942681,"POLYGON ((115.8758478 -31.9507832, 115.8758464 -31.9507157, 115.876006 -31.9507133, 115.8760084 -31.9508301, 115.8758488 -31.9508325, 115.8758478 -31.9507832))",-31.95077289982745,115.87592740324983
building_2234,building_yes,W149942682,"POLYGON ((115.8761584 -31.9507529, 115.8760203 -31.9507549, 115.8760154 -31.9505125, 115.8761535 -31.9505105, 115.8761577 -31.9507181, 115.8761584 -31.9507529))",-31.950632700348685,115.87608690087339
building_2235,building_yes,W149942683,"POLYGON ((115.8761577 -31.9507181, 115.8761535 -31.9505105, 115.8762795 -31.9505086, 115.8763148 -31.9505081, 115.876319 -31.9507157, 115.8761577 -31.9507181))",-31.950613093679987,115.8762362507908
building_2236,building_yes,W149942684,"POLYGON ((115.8758553 -31.9503923, 115.8758527 -31.9502663, 115.8758509 -31.9501806, 115.8759511 -31.9501791, 115.8759536 -31.9503018, 115.8759493 -31.9503019, 115.8759511 -31.9503909, 115.8758553 -31.9503923))",-31.950284576825865,115.87590227876679
building_2237,building_yes,W149942685,"POLYGON ((115.875843 -31.9505499, 115.8760048 -31.9505474, 115.8760071 -31.9506571, 115.8759765 -31.9506575, 115.8759774 -31.9506994, 115.8758668 -31.950701, 115.8758659 -31.9506592, 115.8758453 -31.9506595, 115.875843 -31.9505499))",-31.950619152672974,115.87592435600482
building_2238,building_yes,W149942686,"POLYGON ((115.8762795 -31.9505086, 115.8760154 -31.9505125, 115.8760142 -31.9504552, 115.8760899 -31.9504541, 115.8760887 -31.9503967, 115.87616 -31.9503957, 115.8761612 -31.950453, 115.8762783 -31.9504513, 115.8762795 -31.9505086))",-31.9504697678963,115.87614219763819
building_2239,building_yes,W149942687,"POLYGON ((115.8756954 -31.9507854, 115.8756924 -31.9506436, 115.8756897 -31.9505113, 115.8758421 -31.950509, 115.875843 -31.9505499, 115.8758453 -31.9506595, 115.8758464 -31.9507157, 115.8758478 -31.9507832, 115.8756954 -31.9507854))",-31.950647217431456,115.87576875966354
building_2240,building_residential,W149944077,"POLYGON ((115.8775642 -31.951108, 115.877608 -31.9511073, 115.8776077 -31.9510927, 115.8776486 -31.9510921, 115.8776489 -31.9511067, 115.8777412 -31.9511054, 115.8777409 -31.9510913, 115.8777857 -31.9510906, 115.877786 -31.9511048, 115.8778322 -31.9511041, 115.8778345 -31.951217, 115.8778354 -31.9512608, 115.8777908 -31.9512618, 115.8777927 -31.951257, 115.8777469 -31.9512576, 115.877747 -31.9512621, 115.877729 -31.9512624, 115.8776916 -31.9512629, 115.8776556 -31.9512634, 115.8776555 -31.9512583, 115.8776137 -31.9512589, 115.8776138 -31.951264, 115.877581 -31.9512645, 115.8775674 -31.9512647, 115.8775642 -31.951108))",-31.951181208651814,115.87769975595617
building_2241,building_residential,W149944078,"POLYGON ((115.8777336 -31.9514215, 115.877729 -31.9512624, 115.8777908 -31.9512618, 115.8777939 -31.9514207, 115.8777336 -31.9514215))",-31.95134127566796,115.87776181019699
building_2242,building_residential,W149944079,"POLYGON ((115.8778365 -31.9516235, 115.877836 -31.9515444, 115.878003 -31.9515418, 115.8780063 -31.951623, 115.8778365 -31.9516235))",-31.9515832806317,115.87792082470202
building_2243,building_residential,W149944080,"POLYGON ((115.8775833 -31.9514143, 115.877581 -31.9512645, 115.8776916 -31.9512629, 115.8776932 -31.9514128, 115.8775833 -31.9514143))",-31.951338545503727,115.87763727949326
building_2244,building_residential,W149944081,"POLYGON ((115.8778432 -31.951363, 115.8778417 -31.9512926, 115.8779976 -31.9512904, 115.8779991 -31.9513606, 115.8778432 -31.951363))",-31.951326650705422,115.87792036305441
building_2245,building_residential,W149944082,"POLYGON ((115.8778447 -31.9514335, 115.8778432 -31.951363, 115.8779991 -31.9513606, 115.8780006 -31.9514311, 115.8778447 -31.9514335))",-31.95139705,115.87792190000002
building_2246,building_residential,W149944083,"POLYGON ((115.877836 -31.9515444, 115.8778336 -31.9514337, 115.8778447 -31.9514335, 115.8780006 -31.9514311, 115.878003 -31.9515418, 115.877836 -31.9515444))",-31.95148774325172,115.87791829689075
building_2247,building_residential,W149944084,"POLYGON ((115.8778345 -31.951217, 115.8778322 -31.9511041, 115.8778317 -31.9510793, 115.8779834 -31.9510771, 115.8780176 -31.9511014, 115.8780213 -31.95129, 115.8778527 -31.9512924, 115.8778512 -31.9512168, 115.8778345 -31.951217))",-31.951183386682153,115.87792842584446
building_2248,building_residential,W149946527,"POLYGON ((115.8792677 -31.954976, 115.8792555 -31.955003, 115.8791945 -31.9549831, 115.8792067 -31.9549562, 115.879146 -31.9549364, 115.8791762 -31.9548697, 115.8791926 -31.9548333, 115.8792961 -31.9548669, 115.8792602 -31.9549465, 115.8792783 -31.9549524, 115.8792677 -31.954976))",-31.954913743790105,115.87922380671488
building_2249,building_residential,W149946528,"POLYGON ((115.8800122 -31.9546854, 115.8800152 -31.9549802, 115.8799492 -31.9549806, 115.8799494 -31.9550007, 115.8799425 -31.9550287, 115.8799184 -31.9550504, 115.8798954 -31.9550591, 115.8798688 -31.9550642, 115.8798376 -31.9550623, 115.8797951 -31.955049, 115.8797711 -31.9551044, 115.8794808 -31.9550122, 115.8795517 -31.9548533, 115.8797408 -31.9549112, 115.8798272 -31.9548679, 115.879827 -31.9546867, 115.8800122 -31.9546854))",-31.954914305427067,115.8798003319364
building_2250,building_residential,W149946529,"POLYGON ((115.879484 -31.9547862, 115.8793723 -31.9547131, 115.8793966 -31.9546863, 115.879365 -31.9546656, 115.8794297 -31.9545944, 115.8794021 -31.9545764, 115.8795164 -31.9544505, 115.879544 -31.9544686, 115.8796026 -31.9544041, 115.8796342 -31.9544248, 115.87966 -31.9543964, 115.8797718 -31.9544694, 115.8796483 -31.9546053, 115.8796592 -31.9546125, 115.8796231 -31.9546523, 115.8796121 -31.9546452, 115.879484 -31.9547862))",-31.954578589478267,115.87955278465711
building_2251,building_residential,W149946531,"POLYGON ((115.8788658 -31.9546655, 115.8788831 -31.9546273, 115.8788744 -31.9546245, 115.878895 -31.954579, 115.8789036 -31.9545818, 115.8789323 -31.9545185, 115.8789524 -31.954525, 115.8789551 -31.9545189, 115.8790043 -31.9545349, 115.8790016 -31.954541, 115.8790737 -31.9545645, 115.8790761 -31.9545592, 115.8790765 -31.9545583, 115.8791249 -31.9545741, 115.8791245 -31.954575, 115.8791221 -31.9545803, 115.8791933 -31.9546035, 115.8791962 -31.9545971, 115.8792392 -31.9546111, 115.8792363 -31.9546175, 115.8792844 -31.9546331, 115.87927 -31.954665, 115.8793516 -31.9546916, 115.8793931 -31.9547864, 115.8793731 -31.9548306, 115.8793434 -31.954821, 115.879338 -31.9548329, 115.8792858 -31.9548159, 115.8792912 -31.954804, 115.8788658 -31.9546655))",-31.95467197475177,115.87912840474658
building_2252,building_residential,W149946532,"POLYGON ((115.8790701 -31.9547923, 115.8790231 -31.9548965, 115.8789079 -31.954859, 115.8789549 -31.9547549, 115.8790701 -31.9547923))",-31.95482568057805,115.87898900670027
building_2253,building_residential,W149946534,"POLYGON ((115.8793354 -31.954998, 115.879382 -31.9548946, 115.8794491 -31.9549163, 115.8794024 -31.9550197, 115.8793354 -31.954998))",-31.954957139280143,115.87939223158527
building_2254,building_residential,W149946537,"POLYGON ((115.8789079 -31.954859, 115.8787635 -31.9548122, 115.8788106 -31.954708, 115.8789549 -31.9547549, 115.8789079 -31.954859))",-31.954783523544545,115.87885921035905
building_2255,building_residential,W149946540,"POLYGON ((115.8793354 -31.954998, 115.8792677 -31.954976, 115.8792783 -31.9549524, 115.8793144 -31.9548726, 115.879382 -31.9548946, 115.8793354 -31.954998))",-31.95493530998183,115.87932485402048
building_2256,building_residential,W149946542,"POLYGON ((115.879146 -31.9549364, 115.8790231 -31.9548965, 115.8790701 -31.9547923, 115.8791542 -31.9548197, 115.8791373 -31.9548571, 115.8791762 -31.9548697, 115.879146 -31.9549364))",-31.954866897134288,115.87910075094177
building_2257,building_residential,W149946661,"POLYGON ((115.8781384 -31.9544032, 115.8781955 -31.9542768, 115.8782265 -31.9542868, 115.8782345 -31.9542691, 115.8782928 -31.9542881, 115.8782519 -31.9543785, 115.8782173 -31.9543672, 115.8782098 -31.9543837, 115.8782378 -31.9543927, 115.878221 -31.95443, 115.8781384 -31.9544032))",-31.954345877529246,115.87821449286122
building_2258,building_residential,W149946663,"POLYGON ((115.8781608 -31.9546041, 115.8781277 -31.9545934, 115.8781217 -31.9546067, 115.8781053 -31.9546014, 115.87809 -31.9546352, 115.8780465 -31.954621, 115.8780727 -31.9545629, 115.8781125 -31.9544748, 115.8782056 -31.954505, 115.8781979 -31.954522, 115.8781608 -31.9546041))",-31.95455217534779,115.87812595950324
building_2259,building_residential,W149946664,"POLYGON ((115.8780465 -31.954621, 115.8779645 -31.9545944, 115.8779777 -31.9545652, 115.8779464 -31.9545551, 115.8779574 -31.9545308, 115.8779251 -31.9545204, 115.8779661 -31.9544297, 115.8780787 -31.9544664, 115.8780399 -31.9545522, 115.8780727 -31.9545629, 115.8780465 -31.954621))",-31.954521442395063,115.8780051764351
building_2260,building_residential,W149946665,"POLYGON ((115.8782701 -31.9546611, 115.8782651 -31.9546722, 115.8782006 -31.9546513, 115.8782056 -31.9546402, 115.8781523 -31.9546229, 115.8781608 -31.9546041, 115.8781979 -31.954522, 115.8782861 -31.9545507, 115.8782603 -31.9546079, 115.8782898 -31.9546175, 115.8782701 -31.9546611))",-31.954596977111677,115.87822570235296
building_2261,building_residential,W149946670,"POLYGON ((115.8777256 -31.9542766, 115.8777474 -31.9542284, 115.8777356 -31.9542245, 115.8777505 -31.9541915, 115.8777641 -31.9541959, 115.877768 -31.9541871, 115.877749 -31.9541809, 115.8777708 -31.9541327, 115.8777866 -31.9541379, 115.8778092 -31.9540879, 115.8779049 -31.954119, 115.8778712 -31.9541935, 115.8779387 -31.9542155, 115.8779324 -31.9542294, 115.8779387 -31.9542314, 115.8779256 -31.9542604, 115.8779193 -31.9542584, 115.8778873 -31.9543292, 115.8777256 -31.9542766))",-31.95421504052379,115.87783186780655
building_2262,building_residential,W149946674,"POLYGON ((115.8778162 -31.9545058, 115.8777663 -31.9544896, 115.8778155 -31.9543807, 115.8778653 -31.9543969, 115.8778162 -31.9545058))",-31.95444326552472,115.87781581675353
building_2263,building_residential,W149946676,"POLYGON ((115.877866 -31.954522, 115.8778162 -31.9545058, 115.8778653 -31.9543969, 115.8779152 -31.9544131, 115.877866 -31.954522))",-31.954459434475282,115.8778656832465
building_2264,building_residential,W149946677,"POLYGON ((115.8779159 -31.9545382, 115.877866 -31.954522, 115.8779152 -31.9544131, 115.8779651 -31.9544293, 115.8779159 -31.9545382))",-31.954475650000003,115.87791555000001
building_2265,building_residential,W149946680,"POLYGON ((115.8779735 -31.954349, 115.8779151 -31.95433, 115.8779754 -31.9541964, 115.8780338 -31.9542154, 115.8779735 -31.954349))",-31.954272700000004,115.87797445000002
building_2266,building_residential,W149946682,"POLYGON ((115.8777663 -31.9544896, 115.8777164 -31.9544734, 115.8777309 -31.9544414, 115.8777656 -31.9543645, 115.8778155 -31.9543807, 115.8777663 -31.9544896))",-31.954427050230183,115.8777659605696
building_2267,building_residential,W149946684,"POLYGON ((115.8780461 -31.9543726, 115.8779735 -31.954349, 115.8780338 -31.9542154, 115.8781064 -31.954239, 115.8781013 -31.9542503, 115.8780461 -31.9543726))",-31.95429399999096,115.87803995006021
building_2268,building_residential,W149946686,"POLYGON ((115.8786204 -31.9546334, 115.8785614 -31.9547641, 115.8785336 -31.954755, 115.8785424 -31.9547354, 115.8785062 -31.9547236, 115.8785563 -31.9546126, 115.8786204 -31.9546334))",-31.95468359492884,115.87856248313363
building_2269,building_residential,W149946687,"POLYGON ((115.8780461 -31.9543726, 115.8781013 -31.9542503, 115.8781213 -31.9542567, 115.8781311 -31.9542349, 115.8782004 -31.9542574, 115.8781396 -31.9543921, 115.8781083 -31.9543819, 115.8781041 -31.9543914, 115.8780461 -31.9543726))",-31.95431571705756,115.87812353953136
building_2270,building_residential,W149946689,"POLYGON ((115.8783705 -31.9544951, 115.8784232 -31.9543783, 115.87852 -31.9544097, 115.878528 -31.954392, 115.8787303 -31.9544577, 115.8787223 -31.9544755, 115.8787283 -31.9544775, 115.8786756 -31.9545942, 115.8783705 -31.9544951))",-31.95448144136683,115.8785563377732
building_2271,building_residential,W149946690,"POLYGON ((115.8786452 -31.9547702, 115.8785988 -31.9547551, 115.8785905 -31.9547735, 115.8785614 -31.9547641, 115.8786204 -31.9546334, 115.8786847 -31.9546543, 115.878669 -31.9546891, 115.8786802 -31.9546928, 115.8786452 -31.9547702))",-31.954706665291326,115.87862729726028
building_2272,building_residential,W149946691,"POLYGON ((115.8783207 -31.9544603, 115.8782637 -31.9544418, 115.8782808 -31.9544039, 115.8782508 -31.9543942, 115.878298 -31.9542896, 115.8783682 -31.9543124, 115.8783566 -31.954338, 115.8783735 -31.9543435, 115.8783207 -31.9544603))",-31.954372311753517,115.87831238950845
building_2273,building_residential,W149946693,"POLYGON ((115.8777309 -31.9544414, 115.8776867 -31.9544271, 115.8776863 -31.9544135, 115.8776711 -31.9544085, 115.8776873 -31.9543726, 115.8777025 -31.9543776, 115.8777158 -31.9543483, 115.8777656 -31.9543645, 115.8777309 -31.9544414))",-31.954394429565784,115.8777190161578
building_2274,building_residential,W149946694,"POLYGON ((115.8783949 -31.9546968, 115.8783475 -31.9546814, 115.8783456 -31.9546857, 115.8782701 -31.9546611, 115.8782898 -31.9546175, 115.8783231 -31.9545436, 115.8784461 -31.9545836, 115.8784372 -31.9546032, 115.8783949 -31.9546968))",-31.954621361767064,115.87835789587095
building_2275,building_residential,W149946696,"POLYGON ((115.8784372 -31.9546032, 115.8784684 -31.9546134, 115.8784807 -31.9545862, 115.878551 -31.954609, 115.8784917 -31.9547403, 115.8784387 -31.954723, 115.8784434 -31.9547125, 115.8783949 -31.9546968, 115.8784372 -31.9546032))",-31.954660452151327,115.8784737024332
building_2276,building_residential,W149947844,"POLYGON ((115.8779335 -31.9539569, 115.8778705 -31.9539365, 115.8778832 -31.9539082, 115.8778895 -31.9539103, 115.8779195 -31.9538438, 115.877928 -31.9538466, 115.8779307 -31.9538406, 115.8779692 -31.9538531, 115.8779666 -31.9538591, 115.8779762 -31.9538622, 115.8779335 -31.9539569))",-31.953899060586977,115.87792593754244
building_2277,building_residential,W149947845,"POLYGON ((115.8779335 -31.9539569, 115.8779762 -31.9538622, 115.877983 -31.9538472, 115.8779897 -31.9538494, 115.8779917 -31.953845, 115.8780244 -31.9538556, 115.8780224 -31.95386, 115.8780304 -31.9538626, 115.877981 -31.9539723, 115.8779714 -31.9539692, 115.8779335 -31.9539569))",-31.953908226099905,115.87798263442382
building_2278,building_residential,W149947846,"POLYGON ((115.877981 -31.9539723, 115.8780304 -31.9538626, 115.8780385 -31.9538447, 115.8780473 -31.9538475, 115.8780492 -31.9538434, 115.8780879 -31.953856, 115.878086 -31.9538601, 115.8780964 -31.9538634, 115.878075 -31.9539111, 115.8780799 -31.9539127, 115.8780655 -31.9539447, 115.8780606 -31.9539431, 115.8780389 -31.9539911, 115.877981 -31.9539723))",-31.953916725027362,115.87803995067469
building_2279,building_residential,W149947847,"POLYGON ((115.8778705 -31.9539365, 115.8779335 -31.9539569, 115.8779714 -31.9539692, 115.8779626 -31.9539888, 115.8779814 -31.9539949, 115.8779647 -31.954032, 115.8779699 -31.9540337, 115.8779562 -31.9540641, 115.877951 -31.9540624, 115.8779462 -31.954073, 115.8778347 -31.9540368, 115.8778573 -31.9539866, 115.8778491 -31.953984, 115.8778705 -31.9539365))",-31.954005901551465,115.87790931653882
building_2280,building_residential,W149947848,"POLYGON ((115.8784583 -31.954169, 115.8784851 -31.9541113, 115.8785189 -31.9541111, 115.8785746 -31.9541108, 115.8785646 -31.9541335, 115.8786096 -31.9541482, 115.8786276 -31.9541105, 115.878665 -31.9541103, 115.8786153 -31.9542205, 115.8785467 -31.9541982, 115.8785442 -31.9542038, 115.8785188 -31.9541955, 115.8785213 -31.95419, 115.8784583 -31.954169))",-31.954157937168638,115.87856059163931
building_2281,building_residential,W149947849,"POLYGON ((115.8782474 -31.9540462, 115.8782961 -31.9539384, 115.8784656 -31.9539935, 115.878417 -31.9541013, 115.8782474 -31.9540462))",-31.954019853413495,115.8783565192001
building_2282,building_residential,W149947850,"POLYGON ((115.8787051 -31.9538892, 115.8787059 -31.9539989, 115.8785439 -31.9539998, 115.8785942 -31.9538898, 115.8787051 -31.9538892))",-31.953947852921605,115.8786365006845
building_2283,building_residential,W149947851,"POLYGON ((115.8785189 -31.9541111, 115.8785184 -31.954051, 115.8785741 -31.9540507, 115.8785746 -31.9541108, 115.8785189 -31.9541111))",-31.954080899999997,115.8785465
building_2284,building_residential,W149947852,"POLYGON ((115.878665 -31.9541103, 115.8787702 -31.9541097, 115.8787322 -31.9542741, 115.8786093 -31.9542336, 115.8786153 -31.9542205, 115.878665 -31.9541103))",-31.954185430985437,115.87869556299407
building_2285,building_residential,W149947853,"POLYGON ((115.8786276 -31.9541105, 115.8786023 -31.9541106, 115.8786018 -31.9540486, 115.8787697 -31.9540476, 115.8787702 -31.9541097, 115.878665 -31.9541103, 115.8786276 -31.9541105))",-31.954079135866543,115.87868601711044
building_2286,building_residential,W149947854,"POLYGON ((115.8782474 -31.9540462, 115.878417 -31.9541013, 115.878389 -31.9541633, 115.8783197 -31.9541407, 115.8783132 -31.9541549, 115.878213 -31.9541224, 115.8782474 -31.9540462))",-31.95410793222465,115.87831201794401
building_2287,building_residential,W149947855,"POLYGON ((115.8782961 -31.9539384, 115.8782898 -31.9539364, 115.8783171 -31.9538767, 115.8784466 -31.9538753, 115.8784621 -31.9538945, 115.8785146 -31.953885, 115.8784656 -31.9539935, 115.8782961 -31.9539384))",-31.95392402363323,115.87840427205992
building_2288,building_residential,W149947856,"POLYGON ((115.8787059 -31.9539989, 115.8787051 -31.9538892, 115.8788249 -31.9538885, 115.8788256 -31.9539696, 115.878817 -31.9539697, 115.8788172 -31.9539983, 115.8787693 -31.9539985, 115.8787059 -31.9539989))",-31.953942940631382,115.87876437130367
building_2289,building_residential,W149947857,"POLYGON ((115.8787697 -31.9540476, 115.8786018 -31.9540486, 115.8785832 -31.9540487, 115.8785832 -31.9540467, 115.8785443 -31.9540469, 115.8785439 -31.9539998, 115.8787059 -31.9539989, 115.8787693 -31.9539985, 115.8787697 -31.9540476))",-31.95402354595375,115.87865745061877
building_2290,building_yes,W149993961,"POLYGON ((115.8663003 -31.9493032, 115.8662485 -31.9493836, 115.8662169 -31.949369, 115.8662229 -31.9493596, 115.8662131 -31.9493551, 115.8662237 -31.9493386, 115.8661527 -31.9493057, 115.8661226 -31.9493525, 115.8659883 -31.9492902, 115.8660238 -31.9492351, 115.8660145 -31.9492308, 115.8660339 -31.9492006, 115.8660433 -31.9492049, 115.8660494 -31.9491954, 115.866182 -31.9492569, 115.8661863 -31.9492503, 115.8661987 -31.9492561, 115.8663003 -31.9493032))",-31.94928666962227,115.86613544448122
building_2291,building_yes,W149993962,"POLYGON ((115.8680419 -31.9508048, 115.8681598 -31.9508595, 115.8681333 -31.9509006, 115.8680154 -31.9508459, 115.8680419 -31.9508048))",-31.950852700000002,115.86808759999998
building_2292,building_yes,W149993964,"POLYGON ((115.866691 -31.9495602, 115.866818 -31.949619, 115.866609 -31.9499434, 115.8664821 -31.9498846, 115.866691 -31.9495602))",-31.949751784137508,115.8666500367277
building_2293,building_yes,W149993966,"POLYGON ((115.8671154 -31.9500272, 115.8672964 -31.9497463, 115.8674335 -31.9498099, 115.8672525 -31.9500908, 115.8671154 -31.9500272))",-31.949918550000003,115.86727445000001
building_2294,building_yes,W149993969,"POLYGON ((115.8668831 -31.9495546, 115.8670102 -31.9496136, 115.8667532 -31.9500126, 115.866626 -31.9499537, 115.8668831 -31.9495546))",-31.949783630778942,115.86681811739118
building_2295,building_yes,W149993976,"POLYGON ((115.8670102 -31.9496136, 115.8671183 -31.9496637, 115.8671464 -31.9496768, 115.8668894 -31.9500758, 115.8667532 -31.9500126, 115.8670102 -31.9496136))",-31.949844688633956,115.86694980833838
building_2296,building_yes,W149993978,"POLYGON ((115.8662196 -31.9494238, 115.8661345 -31.9495558, 115.8659478 -31.9494692, 115.8658669 -31.9494317, 115.8659519 -31.9492997, 115.8662196 -31.9494238))",-31.94942774667758,115.8660432361464
building_2297,building_yes,W149993980,"POLYGON ((115.8661987 -31.9492561, 115.8662456 -31.9491865, 115.8663456 -31.9492329, 115.8663003 -31.9493032, 115.8661987 -31.9492561))",-31.949244764504364,115.86627248596163
building_2298,building_residential,W149993983,"POLYGON ((115.8671183 -31.9496637, 115.8673081 -31.9493691, 115.8673713 -31.9492684, 115.8676872 -31.9494127, 115.8674335 -31.9498099, 115.8672812 -31.9497392, 115.8671183 -31.9496637))",-31.949538918368845,115.86740287855721
building_2299,building_yes,W149993986,"POLYGON ((115.8671464 -31.9496768, 115.8672812 -31.9497392, 115.8672964 -31.9497463, 115.8671154 -31.9500272, 115.8670393 -31.9501454, 115.8668894 -31.9500758, 115.8671464 -31.9496768))",-31.949911052977747,115.86709288410738
building_2300,building_yes,W149993987,"POLYGON ((115.8674335 -31.9498099, 115.8676097 -31.9495363, 115.8676872 -31.9494127, 115.8679191 -31.9495175, 115.8676647 -31.9499171, 115.8676532 -31.9499118, 115.8674335 -31.9498099))",-31.949664634307165,115.86767640532538
building_2301,building_yes,W149993988,"POLYGON ((115.8676137 -31.9501106, 115.8678452 -31.950218, 115.867753 -31.9503651, 115.8677905 -31.950382, 115.8677445 -31.9504702, 115.8674655 -31.9503408, 115.8676137 -31.9501106))",-31.950288309679582,115.86766139474527
building_2302,building_yes,W149993989,"POLYGON ((115.8662067 -31.9491673, 115.8663511 -31.9489432, 115.8663985 -31.9489652, 115.8664638 -31.9489498, 115.8665152 -31.9489736, 115.8663481 -31.9492329, 115.8662067 -31.9491673))",-31.949079652367303,115.86635824861904
building_2303,building_yes,W149993990,"POLYGON ((115.8668831 -31.9495546, 115.867135 -31.9491635, 115.8671628 -31.9491764, 115.8671206 -31.9492419, 115.86722 -31.9492879, 115.8670102 -31.9496136, 115.8668831 -31.9495546))",-31.94941207065093,115.8670547439512
building_2304,building_yes,W149993991,"POLYGON ((115.8662067 -31.9491673, 115.8661132 -31.949124, 115.8660715 -31.9491046, 115.866293 -31.9487608, 115.8664282 -31.9488235, 115.8663511 -31.9489432, 115.8662067 -31.9491673))",-31.948964062286766,115.86624984609242
building_2305,building_yes,W149993992,"POLYGON ((115.8670102 -31.9496136, 115.86722 -31.9492879, 115.8672643 -31.9492191, 115.8673713 -31.9492684, 115.8673081 -31.9493691, 115.8671183 -31.9496637, 115.8670102 -31.9496136))",-31.949441551594077,115.86719112246385
building_2306,building_yes,W149993995,"POLYGON ((115.8674335 -31.9498099, 115.8676532 -31.9499118, 115.8676068 -31.9499837, 115.8676751 -31.9500154, 115.8676137 -31.9501106, 115.8674655 -31.9503408, 115.8671775 -31.9502072, 115.8672525 -31.9500908, 115.8674335 -31.9498099))",-31.950080351568932,115.86743984096341
building_2307,building_yes,W149993996,"POLYGON ((115.8662067 -31.9491673, 115.8662456 -31.9491865, 115.8661987 -31.9492561, 115.8661863 -31.9492503, 115.8660318 -31.9491787, 115.8660662 -31.9491253, 115.8661017 -31.9491418, 115.8661132 -31.949124, 115.8662067 -31.9491673))",-31.94918513076311,115.86614123220654
building_2308,building_residential,W150077058,"POLYGON ((115.8805504 -31.9547344, 115.8803555 -31.9547358, 115.8803555 -31.9547433, 115.8803556 -31.9547472, 115.8802672 -31.9547478, 115.8802672 -31.9547439, 115.8802666 -31.9546888, 115.8803573 -31.9546881, 115.8803571 -31.9546629, 115.8805497 -31.9546616, 115.8805504 -31.9547344))",-31.954703949746154,115.88041473149529
building_2309,building_residential,W150077059,"POLYGON ((115.880549 -31.9545886, 115.8803541 -31.95459, 115.880354 -31.9545824, 115.880354 -31.9545788, 115.8802656 -31.9545794, 115.8802656 -31.9545831, 115.8802661 -31.9546382, 115.8803568 -31.9546376, 115.8803571 -31.9546628, 115.8805497 -31.9546615, 115.880549 -31.9545886))",-31.95462102568568,115.8804140610852
building_2310,building_residential,W150077062,"POLYGON ((115.8815625 -31.9550374, 115.8815621 -31.9549907, 115.8815757 -31.9549906, 115.881575 -31.9549177, 115.881592 -31.9549176, 115.8815916 -31.954879, 115.8815746 -31.9548791, 115.881574 -31.9548097, 115.8815908 -31.9548096, 115.8815905 -31.954779, 115.8815798 -31.9547791, 115.8815793 -31.9547232, 115.8817016 -31.9547224, 115.8817037 -31.9549558, 115.8817188 -31.9549557, 115.8817196 -31.9550363, 115.8815625 -31.9550374))",-31.954887260456093,115.88164205750657
building_2311,building_yes,W150077063,"POLYGON ((115.8812622 -31.9547288, 115.8813031 -31.9547285, 115.8813035 -31.9547694, 115.8812626 -31.9547697, 115.8812622 -31.9547288))",-31.9547491,115.88128285
building_2312,building_residential,W150077064,"POLYGON ((115.8813943 -31.9544236, 115.8815003 -31.9544228, 115.881501 -31.9544949, 115.8814952 -31.9544949, 115.8814959 -31.9545673, 115.8813956 -31.954568, 115.8813943 -31.9544236))",-31.954494421147736,115.88144655688247
building_2313,building_residential,W150077065,"POLYGON ((115.8817277 -31.9545614, 115.8816405 -31.9545619, 115.88164 -31.9545178, 115.8816214 -31.9545179, 115.8816204 -31.9544086, 115.8817263 -31.9544079, 115.8817277 -31.9545614))",-31.954482047187398,115.88167635546021
building_2314,building_residential,W150077067,"POLYGON ((115.8812638 -31.9545494, 115.8812176 -31.9545497, 115.8812176 -31.9545582, 115.8811794 -31.9545584, 115.881178 -31.9544079, 115.8812625 -31.9544073, 115.8812638 -31.9545494))",-31.954480616992672,115.88122031872417
building_2315,building_residential,W150077068,"POLYGON ((115.8812875 -31.9545617, 115.8812863 -31.9544348, 115.8813817 -31.9544342, 115.8813822 -31.9544944, 115.8813741 -31.9544945, 115.8813747 -31.9545611, 115.8812875 -31.9545617))",-31.95449653195041,115.88133251652587
building_2316,building_residential,W150077070,"POLYGON ((115.8817277 -31.9545614, 115.8817281 -31.9546076, 115.8817466 -31.9546075, 115.8817471 -31.9546601, 115.8816226 -31.954661, 115.8816217 -31.9545621, 115.8816405 -31.9545619, 115.8817277 -31.9545614))",-31.95461309295333,115.88168044181256
building_2317,building_yes,W150077072,"POLYGON ((115.8805785 -31.95459, 115.8806575 -31.9545897, 115.8806577 -31.954622, 115.8806346 -31.954622, 115.8806346 -31.9546299, 115.8805871 -31.9546301, 115.8805871 -31.9546222, 115.8805786 -31.9546222, 115.8805785 -31.95459))",-31.954608546905433,115.88061715579163
building_2318,building_residential,W150077073,"POLYGON ((115.8811978 -31.9550245, 115.8811959 -31.954827, 115.8812278 -31.9548268, 115.8812274 -31.9547833, 115.8812986 -31.9547829, 115.8813006 -31.954995, 115.881267 -31.9549952, 115.8812673 -31.955024, 115.8811978 -31.9550245))",-31.954905183448087,115.88124890129801
building_2319,building_residential,W150077074,"POLYGON ((115.8806584 -31.9550458, 115.8805347 -31.9550466, 115.8805348 -31.9550586, 115.8804753 -31.955059, 115.8804752 -31.9550471, 115.8802869 -31.9550483, 115.880286 -31.9549499, 115.8805726 -31.9549479, 115.8806575 -31.9549474, 115.8806584 -31.9550458))",-31.954998887960535,115.88047282247332
building_2320,building_residential,W150077482,"POLYGON ((115.8809582 -31.9542035, 115.880928 -31.9542037, 115.880928 -31.9542104, 115.8809006 -31.9542106, 115.8809005 -31.9542039, 115.8808777 -31.954204, 115.8808774 -31.9541663, 115.880868 -31.9541664, 115.8808678 -31.9541441, 115.8808772 -31.9541441, 115.8808768 -31.954101, 115.8809573 -31.9541005, 115.8809582 -31.9542035))",-31.954153491995104,115.88091635649079
building_2321,building_residential,W150077485,"POLYGON ((115.8813104 -31.9542017, 115.8812546 -31.9542021, 115.8812536 -31.9540904, 115.8813093 -31.95409, 115.8813104 -31.9542017))",-31.954146066695223,115.8812819751868
building_2322,building_residential,W150077486,"POLYGON ((115.8813661 -31.9542014, 115.8813104 -31.9542017, 115.8813093 -31.95409, 115.8813651 -31.9540896, 115.8813661 -31.9542014))",-31.95414565811407,115.8813377289726
building_2323,building_residential,W150077487,"POLYGON ((115.8817192 -31.9541412, 115.8815554 -31.9541423, 115.8815549 -31.9540884, 115.8817187 -31.9540873, 115.8817192 -31.9541412))",-31.954114800000003,115.88163705
building_2324,building_residential,W150077489,"POLYGON ((115.8817197 -31.954199, 115.8815559 -31.9542001, 115.8815554 -31.9541423, 115.8817192 -31.9541412, 115.8817197 -31.954199))",-31.95417065,115.88163754999998
building_2325,building_residential,W150077490,"POLYGON ((115.8811152 -31.954203, 115.8810774 -31.9542033, 115.8810775 -31.9542128, 115.8810456 -31.9542131, 115.8810445 -31.9540918, 115.8811142 -31.9540913, 115.8811152 -31.954203))",-31.95414969334972,115.88107916126651
building_2326,building_residential,W150077491,"POLYGON ((115.8814926 -31.9542005, 115.8814689 -31.9542007, 115.8814689 -31.954207, 115.8814295 -31.9542072, 115.8814294 -31.9542009, 115.8814284 -31.9540892, 115.8814916 -31.9540888, 115.8814926 -31.9542005))",-31.954146871476443,115.88146011560829
building_2327,building_residential,W150077492,"POLYGON ((115.8811849 -31.9542026, 115.8811463 -31.9542028, 115.8811464 -31.9542123, 115.8811153 -31.9542126, 115.8811152 -31.954203, 115.8811142 -31.9540913, 115.8811839 -31.9540908, 115.8811849 -31.9542026))",-31.954149151342214,115.88114886529357
building_2328,building_residential,W150077493,"POLYGON ((115.8815559 -31.9542001, 115.8815325 -31.9542003, 115.8815325 -31.9542059, 115.8814927 -31.9542062, 115.8814926 -31.9542005, 115.8814916 -31.9540888, 115.8815549 -31.9540884, 115.8815559 -31.9542001))",-31.95414627602971,115.88152340411952
building_2329,building_residential,W150077494,"POLYGON ((115.8814294 -31.9542009, 115.8814029 -31.9542011, 115.881403 -31.9542081, 115.8813662 -31.9542083, 115.8813661 -31.9542014, 115.8813651 -31.9540896, 115.8814284 -31.9540892, 115.8814294 -31.9542009))",-31.954147347526174,115.88139680370426
building_2330,building_residential,W150077495,"POLYGON ((115.8812546 -31.9542021, 115.8812199 -31.9542023, 115.88122 -31.9542128, 115.881185 -31.9542131, 115.8811849 -31.9542026, 115.8811839 -31.9540908, 115.8812536 -31.9540904, 115.8812546 -31.9542021))",-31.95414922267523,115.88121848780175
building_2331,building_residential,W150077496,"POLYGON ((115.8810387 -31.9542029, 115.8810155 -31.9542031, 115.8810156 -31.9542093, 115.8809864 -31.9542095, 115.8809863 -31.9542033, 115.8809582 -31.9542035, 115.8809573 -31.9541005, 115.8810377 -31.9541, 115.8810387 -31.9542029))",-31.954152908860795,115.88099803334289
building_2332,building_residential,W150079062,"POLYGON ((115.8814308 -31.953969, 115.88143 -31.9538876, 115.8815388 -31.9538868, 115.8815389 -31.9538996, 115.8815598 -31.9538995, 115.8815605 -31.9539681, 115.8815225 -31.9539683, 115.8815229 -31.9540192, 115.8814458 -31.9540197, 115.8814453 -31.9539689, 115.8814308 -31.953969))",-31.95394675124045,115.88149115938432
building_2333,building_residential,W150079063,"POLYGON ((115.8808638 -31.9538945, 115.8810509 -31.9538932, 115.8810522 -31.9540279, 115.8809874 -31.9540283, 115.8809871 -31.9539997, 115.880945 -31.954, 115.8809453 -31.9540286, 115.8808916 -31.954029, 115.8808911 -31.9539732, 115.8808646 -31.9539734, 115.8808638 -31.9538945))",-31.95395572387417,115.88096281922358
building_2334,building_residential,W150079069,"POLYGON ((115.8812448 -31.9539858, 115.881244 -31.9539048, 115.8812438 -31.9538889, 115.8812992 -31.9538885, 115.8813001 -31.9539854, 115.8812448 -31.9539858))",-31.95393713886352,115.88127198383557
building_2335,building_residential,W150079072,"POLYGON ((115.8811714 -31.9540215, 115.8811701 -31.95389, 115.8812438 -31.9538895, 115.881244 -31.9539048, 115.8812448 -31.9539858, 115.8812451 -31.954021, 115.8811714 -31.9540215))",-31.9539554973514,115.88120761949995
building_2336,building_residential,W150079076,"POLYGON ((115.8816561 -31.9540242, 115.881561 -31.9540249, 115.8815605 -31.9539681, 115.8815598 -31.9538995, 115.8815596 -31.9538774, 115.8816551 -31.9538767, 115.8816561 -31.9540242))",-31.953950744945207,115.88160795620172
building_2337,building_residential,W150079077,"POLYGON ((115.8813001 -31.9539854, 115.8812992 -31.9538885, 115.88143 -31.9538876, 115.8814308 -31.953969, 115.8814313 -31.9540182, 115.8813709 -31.9540187, 115.8813706 -31.9539849, 115.8813001 -31.9539854))",-31.95394551247213,115.88137002979572
building_2338,building_residential,W150079078,"POLYGON ((115.8811714 -31.9540215, 115.8811154 -31.9540219, 115.8811151 -31.9539918, 115.8810665 -31.9539921, 115.8810657 -31.953906, 115.8810655 -31.9538912, 115.8811701 -31.9538905, 115.8811714 -31.9540215))",-31.953950308842042,115.88112174817566
building_2339,building_residential,W150079083,"POLYGON ((115.8816561 -31.9540242, 115.8816551 -31.9538767, 115.8817367 -31.9538761, 115.8817372 -31.9539332, 115.8817444 -31.9539332, 115.8817451 -31.9539997, 115.8817289 -31.9539998, 115.8817292 -31.9540237, 115.8816561 -31.9540242))",-31.95394979067251,115.88169758992724
building_2340,building_residential,W150081120,"POLYGON ((115.8805193 -31.9541835, 115.8805191 -31.9541568, 115.8804943 -31.9541569, 115.8804941 -31.9541099, 115.8805017 -31.9541099, 115.8805016 -31.9540861, 115.8804546 -31.9540863, 115.8804547 -31.95411, 115.8804623 -31.9541099, 115.8804626 -31.954157, 115.88044 -31.9541571, 115.8804401 -31.9541838, 115.8803106 -31.9541843, 115.88028 -31.9541599, 115.8802797 -31.9540997, 115.8802915 -31.9540997, 115.8802913 -31.9540662, 115.8803589 -31.954066, 115.8803587 -31.9540297, 115.8803108 -31.9540298, 115.8803105 -31.9539571, 115.880279 -31.9539572, 115.8802788 -31.9539113, 115.8802996 -31.9539112, 115.8802994 -31.9538864, 115.8803625 -31.9538862, 115.8803626 -31.9538931, 115.8804086 -31.953893, 115.8804085 -31.9538861, 115.8804436 -31.9538859, 115.8804434 -31.9538538, 115.8805024 -31.9538536, 115.8805026 -31.9538854, 115.8805444 -31.9538852, 115.8805444 -31.9538931, 115.8805851 -31.953893, 115.880585 -31.9538851, 115.8806492 -31.9538849, 115.8806493 -31.9539112, 115.8806675 -31.9539112, 115.8806677 -31.9539527, 115.8806389 -31.9539528, 115.8806392 -31.954028, 115.880594 -31.9540282, 115.8805942 -31.9540626, 115.8806658 -31.9540624, 115.880666 -31.954097, 115.8806721 -31.954097, 115.8806724 -31.9541576, 115.8806443 -31.9541831, 115.8805193 -31.9541835))",-31.954029154762576,115.88047543329458
building_2341,building_residential,W150090096,"POLYGON ((115.8811777 -31.9535542, 115.8812504 -31.9535537, 115.8812507 -31.9535826, 115.8812665 -31.9535825, 115.8812989 -31.9535822, 115.8812995 -31.9536391, 115.881267 -31.9536393, 115.8812669 -31.9536274, 115.8812351 -31.9536276, 115.8812352 -31.9536474, 115.8811786 -31.9536478, 115.8811777 -31.9535542))",-31.953601837584763,115.88123094200832
building_2342,building_residential,W150090098,"POLYGON ((115.8815653 -31.9536424, 115.8815643 -31.9535455, 115.8817043 -31.9535445, 115.8817047 -31.9535789, 115.8817154 -31.9535788, 115.8817155 -31.9535944, 115.8817475 -31.9535941, 115.8817479 -31.953637, 115.8817171 -31.9536372, 115.8817172 -31.9536414, 115.8816637 -31.9536417, 115.8816638 -31.9536477, 115.881637 -31.9536479, 115.881637 -31.9536419, 115.8815653 -31.9536424))",-31.953596630113456,115.88164661634944
building_2343,building_residential,W150090100,"POLYGON ((115.8808767 -31.9535563, 115.8810498 -31.9535551, 115.8810507 -31.9536487, 115.8808776 -31.9536499, 115.8808767 -31.9535563))",-31.953602499999995,115.8809637
building_2344,building_residential,W150090102,"POLYGON ((115.8810507 -31.9536487, 115.8810498 -31.9535551, 115.8811777 -31.9535542, 115.8811786 -31.9536478, 115.8810507 -31.9536487))",-31.953601450000004,115.88111419999998
building_2345,building_residential,W150090104,"POLYGON ((115.8814352 -31.9536037, 115.8814346 -31.9535464, 115.8815643 -31.9535455, 115.8815653 -31.9536424, 115.8815654 -31.9536516, 115.8814356 -31.9536525, 115.8814352 -31.9536037))",-31.95359900613169,115.88149998896158
building_2346,building_residential,W150090106,"POLYGON ((115.8812995 -31.9536391, 115.8812989 -31.9535822, 115.881359 -31.9535818, 115.8813587 -31.9535469, 115.8814346 -31.9535464, 115.8814352 -31.9536037, 115.8813865 -31.953604, 115.8813869 -31.9536385, 115.8812995 -31.9536391))",-31.95359407019545,115.88136778435116
building_2347,building_residential,W150122912,"POLYGON ((115.8813033 -31.9534507, 115.8813025 -31.9533602, 115.8813614 -31.9533598, 115.8813614 -31.9533524, 115.8813841 -31.9533523, 115.8813841 -31.9533597, 115.8814325 -31.9533593, 115.8814337 -31.9534838, 115.881373 -31.9534842, 115.8813727 -31.9534502, 115.8813033 -31.9534507))",-31.95341356099741,115.88137317277078
building_2348,building_residential,W150122913,"POLYGON ((115.8814337 -31.9534838, 115.8814325 -31.9533593, 115.881478 -31.953359, 115.881478 -31.9533511, 115.8814994 -31.9533509, 115.8814995 -31.9533588, 115.8815334 -31.9533586, 115.8815337 -31.9533892, 115.8815513 -31.9533891, 115.8815523 -31.9534829, 115.8814337 -31.9534838))",-31.95342211868817,115.88149045055052
building_2349,building_residential,W150122915,"POLYGON ((115.8816536 -31.9531893, 115.8816529 -31.9531203, 115.8816526 -31.9530914, 115.881689 -31.9530912, 115.8816889 -31.9530814, 115.8817317 -31.9530811, 115.881732 -31.9531095, 115.8817584 -31.9531093, 115.8817587 -31.9531458, 115.8817737 -31.9531457, 115.8817741 -31.9531885, 115.8816536 -31.9531893))",-31.95314132592581,115.88170784894193
building_2350,building_residential,W150122917,"POLYGON ((115.8815477 -31.9531901, 115.8814931 -31.9531904, 115.8814932 -31.9531996, 115.881443 -31.9532, 115.8814425 -31.9531466, 115.8814581 -31.9531465, 115.8814578 -31.9531131, 115.8814817 -31.953113, 115.8814815 -31.9530855, 115.8815232 -31.9530852, 115.8815233 -31.953095, 115.8815468 -31.9530948, 115.8815477 -31.9531901))",-31.95314658709563,115.88149870974776
building_2351,building_residential,W150122921,"POLYGON ((115.8813699 -31.9529784, 115.8812081 -31.9529796, 115.8812073 -31.9529041, 115.8812322 -31.9529039, 115.8812331 -31.9528671, 115.8812722 -31.9528678, 115.881274 -31.9528388, 115.8813836 -31.9528494, 115.8813803 -31.9528671, 115.8814104 -31.9528681, 115.8814108 -31.9529118, 115.8814269 -31.9529117, 115.8814275 -31.952978, 115.8813699 -31.9529784))",-31.952918637702037,115.88131833539852
building_2352,building_residential,W150122923,"POLYGON ((115.8815542 -31.9529784, 115.8815528 -31.9528419, 115.8816786 -31.952841, 115.88168 -31.9529775, 115.8815542 -31.9529784))",-31.952909699999996,115.88161639999998
building_2353,building_residential,W150122924,"POLYGON ((115.8815513 -31.9533891, 115.881551 -31.9533581, 115.8816464 -31.9533574, 115.8816476 -31.9534823, 115.8815523 -31.9534829, 115.8815513 -31.9533891))",-31.953420162720167,115.88159932546957
building_2354,building_residential,W150122925,"POLYGON ((115.8811776 -31.9534855, 115.8811764 -31.9533611, 115.8813025 -31.9533602, 115.8813033 -31.9534507, 115.8813037 -31.9534846, 115.8811776 -31.9534855))",-31.953422847399516,115.8812400317291
building_2355,building_residential,W150122926,"POLYGON ((115.8813709 -31.9530847, 115.881221 -31.9530858, 115.8812091 -31.9530859, 115.8812081 -31.9529796, 115.8813699 -31.9529784, 115.8813709 -31.9530847))",-31.95303214705512,115.88128950124275
building_2356,building_residential,W150122927,"POLYGON ((115.88168 -31.9529775, 115.8816786 -31.952841, 115.881737 -31.9528406, 115.8817371 -31.9528485, 115.8817926 -31.9528481, 115.8817939 -31.9529767, 115.88168 -31.9529775))",-31.952910722555888,115.8817354263931
building_2357,building_residential,W150122928,"POLYGON ((115.8810488 -31.953472, 115.8810478 -31.953362, 115.8811764 -31.9533611, 115.8811776 -31.9534855, 115.8810642 -31.9534863, 115.8810641 -31.9534719, 115.8810488 -31.953472))",-31.953422984825917,115.88111346577405
building_2358,building_residential,W150122929,"POLYGON ((115.8813717 -31.9531588, 115.8813575 -31.9531589, 115.8813578 -31.9531899, 115.881222 -31.9531909, 115.881221 -31.9530858, 115.8813709 -31.9530847, 115.8813717 -31.9531588))",-31.953136755328458,115.88129451930894
building_2359,building_residential,W150122931,"POLYGON ((115.8815477 -31.9531901, 115.8815468 -31.9530948, 115.8816408 -31.9530941, 115.8816411 -31.9531204, 115.8816529 -31.9531203, 115.8816536 -31.9531893, 115.8815477 -31.9531901))",-31.953143165786436,115.88159869909683
building_2360,building_residential,W150122933,"POLYGON ((115.8816476 -31.9534823, 115.8816464 -31.9533574, 115.8817253 -31.9533569, 115.8817382 -31.9533686, 115.881739 -31.9534507, 115.8817243 -31.9534508, 115.8817246 -31.9534817, 115.8816476 -31.9534823))",-31.95341799203167,115.88169093461457
building_2361,building_residential,W150122937,"POLYGON ((115.8809574 -31.9534865, 115.8808883 -31.9534869, 115.8808881 -31.9534652, 115.8808782 -31.9534653, 115.8808775 -31.9533907, 115.8808975 -31.9533708, 115.8809563 -31.9533704, 115.8809573 -31.9534702, 115.8809574 -31.9534865))",-31.953428710276295,115.8809189665413
building_2362,building_residential,W150122938,"POLYGON ((115.8814275 -31.952978, 115.8814269 -31.9529117, 115.8814262 -31.9528428, 115.8815528 -31.9528419, 115.8815542 -31.9529784, 115.8815542 -31.9529862, 115.8814961 -31.9529866, 115.881496 -31.9529775, 115.8814275 -31.952978))",-31.95291210986495,115.88149122875431
building_2363,building_residential,W150122939,"POLYGON ((115.8809573 -31.9534702, 115.8809563 -31.9533704, 115.8809563 -31.9533626, 115.8810478 -31.953362, 115.8810488 -31.953472, 115.881049 -31.9534863, 115.8809764 -31.9534868, 115.8809762 -31.9534701, 115.8809573 -31.9534702))",-31.953422903547974,115.88100362857541
building_2364,building_residential,W150125731,"POLYGON ((115.8820946 -31.9534949, 115.8820559 -31.9534952, 115.8820561 -31.95351, 115.8820174 -31.9535103, 115.8820175 -31.9535205, 115.8819398 -31.953521, 115.8819394 -31.9534831, 115.8819206 -31.9534832, 115.88192 -31.9534281, 115.8820939 -31.9534269, 115.8820946 -31.9534949))",-31.95346914561389,115.88200586256801
building_2365,building_residential,W150125732,"POLYGON ((115.8820063 -31.9531902, 115.8818804 -31.9531911, 115.8818799 -31.9531378, 115.8818903 -31.9531377, 115.88189 -31.9531067, 115.881884 -31.9531067, 115.8818835 -31.9530636, 115.8819531 -31.9530631, 115.8819535 -31.9531066, 115.8819472 -31.9531067, 115.8819475 -31.9531373, 115.8820058 -31.9531369, 115.8820063 -31.9531902))",-31.953136845649645,115.8819329223969
building_2366,building_residential,W150125733,"POLYGON ((115.8820526 -31.9532705, 115.8819106 -31.9532715, 115.8819098 -31.9531909, 115.8820063 -31.9531902, 115.8820518 -31.9531899, 115.8820526 -31.9532705))",-31.953230694886926,115.881981201026
building_2367,building_residential,W150125734,"POLYGON ((115.8822858 -31.9535075, 115.882286 -31.9534293, 115.8824526 -31.9534296, 115.8824525 -31.9534768, 115.8824226 -31.9534767, 115.8824226 -31.9535077, 115.8822858 -31.9535075))",-31.953466725867973,115.8823639746222
building_2368,building_residential,W150125735,"POLYGON ((115.882286 -31.9534293, 115.8822862 -31.9533476, 115.8824129 -31.9533478, 115.8824129 -31.953385, 115.8824526 -31.9533851, 115.8824526 -31.9534296, 115.882286 -31.9534293))",-31.95339129830551,115.88236163285411
building_2369,building_residential,W150125736,"POLYGON ((115.8824236 -31.9531944, 115.8822865 -31.9531942, 115.8822866 -31.9531091, 115.8824147 -31.9531093, 115.8824147 -31.9531374, 115.8824238 -31.9531446, 115.8824236 -31.9531944))",-31.9531524195983,115.88235351565605
building_2370,building_residential,W150125737,"POLYGON ((115.8824147 -31.9531093, 115.8822866 -31.9531091, 115.8822867 -31.9530721, 115.8822233 -31.9530108, 115.8822934 -31.9529586, 115.8824148 -31.9530722, 115.8824147 -31.9531093))",-31.953046292952365,115.88232201553085
building_2371,building_residential,W150125738,"POLYGON ((115.8822863 -31.9532678, 115.8822865 -31.9531942, 115.8824236 -31.9531944, 115.8824236 -31.9532317, 115.8824527 -31.9532317, 115.8824526 -31.953268, 115.8822863 -31.9532678))",-31.95323287089048,115.88236285338469
building_2372,building_residential,W150125739,"POLYGON ((115.8822857 -31.9535974, 115.8822858 -31.9535075, 115.8824226 -31.9535077, 115.8824225 -31.9535448, 115.8824516 -31.9535448, 115.8824515 -31.9535977, 115.8822857 -31.9535974))",-31.953554634028723,115.88236334352561
building_2373,building_residential,W150125740,"POLYGON ((115.8822862 -31.9533476, 115.8822863 -31.9532678, 115.8824526 -31.953268, 115.8824525 -31.9533179, 115.882413 -31.9533179, 115.8824129 -31.9533478, 115.8822862 -31.9533476))",-31.953305361989962,115.88236320087422
building_2374,building_residential,W150125742,"POLYGON ((115.8821068 -31.9529561, 115.8820475 -31.9529561, 115.8820475 -31.9529856, 115.8819806 -31.9529855, 115.8819807 -31.9529289, 115.8819808 -31.9528473, 115.8821069 -31.9528474, 115.8821068 -31.9529561))",-31.95291040433625,115.88204005194724
building_2375,building_residential,W150125743,"POLYGON ((115.8819807 -31.9529289, 115.8819545 -31.9529289, 115.8819545 -31.9529967, 115.881857 -31.9529966, 115.8818572 -31.952837, 115.8819808 -31.9528371, 115.8819808 -31.9528473, 115.8819807 -31.9529289))",-31.952912319974104,115.88191410075562
building_2376,building_residential,W150125744,"POLYGON ((115.88192 -31.9534281, 115.8819195 -31.9533769, 115.8819329 -31.9533768, 115.8819327 -31.9533541, 115.8820519 -31.9533532, 115.882052 -31.9533616, 115.8820933 -31.9533613, 115.8820939 -31.9534269, 115.88192 -31.9534281))",-31.953392090678346,115.88200675339
building_2377,building_residential,W150125745,"POLYGON ((115.8820526 -31.9532705, 115.8820922 -31.9532702, 115.8820928 -31.9533324, 115.8820517 -31.9533327, 115.8820519 -31.9533532, 115.8819327 -31.9533541, 115.8819114 -31.9533542, 115.8819106 -31.9532715, 115.8820526 -31.9532705))",-31.953310398113825,115.8819975966434
building_2378,building_residential,W150125746,"POLYGON ((115.8822233 -31.9530108, 115.8822934 -31.9529586, 115.8822491 -31.9529175, 115.8821781 -31.9528777, 115.8821069 -31.9528474, 115.8821068 -31.9529561, 115.8821714 -31.9529561, 115.8821714 -31.9529984, 115.8821897 -31.9529827, 115.8822233 -31.9530108))",-31.952932128434654,115.88218643753395
building_2379,building_residential,W150128979,"POLYGON ((115.8782806 -31.9517047, 115.8781472 -31.9517068, 115.8781458 -31.9516428, 115.8781566 -31.9516427, 115.8781559 -31.9516118, 115.8782702 -31.95161, 115.8782706 -31.9516317, 115.878221 -31.9516324, 115.8782212 -31.9516417, 115.8782792 -31.9516408, 115.8782806 -31.9517047))",-31.951660817473268,115.87821195412792
building_2380,building_residential,W150128980,"POLYGON ((115.8787403 -31.9514672, 115.8788668 -31.9514644, 115.878869 -31.9515162, 115.8788164 -31.9515178, 115.8788199 -31.9515992, 115.8788725 -31.9515976, 115.8788746 -31.951646, 115.8788715 -31.9516461, 115.8788735 -31.9516934, 115.8787876 -31.9516961, 115.8787861 -31.9516476, 115.8787418 -31.9516486, 115.8787403 -31.9514672))",-31.951577146415655,115.87880298275405
building_2381,building_residential,W150128981,"POLYGON ((115.8781559 -31.9516118, 115.8781538 -31.9515127, 115.8781667 -31.9515125, 115.8781664 -31.9515016, 115.8781776 -31.9515014, 115.8781774 -31.9514936, 115.8782235 -31.9514929, 115.8782233 -31.9514846, 115.8782863 -31.9514837, 115.8782871 -31.9515244, 115.8782428 -31.9515251, 115.8782432 -31.9515428, 115.8782687 -31.9515424, 115.8782702 -31.95161, 115.8781559 -31.9516118))",-31.951549461886366,115.87821601294924
building_2382,building_residential,W150128982,"POLYGON ((115.8786728 -31.9515223, 115.8786072 -31.9515233, 115.878606 -31.9514705, 115.8786717 -31.9514695, 115.8786728 -31.9515223))",-31.951496393302417,115.87863942469632
building_2383,building_residential,W150128983,"POLYGON ((115.8786072 -31.9515233, 115.878543 -31.9515243, 115.8785418 -31.9514715, 115.878606 -31.9514705, 115.8786072 -31.9515233))",-31.9514974,115.8785745
building_2384,building_residential,W150128985,"POLYGON ((115.8784185 -31.9515263, 115.8783527 -31.9515273, 115.8783516 -31.9514745, 115.8784173 -31.9514735, 115.8784185 -31.9515263))",-31.951500406687394,115.87838502530344
building_2385,building_residential,W150128986,"POLYGON ((115.8787335 -31.9515214, 115.8786728 -31.9515223, 115.8786717 -31.9514695, 115.8787324 -31.9514686, 115.8787335 -31.9515214))",-31.95149545,115.87870259999998
building_2386,building_residential,W150128987,"POLYGON ((115.8783516 -31.9514745, 115.8783527 -31.9515273, 115.8782874 -31.9515283, 115.8782863 -31.9514755, 115.8783516 -31.9514745))",-31.951501399999998,115.8783195
building_2387,building_residential,W150128989,"POLYGON ((115.878543 -31.9515243, 115.8784773 -31.9515253, 115.8784762 -31.9514726, 115.8785418 -31.9514715, 115.878543 -31.9515243))",-31.951498431379132,115.87850958567618
building_2388,building_residential,W150128992,"POLYGON ((115.8784773 -31.9515253, 115.8784185 -31.9515263, 115.8784173 -31.9514735, 115.8784762 -31.9514726, 115.8784773 -31.9515253))",-31.9514994178483,115.87844731539701
building_2389,building_residential,W150128994,"POLYGON ((115.8784785 -31.9517016, 115.8784125 -31.9517026, 115.8784099 -31.9515787, 115.8784094 -31.9515573, 115.8784753 -31.9515559, 115.8784785 -31.9517016))",-31.95162937193502,115.8784439514964
building_2390,building_residential,W150128996,"POLYGON ((115.8785444 -31.9517006, 115.8784785 -31.9517016, 115.8784753 -31.9515559, 115.8785413 -31.9515549, 115.8785444 -31.9517006))",-31.951628231596494,115.87850987454493
building_2391,building_residential,W150128997,"POLYGON ((115.8786104 -31.9516996, 115.8785444 -31.9517006, 115.8785416 -31.951569, 115.8785743 -31.9515685, 115.8785748 -31.9515957, 115.8786081 -31.9515952, 115.8786104 -31.9516996))",-31.95164041770496,115.8785742074942
building_2392,building_residential,W150128999,"POLYGON ((115.8784125 -31.9517026, 115.8783466 -31.9517037, 115.8783435 -31.9515604, 115.8783895 -31.9515597, 115.87839 -31.9515803, 115.8784099 -31.9515787, 115.8784125 -31.9517026))",-31.95163423543249,115.87837706908836
building_2393,building_residential,W150129002,"POLYGON ((115.8786763 -31.9516985, 115.8786104 -31.9516996, 115.8786081 -31.9515952, 115.8786406 -31.9515947, 115.87864 -31.9515687, 115.8786735 -31.9515682, 115.8786763 -31.9516985))",-31.951639518649525,115.87864387476287
building_2394,building_residential,W150129003,"POLYGON ((115.8787423 -31.9516975, 115.8786763 -31.9516985, 115.8786735 -31.9515681, 115.8787088 -31.9515675, 115.8787094 -31.9515936, 115.87874 -31.9515931, 115.8787423 -31.9516975))",-31.951638156402872,115.8787061947919
building_2395,building_residential,W150129004,"POLYGON ((115.8783466 -31.9517037, 115.8782806 -31.9517047, 115.8782792 -31.9516408, 115.878278 -31.9515815, 115.8783026 -31.9515812, 115.8783023 -31.95157, 115.8783286 -31.9515695, 115.8783288 -31.9515807, 115.8783439 -31.9515805, 115.8783466 -31.9517037))",-31.951640275838905,115.87831238111076
building_2396,building_apartments,W150159542,"POLYGON ((115.8772719 -31.9505178, 115.8770537 -31.9505195, 115.8770518 -31.9503398, 115.877068 -31.9503222, 115.8771483 -31.9503216, 115.8771473 -31.950227, 115.8771605 -31.9502146, 115.8771817 -31.9502144, 115.8771809 -31.9501413, 115.8771938 -31.9501314, 115.8774018 -31.9501298, 115.877405 -31.9504194, 115.8772708 -31.9504204, 115.8772719 -31.9505178))",-31.950328242776006,115.87723894608662
building_2397,building_yes,W150159543,"POLYGON ((115.8769899 -31.9508105, 115.8769891 -31.9507344, 115.8769957 -31.9507343, 115.8769935 -31.9505383, 115.877061 -31.9505378, 115.8770612 -31.9505539, 115.8771437 -31.9505533, 115.8771438 -31.9505602, 115.8772142 -31.9505597, 115.8772145 -31.9505864, 115.8772612 -31.9505861, 115.8772628 -31.9507357, 115.8772277 -31.9507359, 115.8772285 -31.9508086, 115.8769899 -31.9508105))",-31.950679925282618,115.87711835443397
building_2398,building_yes,W150404572,"POLYGON ((115.8548091 -31.9445229, 115.854717 -31.9444814, 115.8548409 -31.9442833, 115.8548848 -31.9443031, 115.8548638 -31.9443367, 115.8548585 -31.9443344, 115.8548307 -31.9443788, 115.8548778 -31.9444, 115.8548576 -31.9444323, 115.854864 -31.9444351, 115.8548091 -31.9445229))",-31.944417070626915,115.85480801793898
building_2399,building_yes,W150404573,"POLYGON ((115.8543387 -31.9443167, 115.8543373 -31.944319, 115.8542968 -31.9443008, 115.8542896 -31.9443124, 115.8542391 -31.9442896, 115.8542596 -31.9442569, 115.8542909 -31.9442069, 115.8543887 -31.9440506, 115.8544796 -31.9440916, 115.8544153 -31.9441943, 115.8543387 -31.9443167))",-31.94418784486467,115.85436036719103
building_2400,building_yes,W150404574,"POLYGON ((115.854717 -31.9444814, 115.8546234 -31.9444392, 115.8546659 -31.9443713, 115.8546701 -31.9443732, 115.854704 -31.944319, 115.8547372 -31.944334, 115.8547604 -31.944297, 115.8547372 -31.9442866, 115.8547782 -31.944221, 115.8548575 -31.9442567, 115.8548409 -31.9442833, 115.854717 -31.9444814))",-31.944356018343196,115.85474141606122
building_2401,building_yes,W150404575,"POLYGON ((115.8546234 -31.9444392, 115.8545321 -31.9443981, 115.8545728 -31.9443331, 115.8546087 -31.9443493, 115.8546254 -31.9443226, 115.8545895 -31.9443064, 115.8546201 -31.9442575, 115.8546808 -31.9442848, 115.854671 -31.9443005, 115.8547015 -31.9443143, 115.8546659 -31.9443713, 115.8546234 -31.9444392))",-31.944352131135314,115.85462072445756
building_2402,building_yes,W150404576,"POLYGON ((115.8539863 -31.943809, 115.854166 -31.9438899, 115.854078 -31.9440306, 115.8540852 -31.9440338, 115.8540165 -31.9441437, 115.8539832 -31.9441287, 115.85397 -31.9441499, 115.8538739 -31.9441066, 115.8538788 -31.9440988, 115.8538649 -31.9440864, 115.853854 -31.9440708, 115.8538512 -31.9440555, 115.8538533 -31.9440406, 115.8538441 -31.9440365, 115.8539863 -31.943809))",-31.943982673479063,115.85399617186688
building_2403,building_yes,W150404577,"POLYGON ((115.8535808 -31.943115, 115.8534391 -31.9430512, 115.853527 -31.9429107, 115.8536687 -31.9429745, 115.8535808 -31.943115))",-31.94301285,115.8535539
building_2404,building_yes,W150404578,"POLYGON ((115.8534391 -31.9430512, 115.8528786 -31.9427987, 115.8529665 -31.9426582, 115.853527 -31.9429107, 115.8534391 -31.9430512))",-31.942854699999994,115.85320279999996
building_2405,building_yes,W150404579,"POLYGON ((115.8543387 -31.9443167, 115.8544153 -31.9441943, 115.8545074 -31.9442358, 115.8544308 -31.9443582, 115.8543387 -31.9443167))",-31.944276249999994,115.85442305
building_2406,building_yes,W150404580,"POLYGON ((115.8543932 -31.943629, 115.854544 -31.9433878, 115.8547406 -31.9434763, 115.8545898 -31.9437175, 115.8543932 -31.943629))",-31.94355265,115.85456690000001
building_2407,building_yes,W150404581,"POLYGON ((115.8546749 -31.9438436, 115.8548329 -31.9439148, 115.8550979 -31.9440341, 115.8549739 -31.9442323, 115.8545509 -31.9440418, 115.8546321 -31.9439121, 115.8546749 -31.9438436))",-31.944037964688977,115.8548244067141
building_2408,building_yes,W150404582,"POLYGON ((115.8536994 -31.9429898, 115.8538232 -31.9430456, 115.8537376 -31.9431824, 115.8536384 -31.9431377, 115.853682 -31.943068, 115.8536574 -31.943057, 115.8536994 -31.9429898))",-31.943084843184998,115.853726450762
building_2409,building_yes,W150404583,"POLYGON ((115.8541602 -31.9435423, 115.8542924 -31.943331, 115.8543798 -31.9433139, 115.854544 -31.9433878, 115.8543932 -31.943629, 115.8543842 -31.9436432, 115.8541602 -31.9435423))",-31.943468726048863,115.85435261506451
building_2410,building_yes,W150404584,"POLYGON ((115.8545321 -31.9443981, 115.8544427 -31.9443578, 115.8545262 -31.9442244, 115.8545934 -31.9442547, 115.8545743 -31.9442852, 115.8545965 -31.9442952, 115.8545728 -31.9443331, 115.8545321 -31.9443981))",-31.944313438134344,115.85452518898163
building_2411,building_yes,W150404585,"POLYGON ((115.8541511 -31.9435575, 115.8543043 -31.9436265, 115.8542208 -31.94376, 115.8542523 -31.9437742, 115.8542321 -31.9438066, 115.8542006 -31.9437924, 115.8541498 -31.9438736, 115.8539966 -31.9438046, 115.8541511 -31.9435575))",-31.943717330489953,115.8541524413386
building_2412,building_yes,W150404586,"POLYGON ((115.8547771 -31.9435125, 115.8548337 -31.943538, 115.8548385 -31.9435305, 115.8549287 -31.9435711, 115.8547783 -31.9438115, 115.8546862 -31.94377, 115.8548031 -31.943583, 115.8547484 -31.9435583, 115.8547771 -31.9435125))",-31.943658117945994,115.85480565422866
building_2413,building_yes,W150404587,"POLYGON ((115.8537617 -31.9431717, 115.8538365 -31.9430521, 115.8540707 -31.9431575, 115.8540883 -31.9431938, 115.8540581 -31.9432422, 115.8539015 -31.9431717, 115.8538862 -31.9431962, 115.8538262 -31.9431692, 115.8538108 -31.9431938, 115.8537617 -31.9431717))",-31.94314945103909,115.85392382136475
building_2414,building_yes,W150404588,"POLYGON ((115.8541589 -31.9442316, 115.8541513 -31.9442437, 115.8541004 -31.9442208, 115.854096 -31.9442277, 115.8540482 -31.9442062, 115.8541441 -31.9440529, 115.8542327 -31.9440928, 115.8541928 -31.9441567, 115.8542029 -31.9441612, 115.8541589 -31.9442316))",-31.944150813443468,115.85414276884889
building_2415,building_yes,W150404589,"POLYGON ((115.8546321 -31.9439121, 115.8545509 -31.9440418, 115.8545335 -31.9440697, 115.8542461 -31.9439402, 115.8543447 -31.9437826, 115.8543808 -31.9437989, 115.8544129 -31.9437475, 115.8545138 -31.943793, 115.8544817 -31.9438443, 115.8546321 -31.9439121))",-31.943912778487736,115.85443993630592
building_2416,building_yes,W150404590,"POLYGON ((115.8542596 -31.9442569, 115.8542111 -31.9442351, 115.8542014 -31.9442507, 115.8541589 -31.9442316, 115.8542029 -31.9441612, 115.854243 -31.9440973, 115.8543255 -31.9441344, 115.8542825 -31.9442031, 115.8542909 -31.9442069, 115.8542596 -31.9442569))",-31.944180860381127,115.85424421797642
building_2417,building_yes,W150446430,"POLYGON ((115.8613694 -31.954367, 115.8613011 -31.9543428, 115.8612358 -31.9543197, 115.8612464 -31.9542958, 115.8614627 -31.9538435, 115.8612272 -31.9537687, 115.8610886 -31.9540812, 115.8610149 -31.9542416, 115.8609505 -31.9543744, 115.8608457 -31.9543379, 115.8608541 -31.9543206, 115.8605405 -31.9542162, 115.8604813 -31.9543507, 115.8606528 -31.9544079, 115.8605438 -31.9546435, 115.8609104 -31.9547672, 115.8611068 -31.9548335, 115.8612212 -31.9545933, 115.8612561 -31.9546047, 115.8613082 -31.9544977, 115.8613694 -31.954367))",-31.954375399992237,115.86101527393959
building_2418,building_yes,W150484744,"POLYGON ((115.8631325 -31.9571884, 115.8631747 -31.9570968, 115.863316 -31.9571437, 115.8632854 -31.9572101, 115.8632444 -31.9571964, 115.8632392 -31.9572078, 115.8632067 -31.957197, 115.8632003 -31.9572109, 115.8631325 -31.9571884))",-31.957159841071523,115.86322127799309
building_2419,building_yes,W150535540,"POLYGON ((115.8664066 -31.9562213, 115.8663101 -31.9561892, 115.8663078 -31.9561943, 115.8662659 -31.9561804, 115.8662715 -31.9561685, 115.866164 -31.9561327, 115.8662269 -31.9559964, 115.8663347 -31.9560323, 115.8663409 -31.9560189, 115.8663815 -31.9560324, 115.8663787 -31.9560384, 115.8664762 -31.9560708, 115.8664066 -31.9562213))",-31.956106219448664,115.86632147678819
building_2420,building_yes,W150535541,"POLYGON ((115.8667742 -31.9566393, 115.8667497 -31.9566311, 115.866748 -31.9566348, 115.866386 -31.9565144, 115.8663877 -31.9565107, 115.866361 -31.9565019, 115.8664382 -31.9563348, 115.8664427 -31.9563363, 115.8664552 -31.9563093, 115.8664971 -31.9563233, 115.8664847 -31.9563502, 115.8666357 -31.9564005, 115.8666425 -31.9563857, 115.8667445 -31.9564196, 115.8667377 -31.9564344, 115.8668514 -31.9564722, 115.8667742 -31.9566393))",-31.956484565943473,115.86660512742365
building_2421,building_yes,W150535542,"POLYGON ((115.8682167 -31.956482, 115.8678619 -31.9563641, 115.8678884 -31.9563067, 115.8678809 -31.9563042, 115.867908 -31.9562455, 115.8681392 -31.9563224, 115.8681674 -31.9562612, 115.8681438 -31.9562533, 115.8681653 -31.9562068, 115.8681893 -31.9562148, 115.8681977 -31.9561965, 115.868187 -31.956193, 115.8682025 -31.9561596, 115.8682536 -31.9561766, 115.8682923 -31.9560928, 115.8683826 -31.9561229, 115.8682167 -31.956482))",-31.956309420415057,115.8681451542709
building_2422,building_yes,W150535543,"POLYGON ((115.8675281 -31.9569162, 115.8673287 -31.9568499, 115.8673406 -31.956824, 115.8673021 -31.9568194, 115.8673094 -31.9567813, 115.8671427 -31.9567582, 115.8671307 -31.9567841, 115.8667974 -31.9566733, 115.866817 -31.9566309, 115.8668688 -31.9565188, 115.8669084 -31.956433, 115.8672209 -31.9565369, 115.8672195 -31.9564767, 115.8673221 -31.956474, 115.867324 -31.9565409, 115.8675954 -31.9565377, 115.8676063 -31.9568477, 115.8675587 -31.95685, 115.8675281 -31.9569162))",-31.956656811233422,115.86724567308377
building_2423,building_yes,W150535544,"POLYGON ((115.8687384 -31.9569419, 115.8686552 -31.9569143, 115.8686887 -31.9568419, 115.8686643 -31.9568339, 115.8686309 -31.9569062, 115.8685441 -31.9568773, 115.8685774 -31.9568051, 115.868553 -31.956797, 115.8685196 -31.9568692, 115.8684005 -31.9568296, 115.8685281 -31.9565535, 115.8686455 -31.9565925, 115.8686022 -31.9566864, 115.8686325 -31.9566964, 115.8686686 -31.9566183, 115.8687461 -31.9566441, 115.8687103 -31.9567217, 115.8687358 -31.9567302, 115.868759 -31.9566799, 115.8688461 -31.9567089, 115.8687384 -31.9569419))",-31.956754095912654,115.86862136741433
building_2424,building_yes,W150535545,"POLYGON ((115.8683438 -31.9567509, 115.8681638 -31.956691, 115.8681894 -31.9566356, 115.8683694 -31.9566955, 115.8683438 -31.9567509))",-31.956693249999997,115.8682666
building_2425,building_yes,W150535546,"POLYGON ((115.8677595 -31.956482, 115.8675767 -31.9564212, 115.8676009 -31.9563688, 115.8676295 -31.9563783, 115.8676505 -31.9563328, 115.8675804 -31.9563095, 115.8675876 -31.9562939, 115.8675555 -31.9562832, 115.8675483 -31.9562988, 115.8675027 -31.9562837, 115.8674998 -31.95629, 115.8673932 -31.9562545, 115.8673961 -31.9562482, 115.8673533 -31.956234, 115.867444 -31.9560377, 115.8674902 -31.956053, 115.8674984 -31.9560353, 115.8675983 -31.9560685, 115.8675906 -31.9560851, 115.8676383 -31.956101, 115.8675942 -31.9561965, 115.8676221 -31.9562057, 115.8676684 -31.9561055, 115.8676331 -31.9560938, 115.8676472 -31.9560634, 115.8675722 -31.9560385, 115.8676079 -31.955961, 115.8676234 -31.9559662, 115.8676506 -31.9559072, 115.8679384 -31.9560029, 115.8679148 -31.9560541, 115.8679198 -31.9560558, 115.8678894 -31.9561216, 115.8678832 -31.9561196, 115.8678605 -31.9561688, 115.8678213 -31.9561558, 115.8678125 -31.9561748, 115.8678517 -31.9561878, 115.8678378 -31.956218, 115.8678783 -31.9562315, 115.8678702 -31.956249, 115.8678725 -31.9562498, 115.8678442 -31.956311, 115.8678399 -31.9563096, 115.8678195 -31.9563537, 115.8678238 -31.9563551, 115.8678054 -31.9563951, 115.8678004 -31.9563934, 115.8677595 -31.956482))",-31.95617682982071,115.86767092959673
building_2426,building_yes,W150535547,"POLYGON ((115.8662529 -31.9563813, 115.8661644 -31.9563519, 115.8661739 -31.9563314, 115.8660905 -31.9563037, 115.866122 -31.9562356, 115.8662938 -31.9562928, 115.8662529 -31.9563813))",-31.956306023875232,115.8661949992685
building_2427,building_yes,W150535548,"POLYGON ((115.8677558 -31.9565547, 115.867811 -31.9564352, 115.8679896 -31.9564946, 115.8679949 -31.9564832, 115.8680625 -31.9565057, 115.8680572 -31.956517, 115.8681894 -31.956561, 115.8681634 -31.9566173, 115.8681343 -31.9566805, 115.8677558 -31.9565547))",-31.95655688335463,115.86797351066222
building_2428,building_yes,W150535549,"POLYGON ((115.8663691 -31.9564281, 115.8662639 -31.9563931, 115.8663478 -31.9562113, 115.8664531 -31.9562463, 115.8664193 -31.9563195, 115.8664299 -31.956323, 115.8663932 -31.9564024, 115.8663826 -31.9563989, 115.8663691 -31.9564281))",-31.95632142628575,115.86636049790674
building_2429,building_yes,W150535550,"POLYGON ((115.8677465 -31.9565768, 115.8679419 -31.9566418, 115.8678986 -31.9567355, 115.8679333 -31.9567471, 115.8678591 -31.9569078, 115.8678243 -31.9568963, 115.8677837 -31.9569842, 115.8675883 -31.9569193, 115.8677465 -31.9565768))",-31.956783688756776,115.86777385750622
building_2430,building_yes,W150555379,"POLYGON ((115.8673802 -31.9561484, 115.8672101 -31.9560918, 115.8672182 -31.9560742, 115.8670245 -31.9560097, 115.8671498 -31.9557386, 115.867249 -31.9557717, 115.8672428 -31.955785, 115.8673805 -31.9558309, 115.8673445 -31.9559086, 115.867313 -31.9558981, 115.8673199 -31.9558831, 115.8672621 -31.9558639, 115.8672173 -31.9559606, 115.8673067 -31.9559904, 115.867298 -31.9560091, 115.867425 -31.9560514, 115.8673802 -31.9561484))",-31.95594703637421,115.86721812782963
building_2431,building_yes,W150555382,"POLYGON ((115.8686447 -31.9562122, 115.8686474 -31.9562064, 115.8686967 -31.9562228, 115.868694 -31.9562286, 115.8687942 -31.9562619, 115.8687967 -31.9562567, 115.8688425 -31.9562719, 115.8688401 -31.9562772, 115.8689434 -31.9563115, 115.8689794 -31.9563354, 115.8690004 -31.9563678, 115.8690037 -31.9564046, 115.8689897 -31.9564366, 115.8689793 -31.9564591, 115.8689887 -31.9564622, 115.8689695 -31.9565038, 115.8689601 -31.9565007, 115.8689169 -31.9565943, 115.8689253 -31.9565971, 115.8689059 -31.9566391, 115.8688975 -31.9566363, 115.8688881 -31.9566565, 115.8687736 -31.9566184, 115.8687796 -31.9566054, 115.8687766 -31.9566044, 115.8688405 -31.9564661, 115.8687966 -31.9564515, 115.8685692 -31.9563759, 115.8686447 -31.9562122))",-31.956404229751268,115.86881174777025
building_2432,building_yes,W150555384,"POLYGON ((115.8670666 -31.9560751, 115.8673543 -31.956171, 115.8672891 -31.9563118, 115.8670026 -31.9562163, 115.867016 -31.9561874, 115.8669886 -31.9561782, 115.8670271 -31.956095, 115.8670534 -31.9561037, 115.8670666 -31.9560751))",-31.95619075844236,115.86716996089127
building_2433,building_yes,W150555422,"POLYGON ((115.8683946 -31.9571607, 115.8685146 -31.9569009, 115.8687117 -31.9569664, 115.8686143 -31.9571774, 115.8685333 -31.9572068, 115.8683946 -31.9571607))",-31.957059554110916,115.86855239900432
building_2434,building_yes,W150565727,"POLYGON ((115.8666139 -31.9526431, 115.8665849 -31.9526339, 115.8665718 -31.9526638, 115.8665355 -31.9526523, 115.8665383 -31.9526458, 115.8663321 -31.9525805, 115.8663292 -31.9525869, 115.8662705 -31.9525683, 115.8662862 -31.9525326, 115.866262 -31.9525249, 115.8663244 -31.9523831, 115.8663472 -31.9523903, 115.8663553 -31.9523718, 115.8664697 -31.9524081, 115.8664852 -31.9523729, 115.866586 -31.9524049, 115.8665698 -31.9524416, 115.866675 -31.952475, 115.8666611 -31.9525066, 115.8666724 -31.9525101, 115.8666139 -31.9526431))",-31.952510257106056,115.86647060989662
building_2435,building_residential,W150590517,"POLYGON ((115.8790035 -31.9515955, 115.8790032 -31.9515711, 115.8789641 -31.9515714, 115.8789637 -31.9515355, 115.8789726 -31.9515354, 115.8789721 -31.9514868, 115.8790647 -31.9514861, 115.8790654 -31.9515446, 115.8790657 -31.9515769, 115.8790659 -31.951595, 115.8790035 -31.9515955))",-31.951538084533322,115.87901966650699
building_2436,building_residential,W150590518,"POLYGON ((115.8792024 -31.9515695, 115.8792028 -31.9516084, 115.8792416 -31.9516081, 115.8792426 -31.951707, 115.8791813 -31.9517075, 115.8791802 -31.9516004, 115.8791795 -31.9515382, 115.8791789 -31.9514809, 115.8792402 -31.9514804, 115.8792412 -31.9515692, 115.8792024 -31.9515695))",-31.95159456707476,115.87920940266936
building_2437,building_residential,W150590519,"POLYGON ((115.8789795 -31.9517091, 115.8789789 -31.9516545, 115.8790041 -31.9516543, 115.8790035 -31.9515955, 115.8790659 -31.951595, 115.8790672 -31.9517084, 115.879048 -31.9517085, 115.879048 -31.9517139, 115.8789965 -31.9517143, 115.8789965 -31.9517089, 115.8789795 -31.9517091))",-31.951658515789976,115.87902805333384
building_2438,building_residential,W150590520,"POLYGON ((115.8793053 -31.9516962, 115.879303 -31.9514799, 115.8793691 -31.9514794, 115.8793735 -31.9514794, 115.8793739 -31.9515111, 115.8794035 -31.9515109, 115.8794042 -31.9515736, 115.8793844 -31.9515737, 115.8793848 -31.9516103, 115.8793988 -31.9516102, 115.8793989 -31.9516202, 115.8794047 -31.9516201, 115.8794055 -31.9516955, 115.8793926 -31.9516956, 115.8793927 -31.9517063, 115.8793222 -31.9517068, 115.879322 -31.9516961, 115.8793053 -31.9516962))",-31.95159581842964,115.87935126341479
building_2439,building_residential,W150590521,"POLYGON ((115.8791262 -31.9515387, 115.8790659 -31.9515391, 115.8790653 -31.9514818, 115.8791256 -31.9514813, 115.8791262 -31.9515387))",-31.951510224851702,115.87909575876043
building_2440,building_residential,W150590522,"POLYGON ((115.8791795 -31.9515382, 115.8791262 -31.9515387, 115.8791256 -31.9514813, 115.8791789 -31.9514809, 115.8791795 -31.9515382))",-31.951509775159185,115.87915254225682
building_2441,building_residential,W150590523,"POLYGON ((115.8790672 -31.9517084, 115.8790657 -31.9515769, 115.879123 -31.9515765, 115.8791245 -31.9517079, 115.8790672 -31.9517084))",-31.951642425246657,115.87909509637025
building_2442,building_residential,W150590524,"POLYGON ((115.879123 -31.9515765, 115.8791773 -31.9515761, 115.8791776 -31.9516004, 115.8791802 -31.9516004, 115.8791813 -31.9517075, 115.8791245 -31.9517079, 115.879123 -31.9515765))",-31.95164242911471,115.87915195905651
building_2443,building_residential,W150590525,"POLYGON ((115.879303 -31.9514799, 115.8793053 -31.9516962, 115.8793054 -31.9517065, 115.8792426 -31.951707, 115.8792416 -31.9516081, 115.8792793 -31.9516078, 115.8792789 -31.9515689, 115.8792412 -31.9515692, 115.8792402 -31.9514804, 115.879303 -31.9514799))",-31.951594025041373,115.87927426261518
building_2444,building_residential,W150594370,"POLYGON ((115.8799107 -31.9516566, 115.8799101 -31.9516038, 115.8799507 -31.9516035, 115.8799504 -31.951574, 115.8800224 -31.9515734, 115.8800315 -31.9515734, 115.8800325 -31.9516556, 115.8800325 -31.9516579, 115.8800327 -31.9516748, 115.8799893 -31.9516752, 115.8799893 -31.9516686, 115.8799553 -31.9516688, 115.8799552 -31.9516585, 115.8799107 -31.9516589, 115.8799107 -31.9516566))",-31.95162458025959,115.87997884400512
building_2445,building_residential,W150594372,"POLYGON ((115.8799504 -31.951574, 115.8799499 -31.9515336, 115.8799095 -31.9515339, 115.879909 -31.9514882, 115.8799192 -31.9514881, 115.8799189 -31.9514649, 115.8800014 -31.9514642, 115.8800212 -31.9514729, 115.8800213 -31.951487, 115.8800131 -31.951487, 115.8800132 -31.9514984, 115.8800215 -31.9514983, 115.880022 -31.951546, 115.8800143 -31.951546, 115.8800144 -31.9515556, 115.8800221 -31.9515555, 115.8800224 -31.9515734, 115.8799504 -31.951574))",-31.95151505842663,115.87997117015644
building_2446,building_residential,W150594375,"POLYGON ((115.8795216 -31.9514677, 115.8796357 -31.9514668, 115.8796364 -31.9515236, 115.8796366 -31.9515467, 115.8796379 -31.951652, 115.8796382 -31.9516822, 115.8796072 -31.9516825, 115.8796071 -31.9516725, 115.879524 -31.9516732, 115.8795233 -31.951613, 115.8795603 -31.9516127, 115.87956 -31.9515807, 115.8795486 -31.9515808, 115.8795484 -31.9515608, 115.8795597 -31.9515607, 115.8795594 -31.9515283, 115.8795223 -31.9515286, 115.8795216 -31.9514677))",-31.951571487668197,115.87958598108345
building_2447,building_residential,W150594377,"POLYGON ((115.8797715 -31.9515221, 115.8797709 -31.9514657, 115.8798367 -31.9514651, 115.8798374 -31.9515216, 115.8797715 -31.9515221))",-31.95149363197896,115.87980413488252
building_2448,building_residential,W150594378,"POLYGON ((115.8798387 -31.9515492, 115.8799095 -31.9515486, 115.8799101 -31.9516038, 115.8799107 -31.9516566, 115.87984 -31.9516572, 115.8798387 -31.9515492))",-31.951602887270173,115.87987472147314
building_2449,building_residential,W150594381,"POLYGON ((115.8798367 -31.9514651, 115.8799085 -31.9514645, 115.8799094 -31.9515472, 115.8798898 -31.9515474, 115.8798895 -31.9515211, 115.8798374 -31.9515216, 115.8798367 -31.9514651))",-31.951497665688876,115.87987591450319
building_2450,building_residential,W150594382,"POLYGON ((115.8797719 -31.9515497, 115.8797716 -31.9515294, 115.879804 -31.9515291, 115.8798042 -31.9515495, 115.8798387 -31.9515492, 115.87984 -31.9516572, 115.8797731 -31.9516578, 115.879773 -31.9516436, 115.8797719 -31.9515497))",-31.951598138256283,115.87980443051242
building_2451,building_residential,W150594386,"POLYGON ((115.8797056 -31.9516441, 115.8797035 -31.9514662, 115.8797709 -31.9514657, 115.8797715 -31.9515221, 115.8797429 -31.9515224, 115.8797432 -31.95155, 115.8797719 -31.9515497, 115.879773 -31.9516436, 115.8797056 -31.9516441))",-31.951556241873472,115.87973689272309
building_2452,building_yes,W150594387,"POLYGON ((115.8796357 -31.9514668, 115.8797035 -31.9514662, 115.8797056 -31.9516441, 115.8797057 -31.9516514, 115.8796379 -31.951652, 115.8796366 -31.9515467, 115.8796643 -31.9515465, 115.879664 -31.9515234, 115.8796364 -31.9515236, 115.8796357 -31.9514668))",-31.951560393431706,115.87967178229422
building_2453,building_residential,W150595158,"POLYGON ((115.878745 -31.9510662, 115.8788069 -31.9510656, 115.878807 -31.9510785, 115.8788552 -31.9510781, 115.8788564 -31.9511775, 115.8788307 -31.9511777, 115.8788312 -31.9512158, 115.8787635 -31.9512164, 115.878763 -31.9511783, 115.8787464 -31.9511785, 115.878745 -31.9510662))",-31.951137548277313,115.87879874497763
building_2454,building_residential,W150595159,"POLYGON ((115.8787486 -31.9514072, 115.8787468 -31.9512665, 115.8788073 -31.9512659, 115.8788074 -31.9512738, 115.8788305 -31.9512736, 115.8788306 -31.9512838, 115.8788671 -31.9512835, 115.8788686 -31.9514061, 115.8788308 -31.9514065, 115.8788309 -31.9514181, 115.8787487 -31.9514188, 115.8787486 -31.9514072))",-31.95134368397549,115.87880500070617
building_2455,building_residential,W150595160,"POLYGON ((115.878511 -31.9514149, 115.8785093 -31.9512814, 115.8785365 -31.9512812, 115.8785362 -31.9512634, 115.8785971 -31.9512629, 115.8785973 -31.9512806, 115.8786191 -31.9512805, 115.8786201 -31.9513681, 115.878627 -31.951368, 115.8786275 -31.9514083, 115.8786276 -31.9514138, 115.878511 -31.9514149))",-31.951343402759573,115.87856628187625
building_2456,building_residential,W150595161,"POLYGON ((115.878511 -31.9514149, 115.8783994 -31.9514159, 115.8783981 -31.951307, 115.8784571 -31.9513065, 115.8784566 -31.9512646, 115.8785091 -31.9512641, 115.8785093 -31.9512814, 115.8785097 -31.9513087, 115.8785102 -31.9513514, 115.878511 -31.9514149))",-31.951349358564265,115.87845891749993
building_2457,building_residential,W150595162,"POLYGON ((115.879822 -31.95138, 115.8798183 -31.9510548, 115.8800081 -31.9510533, 115.8800094 -31.9511613, 115.8799797 -31.9511615, 115.8799799 -31.9511794, 115.8799872 -31.9511959, 115.8799894 -31.9512148, 115.879987 -31.951233, 115.8799807 -31.9512502, 115.8799809 -31.9512668, 115.8800105 -31.9512665, 115.8800118 -31.9513785, 115.879822 -31.95138))",-31.95121676325766,115.87991130009284
building_2458,building_residential,W150595163,"POLYGON ((115.8787469 -31.9512167, 115.878685 -31.9512172, 115.8786845 -31.9511765, 115.8786676 -31.9511767, 115.8786675 -31.9511702, 115.8786446 -31.9511704, 115.8786443 -31.9511435, 115.8786406 -31.9511435, 115.8786401 -31.9510999, 115.8786437 -31.9510999, 115.8786436 -31.9510873, 115.8786817 -31.951087, 115.8786814 -31.9510667, 115.878745 -31.9510662, 115.8787464 -31.9511785, 115.8787469 -31.9512167))",-31.95113821744542,115.87870063468722
building_2459,building_residential,W150595164,"POLYGON ((115.8783812 -31.9513736, 115.8783676 -31.9513737, 115.878368 -31.9514112, 115.8783228 -31.9514116, 115.8783226 -31.9513905, 115.8782785 -31.9513909, 115.8782783 -31.9513744, 115.8781773 -31.9513752, 115.8781751 -31.9511769, 115.8781659 -31.9511769, 115.8781655 -31.9511391, 115.8781746 -31.951139, 115.8781739 -31.9510758, 115.8782057 -31.9510755, 115.8782056 -31.9510624, 115.8782434 -31.9510621, 115.8782435 -31.9510752, 115.8783778 -31.9510741, 115.8783786 -31.9511409, 115.8783866 -31.9511409, 115.8783872 -31.9511948, 115.8783792 -31.9511948, 115.8783812 -31.9513736))",-31.95122890237731,115.87827932192788
building_2460,building_residential,W150595165,"POLYGON ((115.8786275 -31.9514083, 115.878627 -31.951368, 115.8786258 -31.9512675, 115.8787468 -31.9512665, 115.8787486 -31.9514072, 115.8786275 -31.9514083))",-31.95133738545554,115.87868716466834
building_2461,building_residential,W150595166,"POLYGON ((115.8785009 -31.951225, 115.8783951 -31.9512259, 115.8783933 -31.9510746, 115.8784575 -31.951074, 115.8784576 -31.9510822, 115.8785046 -31.9510818, 115.8785053 -31.9511416, 115.8784998 -31.9511417, 115.8785009 -31.951225))",-31.951150540072604,115.87844753525302
building_2462,building_residential,W150595167,"POLYGON ((115.8785053 -31.9511416, 115.8785046 -31.9510818, 115.878564 -31.9510813, 115.8785638 -31.951073, 115.8786286 -31.9510724, 115.8786292 -31.9511254, 115.8786186 -31.9511255, 115.8786198 -31.9512246, 115.8785064 -31.9512256, 115.8785053 -31.9511416))",-31.95114945763933,115.87856494234332
building_2463,building_yes,W150596321,"POLYGON ((115.8773888 -31.9493912, 115.8773538 -31.9493918, 115.8773541 -31.9494021, 115.8770645 -31.9494065, 115.8770578 -31.9490913, 115.8770928 -31.9490908, 115.8770919 -31.9490464, 115.8773436 -31.9490426, 115.8773439 -31.9490549, 115.8773817 -31.9490543, 115.8773888 -31.9493912))",-31.949226533494706,115.87722392847365
building_2464,building_yes,W150596322,"POLYGON ((115.877378 -31.9495504, 115.8773812 -31.9497036, 115.8770699 -31.9497083, 115.8770666 -31.9495552, 115.877378 -31.9495504))",-31.94962937056085,115.87722394158878
building_2465,building_yes,W150596323,"POLYGON ((115.8770699 -31.9497083, 115.8773812 -31.9497036, 115.8773865 -31.9499507, 115.8773554 -31.9499718, 115.8771516 -31.9499598, 115.8770743 -31.9498928, 115.877091 -31.9498794, 115.8770732 -31.9498635, 115.8770699 -31.9497083))",-31.949831398402353,115.87723449504522
building_2466,building_yes,W150615840,"POLYGON ((115.8782353 -31.9504984, 115.8780776 -31.9504993, 115.8780775 -31.9504873, 115.8780753 -31.9502158, 115.8780751 -31.9501818, 115.8780955 -31.9501816, 115.8781312 -31.9502175, 115.878175 -31.9502173, 115.8781754 -31.950273, 115.8782335 -31.9502727, 115.8782353 -31.9504984))",-31.95036168634634,115.87814966176761
building_2467,building_yes,W150615841,"POLYGON ((115.8785565 -31.9505043, 115.8782354 -31.9505061, 115.8782353 -31.9504984, 115.8782335 -31.9502727, 115.8782329 -31.9501958, 115.8783492 -31.9501951, 115.8783494 -31.9502273, 115.8782953 -31.9502276, 115.8782954 -31.950246, 115.8784467 -31.9502452, 115.8784463 -31.9501946, 115.878554 -31.9501939, 115.8785541 -31.9502009, 115.8785565 -31.9505043))",-31.950358046846514,115.87839530241546
building_2468,building_yes,W150615842,"POLYGON ((115.8775701 -31.9508212, 115.8775642 -31.95054, 115.8777594 -31.950537, 115.8777653 -31.9508182, 115.8775701 -31.9508212))",-31.950679099999995,115.87766474999998
building_2469,building_yes,W150615843,"POLYGON ((115.8798713 -31.9503612, 115.8795177 -31.9503624, 115.8795166 -31.9502279, 115.8798703 -31.9502259, 115.8798713 -31.9503612))",-31.950294345833196,115.87969414964016
building_2470,building_yes,W150615845,"POLYGON ((115.8784052 -31.9508388, 115.878403 -31.9505588, 115.8785654 -31.9505579, 115.8785677 -31.9508379, 115.8784052 -31.9508388))",-31.950698364362612,115.8784853251422
building_2471,building_yes,W150615846,"POLYGON ((115.8779347 -31.9507711, 115.8779331 -31.9505573, 115.878086 -31.9505564, 115.8780869 -31.9506649, 115.8780877 -31.9507702, 115.8779347 -31.9507711))",-31.950663761656685,115.87801038444486
building_2472,building_yes,W150615847,"POLYGON ((115.8782129 -31.9506642, 115.8784038 -31.9506631, 115.8784052 -31.9508388, 115.8784055 -31.950884, 115.8782146 -31.950885, 115.8782129 -31.9506642))",-31.9507740775464,115.87830921918754
building_2473,building_yes,W150615848,"POLYGON ((115.8772836 -31.9507827, 115.877278 -31.9505174, 115.8774377 -31.950515, 115.8774383 -31.9505419, 115.8774433 -31.9507802, 115.8772836 -31.9507827))",-31.950648821721337,115.87736065290669
building_2474,building_yes,W150615849,"POLYGON ((115.8774383 -31.9505419, 115.8775642 -31.95054, 115.8775701 -31.9508212, 115.8774442 -31.9508231, 115.8774433 -31.9507802, 115.8774383 -31.9505419))",-31.9506815499858,115.8775042000264
building_2475,building_yes,W150615850,"POLYGON ((115.878672 -31.9509122, 115.8786693 -31.9505715, 115.8787335 -31.9505711, 115.8787332 -31.9505339, 115.8793148 -31.9505306, 115.8793178 -31.9509085, 115.878672 -31.9509122))",-31.950723059223698,115.87899628453223
building_2476,building_yes,W150615851,"POLYGON ((115.8795188 -31.9504988, 115.8793584 -31.9504997, 115.8793566 -31.9502751, 115.8794396 -31.9502746, 115.879439 -31.9501959, 115.8795163 -31.9501954, 115.8795177 -31.9503624, 115.8795188 -31.9504988))",-31.950364979269885,115.87944351862579
building_2477,building_yes,W150615852,"POLYGON ((115.8780775 -31.9504873, 115.8779133 -31.9504883, 115.8779115 -31.9502672, 115.8779989 -31.9502667, 115.8779985 -31.9502163, 115.8780753 -31.9502158, 115.8780775 -31.9504873))",-31.950364152227195,115.87799860674764
building_2478,building_yes,W150615853,"POLYGON ((115.8790376 -31.9505015, 115.8788772 -31.9505025, 115.8788748 -31.9501991, 115.8789502 -31.9501987, 115.8789509 -31.9502808, 115.8790359 -31.9502803, 115.8790376 -31.9505015))",-31.950368881062616,115.8789500404903
building_2479,building_yes,W150615854,"POLYGON ((115.879198 -31.9505006, 115.8790376 -31.9505015, 115.8790359 -31.9502801, 115.8791202 -31.9502796, 115.8791196 -31.9501977, 115.8791956 -31.9501973, 115.879198 -31.9505006))",-31.95036768858417,115.8791230500245
building_2480,building_yes,W150615855,"POLYGON ((115.8798703 -31.9502259, 115.8795166 -31.9502279, 115.8795163 -31.9501954, 115.8795156 -31.950106, 115.8798765 -31.950104, 115.8798775 -31.9502259, 115.8798703 -31.9502259))",-31.950165940563735,115.8796965321216
building_2481,building_yes,W150615856,"POLYGON ((115.8788772 -31.9505025, 115.8787168 -31.9505034, 115.8787151 -31.9502811, 115.8788045 -31.9502806, 115.8788039 -31.9501995, 115.8788748 -31.9501991, 115.8788772 -31.9505025))",-31.950370697446047,115.87880218205487
building_2482,building_yes,W150615857,"POLYGON ((115.8787168 -31.9505034, 115.8785565 -31.9505043, 115.8785541 -31.9502009, 115.8786355 -31.9502005, 115.8786362 -31.9502824, 115.8787151 -31.950282, 115.8787168 -31.9505034))",-31.950369169146068,115.87862935381052
building_2483,building_yes,W150615859,"POLYGON ((115.8793584 -31.9504997, 115.879198 -31.9505006, 115.8791956 -31.9501973, 115.8792799 -31.9501968, 115.8792806 -31.9502757, 115.8793565 -31.9502751, 115.8793584 -31.9504997))",-31.950364304755304,115.87927117433476
building_2484,building_yes,W150615860,"POLYGON ((115.8795752 -31.9506395, 115.8795205 -31.9506398, 115.8795196 -31.9505261, 115.8795743 -31.9505258, 115.8795741 -31.9505019, 115.8798074 -31.9505006, 115.8798085 -31.9506382, 115.8795752 -31.9506395))",-31.950572119524583,115.87966794724436
building_2485,building_yes,W150615861,"POLYGON ((115.8777529 -31.9504892, 115.8775959 -31.9504901, 115.877594 -31.9502576, 115.8776759 -31.9502571, 115.8776755 -31.9502112, 115.8777507 -31.9502108, 115.8777509 -31.9502443, 115.8777529 -31.9504892))",-31.95036135471066,115.87767688768997
building_2486,building_yes,W150615863,"POLYGON ((115.8793178 -31.9509085, 115.8793148 -31.9505306, 115.8793146 -31.9505028, 115.8795167 -31.9505016, 115.8795181 -31.9506839, 115.8795192 -31.9508261, 115.8795199 -31.9509074, 115.8793178 -31.9509085))",-31.95070506657144,115.87941723364791
building_2487,building_yes,W150615864,"POLYGON ((115.8780869 -31.9506649, 115.878086 -31.9505564, 115.8780858 -31.9505309, 115.8784027 -31.9505291, 115.878403 -31.9505588, 115.8784038 -31.9506631, 115.8782129 -31.9506642, 115.8780869 -31.9506649))",-31.95059700255165,115.8782448111042
building_2488,building_yes,W150615865,"POLYGON ((115.8779133 -31.9504883, 115.8777529 -31.9504892, 115.8777509 -31.9502443, 115.8778197 -31.9502439, 115.8778536 -31.9502159, 115.8779111 -31.9502156, 115.8779115 -31.9502672, 115.8779133 -31.9504883))",-31.950359500893565,115.8778341661483
building_2489,building_yes,W150615868,"POLYGON ((115.8795192 -31.9508261, 115.8795181 -31.9506839, 115.8795756 -31.9506836, 115.8795752 -31.9506395, 115.8798085 -31.9506382, 115.8798103 -31.9508712, 115.8795769 -31.9508725, 115.8795765 -31.9508257, 115.8795192 -31.9508261))",-31.950755291326885,115.87967375769826
building_2490,building_yes,W150615869,"POLYGON ((115.8798074 -31.9505006, 115.8795741 -31.9505019, 115.8795188 -31.9505022, 115.8795188 -31.9504988, 115.8795177 -31.9503624, 115.8798312 -31.9503669, 115.8798316 -31.9504223, 115.8798948 -31.950422, 115.8798954 -31.9505001, 115.8798074 -31.9505006))",-31.950435901837867,115.87969339251069
building_2491,building_residential,W150616603,"POLYGON ((115.8793093 -31.9513388, 115.879309 -31.9513205, 115.8792475 -31.9513212, 115.8792468 -31.9512709, 115.8793087 -31.9512702, 115.8793631 -31.9512696, 115.879452 -31.9512687, 115.8794531 -31.9513373, 115.8794302 -31.9513375, 115.8793582 -31.9513383, 115.8793093 -31.9513388))",-31.951301823698294,115.87935612553072
building_2492,building_residential,W150616604,"POLYGON ((115.8792468 -31.9512709, 115.8792456 -31.9511937, 115.8792603 -31.9511936, 115.8794319 -31.9511917, 115.8794509 -31.9511915, 115.879452 -31.9512687, 115.8793631 -31.9512696, 115.8793626 -31.9512331, 115.8793082 -31.9512337, 115.8793087 -31.9512702, 115.8792468 -31.9512709))",-31.951228261704365,115.87935072788983
building_2493,building_residential,W150616605,"POLYGON ((115.8789807 -31.9511316, 115.8789802 -31.9510989, 115.8789659 -31.951099, 115.8789652 -31.9510513, 115.8790574 -31.9510503, 115.8790578 -31.9510814, 115.8790949 -31.951081, 115.8790945 -31.9510499, 115.8791516 -31.9510493, 115.8791769 -31.9510719, 115.8791777 -31.9511296, 115.8789807 -31.9511316))",-31.95109216991293,115.87907234841656
building_2494,building_residential,W150616606,"POLYGON ((115.879144 -31.9513468, 115.8789675 -31.9513486, 115.8789665 -31.9512781, 115.8789788 -31.9512779, 115.8790797 -31.9512769, 115.8790782 -31.9513067, 115.8791296 -31.9513062, 115.8791229 -31.9512764, 115.879181 -31.9512758, 115.8791819 -31.951337, 115.8791439 -31.9513374, 115.879144 -31.9513468))",-31.951313560774977,115.87906891131274
building_2495,building_residential,W150616607,"POLYGON ((115.8792603 -31.9511936, 115.8792601 -31.9511856, 115.8792452 -31.9511858, 115.8792444 -31.9511267, 115.8793094 -31.951126, 115.8793099 -31.9511586, 115.8793473 -31.9511582, 115.8793468 -31.9511256, 115.8793599 -31.9511254, 115.8794515 -31.9511244, 115.879452 -31.9511609, 115.8794315 -31.9511611, 115.8794319 -31.9511917, 115.8792603 -31.9511936))",-31.951159613164748,115.87934650372898
building_2496,building_residential,W150616608,"POLYGON ((115.8791819 -31.9513464, 115.8791824 -31.9513826, 115.8791608 -31.9513829, 115.8791614 -31.9514233, 115.8791108 -31.9514239, 115.8791103 -31.9513913, 115.8790996 -31.9513914, 115.8791001 -31.951424, 115.879047 -31.9514245, 115.8790465 -31.9513934, 115.8789682 -31.9513942, 115.8789681 -31.9513867, 115.8789675 -31.9513486, 115.879144 -31.9513468, 115.8791819 -31.9513464))",-31.95137961711454,115.87908073801896
building_2497,building_residential,W150616609,"POLYGON ((115.8789788 -31.9512779, 115.8789784 -31.9512507, 115.8789728 -31.9512508, 115.8789723 -31.9512171, 115.8789779 -31.951217, 115.8789776 -31.9511964, 115.8790721 -31.9511954, 115.8790729 -31.9512459, 115.8791183 -31.9512454, 115.8791175 -31.9511949, 115.879153 -31.9511945, 115.8791533 -31.9512082, 115.87918 -31.9512079, 115.879181 -31.9512758, 115.8791229 -31.9512764, 115.8790797 -31.9512769, 115.8789788 -31.9512779))",-31.951239539424712,115.87907303773775
building_2498,building_residential,W150616610,"POLYGON ((115.8794584 -31.9514185, 115.8792969 -31.9514202, 115.8792966 -31.9514012, 115.8792454 -31.9514018, 115.8792444 -31.9513395, 115.8793093 -31.9513388, 115.8793099 -31.9513769, 115.8793587 -31.9513764, 115.8793582 -31.9513383, 115.8794302 -31.9513375, 115.8794304 -31.9513488, 115.8794515 -31.9513486, 115.8794518 -31.9513686, 115.8794576 -31.9513685, 115.8794584 -31.9514185))",-31.951380562812783,115.87935641787361
building_2499,building_residential,W150616611,"POLYGON ((115.8794515 -31.9511244, 115.8793599 -31.9511254, 115.8793594 -31.9510894, 115.8793069 -31.95109, 115.8793074 -31.951125, 115.8792431 -31.9511257, 115.8792423 -31.9510705, 115.8792653 -31.9510501, 115.8794504 -31.9510481, 115.8794515 -31.9511244))",-31.951084928693064,115.87935057177998
building_2500,building_residential,W150616612,"POLYGON ((115.8789776 -31.9511964, 115.8789774 -31.951181, 115.8789629 -31.9511812, 115.8789621 -31.9511318, 115.8789807 -31.9511316, 115.8791777 -31.9511296, 115.8791785 -31.9511814, 115.8791529 -31.9511817, 115.879153 -31.9511945, 115.8789776 -31.9511964))",-31.9511620021483,115.87906969507802
building_2501,building_residential,W150616890,"POLYGON ((115.879736 -31.9512569, 115.8796636 -31.9512576, 115.8796632 -31.9512273, 115.8796234 -31.9512278, 115.8796239 -31.9512581, 115.8795291 -31.9512591, 115.8795281 -31.9511887, 115.8797078 -31.9511868, 115.879708 -31.9512004, 115.8797352 -31.9512001, 115.879736 -31.9512569))",-31.951221784898856,115.87962842378097
building_2502,building_residential,W150616891,"POLYGON ((115.8797056 -31.9513333, 115.8795303 -31.9513352, 115.8795291 -31.9512591, 115.8796239 -31.9512581, 115.8796244 -31.9512963, 115.8796642 -31.9512959, 115.8796636 -31.9512576, 115.879736 -31.9512569, 115.8797369 -31.9513163, 115.8797053 -31.9513167, 115.8797056 -31.9513333))",-31.95129704080478,115.87962855256046
building_2503,building_residential,W150616892,"POLYGON ((115.8797337 -31.9511142, 115.87954 -31.9511163, 115.87952 -31.9511165, 115.8795197 -31.951094, 115.8795143 -31.951094, 115.8795139 -31.9510664, 115.8795193 -31.9510663, 115.8795189 -31.9510411, 115.8796152 -31.9510401, 115.8796157 -31.9510698, 115.8796596 -31.9510694, 115.8796591 -31.9510397, 115.8797159 -31.9510391, 115.8797328 -31.9510529, 115.8797337 -31.9511142))",-31.951079995580457,115.87962339608717
building_2504,building_residential,W150616893,"POLYGON ((115.8797352 -31.951333, 115.8797361 -31.951391, 115.8797134 -31.9513912, 115.8797137 -31.9514137, 115.8796623 -31.9514142, 115.879662 -31.9513945, 115.879599 -31.9513951, 115.8795994 -31.9514256, 115.8795311 -31.9514264, 115.8795307 -31.9513982, 115.8795155 -31.9513984, 115.8795148 -31.9513485, 115.8795304 -31.9513483, 115.8795303 -31.9513352, 115.8797056 -31.9513333, 115.8797352 -31.951333))",-31.951373166311278,115.87962223815349
building_2505,building_residential,W150616894,"POLYGON ((115.8795281 -31.9511887, 115.8795277 -31.951164, 115.8795407 -31.9511638, 115.87954 -31.9511163, 115.8797337 -31.9511142, 115.8797345 -31.9511713, 115.8797075 -31.9511716, 115.8797078 -31.9511868, 115.8795281 -31.9511887))",-31.951151151767128,115.8796325361029
building_2506,building_yes,W150811237,"POLYGON ((115.8394937 -31.9650494, 115.8395282 -31.9650068, 115.8395873 -31.9649828, 115.839664 -31.9649781, 115.8397242 -31.9649978, 115.8396934 -31.9650657, 115.8396189 -31.9650401, 115.8395968 -31.9650865, 115.8394937 -31.9650494))",-31.965025485544412,115.83961210438035
building_2507,building_yes,W150811238,"POLYGON ((115.8392981 -31.9658843, 115.839269 -31.9658737, 115.8392223 -31.9658548, 115.8391694 -31.9658076, 115.8391555 -31.9657507, 115.839167 -31.9656941, 115.8393066 -31.9657443, 115.8392871 -31.9657834, 115.8393396 -31.9658022, 115.8392981 -31.9658843))",-31.965789132269038,115.83924036188291
building_2508,building_yes,W151038597,"POLYGON ((115.8806218 -31.9510404, 115.8808223 -31.9510427, 115.8808779 -31.9510448, 115.8808903 -31.951076, 115.8809086 -31.9511176, 115.8809454 -31.9511855, 115.8809894 -31.9512864, 115.8809108 -31.9513306, 115.8808611 -31.9513506, 115.8808201 -31.9513637, 115.8807762 -31.9513728, 115.880728 -31.9513766, 115.8806165 -31.9513748, 115.8806218 -31.9510404))",-31.95120992009229,115.88077462156012
building_2509,building_yes,W151038598,"POLYGON ((115.8803251 -31.9510635, 115.8803853 -31.9510631, 115.8803851 -31.951044, 115.8804296 -31.9510437, 115.8804297 -31.9510535, 115.8804787 -31.9510532, 115.8804788 -31.9510624, 115.8805264 -31.9510621, 115.8805703 -31.9510618, 115.8805707 -31.951096, 115.8805539 -31.9510961, 115.8805542 -31.9511341, 115.8805744 -31.9511521, 115.8805539 -31.9511687, 115.880554 -31.9511798, 115.8805717 -31.9512006, 115.8805541 -31.9512007, 115.8805552 -31.9513194, 115.8805728 -31.9513193, 115.8805735 -31.9513852, 115.8805577 -31.9513854, 115.8805579 -31.9514126, 115.8805737 -31.9514125, 115.880574 -31.9514379, 115.8805847 -31.9514379, 115.8805853 -31.9515018, 115.8805718 -31.9515019, 115.8805728 -31.9516054, 115.8805034 -31.9515829, 115.8805033 -31.9515718, 115.8804633 -31.9515721, 115.8804632 -31.9515599, 115.8804201 -31.9515435, 115.8804199 -31.9515257, 115.8803296 -31.9515264, 115.8803287 -31.9514374, 115.8803903 -31.951437, 115.8803902 -31.9514221, 115.8803368 -31.9514225, 115.8803365 -31.9513933, 115.8803283 -31.9513934, 115.8803265 -31.9512144, 115.8803068 -31.9512145, 115.8803063 -31.9511647, 115.8803261 -31.9511646, 115.8803251 -31.9510635))",-31.95130900847564,115.88045063695051
building_2510,building_residential,W151052505,"POLYGON ((115.8806272 -31.9505858, 115.8806277 -31.9505431, 115.8806061 -31.9505432, 115.8806056 -31.950493, 115.8807724 -31.9504917, 115.880773 -31.950551, 115.8807605 -31.9505511, 115.8807559 -31.9505848, 115.8807092 -31.9505852, 115.8806609 -31.9505856, 115.8806272 -31.9505858))",-31.950536140187793,115.88069139217043
building_2511,building_residential,W151052506,"POLYGON ((115.8802666 -31.9501525, 115.8802661 -31.9500923, 115.8802717 -31.9500923, 115.8802714 -31.9500614, 115.8803199 -31.9500611, 115.8803729 -31.9500775, 115.8804414 -31.950077, 115.8804417 -31.950108, 115.8804229 -31.9501081, 115.8804233 -31.9501514, 115.8802666 -31.9501525))",-31.950109873957715,115.88034567091856
building_2512,building_residential,W151052507,"POLYGON ((115.8802675 -31.9502436, 115.8802666 -31.9501525, 115.8803286 -31.9501521, 115.8803289 -31.9501909, 115.8803678 -31.9501906, 115.8803675 -31.9501648, 115.8804234 -31.9501644, 115.8804237 -31.9501994, 115.8804305 -31.9501994, 115.8804309 -31.9502425, 115.8804242 -31.9502425, 115.8802675 -31.9502436))",-31.950203578107363,115.88034402761527
building_2513,building_residential,W151052508,"POLYGON ((115.8802749 -31.950608, 115.8802744 -31.9505533, 115.8802669 -31.9505533, 115.8802666 -31.9505169, 115.8802702 -31.9505169, 115.8804268 -31.9505158, 115.880427 -31.9505307, 115.8804331 -31.9505307, 115.8804333 -31.9505529, 115.8804272 -31.950553, 115.8804277 -31.9506069, 115.8802749 -31.950608))",-31.95056119535835,115.88035009780349
building_2514,building_residential,W151052509,"POLYGON ((115.8806092 -31.9508436, 115.8806084 -31.950772, 115.8806244 -31.9507719, 115.8807752 -31.9507708, 115.8807755 -31.9507933, 115.8807796 -31.9508044, 115.880781 -31.9508179, 115.8807793 -31.9508302, 115.880776 -31.9508396, 115.8807761 -31.9508582, 115.8807347 -31.9508585, 115.8807348 -31.9508641, 115.880642 -31.9508648, 115.8806092 -31.9508436))",-31.950816306159396,115.88069388983585
building_2515,building_residential,W151052510,"POLYGON ((115.8806244 -31.9507719, 115.8806224 -31.9507405, 115.8806081 -31.9507406, 115.8806075 -31.950679, 115.8806638 -31.9506786, 115.8806807 -31.9506784, 115.8807743 -31.9506778, 115.8807745 -31.950698, 115.8807796 -31.950698, 115.88078 -31.9507344, 115.8807749 -31.9507345, 115.8807752 -31.9507708, 115.8806244 -31.9507719))",-31.95072379844841,115.88069477227741
building_2516,building_residential,W151052511,"POLYGON ((115.8802812 -31.9506991, 115.8802811 -31.9506832, 115.8802718 -31.9506833, 115.8802712 -31.9506235, 115.880281 -31.9506235, 115.8802749 -31.950608, 115.8804277 -31.9506069, 115.880428 -31.9506432, 115.8804227 -31.9506433, 115.8804229 -31.95066, 115.8804282 -31.95066, 115.8804286 -31.950696, 115.8802812 -31.9506991))",-31.950652426539776,115.88035036464728
building_2517,building_residential,W151052512,"POLYGON ((115.8802736 -31.9508729, 115.8802728 -31.9507902, 115.8803152 -31.9507899, 115.8803153 -31.9507996, 115.8803502 -31.9507993, 115.8803501 -31.9507897, 115.8804295 -31.9507891, 115.8804301 -31.9508583, 115.8804012 -31.9508585, 115.8804014 -31.9508751, 115.8803517 -31.9508754, 115.8803513 -31.9508427, 115.8803156 -31.9508429, 115.8803159 -31.9508726, 115.8802736 -31.9508729))",-31.950828990464434,115.88035189324233
building_2518,building_residential,W151052513,"POLYGON ((115.8806075 -31.950679, 115.8806072 -31.9506511, 115.8805954 -31.9506511, 115.880595 -31.9506099, 115.8806068 -31.9506098, 115.8806065 -31.950586, 115.8806272 -31.9505858, 115.8806609 -31.9505856, 115.8806611 -31.9506049, 115.8807093 -31.9506046, 115.8807092 -31.9505852, 115.8807559 -31.9505848, 115.8807733 -31.9505847, 115.8807743 -31.9506778, 115.8806807 -31.9506784, 115.8806805 -31.9506596, 115.8806636 -31.9506597, 115.8806638 -31.9506786, 115.8806075 -31.950679))",-31.9506333402173,115.88068820109604
building_2519,building_residential,W151052514,"POLYGON ((115.8806036 -31.9503069, 115.8806032 -31.9502617, 115.8806275 -31.9502615, 115.880627 -31.9502137, 115.8806412 -31.9502136, 115.8807695 -31.9502127, 115.8807705 -31.9503057, 115.8806036 -31.9503069))",-31.950261586173536,115.8806923654562
building_2520,building_residential,W151052515,"POLYGON ((115.8802693 -31.9504258, 115.8802684 -31.9503347, 115.8803879 -31.9503339, 115.8803882 -31.9503585, 115.8804253 -31.9503583, 115.8804259 -31.9504247, 115.8802693 -31.9504258))",-31.950382012357128,115.88034308882723
building_2521,building_residential,W151052517,"POLYGON ((115.8806276 -31.9503998, 115.8806272 -31.9503552, 115.8806041 -31.9503554, 115.8806036 -31.9503069, 115.8807705 -31.9503057, 115.8807714 -31.9503987, 115.8806276 -31.9503998))",-31.95035105890899,115.88069258671253
building_2522,building_residential,W151052519,"POLYGON ((115.8802728 -31.9507902, 115.8802812 -31.9506991, 115.8804286 -31.950696, 115.8804295 -31.9507891, 115.8803501 -31.9507897, 115.8803152 -31.9507899, 115.8802728 -31.9507902))",-31.950744077384247,115.88035330098717
building_2523,building_residential,W151052520,"POLYGON ((115.8806056 -31.950493, 115.8806049 -31.95043, 115.8806297 -31.9504299, 115.8806293 -31.9503998, 115.8807714 -31.9503987, 115.8807724 -31.9504917, 115.8806056 -31.950493))",-31.950447404351703,115.8806920867923
building_2524,building_residential,W151052521,"POLYGON ((115.8802702 -31.9505169, 115.8802693 -31.9504258, 115.8804259 -31.9504247, 115.8804383 -31.9504246, 115.8804387 -31.9504653, 115.8804263 -31.9504654, 115.8804268 -31.9505158, 115.8802702 -31.9505169))",-31.950469918489016,115.88035092811963
building_2525,building_residential,W151052524,"POLYGON ((115.8806412 -31.9502136, 115.8806358 -31.9501973, 115.8806198 -31.9501974, 115.8806195 -31.9501641, 115.8806022 -31.9501642, 115.8806017 -31.9501209, 115.8807686 -31.9501197, 115.8807695 -31.9502127, 115.8806412 -31.9502136))",-31.950164632633726,115.88069129009664
building_2526,building_residential,W151052525,"POLYGON ((115.8802684 -31.9503347, 115.880268 -31.9502944, 115.8802644 -31.9502944, 115.8802642 -31.9502697, 115.8802678 -31.9502697, 115.8802675 -31.9502436, 115.8804242 -31.9502425, 115.880425 -31.9503336, 115.8802684 -31.9503347))",-31.950288556114987,115.88034578390676
building_2527,building_residential,W151052527,"POLYGON ((115.8806017 -31.9501209, 115.8806012 -31.9500697, 115.8806245 -31.9500695, 115.8806242 -31.9500403, 115.8806671 -31.9500399, 115.8806669 -31.9500274, 115.8807676 -31.9500267, 115.8807686 -31.9501197, 115.8806017 -31.9501209))",-31.950077074463795,115.88069117768669
building_2528,building_yes,W151087909,"POLYGON ((115.8428043 -31.9585776, 115.8426847 -31.9585288, 115.8427882 -31.9583462, 115.8427792 -31.9583425, 115.8428097 -31.9582886, 115.8428205 -31.958293, 115.8428287 -31.9582899, 115.8429318 -31.958332, 115.8429343 -31.9583394, 115.8429455 -31.958344, 115.8428897 -31.9584426, 115.8428825 -31.9584397, 115.8428043 -31.9585776))",-31.95842974273297,115.84281500792748
building_2529,building_residential,W151330694,"POLYGON ((115.8777707 -31.9497951, 115.8777113 -31.9497952, 115.8777113 -31.9497811, 115.877681 -31.9497812, 115.8776811 -31.9497952, 115.8775535 -31.9497955, 115.8775534 -31.9497502, 115.8775627 -31.9497502, 115.8775627 -31.9497374, 115.8775652 -31.9497374, 115.8777706 -31.9497371, 115.8777707 -31.9497951))",-31.9497657157599,115.87766184328402
building_2530,building_residential,W151330695,"POLYGON ((115.8775538 -31.9499369, 115.8775537 -31.9498989, 115.8775438 -31.949899, 115.8775437 -31.9498659, 115.8775536 -31.9498659, 115.8776862 -31.9498657, 115.8776862 -31.9498877, 115.8777052 -31.9498876, 115.8777051 -31.9498657, 115.8777709 -31.9498656, 115.877771 -31.9499366, 115.8775538 -31.9499369))",-31.94990150983402,115.87765899558686
building_2531,building_residential,W151330696,"POLYGON ((115.8775628 -31.9493503, 115.877561 -31.9493274, 115.8775514 -31.9493274, 115.8775512 -31.9492428, 115.877642 -31.9492426, 115.8777107 -31.9492425, 115.8777762 -31.9492424, 115.8777763 -31.9492807, 115.8777608 -31.9492807, 115.8777609 -31.94935, 115.8777504 -31.94935, 115.8775628 -31.9493503))",-31.949295018283863,115.87766003428003
building_2532,building_residential,W151330698,"POLYGON ((115.8777709 -31.9498656, 115.8777051 -31.9498657, 115.8777051 -31.9498346, 115.8776861 -31.9498346, 115.8776862 -31.9498657, 115.8775536 -31.9498659, 115.8775536 -31.949849, 115.8775486 -31.949849, 115.8775485 -31.9498185, 115.8775535 -31.9498185, 115.8775535 -31.9497955, 115.8776811 -31.9497952, 115.8777113 -31.9497952, 115.8777707 -31.9497951, 115.8777709 -31.9498656))",-31.94982976735707,115.87765973417424
building_2533,building_residential,W151330699,"POLYGON ((115.8775512 -31.9492428, 115.8775512 -31.9492173, 115.8775263 -31.9492173, 115.8775262 -31.9491633, 115.8775539 -31.9491264, 115.8778213 -31.9491259, 115.8778214 -31.9491786, 115.8778014 -31.9491786, 115.8778015 -31.9492106, 115.8777876 -31.9492106, 115.8777877 -31.9492424, 115.8777762 -31.9492424, 115.8777107 -31.9492425, 115.8777106 -31.9492339, 115.877642 -31.949234, 115.877642 -31.9492426, 115.8775512 -31.9492428))",-31.94918148502747,115.87767146044668
building_2534,building_yes,W151330700,"POLYGON ((115.8777965 -31.949643, 115.8777964 -31.9495752, 115.8778488 -31.9495751, 115.8778489 -31.9496429, 115.8777965 -31.949643))",-31.94960905,115.87782265
building_2535,building_residential,W151330701,"POLYGON ((115.8775518 -31.9495055, 115.8775517 -31.9494547, 115.8777506 -31.9494543, 115.8777701 -31.9495043, 115.8775518 -31.9495055))",-31.949480094401693,115.87765587642468
building_2536,building_residential,W151330702,"POLYGON ((115.8777701 -31.9495043, 115.8777799 -31.9495042, 115.87778 -31.9495528, 115.8777702 -31.9495529, 115.8775519 -31.9495535, 115.8775518 -31.9495055, 115.8777701 -31.9495043))",-31.94952902747695,115.87766614539285
building_2537,building_residential,W151330703,"POLYGON ((115.8775652 -31.9497374, 115.8775512 -31.9496899, 115.8775512 -31.9496389, 115.8775648 -31.9495949, 115.8777703 -31.9495946, 115.8777706 -31.9497371, 115.8775652 -31.9497374))",-31.94966597424398,115.87766299224934
building_2538,building_residential,W151330704,"POLYGON ((115.8777702 -31.9495529, 115.8777855 -31.9495528, 115.8777856 -31.9495946, 115.8777703 -31.9495946, 115.8775648 -31.9495949, 115.877552 -31.9495949, 115.8775519 -31.9495535, 115.8777702 -31.9495529))",-31.949573962404944,115.877668899444
building_2539,building_residential,W151330705,"POLYGON ((115.8777506 -31.9494543, 115.8775517 -31.9494547, 115.8775516 -31.9494176, 115.8775452 -31.9494176, 115.8775451 -31.949393, 115.8775516 -31.949393, 115.8775515 -31.9493503, 115.8775628 -31.9493503, 115.8777504 -31.94935, 115.8777506 -31.9494543))",-31.949402352871385,115.87765025626763
building_2540,building_residential,W151331107,"POLYGON ((115.8779882 -31.9499162, 115.8779742 -31.9499162, 115.8779742 -31.9499306, 115.8779291 -31.9499306, 115.8779291 -31.9499197, 115.877906 -31.9499198, 115.8778896 -31.9499041, 115.8778638 -31.9499241, 115.8778418 -31.9499037, 115.8778591 -31.9498897, 115.8778589 -31.9497831, 115.8778623 -31.9497831, 115.8778622 -31.9497573, 115.8778839 -31.9497572, 115.8778838 -31.9497258, 115.8779187 -31.9497258, 115.8779187 -31.9497215, 115.8779186 -31.9497118, 115.8779877 -31.9497117, 115.8779877 -31.9497286, 115.8779882 -31.9499162))",-31.949823196421825,115.87792646675516
building_2541,building_residential,W151331110,"POLYGON ((115.8782465 -31.9497239, 115.8783541 -31.9497237, 115.8783543 -31.9497878, 115.8782466 -31.9497874, 115.8782465 -31.9497239))",-31.949755704947542,115.87830045936377
building_2542,building_residential,W151331111,"POLYGON ((115.8781237 -31.9498059, 115.8781236 -31.9497284, 115.8782464 -31.9497282, 115.8782466 -31.9497874, 115.8782466 -31.9498057, 115.8781237 -31.9498059))",-31.949767056546786,115.87818508684224
building_2543,building_residential,W151331112,"POLYGON ((115.8786697 -31.9497983, 115.878725 -31.9497982, 115.8787253 -31.9499324, 115.87867 -31.9499325, 115.8786697 -31.9497983))",-31.949865349999996,115.87869750000002
building_2544,building_residential,W151331113,"POLYGON ((115.8784637 -31.9497239, 115.8785664 -31.9497237, 115.8785668 -31.9499326, 115.8784642 -31.9499328, 115.8784637 -31.9497239))",-31.949828233041163,115.87851527495549
building_2545,building_residential,W151331114,"POLYGON ((115.8785668 -31.9499326, 115.8785664 -31.9497237, 115.8786695 -31.9497235, 115.8786697 -31.9497983, 115.87867 -31.9499325, 115.8785668 -31.9499326))",-31.949828090818567,115.87861818441779
building_2546,building_residential,W151331115,"POLYGON ((115.8787722 -31.949919, 115.8787719 -31.9497981, 115.8788257 -31.9497981, 115.8788259 -31.9499109, 115.8788166 -31.949919, 115.8787722 -31.949919))",-31.9498581967045,115.87879878916387
building_2547,building_residential,W151331116,"POLYGON ((115.878725 -31.9497982, 115.8787719 -31.9497981, 115.8787722 -31.949919, 115.8787722 -31.9499323, 115.8787253 -31.9499324, 115.878725 -31.9497982))",-31.949865255666644,115.87874860744638
building_2548,building_residential,W151331117,"POLYGON ((115.8782469 -31.9499367, 115.8782467 -31.9498526, 115.8782466 -31.9498305, 115.8783544 -31.9498303, 115.8783546 -31.949933, 115.8783546 -31.9499365, 115.8782469 -31.9499367))",-31.94988349407247,115.87830063601092
building_2549,building_residential,W151331118,"POLYGON ((115.8781238 -31.9498528, 115.8782467 -31.9498526, 115.8782469 -31.9499367, 115.8781708 -31.9499368, 115.8781708 -31.949939, 115.878124 -31.949939, 115.878124 -31.9499369, 115.8781238 -31.9498528))",-31.949895160408325,115.87818498648886
building_2550,building_residential,W151331119,"POLYGON ((115.8779877 -31.9497286, 115.8781236 -31.9497284, 115.8781237 -31.9498059, 115.8781238 -31.9498528, 115.878124 -31.9499369, 115.8779882 -31.9499371, 115.8779882 -31.9499162, 115.8779877 -31.9497286))",-31.949832733120115,115.87805587415076
building_2551,building_residential,W151331120,"POLYGON ((115.8783546 -31.949933, 115.8783544 -31.9498303, 115.8783543 -31.9497878, 115.8783541 -31.9497237, 115.8784637 -31.9497239, 115.8784642 -31.9499328, 115.8784392 -31.9499328, 115.8784392 -31.9499365, 115.8783828 -31.9499366, 115.8783828 -31.9499329, 115.8783546 -31.949933))",-31.9498292945574,115.87840916303848
building_2552,building_residential,W151392603,"POLYGON ((115.8798299 -31.9496218, 115.8797831 -31.9496218, 115.8797832 -31.9496679, 115.8797245 -31.949668, 115.879724 -31.9495029, 115.8797573 -31.9495029, 115.8797573 -31.9494944, 115.8797873 -31.9494943, 115.8797873 -31.9495028, 115.8798296 -31.9495027, 115.8798299 -31.9496218))",-31.949575672677454,115.87977285525386
building_2553,building_residential,W151392606,"POLYGON ((115.8791858 -31.949669, 115.8791202 -31.9496691, 115.8791201 -31.9496409, 115.879078 -31.949637, 115.8790776 -31.9495042, 115.879119 -31.9495041, 115.879119 -31.9494984, 115.8791443 -31.9494984, 115.8791444 -31.949504, 115.8791854 -31.949504, 115.8791858 -31.949669))",-31.94958068282962,115.87913425161302
building_2554,building_residential,W151392609,"POLYGON ((115.8794013 -31.9496686, 115.8793457 -31.9496687, 115.8793457 -31.9496373, 115.8792935 -31.9496374, 115.8792931 -31.9495038, 115.8793285 -31.9495037, 115.8793285 -31.9494999, 115.879372 -31.9494998, 115.879372 -31.9495036, 115.8794008 -31.9495036, 115.8794013 -31.9496686))",-31.949578612051525,115.87935000053845
building_2555,building_residential,W151392615,"POLYGON ((115.8792934 -31.9496372, 115.8792413 -31.9496373, 115.8792413 -31.9496689, 115.8791858 -31.949669, 115.8791854 -31.949504, 115.8792234 -31.9495039, 115.8792234 -31.9494975, 115.8792574 -31.9494974, 115.8792574 -31.9495038, 115.8792931 -31.9495038, 115.8792934 -31.9496372))",-31.94957851838205,115.879236641766
building_2556,building_residential,W151392618,"POLYGON ((115.8790781 -31.9496692, 115.8790219 -31.9496693, 115.8790219 -31.9496453, 115.8790078 -31.9496454, 115.8790078 -31.9496275, 115.8789702 -31.9496276, 115.8789699 -31.9495164, 115.8790046 -31.9494914, 115.8790272 -31.9494913, 115.8790272 -31.9495043, 115.8790776 -31.9495042, 115.879078 -31.949637, 115.8790781 -31.9496692))",-31.949577604816255,115.87902752185082
building_2557,building_residential,W151392622,"POLYGON ((115.8794616 -31.9497923, 115.879494 -31.9497922, 115.8794939 -31.9497517, 115.8795321 -31.9497516, 115.8795321 -31.9497607, 115.8795664 -31.9497607, 115.8795667 -31.9499121, 115.8795413 -31.9499121, 115.8795413 -31.9499197, 115.8794881 -31.9499198, 115.8794881 -31.9499123, 115.8794619 -31.9499123, 115.8794616 -31.9497923))",-31.94984063771385,115.87951648870528
building_2558,building_residential,W151392627,"POLYGON ((115.8792517 -31.9497417, 115.8792517 -31.9497247, 115.8793565 -31.9497245, 115.8793567 -31.9497854, 115.8793323 -31.9497855, 115.8793323 -31.9498079, 115.8793568 -31.9498079, 115.879357 -31.9499125, 115.8792522 -31.9499127, 115.879252 -31.9498528, 115.8792673 -31.9498528, 115.8792672 -31.9498104, 115.8792519 -31.9498105, 115.8792517 -31.9497417))",-31.949818791271174,115.87930472735437
building_2559,building_residential,W151392631,"POLYGON ((115.8791468 -31.9497249, 115.8792037 -31.9497248, 115.8792037 -31.9497418, 115.8792517 -31.9497417, 115.8792519 -31.9498105, 115.8792519 -31.9498204, 115.8792225 -31.9498205, 115.8792225 -31.9498528, 115.879252 -31.9498528, 115.8792522 -31.9499127, 115.8792522 -31.9499261, 115.8791827 -31.9499262, 115.8791827 -31.9499128, 115.8791473 -31.9499129, 115.8791472 -31.9498537, 115.8791686 -31.9498536, 115.8791685 -31.9498229, 115.8791471 -31.949823, 115.8791469 -31.9497361, 115.8791468 -31.9497249))",-31.949826147241584,115.87919868990323
building_2560,building_residential,W151392635,"POLYGON ((115.8791473 -31.9499129, 115.879056 -31.9499131, 115.879056 -31.9499346, 115.8789974 -31.9499347, 115.8789974 -31.949924, 115.8789851 -31.9499237, 115.8789728 -31.9499192, 115.8789671 -31.9499108, 115.878967 -31.9498571, 115.878975 -31.9498571, 115.8789748 -31.9497788, 115.8789888 -31.9497788, 115.8789887 -31.9497531, 115.8789747 -31.9497531, 115.8789747 -31.9497453, 115.879003 -31.9497184, 115.8790669 -31.9497183, 115.8790669 -31.9497363, 115.8791469 -31.9497361, 115.8791471 -31.949823, 115.8791472 -31.9498537, 115.8791473 -31.9499129))",-31.949826825919494,115.87905768056194
building_2561,building_residential,W151392639,"POLYGON ((115.8797827 -31.9498061, 115.8797825 -31.949757, 115.8799385 -31.9497567, 115.8799386 -31.9498058, 115.8797827 -31.9498061))",-31.94978139737641,115.87986057494108
building_2562,building_residential,W151392646,"POLYGON ((115.8797828 -31.9498553, 115.8797827 -31.9498061, 115.8799386 -31.9498058, 115.8799388 -31.949855, 115.8797828 -31.9498553))",-31.94983055262893,115.87986072505883
building_2563,building_residential,W151392647,"POLYGON ((115.8797825 -31.949757, 115.8797824 -31.9497078, 115.8797973 -31.9497078, 115.8799384 -31.9497075, 115.8799385 -31.9497567, 115.8797825 -31.949757))",-31.949732257150963,115.87986045614117
building_2564,building_residential,W151392649,"POLYGON ((115.8794785 -31.9496685, 115.8794013 -31.9496686, 115.8794008 -31.9495036, 115.8795086 -31.9495034, 115.879509 -31.9496456, 115.879509 -31.9496548, 115.8794784 -31.9496548, 115.8794785 -31.9496685))",-31.94958418761619,115.87945400908264
building_2565,building_residential,W151392657,"POLYGON ((115.8796167 -31.9496682, 115.879551 -31.9496683, 115.8795509 -31.9496489, 115.879509 -31.9496456, 115.8795086 -31.9495034, 115.8796163 -31.9495031, 115.8796167 -31.9496682))",-31.949581989332536,115.87956441278983
building_2566,building_residential,W151392661,"POLYGON ((115.8797973 -31.9497078, 115.8797972 -31.9496572, 115.87983 -31.9496571, 115.8798299 -31.9496218, 115.8798296 -31.9495027, 115.8799378 -31.9495025, 115.8799384 -31.9497075, 115.8797973 -31.9497078))",-31.949610504160432,115.87987908289286
building_2567,building_residential,W151392665,"POLYGON ((115.8794619 -31.9499123, 115.879357 -31.9499125, 115.8793568 -31.9498079, 115.8793968 -31.9498125, 115.8793966 -31.9497245, 115.8794614 -31.9497243, 115.8794616 -31.9497923, 115.8794619 -31.9499123))",-31.949829186781052,115.87941604877179
building_2568,building_residential,W151392670,"POLYGON ((115.8797245 -31.949668, 115.8796167 -31.9496682, 115.8796163 -31.9495031, 115.8796522 -31.9495031, 115.8796522 -31.9494896, 115.8796907 -31.9494895, 115.8796907 -31.949503, 115.879724 -31.9495029, 115.8797245 -31.949668))",-31.9495830456815,115.87967040651968
building_2569,building_residential,W151392673,"POLYGON ((115.8795664 -31.9497607, 115.8795663 -31.9497536, 115.8796036 -31.9497536, 115.8796035 -31.9497411, 115.8796309 -31.949741, 115.8796309 -31.9497536, 115.8796712 -31.9497535, 115.8796716 -31.9499119, 115.8795667 -31.9499121, 115.8795664 -31.9497607))",-31.9498310693558,115.87961892943902
building_2570,building_residential,W151392676,"POLYGON ((115.8797829 -31.9499045, 115.8797828 -31.9498553, 115.8799388 -31.949855, 115.8799388 -31.9498818, 115.8799438 -31.9498818, 115.8799439 -31.9499042, 115.8799439 -31.9499077, 115.8799112 -31.9499078, 115.8799112 -31.9499042, 115.8797829 -31.9499045))",-31.94988031035156,115.87986294875479
building_2571,building_residential,W151393653,"POLYGON ((115.8782881 -31.9496732, 115.8782384 -31.9496732, 115.8782384 -31.9496668, 115.8781834 -31.9496669, 115.8781834 -31.9496575, 115.8781896 -31.9495103, 115.8782256 -31.9495189, 115.8782256 -31.9495143, 115.8782512 -31.9495142, 115.8782512 -31.9495189, 115.8782879 -31.9495189, 115.8782881 -31.9496732))",-31.94959382223783,115.87823723139661
building_2572,building_residential,W151393654,"POLYGON ((115.8785045 -31.9496226, 115.8784664 -31.9496227, 115.8784665 -31.949673, 115.8783963 -31.949673, 115.8783962 -31.9495959, 115.8783962 -31.9495561, 115.8783961 -31.9495051, 115.8784441 -31.9495051, 115.8784441 -31.9495012, 115.8785043 -31.9495012, 115.8785043 -31.949505, 115.8785045 -31.9496226))",-31.949581007403154,115.87844657364258
building_2573,building_residential,W151393658,"POLYGON ((115.8787208 -31.9495143, 115.8787769 -31.9495143, 115.8787769 -31.9494849, 115.8788117 -31.9494848, 115.8788418 -31.9495124, 115.8788419 -31.9495362, 115.8788344 -31.9495362, 115.8788345 -31.9496318, 115.8787898 -31.9496318, 115.8787898 -31.9496703, 115.878721 -31.9496704, 115.878721 -31.9496319, 115.8787208 -31.9495143))",-31.94957822219648,115.87877704306284
building_2574,building_residential,W151393659,"POLYGON ((115.8786128 -31.9496728, 115.8785606 -31.9496729, 115.8785606 -31.9496465, 115.8785317 -31.9496465, 115.8785317 -31.9496201, 115.8785045 -31.9496202, 115.8785043 -31.949505, 115.8785631 -31.949505, 115.8785631 -31.9495003, 115.8786046 -31.9495003, 115.8786046 -31.9495049, 115.8786126 -31.9495049, 115.8786128 -31.9496728))",-31.949579443146146,115.87856304227164
building_2575,building_residential,W151393661,"POLYGON ((115.878721 -31.9496319, 115.8786771 -31.9496319, 115.8786772 -31.9496728, 115.8786128 -31.9496728, 115.8786126 -31.9495049, 115.8786911 -31.9495049, 115.8786911 -31.9495144, 115.8787208 -31.9495143, 115.878721 -31.9496319))",-31.949583162767976,115.87866253216819
building_2576,building_residential,W151393663,"POLYGON ((115.8783963 -31.949673, 115.8782881 -31.9496732, 115.8782879 -31.9495189, 115.8782879 -31.9495053, 115.8783961 -31.9495051, 115.8783962 -31.9495561, 115.8783579 -31.9495561, 115.8783579 -31.9495959, 115.8783962 -31.9495959, 115.8783963 -31.949673))",-31.949590347864035,115.87833889914052
building_2577,building_residential,W152068342,"POLYGON ((115.8783705 -31.9490459, 115.8782542 -31.9490459, 115.8782541 -31.9489787, 115.8782543 -31.9489037, 115.8782917 -31.9489034, 115.8782917 -31.948898, 115.8783415 -31.948898, 115.8783415 -31.9489034, 115.8783705 -31.9489034, 115.8783705 -31.9489605, 115.8783705 -31.9489842, 115.8783705 -31.9490459))",-31.94897350371576,115.87831242154384
building_2578,building_residential,W152068343,"POLYGON ((115.877944 -31.9490813, 115.877944 -31.9490459, 115.8779028 -31.9490459, 115.8779028 -31.9489321, 115.8779302 -31.948932, 115.8779302 -31.9489101, 115.8779681 -31.9489101, 115.8779681 -31.9489034, 115.8780113 -31.9489031, 115.8780109 -31.9490155, 115.8780111 -31.9490645, 115.877944 -31.9490813))",-31.948987922006847,115.8779609451535
building_2579,building_residential,W152068344,"POLYGON ((115.878589 -31.9490459, 115.8785561 -31.9490459, 115.8785561 -31.9490508, 115.8785216 -31.9490508, 115.8785216 -31.9490459, 115.8784756 -31.9490459, 115.8784756 -31.9489034, 115.878589 -31.9489034, 115.878589 -31.9489588, 115.8785712 -31.9489588, 115.8785712 -31.9489877, 115.878589 -31.9489877, 115.878589 -31.9490459))",-31.94897548337958,115.87853081512549
building_2580,building_residential,W152068345,"POLYGON ((115.8787181 -31.9492355, 115.8786125 -31.9492355, 115.8786125 -31.9490986, 115.8787181 -31.9490986, 115.8787181 -31.9492355))",-31.94916705,115.87866530000001
building_2581,building_residential,W152068346,"POLYGON ((115.8780896 -31.9495073, 115.8780295 -31.9494494, 115.877903 -31.9495439, 115.8780201 -31.9496257, 115.8780896 -31.9495073))",-31.949535491800948,115.87800548497107
building_2582,building_residential,W152068347,"POLYGON ((115.8784012 -31.9492355, 115.8782955 -31.9492355, 115.8782955 -31.9492072, 115.8782955 -31.9491203, 115.8782955 -31.9490986, 115.8784012 -31.9490986, 115.8784012 -31.9492355))",-31.94916705,115.87834835000001
building_2583,building_residential,W152068348,"POLYGON ((115.8779953 -31.9493977, 115.8780047 -31.9493309, 115.8778501 -31.9493153, 115.8778375 -31.9494212, 115.8779953 -31.9493977))",-31.94936634191424,115.87791600961911
building_2584,building_residential,W152068349,"POLYGON ((115.8780295 -31.9494494, 115.877903 -31.9495439, 115.8778527 -31.9494947, 115.8778375 -31.9494212, 115.8779953 -31.9493977, 115.8780295 -31.9494494))",-31.949459834791796,115.87792636472456
building_2585,building_residential,W152068350,"POLYGON ((115.8781834 -31.9496575, 115.8781896 -31.9495103, 115.8780896 -31.9495073, 115.8780201 -31.9496257, 115.8780933 -31.9496566, 115.8781834 -31.9496575))",-31.94958576537125,115.87811913713888
building_2586,building_residential,W152068351,"POLYGON ((115.8780995 -31.9492434, 115.8782058 -31.9492344, 115.8781899 -31.9490986, 115.8781236 -31.9490979, 115.8780231 -31.9491209, 115.8780995 -31.9492434))",-31.94916667748294,115.87812767593346
building_2587,building_residential,W152068353,"POLYGON ((115.8780244 -31.9492771, 115.8780995 -31.9492434, 115.8780231 -31.9491209, 115.8779721 -31.9491433, 115.8779156 -31.9491957, 115.8780244 -31.9492771))",-31.94920203935089,115.87801088749723
building_2588,building_residential,W152068354,"POLYGON ((115.8780047 -31.9493309, 115.8778501 -31.9493153, 115.8778618 -31.9492474, 115.8779156 -31.9491957, 115.8780244 -31.9492771, 115.8780047 -31.9493309))",-31.94927464367145,115.87793306320245
building_2589,building_residential,W152068355,"POLYGON ((115.8787923 -31.9490459, 115.8787023 -31.9490459, 115.8787023 -31.9489034, 115.8787865 -31.9489034, 115.8788156 -31.9489305, 115.8788156 -31.9490234, 115.8787923 -31.9490459))",-31.948975155001282,115.87875692749839
building_2590,building_residential,W152068356,"POLYGON ((115.8785068 -31.9492355, 115.8784012 -31.9492355, 115.8784012 -31.9490986, 115.8784442 -31.9490986, 115.8784442 -31.9491132, 115.8785068 -31.9491132, 115.8785068 -31.949117, 115.8785068 -31.9492355))",-31.94917117685332,115.87845254902132
building_2591,building_residential,W152068357,"POLYGON ((115.8786125 -31.9492355, 115.8785068 -31.9492355, 115.8785068 -31.949117, 115.8785331 -31.9491147, 115.8785331 -31.9490986, 115.8786125 -31.9490986, 115.8786125 -31.9492355))",-31.94916898593335,115.87856094442232
building_2592,building_residential,W152068358,"POLYGON ((115.8782541 -31.9489787, 115.8782134 -31.9489787, 115.8782132 -31.949046, 115.8781378 -31.9490458, 115.8781379 -31.9490364, 115.8781383 -31.9489034, 115.8782543 -31.9489037, 115.8782541 -31.9489787))",-31.948967272764637,115.87818862326883
building_2593,building_residential,W152068359,"POLYGON ((115.8782955 -31.9492072, 115.8782536 -31.9492066, 115.8782536 -31.9492248, 115.8782058 -31.9492344, 115.8781899 -31.9490986, 115.8782594 -31.9490986, 115.8782594 -31.9491207, 115.8782955 -31.9491203, 115.8782955 -31.9492072))",-31.949161391163788,115.87824165346288
building_2594,building_residential,W152068360,"POLYGON ((115.8784756 -31.9490459, 115.8783705 -31.9490459, 115.8783705 -31.9489842, 115.8783991 -31.9489842, 115.8783991 -31.9489605, 115.8783705 -31.9489605, 115.8783705 -31.9489034, 115.8784756 -31.9489034, 115.8784756 -31.9490459))",-31.948974759028157,115.87842486318569
building_2595,building_residential,W152068361,"POLYGON ((115.8788238 -31.9492502, 115.878771 -31.9492502, 115.878771 -31.9492355, 115.8787181 -31.9492355, 115.8787181 -31.9490986, 115.8787791 -31.9490986, 115.8787791 -31.9491455, 115.8788238 -31.9491455, 115.8788238 -31.9492502))",-31.949178698028827,115.8787676487464
building_2596,building_residential,W152068362,"POLYGON ((115.8787023 -31.9490459, 115.8786044 -31.9490459, 115.8786044 -31.9489877, 115.8786158 -31.9489877, 115.8786158 -31.9489588, 115.878589 -31.9489588, 115.878589 -31.9489034, 115.8787023 -31.9489034, 115.8787023 -31.9490459))",-31.94897211492102,115.87865099534272
building_2597,building_residential,W152068363,"POLYGON ((115.8781379 -31.9490364, 115.8780833 -31.9490362, 115.8780833 -31.9490459, 115.8780476 -31.9490459, 115.8780476 -31.9490155, 115.8780109 -31.9490155, 115.8780113 -31.9489031, 115.8781383 -31.9489034, 115.8781379 -31.9490364))",-31.948968662373037,115.87807647281583
building_2598,building_yes,W152068771,"POLYGON ((115.8777796 -31.9488737, 115.8777798 -31.9489483, 115.877632 -31.9489485, 115.8776319 -31.9488739, 115.8777796 -31.9488737))",-31.94891110420752,115.87770582503079
building_2599,building_yes,W152068772,"POLYGON ((115.8777794 -31.9487991, 115.8777796 -31.9488737, 115.8776319 -31.9488739, 115.8776317 -31.9487993, 115.8777794 -31.9487991))",-31.94883649999999,115.87770564999997
building_2600,building_yes,W152068773,"POLYGON ((115.8777793 -31.948747, 115.8777794 -31.9487991, 115.8776317 -31.9487993, 115.8776316 -31.9487472, 115.8777793 -31.948747))",-31.948773150000008,115.87770549999999
building_2601,building_yes,W152068774,"POLYGON ((115.8777792 -31.9486949, 115.8777793 -31.948747, 115.8776316 -31.9487472, 115.8776057 -31.9487472, 115.8776056 -31.9486971, 115.8776315 -31.9486971, 115.8776315 -31.9486951, 115.8777792 -31.9486949))",-31.94872120863186,115.8776928747357
building_2602,building_yes,W152068776,"POLYGON ((115.8777798 -31.9489483, 115.8777799 -31.949002, 115.8777551 -31.9490229, 115.8776424 -31.9490231, 115.8776423 -31.9489943, 115.8776321 -31.9489943, 115.877632 -31.9489485, 115.8777798 -31.9489483))",-31.94898429744085,115.87770627262044
building_2603,building_yes,W152068777,"POLYGON ((115.8777791 -31.9486306, 115.8777792 -31.9486949, 115.8776315 -31.9486951, 115.8776013 -31.9486951, 115.8776011 -31.9486336, 115.8776595 -31.9486336, 115.8776595 -31.9486308, 115.8777791 -31.9486306))",-31.948663316424764,115.87769104112427
building_2604,building_residential,W152098218,"POLYGON ((115.8783831 -31.9487703, 115.8783828 -31.9486306, 115.8784532 -31.9486305, 115.8784533 -31.9486729, 115.8784801 -31.9486729, 115.8784803 -31.9487702, 115.8784478 -31.9487702, 115.8784478 -31.9487808, 115.8784117 -31.9487808, 115.8784117 -31.9487703, 115.8783831 -31.9487703))",-31.94870693695249,115.87842838798585
building_2605,building_residential,W152098220,"POLYGON ((115.877904 -31.9487669, 115.8779038 -31.9487132, 115.8779191 -31.9487132, 115.8779189 -31.9486559, 115.8779408 -31.9486358, 115.8779924 -31.9486357, 115.8779925 -31.9486515, 115.8779927 -31.9487709, 115.8779283 -31.948771, 115.8779283 -31.9487669, 115.877904 -31.9487669))",-31.948707246071976,115.8779530976621
building_2606,building_residential,W152098222,"POLYGON ((115.8785872 -31.94877, 115.8785869 -31.9486323, 115.8786989 -31.9486322, 115.8786992 -31.9487699, 115.8785872 -31.94877))",-31.948701100000008,115.87864305000002
building_2607,building_residential,W152098226,"POLYGON ((115.8786992 -31.9487699, 115.8786989 -31.9486322, 115.8787771 -31.9486321, 115.8787774 -31.9487698, 115.8786992 -31.9487699))",-31.948701,115.87873814999999
building_2608,building_residential,W152098228,"POLYGON ((115.8779927 -31.9487709, 115.8779925 -31.9486515, 115.87806 -31.9486514, 115.8780602 -31.9487708, 115.8779927 -31.9487709))",-31.948711150000005,115.87802635
building_2609,building_residential,W152098230,"POLYGON ((115.8784803 -31.9487702, 115.8784801 -31.9486729, 115.8784801 -31.9486325, 115.8785869 -31.9486323, 115.8785872 -31.94877, 115.8784803 -31.9487702))",-31.94870125816056,115.87853361035698
building_2610,building_residential,W152098231,"POLYGON ((115.8782751 -31.9487705, 115.8782748 -31.9486439, 115.8782748 -31.9486308, 115.8783828 -31.9486306, 115.8783831 -31.9487703, 115.8782751 -31.9487705))",-31.948700547549656,115.87832894296149
building_2611,building_residential,W152098232,"POLYGON ((115.8787774 -31.9487698, 115.8787771 -31.9486321, 115.8788257 -31.948632, 115.8788258 -31.9486652, 115.8788636 -31.9486652, 115.8788638 -31.9487697, 115.8787774 -31.9487698))",-31.94870705072564,115.87881760534127
building_2612,building_residential,W152098239,"POLYGON ((115.8781708 -31.9487706, 115.8781706 -31.9486771, 115.8782371 -31.948677, 115.878237 -31.948644, 115.8782748 -31.9486439, 115.8782751 -31.9487705, 115.8781708 -31.9487706))",-31.948716604541925,115.87822660402126
building_2613,building_residential,W152098241,"POLYGON ((115.8780602 -31.9487708, 115.87806 -31.9486514, 115.8780599 -31.948638, 115.8781705 -31.9486378, 115.8781708 -31.9487706, 115.8781369 -31.9487707, 115.8781369 -31.9487764, 115.8781043 -31.9487764, 115.8781043 -31.9487707, 115.8780602 -31.9487708))",-31.94870517314509,115.87811543551214
building_2614,building_residential,W152101705,"POLYGON ((115.8791915 -31.9492428, 115.8791646 -31.9492428, 115.8791646 -31.9492491, 115.8791222 -31.9492492, 115.8791222 -31.9492429, 115.8790861 -31.9492429, 115.8790859 -31.9491297, 115.8791298 -31.9491325, 115.8791298 -31.9491103, 115.8791912 -31.9491102, 115.8791915 -31.9492428))",-31.949181790852275,115.87914083855952
building_2615,building_residential,W152101706,"POLYGON ((115.8797955 -31.9490477, 115.8797739 -31.9490477, 115.8797738 -31.9490052, 115.879788 -31.9490053, 115.8797879 -31.9489381, 115.8798991 -31.9489379, 115.8799177 -31.9489379, 115.8799178 -31.9489705, 115.8799252 -31.9489705, 115.8799253 -31.9489991, 115.8799178 -31.9489992, 115.879917 -31.9490475, 115.8797955 -31.9490477))",-31.94899397590655,115.87985089351801
building_2616,building_residential,W152101708,"POLYGON ((115.8790861 -31.9492429, 115.8790373 -31.949243, 115.8790374 -31.9492628, 115.8789989 -31.9492629, 115.8789989 -31.9492513, 115.8789858 -31.9492514, 115.8789597 -31.9492301, 115.8789596 -31.9491972, 115.878969 -31.9491972, 115.8789689 -31.9491386, 115.8790201 -31.9491385, 115.87902 -31.9491104, 115.8790859 -31.9491103, 115.8790859 -31.9491297, 115.8790861 -31.9492429))",-31.949186884132057,115.87902838394406
building_2617,building_residential,W152101711,"POLYGON ((115.8793902 -31.948563, 115.8793903 -31.9486024, 115.8793905 -31.948717, 115.8793906 -31.9487444, 115.8793743 -31.9487444, 115.8793743 -31.9487494, 115.8793226 -31.9487494, 115.8793226 -31.9487193, 115.8792702 -31.9487194, 115.8792702 -31.9487495, 115.8792225 -31.9487496, 115.8792225 -31.9487454, 115.8791829 -31.9487455, 115.8791829 -31.9487233, 115.8791561 -31.9487233, 115.8791561 -31.9487497, 115.8790968 -31.9487497, 115.8790966 -31.9486332, 115.8791028 -31.9486332, 115.8791027 -31.9485634, 115.8793902 -31.948563))",-31.948652961757602,115.87924403435261
building_2618,building_residential,W152101712,"POLYGON ((115.8797731 -31.9490013, 115.8797471 -31.9490014, 115.8797469 -31.9489458, 115.8797729 -31.9489457, 115.8797731 -31.9490013))",-31.948973549999995,115.87976
building_2619,building_residential,W152101713,"POLYGON ((115.8790084 -31.9487586, 115.8789398 -31.9487587, 115.8789397 -31.9486984, 115.8790082 -31.9486983, 115.8790084 -31.9487586))",-31.948728507330372,115.87897402503206
building_2620,building_residential,W152101717,"POLYGON ((115.8795416 -31.9488722, 115.8796131 -31.948856, 115.8796148 -31.9490441, 115.8795419 -31.9490442, 115.8795416 -31.9488722))",-31.948954335897724,115.87957839446024
building_2621,building_residential,W152101718,"POLYGON ((115.8796131 -31.948856, 115.8796661 -31.9488556, 115.8796901 -31.9488689, 115.8796905 -31.949044, 115.8796148 -31.9490441, 115.8796131 -31.948856))",-31.948950637038486,115.87965179139158
building_2622,building_residential,W152101719,"POLYGON ((115.8796086 -31.9485896, 115.8796086 -31.9485522, 115.8799193 -31.9485517, 115.8799197 -31.9487039, 115.8796089 -31.9487043, 115.8796086 -31.9485896))",-31.948628027543855,115.87976412361243
building_2623,building_residential,W152101722,"POLYGON ((115.8793905 -31.948717, 115.8793903 -31.9486024, 115.8794719 -31.9486023, 115.8794721 -31.9487081, 115.8794721 -31.9487169, 115.8793905 -31.948717))",-31.9486596515165,115.87943120384223
building_2624,building_residential,W152101723,"POLYGON ((115.8798233 -31.9490974, 115.8797956 -31.9490974, 115.8797955 -31.9490477, 115.879917 -31.9490475, 115.8799285 -31.9490475, 115.8799286 -31.9490972, 115.8798233 -31.9490974))",-31.94907245609476,115.87986204778335
building_2625,building_residential,W152101724,"POLYGON ((115.8795456 -31.9487044, 115.8795454 -31.948593, 115.8795454 -31.9485897, 115.8796086 -31.9485896, 115.8796089 -31.9487043, 115.8795456 -31.9487044))",-31.948647014294018,115.87957712360023
building_2626,building_residential,W152101725,"POLYGON ((115.8794721 -31.9487081, 115.8794719 -31.9486023, 115.8794719 -31.9485931, 115.8795454 -31.948593, 115.8795456 -31.9487044, 115.8795456 -31.948708, 115.8794721 -31.9487081))",-31.948650549016303,115.87950874756339
building_2627,building_residential,W152101726,"POLYGON ((115.8794021 -31.9492425, 115.8792968 -31.9492427, 115.8792966 -31.9491353, 115.8793704 -31.9491341, 115.8793704 -31.9491499, 115.879402 -31.9491498, 115.8794021 -31.9492425))",-31.94919068063959,115.87934778563552
building_2628,building_residential,W152101727,"POLYGON ((115.8798235 -31.949242, 115.8797182 -31.9492421, 115.879718 -31.9491234, 115.8797607 -31.9491233, 115.8797607 -31.9491094, 115.8798233 -31.9491093, 115.8798235 -31.949242))",-31.949178350463896,115.87977214438666
building_2629,building_residential,W152101728,"POLYGON ((115.8796128 -31.9492422, 115.8795075 -31.9492424, 115.8795073 -31.9491182, 115.8795485 -31.9491182, 115.8795485 -31.9491097, 115.8796126 -31.9491096, 115.8796128 -31.9492422))",-31.949177579047376,115.87956086736733
building_2630,building_residential,W152101729,"POLYGON ((115.8797182 -31.9492421, 115.8796128 -31.9492422, 115.8796126 -31.9491096, 115.8796126 -31.9490971, 115.8797071 -31.9490969, 115.8797071 -31.9491095, 115.8797179 -31.9491095, 115.8797182 -31.9492421))",-31.94917017819837,115.87966494808754
building_2631,building_residential,W152101730,"POLYGON ((115.8794469 -31.9490444, 115.8794458 -31.9488787, 115.8794807 -31.9488782, 115.8794805 -31.9488692, 115.8795094 -31.9488662, 115.8795107 -31.9488755, 115.8795416 -31.9488722, 115.8795419 -31.9490442, 115.8794469 -31.9490444))",-31.94895878274257,115.87949438233316
building_2632,building_residential,W152101731,"POLYGON ((115.8790597 -31.9488872, 115.8790843 -31.9488872, 115.8790843 -31.9488836, 115.8791134 -31.9488836, 115.8791134 -31.9488871, 115.8791351 -31.9488871, 115.8791351 -31.948895, 115.8791354 -31.9490448, 115.87906 -31.9490449, 115.8790597 -31.9488872))",-31.94896530878336,115.87909755856371
building_2633,building_residential,W152101732,"POLYGON ((115.8795075 -31.9492424, 115.8794021 -31.9492425, 115.879402 -31.9491498, 115.879412 -31.9491498, 115.8794119 -31.9490972, 115.8794707 -31.9490971, 115.8794707 -31.9491212, 115.8795073 -31.9491211, 115.8795075 -31.9492424))",-31.9491753890359,115.87945433596289
building_2634,building_residential,W152101733,"POLYGON ((115.8789724 -31.9490451, 115.8789721 -31.9488873, 115.8789993 -31.9488873, 115.8789993 -31.9488839, 115.8790336 -31.9488839, 115.8790336 -31.9488872, 115.8790597 -31.9488872, 115.87906 -31.9490449, 115.8789724 -31.9490451))",-31.948965461089994,115.879016049948
building_2635,building_residential,W152101734,"POLYGON ((115.8792408 -31.9488869, 115.8792737 -31.9488869, 115.8792736 -31.9488796, 115.8793071 -31.9488796, 115.8793071 -31.9488868, 115.8793409 -31.9488868, 115.8793412 -31.9490445, 115.8792411 -31.9490447, 115.8792408 -31.9488869))",-31.94896447691669,115.87929098706903
building_2636,building_residential,W152101735,"POLYGON ((115.8791354 -31.9490448, 115.8791351 -31.948895, 115.8791847 -31.9488938, 115.8791847 -31.9488833, 115.8792109 -31.9488833, 115.8792109 -31.948887, 115.8792408 -31.9488869, 115.8792411 -31.9490447, 115.8791354 -31.9490448))",-31.948967070694458,115.879188797574
building_2637,building_residential,W152101736,"POLYGON ((115.8793412 -31.9490445, 115.8793409 -31.9488868, 115.8793838 -31.9488867, 115.8793837 -31.9488792, 115.8794127 -31.9488791, 115.8794131 -31.9488821, 115.8794458 -31.9488787, 115.8794469 -31.9490444, 115.8793412 -31.9490445))",-31.94896361035879,115.87939422455403
building_2638,building_residential,W152101737,"POLYGON ((115.8799166 -31.9492494, 115.8798897 -31.9492494, 115.8798803 -31.9492419, 115.8798235 -31.949242, 115.8798233 -31.9491093, 115.8798233 -31.9490974, 115.8799286 -31.9490972, 115.8799289 -31.9492382, 115.8799166 -31.9492494))",-31.949170898433017,115.87987651617786
building_2639,building_residential,W152101738,"POLYGON ((115.8792968 -31.9492427, 115.8792648 -31.9492427, 115.8792648 -31.9492458, 115.8792302 -31.9492459, 115.8792302 -31.9492428, 115.8791915 -31.9492428, 115.8791912 -31.9491102, 115.8792966 -31.9491101, 115.8792966 -31.9491353, 115.8792968 -31.9492427))",-31.94917696070961,115.87924403914602
building_2640,building_residential,W152101739,"POLYGON ((115.8798991 -31.9489379, 115.8797879 -31.9489381, 115.8797432 -31.9489381, 115.8797431 -31.948855, 115.8797878 -31.9488549, 115.8797877 -31.9488309, 115.8798873 -31.9488307, 115.8798874 -31.9488826, 115.879899 -31.9488825, 115.8798991 -31.9489379))",-31.9488885064774,115.87982216516366
building_2641,building_residential,W152106836,"POLYGON ((115.8801945 -31.9495772, 115.8801944 -31.9495033, 115.8804978 -31.9495029, 115.8804979 -31.9495359, 115.8805145 -31.9495359, 115.8805146 -31.9495662, 115.8805022 -31.9495662, 115.8805022 -31.9495768, 115.8803634 -31.949577, 115.8802893 -31.9495771, 115.8801945 -31.9495772))",-31.949540361979697,115.88034998328965
building_2642,building_residential,W152106839,"POLYGON ((115.8806884 -31.9494527, 115.8808149 -31.9494522, 115.8808149 -31.9494634, 115.8808352 -31.9494806, 115.8808425 -31.9495032, 115.880834 -31.9495275, 115.8808154 -31.9495424, 115.8808154 -31.9495549, 115.8807158 -31.9495553, 115.8807156 -31.9495222, 115.8806888 -31.9495224, 115.8806884 -31.9494527))",-31.949501425384874,115.8807628819579
building_2643,building_residential,W152106840,"POLYGON ((115.8807158 -31.9495553, 115.8808154 -31.9495549, 115.8808363 -31.9495549, 115.8808366 -31.9496094, 115.8808436 -31.9496093, 115.8808439 -31.9496533, 115.8808211 -31.9496533, 115.8806961 -31.9496538, 115.8806958 -31.9496051, 115.8807053 -31.9496051, 115.8807052 -31.9495789, 115.8807159 -31.9495789, 115.8807158 -31.9495553))",-31.94960648352979,115.88077125660249
building_2644,building_residential,W152106841,"POLYGON ((115.8801948 -31.9497252, 115.8801947 -31.9496512, 115.8802714 -31.9496511, 115.8802715 -31.949686, 115.8803227 -31.9496859, 115.8803226 -31.949651, 115.8805016 -31.9496508, 115.8805052 -31.9496635, 115.880525 -31.9496635, 115.8805251 -31.9497248, 115.8805148 -31.9497248, 115.880481 -31.9497248, 115.8803993 -31.9497249, 115.8803112 -31.949725, 115.8801948 -31.9497252))",-31.94968990094449,115.88036302589279
building_2645,building_residential,W152106842,"POLYGON ((115.8802051 -31.9497991, 115.8802051 -31.949793, 115.8801949 -31.949793, 115.8801948 -31.9497252, 115.8803112 -31.949725, 115.8803113 -31.949758, 115.8803994 -31.9497579, 115.8803993 -31.9497249, 115.880481 -31.9497248, 115.8804859 -31.9497683, 115.8804626 -31.9497683, 115.8804627 -31.9497988, 115.8804473 -31.9497988, 115.8802051 -31.9497991))",-31.949764469377673,115.88033222796672
building_2646,building_residential,W152106843,"POLYGON ((115.8801947 -31.9496512, 115.8801911 -31.9496512, 115.880191 -31.9496107, 115.8801946 -31.9496107, 115.8801945 -31.9495772, 115.8802893 -31.9495771, 115.8802894 -31.9496035, 115.8803635 -31.9496034, 115.8803634 -31.949577, 115.8805037 -31.9495768, 115.8805037 -31.949591, 115.8805146 -31.949591, 115.8805147 -31.9496508, 115.8805016 -31.9496508, 115.8803226 -31.949651, 115.8802714 -31.9496511, 115.8801947 -31.9496512))",-31.94961645867177,115.88035497823734
building_2647,building_residential,W152106848,"POLYGON ((115.8801759 -31.9487165, 115.8802266 -31.9487162, 115.8802265 -31.9487053, 115.8802817 -31.948705, 115.8802818 -31.9487159, 115.8803464 -31.9487155, 115.8803463 -31.9487068, 115.8804031 -31.9487064, 115.8804033 -31.9487286, 115.880476 -31.9487282, 115.8804762 -31.9487515, 115.8804852 -31.9487515, 115.8804855 -31.9487877, 115.8804888 -31.9487877, 115.880489 -31.9488146, 115.8804857 -31.9488146, 115.880487 -31.9489807, 115.8804482 -31.948981, 115.8804483 -31.9489946, 115.8804055 -31.9489949, 115.8804054 -31.9489795, 115.8802769 -31.9489803, 115.880277 -31.9489956, 115.8802359 -31.9489959, 115.8802358 -31.9489836, 115.8801887 -31.9489838, 115.8801879 -31.9488917, 115.8801774 -31.9488918, 115.8801764 -31.948779, 115.8801712 -31.9487791, 115.8801709 -31.9487467, 115.8801762 -31.9487467, 115.8801759 -31.9487165))",-31.94884918901519,115.88033091602588
building_2648,building_residential,W152106849,"POLYGON ((115.8801977 -31.9490204, 115.8802562 -31.9490203, 115.8802562 -31.949017, 115.8803481 -31.9490169, 115.8803481 -31.9490268, 115.8804765 -31.9490266, 115.8804765 -31.9490438, 115.8804905 -31.9490438, 115.8804905 -31.9490878, 115.8804766 -31.9490878, 115.8804766 -31.9491276, 115.880488 -31.9491276, 115.8804881 -31.9491821, 115.8804767 -31.9491821, 115.8804768 -31.9492233, 115.8804921 -31.9492233, 115.8804922 -31.9492694, 115.8804768 -31.9492695, 115.8804769 -31.9492746, 115.88035 -31.9492748, 115.8803501 -31.9492835, 115.8802169 -31.9492836, 115.8802169 -31.9492753, 115.8801993 -31.9492753, 115.8801992 -31.9492357, 115.88019 -31.9492357, 115.8801899 -31.9491967, 115.8801923 -31.9491967, 115.8801922 -31.9491683, 115.8801972 -31.9491683, 115.8801972 -31.9491604, 115.8801922 -31.9491604, 115.8801801 -31.9491605, 115.88018 -31.9491195, 115.8801922 -31.9491195, 115.8801921 -31.9490542, 115.8801978 -31.9490542, 115.8801977 -31.9490204))",-31.94915066874769,115.88033626677648
building_2649,building_residential,W152106850,"POLYGON ((115.8802051 -31.9497991, 115.8804473 -31.9497988, 115.8804474 -31.9498593, 115.8804318 -31.9498593, 115.8802052 -31.9498596, 115.8802051 -31.9497991))",-31.94982919517651,115.88032624437524
building_2650,building_residential,W152106851,"POLYGON ((115.8806725 -31.9486579, 115.880672 -31.9485675, 115.8807054 -31.9485525, 115.8808006 -31.9485501, 115.8808049 -31.948654, 115.8806725 -31.9486579))",-31.948604906392518,115.88073839077687
building_2651,building_residential,W152106852,"POLYGON ((115.8806994 -31.9493176, 115.8806991 -31.9492729, 115.880669 -31.949273, 115.8806688 -31.949227, 115.8808245 -31.9492264, 115.880825 -31.9493171, 115.8806994 -31.9493176))",-31.949269606812223,115.88075348459054
building_2652,building_residential,W152106853,"POLYGON ((115.8808211 -31.9496533, 115.8808213 -31.9496826, 115.8808337 -31.9496825, 115.880817 -31.9497548, 115.8806966 -31.9497552, 115.8806961 -31.9496538, 115.8808211 -31.9496533))",-31.949704012223904,115.88076033783803
building_2653,building_residential,W152106854,"POLYGON ((115.8806777 -31.9489484, 115.8806774 -31.9489102, 115.8806598 -31.9489103, 115.8806595 -31.9488561, 115.8808224 -31.9488554, 115.8808229 -31.9489478, 115.8806777 -31.9489484))",-31.94890065769339,115.88074460382784
building_2654,building_residential,W152106855,"POLYGON ((115.8806688 -31.949227, 115.8806683 -31.9491395, 115.8806872 -31.9491394, 115.8806871 -31.9491197, 115.8808239 -31.9491192, 115.8808245 -31.9492264, 115.8806688 -31.949227))",-31.949174085037868,115.88074791087013
building_2655,building_residential,W152106856,"POLYGON ((115.8806571 -31.9490324, 115.8806567 -31.9489652, 115.8806778 -31.9489651, 115.8806777 -31.9489484, 115.8808229 -31.9489478, 115.8808234 -31.9490318, 115.8806571 -31.9490324))",-31.948990984900004,115.8807419005449
building_2656,building_residential,W152106857,"POLYGON ((115.8808149 -31.9494522, 115.8806884 -31.9494527, 115.880688 -31.9493818, 115.8807357 -31.9493816, 115.8807356 -31.9493661, 115.8808144 -31.9493658, 115.8808149 -31.9494522))",-31.94941180844026,115.88075427547557
building_2657,building_residential,W152106858,"POLYGON ((115.8806871 -31.9491197, 115.8806869 -31.9490784, 115.8806574 -31.9490785, 115.8806571 -31.9490324, 115.8808234 -31.9490318, 115.8808239 -31.9491192, 115.8806871 -31.9491197))",-31.949073669674487,115.8807467540712
building_2658,building_residential,W152106860,"POLYGON ((115.8806595 -31.9488561, 115.8806592 -31.9488036, 115.8806732 -31.9488035, 115.8806729 -31.9487642, 115.8806911 -31.9487641, 115.8808219 -31.9487635, 115.8808224 -31.9488554, 115.8806595 -31.9488561))",-31.94881079804776,115.88074354424103
building_2659,building_residential,W152106861,"POLYGON ((115.8801944 -31.9495033, 115.8801943 -31.9494169, 115.8802022 -31.9494103, 115.8802962 -31.9494101, 115.8802962 -31.9494129, 115.8804937 -31.9494127, 115.8804938 -31.9495029, 115.8801944 -31.9495033))",-31.949457543572574,115.88034315368753
building_2660,building_residential,W152106862,"POLYGON ((115.8806966 -31.9497552, 115.880817 -31.9497548, 115.8807809 -31.9498563, 115.8806697 -31.9498567, 115.8806697 -31.9498467, 115.8806506 -31.9498468, 115.8806764 -31.9497876, 115.8806968 -31.9497875, 115.8806966 -31.9497552))",-31.949806622527237,115.88073620129283
building_2661,building_residential,W152106863,"POLYGON ((115.8807809 -31.9498563, 115.8807536 -31.9498923, 115.8807541 -31.9499783, 115.880636 -31.9499788, 115.8806356 -31.94991, 115.8806495 -31.94991, 115.8806492 -31.9498568, 115.8806697 -31.9498567, 115.8807809 -31.9498563))",-31.949917650304467,115.88069979305244
building_2662,building_residential,W152106864,"POLYGON ((115.8806911 -31.9487641, 115.8806909 -31.948727, 115.8806563 -31.9487271, 115.8806559 -31.948658, 115.8806725 -31.9486579, 115.8808049 -31.948654, 115.880807 -31.9486804, 115.8808214 -31.9486801, 115.8808219 -31.9487635, 115.8806911 -31.9487641))",-31.948708149848887,115.88074275019818
building_2663,building_residential,W152106865,"POLYGON ((115.8804318 -31.9498593, 115.8804318 -31.9498903, 115.8804026 -31.9498903, 115.8804026 -31.9499144, 115.8803601 -31.9499145, 115.8803601 -31.9499179, 115.8802236 -31.9499181, 115.8802052 -31.9498865, 115.8802052 -31.9498596, 115.8804318 -31.9498593))",-31.94988689040327,115.88031372474906
building_2664,building_yes,W152269562,"POLYGON ((115.8480104 -31.9472594, 115.8482286 -31.9467993, 115.8484415 -31.9463497, 115.8484744 -31.9462803, 115.8492888 -31.9465582, 115.8492593 -31.9466203, 115.8492419 -31.9466571, 115.8492947 -31.9466752, 115.8490508 -31.9471898, 115.8488776 -31.9475553, 115.8480104 -31.9472594))",-31.946919674268234,115.84867221468055
building_2665,building_yes,W161393748,"POLYGON ((115.8146916 -31.9774752, 115.8154812 -31.9774836, 115.8154838 -31.9776672, 115.8152198 -31.9776699, 115.8152681 -31.9777255, 115.8153162 -31.9777788, 115.8147178 -31.9780447, 115.8147622 -31.9779183, 115.8146759 -31.9779183, 115.8146733 -31.9777386, 115.8147831 -31.977732, 115.8147805 -31.9776809, 115.8146968 -31.9776787, 115.8146916 -31.9774752))",-31.977687225106173,115.81501680475635
building_2666,building_yes,W161393749,"POLYGON ((115.8141941 -31.9780139, 115.81423 -31.9781382, 115.8145095 -31.9780801, 115.8144736 -31.9779558, 115.8141941 -31.9780139))",-31.978047,115.8143518
building_2667,building_yes,W161393750,"POLYGON ((115.8140725 -31.9775735, 115.8144732 -31.9775085, 115.8145031 -31.9776409, 115.8141024 -31.9777059, 115.8140917 -31.9776584, 115.8140725 -31.9775735))",-31.9776071987428,115.81428780645696
building_2668,building_yes,W163824571,"POLYGON ((115.8712188 -31.9504869, 115.8712226 -31.950434, 115.8713027 -31.9504381, 115.8712989 -31.9504911, 115.8712188 -31.9504869))",-31.95046252604459,115.87126076253126
building_2669,building_yes,W163824572,"POLYGON ((115.8706643 -31.9507563, 115.8706774 -31.9505541, 115.8707683 -31.9505583, 115.8707552 -31.9507606, 115.8706643 -31.9507563))",-31.950657326371918,115.87071630365651
building_2670,building_yes,W163824573,"POLYGON ((115.8711334 -31.9508706, 115.87115 -31.9506619, 115.8712833 -31.9506696, 115.8712667 -31.9508782, 115.8711334 -31.9508706))",-31.95077007366281,115.87120834478247
building_2671,building_yes,W163824574,"POLYGON ((115.8711191 -31.9505814, 115.8707615 -31.9505566, 115.870776 -31.9504064, 115.8711336 -31.9504312, 115.8711191 -31.9505814))",-31.9504939,115.87094755000001
building_2672,building_yes,W163824575,"POLYGON ((115.8709075 -31.9508601, 115.8709146 -31.9507698, 115.8709488 -31.9507466, 115.8710927 -31.9507548, 115.8710836 -31.95087, 115.8709075 -31.9508601))",-31.950808501377765,115.87100156408195
building_2673,building_yes,W194941644,"POLYGON ((115.8595981 -31.950246, 115.8597754 -31.9499654, 115.8598247 -31.949987, 115.8598827 -31.9498912, 115.8597614 -31.9498387, 115.8598089 -31.9497598, 115.8595398 -31.9496381, 115.8594988 -31.9496201, 115.8593513 -31.9498545, 115.8591475 -31.9497609, 115.8592494 -31.949597, 115.8591454 -31.94955, 115.8589084 -31.9499278, 115.8595981 -31.950246))",-31.949905746641164,115.85941248350719
building_2674,building_apartments,W199191382,"POLYGON ((115.8187567 -31.9743226, 115.8194283 -31.9743197, 115.8194305 -31.9744748, 115.8187589 -31.9744768, 115.8187567 -31.9743226))",-31.974398473566225,115.8190939256828
building_2675,building_yes,W217707586,"POLYGON ((115.8137396 -31.9747086, 115.8139423 -31.9747099, 115.81394 -31.9749798, 115.8137372 -31.9749785, 115.8137396 -31.9747086))",-31.974844211092424,115.81383977486327
building_2676,building_dormitory,W255665147,"POLYGON ((115.8141885 -31.9764434, 115.8142622 -31.9765714, 115.8148082 -31.9763451, 115.8147345 -31.9762171, 115.8141885 -31.9764434))",-31.97639425,115.81449835
building_2677,building_dormitory,W255665148,"POLYGON ((115.8146101 -31.9758094, 115.8147987 -31.9761304, 115.8149374 -31.9760718, 115.8147488 -31.9757508, 115.8146101 -31.9758094))",-31.9759406,115.81477375000001
building_2678,building_yes,W255665149,"POLYGON ((115.8138994 -31.9760917, 115.8139412 -31.976284, 115.8140737 -31.9762628, 115.8140374 -31.9760711, 115.8139171 -31.9760893, 115.8138994 -31.9760917))",-31.976176853835515,115.81398773976143
building_2679,building_dormitory,W255667216,"POLYGON ((115.8151728 -31.9754173, 115.8152821 -31.9755966, 115.8155629 -31.9754735, 115.8155128 -31.9753912, 115.8153226 -31.9754746, 115.8152635 -31.9753775, 115.8151728 -31.9754173))",-31.97548067148991,115.81535613783555
building_2680,building_house,W255667218,"POLYGON ((115.8136776 -31.9754896, 115.8136969 -31.975583, 115.8137988 -31.9755679, 115.8138097 -31.9756208, 115.8139385 -31.9756017, 115.813925 -31.9755359, 115.8139567 -31.9755312, 115.8139388 -31.9754441, 115.8138957 -31.9754505, 115.8138906 -31.9754257, 115.8137866 -31.9754411, 115.813793 -31.9754725, 115.8136776 -31.9754896))",-31.97552304241125,115.81382997394073
building_2681,building_yes,W255667219,"POLYGON ((115.8140415 -31.9753638, 115.8140573 -31.9754721, 115.814292 -31.9754474, 115.8142761 -31.9753391, 115.8140415 -31.9753638))",-31.975405603590772,115.81416672742608
building_2682,building_yes,W255667220,"POLYGON ((115.8143288 -31.9753268, 115.8143384 -31.9753826, 115.8144736 -31.9753658, 115.8144578 -31.9752744, 115.8143367 -31.9752894, 115.8143429 -31.9753251, 115.8143288 -31.9753268))",-31.975329351619482,115.81440087586174
building_2683,building_dormitory,W255667221,"POLYGON ((115.8157315 -31.9756713, 115.815787 -31.9757665, 115.8159911 -31.9756816, 115.8160346 -31.9757577, 115.8161214 -31.9757219, 115.8160234 -31.975551, 115.8157315 -31.9756713))",-31.975666960465933,115.81593383190081
building_2684,building_dormitory,W255667222,"POLYGON ((115.8157545 -31.975801, 115.8158518 -31.9759703, 115.81614 -31.9758511, 115.8160881 -31.9757609, 115.8158892 -31.9758431, 115.8158438 -31.975764, 115.8157545 -31.975801))",-31.975856285941294,115.81593832366897
building_2685,building_yes,W262485932,"POLYGON ((115.8193372 -31.9794777, 115.8196092 -31.9794782, 115.8196088 -31.9796121, 115.8195614 -31.9796119, 115.8193371 -31.9796118, 115.8193372 -31.9794777))",-31.979544900698873,115.81947302509113
building_2686,building_yes,W281928496,"POLYGON ((115.842924 -31.9513864, 115.8432055 -31.9514742, 115.8430298 -31.9518901, 115.8427435 -31.951803, 115.842924 -31.9513864))",-31.951638877147246,115.84297538271892
building_2687,building_yes,W320158278,"POLYGON ((115.858032 -31.9491526, 115.858143 -31.9492009, 115.8579372 -31.9495408, 115.8578258 -31.9494922, 115.8579298 -31.9493137, 115.858032 -31.9491526))",-31.949346325417924,115.85798358430571
building_2688,building_yes,W320158279,"POLYGON ((115.8578252 -31.9492706, 115.8579298 -31.9493137, 115.8578258 -31.9494922, 115.8577201 -31.9494479, 115.8578252 -31.9492706))",-31.94938131677744,115.85782513419102
building_2689,building_yes,W322926501,"POLYGON ((115.8500453 -31.9549357, 115.8503658 -31.9549427, 115.8506852 -31.9549544, 115.8507788 -31.9549436, 115.8507972 -31.9549083, 115.8507884 -31.9548614, 115.8506889 -31.9546644, 115.8501306 -31.9535605, 115.8500561 -31.9535433, 115.8500289 -31.9535367, 115.849512 -31.9537062, 115.8491337 -31.9538811, 115.8496398 -31.9549093, 115.8497067 -31.9549446, 115.8500453 -31.9549357))",-31.954310450477237,115.84995495318358
building_2690,building_apartments,W370400590,"POLYGON ((115.854999 -31.9505823, 115.8549049 -31.950783, 115.8552109 -31.9508899, 115.8551582 -31.951004, 115.8548098 -31.9508867, 115.8548494 -31.950796, 115.8547606 -31.950765, 115.8548709 -31.9505406, 115.854999 -31.9505823))",-31.950797826521388,115.85495631000096
building_2691,building_yes,W404686856,"POLYGON ((115.8136333 -31.9726579, 115.8136322 -31.972876, 115.8139428 -31.9728772, 115.813944 -31.9726591, 115.8136333 -31.9726579))",-31.97276754414967,115.81378807507672
building_2692,building_yes,W407716511,"POLYGON ((115.835923 -31.9507063, 115.8358112 -31.9507494, 115.8357056 -31.950987, 115.8358457 -31.9510318, 115.835982 -31.9507252, 115.835923 -31.9507063))",-31.95086612383957,115.83584276073833
building_2693,building_yes,W413772621,"POLYGON ((115.8121286 -31.9675356, 115.8123659 -31.9675359, 115.812364 -31.9677241, 115.8123653 -31.967829, 115.8123193 -31.9678289, 115.8123192 -31.9678558, 115.8123187 -31.9680838, 115.8119779 -31.9680832, 115.8119785 -31.9678081, 115.8120679 -31.9678082, 115.8120681 -31.9677353, 115.8121281 -31.9677354, 115.8121281 -31.967724, 115.8121286 -31.9675356))",-31.967832533047257,115.81218698077659
building_2694,building_yes,W421472838,"POLYGON ((115.8681436 -31.9525942, 115.8681759 -31.952248, 115.8681931 -31.9522492, 115.8681949 -31.9522296, 115.8682105 -31.9520601, 115.8685358 -31.9520816, 115.8685284 -31.9521621, 115.8685836 -31.9521658, 115.8685757 -31.952252, 115.8685736 -31.9522743, 115.8686519 -31.9522795, 115.8686204 -31.9526231, 115.8685187 -31.9526164, 115.8684339 -31.9526108, 115.8682148 -31.952599, 115.8681436 -31.9525942))",-31.952358565455224,115.86839274032022
building_2695,building_yes,W421472840,"POLYGON ((115.8681913 -31.9529143, 115.8682148 -31.952599, 115.8684339 -31.9526108, 115.8684123 -31.9529252, 115.8681913 -31.9529143))",-31.952762540066786,115.86831300147105
building_2696,building_residential,W444196144,"POLYGON ((115.8403327 -31.9468606, 115.840364 -31.9467967, 115.8403533 -31.9467722, 115.8401982 -31.9467158, 115.8401578 -31.9467989, 115.8403327 -31.9468606))",-31.946788583479474,115.84026386641794
building_2697,building_yes,W444350725,"POLYGON ((115.8574775 -31.9583204, 115.857499 -31.9583241, 115.8575982 -31.9583792, 115.8576042 -31.958387, 115.8576029 -31.9583957, 115.8575506 -31.9584498, 115.8575322 -31.9584602, 115.8575131 -31.9584588, 115.8574279 -31.9584384, 115.8574176 -31.95843, 115.8574185 -31.9584179, 115.8574621 -31.9583308, 115.8574775 -31.9583204))",-31.958395453982092,115.85750607469846
building_2698,building_apartments,W447807914,"POLYGON ((115.8471871 -31.9532406, 115.8473795 -31.9531743, 115.8475757 -31.9535836, 115.8473795 -31.9536504, 115.8473099 -31.9535059, 115.8473733 -31.9534847, 115.8473218 -31.9533749, 115.8472615 -31.9533962, 115.8471871 -31.9532406))",-31.953410576685325,115.84738678949611
building_2699,building_apartments,W469595668,"POLYGON ((115.8520833 -31.9463451, 115.8518082 -31.9462096, 115.8520682 -31.9458295, 115.852334 -31.9459586, 115.8520833 -31.9463451))",-31.946086948345013,115.8520727021787
building_2700,building_yes,W469595882,"POLYGON ((115.8525342 -31.9462212, 115.8525632 -31.9461915, 115.852567 -31.9461607, 115.8526118 -31.9461271, 115.8526513 -31.9461436, 115.8527331 -31.9461639, 115.8527324 -31.9461888, 115.852852 -31.9462223, 115.8526295 -31.9465749, 115.8527447 -31.9466275, 115.8527242 -31.94666, 115.8528213 -31.9467042, 115.8529084 -31.9465655, 115.853057 -31.9466316, 115.8527197 -31.9471739, 115.8523419 -31.9470062, 115.8523543 -31.9469888, 115.8522879 -31.9469546, 115.8522883 -31.9469311, 115.8522617 -31.9469147, 115.8522672 -31.9468906, 115.852235 -31.946874, 115.8522404 -31.9468498, 115.852219 -31.9468331, 115.8522217 -31.9468088, 115.8521895 -31.946796, 115.8525342 -31.9462212))",-31.94669569528457,115.85259804801005
building_2701,building_yes,W472263787,"POLYGON ((115.8704895 -31.9539845, 115.8703708 -31.9542489, 115.8702483 -31.9542093, 115.8703668 -31.9539449, 115.8704895 -31.9539845))",-31.954096869309478,115.87036886626285
building_2702,building_yes,W499188513,"POLYGON ((115.8565919 -31.9590349, 115.8565724 -31.9590432, 115.856561 -31.9590277, 115.8565362 -31.9590405, 115.8565475 -31.9590575, 115.8565339 -31.9590654, 115.8565164 -31.9590634, 115.8565147 -31.9590757, 115.856492 -31.9590723, 115.8564819 -31.9591169, 115.8564989 -31.9591192, 115.8564976 -31.9591243, 115.8565422 -31.9591317, 115.8565636 -31.9591607, 115.8565512 -31.9591997, 115.8565589 -31.9592014, 115.8565545 -31.9592193, 115.8566093 -31.9592302, 115.8566129 -31.9592143, 115.8566277 -31.959217, 115.8566317 -31.9591991, 115.8566471 -31.9591909, 115.8566555 -31.9592037, 115.8566823 -31.9591911, 115.8566749 -31.9591778, 115.8566894 -31.9591696, 115.8567031 -31.9591738, 115.8567339 -31.9591587, 115.8567436 -31.9591345, 115.8567253 -31.9591081, 115.8567058 -31.9591038, 115.8566657 -31.9590515, 115.8566706 -31.9590347, 115.8566553 -31.9590118, 115.856622 -31.959004, 115.8565935 -31.9590202, 115.8565919 -31.9590349))",-31.959116066726086,115.85661429746796
building_2703,building_yes,W536974367,"POLYGON ((115.8701181 -31.9597753, 115.8701928 -31.9598288, 115.8706191 -31.9599548, 115.8706424 -31.9598956, 115.8706699 -31.9599034, 115.8707214 -31.9597726, 115.8702559 -31.9596407, 115.8702471 -31.9596629, 115.8701736 -31.9596421, 115.8701629 -31.9596692, 115.870146 -31.9596645, 115.8701294 -31.9597067, 115.8701494 -31.9597198, 115.8701181 -31.9597753))",-31.95978961054584,115.87041733615153
building_2704,building_dormitory,W540004835,"POLYGON ((115.820981 -31.9737388, 115.8212924 -31.9736611, 115.8212643 -31.9735799, 115.8212111 -31.9735932, 115.821201 -31.9735641, 115.8209428 -31.9736286, 115.820981 -31.9737388))",-31.973648258948327,115.82111219265482
building_2705,building_yes,W540004837,"POLYGON ((115.8211584 -31.9820104, 115.8212142 -31.982238, 115.8211074 -31.9822568, 115.8211153 -31.982289, 115.8210474 -31.982301, 115.8210085 -31.9821424, 115.8210632 -31.9821327, 115.8210384 -31.9820315, 115.8211584 -31.9820104))",-31.98215594797828,115.82110912672047
building_2706,building_dormitory,W540004847,"POLYGON ((115.820583 -31.9747012, 115.8206226 -31.9748356, 115.8205128 -31.9748589, 115.8204732 -31.9747245, 115.820583 -31.9747012))",-31.974780049999996,115.8205479
building_2707,building_dormitory,W540004848,"POLYGON ((115.8205397 -31.9736349, 115.8207804 -31.9735881, 115.8207448 -31.9734565, 115.8203162 -31.9735399, 115.8203445 -31.9736447, 115.8205324 -31.9736081, 115.8205397 -31.9736349))",-31.97355655869649,115.82055870226006
building_2708,building_dormitory,W540004849,"POLYGON ((115.8206137 -31.9745983, 115.8211108 -31.9744866, 115.8210763 -31.9743759, 115.8205791 -31.9744876, 115.8206137 -31.9745983))",-31.974487100031467,115.8208449666012
building_2709,building_dormitory,W540004850,"POLYGON ((115.820664 -31.9748227, 115.8211823 -31.9747005, 115.8211373 -31.9745633, 115.820619 -31.9746856, 115.820664 -31.9748227))",-31.974693017434017,115.82090067900984
building_2710,building_yes,W540004852,"POLYGON ((115.8199754 -31.9738713, 115.8200055 -31.9739698, 115.8200601 -31.9739593, 115.8200296 -31.9738586, 115.8199754 -31.9738713))",-31.973914690589492,115.8200177359424
building_2711,building_dormitory,W540004853,"POLYGON ((115.8202482 -31.9739736, 115.8201623 -31.9736955, 115.8202892 -31.9736685, 115.8203763 -31.9739475, 115.8202482 -31.9739736))",-31.97382142383072,115.82026909007848
building_2712,building_dormitory,W540004854,"POLYGON ((115.8205212 -31.9741607, 115.8209924 -31.9740532, 115.8209582 -31.9739455, 115.8204871 -31.974053, 115.8205212 -31.9741607))",-31.974053100006593,115.82073973331995
building_2713,building_dormitory,W540004855,"POLYGON ((115.8197716 -31.9741335, 115.8201972 -31.9740389, 115.8202461 -31.974194, 115.8200065 -31.9742428, 115.8200713 -31.974468, 115.8205195 -31.9743674, 115.8205661 -31.9745198, 115.8204857 -31.9745393, 115.8202451 -31.97459, 115.8200882 -31.9746248, 115.8199326 -31.9746585, 115.8198915 -31.9745167, 115.8198498 -31.9743932, 115.8197716 -31.9741335))",-31.974372215017034,115.82009935621456
building_2714,building_yes,W544516546,"POLYGON ((115.85911 -31.9485738, 115.8594251 -31.9487184, 115.859371 -31.948805, 115.8590547 -31.9486629, 115.85911 -31.9485738))",-31.9486896957696,115.85923949314821
building_2715,building_yes,W551638464,"POLYGON ((115.856216 -31.9571636, 115.8561827 -31.9572327, 115.8561463 -31.9572351, 115.8561519 -31.9573129, 115.8562372 -31.9573096, 115.8563373 -31.9573562, 115.8563648 -31.9572923, 115.856398 -31.9572189, 115.8563605 -31.9572074, 115.8563563 -31.9572182, 115.8563419 -31.9572137, 115.8563331 -31.9572026, 115.856216 -31.9571636))",-31.957258240288002,115.85626951139517
building_2716,building_residential,W553885285,"POLYGON ((115.8770319 -31.9609962, 115.87779 -31.9612341, 115.8776452 -31.961566, 115.8768871 -31.9613281, 115.8770319 -31.9609962))",-31.961281099999997,115.87733855
building_2717,building_residential,W553898178,"POLYGON ((115.877816 -31.961139, 115.8779422 -31.9608494, 115.8771731 -31.9606083, 115.8770469 -31.9608979, 115.877816 -31.961139))",-31.960873650000007,115.87749455000001
building_2718,building_residential,W553898179,"POLYGON ((115.8770507 -31.9605582, 115.8769176 -31.9608565, 115.8761426 -31.9606076, 115.8762757 -31.9603093, 115.8770507 -31.9605582))",-31.960582899999995,115.87659665
building_2719,building_residential,W553918962,"POLYGON ((115.8415977 -31.945524, 115.8417553 -31.9455713, 115.8417442 -31.9455978, 115.8417745 -31.9456068, 115.8417641 -31.9456319, 115.8417277 -31.945621, 115.8416655 -31.9457702, 115.8415141 -31.9457248, 115.8415977 -31.945524))",-31.94564581875698,115.84163567172315
building_2720,building_residential,W553968425,"POLYGON ((115.8743574 -31.9566627, 115.8745349 -31.9567182, 115.8743048 -31.9572331, 115.8741263 -31.9571751, 115.8743574 -31.9566627))",-31.95694773903369,115.87433070466368
building_2721,building_yes,W553968426,"POLYGON ((115.8736827 -31.955663, 115.873813 -31.9553603, 115.8734123 -31.9552383, 115.8732787 -31.9555378, 115.8736827 -31.955663))",-31.955450174370228,115.87354677630415
building_2722,building_residential,W554206337,"POLYGON ((115.8614627 -31.9538435, 115.8612272 -31.9537687, 115.8610886 -31.9540812, 115.8610149 -31.9542416, 115.8612358 -31.9543197, 115.8612464 -31.9542958, 115.8614627 -31.9538435))",-31.95404137617456,115.8612366284478
building_2723,building_yes,W554223866,"POLYGON ((115.8564078 -31.9498267, 115.8564704 -31.9497255, 115.8565288 -31.9496311, 115.856306 -31.9495356, 115.8562776 -31.9495829, 115.8561691 -31.9495579, 115.8561609 -31.9497168, 115.8562589 -31.9497604, 115.8564078 -31.9498267))",-31.94967232537468,115.856331726033
building_2724,building_yes,W554223867,"POLYGON ((115.8569308 -31.9499274, 115.8570916 -31.9500004, 115.8570825 -31.9500625, 115.857073 -31.9501272, 115.8568623 -31.9500318, 115.8569308 -31.9499274))",-31.950024273776595,115.85698842853378
building_2725,building_yes,W554223868,"POLYGON ((115.8575521 -31.9502453, 115.857629 -31.9502813, 115.8576024 -31.9503217, 115.8575502 -31.9504007, 115.8578119 -31.9505254, 115.8579036 -31.9505634, 115.8579461 -31.9505831, 115.858043 -31.9504403, 115.8579066 -31.9503744, 115.8579556 -31.9503013, 115.8576192 -31.9501452, 115.8575521 -31.9502453))",-31.95036908620606,115.85778148199543
building_2726,building_residential,W554590831,"POLYGON ((115.8690486 -31.9575967, 115.8693535 -31.9576908, 115.8692916 -31.9578352, 115.8692803 -31.9578354, 115.8692799 -31.9578121, 115.8692638 -31.9578098, 115.8692598 -31.9578007, 115.8692408 -31.9578009, 115.8692417 -31.9578107, 115.8692209 -31.9578121, 115.8692149 -31.9578684, 115.8691975 -31.9578712, 115.8691854 -31.9578988, 115.8690962 -31.9581294, 115.868838 -31.9580436, 115.868887 -31.9579419, 115.8689142 -31.9579366, 115.8689479 -31.9579442, 115.8690169 -31.9577926, 115.8690349 -31.9577957, 115.8690496 -31.9577633, 115.8690187 -31.9577514, 115.8690709 -31.957628, 115.8690411 -31.9576168, 115.8690486 -31.9575967))",-31.957862710158803,115.86909628760614
building_2727,building_residential,W555118273,"POLYGON ((115.8622024 -31.9540982, 115.8620344 -31.954041, 115.8619563 -31.9542021, 115.8618513 -31.9544251, 115.8620242 -31.9544831, 115.8621274 -31.9542601, 115.8622024 -31.9540982))",-31.954262563341747,115.86202737159738
building_2728,building_residential,W555118279,"POLYGON ((115.870267 -31.9567467, 115.8701988 -31.9569017, 115.8711244 -31.9571957, 115.8711913 -31.957044, 115.870267 -31.9567467))",-31.95697149987112,115.87069373875909
building_2729,building_residential,W555118280,"POLYGON ((115.8720532 -31.9571182, 115.8722589 -31.9571851, 115.8723369 -31.9571636, 115.8723848 -31.9570503, 115.8721175 -31.956968, 115.8720532 -31.9571182))",-31.95708240526924,115.87221660159561
building_2730,building_residential,W555141118,"POLYGON ((115.8724629 -31.9601728, 115.8724765 -31.9601404, 115.8723175 -31.960092, 115.8723097 -31.9601104, 115.8720924 -31.9600396, 115.8719992 -31.9602796, 115.8722228 -31.9603296, 115.8722127 -31.9603762, 115.8723535 -31.9604214, 115.8724629 -31.9601728))",-31.960219810401114,115.87224059530509
building_2731,building_residential,W555141119,"POLYGON ((115.8719037 -31.9605383, 115.8722547 -31.9606457, 115.8721262 -31.9609376, 115.8720094 -31.9608987, 115.8719647 -31.9608297, 115.8719362 -31.9608142, 115.8719188 -31.9608551, 115.8717797 -31.9608125, 115.8717941 -31.9607953, 115.8717655 -31.960778, 115.871802 -31.960693, 115.8718417 -31.960703, 115.871859 -31.9606538, 115.8718325 -31.9606383, 115.871863 -31.9605728, 115.8719037 -31.9605383))",-31.960728543542928,115.87201268361994
building_2732,building_residential,W555141120,"POLYGON ((115.8714352 -31.9601679, 115.8716543 -31.9602362, 115.8717557 -31.9600025, 115.8715931 -31.9599518, 115.8715785 -31.9599854, 115.871522 -31.9599678, 115.8714352 -31.9601679))",-31.960090022576797,115.87159690578008
building_2733,building_residential,W555141128,"POLYGON ((115.8709438 -31.9609681, 115.8712766 -31.9610823, 115.8712028 -31.9612371, 115.87087 -31.961123, 115.8709438 -31.9609681))",-31.961102618131758,115.87107328536354
building_2734,building_residential,W555141134,"POLYGON ((115.8720155 -31.961373, 115.8719578 -31.9613201, 115.8720615 -31.9610845, 115.8721879 -31.9611426, 115.8722946 -31.9611764, 115.872414 -31.9612143, 115.8725414 -31.9612405, 115.872438 -31.9614753, 115.8723448 -31.9614747, 115.8723082 -31.9614575, 115.8722838 -31.961442, 115.8722629 -31.9614104, 115.872233 -31.9614247, 115.8721984 -31.9614264, 115.872174 -31.9614213, 115.8721517 -31.9613989, 115.8721293 -31.9613764, 115.8720934 -31.9613762, 115.8720521 -31.9613782, 115.8720155 -31.961373))",-31.96129291673471,115.87224339676807
building_2735,building_residential,W555141137,"POLYGON ((115.8703229 -31.9606518, 115.8704329 -31.9604012, 115.8699269 -31.9602371, 115.8698177 -31.9604833, 115.8699296 -31.960519, 115.8699809 -31.9605759, 115.8700485 -31.9606035, 115.8701679 -31.9606389, 115.8702508 -31.9606294, 115.8703229 -31.9606518))",-31.96045345203418,115.87012319447717
building_2736,building_residential,W555141140,"POLYGON ((115.869605 -31.9608696, 115.8693351 -31.9607827, 115.8694161 -31.9606041, 115.8695048 -31.9604084, 115.8696098 -31.9601767, 115.8696664 -31.9600518, 115.8699305 -31.9601362, 115.869605 -31.9608696))",-31.9604614632094,115.86963365985906
building_2737,building_residential,W555141142,"POLYGON ((115.8695048 -31.9604084, 115.8697273 -31.9604776, 115.8698279 -31.9602445, 115.8696098 -31.9601767, 115.8695048 -31.9604084))",-31.960327188583246,115.86966728063099
building_2738,building_residential,W555141145,"POLYGON ((115.8691003 -31.9602838, 115.8693986 -31.960373, 115.8694484 -31.9602529, 115.8694955 -31.960267, 115.8695397 -31.9601606, 115.8691943 -31.9600574, 115.8691003 -31.9602838))",-31.9602146007031,115.86931009497718
building_2739,building_yes,W555141148,"POLYGON ((115.869084 -31.9607008, 115.8691721 -31.9605149, 115.8690984 -31.9604897, 115.8690669 -31.9604789, 115.8690636 -31.9604857, 115.8689558 -31.9604488, 115.8688728 -31.9606318, 115.869084 -31.9607008))",-31.960574075919197,115.86902199369636
building_2740,building_yes,W555141151,"POLYGON ((115.8691646 -31.960727, 115.8692456 -31.9605552, 115.8693208 -31.9605552, 115.8693736 -31.9605708, 115.8694161 -31.9606041, 115.8693351 -31.9607827, 115.8691646 -31.960727))",-31.960661425998588,115.869293768901
building_2741,building_residential,W555330835,"POLYGON ((115.867412 -31.9587286, 115.8672562 -31.9586804, 115.86714 -31.9589509, 115.8672958 -31.958999, 115.867412 -31.9587286))",-31.95883971820359,115.86727599811945
building_2742,building_residential,W555330836,"POLYGON ((115.8665607 -31.9585806, 115.8666733 -31.9586159, 115.866668 -31.9586466, 115.8667851 -31.9586839, 115.8668268 -31.9585892, 115.8668944 -31.9584354, 115.8666532 -31.9583598, 115.8665607 -31.9585806))",-31.958516235646332,115.86672696562202
building_2743,building_residential,W555330837,"POLYGON ((115.8666532 -31.9583598, 115.8666178 -31.9582781, 115.8669213 -31.9583742, 115.8668944 -31.9584354, 115.8666532 -31.9583598))",-31.95836042618518,115.86677131506349
building_2744,building_residential,W555930306,"POLYGON ((115.8732701 -31.9555815, 115.8732165 -31.9557033, 115.8737851 -31.9558853, 115.8738388 -31.9557704, 115.8732701 -31.9555815))",-31.95573429497946,115.87352525155063
building_2745,building_residential,W555939706,"POLYGON ((115.8533485 -31.9504335, 115.853659 -31.9505411, 115.8536261 -31.9506098, 115.8535304 -31.9505775, 115.8535186 -31.9506026, 115.8536081 -31.950652, 115.8535455 -31.9507885, 115.8532344 -31.9506824, 115.8533003 -31.9505331, 115.8533967 -31.9505646, 115.8534073 -31.95054, 115.8533148 -31.9505112, 115.8533485 -31.9504335))",-31.95061361895289,115.85344333972826
building_2746,building_residential,W555939714,"POLYGON ((115.8505758 -31.9508335, 115.8504698 -31.9510696, 115.8500666 -31.9509393, 115.850093 -31.9508786, 115.850167 -31.9507082, 115.8505758 -31.9508335))",-31.950887779365242,115.85032072959048
building_2747,building_residential,W555939715,"POLYGON ((115.8465141 -31.947889, 115.846717 -31.9479542, 115.8468335 -31.9476986, 115.8466281 -31.9476337, 115.8465141 -31.947889))",-31.947793679765923,115.84667333611398
building_2748,building_residential,W555943132,"POLYGON ((115.8484104 -31.9542179, 115.8485402 -31.954173, 115.8486142 -31.9543271, 115.8486775 -31.9545088, 115.8487317 -31.954678, 115.848639 -31.9547012, 115.8486008 -31.9545911, 115.848566 -31.9545797, 115.8485204 -31.9544933, 115.8485472 -31.9544773, 115.8484104 -31.9542179))",-31.95442701839805,115.84857915286834
building_2749,building_residential,W555943134,"POLYGON ((115.8461699 -31.9560947, 115.8463025 -31.9560364, 115.8465019 -31.956366, 115.8463629 -31.9564266, 115.8461699 -31.9560947))",-31.956232170045094,115.8463350557254
building_2750,building_residential,W556047910,"POLYGON ((115.8654595 -31.9588978, 115.8654113 -31.9589979, 115.8654435 -31.9590161, 115.8653925 -31.9591208, 115.8654461 -31.9591526, 115.8655266 -31.9591504, 115.865591 -31.9591777, 115.8656607 -31.9591959, 115.865717 -31.9592437, 115.8658089 -31.9592683, 115.865851 -31.9591559, 115.8658775 -31.9591641, 115.8659262 -31.9590502, 115.8654595 -31.9588978))",-31.959079696246988,115.86565032775786
building_2751,building_residential,W556222870,"POLYGON ((115.8723214 -31.9594577, 115.8726036 -31.9595452, 115.8726143 -31.9595748, 115.8726208 -31.9596064, 115.8725839 -31.9596897, 115.8725511 -31.9597638, 115.8722311 -31.9596614, 115.8723214 -31.9594577))",-31.959610725183435,115.87243434208949
building_2752,building_residential,W556222871,"POLYGON ((115.8732746 -31.9596258, 115.8731155 -31.9595751, 115.8730947 -31.9596219, 115.8731217 -31.9596305, 115.8730201 -31.9598597, 115.8730052 -31.9598933, 115.8729782 -31.9598847, 115.8729635 -31.959918, 115.8729898 -31.9599264, 115.8729754 -31.9599589, 115.8729491 -31.9599505, 115.8729098 -31.9600392, 115.8729863 -31.9600636, 115.873366 -31.9601847, 115.8734325 -31.9600347, 115.8734068 -31.9599996, 115.8734268 -31.9599531, 115.873201 -31.9598806, 115.8731707 -31.9599517, 115.8731191 -31.9599649, 115.8730774 -31.9599527, 115.8730907 -31.9599192, 115.8730637 -31.9599113, 115.8730779 -31.9598772, 115.8731508 -31.9599002, 115.8732746 -31.9596258))",-31.959932966521073,115.87318037708901
building_2753,building_residential,W556222872,"POLYGON ((115.8737958 -31.9597781, 115.8738981 -31.9598123, 115.8736992 -31.9602404, 115.8736524 -31.9602248, 115.8736809 -31.9601634, 115.8736586 -31.9601559, 115.8736767 -31.960117, 115.8736436 -31.9601059, 115.8737958 -31.9597781))",-31.959989935877726,115.87376017187282
building_2754,building_residential,W556222873,"POLYGON ((115.8806509 -31.9547725, 115.8806509 -31.954843, 115.8802921 -31.9548463, 115.8802915 -31.9547975, 115.8803103 -31.9547713, 115.8806509 -31.9547725))",-31.954808522215743,115.88047105476778
building_2755,building_yes,W561451972,"POLYGON ((115.8450245 -31.9502211, 115.8449805 -31.9503221, 115.8451119 -31.9503633, 115.8451588 -31.9502555, 115.8450275 -31.9502143, 115.8450245 -31.9502211))",-31.950288800852707,115.84506966263199
building_2756,building_residential,W563414526,"POLYGON ((115.8609505 -31.9543744, 115.8610149 -31.9542416, 115.8612358 -31.9543197, 115.8613011 -31.9543428, 115.8613694 -31.954367, 115.8613082 -31.9544977, 115.8611913 -31.9544591, 115.8612023 -31.9544351, 115.8611125 -31.9544035, 115.8611015 -31.9544285, 115.8609505 -31.9543744))",-31.954367578155374,115.86116028306257
building_2757,building_residential,W563414527,"POLYGON ((115.8612561 -31.9546047, 115.8613082 -31.9544977, 115.8611913 -31.9544591, 115.8612023 -31.9544351, 115.8611125 -31.9544035, 115.8611015 -31.9544285, 115.8609505 -31.9543744, 115.8608457 -31.9543379, 115.8608541 -31.9543206, 115.8605405 -31.9542162, 115.8604813 -31.9543507, 115.8606528 -31.9544079, 115.8612212 -31.9545933, 115.8612561 -31.9546047))",-31.954411626048092,115.86088325082018
building_2758,building_residential,W563425324,"POLYGON ((115.8454114 -31.9545034, 115.8454201 -31.9544359, 115.8454979 -31.9544086, 115.845573 -31.9544404, 115.8457018 -31.9547181, 115.8456964 -31.9547849, 115.8456257 -31.9548104, 115.8455676 -31.9548023, 115.8455462 -31.9547727, 115.8454952 -31.9546725, 115.845456 -31.9546412, 115.8454604 -31.954602, 115.8454114 -31.9545034))",-31.95461026214183,115.84555693786334
building_2759,building_residential,W563438938,"POLYGON ((115.8418654 -31.9458456, 115.8418495 -31.9458129, 115.8419144 -31.9458113, 115.8419248 -31.9458249, 115.8418654 -31.9458456))",-31.94582455734817,115.84188453235976
building_2760,building_residential,W563438939,"POLYGON ((115.8418536 -31.9456411, 115.8418456 -31.9456189, 115.8418569 -31.9455954, 115.8419248 -31.9456189, 115.8419234 -31.9456348, 115.8419073 -31.9456496, 115.8418536 -31.9456411))",-31.945624876450783,115.84188339363847
building_2761,building_residential,W563438943,"POLYGON ((115.8397394 -31.9509542, 115.8397942 -31.9508358, 115.8394229 -31.950717, 115.8393702 -31.9508441, 115.8397394 -31.9509542))",-31.950837080232745,115.83957995558038
building_2762,building_residential,W563438944,"POLYGON ((115.8381167 -31.9469236, 115.8379928 -31.9472065, 115.8382318 -31.947284, 115.8383444 -31.9470339, 115.8383599 -31.946997, 115.8381167 -31.9469236))",-31.947102677499473,115.8381759688453
building_2763,building_residential,W563455627,"POLYGON ((115.854344 -31.9462279, 115.8543998 -31.9462596, 115.8543918 -31.946287, 115.8544642 -31.9463211, 115.8545751 -31.9461502, 115.8545019 -31.9461171, 115.8544868 -31.9461428, 115.8544157 -31.9461126, 115.854344 -31.9462279))",-31.946206518895828,115.8544558342163
building_2764,building_yes,W563455628,"POLYGON ((115.8591286 -31.9454948, 115.8591822 -31.9454788, 115.8595865 -31.9456495, 115.8595314 -31.9457435, 115.8591922 -31.9456003, 115.8591166 -31.9457292, 115.8590161 -31.9456868, 115.8591286 -31.9454948))",-31.94561455096289,115.85928433406488
building_2765,building_yes,W563455629,"POLYGON ((115.8592406 -31.9457707, 115.8592923 -31.9456901, 115.8595936 -31.9458009, 115.8595793 -31.9458243, 115.8595521 -31.9458673, 115.8595286 -31.9458577, 115.8594967 -31.9459039, 115.8593082 -31.9458168, 115.8593103 -31.9458038, 115.8592406 -31.9457707))",-31.945795989975316,115.85941519233282
building_2766,building_yes,W563455630,"POLYGON ((115.8588704 -31.9453679, 115.8589086 -31.9453833, 115.8589525 -31.9453458, 115.8590067 -31.9453681, 115.8590555 -31.9454268, 115.8589404 -31.9456217, 115.8588823 -31.9455978, 115.8588569 -31.9456423, 115.8587423 -31.9455972, 115.8588704 -31.9453679))",-31.945495413047734,115.85890406793986
building_2767,building_yes,W567859119,"POLYGON ((115.8261392 -31.9861634, 115.8262074 -31.9863605, 115.8263963 -31.9863135, 115.8263281 -31.9861164, 115.8261392 -31.9861634))",-31.98623845,115.82626774999999
building_2768,building_yes,W587895387,"POLYGON ((115.8779841 -31.9652786, 115.877983 -31.965053, 115.8782087 -31.9650522, 115.8782098 -31.9652778, 115.8779841 -31.9652786))",-31.9651654,115.8780964
building_2769,building_yes,W587895388,"POLYGON ((115.8786835 -31.9644395, 115.878194 -31.9650311, 115.8780178 -31.9649262, 115.878335 -31.9645429, 115.8782815 -31.9645111, 115.8782684 -31.9645273, 115.8782602 -31.9645225, 115.8781476 -31.9643015, 115.8781984 -31.9642565, 115.8783847 -31.9642958, 115.8785507 -31.9643246, 115.8786009 -31.9643544, 115.878581 -31.9643785, 115.8786835 -31.9644395))",-31.96459778483655,115.87834389639333
building_2770,building_dormitory,W654385444,"POLYGON ((115.8221055 -31.9753411, 115.8219941 -31.9752535, 115.8228184 -31.9751135, 115.8226142 -31.9753022, 115.8225638 -31.9752609, 115.8225589 -31.9752658, 115.8225652 -31.9752708, 115.8225032 -31.9753282, 115.8224427 -31.9752828, 115.8224386 -31.9752862, 115.8224453 -31.9752929, 115.8223798 -31.9753533, 115.8224471 -31.9754073, 115.8221749 -31.9756464, 115.8220629 -31.9755569, 115.8220854 -31.9755363, 115.8220205 -31.9754827, 115.8219797 -31.9754491, 115.8221055 -31.9753411))",-31.975348208556092,115.82230821281331
building_2771,building_residential,W654385609,"POLYGON ((115.8184516 -31.9865642, 115.8184506 -31.9865297, 115.8185381 -31.9865288, 115.8185391 -31.9866013, 115.8184832 -31.9866004, 115.8184832 -31.9866237, 115.8184171 -31.9866246, 115.8184181 -31.9865642, 115.8184516 -31.9865642))",-31.98657553503688,115.81847913888849
building_2772,building_residential,W654385610,"POLYGON ((115.8185797 -31.9865177, 115.8185828 -31.9866142, 115.8186956 -31.9866116, 115.8186925 -31.9865159, 115.8185797 -31.9865177))",-31.986564853356228,115.81863757185644
building_2773,building_residential,W654385624,"POLYGON ((115.8184974 -31.9866737, 115.818496 -31.9867589, 115.8186539 -31.9867608, 115.8186539 -31.9866746, 115.8184974 -31.9866737))",-31.986717065313318,115.81857545041946
building_2774,building_yes,W655129840,"POLYGON ((115.8640354 -31.9549464, 115.8637414 -31.9555785, 115.8638289 -31.9556078, 115.8639553 -31.955336, 115.86399 -31.9553476, 115.8641355 -31.9550348, 115.8640983 -31.9550223, 115.8641203 -31.9549749, 115.8640354 -31.9549464))",-31.955262547651277,115.86395042680408
building_2775,building_yes,W671755088,"POLYGON ((115.8157825 -31.981358, 115.8164362 -31.9813608, 115.8164369 -31.9813967, 115.8167332 -31.9813966, 115.8167333 -31.9814108, 115.8167343 -31.9815073, 115.8165026 -31.9815093, 115.8165048 -31.9815564, 115.8165169 -31.9815566, 115.8165619 -31.9815957, 115.81656 -31.9816563, 115.8166495 -31.9816578, 115.8166461 -31.9818384, 115.8157811 -31.9818398, 115.8157825 -31.981358))",-31.98160118448814,115.81620382652392
building_2776,building_yes,W672201400,"POLYGON ((115.820467 -31.9767222, 115.8206092 -31.9769129, 115.820483 -31.9769806, 115.8203409 -31.9767898, 115.820467 -31.9767222))",-31.976851391691188,115.82047503488282
building_2777,building_yes,W672201401,"POLYGON ((115.8202644 -31.976562, 115.8203721 -31.9767096, 115.8202834 -31.9767562, 115.8201757 -31.9766086, 115.8202644 -31.976562))",-31.976659100000003,115.82027390000002
building_2778,building_yes,W672201402,"POLYGON ((115.8201602 -31.9766343, 115.8200216 -31.9767038, 115.8200667 -31.9767686, 115.8202054 -31.9766991, 115.8201602 -31.9766343))",-31.97670144956609,115.82011348363541
building_2779,building_yes,W672202453,"POLYGON ((115.8213004 -31.9843646, 115.8211874 -31.9843586, 115.8211912 -31.9845137, 115.8213016 -31.9845099, 115.8213004 -31.9843646))",-31.98443642092123,115.821244539607
building_2780,building_yes,W672206765,"POLYGON ((115.817137 -31.981138, 115.8167171 -31.9811335, 115.816718 -31.9812714, 115.8171344 -31.9812744, 115.817137 -31.981138))",-31.981204225740715,115.81692625248357
building_2781,building_yes,W672206768,"POLYGON ((115.8183468 -31.9837653, 115.8183509 -31.9840987, 115.8185342 -31.9840983, 115.8185289 -31.9837653, 115.8183468 -31.9837653))",-31.983932083250107,115.81844018436757
building_2782,building_yes,W672206769,"POLYGON ((115.8185163 -31.9837035, 115.8186576 -31.9837055, 115.8186576 -31.9836596, 115.8187024 -31.9836596, 115.8187 -31.9835077, 115.818415 -31.9835077, 115.8184156 -31.9835942, 115.8183702 -31.9835935, 115.8183726 -31.9836635, 115.8185161 -31.9836635, 115.8185163 -31.9837035))",-31.983598610108793,115.81855157275163
building_2783,building_yes,W672209369,"POLYGON ((115.8141507 -31.9773856, 115.8141636 -31.9774413, 115.8141171 -31.9774484, 115.8141285 -31.977497, 115.8143996 -31.977451, 115.8144095 -31.9774924, 115.8145317 -31.9774723, 115.8144988 -31.9773279, 115.8141507 -31.9773856))",-31.977417710999145,115.81434171114508
building_2784,building_yes,W672209374,"POLYGON ((115.823011 -31.9743458, 115.8233434 -31.9742103, 115.8232868 -31.9741105, 115.8230763 -31.9741903, 115.8230413 -31.9741249, 115.8229159 -31.9741703, 115.8229588 -31.974257, 115.823011 -31.9743458))",-31.974218386937395,115.82311673865624
building_2785,building_yes,W675333464,"POLYGON ((115.8184782 -31.9834755, 115.8184795 -31.9833894, 115.8183803 -31.9833891, 115.8183803 -31.9834292, 115.8183039 -31.9834281, 115.8183043 -31.9834747, 115.8184782 -31.9834755))",-31.983437912992823,115.8184039103101
building_2786,building_yes,W675333465,"POLYGON ((115.8183038 -31.9835017, 115.8183056 -31.9836098, 115.818225 -31.9836098, 115.818225 -31.9835017, 115.8183038 -31.9835017))",-31.98355595345044,115.81826485169385
building_2787,building_yes,W675333593,"POLYGON ((115.8182791 -31.9841978, 115.8182788 -31.984311, 115.8183989 -31.9843125, 115.8183992 -31.9843372, 115.8184452 -31.9843372, 115.8184436 -31.984198, 115.8182791 -31.9841978))",-31.98425899207757,115.818365209653
building_2788,building_yes,W675333594,"POLYGON ((115.8186876 -31.9841294, 115.8186876 -31.9841729, 115.8186341 -31.9841729, 115.8186339 -31.9841302, 115.8186876 -31.9841294))",-31.984151335856563,115.81866088272047
building_2789,building_yes,W675353784,"POLYGON ((115.81814 -31.9813197, 115.8180229 -31.9813206, 115.8180236 -31.9815116, 115.8181424 -31.9815105, 115.81814 -31.9813197))",-31.981415829569237,115.81808221730833
building_2790,building_yes,W675921448,"POLYGON ((115.8170859 -31.9818004, 115.8170844 -31.9818475, 115.8169272 -31.9818475, 115.8169264 -31.9817492, 115.8169701 -31.9817494, 115.8169709 -31.9818014, 115.8170859 -31.9818004))",-31.981812631548603,115.81699266626583
building_2791,building_yes,W675921449,"POLYGON ((115.8191429 -31.9856235, 115.8192607 -31.9856253, 115.8192653 -31.9858827, 115.8191428 -31.985882, 115.8191429 -31.9856235))",-31.985754217198124,115.81920288775095
building_2792,building_yes,W675933691,"POLYGON ((115.8160368 -31.9695393, 115.8156596 -31.9695376, 115.8154872 -31.9695368, 115.8154856 -31.9697896, 115.815523 -31.9697898, 115.8155222 -31.9699159, 115.8154161 -31.9699154, 115.8154156 -31.9699988, 115.8154145 -31.9701694, 115.8158064 -31.9701712, 115.8158073 -31.9700396, 115.815875 -31.9700399, 115.8159079 -31.97004, 115.8159086 -31.9699313, 115.8158593 -31.969931, 115.8158602 -31.9697888, 115.8160352 -31.9697896, 115.8160368 -31.9695393))",-31.9698334974209,115.81570345380133
building_2793,building_yes,W675933692,"POLYGON ((115.8149944 -31.9699969, 115.8149925 -31.9702896, 115.8150771 -31.97029, 115.8150772 -31.9703042, 115.81534 -31.9703771, 115.8154145 -31.9701694, 115.8154156 -31.9699988, 115.8149944 -31.9699969))",-31.970160975169264,115.81520518437448
building_2794,building_yes,W675933693,"POLYGON ((115.8154105 -31.9700009, 115.8153537 -31.9700006, 115.8153535 -31.970027, 115.8154103 -31.9700273, 115.8154105 -31.9700009))",-31.970013950000006,115.815382
building_2795,building_yes,W679630928,"POLYGON ((115.8557854 -31.9481967, 115.8558527 -31.9482274, 115.8558408 -31.9482461, 115.8558088 -31.9482966, 115.8557415 -31.948266, 115.8557854 -31.9481967))",-31.948246665789785,115.85579708853265
building_2796,building_yes,W682793774,"POLYGON ((115.8228721 -31.9844164, 115.8226792 -31.9846049, 115.8223949 -31.9843956, 115.8225878 -31.9842071, 115.8228721 -31.9844164))",-31.984406000000007,115.82263349999998
building_2797,building_yes,W704739280,"POLYGON ((115.8163488 -31.9747081, 115.8162514 -31.9748821, 115.8164518 -31.9749628, 115.8165492 -31.9747889, 115.8163488 -31.9747081))",-31.97483546853904,115.81640029401723
building_2798,building_yes,W704739281,"POLYGON ((115.8158004 -31.9748196, 115.8158997 -31.9750085, 115.8157947 -31.9750482, 115.8156954 -31.9748594, 115.8158004 -31.9748196))",-31.974933916964535,115.81579755040813
building_2799,building_yes,W704739283,"POLYGON ((115.8152575 -31.976091, 115.8151107 -31.9761561, 115.8151942 -31.9762915, 115.815341 -31.9762265, 115.8152575 -31.976091))",-31.97619126813358,115.81522585479873
building_2800,building_yes,W704739284,"POLYGON ((115.8154391 -31.9756773, 115.8152669 -31.975751, 115.8153174 -31.9758359, 115.8151951 -31.9758882, 115.815232 -31.9759502, 115.8152536 -31.9759409, 115.8153223 -31.9760564, 115.8155951 -31.9759397, 115.8154391 -31.9756773))",-31.975874740382597,115.81539586387947
building_2801,building_yes,W704739285,"POLYGON ((115.8160699 -31.9746257, 115.8159084 -31.9746831, 115.8161815 -31.9752356, 115.8163428 -31.9751783, 115.8160699 -31.9746257))",-31.974930614259733,115.8161256206942
building_2802,building_dormitory,W704739287,"POLYGON ((115.8159072 -31.9750928, 115.8155782 -31.9752378, 115.8156393 -31.9753376, 115.8159682 -31.9751926, 115.8159072 -31.9750928))",-31.975215202212212,115.81577321424572
building_2803,building_dormitory,W704739288,"POLYGON ((115.8158903 -31.9752616, 115.8159839 -31.9752226, 115.8160466 -31.9753308, 115.815953 -31.9753698, 115.8158903 -31.9752616))",-31.9752962,115.81596845
building_2804,building_yes,W704739289,"POLYGON ((115.8137586 -31.9758158, 115.813786 -31.9759461, 115.8138838 -31.9759313, 115.8139171 -31.9760893, 115.8140374 -31.9760711, 115.8140239 -31.9760069, 115.8139902 -31.976012, 115.8139802 -31.9759644, 115.8141105 -31.9759447, 115.8140985 -31.9758876, 115.8144437 -31.9758355, 115.8144396 -31.9758158, 115.8145508 -31.975799, 115.8145411 -31.975753, 115.8144672 -31.975761, 115.8144149 -31.975772, 115.8144036 -31.9757182, 115.8137586 -31.9758158))",-31.97585963175572,115.81408790989035
building_2805,building_yes,W704739290,"POLYGON ((115.8152029 -31.9749927, 115.815261 -31.9750961, 115.815223 -31.9751114, 115.8152751 -31.9752041, 115.8151714 -31.9752461, 115.8150612 -31.97505, 115.8152029 -31.9749927))",-31.975114932151318,115.81517540185249
building_2806,building_yes,W704739291,"POLYGON ((115.8152945 -31.9748963, 115.8153461 -31.974989, 115.8155989 -31.9748879, 115.8155473 -31.9747951, 115.8152945 -31.9748963))",-31.974892066175364,115.81544671780395
building_2807,building_yes,W704739293,"POLYGON ((115.8155834 -31.9758518, 115.8154655 -31.9756496, 115.815525 -31.9756247, 115.8156177 -31.975622, 115.8157315 -31.9756713, 115.815787 -31.9757665, 115.8155834 -31.9758518))",-31.975723399775195,115.81562277326849
building_2808,building_apartments,W724654107,"POLYGON ((115.8742594 -31.9507904, 115.8739073 -31.9507914, 115.8739015 -31.9505095, 115.8739912 -31.9505092, 115.8740727 -31.9505079, 115.874243 -31.9505062, 115.8742583 -31.9505061, 115.8742584 -31.9505315, 115.8742593 -31.9507666, 115.8742594 -31.9507904))",-31.950649099035164,115.87408191514722
building_2809,building_yes,W726608521,"POLYGON ((115.8831542 -31.9593634, 115.8826989 -31.9595121, 115.8826393 -31.9593808, 115.8830947 -31.9592322, 115.8831542 -31.9593634))",-31.95937213476121,115.88289674107958
building_2810,building_yes,W772945979,"POLYGON ((115.8164965 -31.9795241, 115.8164968 -31.9795627, 115.8165329 -31.9795625, 115.8165333 -31.9796186, 115.8163021 -31.9796196, 115.8163019 -31.979589, 115.8162716 -31.9795892, 115.8162714 -31.9795502, 115.8162937 -31.9795501, 115.8162936 -31.9795251, 115.8164965 -31.9795241))",-31.97957318743618,115.81640305757074
building_2811,building_yes,W775157598,"POLYGON ((115.8136457 -31.968908, 115.8138749 -31.9689083, 115.8138741 -31.9692513, 115.8136449 -31.9692509, 115.8136453 -31.9690639, 115.8136457 -31.968908))",-31.969079624613613,115.81375989650118
building_2812,building_yes,W775157723,"POLYGON ((115.8136155 -31.9684623, 115.8136646 -31.9684623, 115.8136646 -31.9683765, 115.8135737 -31.9683581, 115.8135418 -31.9683581, 115.8135418 -31.9683203, 115.8133333 -31.9683202, 115.8133329 -31.9686672, 115.8134486 -31.9686672, 115.8134485 -31.9687879, 115.8136152 -31.968788, 115.8136155 -31.9684772, 115.8136155 -31.9684623))",-31.96853404525306,115.81348751355821
building_2813,building_yes,W775158747,"POLYGON ((115.8125657 -31.967441, 115.8132496 -31.9674421, 115.8132495 -31.9674867, 115.8132494 -31.9675258, 115.8132603 -31.9675258, 115.8132603 -31.9675392, 115.81326 -31.9676956, 115.81253 -31.9676944, 115.8125301 -31.9675765, 115.8125304 -31.9675374, 115.8125305 -31.9675185, 115.8125305 -31.9675017, 115.8125116 -31.9675017, 115.8125117 -31.9674966, 115.8125658 -31.9674968, 115.8125657 -31.967441))",-31.967569728653075,115.81289699851916
building_2814,building_yes,W775158948,"POLYGON ((115.8134826 -31.967929, 115.813768 -31.9679294, 115.813768 -31.9679056, 115.8141852 -31.9679063, 115.814185 -31.9680063, 115.8141698 -31.9680063, 115.814162 -31.9680063, 115.8141615 -31.9681949, 115.813857 -31.9681944, 115.813562 -31.9681939, 115.8135619 -31.9682123, 115.8132471 -31.9682118, 115.8132476 -31.9679941, 115.8134212 -31.9679944, 115.8134568 -31.9679945, 115.8134824 -31.9679945, 115.8134826 -31.967929))",-31.968064869871984,115.81373335714521
building_2815,building_yes,W775159215,"POLYGON ((115.8140702 -31.9682882, 115.8145671 -31.968289, 115.8145745 -31.9685861, 115.8140776 -31.9685853, 115.8140728 -31.9683945, 115.8140702 -31.9682882))",-31.96843714930542,115.81432233806734
building_2816,building_semidetached_house,W778491748,"POLYGON ((115.8153278 -31.9847758, 115.8153273 -31.984719, 115.815465 -31.984718, 115.8154655 -31.9847749, 115.8153278 -31.9847758))",-31.9847469248305,115.8153964201832
building_2817,building_yes,W778491749,"POLYGON ((115.8153092 -31.9847557, 115.8152507 -31.9847561, 115.8152496 -31.9846468, 115.8153081 -31.9846464, 115.8153092 -31.9847557))",-31.984701250000004,115.81527940000001
building_2818,building_yes,W778491750,"POLYGON ((115.8149959 -31.9845267, 115.8151077 -31.9845259, 115.8151084 -31.9845939, 115.8150163 -31.9845945, 115.8150161 -31.984579, 115.8149964 -31.9845791, 115.8149959 -31.9845267))",-31.984559171767053,115.81505406902359
building_2819,building_yes,W778491751,"POLYGON ((115.814704 -31.9845968, 115.8147222 -31.9845966, 115.8147219 -31.9845708, 115.814791 -31.9845703, 115.8147913 -31.9845962, 115.8150116 -31.9845947, 115.8150125 -31.9846833, 115.8148166 -31.9846846, 115.8148167 -31.9846936, 115.814705 -31.9846944, 115.814704 -31.9845968))",-31.984638326564337,115.81484893769863
building_2820,building_yes,W778491752,"POLYGON ((115.8146229 -31.9847042, 115.8148023 -31.984703, 115.8148027 -31.9847504, 115.8150353 -31.9847488, 115.815036 -31.9848311, 115.8146559 -31.9848336, 115.8146558 -31.9848197, 115.8146557 -31.9848134, 115.8146238 -31.9848136, 115.8146229 -31.9847042))",-31.984777789880436,115.81480880273166
building_2821,building_yes,W778491753,"POLYGON ((115.8146967 -31.9848885, 115.8150512 -31.9848861, 115.8150517 -31.9849403, 115.8150325 -31.9849404, 115.8150329 -31.9849773, 115.8149186 -31.9849781, 115.8149187 -31.9849967, 115.8148296 -31.9849973, 115.8148294 -31.9849787, 115.8147182 -31.9849795, 115.8147179 -31.9849442, 115.8146973 -31.9849444, 115.8146967 -31.9848885))",-31.984934431334647,115.81487443243292
building_2822,building_semidetached_house,W778491754,"POLYGON ((115.8152566 -31.9851063, 115.8155174 -31.9851045, 115.8155181 -31.9851825, 115.8152573 -31.9851843, 115.8152566 -31.9851063))",-31.9851444,115.81538735
building_2823,building_detached,W778491755,"POLYGON ((115.8151307 -31.9850637, 115.8151917 -31.9850635, 115.8151919 -31.9851038, 115.815207 -31.9851037, 115.815207 -31.9851088, 115.8152071 -31.9851223, 115.815236 -31.9851222, 115.8152364 -31.9851872, 115.8151314 -31.9851876, 115.8151307 -31.9850637))",-31.985133034371426,115.81517661757415
building_2824,building_yes,W778491756,"POLYGON ((115.814718 -31.9851402, 115.814829 -31.9851395, 115.8148288 -31.985118, 115.814918 -31.9851174, 115.8149182 -31.9851395, 115.8150331 -31.9851387, 115.8150334 -31.9851741, 115.8150483 -31.985174, 115.8150487 -31.9852257, 115.814697 -31.9852282, 115.8146965 -31.9851757, 115.8147183 -31.9851756, 115.814718 -31.9851402))",-31.98518091067743,115.81487344137247
building_2825,building_yes,W778491757,"POLYGON ((115.8147486 -31.9852652, 115.8150332 -31.9852632, 115.8150347 -31.9854153, 115.8149019 -31.9854163, 115.8149018 -31.9854088, 115.8149012 -31.9853432, 115.8147493 -31.9853443, 115.8147486 -31.9852652))",-31.985326492474112,115.81491435557955
building_2826,building_yes,W778491758,"POLYGON ((115.8153163 -31.9853321, 115.8153168 -31.9853856, 115.8151376 -31.9853868, 115.8151371 -31.9853334, 115.8153163 -31.9853321))",-31.985359474781873,115.81522697793683
building_2827,building_semidetached_house,W778491759,"POLYGON ((115.8153693 -31.9855897, 115.8153688 -31.98554, 115.8155001 -31.9855392, 115.8155005 -31.9855888, 115.8153693 -31.9855897))",-31.985564422019955,115.8154346528011
building_2828,building_yes,W778491760,"POLYGON ((115.8151446 -31.9855107, 115.8153033 -31.9855096, 115.8153042 -31.9856085, 115.8151456 -31.9856096, 115.8151446 -31.9855107))",-31.985559594806123,115.81522442485745
building_2829,building_yes,W778491761,"POLYGON ((115.8147901 -31.9856014, 115.8146839 -31.9856022, 115.8146825 -31.985469, 115.8147895 -31.9854683, 115.8147899 -31.9855429, 115.8147901 -31.9856014))",-31.985535142575497,115.81473650825698
building_2830,building_yes,W778491762,"POLYGON ((115.8150843 -31.9854806, 115.8150854 -31.9855971, 115.8149931 -31.9855978, 115.8149928 -31.9855653, 115.8149759 -31.9855654, 115.8149753 -31.985504, 115.8149922 -31.9855039, 115.814992 -31.9854812, 115.8150843 -31.9854806))",-31.98553877550625,115.81503388528823
building_2831,building_yes,W778491763,"POLYGON ((115.8147015 -31.9856316, 115.8150573 -31.9856291, 115.8150581 -31.9857149, 115.8147023 -31.9857173, 115.8147015 -31.9856316))",-31.985673224743188,115.81487983457485
building_2832,building_yes,W778491764,"POLYGON ((115.8147242 -31.9858599, 115.8150089 -31.985858, 115.8150099 -31.9859543, 115.8147251 -31.9859563, 115.8147242 -31.9858599))",-31.985907128014823,115.81486700057027
building_2833,building_yes,W778491765,"POLYGON ((115.8148828 -31.9863303, 115.8147279 -31.9863298, 115.8147278 -31.9863553, 115.8146687 -31.9863551, 115.8146346 -31.986324, 115.8146354 -31.986151, 115.8148741 -31.9861519, 115.814874 -31.986169, 115.8148927 -31.986169, 115.8148925 -31.9862186, 115.8148714 -31.9862185, 115.8148713 -31.9862274, 115.8147558 -31.9862271, 115.8147557 -31.9862445, 115.814897 -31.986245, 115.8148968 -31.9862854, 115.814883 -31.9862853, 115.8148828 -31.9863303))",-31.98624526359344,115.81475549085893
building_2834,building_yes,W778491766,"POLYGON ((115.8151057 -31.9859709, 115.8151074 -31.9861432, 115.8148453 -31.986145, 115.8148437 -31.9859727, 115.8151057 -31.9859709))",-31.986057955478273,115.8149755251395
building_2835,building_apartments,W778491767,"POLYGON ((115.8152767 -31.9856295, 115.8154088 -31.9856286, 115.8154095 -31.9856978, 115.8153163 -31.9856985, 115.8153164 -31.9857079, 115.8152775 -31.9857082, 115.8152767 -31.9856295))",-31.985665198573834,115.81534131042135
building_2836,building_detached,W778491768,"POLYGON ((115.8151822 -31.9856541, 115.8152461 -31.9856536, 115.8152468 -31.9857269, 115.8151828 -31.9857273, 115.8151822 -31.9856541))",-31.985690484408373,115.81521448240998
building_2837,building_apartments,W778491769,"POLYGON ((115.8152566 -31.9857831, 115.8152767 -31.985783, 115.8152766 -31.9857651, 115.8153108 -31.9857648, 115.8153109 -31.9857766, 115.815394 -31.9857761, 115.8153947 -31.9858457, 115.8152728 -31.9858465, 115.8152726 -31.985832, 115.8152571 -31.9858321, 115.8152566 -31.9857831))",-31.98580939062413,115.81532645971416
building_2838,building_detached,W778491770,"POLYGON ((115.8151835 -31.9857542, 115.815247 -31.9857537, 115.8152476 -31.9858255, 115.8151842 -31.985826, 115.8151835 -31.9857542))",-31.985789840571133,115.8152155748566
building_2839,building_apartments,W778491771,"POLYGON ((115.8151708 -31.9859049, 115.8153793 -31.9859034, 115.8153791 -31.9858806, 115.8154774 -31.9858799, 115.815478 -31.9859418, 115.815381 -31.9859424, 115.8153815 -31.985989, 115.8151716 -31.9859904, 115.8151708 -31.9859049))",-31.985937912640615,115.81531456844374
building_2840,building_yes,W778491772,"POLYGON ((115.8151404 -31.9860421, 115.815188 -31.9860418, 115.8151882 -31.9860632, 115.815263 -31.9860627, 115.8152636 -31.9861192, 115.8152371 -31.9861194, 115.8152372 -31.9861332, 115.8151413 -31.9861339, 115.8151404 -31.9860421))",-31.986092161874016,115.81519608266487
building_2841,building_yes,W778491773,"POLYGON ((115.815172 -31.9861634, 115.8152356 -31.986163, 115.8152368 -31.986296, 115.815161 -31.9862966, 115.8151605 -31.9862427, 115.8151528 -31.9862427, 115.8151523 -31.9861892, 115.8151722 -31.9861891, 115.815172 -31.9861634))",-31.98623085278576,115.81519758558564
building_2842,building_yes,W778491774,"POLYGON ((115.8155154 -31.9861627, 115.8155157 -31.9862361, 115.8153598 -31.9862366, 115.8153597 -31.9861955, 115.8153941 -31.9861954, 115.8153939 -31.9861631, 115.8155154 -31.9861627))",-31.986201842346016,115.81544416066134
building_2843,building_yes,W779793410,"POLYGON ((115.8139131 -31.9686292, 115.8150696 -31.9686311, 115.8151135 -31.9686312, 115.8151502 -31.9686312, 115.8155081 -31.9686318, 115.8156372 -31.968632, 115.8162456 -31.968633, 115.8162451 -31.9688273, 115.8156206 -31.9688263, 115.8155609 -31.9688262, 115.8151528 -31.9688255, 115.8151124 -31.9688255, 115.8150692 -31.9688254, 115.8146542 -31.9688247, 115.8145964 -31.9688246, 115.8139127 -31.9688235, 115.8139131 -31.9686292))",-31.968728251220977,115.8150791577293
building_2844,building_yes,W779793412,"POLYGON ((115.8159132 -31.9689826, 115.8159128 -31.9691809, 115.8151135 -31.9691796, 115.8150734 -31.9691795, 115.8143032 -31.9691782, 115.8143037 -31.9689356, 115.8145962 -31.9689361, 115.8145963 -31.9688662, 115.8145964 -31.9688246, 115.8146542 -31.9688247, 115.8146555 -31.9688653, 115.8146538 -31.9689805, 115.8150689 -31.9689812, 115.8150691 -31.9688682, 115.8150692 -31.9688254, 115.8151124 -31.9688255, 115.8151528 -31.9688255, 115.8151525 -31.9689646, 115.8151525 -31.9689814, 115.8155606 -31.968982, 115.8155609 -31.9688262, 115.8156206 -31.9688263, 115.8156206 -31.9688418, 115.8156203 -31.9689821, 115.8159132 -31.9689826))",-31.96906073817522,115.81508510119268
building_2845,building_yes,W792991036,"POLYGON ((115.8144777 -31.9703212, 115.8143933 -31.9703217, 115.8143942 -31.9704404, 115.8147325 -31.9704384, 115.8147315 -31.9703198, 115.8147 -31.9703199, 115.8144777 -31.9703212))",-31.970380057705164,115.81456286542912
building_2846,building_yes,W792991037,"POLYGON ((115.8143833 -31.9700984, 115.8149064 -31.9700919, 115.8149082 -31.9701954, 115.8143851 -31.9702019, 115.8143833 -31.9700984))",-31.9701469,115.81464575
building_2847,building_yes,W831122995,"POLYGON ((115.8201446 -31.983079, 115.8203922 -31.9830764, 115.820415 -31.9830288, 115.8204281 -31.9829953, 115.8204622 -31.9829812, 115.8206585 -31.9829672, 115.8206266 -31.9828718, 115.8203575 -31.9828759, 115.820146 -31.9828792, 115.8201446 -31.983079))",-31.982961418419094,115.82035505379339
building_2848,building_yes,W843411856,"POLYGON ((115.8576762 -31.9577004, 115.8576902 -31.957696, 115.8578179 -31.957741, 115.8578196 -31.9577526, 115.8577485 -31.9578243, 115.8577345 -31.9578269, 115.8576637 -31.9577908, 115.8576605 -31.9577788, 115.8576762 -31.9577004))",-31.95776065632777,115.8577301704704
building_2849,building_yes,W875431075,"POLYGON ((115.8602875 -31.9572531, 115.8602674 -31.9572958, 115.8602271 -31.9572821, 115.8602472 -31.9572394, 115.8602613 -31.9572442, 115.8602875 -31.9572531))",-31.957267601490198,115.86025729945668
building_2850,building_yes,W875431082,"POLYGON ((115.8608052 -31.9573882, 115.8607908 -31.9574212, 115.860767 -31.9574138, 115.8607556 -31.9574102, 115.86077 -31.9573772, 115.8608052 -31.9573882))",-31.95739920792937,115.86078039536899
building_2851,building_yes,W876020705,"POLYGON ((115.825952 -31.9864709, 115.825945 -31.986479, 115.8259355 -31.98649, 115.825952 -31.9865092, 115.8259785 -31.9865019, 115.8259785 -31.9864782, 115.825952 -31.9864709))",-31.986490045148724,115.82595929003297
building_2852,building_yes,W876020707,"POLYGON ((115.8264287 -31.986084, 115.8265622 -31.9860508, 115.8265974 -31.9861525, 115.8266929 -31.9861287, 115.82672 -31.986207, 115.826491 -31.986264, 115.8264287 -31.986084))",-31.986162697956956,115.82655794978174
building_2853,building_yes,W906949227,"POLYGON ((115.8555696 -31.9461245, 115.8555859 -31.9461073, 115.8555944 -31.9460864, 115.8555941 -31.9460644, 115.8555852 -31.9460436, 115.8555686 -31.9460266, 115.8555462 -31.9460154, 115.8555207 -31.9460111, 115.8554965 -31.946014, 115.8554747 -31.9460231, 115.8554573 -31.9460376, 115.8554462 -31.9460561, 115.8554425 -31.9460765, 115.8554466 -31.9460969, 115.8554581 -31.9461152, 115.8554757 -31.9461294, 115.8554978 -31.9461383, 115.855522 -31.9461407, 115.8555474 -31.9461361, 115.8555696 -31.9461245))",-31.94607594970163,115.85551888865737
building_2854,building_yes,W921537506,"POLYGON ((115.8165545 -31.9792334, 115.8165521 -31.9792581, 115.8166117 -31.9792581, 115.8166082 -31.9792324, 115.8165545 -31.9792334))",-31.979245716121152,115.8165818268069
building_2855,building_yes,W940739664,"POLYGON ((115.8161796 -31.96846, 115.8161806 -31.9685298, 115.8162543 -31.9685737, 115.8164165 -31.9690651, 115.8164454 -31.969109, 115.8164842 -31.9691479, 115.816537 -31.9691825, 115.8165967 -31.9692036, 115.8166793 -31.9692165, 115.8166907 -31.9691567, 115.8166076 -31.9691437, 115.8165549 -31.9691285, 115.816519 -31.9691031, 115.8164942 -31.969077, 115.8164753 -31.9690499, 115.8162782 -31.9684601, 115.8161796 -31.96846))",-31.968849261123104,115.81639502792255
building_2856,building_yes,W966668557,"POLYGON ((115.8410174 -31.9504292, 115.841069 -31.9504442, 115.8410529 -31.950484, 115.8410013 -31.950469, 115.8410174 -31.9504292))",-31.950456599999995,115.84103515
building_2857,building_apartments,W969493622,"POLYGON ((115.8158272 -31.9846064, 115.8159183 -31.9846061, 115.8159198 -31.9849135, 115.8158288 -31.9849139, 115.8158272 -31.9846064))",-31.98475994701263,115.81587352238155
building_2858,building_detached,W969493623,"POLYGON ((115.8160713 -31.9845768, 115.8160719 -31.9846959, 115.8159654 -31.9846963, 115.8159648 -31.9845772, 115.8160713 -31.9845768))",-31.984636549999998,115.81601835000001
building_2859,building_detached,W969493624,"POLYGON ((115.8162282 -31.9845893, 115.8162289 -31.9847129, 115.8161089 -31.9847133, 115.8161083 -31.9845898, 115.8162282 -31.9845893))",-31.984651333507642,115.81616858316563
building_2860,building_detached,W969493625,"POLYGON ((115.8163986 -31.9845916, 115.8163992 -31.9847243, 115.8162792 -31.9847247, 115.8162785 -31.984592, 115.8163986 -31.9845916))",-31.98465814078879,115.81633887492977
building_2861,building_detached,W969493626,"POLYGON ((115.8164401 -31.98457, 115.8165615 -31.9845696, 115.8165622 -31.984702, 115.8164408 -31.9847024, 115.8164401 -31.98457))",-31.984636000000005,115.81650115000002
building_2862,building_detached,W969493627,"POLYGON ((115.8167151 -31.9845928, 115.8167156 -31.9846982, 115.8166158 -31.9846985, 115.8166153 -31.9845931, 115.8167151 -31.9845928))",-31.98464565,115.81666544999999
building_2863,building_detached,W969493628,"POLYGON ((115.8168545 -31.9845837, 115.8168551 -31.9847062, 115.8167687 -31.9847065, 115.8167681 -31.984584, 115.8168545 -31.9845837))",-31.984645099999998,115.81681160000001
building_2864,building_detached,W969493629,"POLYGON ((115.8170436 -31.9847429, 115.8168995 -31.9847434, 115.8168988 -31.9845939, 115.8170429 -31.9845934, 115.8170436 -31.9847429))",-31.984668400000004,115.81697120000001
building_2865,building_semidetached_house,W969493630,"POLYGON ((115.8172032 -31.984603, 115.8172039 -31.984739, 115.8170637 -31.9847395, 115.8170631 -31.9846035, 115.8172032 -31.984603))",-31.984671258086326,115.81713347506927
building_2866,building_detached,W969493631,"POLYGON ((115.8172327 -31.9847497, 115.8173394 -31.9847493, 115.81734 -31.9848737, 115.8172333 -31.9848741, 115.8172327 -31.9847497))",-31.984811699999998,115.81728634999999
building_2867,building_detached,W969493632,"POLYGON ((115.8173561 -31.9845825, 115.8173567 -31.9847118, 115.8172354 -31.9847122, 115.8172348 -31.9845829, 115.8173561 -31.9845825))",-31.98464735,115.81729575
building_2868,building_apartments,W969493633,"POLYGON ((115.8173856 -31.9847588, 115.8173849 -31.9846091, 115.817509 -31.9846087, 115.8175097 -31.9847584, 115.8173856 -31.9847588))",-31.984683750000006,115.8174473
building_2869,building_apartments,W969493634,"POLYGON ((115.8175211 -31.9847884, 115.8175216 -31.9848903, 115.8173883 -31.9848908, 115.8173878 -31.9847889, 115.8175211 -31.9847884))",-31.9848396,115.81745469999997
building_2870,building_detached,W969493635,"POLYGON ((115.8176833 -31.9846019, 115.8176842 -31.9847675, 115.8175519 -31.9847679, 115.8175511 -31.9846023, 115.8176833 -31.9846019))",-31.98468491043456,115.8176176250737
building_2871,building_detached,W969493636,"POLYGON ((115.8178322 -31.9847748, 115.8177111 -31.9847752, 115.8177102 -31.9845848, 115.8178313 -31.9845844, 115.8178322 -31.9847748))",-31.984679800000002,115.8177712
building_2872,building_detached,W969493637,"POLYGON ((115.8179556 -31.9845768, 115.8179564 -31.9847516, 115.8178563 -31.984752, 115.8178555 -31.9845772, 115.8179556 -31.9845768))",-31.984664399999993,115.81790595000001
building_2873,building_yes,W969493638,"POLYGON ((115.817796 -31.984942, 115.8179401 -31.9849415, 115.8179408 -31.9850819, 115.8177967 -31.9850824, 115.817796 -31.984942))",-31.985011949999997,115.81786840000002
building_2874,building_yes,W969493639,"POLYGON ((115.8177343 -31.9851604, 115.8179698 -31.9851595, 115.8179703 -31.9852605, 115.8177348 -31.9852613, 115.8177343 -31.9851604))",-31.985210424912147,115.81785231943988
building_2875,building_yes,W969493640,"POLYGON ((115.817678 -31.9850421, 115.8176791 -31.9852691, 115.8175412 -31.9852696, 115.8175401 -31.9850426, 115.817678 -31.9850421))",-31.98515585,115.8176096
building_2876,building_yes,W969493641,"POLYGON ((115.8173789 -31.9850842, 115.8174895 -31.9850838, 115.8174902 -31.985232, 115.8173796 -31.9852324, 115.8173789 -31.9850842))",-31.9851581,115.81743454999997
building_2877,building_yes,W969493642,"POLYGON ((115.8172207 -31.9852844, 115.8172199 -31.9851381, 115.8173534 -31.9851376, 115.8173542 -31.9852839, 115.8172207 -31.9852844))",-31.985211000000003,115.81728705000002
building_2878,building_yes,W969493643,"POLYGON ((115.8170584 -31.9851149, 115.8171876 -31.9851144, 115.8171885 -31.9852832, 115.8170592 -31.9852837, 115.8170584 -31.9851149))",-31.985199060883,115.81712342507949
building_2879,building_yes,W969493644,"POLYGON ((115.8168934 -31.9852548, 115.8168923 -31.9850255, 115.8170289 -31.985025, 115.81703 -31.9852543, 115.8168934 -31.9852548))",-31.985139899999997,115.81696114999997
building_2880,building_yes,W969493645,"POLYGON ((115.8167486 -31.9851183, 115.816874 -31.9851178, 115.8168747 -31.9852514, 115.8167492 -31.9852518, 115.8167486 -31.9851183))",-31.98518483379988,115.81681163289879
building_2881,building_yes,W969493646,"POLYGON ((115.8165903 -31.9852593, 115.8165895 -31.985088, 115.8167244 -31.9850876, 115.8167253 -31.9852588, 115.8165903 -31.9852593))",-31.985173435649045,115.81665736850786
building_2882,building_yes,W969493647,"POLYGON ((115.8164442 -31.9851217, 115.8165467 -31.9851213, 115.8165474 -31.9852696, 115.8164449 -31.9852699, 115.8164442 -31.9851217))",-31.985195624923417,115.81649580576132
building_2883,building_yes,W969493648,"POLYGON ((115.8162524 -31.9851137, 115.8163938 -31.9851132, 115.8163945 -31.9852559, 115.8162531 -31.9852564, 115.8162524 -31.9851137))",-31.985184799999992,115.81632344999997
building_2884,building_yes,W969493649,"POLYGON ((115.8161049 -31.9850546, 115.8162217 -31.9850542, 115.8162229 -31.9852855, 115.816106 -31.9852859, 115.8161049 -31.9850546))",-31.985170066495176,115.81616387509642
building_2885,building_yes,W969493650,"POLYGON ((115.8159493 -31.9850591, 115.8160541 -31.9850588, 115.8160552 -31.9852832, 115.8159504 -31.9852836, 115.8159493 -31.9850591))",-31.985171175100454,115.8160022461095
building_2886,building_yes,W969493651,"POLYGON ((115.8159238 -31.9852548, 115.8158079 -31.9852552, 115.8158071 -31.9851046, 115.8159231 -31.9851042, 115.8159238 -31.9852548))",-31.985179689176633,115.81586547492398
building_2887,building_yes,W969493652,"POLYGON ((115.8162537 -31.9855574, 115.8162545 -31.9857195, 115.8161129 -31.98572, 115.8161121 -31.9855579, 115.8162537 -31.9855574))",-31.9856387,115.81618329999999
building_2888,building_yes,W969493653,"POLYGON ((115.8163972 -31.9855869, 115.8163978 -31.9857105, 115.8162846 -31.9857109, 115.816284 -31.9855873, 115.8163972 -31.9855869))",-31.9856489,115.81634089999999
building_2889,building_yes,W969493654,"POLYGON ((115.8165595 -31.9856063, 115.81656 -31.9857139, 115.8164361 -31.9857143, 115.8164356 -31.9856067, 115.8165595 -31.9856063))",-31.9856603,115.81649780000001
building_2890,building_yes,W969493655,"POLYGON ((115.8167338 -31.9856461, 115.8167345 -31.985781, 115.8166078 -31.9857814, 115.8166071 -31.9856465, 115.8167338 -31.9856461))",-31.985713750000002,115.8166708
building_2891,building_yes,W969493656,"POLYGON ((115.8168948 -31.9858986, 115.8167543 -31.9858991, 115.8167526 -31.9855665, 115.8168931 -31.985566, 115.8168948 -31.9858986))",-31.985732549999998,115.8168237
building_2892,building_yes,W969493657,"POLYGON ((115.8170423 -31.9855721, 115.8170432 -31.9857571, 115.8169135 -31.9857576, 115.8169126 -31.9855726, 115.8170423 -31.9855721))",-31.985664850000003,115.81697789999998
building_2893,building_yes,W969493658,"POLYGON ((115.8172032 -31.9855903, 115.8172046 -31.9858606, 115.8170651 -31.9858611, 115.8170637 -31.9855908, 115.8172032 -31.9855903))",-31.985725700000003,115.81713414999999
building_2894,building_yes,W969493659,"POLYGON ((115.8173695 -31.9855881, 115.8173703 -31.9857401, 115.8172488 -31.9857405, 115.8172481 -31.9855885, 115.8173695 -31.9855881))",-31.985664310429286,115.81730917507336
building_2895,building_yes,W969493660,"POLYGON ((115.8175331 -31.9855665, 115.817534 -31.9857469, 115.8174178 -31.9857473, 115.8174169 -31.9855669, 115.8175331 -31.9855665))",-31.985656899999995,115.81747544999999
building_2896,building_yes,W969493661,"POLYGON ((115.8176833 -31.9857268, 115.817684 -31.985864, 115.8175613 -31.9858645, 115.8175606 -31.9857273, 115.8176833 -31.9857268))",-31.985795649999996,115.8176223
building_2897,building_yes,W969493662,"POLYGON ((115.8178389 -31.9855801, 115.8178396 -31.9857104, 115.8177008 -31.9857109, 115.8177001 -31.9855806, 115.8178389 -31.9855801))",-31.985645499999997,115.81776984999999
building_2898,building_yes,W969493663,"POLYGON ((115.8179744 -31.9855596, 115.817975 -31.9856833, 115.8178724 -31.9856836, 115.8178718 -31.98556, 115.8179744 -31.9855596))",-31.985621624927685,115.81792340691433
building_2899,building_yes,W969493664,"POLYGON ((115.8180012 -31.9861034, 115.818002 -31.9862622, 115.8178765 -31.9862626, 115.8178757 -31.9861038, 115.8180012 -31.9861034))",-31.986183000000008,115.81793885
building_2900,building_yes,W969493665,"POLYGON ((115.8178644 -31.9859669, 115.8179684 -31.9859665, 115.817969 -31.9860886, 115.817865 -31.9860889, 115.8178644 -31.9859669))",-31.986027724928036,115.81791670710058
building_2901,building_yes,W969493666,"POLYGON ((115.8177142 -31.9859816, 115.817827 -31.9859812, 115.8178282 -31.9862251, 115.8177154 -31.9862255, 115.8177142 -31.9859816))",-31.98610335,115.81777119999998
building_2902,building_yes,W969493667,"POLYGON ((115.8175439 -31.98596, 115.817666 -31.9859596, 115.8176672 -31.9862103, 115.8175451 -31.9862107, 115.8175439 -31.98596))",-31.986085150000008,115.81760555000002
building_2903,building_yes,W969493668,"POLYGON ((115.8173829 -31.9862865, 115.8173816 -31.9860264, 115.8175036 -31.986026, 115.8175049 -31.9862861, 115.8173829 -31.9862865))",-31.98615625,115.81744325000001
building_2904,building_yes,W969493669,"POLYGON ((115.8172475 -31.9860271, 115.8173589 -31.9860267, 115.8173601 -31.9862763, 115.8172487 -31.9862767, 115.8172475 -31.9860271))",-31.9861517,115.81730380000002
building_2905,building_yes,W969493670,"POLYGON ((115.8170798 -31.9860476, 115.8171957 -31.9860472, 115.8171965 -31.9862137, 115.8170807 -31.9862141, 115.8170798 -31.9860476))",-31.986130638023585,115.81713817491884
building_2906,building_yes,W969493671,"POLYGON ((115.8168881 -31.98596, 115.8170074 -31.9859596, 115.8170088 -31.9862308, 115.8168894 -31.9862312, 115.8168881 -31.98596))",-31.986095418935545,115.81694842510653
building_2907,building_yes,W969493672,"POLYGON ((115.8168438 -31.9861125, 115.8168446 -31.9862666, 115.816703 -31.9862672, 115.8167022 -31.986113, 115.8168438 -31.9861125))",-31.986189825076814,115.81677339234551
building_2908,building_yes,W969493673,"POLYGON ((115.8166547 -31.9859487, 115.8168513 -31.985948, 115.8168519 -31.986067, 115.8166553 -31.9860677, 115.8166547 -31.9859487))",-31.986007849999996,115.81675330000002
building_2909,building_yes,W969493674,"POLYGON ((115.8164401 -31.986274, 115.8164396 -31.9861741, 115.8165318 -31.9861738, 115.8165313 -31.9860752, 115.8166078 -31.9860749, 115.8166088 -31.9862734, 115.8164401 -31.986274))",-31.98619301902134,115.81653829908147
building_2910,building_yes,W969493675,"POLYGON ((115.8162644 -31.9861102, 115.8164164 -31.9861096, 115.8164173 -31.9862899, 115.8162653 -31.9862904, 115.8162644 -31.9861102))",-31.986200024925232,115.8163408570269
building_2911,building_detached,W969493676,"POLYGON ((115.8161102 -31.9862649, 115.8161093 -31.9860867, 115.8162282 -31.9860863, 115.8162291 -31.9862645, 115.8161102 -31.9862649))",-31.986175599999996,115.81616919999999
building_2912,building_detached,W969493677,"POLYGON ((115.8159547 -31.9861022, 115.8160853 -31.9861018, 115.8160861 -31.9862512, 115.8159554 -31.9862517, 115.8159547 -31.9861022))",-31.98617673460514,115.81602036778825
building_2913,building_apartments,W969493678,"POLYGON ((115.8158641 -31.9855858, 115.8159916 -31.9855854, 115.8159921 -31.9856956, 115.8160189 -31.9856955, 115.8160192 -31.9857546, 115.8159924 -31.9857547, 115.8159928 -31.9858359, 115.8158654 -31.9858364, 115.8158641 -31.9855858))",-31.985711532870535,115.81593211230013
building_2914,building_yes,W969494317,"POLYGON ((115.8178309 -31.9825827, 115.8179506 -31.9825823, 115.8179516 -31.9827716, 115.8178318 -31.982772, 115.8178309 -31.9825827))",-31.982677163172998,115.8178912250837
building_2915,building_yes,W969494318,"POLYGON ((115.8177987 -31.9825918, 115.8177992 -31.9826961, 115.8176941 -31.9826965, 115.8176935 -31.9825922, 115.8177987 -31.9825918))",-31.982644141734312,115.81774637492445
building_2916,building_yes,W969494319,"POLYGON ((115.8176592 -31.9825782, 115.8176598 -31.9827029, 115.8175439 -31.9827033, 115.8175432 -31.9825786, 115.8176592 -31.9825782))",-31.982640741038058,115.81760152492654
building_2917,building_yes,W969494320,"POLYGON ((115.8175036 -31.9825782, 115.8175042 -31.9826983, 115.8173695 -31.9826988, 115.8173689 -31.9825787, 115.8175036 -31.9825782))",-31.982638500000004,115.81743655000001
building_2918,building_yes,W969494321,"POLYGON ((115.8173186 -31.9825736, 115.8173192 -31.9827121, 115.8172166 -31.9827124, 115.8172159 -31.982574, 115.8173186 -31.9825736))",-31.98264301368677,115.81726758110433
building_2919,building_yes,W969494322,"POLYGON ((115.8170611 -31.9825645, 115.8171812 -31.9825641, 115.8171818 -31.9826828, 115.8170617 -31.9826833, 115.8170611 -31.9825645))",-31.982623675073217,115.8171214415723
building_2920,building_yes,W969494323,"POLYGON ((115.8170101 -31.9827511, 115.8170106 -31.9828553, 115.8168787 -31.9828558, 115.8168782 -31.9827516, 115.8170101 -31.9827511))",-31.982803450000002,115.8169444
building_2921,building_yes,W969494324,"POLYGON ((115.816876 -31.9825873, 115.8169906 -31.9825869, 115.8169913 -31.9827329, 115.8168767 -31.9827333, 115.816876 -31.9825873))",-31.9826601,115.81693365
building_2922,building_yes,W969494325,"POLYGON ((115.8167204 -31.9825714, 115.816832 -31.982571, 115.8168331 -31.9827875, 115.8167215 -31.9827879, 115.8167204 -31.9825714))",-31.98267945,115.81677675
building_2923,building_yes,W969494326,"POLYGON ((115.8165514 -31.9828194, 115.8165502 -31.9825582, 115.8166775 -31.9825577, 115.8166788 -31.9828189, 115.8165514 -31.9828194))",-31.982688567091618,115.81661447509775
building_2924,building_yes,W969494327,"POLYGON ((115.8164066 -31.9825463, 115.8165126 -31.982546, 115.8165139 -31.982808, 115.8164079 -31.9828084, 115.8164066 -31.9825463))",-31.982677175113327,115.8164602466297
building_2925,building_yes,W969494328,"POLYGON ((115.8162189 -31.9826123, 115.8162203 -31.9829008, 115.8161062 -31.9829013, 115.8161048 -31.9826127, 115.8162189 -31.9826123))",-31.982756775115245,115.81616254670534
building_2926,building_yes,W969494329,"POLYGON ((115.8162644 -31.9825623, 115.8163578 -31.9825619, 115.8163583 -31.9826737, 115.816265 -31.9826741, 115.8162644 -31.9825623))",-31.98261799001998,115.81631137492109
building_2927,building_yes,W969494330,"POLYGON ((115.8159426 -31.9825941, 115.8160484 -31.9825937, 115.8160499 -31.9828922, 115.8159441 -31.9828925, 115.8159426 -31.9825941))",-31.982743124872076,115.8159962529535
building_2928,building_yes,W969494331,"POLYGON ((115.8157629 -31.9825782, 115.8158958 -31.9825777, 115.815897 -31.9828148, 115.815764 -31.9828153, 115.8157629 -31.9825782))",-31.98269651486114,115.81582992508966
building_2929,building_yes,W969494332,"POLYGON ((115.8160847 -31.9832812, 115.8159384 -31.9832817, 115.8159372 -31.9830423, 115.8160836 -31.9830418, 115.8160847 -31.9832812))",-31.983161736368583,115.8160109749171
building_2930,building_yes,W969494333,"POLYGON ((115.8162189 -31.9832812, 115.8161318 -31.9832815, 115.8161303 -31.9829877, 115.8162174 -31.9829874, 115.8162189 -31.9832812))",-31.983134450000005,115.81617460000001
building_2931,building_yes,W969494334,"POLYGON ((115.8163825 -31.9832766, 115.8162465 -31.9832771, 115.8162457 -31.9831197, 115.8163817 -31.9831192, 115.8163825 -31.9832766))",-31.98319815,115.81631410000001
building_2932,building_yes,W969494335,"POLYGON ((115.8165514 -31.983081, 115.8165523 -31.9832602, 115.8164173 -31.9832607, 115.8164164 -31.9830815, 115.8165514 -31.983081))",-31.983170850000004,115.81648435000001
building_2933,building_yes,W969494336,"POLYGON ((115.8167124 -31.9832744, 115.8165795 -31.9832748, 115.8165783 -31.9830218, 115.8167111 -31.9830214, 115.8167124 -31.9832744))",-31.98314811586975,115.81664532509159
building_2934,building_yes,W969494337,"POLYGON ((115.8170423 -31.9829445, 115.8170428 -31.9830509, 115.8169001 -31.9830514, 115.8168996 -31.982945, 115.8170423 -31.9829445))",-31.982997949999998,115.8169712
building_2935,building_yes,W969494338,"POLYGON ((115.8167231 -31.9829604, 115.8168728 -31.9829599, 115.8168733 -31.9830537, 115.8167236 -31.9830542, 115.8167231 -31.9829604))",-31.983007049999998,115.8167982
building_2936,building_yes,W969494339,"POLYGON ((115.8168894 -31.983263, 115.8167478 -31.9832635, 115.8167472 -31.9831447, 115.8168888 -31.9831442, 115.8168894 -31.983263))",-31.983203850000002,115.81681830000001
building_2937,building_yes,W969494340,"POLYGON ((115.8170155 -31.9831015, 115.8170161 -31.9832194, 115.8169055 -31.9832198, 115.8169049 -31.9831019, 115.8170155 -31.9831015))",-31.983160650000002,115.81696050000001
building_2938,building_yes,W969494341,"POLYGON ((115.8170718 -31.9831356, 115.8171812 -31.9831352, 115.8171818 -31.9832584, 115.8170724 -31.9832588, 115.8170718 -31.9831356))",-31.983196999999997,115.81712680000001
building_2939,building_yes,W969494342,"POLYGON ((115.8173511 -31.9832331, 115.8171987 -31.9832336, 115.8171979 -31.9830582, 115.8173502 -31.9830577, 115.8173511 -31.9832331))",-31.983145659593898,115.81727447507025
building_2940,building_yes,W969494343,"POLYGON ((115.8175117 -31.9830719, 115.8175127 -31.9832716, 115.8173829 -31.9832721, 115.8173819 -31.9830723, 115.8175117 -31.9830719))",-31.983171975082975,115.81744729458534
building_2941,building_yes,W969494344,"POLYGON ((115.8178309 -31.9832539, 115.8177084 -31.9832543, 115.8177075 -31.9830696, 115.8178299 -31.9830692, 115.8178309 -31.9832539))",-31.983161762569484,115.81776917508272
building_2942,building_yes,W969494345,"POLYGON ((115.817965 -31.9830742, 115.8179658 -31.9832444, 115.8178577 -31.9832448, 115.8178568 -31.9830745, 115.817965 -31.9830742))",-31.98315946196454,115.81791131962409
building_2943,building_detached,W969494346,"POLYGON ((115.8163691 -31.9842595, 115.8162411 -31.9842599, 115.8162403 -31.9841002, 115.8163683 -31.9840997, 115.8163691 -31.9842595))",-31.984179824924446,115.81630470667672
building_2944,building_detached,W969494347,"POLYGON ((115.8165434 -31.9841116, 115.8165441 -31.9842476, 115.8164173 -31.9842481, 115.8164167 -31.984112, 115.8165434 -31.9841116))",-31.98417983401482,115.81648036730695
building_2945,building_apartments,W969494348,"POLYGON ((115.8167097 -31.9840342, 115.8167108 -31.9842659, 115.8166051 -31.9842663, 115.8166039 -31.9840346, 115.8167097 -31.9840342))",-31.984150231741925,115.816657374895
building_2946,building_yes,W969494349,"POLYGON ((115.8168438 -31.9840138, 115.8168448 -31.9842159, 115.8167419 -31.9842162, 115.8167409 -31.9840141, 115.8168438 -31.9840138))",-31.984115000000003,115.81679285
building_2947,building_detached,W969494350,"POLYGON ((115.8170308 -31.9840683, 115.8170318 -31.9842545, 115.8169055 -31.9842549, 115.8169046 -31.9840687, 115.8170308 -31.9840683))",-31.984161612290173,115.8169681750806
building_2948,building_yes,W969494351,"POLYGON ((115.817067 -31.9842624, 115.8170664 -31.9841389, 115.8172163 -31.9841383, 115.8172169 -31.9842618, 115.817067 -31.9842624))",-31.984200350000002,115.81714165
building_2949,building_detached,W969494352,"POLYGON ((115.8173427 -31.9841093, 115.8173434 -31.9842614, 115.8172461 -31.9842617, 115.8172455 -31.9841382, 115.8172454 -31.9841097, 115.8173427 -31.9841093))",-31.98418552240765,115.81729439750954
building_2950,building_apartments,W969494353,"POLYGON ((115.817914 -31.9841252, 115.8179147 -31.9842712, 115.817391 -31.9842731, 115.8173903 -31.9841271, 115.817914 -31.9841252))",-31.98419915,115.81765249999998
building_2951,building_yes,W969494354,"POLYGON ((115.8175841 -31.9835542, 115.8179457 -31.9835529, 115.8179473 -31.9838769, 115.8175627 -31.9838783, 115.8175622 -31.9837736, 115.8178422 -31.9837726, 115.8178416 -31.9836456, 115.8175846 -31.9836465, 115.8175841 -31.9835542))",-31.983720866425234,115.81778004104434
building_2952,building_yes,W969494355,"POLYGON ((115.8170557 -31.9835656, 115.8171919 -31.9835651, 115.8171925 -31.983693, 115.8170563 -31.9836935, 115.8170557 -31.9835656))",-31.983629300000004,115.81712410000002
building_2953,building_yes,W969494356,"POLYGON ((115.8168921 -31.983561, 115.8170121 -31.9835606, 115.8170128 -31.9836952, 115.8168928 -31.9836957, 115.8168921 -31.983561))",-31.98362812507646,115.81695244257374
building_2954,building_yes,W969494357,"POLYGON ((115.8167312 -31.9835815, 115.8168642 -31.983581, 115.8168653 -31.9837931, 115.8167322 -31.9837935, 115.8167312 -31.9835815))",-31.983687288197622,115.81679823031175
building_2955,building_yes,W969494358,"POLYGON ((115.8167151 -31.9838022, 115.8167155 -31.9838994, 115.8165514 -31.9839, 115.816551 -31.9838028, 115.8167151 -31.9838022))",-31.983851100000006,115.81663325000001
building_2956,building_yes,W969494359,"POLYGON ((115.8164227 -31.9836224, 115.8165205 -31.9836221, 115.8165219 -31.9839046, 115.8164241 -31.9839049, 115.8164227 -31.9836224))",-31.9837635,115.8164723
building_2957,building_yes,W969494360,"POLYGON ((115.8164012 -31.9837749, 115.8164018 -31.9838837, 115.8162832 -31.9838841, 115.8162827 -31.9837753, 115.8164012 -31.9837749))",-31.983829507647734,115.81634222506929
building_2958,building_yes,W969494361,"POLYGON ((115.8161196 -31.9836042, 115.8162414 -31.9836038, 115.816243 -31.9839228, 115.8161212 -31.9839232, 115.8161196 -31.9836042))",-31.983763500000002,115.8161813
building_2959,building_detached,W969494362,"POLYGON ((115.8157897 -31.983627, 115.8159205 -31.9836265, 115.8159211 -31.9837453, 115.8157903 -31.9837458, 115.8157897 -31.983627))",-31.983686149999997,115.8158554
building_2960,building_yes,W969494363,"POLYGON ((115.8160794 -31.9839705, 115.8160799 -31.9840675, 115.8158299 -31.9840684, 115.8158294 -31.9839714, 115.8160794 -31.9839705))",-31.98401945,115.81595465
building_2961,building_apartments,W969494364,"POLYGON ((115.8158299 -31.9841571, 115.8161031 -31.9841561, 115.8161035 -31.9842481, 115.8158304 -31.9842491, 115.8158299 -31.9841571))",-31.984202597193622,115.81596672489569
building_2962,building_yes,W975725979,"POLYGON ((115.8150758 -31.9658768, 115.8150759 -31.9658936, 115.8150758 -31.9659185, 115.8150744 -31.9663168, 115.8150731 -31.9667654, 115.8151168 -31.9667655, 115.815173 -31.9667656, 115.8153824 -31.9667659, 115.8153825 -31.9667271, 115.8151527 -31.9667267, 115.8151534 -31.966684, 115.8151535 -31.9666054, 115.8151533 -31.9664956, 115.8151536 -31.9663825, 115.8151535 -31.9663285, 115.8151538 -31.9662051, 115.8151539 -31.9661487, 115.8154062 -31.9661507, 115.8154064 -31.9660613, 115.8153854 -31.9660612, 115.8153854 -31.9660245, 115.8154833 -31.9660246, 115.8154835 -31.9659418, 115.8152231 -31.9659414, 115.815223 -31.9660242, 115.8151549 -31.9660241, 115.8151552 -31.9658769, 115.8151168 -31.9658769, 115.8150758 -31.9658768))",-31.966240515460083,115.8152018634839
building_2963,building_yes,W975725980,"POLYGON ((115.8151535 -31.9663285, 115.8151538 -31.9662051, 115.8152172 -31.9662053, 115.8152172 -31.9661988, 115.8156383 -31.9661994, 115.8156381 -31.9662687, 115.8155654 -31.9662686, 115.8155652 -31.9663292, 115.8151535 -31.9663285))",-31.966261764767967,115.81538179825091
building_2964,building_yes,W975725981,"POLYGON ((115.8143682 -31.9669272, 115.8143686 -31.9667296, 115.8142864 -31.9667295, 115.8142866 -31.966656, 115.8144497 -31.9666563, 115.8144502 -31.966489, 115.8148041 -31.9664896, 115.8148042 -31.9664493, 115.8142884 -31.9664484, 115.8142891 -31.9661893, 115.8145951 -31.9661898, 115.814595 -31.9662212, 115.8148449 -31.9662216, 115.8148449 -31.9662525, 115.8149534 -31.9662527, 115.8149533 -31.9663166, 115.8150744 -31.9663168, 115.8150731 -31.9667654, 115.8150594 -31.9667654, 115.8150583 -31.9669283, 115.8149154 -31.9669281, 115.8143682 -31.9669272))",-31.96657174739336,115.81469972889012
building_2965,building_yes,W975725982,"POLYGON ((115.8162991 -31.9663716, 115.8162986 -31.9665709, 115.8159935 -31.9665704, 115.8159934 -31.9666258, 115.8157974 -31.9666255, 115.8157973 -31.966685, 115.8151534 -31.966684, 115.8151535 -31.9666054, 115.8152081 -31.9666055, 115.8152082 -31.9665692, 115.8152084 -31.9664957, 115.8151533 -31.9664956, 115.8151536 -31.9663825, 115.8152086 -31.9663826, 115.8152087 -31.9663698, 115.8162991 -31.9663716))",-31.966511323836393,115.81568353974656
building_2966,building_yes,W975725984,"POLYGON ((115.814616 -31.9682478, 115.8144707 -31.9682476, 115.8144707 -31.9682658, 115.8142815 -31.9682655, 115.8142816 -31.9682473, 115.8141946 -31.9682472, 115.814195 -31.9680468, 115.8141696 -31.9680468, 115.8141698 -31.9680063, 115.814185 -31.9680063, 115.8141852 -31.9679063, 115.8141854 -31.9677973, 115.8140347 -31.9677971, 115.8140347 -31.9678218, 115.8137539 -31.9678214, 115.8137539 -31.9678485, 115.8137093 -31.9678484, 115.8137093 -31.9678214, 115.8135863 -31.9678212, 115.8135864 -31.9677684, 115.8137559 -31.9677686, 115.813756 -31.9677405, 115.813756 -31.9677129, 115.8136156 -31.9677127, 115.8136158 -31.9676339, 115.813549 -31.9676338, 115.8135491 -31.9675963, 115.8136159 -31.9675964, 115.813616 -31.9675417, 115.8136849 -31.9675418, 115.8136849 -31.9675153, 115.8137959 -31.9675154, 115.8137959 -31.9675419, 115.8138289 -31.967542, 115.8138287 -31.9676625, 115.8139296 -31.9676626, 115.8139359 -31.9676582, 115.8139424 -31.9676536, 115.8139425 -31.9676012, 115.8144309 -31.9676019, 115.8146946 -31.9676023, 115.8150586 -31.9676028, 115.8150583 -31.9677526, 115.815034 -31.9677525, 115.815034 -31.9677333, 115.8145787 -31.9677327, 115.8145781 -31.9680392, 115.8146164 -31.9680392, 115.814616 -31.9682478))",-31.967829554567277,115.81430458496573
building_2967,building_yes,W993167310,"POLYGON ((115.8663281 -31.9505813, 115.8663431 -31.9505573, 115.8663856 -31.950576, 115.8666298 -31.9501894, 115.8665962 -31.9501766, 115.866605 -31.9501586, 115.8666024 -31.9501398, 115.8665988 -31.9501316, 115.8666032 -31.9501218, 115.8663396 -31.9500025, 115.8663307 -31.9500182, 115.8663201 -31.9500122, 115.8661644 -31.9502705, 115.8660325 -31.9502112, 115.8660166 -31.9502367, 115.8659963 -31.9502269, 115.8659883 -31.9502427, 115.8659945 -31.9502449, 115.8659715 -31.9502825, 115.865952 -31.9502727, 115.8659264 -31.9503208, 115.8659503 -31.9503305, 115.8659149 -31.9503913, 115.8663281 -31.9505813))",-31.950303618768043,115.86630029144807
building_2968,building_apartments,W996003165,"POLYGON ((115.8760724 -31.9549091, 115.8761015 -31.9549184, 115.8761059 -31.9549085, 115.8762077 -31.9549412, 115.8762056 -31.9549459, 115.8762745 -31.954968, 115.8760882 -31.9553858, 115.8758884 -31.9553217, 115.8760724 -31.9549091))",-31.955144027748457,115.87608186590293
building_2969,building_yes,W1001939637,"POLYGON ((115.8147202 -31.9807422, 115.814957 -31.980741, 115.8149575 -31.9808252, 115.8147207 -31.9808264, 115.8147202 -31.9807422))",-31.980783699999993,115.81483885000002
building_2970,building_yes,W1001939638,"POLYGON ((115.8149763 -31.9805471, 115.814977 -31.9806407, 115.8147001 -31.9806421, 115.8146994 -31.9805485, 115.8149763 -31.9805471))",-31.980594599999996,115.81483819999998
building_2971,building_yes,W1001939643,"POLYGON ((115.8149181 -31.9799586, 115.814918 -31.9799408, 115.8149859 -31.9799406, 115.814986 -31.9799584, 115.8149864 -31.9800577, 115.8149185 -31.9800579, 115.8149181 -31.9799586))",-31.979999249964663,115.81495221199815
building_2972,building_yes,W1001939644,"POLYGON ((115.8148502 -31.9799588, 115.8148501 -31.9799494, 115.814918 -31.9799492, 115.8149181 -31.9799586, 115.8149185 -31.9800579, 115.8149185 -31.980067, 115.8148506 -31.980065, 115.8148506 -31.9800581, 115.8148502 -31.9799588))",-31.98000765128552,115.8148844502409
building_2973,building_yes,W1001939645,"POLYGON ((115.8147823 -31.979959, 115.8148502 -31.9799588, 115.8148506 -31.9800581, 115.8148506 -31.980065, 115.8148506 -31.9800769, 115.814781 -31.9800742, 115.8147827 -31.9800583, 115.8147823 -31.979959))",-31.980017332230677,115.81481655825937
building_2974,building_yes,W1001939646,"POLYGON ((115.8147144 -31.9799592, 115.8147816 -31.979947, 115.8147827 -31.9800583, 115.814781 -31.9800742, 115.8147829 -31.9801039, 115.814715 -31.9801041, 115.8147144 -31.9799592))",-31.98002843654139,115.81474883943739
building_2975,building_yes,W1001939647,"POLYGON ((115.8150615 -31.9799055, 115.8150621 -31.9800594, 115.8149864 -31.9800597, 115.8149864 -31.9800577, 115.814986 -31.9799584, 115.8149858 -31.9799057, 115.8150615 -31.9799055))",-31.97998257333374,115.81502394586332
building_2976,building_yes,W1001939648,"POLYGON ((115.8149133 -31.9798031, 115.8150367 -31.9797819, 115.8150615 -31.9798856, 115.8149381 -31.9799068, 115.8149133 -31.9798031))",-31.97984435,115.81498739999999
building_2977,building_yes,W1001939649,"POLYGON ((115.814686 -31.979839, 115.8148131 -31.9798171, 115.8148389 -31.9799249, 115.8147118 -31.9799467, 115.814686 -31.979839))",-31.979881921752234,115.81476245905216
building_2978,building_yes,W1001939650,"POLYGON ((115.815023 -31.9797086, 115.8150119 -31.9796621, 115.8150732 -31.9796515, 115.8150849 -31.9797007, 115.8150705 -31.9797032, 115.8150823 -31.9797525, 115.8150216 -31.979763, 115.8150092 -31.979711, 115.815023 -31.9797086))",-31.979707175395898,115.81504705033954
building_2979,building_yes,W1001939651,"POLYGON ((115.8150789 -31.9796023, 115.8150898 -31.9796478, 115.8150233 -31.9796592, 115.8150124 -31.9796138, 115.8150789 -31.9796023))",-31.979630771672124,115.8150511113948
building_2980,building_yes,W1001939652,"POLYGON ((115.8148402 -31.9796914, 115.8148345 -31.9796676, 115.8149428 -31.979649, 115.8149653 -31.979743, 115.814893 -31.9797554, 115.8148985 -31.9797787, 115.814699 -31.979813, 115.8146766 -31.9797195, 115.8148402 -31.9796914))",-31.97973462085696,115.81482344743245
building_2981,building_yes,W1001939653,"POLYGON ((115.8146732 -31.9795341, 115.8150647 -31.9794667, 115.8150849 -31.9795512, 115.8146934 -31.9796186, 115.8146732 -31.9795341))",-31.979542649999996,115.81487905000002
building_2982,building_yes,W1001939654,"POLYGON ((115.8150286 -31.979273, 115.8150862 -31.979274, 115.8150835 -31.9793838, 115.8150259 -31.9793828, 115.8150286 -31.979273))",-31.9793284,115.81505605000002
building_2983,building_yes,W1001939655,"POLYGON ((115.8145706 -31.9793703, 115.8149341 -31.9793077, 115.8149608 -31.9794196, 115.8145974 -31.9794822, 115.8145706 -31.9793703))",-31.979394948306982,115.81476571993338
building_2984,building_yes,W1001939656,"POLYGON ((115.8154886 -31.9791143, 115.8154889 -31.9791911, 115.8152995 -31.9791917, 115.8152992 -31.9791149, 115.8153257 -31.9791148, 115.8153256 -31.9790973, 115.815457 -31.9790969, 115.8154571 -31.9791144, 115.8154886 -31.9791143))",-31.979146561352714,115.8153936789183
building_2985,building_yes,W1001939657,"POLYGON ((115.8154464 -31.9792787, 115.8154467 -31.9793582, 115.8154055 -31.9793584, 115.8154055 -31.9793637, 115.8152935 -31.979364, 115.8152931 -31.9792737, 115.8153907 -31.9792734, 115.8153907 -31.9792789, 115.8154464 -31.9792787))",-31.97931890280817,115.81536788894506
building_2986,building_yes,W1001939658,"POLYGON ((115.8153007 -31.9794519, 115.8152883 -31.9794519, 115.8152881 -31.9793987, 115.8153725 -31.9793985, 115.8153724 -31.9793768, 115.8154719 -31.9793765, 115.8154721 -31.9794269, 115.8154624 -31.9794269, 115.8154625 -31.9794562, 115.8154437 -31.9794562, 115.8154437 -31.9794624, 115.8153915 -31.9794626, 115.8153916 -31.9794912, 115.8153196 -31.9794914, 115.8153196 -31.9794846, 115.8153009 -31.9794846, 115.8153007 -31.9794519))",-31.979431076201514,115.8153791909311
building_2987,building_yes,W1001939659,"POLYGON ((115.8153847 -31.9795187, 115.8153848 -31.97955, 115.8154067 -31.97955, 115.8154069 -31.9795847, 115.815385 -31.9795847, 115.8153851 -31.9796241, 115.8152325 -31.9796245, 115.815232 -31.9795192, 115.8153847 -31.9795187))",-31.97957142891969,115.8153125296946
building_2988,building_yes,W1001939660,"POLYGON ((115.8151098 -31.9796734, 115.8153684 -31.9796727, 115.8153685 -31.9796905, 115.8153947 -31.9796904, 115.8153948 -31.9797239, 115.8153497 -31.9797241, 115.8153498 -31.9797571, 115.8151101 -31.9797578, 115.8151098 -31.9796734))",-31.979714200217856,115.81524151767937
building_2989,building_yes,W1001939661,"POLYGON ((115.8151051 -31.9797906, 115.8151663 -31.9797904, 115.8151665 -31.9798577, 115.8152055 -31.9798576, 115.8152058 -31.9799139, 115.8151056 -31.9799142, 115.8151051 -31.9797906))",-31.979859843779334,115.81514723565647
building_2990,building_yes,W1001939662,"POLYGON ((115.8152881 -31.9798054, 115.8153971 -31.9798051, 115.8153972 -31.979831, 115.8154731 -31.9798308, 115.8154734 -31.9799094, 115.8153559 -31.9799097, 115.8153559 -31.9798886, 115.8152885 -31.9798888, 115.8152881 -31.9798054))",-31.97985852242731,115.81537929562903
building_2991,building_yes,W1001939663,"POLYGON ((115.8152056 -31.979922, 115.8153732 -31.9799215, 115.8153734 -31.9799596, 115.8154074 -31.9799595, 115.8154075 -31.979988, 115.8154262 -31.9799879, 115.8154263 -31.980014, 115.8153257 -31.9800143, 115.8153256 -31.9799959, 115.8152907 -31.979996, 115.8152909 -31.9800283, 115.8152061 -31.9800285, 115.8152056 -31.979922))",-31.97997295604788,115.815299879959
building_2992,building_yes,W1001942303,"POLYGON ((115.8147121 -31.9818553, 115.8149884 -31.9818539, 115.8149891 -31.981944, 115.8147127 -31.9819454, 115.8147121 -31.9818553))",-31.981899652716205,115.81485057514905
building_2993,building_yes,W1001942304,"POLYGON ((115.8148724 -31.9819907, 115.8148729 -31.9820666, 115.8148353 -31.9820668, 115.8148364 -31.9822162, 115.8150065 -31.9822153, 115.815007 -31.9822963, 115.8147141 -31.9822978, 115.8147136 -31.9822168, 115.8147415 -31.9822166, 115.81474 -31.9819945, 115.8148149 -31.9819942, 115.8148149 -31.9819909, 115.8148724 -31.9819907))",-31.98217580895857,115.81482801268807
building_2994,building_yes,W1001942305,"POLYGON ((115.8154356 -31.9822261, 115.8154362 -31.9822997, 115.8151379 -31.9823012, 115.8151374 -31.9822276, 115.8154356 -31.9822261))",-31.982263652055508,115.8152867751852
building_2995,building_yes,W1001942307,"POLYGON ((115.8154397 -31.982123, 115.81544 -31.9821639, 115.8152841 -31.9821647, 115.8152838 -31.9821237, 115.8152828 -31.9821237, 115.8152824 -31.9820746, 115.8154645 -31.9820737, 115.8154648 -31.9821228, 115.8154397 -31.982123))",-31.982117502417477,115.81536873797562
building_2996,building_yes,W1001942308,"POLYGON ((115.8152673 -31.9820418, 115.815121 -31.9820426, 115.8151205 -31.9819719, 115.8152669 -31.9819712, 115.8152666 -31.9819289, 115.815435 -31.9819281, 115.8154358 -31.982041, 115.8153049 -31.9820417, 115.8152673 -31.9820418))",-31.981992686007356,115.81529579730584
building_2997,building_yes,W1001942309,"POLYGON ((115.8153096 -31.9818234, 115.8154692 -31.9818226, 115.8154698 -31.981911, 115.8153102 -31.9819118, 115.8153096 -31.9818234))",-31.9818672,115.8153897
building_2998,building_yes,W1001942310,"POLYGON ((115.8154403 -31.9816659, 115.815441 -31.9817569, 115.8153331 -31.9817575, 115.8153324 -31.9816664, 115.8154403 -31.9816659))",-31.9817116751044,115.81538669012528
building_2999,building_yes,W1001942311,"POLYGON ((115.8151634 -31.9815288, 115.8154537 -31.9815274, 115.8154544 -31.9816312, 115.8151641 -31.9816326, 115.8151634 -31.9815288))",-31.98158,115.8153089
building_3000,building_yes,W1001942312,"POLYGON ((115.8149708 -31.981713, 115.8147128 -31.9817142, 115.8147122 -31.9816229, 115.814987 -31.9816215, 115.8149875 -31.981692, 115.8150997 -31.9816915, 115.8151 -31.9817415, 115.814971 -31.9817421, 115.8149708 -31.981713))",-31.98167760344701,115.81488681499941
building_3001,building_yes,W1001942313,"POLYGON ((115.8148509 -31.9814645, 115.814851 -31.9814776, 115.8149303 -31.9814772, 115.8149301 -31.9814412, 115.8149712 -31.981441, 115.8149715 -31.981477, 115.815046 -31.9814767, 115.8150467 -31.981588, 115.814737 -31.9815895, 115.8147368 -31.9815511, 115.8147271 -31.9815511, 115.8147269 -31.981514, 115.8147365 -31.981514, 115.8147365 -31.9815058, 115.8147265 -31.9815059, 115.8147262 -31.9814583, 115.814807 -31.9814579, 115.8148071 -31.9814648, 115.8148509 -31.9814645))",-31.981526342338704,115.81488505145691
building_3002,building_yes,W1001942314,"POLYGON ((115.8147738 -31.9813229, 115.8148372 -31.9813226, 115.8148372 -31.9813168, 115.8148786 -31.9813166, 115.8148784 -31.9812848, 115.8149438 -31.9812845, 115.814944 -31.9813162, 115.8149763 -31.9813161, 115.8149767 -31.9813689, 115.8148452 -31.9813695, 115.8148456 -31.9814207, 115.8147745 -31.981421, 115.8147175 -31.9814213, 115.8147171 -31.9813602, 115.8147741 -31.9813599, 115.8147738 -31.9813229))",-31.981357139947693,115.81484511447684
building_3003,building_yes,W1001942315,"POLYGON ((115.8148127 -31.9811773, 115.8148126 -31.9811646, 115.8147725 -31.9811648, 115.8147723 -31.9811333, 115.8147179 -31.9811336, 115.8147175 -31.9810727, 115.8148478 -31.981072, 115.8148482 -31.9811211, 115.814977 -31.9811204, 115.8149772 -31.9811472, 115.8149802 -31.9811472, 115.8149803 -31.9811733, 115.8149562 -31.9811734, 115.8149562 -31.9811756, 115.8149385 -31.9811757, 115.8149388 -31.981212, 115.8148708 -31.9812123, 115.8148706 -31.981177, 115.8148127 -31.9811773))",-31.981136700672764,115.81484748023578
building_3004,building_yes,W1001942316,"POLYGON ((115.8154611 -31.9812803, 115.8154618 -31.9813756, 115.8153082 -31.9813764, 115.8153076 -31.981281, 115.8154611 -31.9812803))",-31.981328330275083,115.81538466168166
building_3005,building_yes,W1001942317,"POLYGON ((115.8152915 -31.9811301, 115.8154731 -31.9811292, 115.8154739 -31.9812399, 115.8152922 -31.9812408, 115.8152915 -31.9811301))",-31.981185005077943,115.81538267510217
building_3006,building_yes,W1001942318,"POLYGON ((115.8154282 -31.9810064, 115.815439 -31.9810063, 115.8154397 -31.9811005, 115.8152801 -31.9811013, 115.8152526 -31.9811014, 115.8152306 -31.9811016, 115.8152305 -31.9810738, 115.8152524 -31.9810737, 115.815252 -31.9810268, 115.8152287 -31.981027, 115.8152284 -31.9809834, 115.8153046 -31.980983, 115.8153048 -31.981007, 115.8153701 -31.9810067, 115.8153699 -31.9809788, 115.815428 -31.9809785, 115.8154282 -31.9810064))",-31.981044718725247,115.81533810415121
building_3007,building_yes,W1001948451,"POLYGON ((115.8198103 -31.9845781, 115.8198097 -31.9845133, 115.8200241 -31.9845119, 115.8200247 -31.9845768, 115.8198103 -31.9845781))",-31.984545024803214,115.81991722754894
building_3008,building_yes,W1001948452,"POLYGON ((115.8200169 -31.984599, 115.8200178 -31.9847113, 115.8198767 -31.9847122, 115.8198757 -31.9845999, 115.8200169 -31.984599))",-31.98465559337072,115.81994677487714
building_3009,building_yes,W1001948453,"POLYGON ((115.8198707 -31.984748, 115.8200328 -31.984747, 115.8200336 -31.9848396, 115.8198715 -31.9848406, 115.8198707 -31.984748))",-31.984793800000002,115.81995215
building_3010,building_yes,W1001948454,"POLYGON ((115.8194979 -31.9847332, 115.819797 -31.9847314, 115.8197983 -31.9848766, 115.8194991 -31.9848784, 115.8194979 -31.9847332))",-31.984804904043965,115.81964807513813
building_3011,building_yes,W1001948455,"POLYGON ((115.8192337 -31.9847395, 115.8194706 -31.984738, 115.8194717 -31.9848652, 115.8192348 -31.9848667, 115.8192337 -31.9847395))",-31.984802349999995,115.81935270000001
building_3012,building_yes,W1001948456,"POLYGON ((115.8192538 -31.9846973, 115.8192531 -31.9846179, 115.8194805 -31.9846165, 115.8194812 -31.9846959, 115.8192538 -31.9846973))",-31.984656899999997,115.81936715
building_3013,building_yes,W1001948457,"POLYGON ((115.8192547 -31.9845765, 115.8192541 -31.9845116, 115.8194814 -31.9845102, 115.819482 -31.9845751, 115.8192547 -31.9845765))",-31.98454335,115.81936805000002
building_3014,building_yes,W1001948458,"POLYGON ((115.8192605 -31.9844823, 115.81926 -31.9844174, 115.8194827 -31.9844161, 115.8194833 -31.9844809, 115.8192605 -31.9844823))",-31.984449177618977,115.81937159657195
building_3015,building_yes,W1001948459,"POLYGON ((115.8192638 -31.9843729, 115.8192633 -31.9843156, 115.8194717 -31.9843143, 115.8194722 -31.9843716, 115.8192638 -31.9843729))",-31.984343600000003,115.81936775
building_3016,building_yes,W1001948460,"POLYGON ((115.8192598 -31.9842922, 115.8192593 -31.9842349, 115.8194677 -31.9842336, 115.8194682 -31.9842909, 115.8192598 -31.9842922))",-31.984262900000008,115.81936375000002
building_3017,building_yes,W1001948461,"POLYGON ((115.8192611 -31.9841977, 115.8192607 -31.9841405, 115.819469 -31.9841392, 115.8194695 -31.9841965, 115.8192611 -31.9841977))",-31.984168477088673,115.81936510552589
building_3018,building_yes,W1001948462,"POLYGON ((115.8197274 -31.9844199, 115.8197285 -31.9845366, 115.8197546 -31.9845364, 115.8197553 -31.9846183, 115.8197058 -31.9846187, 115.8197064 -31.98469, 115.8195723 -31.9846908, 115.8195717 -31.9846195, 115.8195716 -31.9846093, 115.819571 -31.984546, 115.8195553 -31.9845461, 115.8195542 -31.984421, 115.8195541 -31.9844107, 115.8195533 -31.9843161, 115.8197815 -31.9843146, 115.8197824 -31.9844196, 115.8197274 -31.9844199))",-31.984486421338953,115.81965484585989
building_3019,building_yes,W1001948463,"POLYGON ((115.8200444 -31.9838357, 115.820045 -31.983977, 115.8199525 -31.9839774, 115.8199518 -31.983836, 115.8200444 -31.9838357))",-31.9839065123521,115.81999841946488
building_3020,building_yes,W1001948464,"POLYGON ((115.8195656 -31.9841884, 115.8195651 -31.9841311, 115.8197734 -31.9841298, 115.8197739 -31.9841871, 115.8195656 -31.9841884))",-31.9841591,115.81966949999999
building_3021,building_yes,W1001948465,"POLYGON ((115.8197674 -31.9842344, 115.8197679 -31.9842924, 115.8195723 -31.9842936, 115.8195718 -31.9842357, 115.8197674 -31.9842344))",-31.98426402479896,115.81966987812596
building_3022,building_yes,W1001948466,"POLYGON ((115.8198197 -31.984318, 115.8200223 -31.9843168, 115.8200229 -31.9843852, 115.8198203 -31.9843864, 115.8198197 -31.984318))",-31.984351600000007,115.81992129999999
building_3023,building_yes,W1001948467,"POLYGON ((115.8198304 -31.9842293, 115.8200297 -31.9842281, 115.8200303 -31.9842907, 115.819831 -31.984292, 115.8198304 -31.9842293))",-31.984260025191343,115.81993032349213
building_3024,building_yes,W1001948468,"POLYGON ((115.8198224 -31.9841304, 115.820029 -31.9841291, 115.8200296 -31.9841986, 115.819823 -31.9841999, 115.8198224 -31.9841304))",-31.9841645,115.819926
building_3025,building_yes,W1054798663,"POLYGON ((115.8799772 -31.9527608, 115.880034 -31.9527612, 115.8800498 -31.9527613, 115.8800476 -31.9529671, 115.879975 -31.9529665, 115.8799772 -31.9527608))",-31.952863927477438,115.88001240276766
building_3026,building_yes,W1069994141,"POLYGON ((115.861708 -31.9495755, 115.8617566 -31.9495009, 115.861785 -31.9494927, 115.8618747 -31.949534, 115.8618806 -31.9495543, 115.8619597 -31.9495918, 115.861984 -31.9495866, 115.8619949 -31.9495755, 115.8620196 -31.9495706, 115.8620271 -31.9495572, 115.8620542 -31.9495682, 115.8620463 -31.9495822, 115.8620615 -31.9496035, 115.8619963 -31.9497138, 115.8619675 -31.9497217, 115.8619152 -31.9497036, 115.86191 -31.9496784, 115.8618251 -31.9496368, 115.8618032 -31.9496409, 115.8617159 -31.9495996, 115.861708 -31.9495755))",-31.949605364213703,115.86188534928806
building_3027,building_yes,W1086173095,"POLYGON ((115.8808762 -31.9523366, 115.8807739 -31.9523372, 115.8807736 -31.95229, 115.8808758 -31.9522894, 115.8808762 -31.9523366))",-31.952313303845997,115.88082487513446
building_3028,building_dormitory,W1090431070,"POLYGON ((115.8220765 -31.9757391, 115.8220183 -31.9756973, 115.8219336 -31.9756363, 115.821793 -31.9755352, 115.8216457 -31.9757674, 115.8217011 -31.9758182, 115.821605 -31.9759122, 115.8216619 -31.9759571, 115.82154 -31.9760778, 115.8215319 -31.976114, 115.8216315 -31.9761864, 115.8218774 -31.9759346, 115.8220566 -31.9757583, 115.8220765 -31.9757391))",-31.975843316754915,115.82178814352406
building_3029,building_dormitory,W1093901957,"POLYGON ((115.8212196 -31.9737949, 115.8209946 -31.9738452, 115.8211465 -31.9743346, 115.8213739 -31.9742838, 115.8213463 -31.974195, 115.821208 -31.9742259, 115.8211077 -31.9739026, 115.8212436 -31.9738722, 115.8212196 -31.9737949))",-31.974075700463466,115.82115530753197
building_3030,building_dormitory,W1093902539,"POLYGON ((115.821843 -31.9734208, 115.8219701 -31.9733934, 115.8220129 -31.9735362, 115.8219787 -31.9735436, 115.8219825 -31.9735565, 115.8219431 -31.973565, 115.8219394 -31.9735526, 115.8218893 -31.9735633, 115.8218723 -31.9735066, 115.8218455 -31.9735124, 115.8218512 -31.9735313, 115.8218028 -31.9735417, 115.8218074 -31.9735571, 115.8217627 -31.9735667, 115.82175 -31.9735242, 115.8217648 -31.9735211, 115.8217531 -31.9734821, 115.8218346 -31.9734646, 115.821842 -31.9734892, 115.8218622 -31.9734848, 115.821843 -31.9734208))",-31.973488800838602,115.8218949345276
building_3031,building_yes,W1098780643,"POLYGON ((115.8174771 -31.975929, 115.8174725 -31.9759118, 115.8175103 -31.9759044, 115.817515 -31.9759217, 115.8174771 -31.975929))",-31.9759167236068,115.81749374646017
building_3032,building_apartments,W1122262507,"POLYGON ((115.8579929 -31.9586356, 115.8579737 -31.9585944, 115.8576498 -31.9584802, 115.8572777 -31.9592617, 115.8576458 -31.9593775, 115.8577744 -31.9591089, 115.8577696 -31.9590839, 115.8577602 -31.9590572, 115.8577515 -31.9590236, 115.8577529 -31.959, 115.8577659 -31.9589892, 115.8577951 -31.9589898, 115.8578239 -31.9590003, 115.8579929 -31.9586356))",-31.958931688562554,115.85764188900863
building_3033,building_yes,W1122262519,"POLYGON ((115.8564916 -31.9590636, 115.8565362 -31.9590405, 115.856561 -31.9590277, 115.8566123 -31.9590013, 115.8565823 -31.9589595, 115.8564616 -31.9590218, 115.8564916 -31.9590636))",-31.959011532017225,115.85653693866335
building_3034,building_yes,W1122262520,"POLYGON ((115.8565422 -31.9591317, 115.8564976 -31.9591243, 115.8564989 -31.9591192, 115.8564819 -31.9591169, 115.8564587 -31.9591143, 115.8564449 -31.9591362, 115.8564413 -31.9591633, 115.8564413 -31.9591803, 115.8564738 -31.959184, 115.8564802 -31.9591971, 115.8564946 -31.9592105, 115.856511 -31.9592204, 115.8565348 -31.9592267, 115.8565524 -31.9592276, 115.8565545 -31.9592193, 115.8565589 -31.9592014, 115.8565512 -31.9591997, 115.8565636 -31.9591607, 115.8565422 -31.9591317))",-31.9591678227427,115.8565045344921
building_3035,building_yes,W1126935854,"POLYGON ((115.8556429 -31.9576003, 115.8557979 -31.9576494, 115.855399 -31.9585, 115.8553413 -31.9584803, 115.8552785 -31.9584598, 115.8553108 -31.9583885, 115.8551499 -31.9583359, 115.8550849 -31.9583615, 115.8551997 -31.9581161, 115.8552494 -31.9580077, 115.8554315 -31.9580671, 115.8556429 -31.9576003))",-31.95809022264807,115.85544570357213
building_3036,building_yes,W1126935855,"POLYGON ((115.8554315 -31.9580671, 115.8556429 -31.9576003, 115.855427 -31.95753, 115.8552155 -31.9579967, 115.8552494 -31.9580077, 115.8554315 -31.9580671))",-31.957798538259386,115.85542922288717
building_3037,building_yes,W1126935856,"POLYGON ((115.8551499 -31.9583359, 115.8553108 -31.9583885, 115.8552785 -31.9584598, 115.8553413 -31.9584803, 115.8553621 -31.9585121, 115.85529 -31.9586692, 115.8552438 -31.9586915, 115.8549948 -31.9586108, 115.8549723 -31.9585705, 115.8550636 -31.9583699, 115.8550849 -31.9583615, 115.8551499 -31.9583359))",-31.95851658994766,115.85517012996263
building_3038,building_yes,W1128068850,"POLYGON ((115.8685136 -31.9526462, 115.8686225 -31.9526512, 115.8686047 -31.9529311, 115.8684959 -31.9529262, 115.8685136 -31.9526462))",-31.95278865213398,115.86855917335699
building_3039,building_yes,W1133362752,"POLYGON ((115.8556904 -31.9533724, 115.8558303 -31.9536414, 115.8557432 -31.9538275, 115.8555902 -31.9538869, 115.8554372 -31.9539462, 115.8553486 -31.9541404, 115.855214 -31.9538777, 115.8552963 -31.9536844, 115.8553764 -31.9536534, 115.855396 -31.9536036, 115.855469 -31.9535755, 115.8555236 -31.9535969, 115.8556024 -31.9535663, 115.8556904 -31.9533724))",-31.95375249311555,115.85551905319042
building_3040,building_yes,W1133796706,"POLYGON ((115.8242312 -31.9737115, 115.8243645 -31.973622, 115.8245365 -31.9738061, 115.8244032 -31.9738957, 115.8242312 -31.9737115))",-31.97375883409701,115.82438385246459
building_3041,building_yes,W1134731945,"POLYGON ((115.8583824 -31.95741, 115.8583774 -31.957429, 115.8583805 -31.9574411, 115.8583923 -31.9574527, 115.8584685 -31.9574754, 115.858554 -31.9574906, 115.8585885 -31.9574927, 115.8586152 -31.9574992, 115.8586242 -31.9575165, 115.8586242 -31.9575328, 115.8586101 -31.9575566, 115.8585719 -31.9575858, 115.8585566 -31.9576053, 115.8585527 -31.9576302, 115.8585604 -31.9576583, 115.8585553 -31.95768, 115.85854 -31.957693, 115.8585183 -31.9577016, 115.8584915 -31.9577038, 115.8584379 -31.95768, 115.8583562 -31.9576345, 115.8582516 -31.9575826, 115.8581266 -31.9575371, 115.8580028 -31.9575079, 115.8578829 -31.9574862, 115.857837 -31.9574743, 115.8578293 -31.9574602, 115.8578331 -31.9574429, 115.8578446 -31.9574288, 115.857865 -31.957418, 115.8578854 -31.9574072, 115.8578969 -31.957391, 115.8578969 -31.9573682, 115.8578905 -31.9573466, 115.8578867 -31.9573282, 115.8578905 -31.9573054, 115.8579008 -31.9572925, 115.8579224 -31.9572881, 115.8579429 -31.9572935, 115.8579977 -31.9573195, 115.8581266 -31.9573715, 115.8581827 -31.9573888, 115.8582031 -31.9573888, 115.858221 -31.9573791, 115.8582292 -31.9573534, 115.8582975 -31.9573637, 115.8583293 -31.9573779, 115.8583824 -31.95741))",-31.957489042682692,115.85823971860104
building_3042,building_yes,W1136643179,"POLYGON ((115.8185815 -31.9872664, 115.8186265 -31.9872954, 115.8185919 -31.9873339, 115.818547 -31.9873049, 115.8185815 -31.9872664))",-31.98730014804439,115.81858673303203
building_3043,building_yes,W1136643187,"POLYGON ((115.8153598 -31.9862366, 115.8155157 -31.9862361, 115.815516 -31.9862932, 115.8154531 -31.9862933, 115.8154531 -31.9863063, 115.8153948 -31.9863065, 115.8153947 -31.986283, 115.81536 -31.9862831, 115.8153598 -31.9862366))",-31.986266804489563,115.81543913870325
building_3044,building_yes,W1136643188,"POLYGON ((115.8152356 -31.986163, 115.815292 -31.9861626, 115.8152922 -31.9861889, 115.8153219 -31.9861887, 115.8153229 -31.9862954, 115.8152368 -31.986296, 115.8152356 -31.986163))",-31.98623312218712,115.81527721196784
building_3045,building_yes,W1136643189,"POLYGON ((115.815439 -31.9860522, 115.8155349 -31.9860515, 115.8155356 -31.9861227, 115.8154853 -31.986123, 115.8154853 -31.9861326, 115.8154179 -31.9861331, 115.8154174 -31.9860904, 115.8154394 -31.9860903, 115.815439 -31.9860522))",-31.986092357924345,115.81547928550955
building_3046,building_yes,W1136643190,"POLYGON ((115.8153746 -31.9861329, 115.8152875 -31.9861335, 115.8152874 -31.9861267, 115.8152676 -31.9861268, 115.815267 -31.9860637, 115.8153498 -31.9860631, 115.8153497 -31.9860517, 115.8153985 -31.9860514, 115.815399 -31.9861043, 115.8153743 -31.9861045, 115.8153746 -31.9861329))",-31.986093568504717,115.81533231732153
building_3047,building_yes,W1136643193,"POLYGON ((115.8153096 -31.9846286, 115.8152027 -31.9846293, 115.8152023 -31.9845819, 115.8153091 -31.9845812, 115.8153096 -31.9846286))",-31.98460525369574,115.81525592515814
building_3048,building_yes,W1136643194,"POLYGON ((115.8155295 -31.9846365, 115.8154731 -31.9846369, 115.8154725 -31.9845797, 115.815529 -31.9845793, 115.8155295 -31.9846365))",-31.98460809155694,115.81550102486054
building_3049,building_yes,W1136643195,"POLYGON ((115.8154739 -31.9846877, 115.8155304 -31.9846873, 115.8155309 -31.9847418, 115.8154744 -31.9847421, 115.8154739 -31.9846877))",-31.984714724872696,115.81550240864593
building_3050,building_semidetached_house,W1136643196,"POLYGON ((115.8153262 -31.9846053, 115.8153257 -31.9845484, 115.8154634 -31.9845474, 115.815464 -31.9846043, 115.8153262 -31.9846053))",-31.98457635344092,115.81539482517972
building_3051,building_semidetached_house,W1136643197,"POLYGON ((115.8153268 -31.9846621, 115.8153262 -31.9846053, 115.815464 -31.9846043, 115.8154645 -31.9846612, 115.8153268 -31.9846621))",-31.98463322138947,115.81539539501783
building_3052,building_semidetached_house,W1136643198,"POLYGON ((115.8153273 -31.984719, 115.8153268 -31.9846621, 115.8154645 -31.9846612, 115.815465 -31.984718, 115.8153273 -31.984719))",-31.984690075169507,115.81539587981682
building_3053,building_yes,W1136643199,"POLYGON ((115.815269 -31.9849906, 115.8152696 -31.9850504, 115.8151544 -31.9850512, 115.8151538 -31.9849914, 115.815269 -31.9849906))",-31.985020899999995,115.8152117
building_3054,building_yes,W1136643200,"POLYGON ((115.8151533 -31.98493, 115.8152681 -31.9849293, 115.8152687 -31.9849863, 115.8151539 -31.9849871, 115.8151533 -31.98493))",-31.9849581751531,115.81521098323269
building_3055,building_yes,W1136643201,"POLYGON ((115.8153599 -31.984971, 115.8153954 -31.9849707, 115.8153953 -31.984958, 115.8154425 -31.9849577, 115.8154427 -31.9849852, 115.8154663 -31.9849851, 115.8154668 -31.9850351, 115.8154496 -31.9850352, 115.8154497 -31.98505, 115.8153606 -31.9850506, 115.8153599 -31.984971))",-31.985007535545698,115.81541074832727
building_3056,building_yes,W1136643202,"POLYGON ((115.8151312 -31.9847935, 115.8151574 -31.9847933, 115.8151573 -31.9847864, 115.8152312 -31.9847859, 115.815232 -31.9848707, 115.8152063 -31.9848709, 115.8152065 -31.984894, 115.8151793 -31.9848942, 115.8151795 -31.9849141, 115.8151323 -31.9849144, 115.8151312 -31.9847935))",-31.98484424160346,115.81517803399039
building_3057,building_yes,W1136643203,"POLYGON ((115.815382 -31.9848025, 115.8153826 -31.9848622, 115.8153411 -31.9848624, 115.8153411 -31.9848656, 115.8152372 -31.9848663, 115.8152367 -31.984821, 115.8152722 -31.9848207, 115.8152719 -31.9847909, 115.8153605 -31.9847903, 115.8153606 -31.9848027, 115.815382 -31.9848025))",-31.984831112045235,115.815313247461
building_3058,building_yes,W1136643204,"POLYGON ((115.8155248 -31.9847912, 115.8155256 -31.9848735, 115.8154068 -31.9848743, 115.8154067 -31.984864, 115.8153951 -31.9848641, 115.8153946 -31.9848073, 115.8154062 -31.9848072, 115.815406 -31.984792, 115.8155248 -31.9847912))",-31.984832935224937,115.81546169674742
building_3059,building_yes,W1136643207,"POLYGON ((115.8152197 -31.9854345, 115.8152203 -31.9854885, 115.8151393 -31.9854891, 115.8151387 -31.9854351, 115.8152197 -31.9854345))",-31.985461800000003,115.8151795
building_3060,building_yes,W1136643208,"POLYGON ((115.8153103 -31.9854317, 115.8153108 -31.9854891, 115.8152318 -31.9854897, 115.8152312 -31.9854322, 115.8153103 -31.9854317))",-31.985460669082418,115.81527101339708
building_3061,building_semidetached_house,W1136643209,"POLYGON ((115.8153675 -31.985391, 115.8153671 -31.9853413, 115.8154983 -31.9853405, 115.8154987 -31.9853902, 115.8153675 -31.985391))",-31.985365750000003,115.8154329
building_3062,building_semidetached_house,W1136643210,"POLYGON ((115.815368 -31.9854407, 115.8153675 -31.985391, 115.8154987 -31.9853902, 115.8154992 -31.9854398, 115.815368 -31.9854407))",-31.985415425174416,115.81543332798095
building_3063,building_semidetached_house,W1136643211,"POLYGON ((115.8153684 -31.9854903, 115.815368 -31.9854407, 115.8154992 -31.9854398, 115.8154996 -31.9854895, 115.8153684 -31.9854903))",-31.985465074831936,115.81543382201947
building_3064,building_semidetached_house,W1136643212,"POLYGON ((115.8153688 -31.98554, 115.8153684 -31.9854903, 115.8154996 -31.9854895, 115.8155001 -31.9855392, 115.8153688 -31.98554))",-31.985514753154565,115.81543422516269
building_3065,building_apartments,W1136643213,"POLYGON ((115.8151368 -31.9851932, 115.8152077 -31.9851929, 115.8152077 -31.9852066, 115.8152801 -31.9852063, 115.8152801 -31.9851926, 115.8153317 -31.9851924, 115.8153318 -31.9852072, 115.8153908 -31.9852069, 115.8153907 -31.9851922, 115.8154309 -31.9851921, 115.815431 -31.9852003, 115.8155276 -31.9851999, 115.8155282 -31.9853003, 115.8154397 -31.9853006, 115.8154398 -31.9853297, 115.8151376 -31.9853309, 115.8151368 -31.9851932))",-31.985261860199902,115.81532343645202
building_3066,building_yes,W1159082094,"POLYGON ((115.8630744 -31.9576707, 115.8630783 -31.9575905, 115.8632694 -31.9575974, 115.8632655 -31.9576775, 115.8631776 -31.9576744, 115.8631768 -31.9576896, 115.8631218 -31.9576876, 115.8631226 -31.9576724, 115.8630744 -31.9576707))",-31.957636458764195,115.86317073642854
building_3067,building_yes,W1159082095,"POLYGON ((115.8632306 -31.9577646, 115.8632079 -31.9578272, 115.8630115 -31.957776, 115.8630341 -31.9577134, 115.8632306 -31.9577646))",-31.957770299196653,115.86312103210645
building_3068,building_yes,W1159082101,"POLYGON ((115.8619586 -31.9568929, 115.8619711 -31.9569165, 115.8619603 -31.9569407, 115.8619325 -31.9569513, 115.8619039 -31.9569421, 115.8618914 -31.9569185, 115.8619022 -31.9568943, 115.86193 -31.9568837, 115.8619586 -31.9568929))",-31.956917500000003,115.86193125
building_3069,building_house,W1176856749,"POLYGON ((115.821664 -31.9731468, 115.8218437 -31.9731089, 115.8218628 -31.9731741, 115.8219355 -31.9731588, 115.8219786 -31.9733056, 115.8218852 -31.9733253, 115.8218597 -31.9732383, 115.8217327 -31.973265, 115.8217224 -31.9732301, 115.8216904 -31.9732369, 115.821664 -31.9731468))",-31.973208723838226,115.82182694563045
building_3070,building_house,W1176856750,"POLYGON ((115.8221448 -31.9739756, 115.8222336 -31.9739547, 115.8222596 -31.9740325, 115.8221686 -31.9740542, 115.8221448 -31.9739756))",-31.97400442133949,115.82220167785192
building_3071,building_house,W1176856751,"POLYGON ((115.8221686 -31.9740542, 115.8222596 -31.9740325, 115.8222849 -31.9741008, 115.82219 -31.9741263, 115.8221686 -31.9740542))",-31.974078822281232,115.82222558879774
building_3072,building_house,W1176856752,"POLYGON ((115.82219 -31.9741263, 115.8222849 -31.9741008, 115.8223087 -31.9741736, 115.8222145 -31.9741965, 115.82219 -31.9741263))",-31.97414914561321,115.82224973962552
building_3073,building_house,W1176856753,"POLYGON ((115.8222145 -31.9741965, 115.8223087 -31.9741736, 115.8223336 -31.9742483, 115.8222353 -31.9742723, 115.8222145 -31.9741965))",-31.974222946427773,115.82227309664505
building_3074,building_house,W1176856754,"POLYGON ((115.8222353 -31.9742723, 115.8223336 -31.9742483, 115.8223586 -31.9743175, 115.8222578 -31.974342, 115.8222353 -31.9742723))",-31.974295165413807,115.82229638603664
building_3075,building_house,W1176856755,"POLYGON ((115.8222578 -31.974342, 115.8223586 -31.9743175, 115.8223797 -31.9743898, 115.8222779 -31.9744132, 115.8222578 -31.974342))",-31.974365628004694,115.82231865809847
building_3076,building_house,W1176856756,"POLYGON ((115.8222376 -31.9745995, 115.8222592 -31.9746681, 115.8223075 -31.9746572, 115.8223301 -31.9747291, 115.8224783 -31.9746955, 115.822434 -31.9745549, 115.8222376 -31.9745995))",-31.974640134480254,115.82236704554364
building_3077,building_yes,W1189759687,"POLYGON ((115.8440285 -31.9428677, 115.8446247 -31.9428052, 115.8446017 -31.942672, 115.8444792 -31.9426773, 115.8444726 -31.9426253, 115.8442991 -31.9426434, 115.8442813 -31.9425442, 115.8440409 -31.9425673, 115.8440347 -31.9425297, 115.8439868 -31.9425342, 115.8439895 -31.9425734, 115.8440285 -31.9428677))",-31.942714193199997,115.84426097760277
building_3078,building_yes,W1204793904,"POLYGON ((115.859215 -31.951663, 115.8592082 -31.9516802, 115.8591243 -31.9516565, 115.8591311 -31.9516393, 115.859215 -31.951663))",-31.951659750000005,115.85916965000001
building_3079,building_yes,W1206304171,"POLYGON ((115.8697292 -31.9507792, 115.8697393 -31.9507707, 115.869836 -31.9507365, 115.8698462 -31.9507572, 115.8698645 -31.9507509, 115.8698584 -31.9507381, 115.8698776 -31.9507322, 115.869874 -31.9507234, 115.8698934 -31.9507168, 115.869897 -31.950724, 115.8699072 -31.9507207, 115.869904 -31.9507132, 115.8699199 -31.9507077, 115.8699235 -31.9507155, 115.8699841 -31.9506956, 115.8699795 -31.950687, 115.8700259 -31.9506714, 115.8701214 -31.9507917, 115.8701377 -31.9508141, 115.8701492 -31.950828, 115.8701331 -31.9510683, 115.87012 -31.9510683, 115.8700581 -31.9510658, 115.8700382 -31.9511211, 115.870124 -31.9511416, 115.8701154 -31.9512827, 115.8700415 -31.951278, 115.8699471 -31.9512724, 115.8697962 -31.9512627, 115.8696933 -31.9512563, 115.8697037 -31.9510921, 115.8697049 -31.9510751, 115.8697292 -31.9507792))",-31.95099820419641,115.86992192603428
building_3080,building_yes,W1225369480,"POLYGON ((115.8696248 -31.9599934, 115.8696107 -31.9600242, 115.8692199 -31.9598967, 115.8694406 -31.9593856, 115.8694766 -31.9593974, 115.8694867 -31.959371, 115.8698504 -31.9594868, 115.8696248 -31.9599934))",-31.9596926007126,115.86953404639993
building_3081,building_yes,W1246815356,"POLYGON ((115.8195192 -31.9737645, 115.8195271 -31.9737932, 115.8196047 -31.9737782, 115.819574 -31.973672, 115.8195392 -31.9735618, 115.8194868 -31.9735725, 115.8194909 -31.9735893, 115.8194811 -31.973592, 115.8194792 -31.9735851, 115.81945 -31.9735911, 115.8194645 -31.9736447, 115.8194801 -31.9736414, 115.819483 -31.9736534, 115.8194701 -31.973657, 115.819506 -31.9737668, 115.8195192 -31.9737645))",-31.9736789558703,115.81952831272598
building_3082,building_yes,W1258955104,"POLYGON ((115.8608846 -31.9560026, 115.8608778 -31.9560183, 115.8609207 -31.9560317, 115.8609275 -31.956016, 115.8608846 -31.9560026))",-31.956017150000005,115.86090265
building_3083,building_yes,W1258955105,"POLYGON ((115.8607487 -31.9561842, 115.8607415 -31.9562001, 115.8607857 -31.9562145, 115.8607929 -31.9561986, 115.8607487 -31.9561842))",-31.95619935,115.8607672
building_3084,building_yes,W1263173386,"POLYGON ((115.8155068 -31.968459, 115.8155741 -31.9684591, 115.8156392 -31.9684592, 115.8156372 -31.968632, 115.8155081 -31.9686318, 115.8155068 -31.968459))",-31.96854513614105,115.81557282605704
building_3085,building_yes,W1263211703,"POLYGON ((115.8159419 -31.9693881, 115.8160284 -31.9693881, 115.8160284 -31.9694194, 115.8159419 -31.9694194, 115.8159419 -31.9693881))",-31.969403749999998,115.81598514999999
building_3086,building_yes,W1263211704,"POLYGON ((115.8153532 -31.9694006, 115.815439 -31.9694006, 115.815439 -31.9694324, 115.8153532 -31.9694324, 115.8153532 -31.9694006))",-31.969416500000005,115.81539610000002
building_3087,building_yes,W1263211706,"POLYGON ((115.8149582 -31.9694131, 115.8150634 -31.969414, 115.8150632 -31.9694307, 115.8150628 -31.9694652, 115.8150079 -31.9694648, 115.8150078 -31.969471, 115.8149575 -31.9694706, 115.8149582 -31.9694131))",-31.969440739648697,115.81500895638311
building_3088,building_yes,W1263383331,"POLYGON ((115.8134817 -31.967293, 115.8140483 -31.967293, 115.8140483 -31.9673055, 115.8140764 -31.9673055, 115.8141037 -31.9673138, 115.8141186 -31.9673232, 115.8141301 -31.9673334, 115.8141462 -31.9673516, 115.8141536 -31.9673755, 115.8141536 -31.9675126, 115.8140101 -31.9675126, 115.8140101 -31.9675552, 115.8138733 -31.9675552, 115.8138733 -31.9674659, 115.8134817 -31.9674659, 115.8134817 -31.967293))",-31.967398608101806,115.81383588272747
building_3089,building_yes,W1263395446,"POLYGON ((115.8152392 -31.9688516, 115.8154075 -31.968852, 115.8154076 -31.9688299, 115.815482 -31.9688301, 115.8154819 -31.9688522, 115.8155289 -31.9688523, 115.8155285 -31.9689699, 115.8152673 -31.9689693, 115.8152673 -31.9689466, 115.8152389 -31.9689465, 115.8152392 -31.9688516))",-31.968906620905898,115.8153891117158
building_3090,building_yes,W1263467471,"POLYGON ((115.8159466 -31.9653338, 115.8157514 -31.9653345, 115.8157512 -31.9652983, 115.8156507 -31.9652987, 115.8156505 -31.9652463, 115.8154617 -31.9652469, 115.8154611 -31.9651233, 115.8156187 -31.9651215, 115.8156186 -31.9651305, 115.8156842 -31.9651311, 115.8156219 -31.9650192, 115.8157065 -31.9649856, 115.8157056 -31.9648184, 115.8156812 -31.9648185, 115.8156808 -31.9647377, 115.8157052 -31.9647376, 115.815705 -31.9646863, 115.8159756 -31.9646853, 115.8159769 -31.9649287, 115.8159614 -31.9649288, 115.8159804 -31.9649634, 115.8159966 -31.964957, 115.8159861 -31.9649378, 115.816048 -31.9649132, 115.8160807 -31.9649725, 115.8160026 -31.9650036, 115.8160054 -31.9650087, 115.8159269 -31.9650399, 115.8159459 -31.9650698, 115.8162417 -31.9650687, 115.8162428 -31.9652965, 115.8159464 -31.9652976, 115.8159466 -31.9653338))",-31.965064193997453,115.81586812106724
building_3091,building_yes,W1264368563,"POLYGON ((115.8125301 -31.9675765, 115.8124838 -31.9675762, 115.8124841 -31.9675371, 115.8125304 -31.9675374, 115.8125301 -31.9675765))",-31.9675568,115.81250709999999
building_3092,building_yes,W1267053719,"POLYGON ((115.8148824 -31.9827244, 115.8148827 -31.9828539, 115.8147654 -31.982854, 115.8147653 -31.9828043, 115.8147333 -31.9828043, 115.8147332 -31.9827762, 115.8147653 -31.9827761, 115.8147652 -31.9827245, 115.8148824 -31.9827244))",-31.98278926806968,115.81481973839436
building_3093,building_yes,W1267053720,"POLYGON ((115.8150041 -31.9827053, 115.8150742 -31.9827052, 115.8150742 -31.982736, 115.8150042 -31.9827361, 115.8150041 -31.9827053))",-31.982720646336002,115.81503917496698
building_3094,building_yes,W1267053721,"POLYGON ((115.8147222 -31.9825765, 115.8150013 -31.9825761, 115.8150015 -31.9826618, 115.8147223 -31.9826622, 115.8147222 -31.9825765))",-31.9826191525583,115.81486182504335
building_3095,building_yes,W1267053722,"POLYGON ((115.8151044 -31.9825549, 115.8152239 -31.9825547, 115.8152239 -31.9825623, 115.8152656 -31.9825622, 115.8152657 -31.9825921, 115.815224 -31.9825921, 115.8152241 -31.9826391, 115.8151046 -31.9826392, 115.8151044 -31.9825549))",-31.98259479950653,115.81517311593558
building_3096,building_yes,W1267053723,"POLYGON ((115.8155191 -31.9826274, 115.81529 -31.9826277, 115.8152898 -31.9825415, 115.815519 -31.9825412, 115.8155191 -31.9826274))",-31.982584446865268,115.81540447496556
building_3097,building_yes,W1267053724,"POLYGON ((115.8153431 -31.982676, 115.8153433 -31.9827578, 115.8152244 -31.9827579, 115.8152244 -31.9827829, 115.815157 -31.982783, 115.815157 -31.9827761, 115.815146 -31.9827761, 115.8151459 -31.9827156, 115.8151772 -31.9827155, 115.8151771 -31.9826818, 115.8152549 -31.9826817, 115.8152549 -31.9826761, 115.8153431 -31.982676))",-31.982725725892223,115.81524488222318
building_3098,building_yes,W1267053726,"POLYGON ((115.8151379 -31.9828222, 115.8153456 -31.9828219, 115.8153458 -31.9828995, 115.8151381 -31.9828998, 115.8151379 -31.9828222))",-31.982860850000005,115.81524184999999
building_3099,building_yes,W1267053727,"POLYGON ((115.8151936 -31.9829286, 115.8152616 -31.9829285, 115.8152616 -31.9829684, 115.8151937 -31.9829685, 115.8151936 -31.9829286))",-31.982948495106736,115.815227624973
building_3100,building_yes,W1267053728,"POLYGON ((115.8154377 -31.9829553, 115.8154378 -31.9830048, 115.815445 -31.9830048, 115.8154451 -31.9830547, 115.8153304 -31.9830548, 115.8153304 -31.9830503, 115.8152768 -31.9830503, 115.8152767 -31.983021, 115.8153019 -31.983021, 115.8153018 -31.9829772, 115.8152908 -31.9829772, 115.8152908 -31.9829596, 115.8153302 -31.9829596, 115.8153302 -31.9829554, 115.8154377 -31.9829553))",-31.98300670647014,115.81536745736672
building_3101,building_yes,W1267053729,"POLYGON ((115.8146665 -31.9829411, 115.8146664 -31.9828866, 115.814745 -31.9828865, 115.8147451 -31.982941, 115.8146665 -31.9829411))",-31.9829138,115.81470575
building_3102,building_yes,W1267053730,"POLYGON ((115.8146652 -31.983011, 115.8147456 -31.9830109, 115.8147456 -31.9830565, 115.8146653 -31.9830566, 115.8146652 -31.983011))",-31.98303374527072,115.81470542497654
building_3103,building_yes,W1267053731,"POLYGON ((115.8150903 -31.9829256, 115.8150905 -31.9830274, 115.8149911 -31.9830276, 115.8149911 -31.9830232, 115.814751 -31.9830235, 115.8147508 -31.9829211, 115.8149938 -31.9829207, 115.8149938 -31.9829258, 115.8150903 -31.9829256))",-31.982973409209713,115.81492046842216
building_3104,building_yes,W1267053732,"POLYGON ((115.8146769 -31.9830966, 115.8148321 -31.9830963, 115.8150828 -31.983096, 115.815083 -31.9832262, 115.8148348 -31.9832266, 115.8148348 -31.9832363, 115.8146835 -31.9832365, 115.8146834 -31.9832112, 115.8146749 -31.9832112, 115.8146748 -31.9831538, 115.8146833 -31.9831538, 115.8146833 -31.9831285, 115.8147024 -31.9831284, 115.8147024 -31.9831165, 115.8146769 -31.9831165, 115.8146769 -31.9830966))",-31.983163524979766,115.81487821278897
building_3105,building_yes,W1267053733,"POLYGON ((115.8147296 -31.983288, 115.8147731 -31.983288, 115.8147731 -31.9832721, 115.8148429 -31.983272, 115.8148429 -31.9832879, 115.8149052 -31.9832878, 115.8149052 -31.9832744, 115.8149756 -31.9832743, 115.8149757 -31.9832877, 115.8150184 -31.9832876, 115.8150186 -31.9833682, 115.8147297 -31.9833686, 115.8147296 -31.983288))",-31.983324259750866,115.8148736578706
building_3106,building_yes,W1267053734,"POLYGON ((115.8155282 -31.983069, 115.8155284 -31.9831799, 115.8151104 -31.9831805, 115.8151102 -31.9830696, 115.8155282 -31.983069))",-31.98312475,115.81531930000001
building_3107,building_yes,W1267053735,"POLYGON ((115.8155289 -31.9832101, 115.8155291 -31.9833227, 115.8151151 -31.9833233, 115.8151149 -31.9832107, 115.8155289 -31.9832101))",-31.983266699999998,115.81532200000001
building_3108,building_yes,W1267053736,"POLYGON ((115.8154719 -31.9834063, 115.815472 -31.9834574, 115.8154088 -31.9834575, 115.8154087 -31.9834064, 115.8154719 -31.9834063))",-31.983431899999996,115.81544035
building_3109,building_yes,W1267053737,"POLYGON ((115.8154082 -31.9833392, 115.8154718 -31.9833391, 115.8154719 -31.983387, 115.8154082 -31.9833871, 115.8154082 -31.9833392))",-31.983363106271245,115.81544002502393
building_3110,building_semidetached_house,W1267053738,"POLYGON ((115.815203 -31.9833714, 115.815203 -31.9833387, 115.8153737 -31.9833385, 115.8153738 -31.9833712, 115.815203 -31.9833714))",-31.98335495159584,115.81528837505338
building_3111,building_semidetached_house,W1267053739,"POLYGON ((115.8152031 -31.9834042, 115.815203 -31.9833714, 115.8153738 -31.9833712, 115.8153738 -31.9834039, 115.8152031 -31.9834042))",-31.983387673467806,115.81528838148621
building_3112,building_semidetached_house,W1267053740,"POLYGON ((115.8152032 -31.9834369, 115.8152031 -31.9834042, 115.8153738 -31.9834039, 115.8153739 -31.9834367, 115.8152032 -31.9834369))",-31.983420424931506,115.81528854343492
building_3113,building_semidetached_house,W1267053741,"POLYGON ((115.8152032 -31.9834696, 115.8152032 -31.9834369, 115.8153739 -31.9834367, 115.815374 -31.9834694, 115.8152032 -31.9834696))",-31.98345315159584,115.8152885750534
building_3114,building_yes,W1267053742,"POLYGON ((115.8151922 -31.9847565, 115.8151337 -31.9847568, 115.8151326 -31.9846476, 115.8151911 -31.9846472, 115.8151922 -31.9847565))",-31.98470202481662,115.8151624044604
building_3115,building_yes,W1267053743,"POLYGON ((115.8152507 -31.9847561, 115.8151922 -31.9847565, 115.8151911 -31.9846472, 115.8152496 -31.9846468, 115.8152507 -31.9847561))",-31.984701649999995,115.81522089999999
building_3116,building_apartments,W1267083444,"POLYGON ((115.8148066 -31.9867062, 115.8150232 -31.9867042, 115.8150233 -31.9867094, 115.815067 -31.986709, 115.8150678 -31.9867691, 115.8150416 -31.9867694, 115.815042 -31.9868069, 115.8148079 -31.986809, 115.8148066 -31.9867062))",-31.98675564203997,115.81493196127597
building_3117,building_yes,W1267083445,"POLYGON ((115.8150115 -31.9865587, 115.8150333 -31.9865585, 115.8150329 -31.9865226, 115.8150956 -31.9865221, 115.8150972 -31.9866501, 115.8150127 -31.9866509, 115.8150115 -31.9865587))",-31.98659003871032,115.81505662047968
building_3118,building_yes,W1267083446,"POLYGON ((115.814927 -31.9865595, 115.8149401 -31.9865594, 115.8149397 -31.9865243, 115.8149983 -31.9865238, 115.8149987 -31.9865588, 115.8150115 -31.9865587, 115.8150127 -31.9866509, 115.8149281 -31.9866516, 115.814927 -31.9865595))",-31.98659191407448,115.81496970021509
building_3119,building_yes,W1267083447,"POLYGON ((115.8148424 -31.9865602, 115.8148677 -31.98656, 115.8148673 -31.9865244, 115.8149265 -31.9865239, 115.814927 -31.9865595, 115.8149281 -31.9866516, 115.8148435 -31.9866524, 115.8148424 -31.9865602))",-31.986592304077273,115.81488777313784
building_3120,building_yes,W1267083448,"POLYGON ((115.8147578 -31.986561, 115.8147805 -31.9865608, 115.8147801 -31.9865238, 115.8148419 -31.9865233, 115.8148424 -31.9865602, 115.8148435 -31.9866524, 115.814759 -31.9866531, 115.8147578 -31.986561))",-31.986592008501564,115.81480307094358
building_3121,building_yes,W1271732755,"POLYGON ((115.8595862 -31.9458275, 115.8596252 -31.9458453, 115.8596179 -31.9458568, 115.8596335 -31.9458639, 115.8596087 -31.945903, 115.8595947 -31.9458965, 115.8595697 -31.9459358, 115.8595223 -31.9459142, 115.8595521 -31.9458673, 115.8595793 -31.9458243, 115.8595862 -31.9458275))",-31.945880203247274,115.85957888362718
building_3122,building_apartments,W1275235018,"POLYGON ((115.854865 -31.9509103, 115.8544876 -31.9507915, 115.8544413 -31.9508938, 115.8542573 -31.9513014, 115.8546206 -31.9514279, 115.854865 -31.9509103))",-31.95110691906957,115.85455873968085
building_3123,building_apartments,W1275238152,"POLYGON ((115.8559581 -31.9513815, 115.8560999 -31.9514254, 115.8563849 -31.9508166, 115.8562374 -31.9507681, 115.8559581 -31.9513815))",-31.95109548428293,115.85617113553086
building_3124,building_yes,W1275260110,"POLYGON ((115.8511547 -31.9515288, 115.851327 -31.9515845, 115.8514455 -31.9513248, 115.851333 -31.95129, 115.851339 -31.9512752, 115.8512721 -31.951255, 115.8511547 -31.9515288))",-31.951422937589534,115.85129883902096
building_3125,building_yes,W1275260111,"POLYGON ((115.8509924 -31.9515244, 115.851103 -31.9512741, 115.8510782 -31.9512644, 115.8512264 -31.9509247, 115.8513752 -31.9509725, 115.8512693 -31.9512206, 115.8512834 -31.9512286, 115.8512721 -31.951255, 115.8511547 -31.9515288, 115.8511358 -31.9515728, 115.8509924 -31.9515244))",-31.951245396055885,115.85118351107026
building_3126,building_house,W1284541085,"POLYGON ((115.8515331 -31.951385, 115.8516881 -31.9514334, 115.8515724 -31.9516956, 115.8515614 -31.9517006, 115.8514166 -31.9516539, 115.8515331 -31.951385))",-31.951543480735623,115.85155190046281
building_3127,building_yes,W1284550339,"POLYGON ((115.8221392 -31.9758371, 115.8221782 -31.9758672, 115.8221453 -31.9758979, 115.8221062 -31.9758679, 115.8221392 -31.9758371))",-31.975867516844783,115.82214221501236
building_3128,building_yes,W1288669800,"POLYGON ((115.8219579 -31.9736243, 115.8220036 -31.9736151, 115.8220006 -31.9736045, 115.8220523 -31.973594, 115.8220604 -31.973623, 115.8220804 -31.973619, 115.8220921 -31.9736606, 115.8221369 -31.9736515, 115.8221621 -31.9737413, 115.8221261 -31.9737486, 115.822131 -31.9737659, 115.8220309 -31.9737861, 115.8220282 -31.9737764, 115.8220098 -31.9737801, 115.8219791 -31.9736712, 115.8219716 -31.9736728, 115.8219579 -31.9736243))",-31.973694351513906,115.82205724002634
building_3129,building_yes,W1299816357,"POLYGON ((115.8759651 -31.9557677, 115.8759755 -31.955745, 115.8759671 -31.9557422, 115.8760221 -31.9556219, 115.8760741 -31.955639, 115.8760864 -31.9556121, 115.8761576 -31.9556356, 115.8760861 -31.9557919, 115.876038 -31.9557761, 115.8760318 -31.9557896, 115.8759651 -31.9557677))",-31.955702742729194,115.87605823883229
building_3130,building_yes,W1299816358,"POLYGON ((115.874857 -31.9554243, 115.8749709 -31.9551721, 115.8749634 -31.9551697, 115.8750088 -31.9550691, 115.8752481 -31.9551468, 115.8752163 -31.9552173, 115.8752014 -31.9552124, 115.8751701 -31.9552817, 115.8751294 -31.9552684, 115.8751137 -31.9553034, 115.8751546 -31.9553167, 115.8751258 -31.9553804, 115.8751392 -31.9553848, 115.8750818 -31.955512, 115.8749949 -31.9554838, 115.8750006 -31.955471, 115.874857 -31.9554243))",-31.955286080204647,115.87504639044393
building_3131,building_apartments,W1304378048,"POLYGON ((115.8259228 -31.9715971, 115.8259657 -31.9716746, 115.8263422 -31.9715465, 115.8263814 -31.9714516, 115.8263348 -31.9713741, 115.8259414 -31.9715164, 115.8259228 -31.9715971))",-31.97152549084595,115.82615119949641
building_3132,building_yes,W1304378049,"POLYGON ((115.8256962 -31.9712685, 115.8257042 -31.9712494, 115.8258327 -31.9712085, 115.825916 -31.9713971, 115.8257732 -31.9714425, 115.8256962 -31.9712685))",-31.971325772103427,115.82580332985732
building_3133,building_yes,W1304378050,"POLYGON ((115.8258858 -31.9712485, 115.8259622 -31.9712227, 115.8260193 -31.9713446, 115.8259426 -31.9713705, 115.8258858 -31.9712485))",-31.971296614737017,115.82595249362531
building_3134,building_yes,W1304378051,"POLYGON ((115.8259622 -31.9712227, 115.8260406 -31.9711963, 115.8260977 -31.9713181, 115.8260193 -31.9713446, 115.8259622 -31.9712227))",-31.971270431802736,115.82602994782603
building_3135,building_yes,W1304378052,"POLYGON ((115.8260406 -31.9711963, 115.82612 -31.9711694, 115.8261778 -31.9712911, 115.8260977 -31.9713181, 115.8260406 -31.9711963))",-31.971243804811877,115.82610907011453
building_3136,building_yes,W1304378053,"POLYGON ((115.8262584 -31.972051, 115.8264233 -31.9719903, 115.8264816 -31.9721044, 115.8263167 -31.9721651, 115.8262584 -31.972051))",-31.972077700000003,115.82637000000001
building_3137,building_yes,W1304378054,"POLYGON ((115.8264452 -31.9724824, 115.8265193 -31.9725926, 115.8267009 -31.9725047, 115.8266268 -31.9723945, 115.8264452 -31.9724824))",-31.972493550000003,115.82657305
building_3138,building_yes,W1304378055,"POLYGON ((115.8266103 -31.971446, 115.8266657 -31.9714274, 115.8267122 -31.9715268, 115.8266023 -31.9715637, 115.8265862 -31.9715292, 115.8266406 -31.9715109, 115.8266103 -31.971446))",-31.971499350832367,115.82665112725573
building_3139,building_yes,W1304378056,"POLYGON ((115.8240205 -31.9728454, 115.8241065 -31.972813, 115.8240221 -31.972647, 115.8239618 -31.9725788, 115.8240171 -31.9725464, 115.8241967 -31.9727497, 115.8242909 -31.972693, 115.8240608 -31.9724411, 115.8238257 -31.9725842, 115.8239309 -31.9726954, 115.8240205 -31.9728454))",-31.97263252379356,115.82405003193874
building_3140,building_yes,W1304378057,"POLYGON ((115.8267029 -31.9723342, 115.8267788 -31.9724982, 115.8270042 -31.9724232, 115.8269455 -31.9722962, 115.826862 -31.9723239, 115.8268449 -31.9722869, 115.8267029 -31.9723342))",-31.9723866184524,115.82684977009906
building_3141,building_yes,W1304378058,"POLYGON ((115.8267882 -31.9726034, 115.8268279 -31.9726985, 115.8266096 -31.972764, 115.82657 -31.9726688, 115.8267882 -31.9726034))",-31.972683683142638,115.82669891501075
building_3142,building_yes,W1304378059,"POLYGON ((115.8258829 -31.9728076, 115.8261229 -31.9726903, 115.8261441 -31.9727215, 115.8261975 -31.9726953, 115.8262605 -31.9727879, 115.8260805 -31.9728759, 115.8260607 -31.9728468, 115.8260496 -31.9728523, 115.8260668 -31.9728775, 115.8259734 -31.9729232, 115.8259203 -31.9729492, 115.8258669 -31.9728706, 115.8259111 -31.972849, 115.8258829 -31.9728076))",-31.97281015525895,115.82605390622277
building_3143,building_yes,W1304378060,"POLYGON ((115.8266866 -31.9720229, 115.8266664 -31.9721091, 115.8268733 -31.972144, 115.8268884 -31.9720793, 115.8268033 -31.9720649, 115.8268083 -31.9720434, 115.8266866 -31.9720229))",-31.972085969582206,115.82677210666559
building_3144,building_yes,W1304378061,"POLYGON ((115.8242604 -31.9733096, 115.8242743 -31.9733354, 115.8243054 -31.973341, 115.8243225 -31.9733726, 115.8244881 -31.973308, 115.8244547 -31.9732463, 115.8244197 -31.9732599, 115.8244054 -31.9732335, 115.8242872 -31.9732795, 115.824296 -31.9732957, 115.8242604 -31.9733096))",-31.973301321734613,115.82437426883016
building_3145,building_yes,W1304378062,"POLYGON ((115.8246341 -31.9731214, 115.8246494 -31.9731463, 115.8246353 -31.9731704, 115.8246544 -31.9732016, 115.8244902 -31.9732739, 115.8244376 -31.9731881, 115.8245894 -31.9731212, 115.824599 -31.9731369, 115.8246341 -31.9731214))",-31.973193168161597,115.82454954758488
building_3146,building_yes,W1304378063,"POLYGON ((115.8256108 -31.9724996, 115.8256761 -31.9726094, 115.8260343 -31.9724561, 115.8259691 -31.9723463, 115.8256108 -31.9724996))",-31.972477851933046,115.82582256451396
building_3147,building_yes,W1304378064,"POLYGON ((115.8261188 -31.9711376, 115.826175 -31.9712544, 115.8265501 -31.9711245, 115.8264912 -31.9710022, 115.8263746 -31.9710425, 115.8264051 -31.9711059, 115.8263258 -31.9711333, 115.826298 -31.9710755, 115.8261188 -31.9711376))",-31.97113396959885,115.82633408259554
building_3148,building_yes,W1304378065,"POLYGON ((115.8247683 -31.9722882, 115.8248088 -31.9723384, 115.8248299 -31.9723261, 115.8248505 -31.9723515, 115.8249506 -31.9722934, 115.8250224 -31.9723824, 115.8251 -31.9723374, 115.8249671 -31.9721727, 115.8247683 -31.9722882))",-31.97228153483149,115.82494093586322
building_3149,building_yes,W1304378066,"POLYGON ((115.8247454 -31.9724432, 115.8248036 -31.9725162, 115.8250543 -31.9723726, 115.8251161 -31.9724502, 115.8248559 -31.9725993, 115.8248299 -31.9725666, 115.8247538 -31.9726102, 115.8246599 -31.9724922, 115.8247454 -31.9724432))",-31.972498923939042,115.82488762396594
building_3150,building_yes,W1304378067,"POLYGON ((115.8245768 -31.9724107, 115.8246339 -31.9724823, 115.8247693 -31.9724046, 115.8247122 -31.972333, 115.8245768 -31.9724107))",-31.972407650000005,115.82467305000002
building_3151,building_yes,W1304378068,"POLYGON ((115.8248038 -31.9719272, 115.8248638 -31.971996, 115.8249944 -31.971914, 115.8249343 -31.9718452, 115.8248038 -31.9719272))",-31.971920598807127,115.82489908389101
building_3152,building_yes,W1304378069,"POLYGON ((115.8246225 -31.9718313, 115.8246832 -31.9719018, 115.8249396 -31.9717428, 115.8248789 -31.9716723, 115.8246225 -31.9718313))",-31.971787050000003,115.82478105000001
building_3153,building_yes,W1304378070,"POLYGON ((115.8248928 -31.9719806, 115.824959 -31.9720563, 115.8245785 -31.9722958, 115.8245678 -31.9722835, 115.8244445 -31.9723611, 115.8243925 -31.9723016, 115.8244229 -31.9722825, 115.8243861 -31.9722404, 115.8243641 -31.9722543, 115.8241875 -31.9720522, 115.8242793 -31.9719944, 115.8243057 -31.9720246, 115.8246033 -31.9718374, 115.824672 -31.9719159, 115.8243649 -31.9721092, 115.8244797 -31.9722405, 115.8248928 -31.9719806))",-31.972103306475702,115.82453742087766
building_3154,building_yes,W1304378071,"POLYGON ((115.8255702 -31.9728738, 115.825695 -31.9728208, 115.8257924 -31.9729858, 115.8256676 -31.9730388, 115.8255702 -31.9728738))",-31.9729298,115.82568130000001
building_3155,building_yes,W1304378072,"POLYGON ((115.8253645 -31.9729897, 115.8254788 -31.9729217, 115.8256036 -31.9730728, 115.8254894 -31.9731408, 115.8253645 -31.9729897))",-31.973031244108384,115.82548406638166
building_3156,building_yes,W1304378073,"POLYGON ((115.8251442 -31.9730221, 115.8252303 -31.9731226, 115.8251631 -31.973164, 115.825202 -31.9732094, 115.8252189 -31.9731991, 115.8252532 -31.9732395, 115.8252429 -31.9732458, 115.8253296 -31.973349, 115.8254624 -31.9732687, 115.8253896 -31.973182, 115.8253532 -31.973204, 115.8253315 -31.9731781, 115.8253528 -31.9731651, 115.8253767 -31.9731361, 115.8254075 -31.9731171, 115.8252632 -31.9729487, 115.8251442 -31.9730221))",-31.973150158325147,115.82529693185806
building_3157,building_yes,W1304378074,"POLYGON ((115.82496 -31.9729084, 115.8250402 -31.9730041, 115.8251048 -31.9729652, 115.8251159 -31.9729785, 115.8251754 -31.9729427, 115.825084 -31.9728336, 115.82496 -31.9729084))",-31.97292105620661,115.82506698737598
building_3158,building_yes,W1304378075,"POLYGON ((115.8252277 -31.9727901, 115.8252831 -31.9728595, 115.8251955 -31.9729099, 115.82514 -31.9728405, 115.8252277 -31.9727901))",-31.97284999786335,115.82521156724098
building_3159,building_yes,W1304378076,"POLYGON ((115.8252312 -31.9727578, 115.8252688 -31.9728055, 115.82529 -31.9727935, 115.8253379 -31.9728542, 115.8253929 -31.972823, 115.8253838 -31.9728115, 115.8254411 -31.9727789, 115.825351 -31.9726647, 115.8252445 -31.9727252, 115.8252581 -31.9727425, 115.8252312 -31.9727578))",-31.972758856996705,115.82533589506076
building_3160,building_yes,W1304378077,"POLYGON ((115.8248996 -31.9727159, 115.8249541 -31.9727741, 115.8250413 -31.9727155, 115.8250646 -31.9727404, 115.8251766 -31.9726649, 115.8251675 -31.9726553, 115.8252274 -31.972615, 115.8252021 -31.9725879, 115.825236 -31.9725651, 115.8251926 -31.9725187, 115.8248996 -31.9727159))",-31.972652837159647,115.82508047116741
building_3161,building_yes,W1304378078,"POLYGON ((115.8236023 -31.9724334, 115.8236944 -31.9725339, 115.8237242 -31.9725142, 115.8237385 -31.9725297, 115.8238004 -31.9724888, 115.8237856 -31.9724726, 115.8238193 -31.9724504, 115.8237157 -31.9723373, 115.8236682 -31.9723687, 115.8236981 -31.9724013, 115.8236726 -31.972418, 115.8236549 -31.9723987, 115.8236023 -31.9724334))",-31.972444077923207,115.82371519661335
building_3162,building_yes,W1304378079,"POLYGON ((115.8237986 -31.972293, 115.8237868 -31.9723594, 115.8238378 -31.9724142, 115.8238702 -31.9723925, 115.8239006 -31.9724251, 115.8240425 -31.9723301, 115.8239315 -31.9722108, 115.8238955 -31.9722073, 115.8238636 -31.9722267, 115.8238588 -31.9722549, 115.8237986 -31.972293))",-31.972318929060503,115.82390387522544
building_3163,building_yes,W1304378080,"POLYGON ((115.8236778 -31.9731365, 115.8237225 -31.973191, 115.8237394 -31.9731811, 115.8237968 -31.973251, 115.8238507 -31.9732191, 115.8238248 -31.9731876, 115.8239035 -31.973141, 115.8239141 -31.9731538, 115.8239906 -31.9731086, 115.8239298 -31.9730346, 115.8238894 -31.9730585, 115.8238603 -31.9730231, 115.8238096 -31.9730531, 115.8238404 -31.9730906, 115.8237838 -31.9731241, 115.8237561 -31.9730903, 115.8236778 -31.9731365))",-31.973129676529638,115.82383450589695
building_3164,building_yes,W1304378081,"POLYGON ((115.823927 -31.9729773, 115.8239528 -31.9730292, 115.8240139 -31.9730073, 115.8239881 -31.9729555, 115.823927 -31.9729773))",-31.972992330968495,115.82397044314988
building_3165,building_yes,W1304378082,"POLYGON ((115.8240326 -31.9740156, 115.8240889 -31.9740789, 115.8241198 -31.9740762, 115.8241429 -31.9740445, 115.8241881 -31.9740479, 115.8242079 -31.9740445, 115.8242206 -31.9740338, 115.824227 -31.9740176, 115.8242286 -31.9739893, 115.824254 -31.9739826, 115.8242674 -31.9739732, 115.8242809 -31.9739577, 115.8242214 -31.9738931, 115.8242008 -31.9738931, 115.8241873 -31.9738985, 115.8241802 -31.9739173, 115.8241556 -31.9739193, 115.8241111 -31.973951, 115.8240768 -31.9739962, 115.8240643 -31.9739893, 115.8240429 -31.9739927, 115.8240326 -31.9740156))",-31.97398789695761,115.82415902110954
building_3166,building_yes,W1304378083,"POLYGON ((115.8237807 -31.9742374, 115.8240042 -31.974187, 115.8238557 -31.97404, 115.8237998 -31.9740508, 115.8237807 -31.9742374))",-31.974145619484155,115.82386642248575
building_3167,building_yes,W1304378084,"POLYGON ((115.8244334 -31.9728292, 115.8244971 -31.9727916, 115.8244526 -31.9727372, 115.8244082 -31.9727634, 115.8243674 -31.9727136, 115.8242625 -31.9727755, 115.8242753 -31.9727911, 115.824243 -31.9728102, 115.8242328 -31.9727979, 115.8241327 -31.9728573, 115.8241373 -31.9728628, 115.8241022 -31.9728838, 115.8241649 -31.9729591, 115.824238 -31.9729153, 115.8242249 -31.9728995, 115.8242358 -31.9728929, 115.824255 -31.9729158, 115.8243076 -31.9728842, 115.8242755 -31.9728459, 115.8243072 -31.9728268, 115.8243347 -31.9728595, 115.8243429 -31.9728572, 115.8243653 -31.9728844, 115.8244351 -31.9728432, 115.8243872 -31.9727846, 115.8243937 -31.9727807, 115.8244334 -31.9728292))",-31.972832107106132,115.8242967435677
building_3168,building_yes,W1304378085,"POLYGON ((115.8242465 -31.9729432, 115.8242826 -31.972987, 115.8242135 -31.973028, 115.8241773 -31.9729842, 115.8242465 -31.9729432))",-31.97298559956136,115.82422996683736
building_3169,building_yes,W1304378086,"POLYGON ((115.8233829 -31.9726286, 115.8234158 -31.9727179, 115.823372 -31.9727296, 115.8233999 -31.9728053, 115.8234564 -31.9728344, 115.8234604 -31.9728472, 115.8234947 -31.9728395, 115.8235128 -31.9728481, 115.8235521 -31.9728421, 115.8235652 -31.9728199, 115.8235521 -31.9727779, 115.8235652 -31.9727583, 115.8236328 -31.9727731, 115.8236429 -31.9727403, 115.823653 -31.9727369, 115.8236641 -31.9727061, 115.8236499 -31.9726873, 115.8236601 -31.9726577, 115.8236378 -31.9726522, 115.8236217 -31.9726248, 115.8235986 -31.9726198, 115.8236008 -31.9726124, 115.8235708 -31.9726059, 115.8235673 -31.9726173, 115.8235431 -31.972612, 115.8235078 -31.9726266, 115.8234957 -31.9726685, 115.8234291 -31.9726163, 115.8233829 -31.9726286))",-31.97272146692819,115.82351367635817
building_3170,building_yes,W1304378087,"POLYGON ((115.8237648 -31.97273, 115.823855 -31.9727495, 115.8237984 -31.9729377, 115.8237082 -31.9729182, 115.8237648 -31.97273))",-31.97283385,115.82378159999998
building_3171,building_yes,W1304378088,"POLYGON ((115.8241962 -31.9730154, 115.8241258 -31.9730555, 115.8240998 -31.9730227, 115.8240764 -31.973036, 115.8240251 -31.9729714, 115.8240314 -31.9729678, 115.8239995 -31.9729276, 115.8240769 -31.9728834, 115.8241604 -31.9729886, 115.8241704 -31.9729829, 115.8241962 -31.9730154))",-31.97297259504727,115.82409334529115
building_3172,building_yes,W1332930250,"POLYGON ((115.8771478 -31.9489807, 115.877148 -31.9487734, 115.8772652 -31.9487735, 115.8772653 -31.9487422, 115.8771498 -31.9487421, 115.87715 -31.948577, 115.8775042 -31.9485773, 115.8775037 -31.948981, 115.8771478 -31.9489807))",-31.948779798960402,115.8773294805615
building_3173,building_yes,W1341997102,"POLYGON ((115.8151263 -31.9785463, 115.8152338 -31.9785278, 115.8153071 -31.9788336, 115.8151996 -31.9788522, 115.8151263 -31.9785463))",-31.978689980941866,115.81521669849504
building_3174,building_yes,W1341997103,"POLYGON ((115.8150012 -31.9785765, 115.8150919 -31.9785621, 115.8151673 -31.9789024, 115.8150767 -31.9789168, 115.8150012 -31.9785765))",-31.978739419835108,115.81508426795932
building_3175,building_yes,W1341997104,"POLYGON ((115.8148668 -31.9787477, 115.814995 -31.9787254, 115.815049 -31.9789485, 115.8149208 -31.9789708, 115.8148668 -31.9787477))",-31.978848099999997,115.81495789999998
building_3176,building_yes,W1341997106,"POLYGON ((115.8163713 -31.9782688, 115.8163703 -31.9784204, 115.8162085 -31.9784196, 115.8162078 -31.9785225, 115.8163572 -31.9785232, 115.8163563 -31.9786513, 115.8164715 -31.9786518, 115.8164741 -31.9782693, 115.8163713 -31.9782688))",-31.978467035244705,115.81638151022784
building_3177,building_yes,W1341997107,"POLYGON ((115.8160831 -31.9783907, 115.8160861 -31.9786207, 115.815951 -31.9786219, 115.81595 -31.9785409, 115.8157607 -31.9785426, 115.8157641 -31.9788124, 115.8159559 -31.9788107, 115.8159545 -31.9787002, 115.8160773 -31.9786991, 115.8160783 -31.9787758, 115.8161767 -31.9787749, 115.8161756 -31.9786898, 115.8162473 -31.9786892, 115.8162482 -31.9787658, 115.8163313 -31.978765, 115.8163293 -31.978606, 115.8162469 -31.9786067, 115.8162472 -31.9786278, 115.8161713 -31.9786285, 115.8161682 -31.9783899, 115.8160831 -31.9783907))",-31.97864916674762,115.81601741758008
building_3178,building_yes,W1341997108,"POLYGON ((115.815345 -31.9785722, 115.8154804 -31.978573, 115.8154786 -31.9787948, 115.8153432 -31.978794, 115.815345 -31.9785722))",-31.978683499999995,115.81541180000002
building_3179,building_yes,R1988165,"POLYGON ((115.8512577 -31.9523339, 115.8511578 -31.9523012, 115.8511445 -31.9522632, 115.8510987 -31.9521927, 115.8510184 -31.9521551, 115.8508689 -31.9521269, 115.8507416 -31.9520565, 115.8506475 -31.9520518, 115.8505886 -31.9520656, 115.8505458 -31.9521014, 115.8502204 -31.9519951, 115.850245 -31.951941, 115.8502931 -31.9518331, 115.8503569 -31.9518536, 115.8504489 -31.951644, 115.8504892 -31.9516565, 115.8505225 -31.9515831, 115.850677 -31.9516336, 115.850692 -31.9516005, 115.8507919 -31.9516331, 115.8508749 -31.9516602, 115.8509423 -31.9517086, 115.8510427 -31.951715, 115.8511154 -31.9517278, 115.851166 -31.9517553, 115.8512468 -31.9518049, 115.851345 -31.9518138, 115.8514745 -31.951856, 115.8512577 -31.9523339), (115.8508576 -31.9520463, 115.8509364 -31.9520809, 115.8510384 -31.9520752, 115.8511073 -31.9520359, 115.8511506 -31.9519644, 115.8511495 -31.9518986, 115.851109 -31.9518328, 115.8510178 -31.9517866, 115.8509138 -31.9517921, 115.8508375 -31.9518388, 115.8508012 -31.9519057, 115.8508143 -31.9519964, 115.8508576 -31.9520463))",-31.951918349604895,115.85085034913702
building_3180,building_yes,R1990605,"POLYGON ((115.8704694 -31.9520872, 115.8704635 -31.9521593, 115.8710045 -31.952191, 115.8709957 -31.952299, 115.8709109 -31.952294, 115.8708981 -31.9524506, 115.8702867 -31.9524149, 115.8702737 -31.9525754, 115.8702328 -31.952573, 115.8702238 -31.952683, 115.8702647 -31.9526854, 115.8702615 -31.9527247, 115.8703122 -31.9527277, 115.8703324 -31.9524793, 115.8703521 -31.9524805, 115.8705129 -31.9524898, 115.8707573 -31.9525041, 115.87078 -31.952512, 115.8707821 -31.9525318, 115.8704263 -31.9529004, 115.8703697 -31.9529072, 115.8703289 -31.9528905, 115.870305 -31.9528519, 115.8703086 -31.9528088, 115.8702507 -31.9528054, 115.8702391 -31.952948, 115.8696794 -31.9529153, 115.8697009 -31.9526502, 115.8701419 -31.952676, 115.8701502 -31.9525741, 115.8697092 -31.9525483, 115.8697161 -31.9524637, 115.8697246 -31.9523589, 115.8698375 -31.9523655, 115.8698402 -31.9523323, 115.869779 -31.9523287, 115.8697824 -31.9522872, 115.8698444 -31.9522908, 115.8698482 -31.9522435, 115.8697345 -31.9522368, 115.8697501 -31.9520451, 115.8704694 -31.9520872), (115.8699675 -31.9523335, 115.8700918 -31.9523407, 115.8701004 -31.9522337, 115.8699761 -31.9522265, 115.8699675 -31.9523335))",-31.952471208240656,115.87024017276825
building_3181,building_yes,R1991540,"POLYGON ((115.8706015 -31.9586696, 115.8705857 -31.9586643, 115.8705698 -31.9586991, 115.8705856 -31.9587043, 115.8705004 -31.9588907, 115.8704432 -31.9590159, 115.8704111 -31.9590862, 115.8703562 -31.9592061, 115.8700516 -31.9591058, 115.8702808 -31.9586045, 115.8702939 -31.9586088, 115.8703096 -31.9585745, 115.8702965 -31.9585702, 115.8703674 -31.958415, 115.87051 -31.9581032, 115.8708147 -31.9582034, 115.8706015 -31.9586696), (115.8704717 -31.9588048, 115.8704528 -31.9587986, 115.8705027 -31.9586893, 115.8703659 -31.9586443, 115.8702633 -31.9588688, 115.8704191 -31.95892, 115.8704717 -31.9588048), (115.8705292 -31.9586288, 115.8706318 -31.9584044, 115.8704807 -31.9583547, 115.8704311 -31.9584631, 115.8704454 -31.9584678, 115.8703923 -31.9585838, 115.8705292 -31.9586288))",-31.95865900687609,115.87042911661845
building_3182,building_yes,R1993431,"POLYGON ((115.8748541 -31.958486, 115.8748184 -31.9585613, 115.8749757 -31.9586151, 115.8750587 -31.9584403, 115.8753442 -31.9585378, 115.8751376 -31.9589731, 115.8745864 -31.9587848, 115.8747169 -31.9585099, 115.8747458 -31.9584489, 115.8748541 -31.958486), (115.8749281 -31.9587209, 115.8747709 -31.9586667, 115.8747454 -31.9587199, 115.8749026 -31.9587741, 115.8749281 -31.9587209), (115.8750911 -31.9588411, 115.875122 -31.9587766, 115.8750541 -31.9587532, 115.8750232 -31.9588177, 115.8750911 -31.9588411), (115.8751065 -31.9586488, 115.8751725 -31.9586716, 115.8752052 -31.9586033, 115.8751392 -31.9585806, 115.8751065 -31.9586488))",-31.95869442887583,115.87497620088669
building_3183,building_yes,R1994658,"POLYGON ((115.8467429 -31.9517493, 115.8466974 -31.9517348, 115.8468647 -31.9513572, 115.8469101 -31.9513717, 115.8469732 -31.9512293, 115.8470375 -31.9512498, 115.8470492 -31.9512233, 115.8471135 -31.9512438, 115.8471286 -31.9512096, 115.8473755 -31.9512884, 115.8473693 -31.9513025, 115.8475008 -31.9513444, 115.8473963 -31.9515804, 115.8474549 -31.9515991, 115.8473294 -31.9518824, 115.8472708 -31.9518638, 115.8471674 -31.9520972, 115.8470347 -31.9520549, 115.8470292 -31.9520674, 115.8467797 -31.9519879, 115.8467934 -31.9519569, 115.8467236 -31.9519346, 115.846733 -31.9519134, 115.846678 -31.9518958, 115.8467429 -31.9517493), (115.8470162 -31.9515252, 115.847095 -31.9515503, 115.8470457 -31.9516616, 115.8469946 -31.9516453, 115.8469698 -31.9517012, 115.8469421 -31.9516924, 115.8469096 -31.9517659, 115.8471219 -31.9518336, 115.8471731 -31.9517179, 115.8471567 -31.9517091, 115.8471452 -31.9516971, 115.8471394 -31.9516816, 115.8471426 -31.9516652, 115.847152 -31.9516496, 115.8471672 -31.9516407, 115.8471866 -31.9516376, 115.8472078 -31.9516397, 115.8472577 -31.951527, 115.8470454 -31.9514592, 115.8470162 -31.9515252))",-31.951639900129862,115.8470830193572
building_3184,building_residential,R2004863,"POLYGON ((115.8471302 -31.9532558, 115.8472586 -31.9535211, 115.8470019 -31.9536105, 115.8468735 -31.9533452, 115.8471302 -31.9532558), (115.8470673 -31.9535007, 115.8471312 -31.9534784, 115.8470767 -31.9533656, 115.8470127 -31.9533879, 115.8470673 -31.9535007))",-31.95343315143199,115.8470653488936
building_3185,building_yes,R2010803,"POLYGON ((115.875491 -31.9561747, 115.8754758 -31.95617, 115.8755127 -31.956085, 115.8756616 -31.9561316, 115.8756563 -31.9561438, 115.8757902 -31.9561857, 115.8758246 -31.9561066, 115.8758064 -31.9561009, 115.8758274 -31.9560525, 115.8761349 -31.9561486, 115.8761085 -31.9562095, 115.8760544 -31.9561925, 115.8760599 -31.9561798, 115.8760164 -31.9561662, 115.8759817 -31.956246, 115.8761256 -31.956291, 115.8761311 -31.9562784, 115.8762958 -31.95633, 115.8762594 -31.9564136, 115.8762483 -31.9564102, 115.8761089 -31.956731, 115.8760188 -31.9567028, 115.8760233 -31.9566925, 115.8754553 -31.9565148, 115.8754508 -31.9565252, 115.8753521 -31.9564943, 115.875491 -31.9561747), (115.8760262 -31.9565639, 115.876125 -31.9563365, 115.8760791 -31.9563221, 115.8760406 -31.9564108, 115.8759386 -31.9563789, 115.8759767 -31.9562912, 115.8759669 -31.9562881, 115.875919 -31.9563985, 115.8757304 -31.9563396, 115.8757668 -31.9562558, 115.8756815 -31.9562291, 115.8756935 -31.9562016, 115.8756329 -31.9561826, 115.8755341 -31.95641, 115.8760262 -31.9565639))",-31.95638129791817,115.87583728347704
building_3186,building_yes,R2013128,"POLYGON ((115.8549023 -31.9456882, 115.8548812 -31.9456914, 115.8546501 -31.9455874, 115.8547473 -31.9454319, 115.8547557 -31.9454356, 115.8547783 -31.9453995, 115.8548222 -31.9454193, 115.8550125 -31.945505, 115.8549023 -31.9456882), (115.8548183 -31.9455318, 115.8548791 -31.9455592, 115.8549005 -31.9455249, 115.8548398 -31.9454976, 115.8548183 -31.9455318))",-31.945548325690808,115.85483113189753
building_3187,building_yes,R2014343,"POLYGON ((115.8792342 -31.9526459, 115.879234 -31.9526374, 115.8793157 -31.9526363, 115.8793159 -31.9526448, 115.8794806 -31.9526425, 115.8794813 -31.9526796, 115.8795146 -31.9526791, 115.879516 -31.952751, 115.879535 -31.9527508, 115.8795362 -31.9528137, 115.8795172 -31.9528139, 115.8795181 -31.9528575, 115.8794442 -31.9528585, 115.8794446 -31.9528779, 115.8795185 -31.9528769, 115.8795211 -31.9530102, 115.8790273 -31.9530172, 115.8790241 -31.9528575, 115.8790638 -31.952857, 115.879063 -31.9528147, 115.8790431 -31.952815, 115.8790398 -31.9526487, 115.8792342 -31.9526459), (115.8792033 -31.9527973, 115.8792037 -31.9528155, 115.8792118 -31.9528154, 115.8792133 -31.9528934, 115.8792067 -31.9528935, 115.8792071 -31.9529118, 115.8793476 -31.9529098, 115.8793457 -31.9528154, 115.8793507 -31.9528153, 115.8793503 -31.9527952, 115.8792114 -31.9527972, 115.8792033 -31.9527973))",-31.952829011098967,115.87927532359731
building_3188,building_residential,R2014476,"POLYGON ((115.8741507 -31.9548864, 115.874125 -31.9549426, 115.8741336 -31.9549454, 115.8741592 -31.9548892, 115.8742198 -31.9549091, 115.8742029 -31.954946, 115.8742107 -31.9549485, 115.8742276 -31.9549116, 115.8743 -31.9549354, 115.8742799 -31.9549796, 115.8742882 -31.9549823, 115.8743083 -31.9549381, 115.8743591 -31.9549548, 115.8743284 -31.955022, 115.8743761 -31.9550378, 115.874327 -31.9551459, 115.8743433 -31.9551513, 115.8742893 -31.9552704, 115.8742584 -31.9552603, 115.8742628 -31.9552506, 115.8742152 -31.9552351, 115.8742376 -31.9551858, 115.8742154 -31.9551785, 115.874193 -31.9552278, 115.8740229 -31.9551722, 115.8740291 -31.9551585, 115.8739925 -31.9551465, 115.8740103 -31.9551074, 115.8739982 -31.9551035, 115.8740301 -31.9550331, 115.8740158 -31.9550284, 115.8740639 -31.9549226, 115.874071 -31.9549249, 115.8740966 -31.9548686, 115.8741507 -31.9548864), (115.8741677 -31.9551428, 115.8741766 -31.9551232, 115.8742535 -31.9551484, 115.8742628 -31.955128, 115.8742876 -31.9551361, 115.8742913 -31.9551279, 115.8742467 -31.9551134, 115.8742669 -31.9550691, 115.8742461 -31.9550623, 115.8742411 -31.9550732, 115.8741873 -31.9550555, 115.8741974 -31.9550333, 115.8741843 -31.955029, 115.8741907 -31.9550147, 115.8741507 -31.9550016, 115.8741649 -31.9549704, 115.8741404 -31.9549623, 115.8741208 -31.9550054, 115.8741372 -31.9550108, 115.8741217 -31.9550448, 115.8741414 -31.9550512, 115.8741604 -31.9550575, 115.8741419 -31.9550982, 115.8741229 -31.955092, 115.8741086 -31.9551234, 115.8741677 -31.9551428))",-31.955064054265424,115.87418564118198
building_3189,building_residential,R2014596,"POLYGON ((115.874843 -31.9569043, 115.8748453 -31.9568993, 115.8748996 -31.9569172, 115.8748973 -31.9569223, 115.8750586 -31.9569756, 115.8750613 -31.9569698, 115.875105 -31.9569842, 115.8751023 -31.95699, 115.8751144 -31.956994, 115.8750703 -31.9570899, 115.8750451 -31.9570816, 115.8750327 -31.9571086, 115.8750434 -31.9571121, 115.8750295 -31.9571424, 115.875044 -31.9571472, 115.8749904 -31.957264, 115.8749275 -31.9572432, 115.8749416 -31.9572124, 115.8747187 -31.9571387, 115.8747657 -31.9570364, 115.8747818 -31.9570417, 115.8747967 -31.9570092, 115.8747806 -31.9570039, 115.8748285 -31.9568995, 115.874843 -31.9569043), (115.8749654 -31.9570692, 115.874956 -31.9570661, 115.8749526 -31.9570733, 115.874877 -31.9570482, 115.8748898 -31.9570204, 115.8748663 -31.9570127, 115.8748522 -31.9570433, 115.8748626 -31.9570468, 115.8748529 -31.9570678, 115.8748608 -31.9570704, 115.8748571 -31.9570784, 115.8748826 -31.9570868, 115.8748863 -31.9570789, 115.874951 -31.9571004, 115.8749654 -31.9570692))",-31.957070138955004,115.8749181506089
building_3190,building_residential,R2022869,"POLYGON ((115.8810669 -31.955018, 115.8810665 -31.9549828, 115.8810221 -31.9549832, 115.8810225 -31.9550184, 115.8809361 -31.9550191, 115.8809356 -31.9549818, 115.8808983 -31.9549822, 115.8808988 -31.9550195, 115.880814 -31.9550202, 115.8808088 -31.954599, 115.8807022 -31.9545999, 115.8807013 -31.9545239, 115.8805815 -31.954525, 115.8805817 -31.9545457, 115.8804959 -31.9545465, 115.880496 -31.9545578, 115.88038 -31.9545588, 115.8803791 -31.9544803, 115.8804215 -31.9544799, 115.8804214 -31.9544717, 115.8804354 -31.9544715, 115.8804351 -31.9544512, 115.880527 -31.9544504, 115.8805268 -31.9544313, 115.8805939 -31.9544307, 115.8805936 -31.9544069, 115.8806199 -31.9544067, 115.8806202 -31.9544305, 115.8806973 -31.9544298, 115.880697 -31.9544065, 115.8807232 -31.9544063, 115.8807235 -31.9544296, 115.8807621 -31.9544292, 115.8807618 -31.954406, 115.8807898 -31.9544058, 115.8807901 -31.954429, 115.8808654 -31.9544283, 115.8808651 -31.9544055, 115.8808932 -31.9544052, 115.8808934 -31.9544281, 115.8809331 -31.9544277, 115.8809329 -31.9544056, 115.8809603 -31.9544053, 115.8809606 -31.9544275, 115.8810359 -31.9544268, 115.8810356 -31.9544045, 115.8810631 -31.9544042, 115.8810634 -31.9544266, 115.8810996 -31.9544262, 115.8810993 -31.9544039, 115.8811273 -31.9544036, 115.8811276 -31.954426, 115.881155 -31.9544258, 115.8811564 -31.954533, 115.8811718 -31.9545329, 115.881172 -31.9545547, 115.8811566 -31.9545548, 115.8811573 -31.9546063, 115.8811483 -31.9546064, 115.8811501 -31.954751, 115.8811436 -31.9547511, 115.8811445 -31.9548214, 115.8811752 -31.9548212, 115.8811761 -31.9548955, 115.8811608 -31.9548956, 115.881161 -31.9549085, 115.8811774 -31.9549084, 115.8811782 -31.9549728, 115.8811618 -31.9549729, 115.8811623 -31.9550171, 115.8810669 -31.955018), (115.8809836 -31.9548886, 115.880983 -31.9548306, 115.8810378 -31.9548303, 115.8810369 -31.9547321, 115.881045 -31.954732, 115.8810446 -31.9546915, 115.8810365 -31.9546915, 115.8810355 -31.9545893, 115.8810449 -31.9545892, 115.8810443 -31.9545226, 115.8808094 -31.9545242, 115.8808097 -31.9545575, 115.880914 -31.9545568, 115.8809171 -31.9548891, 115.8809836 -31.9548886))",-31.954671332865697,115.88090085197811
building_3191,building_residential,R2022968,"POLYGON ((115.8802487 -31.953572, 115.8802838 -31.9535719, 115.8802835 -31.953512, 115.8802484 -31.9535121, 115.880248 -31.9534449, 115.8802562 -31.9534449, 115.8802557 -31.9533541, 115.8802476 -31.9533542, 115.8802472 -31.9532934, 115.8802637 -31.9532701, 115.8803006 -31.9532635, 115.8804008 -31.9532631, 115.8804008 -31.9532536, 115.8805355 -31.9532531, 115.8805356 -31.9532627, 115.8806379 -31.9532623, 115.8806645 -31.9532725, 115.8806767 -31.9532934, 115.8806775 -31.9534405, 115.8807005 -31.9534404, 115.8807008 -31.9535094, 115.8806718 -31.9535095, 115.8806722 -31.9535848, 115.8807012 -31.9535847, 115.8807018 -31.9536808, 115.8806152 -31.9536812, 115.8806153 -31.953694, 115.8803468 -31.953695, 115.8803467 -31.9536816, 115.8802493 -31.953682, 115.8802487 -31.953572), (115.8805245 -31.9535034, 115.880514 -31.9535034, 115.8805139 -31.9534617, 115.8805244 -31.9534617, 115.8805243 -31.9534271, 115.8804409 -31.9534273, 115.880441 -31.9534617, 115.8804526 -31.9534617, 115.8804528 -31.953504, 115.8804412 -31.9535041, 115.8804413 -31.9535418, 115.8805247 -31.9535416, 115.8805245 -31.9535034))",-31.953476570213837,115.88046999991255
building_3192,building_yes,R7927738,"POLYGON ((115.8575488 -31.9527747, 115.8575777 -31.9527144, 115.8576262 -31.9526108, 115.8578004 -31.9526654, 115.8577227 -31.9528327, 115.8575488 -31.9527747))",-31.95272109714124,115.85767484418865
building_3193,building_residential,R8047191,"POLYGON ((115.8455406 -31.9466451, 115.8455725 -31.9465644, 115.8456179 -31.9465678, 115.8456549 -31.9464882, 115.8456109 -31.9464748, 115.8456624 -31.9463613, 115.8457127 -31.9463763, 115.8457218 -31.9463588, 115.8457853 -31.9463796, 115.8457957 -31.9464128, 115.8459079 -31.9464323, 115.8458708 -31.9465477, 115.8458417 -31.946531, 115.8458265 -31.9465751, 115.84578 -31.9465631, 115.8457622 -31.9466119, 115.8458015 -31.9466231, 115.8457407 -31.9467548, 115.845646 -31.9467222, 115.8456389 -31.946739, 115.8455586 -31.9467129, 115.8455749 -31.9466592, 115.8455406 -31.9466451))",-31.946552788536366,115.84571410914837
building_3194,building_yes,R9799860,"POLYGON ((115.816417 -31.9752866, 115.8165037 -31.9754288, 115.8166936 -31.9753689, 115.8164866 -31.9750907, 115.8169208 -31.9748869, 115.8168695 -31.974559, 115.8166143 -31.9746485, 115.8167004 -31.9748251, 115.8164644 -31.9747182, 115.8163314 -31.974455, 115.8165069 -31.9743912, 115.81657 -31.9745161, 115.816787 -31.9744372, 115.8167287 -31.9743219, 115.8169246 -31.9742507, 115.8169818 -31.9743639, 115.8171972 -31.9742856, 115.8172181 -31.9743268, 115.8172127 -31.9741562, 115.8174112 -31.9740948, 115.8174085 -31.9744816, 115.8172234 -31.9745794, 115.8172234 -31.9744474, 115.8170598 -31.974518, 115.8171116 -31.974846, 115.8172223 -31.9748334, 115.8172181 -31.9748069, 115.8172369 -31.9746704, 115.8174139 -31.9745862, 115.8173978 -31.9750299, 115.8172503 -31.9749434, 115.8172073 -31.9749524, 115.817224 -31.9750098, 115.817265 -31.9750012, 115.8173063 -31.975143, 115.8172738 -31.9751498, 115.8172924 -31.9752135, 115.8173738 -31.9751964, 115.8173971 -31.9752765, 115.8170866 -31.9753416, 115.8168034 -31.9754475, 115.8167918 -31.975425, 115.81662 -31.9754883, 115.8166387 -31.9755252, 115.8164344 -31.9756012, 115.816385 -31.9755078, 115.8164272 -31.9754802, 115.8163229 -31.9753144, 115.816417 -31.9752866))",-31.974858260113354,115.81694102415119
building_3195,building_yes,R9799861,"POLYGON ((115.8165037 -31.9754288, 115.8166936 -31.9753689, 115.8164866 -31.9750907, 115.8169208 -31.9748869, 115.8168695 -31.974559, 115.8166143 -31.9746485, 115.8167004 -31.9748251, 115.8164644 -31.9747182, 115.8163314 -31.974455, 115.8165069 -31.9743912, 115.81657 -31.9745161, 115.816787 -31.9744372, 115.8167287 -31.9743219, 115.8169246 -31.9742507, 115.8169818 -31.9743639, 115.8171972 -31.9742856, 115.8172181 -31.9743268, 115.8172127 -31.9741562, 115.8174112 -31.9740948, 115.8174085 -31.9744816, 115.8172234 -31.9745794, 115.8172234 -31.9744474, 115.8170598 -31.974518, 115.8171116 -31.974846, 115.8172223 -31.9748334, 115.8172181 -31.9748069, 115.8172369 -31.9746704, 115.8174139 -31.9745862, 115.8173978 -31.9750299, 115.8172503 -31.9749434, 115.8172073 -31.9749524, 115.817224 -31.9750098, 115.817265 -31.9750012, 115.8173063 -31.975143, 115.8172738 -31.9751498, 115.8172924 -31.9752135, 115.8173738 -31.9751964, 115.8173971 -31.9752765, 115.8170866 -31.9753416, 115.8168034 -31.9754475, 115.8167918 -31.975425, 115.81662 -31.9754883, 115.8166387 -31.9755252, 115.8164344 -31.9756012, 115.816385 -31.9755078, 115.8164272 -31.9754802, 115.8163229 -31.9753144, 115.816417 -31.9752866, 115.8165037 -31.9754288), (115.8169741 -31.9749882, 115.8166871 -31.9751154, 115.8167074 -31.9751562, 115.8167482 -31.9751405, 115.8168334 -31.9752882, 115.8168148 -31.9752976, 115.8168278 -31.9753259, 115.8170333 -31.9752316, 115.8172259 -31.9752002, 115.8172185 -31.9751594, 115.8171815 -31.9751672, 115.817137 -31.9750227, 115.8171685 -31.9750164, 115.81715 -31.9749678, 115.8169741 -31.9749882))",-31.974816842677065,115.8169371110664
building_3196,building_yes,R13119537,"POLYGON ((115.8163489 -31.9679639, 115.8163582 -31.967971, 115.8163664 -31.9679787, 115.8163706 -31.9679868, 115.81637 -31.9682498, 115.8163831 -31.9682498, 115.8163946 -31.9682498, 115.8163945 -31.9682782, 115.8164897 -31.9682783, 115.816586 -31.9682785, 115.8165855 -31.9684895, 115.8164897 -31.9684894, 115.8163931 -31.9684893, 115.8163259 -31.9684892, 115.816326 -31.9684602, 115.8162782 -31.9684601, 115.8161796 -31.96846, 115.8157093 -31.9684593, 115.8156392 -31.9684592, 115.8155741 -31.9684591, 115.8155068 -31.968459, 115.8151505 -31.9684585, 115.8151502 -31.9686141, 115.8151502 -31.9686312, 115.8151135 -31.9686312, 115.8150696 -31.9686311, 115.8150699 -31.9684585, 115.8146647 -31.968458, 115.8146657 -31.9679583, 115.8148316 -31.9679585, 115.8148317 -31.9679009, 115.814957 -31.9679011, 115.8149568 -31.9679584, 115.8150588 -31.9679586, 115.8151147 -31.9679586, 115.8154046 -31.9679591, 115.8163319 -31.9679604, 115.8163489 -31.9679639), (115.815245 -31.9682816, 115.8155205 -31.9682819, 115.8155207 -31.9681355, 115.8152453 -31.9681351, 115.815245 -31.9682816), (115.8157111 -31.9681301, 115.8157108 -31.9682849, 115.8159952 -31.9682853, 115.8159955 -31.9681304, 115.8157111 -31.9681301))",-31.968222521223957,115.81554835704516
building_3197,building_yes,R13119538,"POLYGON ((115.8163361 -31.9672033, 115.816336 -31.9672599, 115.8163071 -31.9672598, 115.816307 -31.9673079, 115.8163589 -31.967308, 115.8163588 -31.9673245, 115.8163588 -31.9673472, 115.8163587 -31.9673713, 115.8163586 -31.9674293, 115.816315 -31.9674292, 115.8163149 -31.9674904, 115.816279 -31.9674904, 115.8162792 -31.9674292, 115.8156044 -31.9674281, 115.8156042 -31.9674904, 115.8155694 -31.9674903, 115.8155695 -31.967428, 115.8154978 -31.9674279, 115.8154979 -31.9673765, 115.8154249 -31.9673764, 115.8154059 -31.9673764, 115.8154053 -31.9676578, 115.8154046 -31.9679591, 115.8151147 -31.9679586, 115.8150588 -31.9679586, 115.8150585 -31.9678396, 115.8150583 -31.9677526, 115.8150586 -31.9676028, 115.815059 -31.9674621, 115.815059 -31.9674502, 115.815059 -31.9674392, 115.815059 -31.9674245, 115.8149892 -31.9674244, 115.8149893 -31.967394, 115.8150591 -31.9673941, 115.8150592 -31.9673713, 115.8150091 -31.9673712, 115.8149948 -31.967382, 115.8149639 -31.9673548, 115.8149186 -31.9673147, 115.8148771 -31.9673144, 115.8148295 -31.9673142, 115.8148295 -31.9673009, 115.8148193 -31.9673009, 115.8147579 -31.9673008, 115.8147177 -31.9673007, 115.8147181 -31.9671335, 115.8147569 -31.9671336, 115.8148193 -31.9671337, 115.8148314 -31.9671337, 115.8148316 -31.9670913, 115.8148316 -31.9670795, 115.8150586 -31.9670803, 115.8150589 -31.9669842, 115.8149892 -31.9669836, 115.8149893 -31.9669558, 115.8150579 -31.9669559, 115.8150583 -31.9669283, 115.8150594 -31.9667654, 115.8150731 -31.9667654, 115.8151168 -31.9667655, 115.815173 -31.9667656, 115.8153824 -31.9667659, 115.8155715 -31.9667662, 115.8155716 -31.9667068, 115.8156045 -31.9667068, 115.8156043 -31.9667663, 115.815624 -31.9667664, 115.8158753 -31.9667672, 115.8159683 -31.9667669, 115.8160008 -31.9667669, 115.8162792 -31.9667674, 115.8162793 -31.9667076, 115.8163141 -31.9667077, 115.816314 -31.9667675, 115.8163636 -31.9667676, 115.8163631 -31.9669304, 115.8163072 -31.9669302, 115.816307 -31.9670385, 115.8163631 -31.9670386, 115.8163627 -31.9672033, 115.8163361 -31.9672033), (115.8151724 -31.9670378, 115.8153593 -31.9670381, 115.8153595 -31.966928, 115.8151726 -31.9669277, 115.8151724 -31.9670378), (115.8151726 -31.9672005, 115.8151724 -31.9673055, 115.8153603 -31.9673058, 115.8153605 -31.9672008, 115.8151726 -31.9672005), (115.8158746 -31.9669276, 115.8156234 -31.9669269, 115.8156233 -31.9670378, 115.8158738 -31.9670382, 115.8158746 -31.9669276), (115.8156831 -31.9672388, 115.8156831 -31.9672683, 115.815683 -31.9673063, 115.8158748 -31.9673066, 115.8158751 -31.9672008, 115.8156233 -31.9672003, 115.8156232 -31.9672387, 115.8156831 -31.9672388), (115.8162762 -31.967308, 115.8162763 -31.9672468, 115.8160015 -31.9672464, 115.8160013 -31.9673075, 115.8162762 -31.967308), (115.8160004 -31.9669296, 115.8160007 -31.9669508, 115.8160235 -31.9669509, 115.8160233 -31.9670159, 115.8160005 -31.9670158, 115.8160005 -31.9670386, 115.8162779 -31.9670391, 115.8162782 -31.9669302, 115.8160004 -31.9669296))",-31.967215977213574,115.81554699886573
building_3198,building_yes,R13119539,"POLYGON ((115.8150073 -31.9657124, 115.815007 -31.9658617, 115.8148769 -31.9658615, 115.8148768 -31.9658932, 115.8150759 -31.9658936, 115.8150758 -31.9659185, 115.814889 -31.9659182, 115.8148889 -31.9659426, 115.8150083 -31.9659428, 115.8150079 -31.9661224, 115.8145452 -31.9661216, 115.8143838 -31.9661214, 115.8143842 -31.9659345, 115.8144576 -31.9659347, 115.8144581 -31.9657115, 115.8150073 -31.9657124), (115.8145456 -31.9659356, 115.8146946 -31.9659359, 115.8146947 -31.9659178, 115.8146948 -31.9658524, 115.8146949 -31.9658289, 115.8145458 -31.9658286, 115.8145456 -31.9659356))",-31.965927092754068,115.81471680493236
building_3199,building_yes,R13119540,"POLYGON ((115.8153694 -31.9655348, 115.8153695 -31.9654832, 115.8155248 -31.9654834, 115.8155247 -31.9655335, 115.8156308 -31.9655336, 115.8156306 -31.965622, 115.815881 -31.9656224, 115.8158812 -31.9655343, 115.815983 -31.9655345, 115.8159831 -31.9654835, 115.8161464 -31.9654838, 115.8161462 -31.965536, 115.8162853 -31.9655363, 115.8162851 -31.9656226, 115.8163365 -31.9656226, 115.816336 -31.9658109, 115.8162996 -31.9658109, 115.8162994 -31.9658991, 115.8160001 -31.9658986, 115.816 -31.9659426, 115.8159999 -31.9659835, 115.8161057 -31.9659837, 115.8161305 -31.9659837, 115.8161304 -31.9660283, 115.8161693 -31.9660283, 115.8161691 -31.9661166, 115.8161295 -31.9661166, 115.8161293 -31.9661856, 115.8159825 -31.9661854, 115.8159826 -31.9661516, 115.8159119 -31.9661515, 115.8159119 -31.9661719, 115.8158711 -31.9661719, 115.8158711 -31.9661794, 115.8156371 -31.966179, 115.8156372 -31.9661511, 115.8154062 -31.9661507, 115.8154064 -31.9660613, 115.8153854 -31.9660612, 115.8153854 -31.9660245, 115.8154833 -31.9660246, 115.8154835 -31.9659418, 115.815559 -31.9659419, 115.8155592 -31.9658965, 115.8152508 -31.9658959, 115.815251 -31.9658101, 115.8151951 -31.96581, 115.8151956 -31.9656196, 115.8152306 -31.9656197, 115.8152308 -31.9655346, 115.8153694 -31.9655348), (115.8156405 -31.965807, 115.8156403 -31.9658969, 115.8156402 -31.965942, 115.8159345 -31.9659425, 115.8159346 -31.9658983, 115.8159348 -31.9658075, 115.8156405 -31.965807))",-31.965813149675412,115.8157718476925
building_3200,building_yes,R14256203,"POLYGON ((115.862329 -31.9493158, 115.8623112 -31.9493432, 115.8623928 -31.9493812, 115.8624053 -31.9493619, 115.8625449 -31.9494271, 115.8621895 -31.9499755, 115.86214 -31.9499938, 115.8620769 -31.9499888, 115.8618973 -31.9498984, 115.8617302 -31.9498144, 115.8616943 -31.9498658, 115.8614994 -31.9498407, 115.861588 -31.949704, 115.8615638 -31.9496927, 115.8614934 -31.9498013, 115.8610523 -31.9495955, 115.861488 -31.9489233, 115.862329 -31.9493158), (115.8621186 -31.9497179, 115.8621002 -31.9497096, 115.8621249 -31.9496703, 115.8621419 -31.9496779, 115.8622267 -31.9495429, 115.861801 -31.9493506, 115.8616492 -31.9495926, 115.8620762 -31.9497855, 115.8621186 -31.9497179))",-31.949472231724222,115.86176803725986
building_3201,building_yes,R16012513,"POLYGON ((115.8648229 -31.9583429, 115.8647791 -31.9584402, 115.864624 -31.9587853, 115.8644821 -31.9591009, 115.8643079 -31.9590442, 115.8639724 -31.9589349, 115.8641191 -31.9586214, 115.8643251 -31.9581813, 115.8648229 -31.9583429))",-31.958641532644116,115.86439993914931
building_3202,building_yes,R16029583,"MULTIPOLYGON (((115.8380826 -31.9588856, 115.8386371 -31.958971, 115.8385743 -31.9592569, 115.838519 -31.9595089, 115.8379672 -31.9594213, 115.8380826 -31.9588856)), ((115.8421776 -31.9587342, 115.8417103 -31.9595548, 115.8407087 -31.9591358, 115.8411711 -31.9583019, 115.8413741 -31.9583837, 115.841809 -31.9576425, 115.8425329 -31.957944, 115.8421015 -31.9587015, 115.8421776 -31.9587342)), ((115.8428302 -31.9594075, 115.8423149 -31.9595582, 115.8418598 -31.9593667, 115.8423775 -31.9584689, 115.843176 -31.958806, 115.8428302 -31.9594075)))",-31.958812298549752,115.84153665365858
building_3203,building_yes,R17231200,"POLYGON ((115.856968 -31.9526391, 115.8570651 -31.9524382, 115.8571555 -31.9524695, 115.8570596 -31.9526689, 115.856968 -31.9526391))",-31.95255397938387,115.85706195168353
