name,building_type_name,osm_id,geometry,lat,lon
building_0,tourism_hostel,N337878246,POINT (-79.8859431 -2.1878721),-2.1878721,-79.8859431
building_1,amenity_place_of_worship,N595656366,POINT (-79.9669927 -2.1928539),-2.1928539,-79.9669927
building_2,amenity_place_of_worship,N600335679,POINT (-79.9363042 -2.2113495),-2.2113495,-79.9363042
building_3,amenity_place_of_worship,N608094966,POINT (-79.9070926 -2.1298269),-2.1298269,-79.9070926
building_4,amenity_school,N608144891,POINT (-79.8963972 -2.1512636),-2.1512636,-79.8963972
building_5,amenity_place_of_worship,N608229692,POINT (-79.9316406 -2.1619865),-2.1619865,-79.9316406
building_6,amenity_place_of_worship,N663894669,POINT (-79.910101 -2.1980034),-2.1980034,-79.910101
building_7,amenity_place_of_worship,N883846429,POINT (-79.8839269 -2.1472095),-2.1472095,-79.8839269
building_8,amenity_place_of_worship,N884231327,POINT (-79.8938504 -2.1824583),-2.1824583,-79.8938504
building_9,amenity_school,N929349998,POINT (-79.8926371 -2.2284981),-2.2284981,-79.8926371
building_10,amenity_school,N938311549,POINT (-80.0178144 -2.1911759),-2.1911759,-80.0178144
building_11,amenity_school,N954847102,POINT (-79.9092217 -2.1213397),-2.1213397,-79.9092217
building_12,amenity_place_of_worship,N954847115,POINT (-79.9093183 -2.123425),-2.123425,-79.9093183
building_13,amenity_place_of_worship,N976216683,POINT (-79.9074135 -2.2435091),-2.2435091,-79.9074135
building_14,amenity_place_of_worship,N1359785471,POINT (-79.9188876 -2.2407027),-2.2407027,-79.9188876
building_15,amenity_school,N1359785472,POINT (-79.9194228 -2.2411624),-2.2411624,-79.9194228
building_16,amenity_school,N1471607172,POINT (-79.9587139 -2.1116676),-2.1116676,-79.9587139
building_17,amenity_school,N1480221442,POINT (-79.9552245 -2.1150625),-2.1150625,-79.9552245
building_18,amenity_school,N1480221443,POINT (-79.9578003 -2.1089806),-2.1089806,-79.9578003
building_19,amenity_school,N1480221444,POINT (-79.9550264 -2.1123727),-2.1123727,-79.9550264
building_20,amenity_place_of_worship,N1480221445,POINT (-79.9555473 -2.1148119),-2.1148119,-79.9555473
building_21,tourism_hostel,N1713409392,POINT (-79.9240933 -2.1676444),-2.1676444,-79.9240933
building_22,amenity_school,N1731026480,POINT (-79.8934148 -2.2424724),-2.2424724,-79.8934148
building_23,amenity_school,N1741703529,POINT (-79.8848532 -2.1229087),-2.1229087,-79.8848532
building_24,amenity_school,N1853033804,POINT (-79.8839173 -2.2044901),-2.2044901,-79.8839173
building_25,amenity_place_of_worship,N2010902926,POINT (-79.8886542 -2.2257716),-2.2257716,-79.8886542
building_26,amenity_place_of_worship,N2010920499,POINT (-79.910946 -2.2489885),-2.2489885,-79.910946
building_27,amenity_place_of_worship,N3173398183,POINT (-79.9413856 -2.2260766),-2.2260766,-79.9413856
building_28,amenity_place_of_worship,N3692078485,POINT (-79.8906368 -2.1551833),-2.1551833,-79.8906368
building_29,amenity_school,N3964940631,POINT (-79.9242462 -2.1245877),-2.1245877,-79.9242462
building_30,tourism_hostel,N4060811089,POINT (-79.8908264 -2.1542073),-2.1542073,-79.8908264
building_31,amenity_school,N4154670490,POINT (-79.9145211 -2.1700465),-2.1700465,-79.9145211
building_32,amenity_school,N4203228392,POINT (-79.9049692 -2.1811588),-2.1811588,-79.9049692
building_33,amenity_community_centre,N4231085895,POINT (-79.8937709 -2.1774545),-2.1774545,-79.8937709
building_34,amenity_school,N4243480689,POINT (-79.8941129 -2.2130717),-2.2130717,-79.8941129
building_35,amenity_place_of_worship,N4250337791,POINT (-79.8777628 -2.1818054),-2.1818054,-79.8777628
building_36,amenity_school,N4263526668,POINT (-79.9098595 -2.1479114),-2.1479114,-79.9098595
building_37,amenity_place_of_worship,N4272929190,POINT (-79.90851 -2.20153),-2.20153,-79.90851
building_38,amenity_school,N4273448756,POINT (-79.878679 -2.2752814),-2.2752814,-79.878679
building_39,amenity_school,N4273448757,POINT (-79.8784799 -2.27267),-2.27267,-79.8784799
building_40,amenity_school,N4273466664,POINT (-79.8777626 -2.2746324),-2.2746324,-79.8777626
building_41,amenity_school,N4273498306,POINT (-79.8778223 -2.2748204),-2.2748204,-79.8778223
building_42,amenity_school,N4274122704,POINT (-79.8946497 -2.1391208),-2.1391208,-79.8946497
building_43,amenity_place_of_worship,N4277458091,POINT (-79.92588 -2.1421619),-2.1421619,-79.92588
building_44,amenity_place_of_worship,N4277465198,POINT (-79.964678 -2.0938647),-2.0938647,-79.964678
building_45,amenity_place_of_worship,N4277506190,POINT (-79.886051 -2.2451127),-2.2451127,-79.886051
building_46,amenity_place_of_worship,N4277533789,POINT (-79.91289 -2.21055),-2.21055,-79.91289
building_47,amenity_place_of_worship,N4277533790,POINT (-79.8907983 -2.2485812),-2.2485812,-79.8907983
building_48,amenity_place_of_worship,N4277533791,POINT (-79.9397991 -2.1384121),-2.1384121,-79.9397991
building_49,amenity_place_of_worship,N4285644601,POINT (-79.892736 -2.150226),-2.150226,-79.892736
building_50,amenity_place_of_worship,N4285652832,POINT (-79.8927224 -2.1485837),-2.1485837,-79.8927224
building_51,amenity_school,N4286829930,POINT (-79.8969548 -2.1504513),-2.1504513,-79.8969548
building_52,amenity_school,N4291616843,POINT (-79.8905108 -2.1930466),-2.1930466,-79.8905108
building_53,amenity_place_of_worship,N4296823099,POINT (-79.9008531 -2.2109855),-2.2109855,-79.9008531
building_54,amenity_place_of_worship,N4301339355,POINT (-79.937293 -2.1003184),-2.1003184,-79.937293
building_55,amenity_community_centre,N4303576189,POINT (-79.9444288 -2.0503817),-2.0503817,-79.9444288
building_56,amenity_place_of_worship,N4304897252,POINT (-79.8881208 -2.2000468),-2.2000468,-79.8881208
building_57,amenity_school,N4309415197,POINT (-79.8848674 -2.1289857),-2.1289857,-79.8848674
building_58,amenity_place_of_worship,N4309415198,POINT (-79.8851105 -2.1291736),-2.1291736,-79.8851105
building_59,amenity_place_of_worship,N4309628535,POINT (-79.8965243 -2.1213073),-2.1213073,-79.8965243
building_60,amenity_school,N4309692398,POINT (-79.8974639 -2.1779061),-2.1779061,-79.8974639
building_61,amenity_school,N4310134253,POINT (-79.8771376 -2.1820975),-2.1820975,-79.8771376
building_62,amenity_school,N4311527981,POINT (-79.944852 -2.1287271),-2.1287271,-79.944852
building_63,amenity_school,N4311661333,POINT (-79.9182235 -2.128746),-2.128746,-79.9182235
building_64,amenity_place_of_worship,N4314334147,POINT (-79.885289 -2.261302),-2.261302,-79.885289
building_65,amenity_place_of_worship,N4314417781,POINT (-79.8902484 -2.2541684),-2.2541684,-79.8902484
building_66,amenity_place_of_worship,N4314951513,POINT (-79.9084325 -2.2294986),-2.2294986,-79.9084325
building_67,amenity_place_of_worship,N4315053655,POINT (-79.9235401 -2.2084733),-2.2084733,-79.9235401
building_68,amenity_place_of_worship,N4315896319,POINT (-79.8943989 -2.1911299),-2.1911299,-79.8943989
building_69,amenity_place_of_worship,N4316147782,POINT (-79.899767 -2.2454997),-2.2454997,-79.899767
building_70,amenity_place_of_worship,N4316213214,POINT (-79.9577539 -2.1189107),-2.1189107,-79.9577539
building_71,amenity_place_of_worship,N4319990504,POINT (-79.8902857 -2.2469368),-2.2469368,-79.8902857
building_72,amenity_place_of_worship,N4320167621,POINT (-79.8952385 -2.2675044),-2.2675044,-79.8952385
building_73,amenity_place_of_worship,N4320351202,POINT (-79.8835306 -2.2611805),-2.2611805,-79.8835306
building_74,amenity_school,N4323544067,POINT (-79.9109583 -2.2035151),-2.2035151,-79.9109583
building_75,amenity_place_of_worship,N4323712989,POINT (-79.9407604 -2.2219486),-2.2219486,-79.9407604
building_76,amenity_school,N4327532689,POINT (-79.8939712 -2.1655629),-2.1655629,-79.8939712
building_77,amenity_school,N4333655891,POINT (-79.891131 -2.1811104),-2.1811104,-79.891131
building_78,amenity_school,N4333695089,POINT (-79.8852359 -2.2068894),-2.2068894,-79.8852359
building_79,amenity_school,N4333824813,POINT (-79.89653 -2.2119395),-2.2119395,-79.89653
building_80,amenity_school,N4333824814,POINT (-79.8882157 -2.1880121),-2.1880121,-79.8882157
building_81,amenity_school,N4333857793,POINT (-79.8926467 -2.2034518),-2.2034518,-79.8926467
building_82,amenity_school,N4333858700,POINT (-79.8963147 -2.2053685),-2.2053685,-79.8963147
building_83,amenity_school,N4333858701,POINT (-79.90306 -2.2088809),-2.2088809,-79.90306
building_84,amenity_school,N4333861797,POINT (-79.8992654 -2.2204454),-2.2204454,-79.8992654
building_85,amenity_school,N4333861798,POINT (-79.8776977 -2.1831),-2.1831,-79.8776977
building_86,amenity_school,N4333861799,POINT (-79.8905624 -2.1838777),-2.1838777,-79.8905624
building_87,amenity_school,N4333863395,POINT (-79.895189 -2.2014234),-2.2014234,-79.895189
building_88,amenity_school,N4333863396,POINT (-79.8958967 -2.1969002),-2.1969002,-79.8958967
building_89,amenity_school,N4333863397,POINT (-79.89262 -2.1927983),-2.1927983,-79.89262
building_90,amenity_school,N4333864803,POINT (-79.8875301 -2.1872331),-2.1872331,-79.8875301
building_91,amenity_school,N4333864805,POINT (-79.8877582 -2.2054157),-2.2054157,-79.8877582
building_92,amenity_school,N4333864806,POINT (-79.8967762 -2.1894083),-2.1894083,-79.8967762
building_93,amenity_school,N4333921094,POINT (-79.8893273 -2.203048),-2.203048,-79.8893273
building_94,amenity_school,N4333921095,POINT (-79.8886058 -2.1969316),-2.1969316,-79.8886058
building_95,amenity_school,N4333921096,POINT (-79.8829197 -2.1900031),-2.1900031,-79.8829197
building_96,amenity_school,N4333921097,POINT (-79.896622 -2.1904589),-2.1904589,-79.896622
building_97,amenity_school,N4333921098,POINT (-79.8966724 -2.1912373),-2.1912373,-79.8966724
building_98,amenity_school,N4333928492,POINT (-79.8915482 -2.1925174),-2.1925174,-79.8915482
building_99,amenity_school,N4333928493,POINT (-79.8944085 -2.1864673),-2.1864673,-79.8944085
building_100,amenity_school,N4333928600,POINT (-79.891538 -2.2029145),-2.2029145,-79.891538
building_101,amenity_school,N4333928601,POINT (-79.8954975 -2.189214),-2.189214,-79.8954975
building_102,amenity_school,N4333928602,POINT (-79.8960667 -2.1880623),-2.1880623,-79.8960667
building_103,amenity_school,N4333928603,POINT (-79.8870135 -2.2069515),-2.2069515,-79.8870135
building_104,amenity_school,N4333928604,POINT (-79.8983612 -2.2182161),-2.2182161,-79.8983612
building_105,amenity_school,N4333928605,POINT (-79.9000936 -2.2048726),-2.2048726,-79.9000936
building_106,amenity_school,N4333928693,POINT (-79.8997314 -2.1981778),-2.1981778,-79.8997314
building_107,amenity_school,N4333928694,POINT (-79.9042976 -2.1975945),-2.1975945,-79.9042976
building_108,amenity_school,N4333928695,POINT (-79.8922285 -2.2060394),-2.2060394,-79.8922285
building_109,amenity_school,N4334583393,POINT (-79.9122394 -2.2124293),-2.2124293,-79.9122394
building_110,amenity_school,N4334583590,POINT (-79.9105546 -2.2064284),-2.2064284,-79.9105546
building_111,amenity_school,N4334633289,POINT (-79.9098955 -2.2054514),-2.2054514,-79.9098955
building_112,amenity_school,N4334676973,POINT (-79.9168763 -2.2011154),-2.2011154,-79.9168763
building_113,tourism_hostel,N4336134932,POINT (-79.9005633 -2.1295896),-2.1295896,-79.9005633
building_114,amenity_school,N4336472893,POINT (-79.8969635 -2.2312009),-2.2312009,-79.8969635
building_115,amenity_school,N4336486289,POINT (-79.8948445 -2.228558),-2.228558,-79.8948445
building_116,amenity_place_of_worship,N4341018792,POINT (-79.8892893 -2.2138076),-2.2138076,-79.8892893
building_117,amenity_place_of_worship,N4341022602,POINT (-79.8982528 -2.1715044),-2.1715044,-79.8982528
building_118,amenity_school,N4346154989,POINT (-79.8893966 -2.2189321),-2.2189321,-79.8893966
building_119,tourism_hostel,N4358156290,POINT (-79.8899531 -2.2133894),-2.2133894,-79.8899531
building_120,amenity_place_of_worship,N4359306491,POINT (-79.9262152 -2.2249129),-2.2249129,-79.9262152
building_121,amenity_school,N4359381989,POINT (-79.9011138 -2.215851),-2.215851,-79.9011138
building_122,amenity_place_of_worship,N4364551793,POINT (-79.930485 -2.2092189),-2.2092189,-79.930485
building_123,amenity_school,N4365018298,POINT (-79.8857 -2.204895),-2.204895,-79.8857
building_124,amenity_school,N4366526190,POINT (-79.9018347 -2.1246297),-2.1246297,-79.9018347
building_125,amenity_community_centre,N4386518689,POINT (-79.9114915 -2.2204404),-2.2204404,-79.9114915
building_126,amenity_school,N4386522297,POINT (-79.9752041 -2.121899),-2.121899,-79.9752041
building_127,amenity_school,N4394226089,POINT (-79.9068054 -2.1753216),-2.1753216,-79.9068054
building_128,amenity_school,N4396311076,POINT (-79.9322083 -2.1486792),-2.1486792,-79.9322083
building_129,amenity_school,N4398407390,POINT (-79.8901844 -2.1549955),-2.1549955,-79.8901844
building_130,amenity_place_of_worship,N4416826414,POINT (-79.9128879 -2.2244234),-2.2244234,-79.9128879
building_131,amenity_school,N4420542095,POINT (-79.9051733 -2.176765),-2.176765,-79.9051733
building_132,amenity_school,N4420622489,POINT (-79.9078333 -2.1149677),-2.1149677,-79.9078333
building_133,amenity_place_of_worship,N4425360690,POINT (-79.914498 -2.0860553),-2.0860553,-79.914498
building_134,amenity_school,N4427687290,POINT (-79.904237 -2.1815949),-2.1815949,-79.904237
building_135,amenity_place_of_worship,N4442286391,POINT (-79.9427145 -2.2028457),-2.2028457,-79.9427145
building_136,amenity_school,N4442313790,POINT (-79.9425581 -2.2028342),-2.2028342,-79.9425581
building_137,amenity_place_of_worship,N4449894491,POINT (-79.8827452 -2.2583196),-2.2583196,-79.8827452
building_138,amenity_place_of_worship,N4450538193,POINT (-79.8952293 -2.1939864),-2.1939864,-79.8952293
building_139,tourism_hostel,N4459741489,POINT (-79.9084198 -2.1746602),-2.1746602,-79.9084198
building_140,amenity_school,N4460773892,POINT (-79.9423568 -2.2307784),-2.2307784,-79.9423568
building_141,amenity_place_of_worship,N4462723597,POINT (-79.9308203 -2.2362839),-2.2362839,-79.9308203
building_142,amenity_place_of_worship,N4475714329,POINT (-79.9126363 -2.2179863),-2.2179863,-79.9126363
building_143,amenity_place_of_worship,N4477988091,POINT (-79.8887501 -2.1732494),-2.1732494,-79.8887501
building_144,amenity_place_of_worship,N4477988092,POINT (-79.9115311 -2.1315709),-2.1315709,-79.9115311
building_145,amenity_school,N4483293589,POINT (-79.914049 -2.1441721),-2.1441721,-79.914049
building_146,tourism_hostel,N4487971689,POINT (-79.90479 -2.0639911),-2.0639911,-79.90479
building_147,amenity_community_centre,N4491281289,POINT (-79.9553281 -2.0574814),-2.0574814,-79.9553281
building_148,amenity_school,N4506493894,POINT (-79.9072551 -2.1377366),-2.1377366,-79.9072551
building_149,amenity_place_of_worship,N4508674591,POINT (-79.9054172 -2.1747574),-2.1747574,-79.9054172
building_150,amenity_place_of_worship,N4508787589,POINT (-79.8990423 -2.1430664),-2.1430664,-79.8990423
building_151,amenity_school,N4508975489,POINT (-79.8916587 -2.1226257),-2.1226257,-79.8916587
building_152,amenity_school,N4512012191,POINT (-79.9221902 -2.1587245),-2.1587245,-79.9221902
building_153,amenity_community_centre,N4512081789,POINT (-79.9161436 -2.0880054),-2.0880054,-79.9161436
building_154,amenity_school,N4512305301,POINT (-79.9336377 -2.0731702),-2.0731702,-79.9336377
building_155,amenity_place_of_worship,N4512372489,POINT (-79.9326884 -2.0731476),-2.0731476,-79.9326884
building_156,amenity_place_of_worship,N4513003091,POINT (-79.915185 -2.2003169),-2.2003169,-79.915185
building_157,tourism_hostel,N4514288289,POINT (-79.9046869 -2.0606711),-2.0606711,-79.9046869
building_158,tourism_hostel,N4514390589,POINT (-79.9048588 -2.0640596),-2.0640596,-79.9048588
building_159,amenity_place_of_worship,N4518930191,POINT (-79.8999245 -2.1443168),-2.1443168,-79.8999245
building_160,amenity_place_of_worship,N4551618100,POINT (-79.872356 -2.2563322),-2.2563322,-79.872356
building_161,amenity_place_of_worship,N4553177490,POINT (-79.892858 -2.1160956),-2.1160956,-79.892858
building_162,amenity_school,N4554245389,POINT (-79.899947 -2.1579687),-2.1579687,-79.899947
building_163,amenity_place_of_worship,N4554916093,POINT (-79.8896013 -2.2101463),-2.2101463,-79.8896013
building_164,amenity_school,N4556011491,POINT (-80.0171204 -2.1904768),-2.1904768,-80.0171204
building_165,amenity_school,N4567151789,POINT (-79.8909255 -2.1929366),-2.1929366,-79.8909255
building_166,amenity_school,N4576306089,POINT (-79.8861027 -2.2832737),-2.2832737,-79.8861027
building_167,amenity_school,N4591422894,POINT (-79.8921113 -2.2581418),-2.2581418,-79.8921113
building_168,amenity_school,N4606773803,POINT (-79.9213177 -2.1004504),-2.1004504,-79.9213177
building_169,amenity_school,N4606839489,POINT (-79.9225411 -2.0916153),-2.0916153,-79.9225411
building_170,amenity_place_of_worship,N4610363593,POINT (-79.9090863 -2.0664347),-2.0664347,-79.9090863
building_171,amenity_place_of_worship,N4644295890,POINT (-79.9338056 -2.2230762),-2.2230762,-79.9338056
building_172,amenity_community_centre,N4663740613,POINT (-79.9121469 -2.0670977),-2.0670977,-79.9121469
building_173,amenity_school,N4666049289,POINT (-79.8952916 -2.2431038),-2.2431038,-79.8952916
building_174,amenity_place_of_worship,N4675508090,POINT (-79.9337623 -2.099524),-2.099524,-79.9337623
building_175,amenity_school,N4675642590,POINT (-79.9641123 -2.134888),-2.134888,-79.9641123
building_176,amenity_place_of_worship,N4675882991,POINT (-79.9741581 -2.0886702),-2.0886702,-79.9741581
building_177,amenity_place_of_worship,N4683731801,POINT (-79.9404734 -2.2151068),-2.2151068,-79.9404734
building_178,amenity_school,N4684468493,POINT (-79.9180517 -2.1609054),-2.1609054,-79.9180517
building_179,tourism_hostel,N4691617058,POINT (-79.8937956 -2.1578293),-2.1578293,-79.8937956
building_180,amenity_school,N4693649989,POINT (-79.9154296 -2.1290223),-2.1290223,-79.9154296
building_181,tourism_hostel,N4704040390,POINT (-79.9135641 -2.1604021),-2.1604021,-79.9135641
building_182,amenity_place_of_worship,N4707646889,POINT (-79.9277592 -2.1231302),-2.1231302,-79.9277592
building_183,amenity_place_of_worship,N4745882822,POINT (-79.895726 -2.13372),-2.13372,-79.895726
building_184,amenity_school,N4750661521,POINT (-79.8777173 -2.1569977),-2.1569977,-79.8777173
building_185,amenity_school,N4790075321,POINT (-79.8996371 -2.1342215),-2.1342215,-79.8996371
building_186,amenity_school,N4804909722,POINT (-79.8922928 -2.1875155),-2.1875155,-79.8922928
building_187,amenity_community_centre,N4814295321,POINT (-79.8760596 -2.260399),-2.260399,-79.8760596
building_188,amenity_school,N4857188723,POINT (-79.8936551 -2.1190822),-2.1190822,-79.8936551
building_189,amenity_place_of_worship,N4885883221,POINT (-79.9402399 -2.1273313),-2.1273313,-79.9402399
building_190,amenity_community_centre,N4889676921,POINT (-79.9244892 -2.22355),-2.22355,-79.9244892
building_191,amenity_place_of_worship,N4902167463,POINT (-79.8833988 -2.118056),-2.118056,-79.8833988
building_192,amenity_place_of_worship,N4902167469,POINT (-79.8942385 -2.1140016),-2.1140016,-79.8942385
building_193,amenity_place_of_worship,N4902222321,POINT (-79.9295079 -2.195184),-2.195184,-79.9295079
building_194,tourism_hostel,N4911805521,POINT (-79.8935126 -2.2046481),-2.2046481,-79.8935126
building_195,amenity_school,N4965002521,POINT (-79.8904707 -2.2103073),-2.2103073,-79.8904707
building_196,amenity_school,N4965002522,POINT (-79.896064 -2.0908343),-2.0908343,-79.896064
building_197,amenity_place_of_worship,N4986873522,POINT (-79.8852886 -2.261281),-2.261281,-79.8852886
building_198,amenity_school,N4995317421,POINT (-79.8965326 -2.2179198),-2.2179198,-79.8965326
building_199,amenity_place_of_worship,N5011610621,POINT (-79.9219767 -2.2348868),-2.2348868,-79.9219767
building_200,amenity_place_of_worship,N5022520325,POINT (-80.0790521 -2.2350059),-2.2350059,-80.0790521
building_201,amenity_place_of_worship,N5022520326,POINT (-79.9949836 -2.1122604),-2.1122604,-79.9949836
building_202,amenity_place_of_worship,N5022537421,POINT (-80.1883602 -2.281447),-2.281447,-80.1883602
building_203,amenity_community_centre,N5031293521,POINT (-79.8898347 -2.1997935),-2.1997935,-79.8898347
building_204,amenity_place_of_worship,N5057461822,POINT (-79.8776827 -2.2819732),-2.2819732,-79.8776827
building_205,amenity_place_of_worship,N5105096921,POINT (-79.8829897 -2.2770696),-2.2770696,-79.8829897
building_206,amenity_place_of_worship,N5108009924,POINT (-79.8957513 -2.2061962),-2.2061962,-79.8957513
building_207,amenity_school,N5108031324,POINT (-79.8896571 -2.2237077),-2.2237077,-79.8896571
building_208,amenity_school,N5108070124,POINT (-79.8830059 -2.2781629),-2.2781629,-79.8830059
building_209,amenity_school,N5121060021,POINT (-79.9440616 -2.1240367),-2.1240367,-79.9440616
building_210,amenity_school,N5164151521,POINT (-79.88744 -2.2591648),-2.2591648,-79.88744
building_211,amenity_place_of_worship,N5176383822,POINT (-79.8862394 -2.2606563),-2.2606563,-79.8862394
building_212,amenity_school,N5189627622,POINT (-79.8734681 -2.256375),-2.256375,-79.8734681
building_213,amenity_school,N5225687222,POINT (-79.9584601 -2.1325065),-2.1325065,-79.9584601
building_214,amenity_place_of_worship,N5249585221,POINT (-79.8913362 -2.2592331),-2.2592331,-79.8913362
building_215,amenity_community_centre,N5296634321,POINT (-79.9544106 -2.0919473),-2.0919473,-79.9544106
building_216,amenity_school,N5297871422,POINT (-80.0534519 -2.190797),-2.190797,-80.0534519
building_217,amenity_community_centre,N5302371521,POINT (-79.9150042 -2.1571675),-2.1571675,-79.9150042
building_218,amenity_school,N5333116823,POINT (-79.9349089 -2.1295106),-2.1295106,-79.9349089
building_219,tourism_hostel,N5344820824,POINT (-79.9035191 -2.1620812),-2.1620812,-79.9035191
building_220,amenity_school,N5409201722,POINT (-79.8781195 -2.2508367),-2.2508367,-79.8781195
building_221,amenity_school,N5423575225,POINT (-79.9032045 -2.2470601),-2.2470601,-79.9032045
building_222,amenity_place_of_worship,N5552550822,POINT (-79.9293868 -2.2081157),-2.2081157,-79.9293868
building_223,amenity_school,N5557972622,POINT (-79.9296253 -2.1034318),-2.1034318,-79.9296253
building_224,amenity_school,N5564369240,POINT (-79.9204143 -2.2384012),-2.2384012,-79.9204143
building_225,amenity_place_of_worship,N5574255083,POINT (-79.9325717 -2.2280615),-2.2280615,-79.9325717
building_226,amenity_place_of_worship,N5574274938,POINT (-79.9447925 -2.2249335),-2.2249335,-79.9447925
building_227,amenity_place_of_worship,N5574277269,POINT (-79.9434232 -2.2217448),-2.2217448,-79.9434232
building_228,amenity_place_of_worship,N5574289111,POINT (-79.9445605 -2.2191497),-2.2191497,-79.9445605
building_229,amenity_place_of_worship,N5574899394,POINT (-79.9281745 -2.2025598),-2.2025598,-79.9281745
building_230,amenity_place_of_worship,N5583720093,POINT (-79.9056806 -2.2014267),-2.2014267,-79.9056806
building_231,amenity_school,N5586211822,POINT (-80.1587242 -2.2123986),-2.2123986,-80.1587242
building_232,amenity_place_of_worship,N5586567763,POINT (-79.9198098 -2.2284639),-2.2284639,-79.9198098
building_233,amenity_place_of_worship,N5586603693,POINT (-79.9216897 -2.2363024),-2.2363024,-79.9216897
building_234,amenity_place_of_worship,N5587015657,POINT (-79.9336606 -2.2337478),-2.2337478,-79.9336606
building_235,amenity_place_of_worship,N5587018735,POINT (-79.9274948 -2.2345193),-2.2345193,-79.9274948
building_236,amenity_place_of_worship,N5587023078,POINT (-79.9153782 -2.2432467),-2.2432467,-79.9153782
building_237,amenity_place_of_worship,N5587193185,POINT (-79.9271252 -2.2426856),-2.2426856,-79.9271252
building_238,amenity_place_of_worship,N5587216159,POINT (-79.946443 -2.1904274),-2.1904274,-79.946443
building_239,amenity_place_of_worship,N5589598465,POINT (-80.0053705 -2.1942651),-2.1942651,-80.0053705
building_240,amenity_place_of_worship,N5591012842,POINT (-79.9321183 -2.0841441),-2.0841441,-79.9321183
building_241,amenity_place_of_worship,N5591025159,POINT (-79.9311584 -2.0809425),-2.0809425,-79.9311584
building_242,amenity_place_of_worship,N5593458619,POINT (-79.9305787 -2.0784433),-2.0784433,-79.9305787
building_243,amenity_place_of_worship,N5593554130,POINT (-79.9275823 -2.0734044),-2.0734044,-79.9275823
building_244,amenity_place_of_worship,N5595314519,POINT (-79.9359628 -2.0865301),-2.0865301,-79.9359628
building_245,amenity_community_centre,N5743335821,POINT (-79.9297287 -2.2099092),-2.2099092,-79.9297287
building_246,amenity_place_of_worship,N5805642454,POINT (-79.9367177 -2.0699751),-2.0699751,-79.9367177
building_247,amenity_place_of_worship,N5824786092,POINT (-79.9481531 -2.1913004),-2.1913004,-79.9481531
building_248,amenity_place_of_worship,N5835649375,POINT (-79.9176511 -2.22406),-2.22406,-79.9176511
building_249,amenity_place_of_worship,N5837394645,POINT (-79.9051556 -2.2328454),-2.2328454,-79.9051556
building_250,amenity_community_centre,N5846596055,POINT (-79.9460841 -2.1923999),-2.1923999,-79.9460841
building_251,amenity_place_of_worship,N5857646104,POINT (-79.8855115 -2.1729951),-2.1729951,-79.8855115
building_252,amenity_place_of_worship,N5862642122,POINT (-79.9184509 -2.1310731),-2.1310731,-79.9184509
building_253,amenity_place_of_worship,N5862642123,POINT (-79.8854415 -2.1242109),-2.1242109,-79.8854415
building_254,amenity_place_of_worship,N5862642130,POINT (-79.873712 -2.258498),-2.258498,-79.873712
building_255,amenity_school,N5862642140,POINT (-79.903336 -2.2072961),-2.2072961,-79.903336
building_256,amenity_school,N5862642144,POINT (-79.9164875 -2.2206707),-2.2206707,-79.9164875
building_257,amenity_place_of_worship,N5862642150,POINT (-79.906554 -2.1876985),-2.1876985,-79.906554
building_258,amenity_place_of_worship,N5862642151,POINT (-79.901375 -2.1732535),-2.1732535,-79.901375
building_259,amenity_place_of_worship,N5862642152,POINT (-79.9023059 -2.1882024),-2.1882024,-79.9023059
building_260,amenity_place_of_worship,N5862642154,POINT (-79.8938707 -2.1258773),-2.1258773,-79.8938707
building_261,amenity_place_of_worship,N5862642158,POINT (-79.9161875 -2.0861479),-2.0861479,-79.9161875
building_262,amenity_place_of_worship,N5862642178,POINT (-79.9271461 -2.2426671),-2.2426671,-79.9271461
building_263,amenity_place_of_worship,N5862642181,POINT (-79.910495 -2.2206809),-2.2206809,-79.910495
building_264,amenity_place_of_worship,N5862642343,POINT (-79.9069361 -2.1974032),-2.1974032,-79.9069361
building_265,amenity_place_of_worship,N5862642351,POINT (-79.8866548 -2.2390626),-2.2390626,-79.8866548
building_266,amenity_place_of_worship,N5862642356,POINT (-79.9011097 -2.2523929),-2.2523929,-79.9011097
building_267,amenity_place_of_worship,N5862642364,POINT (-79.898156 -2.2337626),-2.2337626,-79.898156
building_268,amenity_place_of_worship,N5862642365,POINT (-79.9075931 -2.1676544),-2.1676544,-79.9075931
building_269,amenity_place_of_worship,N5862642384,POINT (-79.9211031 -2.1222795),-2.1222795,-79.9211031
building_270,amenity_place_of_worship,N5862642602,POINT (-79.921667 -2.129689),-2.129689,-79.921667
building_271,amenity_place_of_worship,N5862642607,POINT (-79.8893628 -2.2489966),-2.2489966,-79.8893628
building_272,amenity_place_of_worship,N5862642612,POINT (-79.997105 -2.1164633),-2.1164633,-79.997105
building_273,amenity_place_of_worship,N5862642613,POINT (-79.92898 -2.132525),-2.132525,-79.92898
building_274,amenity_place_of_worship,N5862642614,POINT (-79.9155236 -2.0650089),-2.0650089,-79.9155236
building_275,amenity_place_of_worship,N5862642615,POINT (-79.9480022 -2.1205947),-2.1205947,-79.9480022
building_276,amenity_place_of_worship,N5862642617,POINT (-79.9029585 -2.213629),-2.213629,-79.9029585
building_277,amenity_place_of_worship,N5862642812,POINT (-79.9000662 -2.1769248),-2.1769248,-79.9000662
building_278,amenity_place_of_worship,N5862642813,POINT (-79.9253081 -2.2156073),-2.2156073,-79.9253081
building_279,amenity_place_of_worship,N5862642820,POINT (-79.9124511 -2.1239548),-2.1239548,-79.9124511
building_280,amenity_place_of_worship,N5862642824,POINT (-79.92819 -2.141596),-2.141596,-79.92819
building_281,amenity_place_of_worship,N5862642825,POINT (-79.8821205 -2.2485356),-2.2485356,-79.8821205
building_282,amenity_place_of_worship,N5862642830,POINT (-79.9013233 -2.2462897),-2.2462897,-79.9013233
building_283,amenity_place_of_worship,N5862642834,POINT (-79.8806324 -2.2722248),-2.2722248,-79.8806324
building_284,amenity_place_of_worship,N5862642835,POINT (-79.9499816 -2.110013),-2.110013,-79.9499816
building_285,amenity_place_of_worship,N5862642836,POINT (-79.9554995 -2.1148747),-2.1148747,-79.9554995
building_286,amenity_place_of_worship,N5862642841,POINT (-79.9549673 -2.1268344),-2.1268344,-79.9549673
building_287,amenity_place_of_worship,N5862642844,POINT (-79.88203 -2.266636),-2.266636,-79.88203
building_288,amenity_place_of_worship,N5862642845,POINT (-79.987908 -2.1235322),-2.1235322,-79.987908
building_289,amenity_place_of_worship,N5862642846,POINT (-79.9966809 -2.1238561),-2.1238561,-79.9966809
building_290,amenity_place_of_worship,N5862642847,POINT (-79.95572 -2.047624),-2.047624,-79.95572
building_291,amenity_place_of_worship,N5862642848,POINT (-79.9211543 -2.0890389),-2.0890389,-79.9211543
building_292,amenity_place_of_worship,N5862642849,POINT (-79.9236686 -2.1378701),-2.1378701,-79.9236686
building_293,amenity_place_of_worship,N5862642850,POINT (-79.9202014 -2.0955074),-2.0955074,-79.9202014
building_294,amenity_place_of_worship,N5862642851,POINT (-79.8843587 -2.1946564),-2.1946564,-79.8843587
building_295,amenity_place_of_worship,N5862642854,POINT (-79.8939705 -2.2375146),-2.2375146,-79.8939705
building_296,amenity_place_of_worship,N5862643188,POINT (-79.9784694 -2.1104199),-2.1104199,-79.9784694
building_297,amenity_place_of_worship,N5862643589,POINT (-79.9636369 -2.1084074),-2.1084074,-79.9636369
building_298,amenity_place_of_worship,N5862643596,POINT (-79.9212355 -2.1432555),-2.1432555,-79.9212355
building_299,amenity_place_of_worship,N5862643600,POINT (-79.940094 -2.148709),-2.148709,-79.940094
building_300,amenity_place_of_worship,N5862644394,POINT (-79.9302616 -2.150636),-2.150636,-79.9302616
building_301,amenity_place_of_worship,N5862644588,POINT (-79.9214079 -2.1518207),-2.1518207,-79.9214079
building_302,amenity_place_of_worship,N5862644589,POINT (-79.9662846 -2.1009409),-2.1009409,-79.9662846
building_303,amenity_place_of_worship,N5862644590,POINT (-79.9577395 -2.0484318),-2.0484318,-79.9577395
building_304,amenity_place_of_worship,N5862647500,POINT (-79.8867369 -2.1689023),-2.1689023,-79.8867369
building_305,amenity_place_of_worship,N5862649792,POINT (-79.9249115 -2.1212843),-2.1212843,-79.9249115
building_306,amenity_place_of_worship,N5862649793,POINT (-79.912702 -2.1555235),-2.1555235,-79.912702
building_307,amenity_place_of_worship,N5862649794,POINT (-79.940037 -2.134704),-2.134704,-79.940037
building_308,amenity_place_of_worship,N5862649795,POINT (-79.8916643 -2.1163919),-2.1163919,-79.8916643
building_309,amenity_place_of_worship,N5862649804,POINT (-79.9224541 -2.1376753),-2.1376753,-79.9224541
building_310,amenity_community_centre,N5862649810,POINT (-79.9304253 -2.1542279),-2.1542279,-79.9304253
building_311,amenity_place_of_worship,N5862649814,POINT (-79.904861 -2.09464),-2.09464,-79.904861
building_312,amenity_place_of_worship,N5862649815,POINT (-79.9305917 -2.0784067),-2.0784067,-79.9305917
building_313,amenity_place_of_worship,N5862649816,POINT (-79.9721 -2.0932),-2.0932,-79.9721
building_314,amenity_place_of_worship,N5862649823,POINT (-79.9034471 -2.1303928),-2.1303928,-79.9034471
building_315,amenity_place_of_worship,N5862649829,POINT (-79.9398573 -2.1542084),-2.1542084,-79.9398573
building_316,amenity_place_of_worship,N5862649832,POINT (-80.097426 -2.234085),-2.234085,-80.097426
building_317,amenity_place_of_worship,N5862650085,POINT (-79.9091497 -2.1178444),-2.1178444,-79.9091497
building_318,amenity_place_of_worship,N5862650090,POINT (-79.9253948 -2.1949734),-2.1949734,-79.9253948
building_319,amenity_place_of_worship,N5862650091,POINT (-79.8921039 -2.2483883),-2.2483883,-79.8921039
building_320,amenity_place_of_worship,N5862650093,POINT (-79.88605 -2.24721),-2.24721,-79.88605
building_321,amenity_place_of_worship,N5862650096,POINT (-79.9504862 -2.1103368),-2.1103368,-79.9504862
building_322,amenity_place_of_worship,N5862650101,POINT (-79.9248949 -2.0984764),-2.0984764,-79.9248949
building_323,amenity_place_of_worship,N5862650105,POINT (-79.968684 -2.1217335),-2.1217335,-79.968684
building_324,amenity_place_of_worship,N5862650106,POINT (-79.97499 -2.122943),-2.122943,-79.97499
building_325,amenity_place_of_worship,N5862650107,POINT (-80.00663 -2.114264),-2.114264,-80.00663
building_326,amenity_place_of_worship,N5862650114,POINT (-79.9317416 -2.0975473),-2.0975473,-79.9317416
building_327,amenity_place_of_worship,N5862650115,POINT (-79.9538814 -2.0983964),-2.0983964,-79.9538814
building_328,amenity_place_of_worship,N5862650116,POINT (-79.9700175 -2.098899),-2.098899,-79.9700175
building_329,amenity_place_of_worship,N5862650117,POINT (-79.9170754 -2.0830978),-2.0830978,-79.9170754
building_330,amenity_place_of_worship,N5862650118,POINT (-79.915192 -2.1155746),-2.1155746,-79.915192
building_331,amenity_place_of_worship,N5862650119,POINT (-80.0026325 -2.0843801),-2.0843801,-80.0026325
building_332,amenity_place_of_worship,N5862650120,POINT (-79.9559514 -2.10352),-2.10352,-79.9559514
building_333,amenity_place_of_worship,N5862650122,POINT (-79.9661314 -2.1354949),-2.1354949,-79.9661314
building_334,amenity_place_of_worship,N5862650124,POINT (-79.8838889 -2.1947876),-2.1947876,-79.8838889
building_335,amenity_place_of_worship,N5862650137,POINT (-79.8948696 -2.2175374),-2.2175374,-79.8948696
building_336,amenity_place_of_worship,N5862650138,POINT (-79.9119268 -2.1818897),-2.1818897,-79.9119268
building_337,amenity_place_of_worship,N5874108785,POINT (-79.8957449 -2.1226535),-2.1226535,-79.8957449
building_338,amenity_place_of_worship,N5891991394,POINT (-79.9087853 -2.1117611),-2.1117611,-79.9087853
building_339,amenity_place_of_worship,N5893309885,POINT (-79.9087723 -2.111816),-2.111816,-79.9087723
building_340,amenity_school,N5894238686,POINT (-79.876132 -2.2786076),-2.2786076,-79.876132
building_341,amenity_community_centre,N5894238688,POINT (-79.8754792 -2.2800058),-2.2800058,-79.8754792
building_342,amenity_place_of_worship,N5894238691,POINT (-79.873954 -2.2805527),-2.2805527,-79.873954
building_343,amenity_school,N5894238692,POINT (-79.8754367 -2.2806794),-2.2806794,-79.8754367
building_344,amenity_community_centre,N5894238703,POINT (-79.8783468 -2.2826682),-2.2826682,-79.8783468
building_345,amenity_place_of_worship,N5894247487,POINT (-79.8792484 -2.2768636),-2.2768636,-79.8792484
building_346,amenity_school,N5894247591,POINT (-79.8833639 -2.278547),-2.278547,-79.8833639
building_347,amenity_school,N5896462685,POINT (-79.8917168 -2.2778151),-2.2778151,-79.8917168
building_348,amenity_place_of_worship,N5967723891,POINT (-80.0970928 -2.2335058),-2.2335058,-80.0970928
building_349,amenity_place_of_worship,N5967735002,POINT (-80.0973248 -2.2346747),-2.2346747,-80.0973248
building_350,amenity_place_of_worship,N5967751885,POINT (-79.9545854 -2.1852628),-2.1852628,-79.9545854
building_351,amenity_school,N5970482540,POINT (-79.892242 -2.172918),-2.172918,-79.892242
building_352,amenity_place_of_worship,N5972913887,POINT (-79.938399 -2.216629),-2.216629,-79.938399
building_353,amenity_school,N5987080299,POINT (-79.9146372 -2.1611973),-2.1611973,-79.9146372
building_354,amenity_place_of_worship,N5990187134,POINT (-79.9069622 -2.1688113),-2.1688113,-79.9069622
building_355,amenity_school,N5991379291,POINT (-79.9064601 -2.1716698),-2.1716698,-79.9064601
building_356,amenity_school,N6008469974,POINT (-79.8900649 -2.1463352),-2.1463352,-79.8900649
building_357,amenity_school,N6008548418,POINT (-79.8936775 -2.1525062),-2.1525062,-79.8936775
building_358,amenity_place_of_worship,N6039553535,POINT (-79.9025366 -2.1300604),-2.1300604,-79.9025366
building_359,amenity_place_of_worship,N6040319285,POINT (-79.9288907 -2.2052636),-2.2052636,-79.9288907
building_360,amenity_school,N6042814322,POINT (-79.9030378 -2.1502697),-2.1502697,-79.9030378
building_361,amenity_school,N6042851509,POINT (-79.9106844 -2.1518688),-2.1518688,-79.9106844
building_362,amenity_school,N6049733985,POINT (-79.9005104 -2.1156267),-2.1156267,-79.9005104
building_363,amenity_school,N6055683351,POINT (-79.8813008 -2.1434617),-2.1434617,-79.8813008
building_364,amenity_school,N6055993527,POINT (-79.8813286 -2.1603805),-2.1603805,-79.8813286
building_365,amenity_place_of_worship,N6058876587,POINT (-79.9586106 -2.0538756),-2.0538756,-79.9586106
building_366,amenity_place_of_worship,N6074356985,POINT (-79.9008123 -2.207045),-2.207045,-79.9008123
building_367,amenity_place_of_worship,N6111289685,POINT (-79.9721798 -2.1264052),-2.1264052,-79.9721798
building_368,amenity_place_of_worship,N6120086885,POINT (-79.8930107 -2.1825398),-2.1825398,-79.8930107
building_369,amenity_community_centre,N6125912686,POINT (-79.8879716 -2.1842847),-2.1842847,-79.8879716
building_370,amenity_place_of_worship,N6152709486,POINT (-79.9345923 -2.226654),-2.226654,-79.9345923
building_371,amenity_school,N6154094485,POINT (-79.8886538 -2.2135969),-2.2135969,-79.8886538
building_372,amenity_place_of_worship,N6177902385,POINT (-79.952657 -2.025817),-2.025817,-79.952657
building_373,amenity_place_of_worship,N6179094985,POINT (-79.9602 -2.0117),-2.0117,-79.9602
building_374,amenity_place_of_worship,N6179304985,POINT (-79.9622246 -2.0052246),-2.0052246,-79.9622246
building_375,amenity_place_of_worship,N6180141685,POINT (-79.9698828 -2.002615),-2.002615,-79.9698828
building_376,amenity_place_of_worship,N6180145485,POINT (-79.9861075 -1.9845531),-1.9845531,-79.9861075
building_377,amenity_place_of_worship,N6180212285,POINT (-79.9980974 -1.980441),-1.980441,-79.9980974
building_378,amenity_place_of_worship,N6248363485,POINT (-79.9374063 -2.2296769),-2.2296769,-79.9374063
building_379,amenity_place_of_worship,N6248514385,POINT (-79.9218707 -2.1960586),-2.1960586,-79.9218707
building_380,amenity_place_of_worship,N6317495285,POINT (-79.9519745 -2.1242515),-2.1242515,-79.9519745
building_381,amenity_place_of_worship,N6319608587,POINT (-79.9260263 -2.2243536),-2.2243536,-79.9260263
building_382,amenity_place_of_worship,N6323810386,POINT (-79.9873116 -2.1127099),-2.1127099,-79.9873116
building_383,amenity_school,N6333089785,POINT (-79.9094453 -2.1444739),-2.1444739,-79.9094453
building_384,amenity_place_of_worship,N6462485589,POINT (-79.9290687 -2.1781128),-2.1781128,-79.9290687
building_385,amenity_place_of_worship,N6462548285,POINT (-79.9272054 -2.1772588),-2.1772588,-79.9272054
building_386,amenity_place_of_worship,N6462648486,POINT (-79.9319528 -2.1620789),-2.1620789,-79.9319528
building_387,amenity_place_of_worship,N6471794085,POINT (-79.9088798 -2.1243919),-2.1243919,-79.9088798
building_388,amenity_school,N6476958685,POINT (-79.8916065 -2.1759418),-2.1759418,-79.8916065
building_389,amenity_place_of_worship,N6483284785,POINT (-80.0580004 -2.1996511),-2.1996511,-80.0580004
building_390,amenity_place_of_worship,N6483366385,POINT (-80.0793127 -2.234772),-2.234772,-80.0793127
building_391,amenity_place_of_worship,N6484697485,POINT (-80.0836321 -2.2211768),-2.2211768,-80.0836321
building_392,amenity_place_of_worship,N6484743486,POINT (-80.0260027 -2.1898548),-2.1898548,-80.0260027
building_393,amenity_place_of_worship,N6489506685,POINT (-79.921559 -2.0991968),-2.0991968,-79.921559
building_394,amenity_place_of_worship,N6546393585,POINT (-79.940641 -2.1765465),-2.1765465,-79.940641
building_395,amenity_place_of_worship,N6568934224,POINT (-79.9047342 -2.1203691),-2.1203691,-79.9047342
building_396,amenity_place_of_worship,N6579045385,POINT (-79.9208575 -2.2308297),-2.2308297,-79.9208575
building_397,amenity_school,N6631107085,POINT (-79.8899198 -2.1873877),-2.1873877,-79.8899198
building_398,amenity_school,N6694280385,POINT (-79.911325 -2.2111586),-2.2111586,-79.911325
building_399,amenity_place_of_worship,N6804675285,POINT (-79.880865 -2.1813193),-2.1813193,-79.880865
building_400,amenity_school,N6845367689,POINT (-79.8948105 -2.1682412),-2.1682412,-79.8948105
building_401,amenity_school,N7040207386,POINT (-79.8902392 -2.1623141),-2.1623141,-79.8902392
building_402,amenity_place_of_worship,N7081709186,POINT (-79.9517487 -2.1051418),-2.1051418,-79.9517487
building_403,amenity_school,N7139629385,POINT (-79.9675695 -2.0929397),-2.0929397,-79.9675695
building_404,amenity_place_of_worship,N7147917385,POINT (-79.9454542 -2.205153),-2.205153,-79.9454542
building_405,tourism_hostel,N7148012886,POINT (-79.8947461 -2.1479497),-2.1479497,-79.8947461
building_406,amenity_place_of_worship,N7155610585,POINT (-79.9438415 -2.2346145),-2.2346145,-79.9438415
building_407,amenity_place_of_worship,N7161250451,POINT (-79.9116327 -2.0804919),-2.0804919,-79.9116327
building_408,amenity_place_of_worship,N7202248159,POINT (-79.8815711 -2.1820881),-2.1820881,-79.8815711
building_409,amenity_place_of_worship,N7230832785,POINT (-79.9700422 -2.1148354),-2.1148354,-79.9700422
building_410,amenity_place_of_worship,N7236205167,POINT (-79.912615 -2.1649988),-2.1649988,-79.912615
building_411,amenity_place_of_worship,N7443693185,POINT (-79.9728316 -2.0916595),-2.0916595,-79.9728316
building_412,amenity_place_of_worship,N7667891790,POINT (-79.8767457 -2.2759912),-2.2759912,-79.8767457
building_413,amenity_place_of_worship,N7671955917,POINT (-79.8789454 -2.2634514),-2.2634514,-79.8789454
building_414,amenity_place_of_worship,N7671955918,POINT (-79.8983404 -2.2635099),-2.2635099,-79.8983404
building_415,amenity_place_of_worship,N7671955919,POINT (-79.9022828 -2.2475389),-2.2475389,-79.9022828
building_416,amenity_place_of_worship,N7674102181,POINT (-79.8885724 -2.2267598),-2.2267598,-79.8885724
building_417,amenity_place_of_worship,N7674102182,POINT (-79.937425 -2.2285768),-2.2285768,-79.937425
building_418,amenity_place_of_worship,N7674102183,POINT (-79.9266841 -2.2271512),-2.2271512,-79.9266841
building_419,amenity_place_of_worship,N7674102184,POINT (-79.9355378 -2.2223078),-2.2223078,-79.9355378
building_420,amenity_place_of_worship,N7674124985,POINT (-79.9264117 -2.2180607),-2.2180607,-79.9264117
building_421,amenity_place_of_worship,N7674485113,POINT (-79.9091568 -2.2168122),-2.2168122,-79.9091568
building_422,amenity_place_of_worship,N7674485114,POINT (-79.9185885 -2.217141),-2.217141,-79.9185885
building_423,amenity_place_of_worship,N7674485115,POINT (-79.9267153 -2.2096547),-2.2096547,-79.9267153
building_424,amenity_place_of_worship,N7721733052,POINT (-79.9353992 -2.2053179),-2.2053179,-79.9353992
building_425,amenity_place_of_worship,N7721733053,POINT (-79.9149669 -2.2069689),-2.2069689,-79.9149669
building_426,amenity_place_of_worship,N7721733054,POINT (-79.9340096 -2.1969906),-2.1969906,-79.9340096
building_427,amenity_place_of_worship,N7721733055,POINT (-79.9204056 -2.1977608),-2.1977608,-79.9204056
building_428,amenity_place_of_worship,N7767180468,POINT (-79.9089418 -2.1995495),-2.1995495,-79.9089418
building_429,amenity_place_of_worship,N7767180469,POINT (-79.9118043 -2.1942875),-2.1942875,-79.9118043
building_430,amenity_place_of_worship,N7767180470,POINT (-79.9003527 -2.1919299),-2.1919299,-79.9003527
building_431,amenity_place_of_worship,N7767180471,POINT (-79.8825792 -2.1869126),-2.1869126,-79.8825792
building_432,amenity_place_of_worship,N7771174468,POINT (-79.9340888 -2.1466481),-2.1466481,-79.9340888
building_433,amenity_place_of_worship,N7771174469,POINT (-79.9311502 -2.1430729),-2.1430729,-79.9311502
building_434,amenity_place_of_worship,N7771174470,POINT (-79.9470273 -2.1031546),-2.1031546,-79.9470273
building_435,amenity_place_of_worship,N7771174471,POINT (-79.9362786 -2.0918229),-2.0918229,-79.9362786
building_436,amenity_place_of_worship,N7771174472,POINT (-79.9118852 -2.0934253),-2.0934253,-79.9118852
building_437,amenity_place_of_worship,N7771174473,POINT (-79.9294897 -2.0708494),-2.0708494,-79.9294897
building_438,amenity_place_of_worship,N7885786825,POINT (-79.9815979 -2.0590136),-2.0590136,-79.9815979
building_439,amenity_place_of_worship,N7932137422,POINT (-79.9663696 -2.0086231),-2.0086231,-79.9663696
building_440,amenity_place_of_worship,N7946441393,POINT (-79.8940201 -2.1548924),-2.1548924,-79.8940201
building_441,amenity_place_of_worship,N7961289546,POINT (-79.9253616 -2.119832),-2.119832,-79.9253616
building_442,amenity_place_of_worship,N8255841650,POINT (-79.8969678 -2.2454026),-2.2454026,-79.8969678
building_443,amenity_place_of_worship,N8301500817,POINT (-79.8888893 -2.1915302),-2.1915302,-79.8888893
building_444,amenity_school,N8387832927,POINT (-79.9314147 -2.0697587),-2.0697587,-79.9314147
building_445,amenity_school,N8387832938,POINT (-79.9290853 -2.0733757),-2.0733757,-79.9290853
building_446,amenity_school,N8401302972,POINT (-79.9074631 -2.2083685),-2.2083685,-79.9074631
building_447,amenity_place_of_worship,N8418659287,POINT (-79.9174874 -2.2011704),-2.2011704,-79.9174874
building_448,amenity_place_of_worship,N8482700917,POINT (-79.932771 -2.1481075),-2.1481075,-79.932771
building_449,amenity_place_of_worship,N8482701017,POINT (-79.9691613 -2.0924784),-2.0924784,-79.9691613
building_450,tourism_hostel,N8515490517,POINT (-79.8948594 -2.1390134),-2.1390134,-79.8948594
building_451,amenity_place_of_worship,N8526080124,POINT (-79.9055557 -2.2593405),-2.2593405,-79.9055557
building_452,amenity_place_of_worship,N8569778175,POINT (-79.9430618 -2.2142456),-2.2142456,-79.9430618
building_453,tourism_hostel,N8593902417,POINT (-79.8877992 -2.1510259),-2.1510259,-79.8877992
building_454,amenity_place_of_worship,N8958186754,POINT (-79.8868649 -2.1917749),-2.1917749,-79.8868649
building_455,amenity_school,N8980618183,POINT (-80.2196097 -2.480397),-2.480397,-80.2196097
building_456,amenity_place_of_worship,N8997414625,POINT (-79.9456877 -2.1349108),-2.1349108,-79.9456877
building_457,amenity_school,N8997418924,POINT (-79.9423615 -2.1323626),-2.1323626,-79.9423615
building_458,amenity_place_of_worship,N9288690049,POINT (-79.8891525 -2.2589428),-2.2589428,-79.8891525
building_459,amenity_place_of_worship,N9291364042,POINT (-79.8954926 -2.2693465),-2.2693465,-79.8954926
building_460,amenity_place_of_worship,N9313414309,POINT (-79.965332 -2.1155097),-2.1155097,-79.965332
building_461,amenity_place_of_worship,N9322132848,POINT (-79.9065857 -2.2243001),-2.2243001,-79.9065857
building_462,amenity_school,N9395398773,POINT (-79.8982377 -2.1775046),-2.1775046,-79.8982377
building_463,amenity_place_of_worship,N9550207290,POINT (-80.0153218 -2.118206),-2.118206,-80.0153218
building_464,amenity_school,N9550207311,POINT (-80.0218228 -2.1129188),-2.1129188,-80.0218228
building_465,tourism_hostel,N9674423017,POINT (-79.8957871 -2.1391726),-2.1391726,-79.8957871
building_466,amenity_place_of_worship,N9699946345,POINT (-79.8831582 -2.2014042),-2.2014042,-79.8831582
building_467,amenity_place_of_worship,N9703913113,POINT (-79.8759256 -2.1808521),-2.1808521,-79.8759256
building_468,amenity_place_of_worship,N9829848435,POINT (-79.9363632 -2.2271492),-2.2271492,-79.9363632
building_469,amenity_place_of_worship,N9861447777,POINT (-79.9160055 -2.2101172),-2.2101172,-79.9160055
building_470,amenity_place_of_worship,N9924898517,POINT (-79.9385203 -2.1237959),-2.1237959,-79.9385203
building_471,amenity_place_of_worship,N9962080651,POINT (-79.9026413 -2.0657105),-2.0657105,-79.9026413
building_472,amenity_place_of_worship,N9980334871,POINT (-79.9459839 -2.068547),-2.068547,-79.9459839
building_473,tourism_hostel,N9988746217,POINT (-80.0512937 -2.3454326),-2.3454326,-80.0512937
building_474,amenity_place_of_worship,N10019035897,POINT (-79.8802185 -2.1305003),-2.1305003,-79.8802185
building_475,amenity_place_of_worship,N10083048419,POINT (-79.9303893 -2.2091294),-2.2091294,-79.9303893
building_476,amenity_place_of_worship,N10607656737,POINT (-79.9095312 -2.0598301),-2.0598301,-79.9095312
building_477,amenity_place_of_worship,N11049551506,POINT (-79.898572 -2.0906649),-2.0906649,-79.898572
building_478,amenity_school,N11063233305,POINT (-79.8960292 -2.1134762),-2.1134762,-79.8960292
building_479,amenity_place_of_worship,N11822274991,POINT (-79.8980161 -2.0814533),-2.0814533,-79.8980161
building_480,amenity_place_of_worship,N12146542647,POINT (-79.8869892 -2.2091324),-2.2091324,-79.8869892
building_481,amenity_community_centre,W28618430,"POLYGON ((-79.8879013 -2.1592816, -79.8875474 -2.158689, -79.887626 -2.1584241, -79.8870509 -2.1574611, -79.8865179 -2.157779, -79.8863739 -2.157538, -79.8862826 -2.1575925, -79.8875479 -2.1597113, -79.887717 -2.1596104, -79.8876206 -2.1594489, -79.8879013 -2.1592816))",-2.1584717783366716,-79.88717848258621
building_482,amenity_school,W34926103,"POLYGON ((-79.8941233 -2.2626958, -79.8933029 -2.2632567, -79.8931293 -2.2630132, -79.8929722 -2.2631145, -79.8923875 -2.2622732, -79.8924994 -2.2621974, -79.8924188 -2.262077, -79.8933115 -2.2614579, -79.8941233 -2.2626958))",-2.2623915740563065,-79.89323191407227
building_483,amenity_school,W35415390,"POLYGON ((-79.9449063 -2.1666881, -79.9442326 -2.1683765, -79.9430465 -2.1678864, -79.9426455 -2.1674767, -79.9425248 -2.1673637, -79.9423747 -2.1672209, -79.9419624 -2.1668285, -79.9422647 -2.1666177, -79.9428493 -2.1658293, -79.9436549 -2.1661656, -79.9449063 -2.1666881))",-2.1670556723179106,-79.94351069499446
building_484,amenity_school,W35415392,"POLYGON ((-79.9464312 -2.1647862, -79.9455808 -2.1644316, -79.9459215 -2.1636965, -79.9459989 -2.1634715, -79.9468009 -2.1638173, -79.9464312 -2.1647862))",-2.164133481019783,-79.94620439386792
building_485,amenity_school,W35415398,"POLYGON ((-79.9357007 -2.1679811, -79.9338838 -2.1698248, -79.9329194 -2.1688877, -79.9347931 -2.1670696, -79.9349215 -2.1672008, -79.9357007 -2.1679811))",-2.1684472127636796,-79.93431655239462
building_486,amenity_school,W35415401,"POLYGON ((-79.933451 -2.1656172, -79.9316521 -2.1672412, -79.9315822 -2.1674101, -79.9316055 -2.1675673, -79.9319724 -2.1686329, -79.9321121 -2.1687843, -79.9322693 -2.1688774, -79.9324265 -2.1689298, -79.9326653 -2.1689065, -79.9328458 -2.168825, -79.9329972 -2.1687144, -79.93479 -2.1670642, -79.933451 -2.1656172))",-2.167344920201877,-79.93305252066116
building_487,amenity_school,W35426280,"POLYGON ((-79.9194031 -2.1695192, -79.9193357 -2.1695856, -79.9187309 -2.1701821, -79.9184391 -2.1704822, -79.918728 -2.1708036, -79.9188397 -2.1709264, -79.9194715 -2.1716621, -79.919868 -2.1715298, -79.9202621 -2.1713435, -79.9207729 -2.1710429, -79.9194031 -2.1695192))",-2.1706729868683334,-79.91955947435768
building_488,amenity_school,W35557147,"POLYGON ((-79.9397044 -2.2278389, -79.9409426 -2.2289775, -79.9415323 -2.2283372, -79.940294 -2.2271986, -79.9397044 -2.2278389))",-2.2280880550449025,-79.94061833517274
building_489,amenity_school,W35557148,"POLYGON ((-79.9357003 -2.2237806, -79.9364578 -2.2244651, -79.9380572 -2.2230208, -79.9374137 -2.2222301, -79.9357003 -2.2237806))",-2.2233695739276884,-79.93690349227404
building_490,amenity_school,W35557150,"POLYGON ((-79.9431425 -2.2192175, -79.9433392 -2.2196388, -79.9426463 -2.2199171, -79.942433 -2.21954, -79.9425719 -2.2194656, -79.9431425 -2.2192175))",-2.219572981545198,-79.94289185516428
building_491,amenity_school,W35557151,"POLYGON ((-79.9335139 -2.2141068, -79.9330114 -2.2146122, -79.9321469 -2.2138164, -79.9321501 -2.2136755, -79.9314917 -2.2131073, -79.9319383 -2.2126268, -79.9335139 -2.2141068))",-2.2136329688043657,-79.93250946604819
building_492,amenity_school,W35577002,"POLYGON ((-79.9015587 -2.2045538, -79.9010356 -2.2047003, -79.90089 -2.2041813, -79.9014132 -2.2040348, -79.9015587 -2.2045538))",-2.204367542945508,-79.90122437066934
building_493,amenity_school,W35577003,"POLYGON ((-79.9039393 -2.214403, -79.9032148 -2.2146164, -79.9028824 -2.2135149, -79.9036019 -2.2132271, -79.9039393 -2.214403))",-2.2139370698234315,-79.90341265812376
building_494,amenity_school,W35577004,"POLYGON ((-79.9014082 -2.2213662, -79.9010262 -2.2214778, -79.9007613 -2.220557, -79.9011394 -2.2204477, -79.9014082 -2.2213662))",-2.22096303515753,-79.90108398441268
building_495,amenity_school,W35577008,"POLYGON ((-79.8995598 -2.247057, -79.8994548 -2.2478553, -79.8985227 -2.2477467, -79.8986303 -2.2469171, -79.8995598 -2.247057))",-2.2473935227646282,-79.89903894973294
building_496,amenity_school,W35577013,"POLYGON ((-79.8888448 -2.2171481, -79.8883398 -2.217379, -79.8885816 -2.2183833, -79.8890786 -2.21828, -79.8888448 -2.2171481))",-2.2177900625444744,-79.88871440521775
building_497,amenity_school,W35577311,"POLYGON ((-79.8946992 -2.2021035, -79.8950864 -2.2034223, -79.8937667 -2.2037547, -79.8933483 -2.2024681, -79.8946992 -2.2021035))",-2.202933557621411,-79.89422609415054
building_498,amenity_school,W35577312,"POLYGON ((-79.8963945 -2.2130641, -79.8966312 -2.2137157, -79.8955005 -2.2141256, -79.8952639 -2.213474, -79.8963945 -2.2130641))",-2.2135948525644116,-79.89594753117359
building_499,amenity_place_of_worship,W35607705,"POLYGON ((-79.8895437 -2.1492383, -79.8894769 -2.1495815, -79.8890007 -2.149489, -79.8890674 -2.1491457, -79.8895437 -2.1492383))",-2.1493636163427947,-79.88927216736816
building_500,amenity_school,W35683946,"POLYGON ((-79.8998835 -2.1433811, -79.8994817 -2.1439419, -79.8987609 -2.1434191, -79.8991628 -2.1428583, -79.8998835 -2.1433811))",-2.143400100558602,-79.89932221683107
building_501,amenity_school,W35684163,"POLYGON ((-79.9002021 -2.1430174, -79.9004049 -2.1427412, -79.8996291 -2.1421647, -79.8994263 -2.1424409, -79.9002021 -2.1430174))",-2.14259105,-79.8999156
building_502,amenity_school,W35693206,"POLYGON ((-79.8884159 -2.1327984, -79.888068 -2.1325079, -79.8871639 -2.1335889, -79.8875117 -2.1338794, -79.8884159 -2.1327984))",-2.1331936358540498,-79.88778988907113
building_503,amenity_place_of_worship,W35767801,"POLYGON ((-79.9002254 -2.1377202, -79.9001386 -2.1378317, -79.8999627 -2.137695, -79.9000495 -2.1375835, -79.9002254 -2.1377202))",-2.1377076,-79.90009405000002
building_504,amenity_school,W35768434,"POLYGON ((-79.9103854 -2.1471945, -79.9098102 -2.1459337, -79.9105979 -2.1455798, -79.9108017 -2.1460054, -79.9109391 -2.146459, -79.9109508 -2.1465944, -79.9109558 -2.1467308, -79.9109093 -2.1468572, -79.9108128 -2.1469787, -79.9106564 -2.1470968, -79.91052 -2.147165, -79.9103854 -2.1471945))",-2.1463661562243925,-79.91045317980469
building_505,amenity_school,W35768439,"POLYGON ((-79.910811 -2.1503787, -79.9121881 -2.1497314, -79.911236 -2.1475342, -79.9111105 -2.1474735, -79.9103988 -2.1476568, -79.9096857 -2.1478276, -79.9098313 -2.1481636, -79.910811 -2.1503787))",-2.1488525663557607,-79.91095612884997
building_506,amenity_school,W45903460,"POLYGON ((-79.9349655 -2.1055166, -79.9366791 -2.1077543, -79.9365279 -2.1085961, -79.9344975 -2.1080853, -79.9346991 -2.1071931, -79.9349655 -2.1055166))",-2.1073783693605885,-79.93552037132652
building_507,amenity_school,W45975324,"POLYGON ((-79.9168307 -2.1422898, -79.9176558 -2.141925, -79.9184491 -2.1437168, -79.917624 -2.1440816, -79.9168307 -2.1422898))",-2.1430033,-79.91763990000001
building_508,amenity_school,W46046524,"POLYGON ((-79.9408868 -2.1644388, -79.9406877 -2.1649493, -79.9402175 -2.1647647, -79.9404742 -2.1642446, -79.9408868 -2.1644388))",-2.164602829247475,-79.94056256172034
building_509,amenity_school,W46146418,"POLYGON ((-79.8913576 -2.1764682, -79.8895961 -2.1762261, -79.8891281 -2.1775637, -79.89052 -2.1785443, -79.8906349 -2.1783843, -79.8913576 -2.1764682))",-2.177226333082349,-79.89022258282849
building_510,amenity_place_of_worship,W46146474,"POLYGON ((-79.8930662 -2.1680837, -79.8930499 -2.168443, -79.8922133 -2.1684051, -79.8922296 -2.1680459, -79.8930662 -2.1680837))",-2.168244426038219,-79.89263976935908
building_511,amenity_school,W47069070,"POLYGON ((-79.9433392 -2.2196388, -79.9435769 -2.2201536, -79.9430077 -2.220407, -79.9432446 -2.2211692, -79.9430386 -2.22127, -79.9422454 -2.2202452, -79.9426463 -2.2199171, -79.9433392 -2.2196388))",-2.2203438385386485,-79.94292565841927
building_512,amenity_school,W47069746,"POLYGON ((-79.9360307 -2.199145, -79.9350699 -2.199395, -79.9349448 -2.1988439, -79.9350414 -2.1988154, -79.9346491 -2.1971678, -79.9354963 -2.1969463, -79.9356415 -2.1977931, -79.9356735 -2.1979996, -79.9357113 -2.1981392, -79.9357892 -2.198269, -79.9360307 -2.199145))",-2.1981952193310588,-79.93531638114827
building_513,amenity_school,W47069749,"POLYGON ((-79.9397753 -2.2102054, -79.9399394 -2.2106939, -79.9386524 -2.2111073, -79.9385195 -2.2106771, -79.9397753 -2.2102054))",-2.2106662683578713,-79.93923609650841
building_514,amenity_school,W47069750,"POLYGON ((-79.9375547 -2.2042247, -79.9368965 -2.2044344, -79.936986 -2.2047196, -79.937031 -2.204862, -79.9371357 -2.205184, -79.9377939 -2.2049742, -79.9375547 -2.2042247))",-2.2047044915507366,-79.93734472866272
building_515,amenity_school,W47069751,"POLYGON ((-79.9439175 -2.2034202, -79.9441282 -2.2040261, -79.9452269 -2.2037303, -79.9452046 -2.2036649, -79.9451251 -2.2034322, -79.9449972 -2.2030578, -79.9439175 -2.2034202))",-2.2035556132381355,-79.9445767024066
building_516,amenity_school,W47070301,"POLYGON ((-79.933389 -2.2110456, -79.9338347 -2.211441, -79.9327134 -2.2126226, -79.9322789 -2.2122491, -79.933389 -2.2110456))",-2.211835458280139,-79.93305747881585
building_517,amenity_school,W47070302,"POLYGON ((-79.909858 -2.2023255, -79.9090842 -2.2025338, -79.9089313 -2.202006, -79.9097004 -2.2018023, -79.909858 -2.2023255))",-2.20216732007265,-79.9093931898946
building_518,amenity_school,W47070602,"POLYGON ((-79.9192676 -2.2040892, -79.9188617 -2.2040211, -79.9189392 -2.2035601, -79.919345 -2.2036281, -79.9192676 -2.2040892))",-2.2038246367498338,-79.91910337913181
building_519,amenity_school,W47070778,"POLYGON ((-79.910641 -2.1987091, -79.9100223 -2.1988863, -79.9098483 -2.1982799, -79.910467 -2.1981027, -79.910641 -2.1987091))",-2.1984944999999994,-79.91024464999998
building_520,amenity_school,W47077137,"POLYGON ((-79.905025 -2.1973057, -79.9044033 -2.1974774, -79.9042446 -2.1968958, -79.9048663 -2.1967241, -79.905025 -2.1973057))",-2.1971007499999997,-79.90463479999998
building_521,amenity_school,W47077140,"POLYGON ((-79.9009322 -2.2328877, -79.9020289 -2.2327588, -79.9019849 -2.232358, -79.9019719 -2.2322825, -79.901937 -2.2322268, -79.9018673 -2.2322097, -79.9017526 -2.2322054, -79.9016433 -2.2322655, -79.9008856 -2.2323534, -79.9009322 -2.2328877))",-2.2325534490953816,-79.90145774271492
building_522,amenity_school,W47077141,"POLYGON ((-79.9107478 -2.2210592, -79.9106786 -2.2205672, -79.9110402 -2.2205364, -79.911121 -2.2210131, -79.9107478 -2.2210592))",-2.220795576874425,-79.91089625764202
building_523,amenity_school,W47077149,"POLYGON ((-79.9203254 -2.2086565, -79.9202478 -2.2082807, -79.9205758 -2.2082122, -79.9206534 -2.208588, -79.9203254 -2.2086565))",-2.208434350000001,-79.92045059999998
building_524,amenity_school,W47077150,"POLYGON ((-79.9148281 -2.2078827, -79.9148589 -2.2081633, -79.9146781 -2.2081787, -79.9146434 -2.2079096, -79.9148281 -2.2078827))",-2.2080328535692524,-79.91475265123181
building_525,amenity_school,W47077151,"POLYGON ((-79.9174133 -2.2071369, -79.9169748 -2.2071869, -79.9169632 -2.2069332, -79.9170017 -2.2068832, -79.9170132 -2.206814, -79.9169825 -2.2067679, -79.9169363 -2.2067371, -79.9168555 -2.2067371, -79.9168555 -2.2066487, -79.9169786 -2.206641, -79.9169825 -2.2065526, -79.917548 -2.2065026, -79.9175364 -2.2066602, -79.9174441 -2.2069409, -79.9174133 -2.2071369))",-2.2068245990799165,-79.91722178014645
building_526,amenity_school,W47077152,"POLYGON ((-79.9119529 -2.2164039, -79.911642 -2.2171482, -79.9114112 -2.2170559, -79.9114081 -2.2163578, -79.9113374 -2.2162963, -79.9113312 -2.2162501, -79.9114635 -2.2162009, -79.9119529 -2.2164039))",-2.216636011825761,-79.91160969201455
building_527,amenity_school,W47077153,"POLYGON ((-79.907667 -2.2191347, -79.9071592 -2.2191962, -79.9070669 -2.2186965, -79.9076286 -2.2186427, -79.907667 -2.2191347))",-2.2189136248105026,-79.90737869674909
building_528,amenity_school,W47077156,"POLYGON ((-79.9100211 -2.2107824, -79.9103385 -2.2104413, -79.9103048 -2.2101722, -79.9099634 -2.2102058, -79.9100211 -2.2107824))",-2.210412526409689,-79.91013740987802
building_529,amenity_school,W47077159,"POLYGON ((-79.9058964 -2.2094208, -79.9054788 -2.2095632, -79.9052848 -2.2089955, -79.9057024 -2.208853, -79.9058964 -2.2094208))",-2.2092081196602185,-79.90559060430485
building_530,amenity_school,W47077161,"POLYGON ((-79.9019037 -2.2110131, -79.9012834 -2.211263, -79.9011632 -2.2108209, -79.9017498 -2.2105374, -79.9019037 -2.2110131))",-2.2109078500838586,-79.9015301151427
building_531,amenity_school,W47077162,"POLYGON ((-79.8968441 -2.209222, -79.8963151 -2.2093805, -79.8961709 -2.2088904, -79.8967143 -2.2087414, -79.8968441 -2.209222))",-2.2090580901057826,-79.8965097083812
building_532,amenity_school,W47077165,"POLYGON ((-79.9050774 -2.1974343, -79.9052351 -2.1979351, -79.9047668 -2.1980511, -79.9046191 -2.197538, -79.9050774 -2.1974343))",-2.197740958716478,-79.90492424556204
building_533,amenity_school,W47129535,"POLYGON ((-79.8963739 -2.2465978, -79.8962638 -2.2474259, -79.8953684 -2.2472971, -79.8954968 -2.2464657, -79.8963739 -2.2465978))",-2.2469479100664023,-79.89587500683288
building_534,amenity_place_of_worship,W47663934,"POLYGON ((-79.8866796 -2.1340094, -79.8860055 -2.1348334, -79.8856587 -2.1345588, -79.8863458 -2.1337446, -79.8866796 -2.1340094))",-2.134289098711934,-79.8861702648313
building_535,amenity_school,W47675670,"POLYGON ((-79.8862318 -2.1401839, -79.8856919 -2.1399346, -79.8869026 -2.1382792, -79.8873771 -2.1386389, -79.8862318 -2.1401839))",-2.1392546101957883,-79.88655023890409
building_536,amenity_school,W47808228,"POLYGON ((-79.8924924 -2.1227211, -79.8924097 -2.1231342, -79.8912859 -2.1229017, -79.8913777 -2.1224916, -79.8924924 -2.1227211))",-2.1228124861256368,-79.89189160797022
building_537,amenity_school,W47811268,"POLYGON ((-79.9198986 -2.1626425, -79.9196007 -2.162818, -79.9195298 -2.1628595, -79.9195052 -2.1628744, -79.9194734 -2.1628931, -79.9192935 -2.1625932, -79.919694 -2.1623319, -79.9197104 -2.1623566, -79.9198986 -2.1626425))",-2.162614610447075,-79.9195925024976
building_538,amenity_school,W52493220,"POLYGON ((-79.892358 -2.1924769, -79.8918001 -2.1925841, -79.8920683 -2.1934525, -79.8926477 -2.1933346, -79.892358 -2.1924769))",-2.1929650576784896,-79.89221915135016
building_539,amenity_school,W52493221,"POLYGON ((-79.8914557 -2.1895129, -79.8915461 -2.1897991, -79.8916365 -2.1900854, -79.8910991 -2.1902189, -79.8909693 -2.1897758, -79.8910949 -2.1897436, -79.8910585 -2.1896195, -79.8914557 -2.1895129))",-2.1898776582924975,-79.89129673110136
building_540,amenity_school,W52534504,"POLYGON ((-79.9143075 -2.1979366, -79.9144255 -2.1982904, -79.9141573 -2.1983762, -79.91405 -2.1980117, -79.9143075 -2.1979366))",-2.198155311760493,-79.91423511985194
building_541,amenity_place_of_worship,W52534505,"POLYGON ((-79.9133097 -2.1971593, -79.9132186 -2.196776, -79.9130979 -2.196811, -79.913189 -2.1971861, -79.9133097 -2.1971593))",-2.1969825616708993,-79.91320388817655
building_542,amenity_school,W52698091,"POLYGON ((-79.9024004 -2.1103012, -79.9018989 -2.1103038, -79.9018962 -2.1105424, -79.9023951 -2.1105451, -79.9024004 -2.1103012))",-2.110423024123763,-79.90214856745494
building_543,amenity_school,W52718616,"POLYGON ((-79.902473 -2.112782, -79.9021104 -2.1128613, -79.9021558 -2.1130684, -79.9025184 -2.1129891, -79.902473 -2.112782))",-2.1129251999999994,-79.90231440000001
building_544,amenity_school,W53099890,"POLYGON ((-79.9274652 -2.1928539, -79.9272239 -2.1929127, -79.9273686 -2.1935064, -79.92761 -2.1934477, -79.9274652 -2.1928539))",-2.193180188666759,-79.92741693254375
building_545,amenity_school,W60705389,"POLYGON ((-79.9409647 -2.2098087, -79.9412371 -2.2106547, -79.9382477 -2.2115689, -79.9381553 -2.2112626, -79.9383568 -2.2111997, -79.9386524 -2.2111073, -79.9399394 -2.2106939, -79.9397753 -2.2102054, -79.9409647 -2.2098087))",-2.2106783459585473,-79.94000238043436
building_546,amenity_place_of_worship,W61670167,"POLYGON ((-79.9339025 -2.1990432, -79.9342834 -2.1989494, -79.9343557 -2.1992067, -79.9341452 -2.1992496, -79.9341546 -2.1992871, -79.9339696 -2.19933, -79.9339025 -2.1990432))",-2.199133599007294,-79.93412239598803
building_547,amenity_school,W72711455,"POLYGON ((-79.9006667 -2.2047718, -79.9005256 -2.2042646, -79.9000366 -2.2044005, -79.9001777 -2.2049077, -79.9006667 -2.2047718))",-2.2045861500000012,-79.90035164999999
building_548,amenity_school,W72711458,"POLYGON ((-79.9009356 -2.2048885, -79.9010292 -2.2051546, -79.9006048 -2.2052625, -79.9005041 -2.2049964, -79.9009356 -2.2048885))",-2.2050752185025018,-79.90076808231562
building_549,amenity_school,W73265300,"POLYGON ((-79.8819404 -2.1857549, -79.8822203 -2.1868428, -79.8815021 -2.1871016, -79.881114 -2.1861028, -79.8819404 -2.1857549))",-2.1864358489739923,-79.88169237638279
building_550,amenity_place_of_worship,W81942804,"POLYGON ((-79.9079275 -2.1269876, -79.9077246 -2.1269949, -79.9077266 -2.1271246, -79.9079295 -2.1271128, -79.9079275 -2.1269876))",-2.127055006772189,-79.90782645349975
building_551,amenity_school,W84488971,"POLYGON ((-79.8885271 -2.2185901, -79.8879015 -2.2186731, -79.8875917 -2.2187124, -79.8875415 -2.2187232, -79.887656 -2.2194151, -79.8886808 -2.2192829, -79.8885271 -2.2185901))",-2.219004274181265,-79.88810196725211
building_552,amenity_place_of_worship,W84489004,"POLYGON ((-79.8890844 -2.2182931, -79.8885985 -2.218399, -79.8886886 -2.2187292, -79.8891527 -2.2186455, -79.8890844 -2.2182931))",-2.2185147627813615,-79.8888826705751
building_553,amenity_school,W85848293,"POLYGON ((-79.904012 -2.2401263, -79.9028451 -2.2401298, -79.9028444 -2.2410945, -79.9039951 -2.2410671, -79.904012 -2.2401263))",-2.2406033323776753,-79.90342171579819
building_554,amenity_school,W98785567,"POLYGON ((-79.9006803 -2.1991313, -79.9012548 -2.1989669, -79.9009045 -2.1978364, -79.9004188 -2.1979718, -79.9005701 -2.1984813, -79.9005048 -2.1985017, -79.9006803 -2.1991313))",-2.1984988992987056,-79.90081925617801
building_555,amenity_school,W121477377,"POLYGON ((-79.8919706 -2.1887832, -79.8918291 -2.188828, -79.8917596 -2.1885817, -79.891902 -2.1885376, -79.8919706 -2.1887832))",-2.1886825452267034,-79.89186525538214
building_556,amenity_school,W126162862,"POLYGON ((-79.9661936 -2.1455464, -79.9662906 -2.1455173, -79.966182 -2.1451732, -79.9657752 -2.145316, -79.9658962 -2.1457101, -79.966212 -2.1455983, -79.9661936 -2.1455464))",-2.145437855057414,-79.96603334187506
building_557,amenity_place_of_worship,W138801811,"POLYGON ((-79.9144768 -2.1437841, -79.913606 -2.144168, -79.9134646 -2.1438476, -79.9143354 -2.1434637, -79.9144768 -2.1437841))",-2.14381585,-79.91397070000001
building_558,amenity_school,W171168777,"POLYGON ((-80.0098654 -2.1878449, -80.0098505 -2.1880182, -80.0093871 -2.1878224, -80.0095386 -2.186049, -80.0099972 -2.1861322, -80.0098654 -2.1878449))",-2.187011147132487,-80.0096955833912
building_559,amenity_place_of_worship,W175131042,"POLYGON ((-79.9365209 -2.0877126, -79.9364994 -2.0878198, -79.9363144 -2.0877903, -79.9363331 -2.0876884, -79.9365209 -2.0877126))",-2.087752812764079,-79.93641779010147
building_560,amenity_place_of_worship,W185897759,"POLYGON ((-80.0773708 -2.2099222, -80.077318 -2.2099058, -80.0773335 -2.209857, -80.0770475 -2.2097865, -80.0767849 -2.2096665, -80.0766752 -2.2099443, -80.0765847 -2.2102163, -80.0768977 -2.2103653, -80.0771844 -2.2104326, -80.0773708 -2.2099222))",-2.210062643292363,-80.07697723062887
building_561,amenity_place_of_worship,W187112840,"POLYGON ((-80.0765394 -2.2106954, -80.0764452 -2.2106832, -80.0764248 -2.2108406, -80.0763912 -2.2108362, -80.0763785 -2.2109348, -80.0764643 -2.2109458, -80.0764694 -2.2109062, -80.0765115 -2.2109116, -80.0765394 -2.2106954))",-2.2108190859031382,-80.07646544482479
building_562,amenity_school,W187112849,"POLYGON ((-80.0698823 -2.2059545, -80.071031 -2.2067785, -80.0704375 -2.2073158, -80.0693032 -2.2064597, -80.0698823 -2.2059545))",-2.2066307142272765,-80.07016725483653
building_563,amenity_school,W187112894,"POLYGON ((-80.0815129 -2.2172363, -80.0813708 -2.2171773, -80.0813923 -2.2170942, -80.0813199 -2.2170674, -80.081293 -2.2171451, -80.0811107 -2.2170755, -80.0810892 -2.2171559, -80.0814834 -2.2173006, -80.0815129 -2.2172363))",-2.217177773766509,-80.08130250862857
building_564,amenity_place_of_worship,W190623856,"POLYGON ((-79.9172103 -2.1532101, -79.9171513 -2.1533388, -79.9169109 -2.1532412, -79.9169743 -2.1531056, -79.9172103 -2.1532101))",-2.153223504649236,-79.91706057785697
building_565,amenity_place_of_worship,W190625233,"POLYGON ((-79.9618407 -2.0961051, -79.9618098 -2.0961775, -79.9617093 -2.0961989, -79.9616649 -2.096148, -79.9616449 -2.0960381, -79.9616798 -2.0959925, -79.9617469 -2.0959684, -79.9618139 -2.0960033, -79.9618407 -2.0961051))",-2.096084059011775,-79.96174232498291
building_566,amenity_place_of_worship,W190625234,"POLYGON ((-79.9122417 -2.2379573, -79.912267 -2.2381495, -79.9121422 -2.2383773, -79.9120736 -2.238391, -79.911992 -2.238372, -79.9119395 -2.2383642, -79.9119813 -2.2380557, -79.9120028 -2.2378949, -79.9119974 -2.2378413, -79.9122388 -2.2378413, -79.9122417 -2.2379573))",-2.238108405978249,-79.91210345892912
building_567,amenity_place_of_worship,W190625251,"POLYGON ((-79.9110988 -2.2491783, -79.9108413 -2.2491837, -79.9108467 -2.2487709, -79.9111042 -2.2487388, -79.9110988 -2.2491783))",-2.248967873716008,-79.91097409510016
building_568,amenity_place_of_worship,W190749349,"POLYGON ((-79.8941787 -2.2441063, -79.8941445 -2.2443738, -79.8939802 -2.2443529, -79.8940143 -2.2440854, -79.8941787 -2.2441063))",-2.244229586734622,-79.89407942734458
building_569,amenity_place_of_worship,W190749351,"POLYGON ((-79.8940402 -2.2267833, -79.8940111 -2.2267537, -79.8940164 -2.2266995, -79.8939063 -2.2266887, -79.8938994 -2.2267594, -79.8938651 -2.2267647, -79.893894 -2.2269511, -79.8939133 -2.2269482, -79.8939478 -2.2269814, -79.8939738 -2.2269544, -79.8939961 -2.2269599, -79.8940402 -2.2267833))",-2.2268262109529693,-79.89395171148918
building_570,amenity_place_of_worship,W190749353,"POLYGON ((-79.8953303 -2.2337194, -79.8953517 -2.2338695, -79.8949762 -2.2339177, -79.8949475 -2.2337681, -79.8953303 -2.2337194))",-2.2338184483222614,-79.89515129584345
building_571,amenity_place_of_worship,W190809114,"POLYGON ((-79.8875382 -2.2095161, -79.8874885 -2.2093384, -79.8879214 -2.2092046, -79.8879742 -2.2093761, -79.8875382 -2.2095161))",-2.2093592632059647,-79.88772962791698
building_572,amenity_school,W190809243,"POLYGON ((-79.8916496 -2.2236166, -79.8909016 -2.2238054, -79.8909817 -2.2244662, -79.8917247 -2.2242973, -79.8916523 -2.2236273, -79.8916496 -2.2236166))",-2.224045238553675,-79.89131638504591
building_573,amenity_school,W190809244,"POLYGON ((-79.890612 -2.2218247, -79.8902713 -2.2219185, -79.8903407 -2.2223327, -79.8906947 -2.2222336, -79.890612 -2.2218247))",-2.2220787459239366,-79.89047981531006
building_574,amenity_place_of_worship,W190850099,"POLYGON ((-79.9057425 -2.1611942, -79.9057228 -2.1610873, -79.9056966 -2.1609877, -79.905552 -2.161037, -79.9053765 -2.1611901, -79.9053175 -2.1613314, -79.905319 -2.161548, -79.9054501 -2.1615211, -79.9054775 -2.1616166, -79.9055812 -2.1615881, -79.9056081 -2.1617171, -79.9056603 -2.1617222, -79.9056986 -2.1617189, -79.9058295 -2.1615878, -79.905871 -2.1615461, -79.905925 -2.1614956, -79.9059542 -2.1614684, -79.9060363 -2.1614807, -79.9060466 -2.1613843, -79.9059653 -2.1612685, -79.9057618 -2.1612791, -79.9057425 -2.1611942))",-2.1613712593914136,-79.90564075254855
building_575,amenity_place_of_worship,W206891061,"POLYGON ((-79.8842919 -2.1948218, -79.8843437 -2.194739, -79.8843145 -2.1946114, -79.8844268 -2.1945857, -79.8844939 -2.1944895, -79.8844734 -2.1943998, -79.8843719 -2.1943452, -79.8842595 -2.1943709, -79.8842308 -2.1942451, -79.884149 -2.1941968, -79.884052 -2.1942189, -79.8839968 -2.1942985, -79.8840255 -2.1944243, -79.8837439 -2.1944886, -79.8836526 -2.1945094, -79.8836757 -2.1946104, -79.8837076 -2.1947499, -79.8840805 -2.1946648, -79.8841097 -2.1947925, -79.8841949 -2.194844, -79.8842919 -2.1948218))",-2.19453502442003,-79.88410005340822
building_576,amenity_school,W207903289,"POLYGON ((-79.9299036 -2.1992513, -79.9292212 -2.1994176, -79.9293848 -2.2000093, -79.9300671 -2.1998177, -79.9299036 -2.1992513))",-2.1996250461593476,-79.92964199051785
building_577,amenity_school,W207903292,"POLYGON ((-79.931978 -2.1940352, -79.9312964 -2.1942115, -79.9313832 -2.1945465, -79.9320648 -2.1943702, -79.931978 -2.1940352))",-2.19429085,-79.9316806
building_578,amenity_school,W207903293,"POLYGON ((-79.9288031 -2.1949523, -79.9281658 -2.1951552, -79.9282349 -2.1954595, -79.9288834 -2.1952496, -79.9288031 -2.1949523))",-2.1952047975031963,-79.92852135446638
building_579,amenity_place_of_worship,W215293509,"POLYGON ((-79.8893649 -2.2703997, -79.8891074 -2.2705631, -79.8892121 -2.2707267, -79.8895447 -2.270515, -79.889432 -2.2703622, -79.8893649 -2.2703997))",-2.270541741348267,-79.88932345478989
building_580,amenity_school,W220623573,"POLYGON ((-79.8888662 -2.2702124, -79.8891827 -2.269998, -79.8894246 -2.2703625, -79.8891074 -2.2705631, -79.8888662 -2.2702124))",-2.270282959809337,-79.88914557517789
building_581,amenity_place_of_worship,W239346933,"POLYGON ((-79.8997016 -2.2365386, -79.8993839 -2.2365424, -79.8993877 -2.2368559, -79.8995987 -2.2368533, -79.8995981 -2.2368063, -79.8996359 -2.2368058, -79.8996338 -2.2366369, -79.8997028 -2.2366361, -79.8997016 -2.2365386))",-2.2366859076821815,-79.89952064750685
building_582,amenity_school,W244947879,"POLYGON ((-79.8993577 -2.2358551, -79.8987331 -2.235871, -79.8987467 -2.2364071, -79.8993714 -2.2363912, -79.8993577 -2.2358551))",-2.236131107141086,-79.89905222542897
building_583,amenity_place_of_worship,W258803797,"POLYGON ((-79.889952 -2.2627639, -79.8897653 -2.2624986, -79.8896128 -2.2625905, -79.8898205 -2.2628612, -79.889952 -2.2627639))",-2.262677135749849,-79.88978575320846
building_584,tourism_hostel,W259775242,"POLYGON ((-79.8973985 -2.1347754, -79.897339 -2.1347298, -79.8974085 -2.1346392, -79.897468 -2.1346848, -79.8973985 -2.1347754))",-2.134707299999999,-79.8974035
building_585,amenity_place_of_worship,W266217668,"POLYGON ((-79.8903312 -2.1989521, -79.8905826 -2.198858, -79.8905338 -2.1986886, -79.8902704 -2.1987806, -79.8903312 -2.1989521))",-2.198819527512483,-79.89042859417826
building_586,amenity_place_of_worship,W268563755,"POLYGON ((-79.8809946 -2.1902742, -79.8808349 -2.1903432, -79.880677 -2.1899786, -79.8808367 -2.1899095, -79.8808877 -2.1900269, -79.8809946 -2.1902742))",-2.190126341460581,-79.88083583180283
building_587,amenity_place_of_worship,W268563760,"POLYGON ((-79.8874735 -2.1876138, -79.8873904 -2.1876296, -79.8873549 -2.1874434, -79.887292 -2.1874553, -79.8872754 -2.1873681, -79.8873419 -2.1873555, -79.8873187 -2.1872341, -79.8873252 -2.1872079, -79.8873349 -2.1871946, -79.8873549 -2.1871905, -79.8873784 -2.1871966, -79.8873953 -2.1872195, -79.8874189 -2.1873435, -79.8874903 -2.18733, -79.8875063 -2.1874138, -79.8874379 -2.1874268, -79.8874735 -2.1876138))",-2.187409241253052,-79.8873922961565
building_588,amenity_place_of_worship,W268563761,"POLYGON ((-79.8819997 -2.1920504, -79.8820214 -2.1921421, -79.8821047 -2.1921216, -79.8820768 -2.192008, -79.8821412 -2.1919922, -79.8821187 -2.1919005, -79.8820485 -2.1919177, -79.882024 -2.1918176, -79.8819481 -2.1918362, -79.8819569 -2.1918718, -79.8819739 -2.1919455, -79.8817659 -2.1919867, -79.8817135 -2.1919995, -79.88175 -2.1921484, -79.8818072 -2.1921344, -79.8818034 -2.1920993, -79.8819997 -2.1920504))",-2.1920053797179806,-79.8819444779146
building_589,amenity_school,W272498886,"POLYGON ((-79.9646063 -2.1883134, -79.9643293 -2.1871882, -79.96435 -2.1869452, -79.9640506 -2.1869795, -79.9634806 -2.1869277, -79.9630174 -2.1870031, -79.9630613 -2.1877509, -79.9630604 -2.188634, -79.963122 -2.1887118, -79.963291 -2.1887197, -79.9636699 -2.1887119, -79.9638793 -2.1886624, -79.9640958 -2.18858, -79.9643618 -2.1884608, -79.9646063 -2.1883134))",-2.187819145944471,-79.96373429368738
building_590,amenity_place_of_worship,W275689655,"POLYGON ((-79.9160811 -2.0654442, -79.9156675 -2.0649406, -79.9153112 -2.065029, -79.9158464 -2.0656758, -79.9160811 -2.0654442))",-2.06527535785279,-79.91572004021563
building_591,amenity_place_of_worship,W288110278,"POLYGON ((-79.9005771 -2.2330125, -79.900311 -2.2330203, -79.9002661 -2.2330883, -79.9002508 -2.2331889, -79.9002921 -2.2332647, -79.900305 -2.2333202, -79.900553 -2.2333169, -79.9005754 -2.2331897, -79.9005771 -2.2330125))",-2.233164919275601,-79.90042351662433
building_592,amenity_school,W289938979,"POLYGON ((-80.0025951 -2.1163904, -80.0023595 -2.1169829, -80.002686 -2.1171125, -80.0029216 -2.1165201, -80.0025951 -2.1163904))",-2.1167514682318522,-80.00264054809898
building_593,amenity_school,W305915818,"POLYGON ((-79.9194366 -2.218856, -79.9189676 -2.2193019, -79.9185316 -2.2187902, -79.9190285 -2.2183317, -79.9194366 -2.218856))",-2.2188185729881704,-79.91898890234489
building_594,amenity_school,W313151889,"POLYGON ((-79.8844 -2.2506223, -79.88424 -2.2501518, -79.8837354 -2.2503474, -79.8838724 -2.2507565, -79.8844 -2.2506223))",-2.2504677064826266,-79.88406806740034
building_595,amenity_school,W313152202,"POLYGON ((-79.895083 -2.2489159, -79.8952637 -2.2480076, -79.8963729 -2.2481909, -79.8962506 -2.249077, -79.895083 -2.2489159))",-2.2485508659380753,-79.89573875932389
building_596,amenity_school,W319345077,"POLYGON ((-79.9554587 -2.1516216, -79.9554854 -2.1525886, -79.9552168 -2.1527659, -79.9549027 -2.1526047, -79.9548982 -2.1524437, -79.9548925 -2.1522377, -79.9547692 -2.1522336, -79.9546715 -2.1522304, -79.9546579 -2.1520381, -79.954647 -2.151644, -79.9554587 -2.1516216))",-2.1521168801915307,-79.95510808279943
building_597,amenity_place_of_worship,W323570879,"POLYGON ((-79.9346461 -2.1242054, -79.9345107 -2.1242021, -79.9344942 -2.1243242, -79.9344083 -2.1243176, -79.9343873 -2.1243839, -79.9345757 -2.1244064, -79.9346488 -2.1243925, -79.9346461 -2.1242054))",-2.124314354781051,-79.93454894175034
building_598,amenity_place_of_worship,W323570894,"POLYGON ((-79.9459384 -2.1293699, -79.9459204 -2.129511, -79.945583 -2.129468, -79.9456067 -2.1292826, -79.9456518 -2.1292883, -79.9456495 -2.129306, -79.9459078 -2.1293389, -79.9459044 -2.1293656, -79.9459384 -2.1293699))",-2.1294048768473153,-79.94575793930302
building_599,amenity_school,W323731822,"POLYGON ((-79.9282896 -2.1269389, -79.9282277 -2.1268643, -79.9276755 -2.1264981, -79.9266728 -2.1280957, -79.929016 -2.1296893, -79.9293679 -2.1298075, -79.9294659 -2.1298439, -79.9295545 -2.1299843, -79.9306722 -2.1307157, -79.9308764 -2.1307754, -79.9309796 -2.1307083, -79.9309037 -2.1300362, -79.9309796 -2.1299711, -79.9313376 -2.1298736, -79.9313485 -2.1296893, -79.9317173 -2.12957, -79.9319343 -2.1294725, -79.9319126 -2.1291798, -79.9318367 -2.1289304, -79.9316956 -2.1289413, -79.9315763 -2.1282691, -79.9307735 -2.1278246, -79.9310729 -2.1273724, -79.9289287 -2.1259504, -79.9282896 -2.1269389))",-2.12828908857355,-79.92944877530489
building_600,amenity_place_of_worship,W334206652,"POLYGON ((-79.9221084 -2.085424, -79.9219934 -2.0853939, -79.9219368 -2.0855973, -79.9220536 -2.0856291, -79.9221084 -2.085424))",-2.085511399214092,-79.92202301924328
building_601,amenity_place_of_worship,W369190883,"POLYGON ((-79.8987113 -2.1789676, -79.8987583 -2.1791244, -79.8984404 -2.1792209, -79.8983935 -2.1790654, -79.8987113 -2.1789676))",-2.1790945009151037,-79.89857607842649
building_602,amenity_place_of_worship,W373091912,"POLYGON ((-79.91784 -2.1676437, -79.9177581 -2.16756, -79.9175655 -2.167748, -79.9176474 -2.1678317, -79.91784 -2.1676437))",-2.167695850000001,-79.91770275
building_603,amenity_place_of_worship,W373093777,"POLYGON ((-79.9172162 -2.1537074, -79.9170625 -2.153624, -79.9170017 -2.1537358, -79.9171554 -2.1538192, -79.9172162 -2.1537074))",-2.1537216,-79.91710894999999
building_604,amenity_place_of_worship,W373094092,"POLYGON ((-79.9359526 -2.155677, -79.9358619 -2.1558932, -79.9357796 -2.1558587, -79.9358703 -2.1556425, -79.9359526 -2.155677))",-2.155767850000003,-79.93586609999998
building_605,amenity_place_of_worship,W385502776,"POLYGON ((-79.8997479 -2.1577265, -79.8997418 -2.1574622, -79.899596 -2.1574656, -79.899602 -2.1577298, -79.8997479 -2.1577265))",-2.15759603963683,-79.89967193004026
building_606,amenity_school,W393910467,"POLYGON ((-79.900229 -2.1894597, -79.9002402 -2.1895558, -79.9002238 -2.1896259, -79.9001904 -2.1896681, -79.900129 -2.1897156, -79.8986401 -2.1900332, -79.8985025 -2.1900625, -79.8978969 -2.1901931, -79.8972148 -2.1880443, -79.897993 -2.1878398, -79.8982153 -2.1878435, -79.8985187 -2.1878485, -79.8987014 -2.1878276, -79.8988629 -2.1877823, -79.8989848 -2.1877963, -79.9000284 -2.1884685, -79.9000746 -2.1886513, -79.900229 -2.1894597))",-2.1889340181443764,-79.8987212517017
building_607,amenity_place_of_worship,W393910468,"POLYGON ((-79.8910061 -2.1930353, -79.8906107 -2.1931539, -79.8905162 -2.1931827, -79.8905984 -2.1934552, -79.8910882 -2.193308, -79.8910061 -2.1930353))",-2.193245211316135,-79.89080218998025
building_608,amenity_place_of_worship,W405509975,"POLYGON ((-80.0038255 -2.1272937, -80.0035377 -2.1271863, -80.0034723 -2.1273614, -80.0034337 -2.1274646, -80.003538 -2.1275036, -80.0036061 -2.127529, -80.0037215 -2.1275721, -80.0037695 -2.1274438, -80.0038255 -2.1272937))",-2.1273791943563296,-80.00362962587438
building_609,amenity_school,W414319120,"POLYGON ((-79.9304953 -2.1540947, -79.9292759 -2.1535705, -79.9286962 -2.1538211, -79.9303137 -2.1545164, -79.9304953 -2.1540947))",-2.1540085332689594,-79.92968636536618
building_610,amenity_school,W414467215,"POLYGON ((-79.8973215 -2.1558949, -79.8969899 -2.1555542, -79.8972841 -2.1552276, -79.8974289 -2.1553862, -79.8977558 -2.1550456, -79.8973588 -2.1546629, -79.8976577 -2.1543362, -79.8984843 -2.1551296, -79.8978538 -2.1557642, -79.8976297 -2.1555589, -79.8973215 -2.1558949))",-2.1551753176197397,-79.89775538059504
building_611,amenity_school,W415340911,"POLYGON ((-79.955125 -2.1499827, -79.9546304 -2.1499755, -79.9546328 -2.1498891, -79.9544456 -2.1498843, -79.9541191 -2.1498843, -79.9541071 -2.1500955, -79.9542199 -2.1500931, -79.9542151 -2.1503306, -79.953891 -2.1506376, -79.9539129 -2.1509071, -79.953959 -2.1508896, -79.9540515 -2.1508478, -79.954572 -2.1508246, -79.954616 -2.1507864, -79.9546184 -2.150676, -79.9551058 -2.150664, -79.955125 -2.1499827))",-2.1503758094114414,-79.95454092207552
building_612,amenity_school,W426059812,"POLYGON ((-79.9409306 -2.1437436, -79.9406895 -2.1437514, -79.9405766 -2.1437565, -79.9405897 -2.1440846, -79.9407364 -2.1440886, -79.9408738 -2.1440749, -79.940888 -2.1440488, -79.9409318 -2.1439167, -79.9409342 -2.1438533, -79.9409306 -2.1437436))",-2.143910936011517,-79.94075162925856
building_613,amenity_place_of_worship,W426684985,"POLYGON ((-79.8841897 -2.1704639, -79.8840751 -2.1704601, -79.8840674 -2.1706912, -79.8841821 -2.170695, -79.8841897 -2.1704639))",-2.1705775667745555,-79.8841285743077
building_614,amenity_place_of_worship,W426684988,"POLYGON ((-79.8857091 -2.1707367, -79.8856452 -2.1707345, -79.8856446 -2.1707526, -79.8855583 -2.1707497, -79.885559 -2.1707312, -79.8855271 -2.1707301, -79.8855287 -2.170684, -79.8855425 -2.1706845, -79.8855449 -2.1706163, -79.8855319 -2.1706159, -79.8855348 -2.1705305, -79.8857174 -2.1705368, -79.8857149 -2.1706096, -79.8856509 -2.1706074, -79.8856485 -2.1706764, -79.885711 -2.1706786, -79.8857091 -2.1707367))",-2.170636961978898,-79.88561569067345
building_615,amenity_place_of_worship,W427713007,"POLYGON ((-79.9049961 -2.1413878, -79.9051359 -2.1414902, -79.9050654 -2.1415862, -79.9049256 -2.1414838, -79.9049961 -2.1413878))",-2.1414869999999997,-79.90503075000002
building_616,amenity_school,W428065598,"POLYGON ((-79.8954545 -2.1338868, -79.8958016 -2.1334315, -79.8960408 -2.1336135, -79.8956938 -2.1340689, -79.8954545 -2.1338868))",-2.1337501931936873,-79.8957476621803
building_617,amenity_place_of_worship,W428096812,"POLYGON ((-79.8968855 -2.1395902, -79.8969991 -2.1396743, -79.8969263 -2.1397725, -79.8968127 -2.1396884, -79.8968855 -2.1395902))",-2.13968135,-79.89690590000001
building_618,amenity_place_of_worship,W428255786,"POLYGON ((-79.8986775 -2.1394083, -79.8986863 -2.13948, -79.8987486 -2.1395289, -79.8987834 -2.1395247, -79.8987902 -2.1395812, -79.898813 -2.1395939, -79.8988318 -2.1395785, -79.8988247 -2.1395188, -79.8989813 -2.1395001, -79.8990815 -2.1393856, -79.8989624 -2.1392816, -79.8989086 -2.1393431, -79.8987995 -2.139352, -79.8987958 -2.1393067, -79.8987531 -2.1393102, -79.8987568 -2.1393563, -79.8987184 -2.1393594, -79.8986775 -2.1394083))",-2.1394237685181667,-79.89886615683324
building_619,amenity_place_of_worship,W429194663,"POLYGON ((-79.8937194 -2.1414265, -79.8938442 -2.1415071, -79.8936654 -2.1417832, -79.8935406 -2.1417026, -79.8937194 -2.1414265))",-2.1416048500000002,-79.8936924
building_620,amenity_school,W429391751,"POLYGON ((-79.9037574 -2.1301922, -79.9035834 -2.1302874, -79.9036381 -2.1303873, -79.9034329 -2.1304996, -79.9030755 -2.1298474, -79.9034548 -2.1296398, -79.9037574 -2.1301922))",-2.1300530760027385,-79.90342463249307
building_621,amenity_school,W429393071,"POLYGON ((-79.8977916 -2.1309081, -79.898004 -2.1310602, -79.8973704 -2.1319302, -79.8972359 -2.1318383, -79.8972218 -2.1316261, -79.8977916 -2.1309081))",-2.13141235155734,-79.89757728238217
building_622,tourism_hostel,W429419761,"POLYGON ((-79.8925791 -2.1496688, -79.892426 -2.1497677, -79.8924828 -2.1498542, -79.8926352 -2.1497564, -79.8925791 -2.1496688))",-2.1497616845248584,-79.89253081127431
building_623,amenity_place_of_worship,W429472026,"POLYGON ((-79.9041129 -2.1406172, -79.904067 -2.1406809, -79.9038771 -2.1405443, -79.903923 -2.1404806, -79.9041129 -2.1406172))",-2.14058075,-79.90399500000002
building_624,amenity_place_of_worship,W429515469,"POLYGON ((-79.8876405 -2.1527627, -79.8878232 -2.152926, -79.887829 -2.1530855, -79.8876213 -2.1530817, -79.8875848 -2.1530221, -79.8875598 -2.1529472, -79.887554 -2.1528857, -79.8875694 -2.1528338, -79.8875944 -2.1527973, -79.8876405 -2.1527627))",-2.1529480477722007,-79.88768698905321
building_625,amenity_school,W429515470,"POLYGON ((-79.8872913 -2.1532423, -79.8871813 -2.1539097, -79.8882193 -2.1541027, -79.8883132 -2.1535077, -79.8880128 -2.1534434, -79.8878304 -2.1533147, -79.887471 -2.1532504, -79.8873101 -2.1532289, -79.8872913 -2.1532423))",-2.1536738535311883,-79.8877367589687
building_626,amenity_school,W429533282,"POLYGON ((-79.8972361 -2.1479245, -79.8970375 -2.1480572, -79.8971587 -2.1482383, -79.8973573 -2.1481056, -79.8972361 -2.1479245))",-2.1480813999999993,-79.8971974
building_627,amenity_place_of_worship,W429533283,"POLYGON ((-79.8969967 -2.148125, -79.8971008 -2.1482786, -79.8970147 -2.1483368, -79.8969107 -2.1481833, -79.8969967 -2.148125))",-2.148230924652056,-79.89700573259556
building_628,amenity_place_of_worship,W429685476,"POLYGON ((-79.9047528 -2.1562826, -79.9051419 -2.1560984, -79.9051628 -2.1561424, -79.9052332 -2.1561091, -79.9052878 -2.1562243, -79.9052235 -2.1562548, -79.9052544 -2.1563199, -79.9048592 -2.156507, -79.9047528 -2.1562826))",-2.1562925362197802,-79.90502055209109
building_629,amenity_place_of_worship,W429694451,"POLYGON ((-79.8988013 -2.1478618, -79.898689 -2.1477684, -79.8987388 -2.1477108, -79.8988497 -2.1478016, -79.8988013 -2.1478618))",-2.14778585447327,-79.89876975764622
building_630,amenity_place_of_worship,W429694453,"POLYGON ((-79.8989807 -2.1466539, -79.8988453 -2.1469446, -79.8989839 -2.1470091, -79.8990495 -2.1468706, -79.8991186 -2.1467165, -79.8989807 -2.1466539))",-2.1468314644950466,-79.89898244605418
building_631,amenity_place_of_worship,W429694454,"POLYGON ((-79.8987276 -2.1466165, -79.8986473 -2.1467987, -79.8985462 -2.1467542, -79.8986264 -2.1465721, -79.8987276 -2.1466165))",-2.146685370419018,-79.89863688367943
building_632,amenity_place_of_worship,W429705766,"POLYGON ((-79.8904963 -2.1425543, -79.890372 -2.1428088, -79.8904993 -2.1428709, -79.8906236 -2.1426164, -79.8904963 -2.1425543))",-2.1427126,-79.8904978
building_633,amenity_place_of_worship,W429765790,"POLYGON ((-79.9095311 -2.0957339, -79.9094612 -2.0958834, -79.9095488 -2.0959243, -79.9096187 -2.0957748, -79.9095311 -2.0957339))",-2.0958291,-79.90953995000001
building_634,amenity_school,W429770414,"POLYGON ((-79.8973465 -2.0911856, -79.897318 -2.0911074, -79.896553 -2.0906993, -79.8963004 -2.0911723, -79.8972753 -2.0916924, -79.8973465 -2.0911856))",-2.091181273607797,-79.89686715134268
building_635,tourism_hostel,W429771267,"POLYGON ((-79.8870026 -2.1480476, -79.8869294 -2.148063, -79.8868631 -2.1477483, -79.8869363 -2.1477329, -79.8870026 -2.1480476))",-2.14789795,-79.88693285
building_636,amenity_school,W429928808,"POLYGON ((-79.8970657 -2.1981707, -79.896958 -2.1982018, -79.8969756 -2.1982628, -79.8966104 -2.1983682, -79.8967096 -2.1987113, -79.8971824 -2.1985749, -79.8970657 -2.1981707))",-2.198461603505006,-79.89690126693617
building_637,amenity_school,W429940488,"POLYGON ((-79.9005017 -2.2093124, -79.9000745 -2.2094438, -79.9001559 -2.209708, -79.9005831 -2.2095766, -79.9005017 -2.2093124))",-2.2095102000000004,-79.90032880000001
building_638,amenity_school,W429942854,"POLYGON ((-79.927059 -2.1566183, -79.9269 -2.1565487, -79.9267504 -2.1568899, -79.9269094 -2.1569595, -79.927059 -2.1566183))",-2.1567541,-79.92690470000001
building_639,amenity_place_of_worship,W429944843,"POLYGON ((-79.9254359 -2.1551275, -79.9253627 -2.1553081, -79.9252604 -2.1552667, -79.9253337 -2.1550861, -79.9254359 -2.1551275))",-2.1551971119782865,-79.9253481682314
building_640,amenity_school,W429944844,"POLYGON ((-79.9251721 -2.1549008, -79.925114 -2.1549223, -79.9250422 -2.1547516, -79.9250976 -2.1547221, -79.9251721 -2.1549008))",-2.1548239653923384,-79.92510662616934
building_641,amenity_place_of_worship,W429944845,"POLYGON ((-79.9249762 -2.1546298, -79.9248619 -2.1546836, -79.9249762 -2.1549299, -79.925078 -2.1548827, -79.9249762 -2.1546298))",-2.1547790305568393,-79.92497203333333
building_642,amenity_school,W429945174,"POLYGON ((-79.8970641 -2.2123824, -79.8968208 -2.212464, -79.8966301 -2.212375, -79.8964254 -2.212258, -79.8961007 -2.2111009, -79.8966569 -2.2109598, -79.8970641 -2.2123824))",-2.211713023310498,-79.89658249388339
building_643,amenity_place_of_worship,W429946306,"POLYGON ((-79.8927578 -2.2004664, -79.8929262 -2.2004243, -79.8930053 -2.2004069, -79.8929621 -2.2002364, -79.8927152 -2.2002961, -79.8927578 -2.2004664))",-2.200351105847227,-79.89285998363684
building_644,amenity_place_of_worship,W429958388,"POLYGON ((-79.9121744 -2.1644574, -79.9121244 -2.1645284, -79.9119069 -2.1643756, -79.9119568 -2.1643045, -79.9121744 -2.1644574))",-2.164416468328636,-79.91204062210159
building_645,amenity_school,W429963629,"POLYGON ((-79.9207834 -2.1257825, -79.9207973 -2.1259477, -79.9205756 -2.1259664, -79.9205616 -2.1258012, -79.9207834 -2.1257825))",-2.1258744439146886,-79.92067947354285
building_646,amenity_school,W429963631,"POLYGON ((-79.9211012 -2.1261693, -79.9211235 -2.1263907, -79.9209257 -2.1264105, -79.9209035 -2.1261892, -79.9211012 -2.1261693))",-2.1262899324923024,-79.92101348394527
building_647,amenity_school,W430391308,"POLYGON ((-79.9077026 -2.0917249, -79.9076801 -2.0918419, -79.9072278 -2.0917549, -79.9072503 -2.0916379, -79.9077026 -2.0917249))",-2.0917399,-79.90746519999999
building_648,amenity_place_of_worship,W430401908,"POLYGON ((-79.9088228 -2.0947517, -79.9088616 -2.0946698, -79.908751 -2.0946175, -79.9087123 -2.0946994, -79.9088228 -2.0947517))",-2.094684597012575,-79.90878693173498
building_649,amenity_place_of_worship,W430401912,"POLYGON ((-79.9077658 -2.0925893, -79.9077297 -2.0926508, -79.9077839 -2.0926826, -79.90782 -2.092621, -79.9077658 -2.0925893))",-2.0926359323305115,-79.90777485303876
building_650,amenity_place_of_worship,W430401914,"POLYGON ((-79.9053338 -2.0926953, -79.9052777 -2.0926655, -79.9051841 -2.0928412, -79.9052402 -2.092871, -79.9053338 -2.0926953))",-2.0927682499999998,-79.90525894999999
building_651,amenity_place_of_worship,W430604199,"POLYGON ((-79.9094022 -2.1697228, -79.9093188 -2.1698267, -79.9091839 -2.1697183, -79.9092684 -2.1696143, -79.9094022 -2.1697228))",-2.1697205127869625,-79.90929322845791
building_652,amenity_place_of_worship,W430611335,"POLYGON ((-79.8902895 -2.1330102, -79.8902857 -2.1330739, -79.8902901 -2.1330906, -79.8903005 -2.1331074, -79.8903139 -2.1331197, -79.8903303 -2.1331274, -79.8904243 -2.1331329, -79.890431 -2.1330185, -79.8902895 -2.1330102))",-2.1330695810971174,-79.89035984290547
building_653,amenity_school,W430614671,"POLYGON ((-79.8992183 -2.1788847, -79.8991146 -2.1789302, -79.8990558 -2.1789259, -79.898991 -2.1789543, -79.8989277 -2.1788101, -79.899144 -2.1787154, -79.8992183 -2.1788847))",-2.1788408926470426,-79.8990749940474
building_654,amenity_place_of_worship,W430617223,"POLYGON ((-79.8968656 -2.1708904, -79.8966989 -2.1708819, -79.8967101 -2.1706638, -79.8966872 -2.1706626, -79.8966889 -2.1706306, -79.8967993 -2.1705867, -79.8968947 -2.1706318, -79.8968925 -2.1706735, -79.8968768 -2.1706727, -79.8968656 -2.1708904))",-2.1707421270028666,-79.89678961113516
building_655,tourism_hostel,W430617224,"POLYGON ((-79.8961626 -2.170553, -79.8962766 -2.1705614, -79.8962347 -2.1711462, -79.8960488 -2.1711329, -79.8957868 -2.1711156, -79.8958046 -2.1708603, -79.8959111 -2.1708677, -79.8959 -2.1710279, -79.89613 -2.1710438, -79.8961547 -2.1706879, -79.8961626 -2.170553))",-2.170927151803193,-79.89608072102111
building_656,amenity_school,W430618686,"POLYGON ((-79.8980314 -2.1787012, -79.8974608 -2.1789423, -79.8977666 -2.1795926, -79.8984014 -2.1793221, -79.898223 -2.1789304, -79.8981278 -2.1789622, -79.8980314 -2.1787012))",-2.1791478128636523,-79.8979226344448
building_657,amenity_place_of_worship,W430623176,"POLYGON ((-79.935817 -2.0699775, -79.9358284 -2.0700583, -79.9357191 -2.0700737, -79.9357077 -2.0699929, -79.935817 -2.0699775))",-2.0700256,-79.93576804999998
building_658,amenity_place_of_worship,W430631367,"POLYGON ((-79.922669 -2.1555168, -79.9225721 -2.1555599, -79.9224951 -2.1553867, -79.922592 -2.1553437, -79.922669 -2.1555168))",-2.1554517822595862,-79.92258204856476
building_659,amenity_place_of_worship,W430635393,"POLYGON ((-79.9272648 -2.1557846, -79.9272176 -2.1558836, -79.9271425 -2.1558478, -79.9271897 -2.1557488, -79.9272648 -2.1557846))",-2.1558162,-79.92720365000001
building_660,amenity_place_of_worship,W430637865,"POLYGON ((-79.924664 -2.1267452, -79.9246763 -2.1268573, -79.9244716 -2.1268798, -79.9244592 -2.1267677, -79.924664 -2.1267452))",-2.126812495673706,-79.92456777285076
building_661,amenity_place_of_worship,W430638816,"POLYGON ((-79.9295561 -2.0756281, -79.9295279 -2.0756711, -79.9295864 -2.0757095, -79.9296146 -2.0756665, -79.9295561 -2.0756281))",-2.0756688000000003,-79.92957125
building_662,amenity_place_of_worship,W430638817,"POLYGON ((-79.9282521 -2.0749209, -79.9282353 -2.0748498, -79.9281777 -2.0748634, -79.9281723 -2.0748408, -79.928103 -2.0748092, -79.9280131 -2.074836, -79.9279739 -2.0748876, -79.9279756 -2.0748964, -79.9279245 -2.0749066, -79.9279424 -2.0749969, -79.9280001 -2.0749855, -79.9280024 -2.0749968, -79.9280668 -2.075037, -79.928162 -2.0750089, -79.9281967 -2.0749571, -79.9281915 -2.0749352, -79.9282521 -2.0749209))",-2.074921912558375,-79.92808525461842
building_663,amenity_place_of_worship,W430639237,"POLYGON ((-79.9257153 -2.1278295, -79.9258328 -2.1279201, -79.9257566 -2.1280187, -79.9256391 -2.1279281, -79.9257153 -2.1278295))",-2.1279240999999995,-79.92573594999999
building_664,amenity_place_of_worship,W430640478,"POLYGON ((-79.9287264 -2.0678834, -79.9286643 -2.0681273, -79.9285093 -2.0680889, -79.9285702 -2.0678431, -79.9287264 -2.0678834))",-2.0679854480925917,-79.92861752244491
building_665,amenity_place_of_worship,W430645345,"POLYGON ((-79.9358209 -2.0685651, -79.935784 -2.0685081, -79.9358915 -2.0684386, -79.9359284 -2.0684956, -79.9358209 -2.0685651))",-2.06850185,-79.9358562
building_666,amenity_place_of_worship,W430651354,"POLYGON ((-79.9092759 -2.1707484, -79.909317 -2.1707825, -79.9094709 -2.1709104, -79.9093566 -2.1710479, -79.909203 -2.1709203, -79.9092297 -2.1708882, -79.9091882 -2.1708538, -79.9092759 -2.1707484))",-2.1708987118641723,-79.90932252864731
building_667,amenity_school,W430654943,"POLYGON ((-79.927356 -2.0815431, -79.9275892 -2.0820057, -79.9271273 -2.0825841, -79.9267591 -2.0822904, -79.927356 -2.0815431))",-2.082097801781896,-79.92720150481506
building_668,amenity_school,W430656137,"POLYGON ((-79.9004841 -2.1787882, -79.9005422 -2.1789124, -79.9001707 -2.1790858, -79.9001126 -2.1789616, -79.9004841 -2.1787882))",-2.1789370000000003,-79.9003274
building_669,amenity_school,W430656138,"POLYGON ((-79.8997545 -2.1790805, -79.8996432 -2.1791318, -79.8997518 -2.1793671, -79.8998631 -2.1793159, -79.8997545 -2.1790805))",-2.17922381679709,-79.89975315015579
building_670,amenity_place_of_worship,W430658143,"POLYGON ((-79.8973395 -2.1782131, -79.8973097 -2.1783746, -79.8972626 -2.1783659, -79.8972359 -2.1785104, -79.8972589 -2.1785146, -79.8972362 -2.1786377, -79.8970493 -2.1786032, -79.8970724 -2.1784781, -79.8967739 -2.1784231, -79.8967981 -2.1782923, -79.897045 -2.1783378, -79.8970548 -2.1782847, -79.8970045 -2.1782754, -79.8970267 -2.1781555, -79.8973395 -2.1782131))",-2.1783775468980577,-79.8970999087698
building_671,amenity_place_of_worship,W430804766,"POLYGON ((-79.927596 -2.0832786, -79.9275548 -2.0833371, -79.9276702 -2.0834183, -79.9277114 -2.0833598, -79.927596 -2.0832786))",-2.0833484500000004,-79.9276331
building_672,amenity_school,W430817637,"POLYGON ((-79.9193533 -2.0883342, -79.9191419 -2.0882819, -79.9193569 -2.087414, -79.9195683 -2.0874663, -79.9193533 -2.0883342))",-2.0878741,-79.91935509999998
building_673,amenity_place_of_worship,W430859825,"POLYGON ((-79.9050617 -2.1134401, -79.9050405 -2.1135145, -79.9048652 -2.1134646, -79.9048864 -2.1133901, -79.9050617 -2.1134401))",-2.1134523188964347,-79.90496343211636
building_674,amenity_place_of_worship,W430860620,"POLYGON ((-79.9151368 -2.0837076, -79.9151123 -2.0837962, -79.9152662 -2.0838388, -79.9152907 -2.0837502, -79.9151368 -2.0837076))",-2.0837732000000004,-79.91520150000001
building_675,amenity_school,W430862363,"POLYGON ((-79.9146561 -2.0868262, -79.9147331 -2.0865203, -79.9144045 -2.0864376, -79.9143274 -2.0867435, -79.9146561 -2.0868262))",-2.086631906761038,-79.91453027104411
building_676,amenity_place_of_worship,W430870138,"POLYGON ((-79.903818 -2.1127804, -79.9037929 -2.1128752, -79.9036743 -2.112844, -79.9036657 -2.1128765, -79.903781 -2.1129069, -79.9037494 -2.1130269, -79.9034244 -2.1129413, -79.9034897 -2.1126939, -79.903818 -2.1127804))",-2.112859534128293,-79.90361500399847
building_677,amenity_school,W430872028,"POLYGON ((-79.908951 -2.1056821, -79.9060318 -2.1048927, -79.9045912 -2.1045031, -79.9041222 -2.1061062, -79.903495 -2.1079772, -79.908155 -2.1095937, -79.9085965 -2.1077698, -79.908951 -2.1056821))",-2.106983309822861,-79.90634894060697
building_678,amenity_place_of_worship,W430874060,"POLYGON ((-79.9302781 -2.1559534, -79.930212 -2.1560402, -79.9301937 -2.1561431, -79.9305485 -2.156291, -79.9306383 -2.1560967, -79.9302781 -2.1559534))",-2.1561189357926898,-79.93040976884782
building_679,amenity_school,W431046972,"POLYGON ((-79.9036995 -2.1107949, -79.9036077 -2.111124, -79.9029134 -2.1109305, -79.9024918 -2.1109165, -79.9025035 -2.1105658, -79.9029278 -2.1105799, -79.9036995 -2.1107949))",-2.1108156746761355,-79.90307728400892
building_680,tourism_hostel,W431059746,"POLYGON ((-79.889881 -2.1908127, -79.8898287 -2.1908289, -79.8899232 -2.1911342, -79.8899756 -2.191118, -79.889881 -2.1908127))",-2.1909734942240346,-79.88990213913816
building_681,amenity_place_of_worship,W431059749,"POLYGON ((-79.8893661 -2.1887137, -79.88912 -2.1887925, -79.8890597 -2.1886044, -79.8893058 -2.1885256, -79.8893661 -2.1887137))",-2.18865905,-79.88921290000002
building_682,tourism_hostel,W431067424,"POLYGON ((-79.9064708 -2.1365565, -79.9064481 -2.1366071, -79.9065239 -2.1366411, -79.9065466 -2.1365904, -79.9064708 -2.1365565))",-2.1365987817303274,-79.90649735945486
building_683,tourism_hostel,W431069075,"POLYGON ((-79.8833227 -2.1883333, -79.8831467 -2.1883987, -79.8831779 -2.1884826, -79.8833539 -2.1884172, -79.8833227 -2.1883333))",-2.1884079499999998,-79.88325029999999
building_684,amenity_school,W431080022,"POLYGON ((-79.9327954 -2.1475402, -79.9324913 -2.1474315, -79.9325588 -2.1472429, -79.9323139 -2.1471553, -79.9322401 -2.147196, -79.932139 -2.1471629, -79.9322002 -2.1469762, -79.9327285 -2.1471491, -79.9327102 -2.147205, -79.9327915 -2.1473737, -79.9328478 -2.1473938, -79.9327954 -2.1475402))",-2.1472417670713653,-79.93253066997141
building_685,amenity_place_of_worship,W431080674,"POLYGON ((-79.9217527 -2.1037996, -79.9217223 -2.1037705, -79.921773 -2.1037175, -79.9218034 -2.1037466, -79.9217527 -2.1037996))",-2.1037585500000002,-79.92176285000001
building_686,tourism_hostel,W431085021,"POLYGON ((-79.918337 -2.1442861, -79.9183883 -2.1444114, -79.9183186 -2.1444399, -79.9182673 -2.1443146, -79.918337 -2.1442861))",-2.1443630000000002,-79.9183278
building_687,amenity_place_of_worship,W431087062,"POLYGON ((-79.9339384 -2.0989578, -79.9339021 -2.0989538, -79.9339117 -2.0988657, -79.933948 -2.0988696, -79.9339384 -2.0989578))",-2.098911727547089,-79.93392505315425
building_688,amenity_place_of_worship,W431089932,"POLYGON ((-79.9014507 -2.1223568, -79.9013161 -2.1223602, -79.9013195 -2.1224935, -79.9014541 -2.1224901, -79.9014507 -2.1223568))",-2.1224251499999998,-79.9013851
building_689,amenity_place_of_worship,W431092964,"POLYGON ((-79.9000439 -2.1226038, -79.8998686 -2.1226303, -79.8998774 -2.1227495, -79.9000453 -2.1227436, -79.9000439 -2.1226038))",-2.1226810788202437,-79.89996096920449
building_690,amenity_place_of_worship,W431094496,"POLYGON ((-79.9349428 -2.1532176, -79.9351231 -2.1532886, -79.9350145 -2.1535642, -79.9348342 -2.1534932, -79.9349428 -2.1532176))",-2.1533908999999998,-79.93497864999999
building_691,amenity_place_of_worship,W431095927,"POLYGON ((-79.9264488 -2.1214752, -79.9263173 -2.1214453, -79.9263787 -2.1211759, -79.9265102 -2.1212059, -79.9264488 -2.1214752))",-2.121325570420166,-79.92641374697556
building_692,amenity_school,W431096982,"POLYGON ((-79.8856339 -2.1725128, -79.8850117 -2.1724857, -79.885032 -2.1720219, -79.8856541 -2.1720491, -79.8856339 -2.1725128))",-2.1722673804209305,-79.88533291309572
building_693,amenity_place_of_worship,W431111651,"POLYGON ((-79.8978849 -2.2113114, -79.8979424 -2.211512, -79.8977784 -2.211559, -79.8977208 -2.2113585, -79.8978849 -2.2113114))",-2.2114352115978444,-79.89783162601573
building_694,amenity_school,W431232813,"POLYGON ((-79.8840324 -2.1242941, -79.884014 -2.1244128, -79.8840676 -2.1244279, -79.8840391 -2.1244681, -79.8841027 -2.1245199, -79.884168 -2.1244346, -79.8841831 -2.1244162, -79.8841864 -2.1243476, -79.8841463 -2.1243443, -79.8841111 -2.1243392, -79.8841145 -2.1243141, -79.8840324 -2.1242941))",-2.12439861635302,-79.88409732184246
building_695,amenity_place_of_worship,W431233713,"POLYGON ((-79.9364571 -2.1574197, -79.9363134 -2.1573604, -79.9363724 -2.1572175, -79.9365161 -2.1572768, -79.9364571 -2.1574197))",-2.1573185999999995,-79.93641475000001
building_696,tourism_hostel,W431238932,"POLYGON ((-79.8831962 -2.1891859, -79.8832119 -2.1892421, -79.8832303 -2.1893077, -79.8834478 -2.189247, -79.8834138 -2.1891253, -79.8831962 -2.1891859))",-2.189216478902976,-79.88332199850885
building_697,amenity_place_of_worship,W431238937,"POLYGON ((-79.8863695 -2.1887076, -79.886257 -2.1887054, -79.8862539 -2.1888691, -79.8863664 -2.1888712, -79.8863685 -2.1887631, -79.8863695 -2.1887076))",-2.188788322896995,-79.88631170722212
building_698,amenity_place_of_worship,W431240622,"POLYGON ((-79.938821 -2.1666545, -79.9388423 -2.1668159, -79.9388219 -2.1668363, -79.9388441 -2.1668584, -79.9388552 -2.1669102, -79.938846 -2.1669601, -79.9388034 -2.1669841, -79.9387757 -2.1669786, -79.9387812 -2.1670248, -79.9387497 -2.1670218, -79.9387461 -2.1670599, -79.9386998 -2.1670914, -79.9386369 -2.1670951, -79.9385925 -2.1670618, -79.9385777 -2.167023, -79.9385847 -2.1668126, -79.938735 -2.1668178, -79.9387424 -2.1668399, -79.9387609 -2.1668104, -79.9387417 -2.166665, -79.938821 -2.1666545))",-2.1669036942615043,-79.93871590561281
building_699,amenity_place_of_worship,W431240633,"POLYGON ((-79.8983196 -2.1084146, -79.8985531 -2.108702, -79.8984335 -2.1087389, -79.8982892 -2.1087715, -79.8981708 -2.1087265, -79.8983196 -2.1084146))",-2.108633088776411,-79.8983471527359
building_700,tourism_hostel,W431241937,"POLYGON ((-79.8867206 -2.1894539, -79.8865778 -2.189479, -79.8865616 -2.1893874, -79.8867044 -2.1893622, -79.8867206 -2.1894539))",-2.1894206218654246,-79.88664111243011
building_701,amenity_place_of_worship,W431242840,"POLYGON ((-79.8950744 -2.2448539, -79.8950482 -2.2450363, -79.894702 -2.2449867, -79.8947281 -2.2448043, -79.8950744 -2.2448539))",-2.2449202960165318,-79.89488817783719
building_702,amenity_place_of_worship,W431243170,"POLYGON ((-79.9351536 -2.1665372, -79.9350541 -2.1666366, -79.9352053 -2.1667877, -79.9353047 -2.1666883, -79.9351536 -2.1665372))",-2.166662446408671,-79.93517941592546
building_703,amenity_school,W431245768,"POLYGON ((-79.9220141 -2.072337, -79.9228971 -2.0730277, -79.9223459 -2.0739759, -79.9217673 -2.0737375, -79.9215808 -2.07294, -79.9220141 -2.072337))",-2.073174770577975,-79.92217675893619
building_704,tourism_hostel,W431252213,"POLYGON ((-79.8870963 -2.1958284, -79.887001 -2.1958557, -79.8869403 -2.1956446, -79.8870356 -2.1956173, -79.8870963 -2.1958284))",-2.1957365,-79.88701830000001
building_705,tourism_hostel,W431252215,"POLYGON ((-79.8869736 -2.1953446, -79.8868366 -2.1953743, -79.8867989 -2.1952008, -79.8869359 -2.1951712, -79.8869736 -2.1953446))",-2.1952727285506852,-79.88688624418967
building_706,amenity_place_of_worship,W431259528,"POLYGON ((-79.8855669 -2.1845393, -79.8854244 -2.1845617, -79.8854152 -2.1845033, -79.8855578 -2.1844809, -79.8855669 -2.1845393))",-2.1845212971582253,-79.88549107135842
building_707,tourism_hostel,W431278921,"POLYGON ((-79.8840387 -2.1887192, -79.8839023 -2.188765, -79.8839285 -2.188843, -79.8840649 -2.1887973, -79.8840387 -2.1887192))",-2.1887811191709297,-79.8839836126066
building_708,tourism_hostel,W431278936,"POLYGON ((-79.8873711 -2.1914419, -79.8872985 -2.1914556, -79.8871664 -2.1914806, -79.8871528 -2.1914086, -79.8873575 -2.19137, -79.8873711 -2.1914419))",-2.191425274012213,-79.88726192433924
building_709,amenity_place_of_worship,W431279146,"POLYGON ((-79.9393106 -2.1338117, -79.939217 -2.1338225, -79.93923 -2.1339356, -79.9393236 -2.1339248, -79.9393106 -2.1338117))",-2.1338736500000004,-79.9392703
building_710,amenity_school,W431281485,"POLYGON ((-79.9376397 -2.1361374, -79.9376821 -2.1367121, -79.9372701 -2.1367424, -79.9372277 -2.1361677, -79.9376397 -2.1361374))",-2.1364398999999987,-79.93745489999999
building_711,amenity_school,W431290732,"POLYGON ((-79.9422823 -2.1324103, -79.9423102 -2.1323473, -79.9423602 -2.132235, -79.9424459 -2.132273, -79.942368 -2.1324483, -79.9422823 -2.1324103))",-2.1323416449565005,-79.94236407823577
building_712,amenity_school,W431295456,"POLYGON ((-79.9412339 -2.1319731, -79.9412658 -2.1318945, -79.9412889 -2.1318379, -79.9412128 -2.131807, -79.9411578 -2.1319422, -79.9412339 -2.1319731))",-2.1318900450243783,-79.94122333331373
building_713,amenity_school,W431439478,"POLYGON ((-79.8857648 -2.2521453, -79.8852324 -2.2525473, -79.8850494 -2.2522876, -79.8855761 -2.2519048, -79.8857648 -2.2521453))",-2.252223019575764,-79.88540434747364
building_714,amenity_place_of_worship,W431447527,"POLYGON ((-79.8881375 -2.2476384, -79.888127 -2.2476987, -79.8880184 -2.2476797, -79.8880289 -2.2476194, -79.8881375 -2.2476384))",-2.2476590499999998,-79.88807795000001
building_715,amenity_place_of_worship,W431447528,"POLYGON ((-79.887873 -2.2493488, -79.887855 -2.249475, -79.8877509 -2.2494602, -79.8877689 -2.249334, -79.887873 -2.2493488))",-2.2494045000000003,-79.88781195000001
building_716,amenity_school,W431453188,"POLYGON ((-79.8830036 -2.2458194, -79.883294 -2.2460431, -79.8831408 -2.2462417, -79.8828504 -2.2460179, -79.8830036 -2.2458194))",-2.2460305336467203,-79.88307220551661
building_717,amenity_school,W431669068,"POLYGON ((-79.884246 -2.2458469, -79.8836572 -2.2466075, -79.8832162 -2.2462667, -79.8837278 -2.2456323, -79.8837846 -2.2456728, -79.8841192 -2.2457489, -79.884246 -2.2458469))",-2.2460895466497335,-79.88372304410963
building_718,amenity_school,W431675649,"POLYGON ((-79.8776769 -2.2517974, -79.8772249 -2.2522584, -79.8777466 -2.2530369, -79.8784681 -2.252454, -79.8776769 -2.2517974))",-2.2524041447738723,-79.87780313692679
building_719,amenity_place_of_worship,W431675650,"POLYGON ((-79.8766745 -2.2517949, -79.876714 -2.2518629, -79.8766111 -2.2519227, -79.8765854 -2.2518783, -79.8766247 -2.2518555, -79.8766109 -2.2518318, -79.8766745 -2.2517949))",-2.251859350340583,-79.87664965914584
building_720,amenity_school,W431677190,"POLYGON ((-79.8753711 -2.2535029, -79.8759138 -2.2543102, -79.8755036 -2.2545856, -79.8749608 -2.2537783, -79.8753711 -2.2535029))",-2.254044240015841,-79.87543731544481
building_721,amenity_place_of_worship,W431683554,"POLYGON ((-79.8740452 -2.2558623, -79.8741902 -2.2560941, -79.8740555 -2.2561782, -79.8739105 -2.2559464, -79.8740452 -2.2558623))",-2.25602025,-79.87405035
building_722,amenity_school,W431683555,"POLYGON ((-79.8737935 -2.2559433, -79.8740776 -2.2564046, -79.8737871 -2.2565832, -79.8740603 -2.2570268, -79.8737048 -2.2572454, -79.8731475 -2.2563406, -79.8737935 -2.2559433))",-2.2565600525465275,-79.87365871510885
building_723,amenity_place_of_worship,W431711671,"POLYGON ((-79.9486598 -2.1286315, -79.9486277 -2.128734, -79.9483669 -2.1286524, -79.9483995 -2.1285484, -79.9485493 -2.1285952, -79.9485589 -2.1285645, -79.9485325 -2.1285562, -79.9485728 -2.1284277, -79.9487184 -2.1284732, -79.9486787 -2.1286001, -79.9485875 -2.1285716, -79.9485768 -2.1286056, -79.9486598 -2.1286315))",-2.1285893881153,-79.94855903178396
building_724,amenity_place_of_worship,W431723614,"POLYGON ((-79.9366869 -2.1419721, -79.9366075 -2.1419739, -79.9366116 -2.1421523, -79.936691 -2.1421505, -79.9366869 -2.1419721))",-2.142062199999997,-79.93664924999999
building_725,amenity_place_of_worship,W431728955,"POLYGON ((-79.8869134 -2.1305884, -79.8867054 -2.1308348, -79.8867998 -2.1309144, -79.8869204 -2.1307715, -79.8869567 -2.1308021, -79.8868337 -2.1309478, -79.8869374 -2.1310351, -79.887114 -2.1308259, -79.8870038 -2.1307331, -79.8869687 -2.1307747, -79.8869491 -2.1307583, -79.887018 -2.1306766, -79.8869134 -2.1305884))",-2.130813856630216,-79.88691535689723
building_726,amenity_school,W431730193,"POLYGON ((-79.9282555 -2.1208285, -79.9273873 -2.1206615, -79.9273493 -2.1208586, -79.9282176 -2.1210255, -79.9282555 -2.1208285))",-2.1208435183551053,-79.92780238250067
building_727,amenity_place_of_worship,W431734335,"POLYGON ((-79.9410674 -2.1437577, -79.9410151 -2.1439085, -79.9409359 -2.143881, -79.9409883 -2.1437303, -79.9410674 -2.1437577))",-2.143819394969584,-79.94100167092323
building_728,amenity_place_of_worship,W431738881,"POLYGON ((-79.939452 -2.1514607, -79.9394057 -2.1515084, -79.9394921 -2.1515922, -79.9395384 -2.1515445, -79.939452 -2.1514607))",-2.15152645,-79.93947204999999
building_729,amenity_school,W431772369,"POLYGON ((-79.9073311 -2.1124289, -79.9072564 -2.112731, -79.9069573 -2.1126571, -79.907032 -2.1123551, -79.9073311 -2.1124289))",-2.1125430288816838,-79.90714420729198
building_730,amenity_place_of_worship,W431773545,"POLYGON ((-79.9445267 -2.1386411, -79.9443625 -2.1388251, -79.944268 -2.1387409, -79.9444323 -2.1385569, -79.9445267 -2.1386411))",-2.1386910071471537,-79.94439736480659
building_731,amenity_place_of_worship,W431794100,"POLYGON ((-79.8774128 -2.1823421, -79.8774914 -2.1824795, -79.8778865 -2.1822029, -79.8777679 -2.1820592, -79.8774128 -2.1823421))",-2.18226771985026,-79.87764543726244
building_732,amenity_school,W431795811,"POLYGON ((-79.8774651 -2.1818806, -79.8774298 -2.1819346, -79.877316 -2.1819093, -79.8772663 -2.1821057, -79.8772906 -2.1821278, -79.8771636 -2.1822757, -79.8771261 -2.1822426, -79.8770642 -2.1821995, -79.8771183 -2.1821068, -79.8771603 -2.1818474, -79.8771581 -2.1817669, -79.8774194 -2.1818171, -79.8774113 -2.1818651, -79.8774651 -2.1818806))",-2.181990122401538,-79.8772323241658
building_733,tourism_hostel,W431802450,"POLYGON ((-79.8785183 -2.1860045, -79.8783501 -2.1860685, -79.8782861 -2.1859003, -79.8784077 -2.185854, -79.8784543 -2.1858363, -79.8785183 -2.1860045))",-2.185952392784183,-79.87840219841665
building_734,amenity_school,W431919097,"POLYGON ((-79.941828 -2.1280646, -79.9417705 -2.1285121, -79.9411569 -2.1284334, -79.9412143 -2.127986, -79.941828 -2.1280646))",-2.1282490214153307,-79.94149243835368
building_735,amenity_community_centre,W431924753,"POLYGON ((-79.8880868 -2.1699185, -79.8882677 -2.1699219, -79.8882657 -2.17003, -79.8880848 -2.1700266, -79.8880868 -2.1699185))",-2.16997425,-79.88817625000001
building_736,amenity_school,W431931527,"POLYGON ((-79.884421 -2.169167, -79.8846722 -2.1691822, -79.8846616 -2.1693572, -79.8844104 -2.169342, -79.884421 -2.169167))",-2.169262100000001,-79.8845413
building_737,amenity_school,W431939783,"POLYGON ((-79.913158 -2.1349371, -79.913107 -2.135379, -79.9129535 -2.1353053, -79.9127736 -2.1352189, -79.9123738 -2.1350269, -79.9122589 -2.1349717, -79.912349 -2.134687, -79.9127503 -2.1348432, -79.913158 -2.1349371))",-2.1350136547203795,-79.91274236155495
building_738,amenity_place_of_worship,W431949701,"POLYGON ((-79.8990936 -2.1153347, -79.8989773 -2.1153588, -79.8989059 -2.1153737, -79.8988912 -2.1153033, -79.8989166 -2.115298, -79.8990787 -2.1152641, -79.8990936 -2.1153347))",-2.115318929999215,-79.89899240451638
building_739,amenity_school,W431949865,"POLYGON ((-79.8779748 -2.1791134, -79.8778609 -2.1789481, -79.8777085 -2.1789233, -79.8768153 -2.179241, -79.877141 -2.1800706, -79.8781747 -2.1796513, -79.8779748 -2.1791134))",-2.1794643132818345,-79.87749269429769
building_740,amenity_school,W431978882,"POLYGON ((-79.9209389 -2.1430911, -79.9211051 -2.1434482, -79.9206738 -2.1436487, -79.9205075 -2.1432916, -79.9209389 -2.1430911))",-2.1433698961163743,-79.92080631851304
building_741,amenity_place_of_worship,W431992866,"POLYGON ((-79.9242545 -2.2414658, -79.9242991 -2.2418285, -79.9240532 -2.2418588, -79.9240085 -2.241496, -79.9242545 -2.2414658))",-2.2416622651515508,-79.92415381744273
building_742,tourism_hostel,W431993294,"POLYGON ((-79.8909151 -2.1786666, -79.8908379 -2.1787688, -79.8908113 -2.1787487, -79.8907863 -2.1787817, -79.8907262 -2.1787363, -79.8908031 -2.1786346, -79.8908246 -2.1786508, -79.8908305 -2.1786376, -79.8908497 -2.1786535, -79.8908629 -2.1786376, -79.8908777 -2.1786567, -79.8908865 -2.178645, -79.8909151 -2.1786666))",-2.1787040993464375,-79.89081880985053
building_743,amenity_school,W431994038,"POLYGON ((-79.8915893 -2.2144674, -79.8917066 -2.2148835, -79.8911891 -2.215136, -79.8910354 -2.2146593, -79.8915893 -2.2144674))",-2.214788228316631,-79.89137303933744
building_744,amenity_school,W431994039,"POLYGON ((-79.8920438 -2.2143272, -79.8921099 -2.2145149, -79.8921688 -2.2146821, -79.8918855 -2.2147818, -79.8917605 -2.2144268, -79.8920438 -2.2143272))",-2.2145544810946185,-79.89196464295243
building_745,amenity_school,W432023720,"POLYGON ((-79.8835168 -2.1694783, -79.8837488 -2.1694866, -79.883746 -2.1697729, -79.8835081 -2.1697666, -79.8835168 -2.1694783))",-2.1696266921464815,-79.88362976435836
building_746,amenity_school,W432028716,"POLYGON ((-79.8900167 -2.1702559, -79.8897619 -2.1703658, -79.8898785 -2.1706164, -79.8898396 -2.1706352, -79.8899563 -2.1708858, -79.8901467 -2.1706258, -79.8901119 -2.1704811, -79.8900167 -2.1702559))",-2.1705396983181906,-79.88996748112017
building_747,amenity_school,W432041725,"POLYGON ((-79.8951226 -2.1762317, -79.8951246 -2.1763112, -79.8949369 -2.1763159, -79.8949349 -2.1762364, -79.8951226 -2.1762317))",-2.1762737999999997,-79.89502975
building_748,amenity_place_of_worship,W432044731,"POLYGON ((-79.897049 -2.1723009, -79.8972015 -2.1722876, -79.8972091 -2.1723735, -79.8970565 -2.1723869, -79.897049 -2.1723009))",-2.172337231240726,-79.89712901205198
building_749,amenity_place_of_worship,W432140220,"POLYGON ((-79.9061609 -2.2412665, -79.9061619 -2.241368, -79.9059354 -2.2413703, -79.9059344 -2.2412688, -79.9061609 -2.2412665))",-2.2413184,-79.90604815
building_750,amenity_school,W432146636,"POLYGON ((-79.9118439 -2.1813741, -79.911797 -2.1813652, -79.9107152 -2.1820613, -79.9108252 -2.1822472, -79.9108835 -2.1823845, -79.9117215 -2.1822715, -79.9117074 -2.1820556, -79.9115592 -2.1818183, -79.9119869 -2.1815795, -79.9118439 -2.1813741))",-2.1819569412341564,-79.91134910033256
building_751,amenity_place_of_worship,W432158348,"POLYGON ((-79.8988644 -2.218395, -79.8985018 -2.2185257, -79.8985403 -2.2186344, -79.8985655 -2.2186458, -79.898907 -2.2185219, -79.8988644 -2.218395))",-2.2185233534586177,-79.89870536283537
building_752,amenity_school,W432160549,"POLYGON ((-79.9007125 -2.176368, -79.9008385 -2.1769367, -79.8993591 -2.1772639, -79.8992331 -2.1766952, -79.9007125 -2.176368))",-2.176815950000001,-79.90003580000001
building_753,amenity_school,W432160550,"POLYGON ((-79.9007125 -2.176368, -79.9005781 -2.1758088, -79.8991182 -2.1761146, -79.8991012 -2.176157, -79.8992331 -2.1766952, -79.9007125 -2.176368))",-2.1762487741615386,-79.8999008048298
building_754,amenity_school,W432162379,"POLYGON ((-79.9030705 -2.171207, -79.9030225 -2.1710126, -79.9030867 -2.1709963, -79.9032707 -2.170951, -79.9033853 -2.1709233, -79.9034333 -2.1711177, -79.9030705 -2.171207))",-2.171064975973769,-79.90322783643622
building_755,amenity_community_centre,W432167120,"POLYGON ((-79.8812127 -2.2591112, -79.8812385 -2.2591668, -79.8811667 -2.2592, -79.8811409 -2.2591445, -79.8812127 -2.2591112))",-2.25915561843054,-79.8811897077199
building_756,amenity_school,W432167713,"POLYGON ((-79.8823469 -2.2676556, -79.8822712 -2.2682286, -79.8821557 -2.2682134, -79.8821232 -2.2684597, -79.88151 -2.2683787, -79.8816183 -2.2675594, -79.8823469 -2.2676556))",-2.2680008097145765,-79.88191502177673
building_757,amenity_school,W432167715,"POLYGON ((-79.8831913 -2.2678172, -79.8831966 -2.2677682, -79.8830735 -2.2677548, -79.8830682 -2.2678038, -79.8831913 -2.2678172))",-2.2677859999999996,-79.8831324
building_758,amenity_place_of_worship,W432168526,"POLYGON ((-79.8898831 -2.2688409, -79.8898984 -2.2686803, -79.8897788 -2.268669, -79.8897635 -2.2688296, -79.8898831 -2.2688409))",-2.2687549500000004,-79.88983095
building_759,amenity_school,W432168900,"POLYGON ((-79.9160198 -2.2390008, -79.9157438 -2.2389405, -79.9157036 -2.239124, -79.9159193 -2.2391711, -79.9159797 -2.2391842, -79.9160198 -2.2390008))",-2.2390623935362433,-79.91586171056805
building_760,amenity_school,W432171867,"POLYGON ((-79.908306 -2.1659784, -79.9077109 -2.1675976, -79.9075762 -2.1677865, -79.9071661 -2.167449, -79.907331 -2.1672119, -79.907719 -2.1662416, -79.9078255 -2.1660909, -79.9079381 -2.1659904, -79.9080527 -2.1659141, -79.9081492 -2.165886, -79.9082417 -2.165902, -79.908302 -2.1659382, -79.908306 -2.1659784))",-2.1668242915407014,-79.90774937149014
building_761,amenity_school,W432173530,"POLYGON ((-79.9072691 -2.1681147, -79.9074574 -2.1682768, -79.9071191 -2.1686606, -79.9065504 -2.16816, -79.9070214 -2.1676257, -79.9074016 -2.1679604, -79.9072691 -2.1681147))",-2.168145617730225,-79.90703318759005
building_762,amenity_school,W432177366,"POLYGON ((-79.9080965 -2.1685697, -79.9078533 -2.168872, -79.9075578 -2.1686129, -79.9078287 -2.1683583, -79.9080965 -2.1685697))",-2.1686075383948995,-79.90783216358025
building_763,amenity_school,W432208814,"POLYGON ((-79.8972077 -2.2305822, -79.8969198 -2.2306078, -79.8969329 -2.2307545, -79.8969754 -2.2307475, -79.8971873 -2.2307319, -79.8972077 -2.2305822))",-2.230666777510246,-79.89706227708675
building_764,amenity_place_of_worship,W432212433,"POLYGON ((-79.9194395 -2.2372026, -79.9194277 -2.2372732, -79.9193788 -2.237265, -79.9193907 -2.2371944, -79.9194395 -2.2372026))",-2.23723381155562,-79.91940917209251
building_765,amenity_school,W432213286,"POLYGON ((-79.8984635 -2.2195486, -79.8985833 -2.2201127, -79.8980752 -2.220273, -79.8978535 -2.2197531, -79.8984635 -2.2195486))",-2.2199130859632157,-79.89824205549485
building_766,amenity_place_of_worship,W432214037,"POLYGON ((-79.9053024 -2.2504911, -79.9053408 -2.2506513, -79.9052875 -2.250664, -79.9052492 -2.2505038, -79.9053024 -2.2504911))",-2.2505775735673232,-79.90529498130236
building_767,amenity_school,W432220611,"POLYGON ((-79.9053294 -2.2409967, -79.9053311 -2.2411113, -79.9054947 -2.2411089, -79.905493 -2.2409943, -79.9053294 -2.2409967))",-2.2410528000000003,-79.90541205000001
building_768,amenity_school,W432226613,"POLYGON ((-79.8903155 -2.1831384, -79.8908732 -2.182708, -79.8910845 -2.1833786, -79.8906177 -2.1834923, -79.8905546 -2.18342, -79.8903155 -2.1831384))",-2.183153655737979,-79.89073198501602
building_769,amenity_school,W432234112,"POLYGON ((-79.9034936 -2.2468676, -79.9035875 -2.2473627, -79.9030201 -2.2474899, -79.9030278 -2.2472228, -79.9030342 -2.2468401, -79.9034936 -2.2468676))",-2.247152009917014,-79.90327442503732
building_770,amenity_place_of_worship,W432241698,"POLYGON ((-79.8948828 -2.188635, -79.894916 -2.188764, -79.8947973 -2.1887919, -79.8947642 -2.1886654, -79.8948828 -2.188635))",-2.1887139835885447,-79.89484024667416
building_771,amenity_place_of_worship,W432254302,"POLYGON ((-79.8933436 -2.1978523, -79.8933816 -2.1979656, -79.893117 -2.1980541, -79.893079 -2.1979408, -79.8933436 -2.1978523))",-2.1979531999999993,-79.89323029999998
building_772,amenity_school,W432254305,"POLYGON ((-79.8932765 -2.2003381, -79.8933093 -2.2004669, -79.893038 -2.2005357, -79.8930053 -2.2004069, -79.8932765 -2.2003381))",-2.2004369026566137,-79.89315728012684
building_773,amenity_school,W432254310,"POLYGON ((-79.8955344 -2.205574, -79.8955919 -2.2057774, -79.8954137 -2.2058276, -79.8953563 -2.2056243, -79.8955344 -2.205574))",-2.2057008288758113,-79.89547408545488
building_774,amenity_place_of_worship,W432259163,"POLYGON ((-79.9001611 -2.2062569, -79.9002541 -2.2065462, -79.9001644 -2.2065749, -79.9000714 -2.2062857, -79.9001611 -2.2062569))",-2.2064159164163564,-79.90016274982446
building_775,amenity_place_of_worship,W432292456,"POLYGON ((-79.9615515 -2.1923702, -79.9615455 -2.1922896, -79.9617044 -2.1922779, -79.9617104 -2.1923585, -79.9615515 -2.1923702))",-2.19232405,-79.96162795
building_776,amenity_place_of_worship,W432294893,"POLYGON ((-79.9614386 -2.1925537, -79.9614539 -2.1926738, -79.9613694 -2.1926845, -79.9613718 -2.1927031, -79.9613012 -2.192712, -79.9612836 -2.1925734, -79.9614386 -2.1925537))",-2.1926285010709097,-79.96136654381175
building_777,amenity_place_of_worship,W432299816,"POLYGON ((-79.8918166 -2.2748525, -79.8919553 -2.2750492, -79.8918505 -2.2751251, -79.891711 -2.2749257, -79.8918166 -2.2748525))",-2.274988308262451,-79.89183333410404
building_778,amenity_school,W432300107,"POLYGON ((-79.8839079 -2.2782061, -79.8840206 -2.2784794, -79.8840112 -2.2787515, -79.8839495 -2.2789471, -79.8836504 -2.2792232, -79.8832682 -2.2786228, -79.8839079 -2.2782061))",-2.278702260180176,-79.88370608502808
building_779,amenity_place_of_worship,W432301607,"POLYGON ((-79.8781219 -2.280792, -79.8782054 -2.2809202, -79.8779179 -2.2811112, -79.8778291 -2.2809749, -79.8781219 -2.280792))",-2.2809505298152217,-79.8780170917221
building_780,amenity_place_of_worship,W432303613,"POLYGON ((-79.8804471 -2.2701308, -79.8804371 -2.2701992, -79.8802921 -2.2701782, -79.8803021 -2.2701098, -79.8804471 -2.2701308))",-2.2701545,-79.88036960000001
building_781,amenity_school,W432304039,"POLYGON ((-79.8820655 -2.2669664, -79.8819976 -2.2674759, -79.8816435 -2.2674287, -79.8817114 -2.2669192, -79.8820655 -2.2669664))",-2.267197550000002,-79.88185450000002
building_782,amenity_place_of_worship,W432304657,"POLYGON ((-79.8884738 -2.2746502, -79.8884315 -2.2747175, -79.8883864 -2.2746892, -79.8884286 -2.2746219, -79.8884738 -2.2746502))",-2.2746696926622527,-79.88843008311073
building_783,amenity_school,W432304749,"POLYGON ((-79.8782623 -2.2802534, -79.8783656 -2.2804121, -79.8781429 -2.2805568, -79.8780396 -2.2803981, -79.8782623 -2.2802534))",-2.2804051000000003,-79.8782026
building_784,amenity_school,W432360504,"POLYGON ((-79.8838386 -2.2648818, -79.8837201 -2.2657407, -79.8828601 -2.2656223, -79.8829448 -2.2650127, -79.8830421 -2.2650258, -79.8830751 -2.2647755, -79.8838386 -2.2648818))",-2.2652638683984923,-79.88336093091692
building_785,amenity_school,W432363059,"POLYGON ((-79.8797238 -2.2609116, -79.8798429 -2.2612899, -79.8794393 -2.2612588, -79.8794925 -2.2609676, -79.8797238 -2.2609116))",-2.261121017327682,-79.87963342444394
building_786,amenity_place_of_worship,W432363060,"POLYGON ((-79.8798751 -2.2608685, -79.8800303 -2.2613089, -79.8798497 -2.26129, -79.8797287 -2.2609092, -79.8798751 -2.2608685))",-2.261096913309297,-79.87987393277646
building_787,tourism_hostel,W432367110,"POLYGON ((-79.8917834 -2.2577804, -79.8918081 -2.257947, -79.8917333 -2.2579581, -79.8917086 -2.2577915, -79.8917834 -2.2577804))",-2.2578692500000033,-79.89175835000002
building_788,amenity_place_of_worship,W432368698,"POLYGON ((-79.8935979 -2.2561369, -79.8936418 -2.2563917, -79.8934576 -2.2564234, -79.8934137 -2.2561686, -79.8935979 -2.2561369))",-2.2562801499999985,-79.89352775
building_789,amenity_school,W432373821,"POLYGON ((-79.8923001 -2.2542296, -79.8922888 -2.2543695, -79.8920885 -2.2543527, -79.892101 -2.2542129, -79.8923001 -2.2542296))",-2.254291245020384,-79.89219459396443
building_790,amenity_place_of_worship,W432373822,"POLYGON ((-79.892101 -2.2542129, -79.8920885 -2.2543527, -79.892024 -2.2543469, -79.8920365 -2.2542072, -79.892101 -2.2542129))",-2.254279926942373,-79.89206250367242
building_791,amenity_place_of_worship,W432379603,"POLYGON ((-79.9283503 -2.1877671, -79.9282939 -2.1879806, -79.9282377 -2.1879671, -79.9282872 -2.1877522, -79.9283503 -2.1877671))",-2.187864703418257,-79.92829278654219
building_792,amenity_place_of_worship,W432383408,"POLYGON ((-79.9233478 -2.164436, -79.9232816 -2.1645288, -79.9231479 -2.1644337, -79.9231275 -2.1644623, -79.9232692 -2.1645632, -79.9231988 -2.1646619, -79.922912 -2.1644577, -79.9229819 -2.1643597, -79.9230675 -2.1644206, -79.9231546 -2.1642984, -79.9233478 -2.164436))",-2.164471351667593,-79.92313904961107
building_793,amenity_school,W432384246,"POLYGON ((-79.9082345 -2.2112958, -79.9082528 -2.211439, -79.908029 -2.2114676, -79.9080107 -2.2113245, -79.9082345 -2.2112958))",-2.211381722688584,-79.90813176273281
building_794,amenity_place_of_worship,W432384623,"POLYGON ((-79.9157145 -2.1718469, -79.9159214 -2.1721144, -79.9156646 -2.1723127, -79.9154577 -2.1720452, -79.9157145 -2.1718469))",-2.1720798,-79.91568955
building_795,amenity_place_of_worship,W432384684,"POLYGON ((-79.9072689 -2.2088498, -79.9072291 -2.2084462, -79.9070084 -2.2084679, -79.9070483 -2.2088715, -79.9072689 -2.2088498))",-2.2086588349473875,-79.90713867306572
building_796,amenity_school,W432392304,"POLYGON ((-79.9041664 -2.2229367, -79.9042607 -2.2237116, -79.9037913 -2.2237686, -79.9036969 -2.2229938, -79.9041664 -2.2229367))",-2.223352659264448,-79.90397882751921
building_797,amenity_school,W432394514,"POLYGON ((-79.9116607 -2.1544307, -79.9116284 -2.15452, -79.9117561 -2.1545966, -79.911808 -2.1545141, -79.9116607 -2.1544307))",-2.15451469902291,-79.91171423313314
building_798,amenity_place_of_worship,W432396750,"POLYGON ((-79.9093101 -2.225998, -79.9091703 -2.226009, -79.9091738 -2.2260546, -79.9093137 -2.2260437, -79.9093101 -2.225998))",-2.226026325351087,-79.90924200255562
building_799,amenity_place_of_worship,W432397028,"POLYGON ((-79.9070249 -2.1736348, -79.9070181 -2.1736029, -79.9070108 -2.1735937, -79.9070391 -2.1735694, -79.9070204 -2.1735454, -79.9070522 -2.1735062, -79.9070855 -2.1734631, -79.9070311 -2.1734027, -79.9070083 -2.173427, -79.9069921 -2.1734165, -79.9069135 -2.1735219, -79.9068779 -2.173523, -79.9068434 -2.1735325, -79.9068043 -2.1735559, -79.90678 -2.1735867, -79.9067677 -2.1736274, -79.906765 -2.1736679, -79.9067686 -2.1737149, -79.9067891 -2.1737521, -79.9067551 -2.1737849, -79.9067942 -2.1738274, -79.9068349 -2.1737822, -79.9068559 -2.1737966, -79.9069053 -2.1737914, -79.9069545 -2.1737644, -79.9069919 -2.173743, -79.9070192 -2.1737091, -79.9070289 -2.1736672, -79.9070249 -2.1736348))",-2.1736281057630182,-79.90691203935542
building_800,amenity_school,W432397036,"POLYGON ((-79.909543 -2.1748344, -79.9102802 -2.1752381, -79.9103907 -2.174459, -79.9097131 -2.1743471, -79.909543 -2.1748344))",-2.174736704659515,-79.91000311518414
building_801,amenity_place_of_worship,W432397219,"POLYGON ((-79.9096251 -2.2263245, -79.9095169 -2.2263329, -79.9095328 -2.2265386, -79.909641 -2.2265302, -79.9096251 -2.2263245))",-2.22643155,-79.90957894999998
building_802,amenity_place_of_worship,W432398540,"POLYGON ((-79.9101959 -2.2327975, -79.9101977 -2.2328568, -79.9100889 -2.2328602, -79.9100871 -2.2328009, -79.9101959 -2.2327975))",-2.2328288499999998,-79.9101424
building_803,amenity_school,W432399197,"POLYGON ((-79.9086879 -2.1552186, -79.9084438 -2.1554845, -79.9082534 -2.1555064, -79.9081778 -2.1549869, -79.9086879 -2.1552186))",-2.1552629546378186,-79.90838674742831
building_804,amenity_place_of_worship,W432401406,"POLYGON ((-79.9087449 -2.2274941, -79.9086845 -2.2276937, -79.9085192 -2.2276437, -79.9085684 -2.2274813, -79.9086384 -2.2274618, -79.9087449 -2.2274941))",-2.22757253467285,-79.90863332009688
building_805,amenity_place_of_worship,W432402443,"POLYGON ((-79.9105911 -2.22809, -79.9105918 -2.2282247, -79.9104502 -2.2282254, -79.9104498 -2.2281582, -79.910518 -2.2281578, -79.9105177 -2.2280903, -79.9105911 -2.22809))",-2.2281683154106453,-79.9105323659086
building_806,amenity_place_of_worship,W432405969,"POLYGON ((-79.9066771 -2.2318558, -79.906556 -2.2318187, -79.90661 -2.2316425, -79.9067311 -2.2316795, -79.9066771 -2.2318558))",-2.2317491299991112,-79.90664355419413
building_807,amenity_place_of_worship,W432405973,"POLYGON ((-79.906435 -2.237453, -79.9064432 -2.2373324, -79.9062481 -2.2373191, -79.9062399 -2.2374398, -79.906435 -2.237453))",-2.237386073740385,-79.90634153661
building_808,amenity_school,W432413406,"POLYGON ((-79.9795299 -2.1797515, -79.9794367 -2.1791502, -79.9807423 -2.1789481, -79.9808355 -2.1795494, -79.9795299 -2.1797515))",-2.1793497999999993,-79.9801361
building_809,amenity_school,W432433896,"POLYGON ((-79.9095033 -2.2266484, -79.9095233 -2.2268297, -79.9093316 -2.2268508, -79.9093116 -2.2266695, -79.9095033 -2.2266484))",-2.2267495999999998,-79.90941745
building_810,amenity_place_of_worship,W432443532,"POLYGON ((-79.9059704 -2.2267857, -79.9059833 -2.2268942, -79.9057821 -2.226918, -79.9057692 -2.2268095, -79.9059704 -2.2267857))",-2.2268518499999996,-79.90587624999999
building_811,amenity_place_of_worship,W432444334,"POLYGON ((-79.9093676 -2.23492, -79.9094233 -2.2349245, -79.9094138 -2.2350418, -79.9093582 -2.2350373, -79.9093676 -2.23492))",-2.2349808825742308,-79.90939072672354
building_812,amenity_place_of_worship,W432444337,"POLYGON ((-79.9080667 -2.2325886, -79.9081088 -2.2324707, -79.9078235 -2.2323689, -79.9077814 -2.2324868, -79.9080667 -2.2325886))",-2.2324787500000003,-79.9079451
building_813,amenity_place_of_worship,W432444702,"POLYGON ((-80.000409 -2.1902814, -80.0003997 -2.1904693, -79.999989 -2.1904617, -79.9999931 -2.1902816, -80.000409 -2.1902814))",-2.190373330822166,-80.00019917490124
building_814,amenity_place_of_worship,W432449469,"POLYGON ((-79.9059936 -2.2350654, -79.9059819 -2.2348975, -79.9062654 -2.2348695, -79.9062825 -2.2350347, -79.9059936 -2.2350654))",-2.2349670770317696,-79.90613056877368
building_815,amenity_school,W432449475,"POLYGON ((-79.9077324 -2.1554535, -79.9076337 -2.155472, -79.9076573 -2.1555975, -79.9075885 -2.1556105, -79.9076068 -2.155708, -79.9077743 -2.1556766, -79.9077324 -2.1554535))",-2.15559263311574,-79.90768719646682
building_816,amenity_place_of_worship,W432449476,"POLYGON ((-79.9094284 -2.1545254, -79.9093225 -2.1544316, -79.9090604 -2.1547353, -79.9091807 -2.1548004, -79.9094284 -2.1545254))",-2.15462119309774,-79.90924848159455
building_817,amenity_school,W432453655,"POLYGON ((-79.9114574 -2.1528442, -79.911359 -2.1529614, -79.9115094 -2.1530874, -79.9116077 -2.1529701, -79.9114574 -2.1528442))",-2.1529657828715085,-79.9114833701315
building_818,amenity_school,W432467056,"POLYGON ((-79.9273486 -2.2156451, -79.927464 -2.2158981, -79.9273241 -2.2159619, -79.9272086 -2.2157089, -79.9273486 -2.2156451))",-2.215803488322368,-79.92733631756977
building_819,amenity_place_of_worship,W432467058,"POLYGON ((-79.9285156 -2.2182849, -79.9284619 -2.2183055, -79.9284768 -2.218344, -79.9285304 -2.2183234, -79.9285156 -2.2182849))",-2.2183144462825255,-79.92849616910723
building_820,amenity_school,W432473680,"POLYGON ((-79.9245103 -2.2194705, -79.9243734 -2.2195663, -79.924322 -2.2194929, -79.9244588 -2.2193971, -79.9245103 -2.2194705))",-2.2194816978907017,-79.92441613439796
building_821,amenity_place_of_worship,W432473684,"POLYGON ((-79.922578 -2.2207444, -79.9226153 -2.2208155, -79.9225014 -2.220875, -79.9224642 -2.2208039, -79.922578 -2.2207444))",-2.220809701224375,-79.9225397326152
building_822,amenity_place_of_worship,W432582769,"POLYGON ((-79.9204856 -2.2166095, -79.9204545 -2.2166422, -79.9203782 -2.21657, -79.9204093 -2.2165372, -79.9204856 -2.2166095))",-2.2165897135316137,-79.92043189147586
building_823,amenity_place_of_worship,W432582770,"POLYGON ((-79.9188252 -2.2182483, -79.9187692 -2.2183051, -79.9186906 -2.2182276, -79.9187466 -2.2181709, -79.9188252 -2.2182483))",-2.2182379837764583,-79.91875790288138
building_824,amenity_place_of_worship,W432584146,"POLYGON ((-79.8962137 -2.1909917, -79.8965302 -2.1909087, -79.8965722 -2.1910684, -79.8962557 -2.1911514, -79.8962137 -2.1909917))",-2.1910300499999997,-79.89639295
building_825,amenity_school,W432584147,"POLYGON ((-79.8965722 -2.1910684, -79.8966551 -2.1913526, -79.8961359 -2.1914696, -79.896052 -2.1912039, -79.8962557 -2.1911514, -79.8965722 -2.1910684))",-2.191272827597099,-79.89635645588896
building_826,amenity_school,W432587035,"POLYGON ((-79.8923891 -2.1876891, -79.8925182 -2.1880949, -79.8919692 -2.1882805, -79.8918455 -2.1878587, -79.8923891 -2.1876891))",-2.1879818541442604,-79.89217925486669
building_827,amenity_school,W432595800,"POLYGON ((-79.9258088 -2.2210183, -79.9259427 -2.2212876, -79.9255362 -2.2215491, -79.9253991 -2.2212923, -79.9258088 -2.2210183))",-2.2212857786732276,-79.9256725056525
building_828,amenity_place_of_worship,W432595803,"POLYGON ((-79.9254768 -2.2204135, -79.9253463 -2.220484, -79.925192 -2.2205673, -79.9251476 -2.2204853, -79.9254324 -2.2203315, -79.9254768 -2.2204135))",-2.2204494048283863,-79.92531220325068
building_829,tourism_hostel,W432612755,"POLYGON ((-79.8976194 -2.2738542, -79.8975641 -2.2738898, -79.8974779 -2.2737561, -79.8975332 -2.2737205, -79.8976194 -2.2738542))",-2.2738051500000003,-79.89754865000002
building_830,tourism_hostel,W432612756,"POLYGON ((-79.8976801 -2.2738166, -79.8977502 -2.273771, -79.8976919 -2.2736815, -79.8976218 -2.2737271, -79.8976801 -2.2738166))",-2.2737490500000006,-79.897686
building_831,amenity_school,W432625560,"POLYGON ((-79.8992137 -2.2439378, -79.8991779 -2.2441809, -79.8990456 -2.2441615, -79.8990814 -2.2439184, -79.8992137 -2.2439378))",-2.24404965,-79.89912964999999
building_832,amenity_place_of_worship,W432630737,"POLYGON ((-79.8994542 -2.2478761, -79.8994391 -2.2479771, -79.8992659 -2.2479513, -79.899281 -2.2478503, -79.8994542 -2.2478761))",-2.2479137000000002,-79.89936005
building_833,amenity_place_of_worship,W432632128,"POLYGON ((-79.9195529 -2.2312661, -79.9195519 -2.2313176, -79.9196275 -2.2313191, -79.9196285 -2.2312675, -79.9195529 -2.2312661))",-2.231292575344501,-79.91959021221446
building_834,tourism_hostel,W432635312,"POLYGON ((-79.9157163 -2.1997198, -79.9158093 -2.1996917, -79.915947 -2.19965, -79.9159648 -2.1997089, -79.9158607 -2.1997417, -79.9157352 -2.1997792, -79.9157163 -2.1997198))",-2.1997147434227515,-79.91584066880564
building_835,amenity_school,W432635874,"POLYGON ((-79.8983142 -2.2564956, -79.8985418 -2.2568576, -79.8986254 -2.2568182, -79.8987856 -2.2571314, -79.8981331 -2.2575073, -79.8981029 -2.2577347, -79.8978777 -2.2576721, -79.897678 -2.2575514, -79.8974434 -2.2570177, -79.8983142 -2.2564956))",-2.2571115505574735,-79.89808779734875
building_836,amenity_school,W432635878,"POLYGON ((-79.890693 -2.2765482, -79.8910228 -2.276205, -79.891292 -2.2764887, -79.8909836 -2.2768254, -79.890693 -2.2765482))",-2.2765166330136175,-79.89099611302257
building_837,amenity_place_of_worship,W432640674,"POLYGON ((-79.9595533 -2.1187637, -79.9595554 -2.1188481, -79.9594555 -2.1188506, -79.9594533 -2.1187662, -79.9595533 -2.1187637))",-2.1188071429738,-79.9595043745742
building_838,amenity_school,W432642366,"POLYGON ((-79.9189467 -2.2323066, -79.9192821 -2.2323311, -79.9193665 -2.2314476, -79.9190422 -2.2314276, -79.9189467 -2.2323066))",-2.2318807887966536,-79.919159230318
building_839,amenity_place_of_worship,W432642369,"POLYGON ((-79.9190387 -2.2344742, -79.9189465 -2.2344658, -79.9189305 -2.2346423, -79.9190226 -2.2346507, -79.9190387 -2.2344742))",-2.2345582342057804,-79.91898457683284
building_840,amenity_place_of_worship,W432643820,"POLYGON ((-79.9681502 -2.1195492, -79.9682635 -2.119592, -79.9683611 -2.1193341, -79.9682477 -2.1192912, -79.9681755 -2.1194808, -79.9681502 -2.1195492))",-2.1194415988400856,-79.9682554952991
building_841,amenity_school,W432645956,"POLYGON ((-79.9179776 -2.2395238, -79.9179359 -2.2397471, -79.9177027 -2.2397316, -79.9177664 -2.2394957, -79.917875 -2.2395103, -79.9179776 -2.2395238))",-2.239626080387594,-79.91784410781945
building_842,amenity_place_of_worship,W432664851,"POLYGON ((-79.8926444 -2.2318568, -79.8926619 -2.2319796, -79.8925558 -2.2319948, -79.8925383 -2.2318719, -79.8926444 -2.2318568))",-2.2319257773542787,-79.89260009313824
building_843,amenity_place_of_worship,W432665976,"POLYGON ((-79.8971873 -2.2307319, -79.8971853 -2.2307478, -79.897183 -2.2307584, -79.8971799 -2.2307655, -79.8971695 -2.2307763, -79.8971591 -2.2307763, -79.8971658 -2.2308675, -79.8969852 -2.2308807, -79.8969754 -2.2307475, -79.8971873 -2.2307319))",-2.2308051406683336,-79.89707480654309
building_844,amenity_place_of_worship,W432668133,"POLYGON ((-79.9245005 -2.1997903, -79.9245214 -2.1998733, -79.924402 -2.1999033, -79.9243811 -2.1998203, -79.9245005 -2.1997903))",-2.199846800000001,-79.92445125
building_845,amenity_place_of_worship,W433058703,"POLYGON ((-79.9339933 -2.1967546, -79.9340534 -2.1970014, -79.9339618 -2.1970237, -79.9339017 -2.1967769, -79.9339933 -2.1967546))",-2.1968891499999996,-79.93397755
building_846,amenity_place_of_worship,W433061377,"POLYGON ((-79.882087 -2.2670252, -79.8823062 -2.2670493, -79.8823461 -2.2671217, -79.882343 -2.2671721, -79.8822799 -2.2672341, -79.8820666 -2.2672106, -79.882087 -2.2670252))",-2.267131431330987,-79.88220188334503
building_847,amenity_place_of_worship,W433062442,"POLYGON ((-79.8743955 -2.2616065, -79.8743673 -2.2614729, -79.8741512 -2.2615184, -79.874224 -2.2618635, -79.874368 -2.2618331, -79.8743234 -2.2616217, -79.8743955 -2.2616065))",-2.261654910586142,-79.87427352389942
building_848,amenity_place_of_worship,W433062860,"POLYGON ((-79.9265076 -2.2028643, -79.926526 -2.2029459, -79.9263335 -2.2029892, -79.9263151 -2.2029077, -79.9265076 -2.2028643))",-2.202926770026377,-79.92642056854878
building_849,amenity_school,W433064986,"POLYGON ((-79.9298813 -2.2107185, -79.9304105 -2.2112224, -79.9295293 -2.2121733, -79.9290432 -2.2116286, -79.9298813 -2.2107185))",-2.2114373273329746,-79.92971845026496
building_850,amenity_place_of_worship,W433066718,"POLYGON ((-79.9360178 -2.2162961, -79.9356817 -2.2166185, -79.9355735 -2.2165059, -79.9359096 -2.2161835, -79.9360178 -2.2162961))",-2.2164010000000003,-79.93579565
building_851,amenity_place_of_worship,W433066986,"POLYGON ((-79.9396006 -2.2211394, -79.9393425 -2.2213728, -79.9392734 -2.2213037, -79.9395349 -2.2210703, -79.9396006 -2.2211394))",-2.2212219680665903,-79.93943730076249
building_852,amenity_school,W433069392,"POLYGON ((-79.933248 -2.2257796, -79.932924 -2.2254534, -79.9326835 -2.2257723, -79.9329731 -2.2260445, -79.933248 -2.2257796))",-2.225758014543968,-79.93295927443882
building_853,amenity_place_of_worship,W433070423,"POLYGON ((-79.8867628 -2.2807797, -79.8866484 -2.2808594, -79.886816 -2.2810996, -79.8869304 -2.2810198, -79.8867628 -2.2807797))",-2.2809396350745663,-79.88678940306127
building_854,amenity_school,W433079250,"POLYGON ((-79.8994958 -2.1978757, -79.8995407 -2.1980307, -79.8993209 -2.1980927, -79.8992778 -2.1979377, -79.8994958 -2.1978757))",-2.197984282579281,-79.89940888344186
building_855,amenity_school,W433083140,"POLYGON ((-79.8972494 -2.1917309, -79.8971837 -2.1917473, -79.8972019 -2.1918202, -79.8970395 -2.1918608, -79.8970602 -2.1919435, -79.8972253 -2.1919023, -79.8972463 -2.1919863, -79.8973093 -2.1919705, -79.8972494 -2.1917309))",-2.1918688973229283,-79.89719302555613
building_856,amenity_school,W433093701,"POLYGON ((-79.9030656 -2.2093038, -79.9031019 -2.2094415, -79.9029594 -2.209479, -79.9029232 -2.2093413, -79.9030656 -2.2093038))",-2.209391406974675,-79.90301252910552
building_857,amenity_school,W433093702,"POLYGON ((-79.9042174 -2.2129761, -79.9037789 -2.2131543, -79.904141 -2.2142492, -79.9045741 -2.2141165, -79.9042174 -2.2129761))",-2.213619731425273,-79.9041778852034
building_858,amenity_school,W433093704,"POLYGON ((-79.9055898 -2.2174439, -79.905643 -2.2176082, -79.9054266 -2.2176783, -79.9053734 -2.2175139, -79.9055898 -2.2174439))",-2.2175610800693604,-79.90550819066841
building_859,amenity_school,W433096550,"POLYGON ((-79.8901008 -2.2490282, -79.8900847 -2.2491528, -79.8894841 -2.2490752, -79.8895002 -2.2489506, -79.8901008 -2.2490282))",-2.2490517000000003,-79.88979245
building_860,amenity_place_of_worship,W433100160,"POLYGON ((-79.8943913 -2.2761095, -79.8942793 -2.2760971, -79.8942516 -2.2763469, -79.8943635 -2.2763593, -79.8943913 -2.2761095))",-2.2762281816766685,-79.8943214274492
building_861,amenity_place_of_worship,W433108221,"POLYGON ((-79.8904024 -2.2459052, -79.8904124 -2.2458047, -79.8901961 -2.2457832, -79.8901861 -2.2458838, -79.8904024 -2.2459052))",-2.2458442228581346,-79.89029923228661
building_862,amenity_school,W433122930,"POLYGON ((-79.9022271 -2.2256917, -79.9024396 -2.2273809, -79.9001487 -2.2276809, -79.89989 -2.2258117, -79.9004997 -2.2257332, -79.9009893 -2.2258348, -79.9022271 -2.2256917))",-2.226650784012814,-79.90115068285242
building_863,amenity_place_of_worship,W433126034,"POLYGON ((-79.8939557 -2.2712723, -79.8939013 -2.2711916, -79.8939354 -2.2711687, -79.8939898 -2.2712493, -79.8939557 -2.2712723))",-2.271220485774388,-79.89394555374409
building_864,amenity_place_of_worship,W433133826,"POLYGON ((-79.8836861 -2.1747931, -79.8836795 -2.1749138, -79.8834682 -2.1749022, -79.8834748 -2.1747816, -79.8836861 -2.1747931))",-2.1748476760549016,-79.88357716453685
building_865,amenity_place_of_worship,W433140484,"POLYGON ((-79.8962949 -2.2690606, -79.8959997 -2.2692728, -79.8959433 -2.2691943, -79.8959836 -2.2691735, -79.8959515 -2.269125, -79.8960103 -2.2690754, -79.8959718 -2.2690169, -79.8960097 -2.268992, -79.8960435 -2.2690433, -79.8962111 -2.2689332, -79.8962949 -2.2690606))",-2.269095749329302,-79.89610640640922
building_866,amenity_place_of_worship,W433140507,"POLYGON ((-79.8926594 -2.230772, -79.8926366 -2.2305681, -79.8925491 -2.2305779, -79.892572 -2.2307817, -79.8926594 -2.230772))",-2.230674903314057,-79.89260427574554
building_867,amenity_school,W433148467,"POLYGON ((-79.8976154 -2.1896616, -79.8970849 -2.1897706, -79.897239 -2.1902775, -79.8977763 -2.1901726, -79.8977549 -2.1901045, -79.8976706 -2.1898368, -79.8976154 -2.1896616))",-2.1899708976327923,-79.89742949184662
building_868,amenity_place_of_worship,W433172031,"POLYGON ((-79.8954034 -2.2284757, -79.8954323 -2.2287092, -79.8953493 -2.2287195, -79.8953204 -2.228486, -79.8954034 -2.2284757))",-2.2285975999999965,-79.89537634999999
building_869,amenity_place_of_worship,W433287666,"POLYGON ((-79.8743015 -2.2639429, -79.874064 -2.2639261, -79.8740546 -2.2640571, -79.8742922 -2.2640739, -79.8743015 -2.2639429))",-2.2640000044972424,-79.87417807361032
building_870,amenity_school,W433292464,"POLYGON ((-79.8839405 -2.264079, -79.8830868 -2.2639573, -79.8829912 -2.2646266, -79.8838449 -2.2647483, -79.8839405 -2.264079))",-2.2643527999999997,-79.88346584999998
building_871,amenity_school,W433292477,"POLYGON ((-79.9031668 -2.2086627, -79.903027 -2.2087069, -79.9030986 -2.2089329, -79.9032383 -2.2088888, -79.9031668 -2.2086627))",-2.2087978078550563,-79.90313267309752
building_872,amenity_place_of_worship,W433297317,"POLYGON ((-79.9416811 -2.2282073, -79.941621 -2.2281486, -79.9415488 -2.2280772, -79.9415001 -2.2280301, -79.9415117 -2.2280182, -79.9414637 -2.2279666, -79.9413255 -2.2281111, -79.9413622 -2.228147, -79.9413812 -2.2281277, -79.941574 -2.2283165, -79.9416811 -2.2282073))",-2.2281444643857524,-79.94150733570027
building_873,amenity_place_of_worship,W433302250,"POLYGON ((-79.8816683 -2.248729, -79.8816156 -2.2487979, -79.8815387 -2.248734, -79.8815875 -2.2486665, -79.8816683 -2.248729))",-2.248731939885366,-79.88160289417132
building_874,amenity_school,W433333273,"POLYGON ((-79.9444705 -2.216242, -79.944377 -2.2160029, -79.9443024 -2.2160321, -79.9443958 -2.2162711, -79.9444705 -2.216242))",-2.2161370378752308,-79.9443864336517
building_875,amenity_place_of_worship,W433341452,"POLYGON ((-79.8893491 -2.2587515, -79.8896293 -2.2591892, -79.8890835 -2.2595084, -79.8886832 -2.2588862, -79.8893491 -2.2587515))",-2.259090330459061,-79.88916858870401
building_876,amenity_school,W433364158,"POLYGON ((-79.8968188 -2.2309869, -79.8968398 -2.2312189, -79.8967101 -2.2312307, -79.896689 -2.2309986, -79.8968188 -2.2309869))",-2.2311087620151397,-79.89676441874059
building_877,amenity_place_of_worship,W433449287,"POLYGON ((-79.9180947 -2.1932186, -79.9179848 -2.1932427, -79.9180241 -2.1934217, -79.9181341 -2.1933976, -79.9180947 -2.1932186))",-2.193320162708487,-79.91805942891573
building_878,amenity_school,W433449782,"POLYGON ((-79.9157185 -2.1938084, -79.9156471 -2.193825, -79.9156693 -2.1939207, -79.9157407 -2.1939042, -79.9157185 -2.1938084))",-2.1938645711741875,-79.91569390532707
building_879,amenity_school,W433451872,"POLYGON ((-79.899011 -2.2160272, -79.8990344 -2.2160856, -79.8989533 -2.216118, -79.8989299 -2.2160596, -79.899011 -2.2160272))",-2.2160726,-79.89898215000001
building_880,amenity_school,W433451873,"POLYGON ((-79.8991186 -2.2163397, -79.8991768 -2.2164875, -79.899101 -2.2165173, -79.8990428 -2.2163696, -79.8991186 -2.2163397))",-2.216428518003329,-79.8991098015192
building_881,amenity_place_of_worship,W433451920,"POLYGON ((-79.8969228 -2.2199007, -79.8968114 -2.2196048, -79.8966477 -2.2196663, -79.8966584 -2.2196948, -79.896439 -2.2197773, -79.8964942 -2.2199241, -79.896599 -2.2198847, -79.8965903 -2.2198617, -79.8967019 -2.2198197, -79.8967559 -2.2199634, -79.8969228 -2.2199007))",-2.2197924806713125,-79.89670364371608
building_882,amenity_school,W433476189,"POLYGON ((-79.9014082 -2.2213662, -79.9015164 -2.2217361, -79.9011344 -2.2218477, -79.9010262 -2.2214778, -79.9014082 -2.2213662))",-2.22160695,-79.9012713
building_883,amenity_place_of_worship,W433498694,"POLYGON ((-79.9132682 -2.2131714, -79.913255 -2.2131138, -79.9134889 -2.21306, -79.9135022 -2.2131176, -79.9132682 -2.2131714))",-2.213115700248631,-79.91337858284076
building_884,amenity_school,W433539217,"POLYGON ((-79.8778029 -2.2579933, -79.8785667 -2.2590999, -79.877743 -2.2596716, -79.8769727 -2.2585636, -79.8778029 -2.2579933))",-2.2588318537362726,-79.87777078795877
building_885,amenity_school,W433553495,"POLYGON ((-79.8913971 -2.2599744, -79.8916562 -2.2603611, -79.8911079 -2.2607279, -79.8908488 -2.2603413, -79.8913971 -2.2599744))",-2.2603511668220744,-79.8912525063372
building_886,amenity_place_of_worship,W433573295,"POLYGON ((-79.9229096 -2.1456402, -79.9226521 -2.1456397, -79.9226523 -2.1455573, -79.9229097 -2.1455578, -79.9229096 -2.1456402))",-2.145598752667077,-79.92278092494458
building_887,amenity_place_of_worship,W433857595,"POLYGON ((-79.8878404 -2.2009296, -79.8877255 -2.2009519, -79.8877557 -2.2011075, -79.8878225 -2.2011167, -79.8878686 -2.2010752, -79.8878404 -2.2009296))",-2.201023029807312,-79.88779844495382
building_888,amenity_school,W433868799,"POLYGON ((-79.9106597 -2.2023454, -79.9108412 -2.2030042, -79.9104999 -2.203098, -79.9103185 -2.2024392, -79.9106597 -2.2023454))",-2.202721714652486,-79.91057983022218
building_889,amenity_community_centre,W433882595,"POLYGON ((-79.9439972 -2.1898296, -79.944038 -2.1898703, -79.944104 -2.1898042, -79.9440633 -2.1897635, -79.9439972 -2.1898296))",-2.189816904200446,-79.9440506156716
building_890,amenity_school,W433895725,"POLYGON ((-79.9364372 -2.2159998, -79.9362556 -2.2161177, -79.9356265 -2.2154644, -79.9359949 -2.2150639, -79.9364372 -2.2159998))",-2.215604125713823,-79.9360429758116
building_891,amenity_place_of_worship,W433918905,"POLYGON ((-79.9195052 -2.1628744, -79.9196258 -2.1630616, -79.9194956 -2.1631481, -79.9193698 -2.1629542, -79.9194734 -2.1628931, -79.9195052 -2.1628744))",-2.1630097506575865,-79.91949863672144
building_892,amenity_place_of_worship,W433929907,"POLYGON ((-79.9417492 -2.2232391, -79.941803 -2.2233105, -79.9418253 -2.2232926, -79.9418475 -2.2232771, -79.9417938 -2.2232057, -79.9417492 -2.2232391))",-2.223257908854057,-79.94179822552609
building_893,amenity_school,W434009170,"POLYGON ((-79.9368904 -2.2251617, -79.9369312 -2.2252114, -79.9367847 -2.2253316, -79.9367439 -2.225282, -79.9368904 -2.2251617))",-2.2252466615609836,-79.93683756354523
building_894,amenity_school,W434014477,"POLYGON ((-79.9072882 -2.1698454, -79.9070717 -2.1701089, -79.9068337 -2.1699137, -79.9070502 -2.1696502, -79.9071551 -2.1697362, -79.9072882 -2.1698454))",-2.1698795445225243,-79.90706095418231
building_895,amenity_school,W434043093,"POLYGON ((-79.9106201 -2.192574, -79.9106925 -2.1928569, -79.911344 -2.1926903, -79.9112715 -2.1924074, -79.9106201 -2.192574))",-2.1926321522185197,-79.91098203047567
building_896,amenity_place_of_worship,W434064727,"POLYGON ((-79.9408756 -2.229093, -79.9409443 -2.2291549, -79.9408711 -2.229236, -79.9408024 -2.2291742, -79.9408756 -2.229093))",-2.229164516595026,-79.94087335052673
building_897,amenity_community_centre,W434152343,"POLYGON ((-79.8974142 -2.2380742, -79.8970461 -2.2380642, -79.8967405 -2.2380548, -79.8967091 -2.2382693, -79.896719 -2.238362, -79.89678 -2.2384792, -79.896845 -2.2385536, -79.8969559 -2.2386244, -79.897072 -2.2386476, -79.8974176 -2.2386633, -79.8974142 -2.2380742))",-2.2383423397662163,-79.89708854235863
building_898,amenity_place_of_worship,W434228163,"POLYGON ((-79.8965937 -2.2608128, -79.8964495 -2.2609152, -79.896611 -2.2611487, -79.8967622 -2.2610347, -79.8965937 -2.2608128))",-2.2609793102826323,-79.89660480832953
building_899,amenity_school,W434236431,"POLYGON ((-79.9059087 -2.266808, -79.9063454 -2.2674783, -79.9055437 -2.2679997, -79.9062441 -2.2690748, -79.9070608 -2.2703284, -79.9065221 -2.2706825, -79.9040898 -2.2722814, -79.9020984 -2.2693229, -79.9059087 -2.266808))",-2.269677424752272,-79.90465198585329
building_900,amenity_school,W434278350,"POLYGON ((-79.9089257 -2.1724208, -79.9082364 -2.1721823, -79.9081667 -2.17239, -79.9082158 -2.1724028, -79.9085301 -2.1724851, -79.9088632 -2.1725693, -79.9088801 -2.1725736, -79.9089257 -2.1724208))",-2.1723866533879823,-79.90853377491057
building_901,amenity_school,W434450139,"POLYGON ((-79.8970844 -2.1914502, -79.8971293 -2.1916163, -79.8971967 -2.1915981, -79.8971784 -2.1915304, -79.8972642 -2.1915073, -79.8972287 -2.1913762, -79.8971342 -2.1914018, -79.897143 -2.1914344, -79.8970844 -2.1914502))",-2.1914877704495592,-79.89717176022256
building_902,amenity_place_of_worship,W434492071,"POLYGON ((-79.9210925 -2.168355, -79.9209065 -2.1685734, -79.9207732 -2.1684594, -79.9209628 -2.1682469, -79.9210925 -2.168355))",-2.1684094333203556,-79.9209332344586
building_903,amenity_school,W434573360,"POLYGON ((-79.8961445 -2.1898079, -79.8958581 -2.1898776, -79.8958375 -2.1897932, -79.8958622 -2.1897871, -79.8958497 -2.1897359, -79.8958259 -2.1897417, -79.8958076 -2.1896666, -79.8959357 -2.1896355, -79.8959653 -2.189757, -79.8960452 -2.1897376, -79.8960255 -2.1896568, -79.8959873 -2.1896661, -79.8959231 -2.1894029, -79.8960389 -2.1893747, -79.8961445 -2.1898079))",-2.1896616655097745,-79.8959874976336
building_904,amenity_place_of_worship,W434577353,"POLYGON ((-79.9195198 -2.2089978, -79.919623 -2.2089747, -79.9196522 -2.2091046, -79.9195489 -2.2091278, -79.9195198 -2.2089978))",-2.2090512383226333,-79.9195859728519
building_905,amenity_school,W434620253,"POLYGON ((-79.8974949 -2.2192683, -79.8976572 -2.219651, -79.8970735 -2.2198982, -79.8969112 -2.2195155, -79.8974949 -2.2192683))",-2.21958325,-79.89728420000002
building_906,amenity_place_of_worship,W434620255,"POLYGON ((-79.8954513 -2.2201034, -79.8956087 -2.2200539, -79.8956356 -2.2201346, -79.8954811 -2.2201884, -79.8954513 -2.2201034))",-2.220120263660552,-79.89554341440085
building_907,amenity_school,W434629837,"POLYGON ((-79.8935239 -2.2214776, -79.8934853 -2.2212772, -79.8931762 -2.2213563, -79.8932167 -2.2215511, -79.8935239 -2.2214776))",-2.2214152389328925,-79.89335112935122
building_908,amenity_place_of_worship,W434629842,"POLYGON ((-79.8945815 -2.2228789, -79.8946393 -2.2231864, -79.89452 -2.2232088, -79.8944622 -2.2229013, -79.8945815 -2.2228789))",-2.22304385,-79.89455075000002
building_909,amenity_school,W441943734,"POLYGON ((-79.9327609 -2.1478965, -79.9309692 -2.147205, -79.9304542 -2.1485345, -79.9311301 -2.14884, -79.9309718 -2.1490977, -79.9317984 -2.1494828, -79.931983 -2.1490491, -79.9322256 -2.1491846, -79.9327609 -2.1478965))",-2.148308158659851,-79.9315815102753
building_910,amenity_school,W465172434,"POLYGON ((-79.9003849 -2.1979224, -79.9005493 -2.1984749, -79.8999062 -2.1986639, -79.8997311 -2.1980952, -79.9003849 -2.1979224))",-2.1982891907674538,-79.90014105319797
building_911,amenity_school,W466480999,"POLYGON ((-79.9697753 -2.1151937, -79.9699832 -2.1150329, -79.9694937 -2.1143923, -79.9692979 -2.1145571, -79.9697753 -2.1151937))",-2.1147953035180085,-79.96963887424174
building_912,amenity_place_of_worship,W485848714,"POLYGON ((-80.0769695 -2.2340818, -80.0770243 -2.2341559, -80.0768293 -2.2342997, -80.0767745 -2.2342256, -80.0769695 -2.2340818))",-2.23419075,-80.0768994
building_913,amenity_place_of_worship,W500248278,"POLYGON ((-79.9341735 -2.1054084, -79.9340648 -2.1053896, -79.9340429 -2.1055171, -79.934023 -2.1056361, -79.9341401 -2.1056487, -79.9341735 -2.1054084))",-2.1055219607266196,-79.93409980001796
building_914,amenity_school,W508613279,"POLYGON ((-79.9131883 -2.1965316, -79.9132526 -2.1967648, -79.9130979 -2.196811, -79.913189 -2.1971861, -79.9129173 -2.1972553, -79.9127591 -2.1966469, -79.9131883 -2.1965316))",-2.1968704165977515,-79.91300567103501
building_915,amenity_school,W524272776,"POLYGON ((-79.9333734 -2.1484272, -79.9359352 -2.1495871, -79.9348194 -2.1509808, -79.9344653 -2.1506056, -79.9340469 -2.1507557, -79.9335426 -2.1503483, -79.9327809 -2.1497521, -79.9333734 -2.1484272))",-2.149706565885734,-79.9342489437068
building_916,amenity_place_of_worship,W525975315,"POLYGON ((-79.9069616 -2.1501109, -79.9069345 -2.1500763, -79.9068955 -2.1500453, -79.9068008 -2.1500264, -79.9067746 -2.1500375, -79.9067622 -2.150049, -79.906684 -2.1501301, -79.9066434 -2.1501934, -79.9066888 -2.1502348, -79.9067361 -2.1502774, -79.9067887 -2.1503036, -79.9068492 -2.1503032, -79.9069734 -2.1501876, -79.9069616 -2.1501109))",-2.1501661368810803,-79.90681739036285
building_917,amenity_place_of_worship,W550167541,"POLYGON ((-80.0789718 -2.2347784, -80.0791096 -2.2349735, -80.0790056 -2.2350485, -80.0788726 -2.2348502, -80.0789718 -2.2347784))",-2.234913398992549,-80.07899042709842
building_918,tourism_hostel,W550785784,"POLYGON ((-79.8961626 -2.170553, -79.895829 -2.1705291, -79.8958182 -2.1706645, -79.8961547 -2.1706879, -79.8961626 -2.170553))",-2.1706087106244807,-79.89599097349115
building_919,amenity_place_of_worship,W550791635,"POLYGON ((-79.9404497 -2.0851836, -79.9405302 -2.0851487, -79.9405543 -2.0852077, -79.9404632 -2.0852399, -79.9404497 -2.0851836))",-2.085195163261259,-79.94050026032342
building_920,amenity_place_of_worship,W556036274,"POLYGON ((-79.9196007 -2.162818, -79.9197206 -2.1629936, -79.9196529 -2.1630376, -79.9195298 -2.1628595, -79.9196007 -2.162818))",-2.16292701687942,-79.91962574526914
building_921,amenity_school,W560256784,"POLYGON ((-79.8869177 -2.2195774, -79.8870558 -2.2202943, -79.8871696 -2.2209768, -79.8862926 -2.2211691, -79.886054 -2.2197124, -79.8869177 -2.2195774))",-2.2203621056072063,-79.8866084739369
building_922,amenity_place_of_worship,W567215401,"POLYGON ((-80.0776127 -2.2362469, -80.0773962 -2.2363957, -80.0775515 -2.2366214, -80.077768 -2.2364727, -80.0776127 -2.2362469))",-2.2364341672122676,-80.07758210263448
building_923,amenity_place_of_worship,W570055306,"POLYGON ((-79.8869858 -2.1204875, -79.8869574 -2.1206297, -79.8865285 -2.1205444, -79.886563 -2.12039, -79.8869858 -2.1204875))",-2.120512333876544,-79.88675556235951
building_924,amenity_school,W570061266,"POLYGON ((-79.8838515 -2.1190527, -79.8838038 -2.1194504, -79.8844749 -2.119601, -79.8845612 -2.1191948, -79.8838515 -2.1190527))",-2.1193234714647256,-79.88417544678906
building_925,amenity_school,W570065493,"POLYGON ((-79.892877 -2.1181982, -79.8929912 -2.1185999, -79.8927547 -2.1186665, -79.892635 -2.1182324, -79.892877 -2.1181982))",-2.1184250588269364,-79.89281310031062
building_926,amenity_place_of_worship,W578279067,"POLYGON ((-79.8859535 -2.1982749, -79.8858811 -2.1982025, -79.8857979 -2.1982347, -79.8856021 -2.1984518, -79.885696 -2.1985429, -79.8858999 -2.1983634, -79.8859535 -2.1982749))",-2.198366407348882,-79.88578146900205
building_927,amenity_place_of_worship,W578279502,"POLYGON ((-79.8831265 -2.1985871, -79.882751 -2.1986756, -79.8827939 -2.1988659, -79.8831694 -2.1987748, -79.8831265 -2.1985871))",-2.1987259711240417,-79.88295979702586
building_928,amenity_place_of_worship,W578280168,"POLYGON ((-79.8906873 -2.2050576, -79.8904821 -2.2051099, -79.890521 -2.2052573, -79.8907235 -2.2052091, -79.8906873 -2.2050576))",-2.2051581697807694,-79.89060378869365
building_929,amenity_place_of_worship,W578281346,"POLYGON ((-79.8947939 -2.2045963, -79.8949187 -2.2045628, -79.8949307 -2.2046137, -79.8948087 -2.2046459, -79.8947939 -2.2045963))",-2.2046045470859985,-79.89486307938878
building_930,amenity_place_of_worship,W580693079,"POLYGON ((-79.9141784 -2.2280949, -79.9139357 -2.2280963, -79.9139357 -2.2282544, -79.9141811 -2.2282571, -79.9141784 -2.2280949))",-2.2281758221466577,-79.9140582459875
building_931,amenity_place_of_worship,W597827883,"POLYGON ((-79.9069435 -2.2188028, -79.9062665 -2.21888, -79.9063422 -2.2193048, -79.9069931 -2.2192301, -79.9069435 -2.2188028))",-2.219053040174416,-79.90663605829972
building_932,amenity_place_of_worship,W599091862,"POLYGON ((-79.8986593 -2.0620073, -79.898655 -2.0622292, -79.8984109 -2.0621611, -79.8984126 -2.0620813, -79.8986593 -2.0620073))",-2.0621195050008185,-79.8985537139432
building_933,amenity_school,W605433205,"POLYGON ((-79.9961652 -2.1263237, -79.9960281 -2.1267347, -79.9957634 -2.1266465, -79.9959005 -2.1262355, -79.9961652 -2.1263237))",-2.1264851000000013,-79.9959643
building_934,amenity_school,W605433206,"POLYGON ((-80.0011341 -2.1163223, -80.0009206 -2.1162354, -80.0007317 -2.1166987, -80.0009452 -2.1167856, -80.0011341 -2.1163223))",-2.1165105,-80.0009329
building_935,amenity_school,W605433208,"POLYGON ((-80.0059466 -2.1158606, -80.0059078 -2.1158677, -80.0058477 -2.1158788, -80.0057209 -2.1159022, -80.0057145 -2.1158678, -80.0056746 -2.1158752, -80.0057046 -2.1160374, -80.0057446 -2.11603, -80.0057483 -2.11605, -80.0059739 -2.1160083, -80.0059497 -2.1158773, -80.0059466 -2.1158606))",-2.115954831438322,-80.00582498390445
building_936,amenity_place_of_worship,W605433209,"POLYGON ((-80.0044065 -2.1163553, -80.004453 -2.1166545, -80.0041573 -2.1167004, -80.0041108 -2.1164012, -80.0044065 -2.1163553))",-2.11652785,-80.0042819
building_937,amenity_school,W605433211,"POLYGON ((-80.0126852 -2.121876, -80.0125573 -2.1219104, -80.0125848 -2.1220299, -80.0127133 -2.1219989, -80.0126852 -2.121876))",-2.121953711143285,-80.01263544280626
building_938,amenity_school,W605433212,"POLYGON ((-80.0121846 -2.1308716, -80.0120411 -2.131407, -80.0113789 -2.1312376, -80.0115237 -2.1306953, -80.0121846 -2.1308716))",-2.1310526594871924,-80.0117813919704
building_939,amenity_place_of_worship,W606765263,"POLYGON ((-79.9386833 -2.1425628, -79.9383471 -2.1425922, -79.9383272 -2.1423656, -79.9386634 -2.1423361, -79.9386833 -2.1425628))",-2.1424641734359704,-79.93850526222387
building_940,amenity_place_of_worship,W615161496,"POLYGON ((-79.9373429 -2.2046102, -79.936986 -2.2047196, -79.9369406 -2.2047335, -79.9369835 -2.2048756, -79.937031 -2.204862, -79.9373778 -2.204763, -79.9373429 -2.2046102))",-2.204744743035478,-79.937162864652
building_941,amenity_place_of_worship,W617118200,"POLYGON ((-79.9432927 -2.2110474, -79.9433324 -2.2111734, -79.943253 -2.2111967, -79.9432133 -2.2110707, -79.9432927 -2.2110474))",-2.21112205,-79.94327285
building_942,amenity_place_of_worship,W617118201,"POLYGON ((-79.9400008 -2.2120598, -79.9400155 -2.2121067, -79.9399739 -2.2121201, -79.9399592 -2.2120732, -79.9400008 -2.2120598))",-2.21208995,-79.93998735
building_943,amenity_place_of_worship,W617118202,"POLYGON ((-79.9440285 -2.209942, -79.9440612 -2.2100447, -79.9439655 -2.2100774, -79.9439328 -2.2099724, -79.9440285 -2.209942))",-2.210009237084883,-79.94399685866803
building_944,amenity_place_of_worship,W617223881,"POLYGON ((-79.9123779 -2.2348635, -79.9120963 -2.2348099, -79.9120668 -2.234901, -79.9123403 -2.2349841, -79.9123779 -2.2348635))",-2.2348912338969575,-79.91222669692418
building_945,amenity_school,W626035465,"POLYGON ((-79.9144057 -2.2209002, -79.914175 -2.2208814, -79.9141536 -2.221203, -79.9143842 -2.2212164, -79.9144057 -2.2209002))",-2.221050174295179,-79.91427930504244
building_946,amenity_place_of_worship,W630096434,"POLYGON ((-79.8756804 -2.2681042, -79.8753317 -2.268064, -79.875313 -2.2682048, -79.875663 -2.2682503, -79.8756804 -2.2681042))",-2.2681560172969433,-79.87549804405337
building_947,amenity_place_of_worship,W630409221,"POLYGON ((-79.8741014 -2.2742853, -79.8739941 -2.2741271, -79.8738358 -2.2742317, -79.8739431 -2.2743952, -79.8741014 -2.2742853))",-2.2742602340098,-79.87396843817791
building_948,amenity_place_of_worship,W631194004,"POLYGON ((-79.873495 -2.2839076, -79.8733202 -2.283911, -79.8733216 -2.2839807, -79.8734964 -2.2839773, -79.873495 -2.2839076))",-2.28394415,-79.87340830000001
building_949,amenity_school,W632228696,"POLYGON ((-79.8959345 -2.2695786, -79.895719 -2.2697239, -79.8955896 -2.2698111, -79.8953872 -2.2695113, -79.8957136 -2.2692913, -79.8957455 -2.2693386, -79.895764 -2.2693261, -79.8959345 -2.2695786))",-2.269546983899263,-79.89566018410297
building_950,amenity_place_of_worship,W632608980,"POLYGON ((-79.9384866 -2.2166683, -79.9384082 -2.2165765, -79.9383371 -2.2166307, -79.9384196 -2.2167245, -79.9384866 -2.2166683))",-2.2166499979948404,-79.9384125460167
building_951,amenity_place_of_worship,W632612574,"POLYGON ((-79.9277595 -2.2054493, -79.9275965 -2.2054996, -79.9275757 -2.2054132, -79.9277333 -2.2053636, -79.9277595 -2.2054493))",-2.205431611693048,-79.9276664535323
building_952,amenity_place_of_worship,W633392358,"POLYGON ((-79.8841901 -2.251624, -79.8842223 -2.2517915, -79.8839125 -2.2518518, -79.883883 -2.251691, -79.8841901 -2.251624))",-2.251739410766742,-79.88405308052891
building_953,amenity_school,W634371075,"POLYGON ((-79.9041414 -2.1630808, -79.9039778 -2.1628744, -79.9037793 -2.1630272, -79.9039349 -2.1632336, -79.9041414 -2.1630808))",-2.163054193938573,-79.90395899350419
building_954,amenity_school,W635026334,"POLYGON ((-79.9134809 -2.151438, -79.9142095 -2.151228, -79.9145223 -2.1509247, -79.9143215 -2.1503507, -79.9131961 -2.1507333, -79.9132294 -2.1508158, -79.9133077 -2.1510093, -79.9134809 -2.151438))",-2.1508975599707787,-79.91387813810495
building_955,amenity_school,W635751685,"POLYGON ((-79.8846594 -2.1974159, -79.8843899 -2.1974715, -79.8845017 -2.1979278, -79.8847554 -2.1976858, -79.8846594 -2.1974159))",-2.1976347226203323,-79.88456757979965
building_956,amenity_school,W636962291,"POLYGON ((-79.8926791 -2.2401072, -79.8923606 -2.2401108, -79.8923606 -2.2406377, -79.8926826 -2.2406377, -79.8926791 -2.2401072))",-2.2403738288366335,-79.89252090929726
building_957,amenity_school,W636977489,"POLYGON ((-79.8942956 -2.2335897, -79.894316 -2.2343385, -79.8934082 -2.234356, -79.8933679 -2.2337133, -79.8942956 -2.2335897))",-2.2339969499185575,-79.89385831392268
building_958,amenity_school,W636977490,"POLYGON ((-79.8949504 -2.2335119, -79.8943912 -2.2335932, -79.8944372 -2.2342404, -79.8950141 -2.2341732, -79.8949504 -2.2335119))",-2.233881089639354,-79.89469953118336
building_959,amenity_school,W637643123,"POLYGON ((-79.8973096 -2.2414923, -79.8971963 -2.2422063, -79.896787 -2.2421496, -79.8968752 -2.241508, -79.8973096 -2.2414923))",-2.241837328175721,-79.89704609923226
building_960,amenity_place_of_worship,W637682482,"POLYGON ((-79.9087791 -2.204635, -79.9088395 -2.2048789, -79.908747 -2.2049057, -79.9086772 -2.2046645, -79.9087791 -2.204635))",-2.20476907164971,-79.90876017497861
building_961,amenity_place_of_worship,W637685664,"POLYGON ((-79.9046404 -2.1976886, -79.9044607 -2.1977422, -79.9045707 -2.1980692, -79.9047396 -2.198021, -79.9046404 -2.1976886))",-2.197878418340252,-79.90460236784469
building_962,amenity_place_of_worship,W637686457,"POLYGON ((-79.9037362 -2.1931877, -79.9037094 -2.1930698, -79.9034439 -2.1931261, -79.9034626 -2.193244, -79.9037362 -2.1931877))",-2.193157119088545,-79.9035883896036
building_963,amenity_place_of_worship,W637687646,"POLYGON ((-79.9029479 -2.2045938, -79.9027414 -2.20465, -79.9027682 -2.2047546, -79.9029694 -2.2047036, -79.9029479 -2.2045938))",-2.204675082528656,-79.9028572341393
building_964,amenity_place_of_worship,W637688143,"POLYGON ((-79.8974651 -2.2024381, -79.8971432 -2.2025158, -79.8971727 -2.2026391, -79.8974946 -2.202556, -79.8974651 -2.2024381))",-2.202537571591686,-79.89731777754521
building_965,amenity_place_of_worship,W637688624,"POLYGON ((-79.8962205 -2.1982944, -79.8958719 -2.1983909, -79.895896 -2.1984901, -79.8962474 -2.1983936, -79.8962205 -2.1982944))",-2.19839225331599,-79.89605917783493
building_966,amenity_school,W638340723,"POLYGON ((-79.8894932 -2.1748256, -79.8895354 -2.1752895, -79.8895285 -2.1753945, -79.8894335 -2.1761242, -79.8885499 -2.1759972, -79.888616 -2.1747578, -79.8894932 -2.1748256))",-2.175427542087902,-79.88904374827626
building_967,amenity_school,W639471142,"POLYGON ((-79.8856169 -2.174174, -79.8855865 -2.1747887, -79.8855776 -2.1748712, -79.8848 -2.1748204, -79.8848394 -2.1741519, -79.8856169 -2.174174))",-2.1745049263057603,-79.88521224454085
building_968,amenity_school,W639482124,"POLYGON ((-79.8883764 -2.136912, -79.888877 -2.1372654, -79.8884955 -2.137788, -79.8879965 -2.1374158, -79.8883764 -2.136912))",-2.137346751035434,-79.8884368936168
building_969,amenity_place_of_worship,W639555730,"POLYGON ((-79.9162344 -2.1908394, -79.9160708 -2.1908421, -79.9160708 -2.1911208, -79.9162263 -2.1911262, -79.9162304 -2.1909828, -79.9162344 -2.1908394))",-2.190980949604836,-79.91615098856595
building_970,amenity_place_of_worship,W639556995,"POLYGON ((-79.9144633 -2.2078139, -79.9142997 -2.2078327, -79.9142675 -2.2075941, -79.9144284 -2.207562, -79.9144633 -2.2078139))",-2.2077006674063253,-79.9143654805497
building_971,amenity_place_of_worship,W639557271,"POLYGON ((-79.912119 -2.2137045, -79.9120439 -2.2133132, -79.9119393 -2.2133319, -79.9120171 -2.2137286, -79.912119 -2.2137045))",-2.2135190708450114,-79.91202960188095
building_972,amenity_school,W639755168,"POLYGON ((-79.8974389 -2.1263793, -79.8973067 -2.126811, -79.8966113 -2.1265768, -79.8967371 -2.1261682, -79.8974389 -2.1263793))",-2.1264848678492227,-79.89702666321341
building_973,amenity_school,W639755379,"POLYGON ((-79.8976029 -2.1269221, -79.8974402 -2.1274353, -79.8968068 -2.1272145, -79.8969676 -2.1267097, -79.8976029 -2.1269221))",-2.1270707358825427,-79.8972052080275
building_974,amenity_place_of_worship,W644066061,"POLYGON ((-79.9350521 -2.1608393, -79.9349877 -2.1609412, -79.9347919 -2.1608608, -79.9348429 -2.1607562, -79.9350521 -2.1608393))",-2.160849004007529,-79.93491930018173
building_975,amenity_place_of_worship,W644678703,"POLYGON ((-79.9384292 -2.1565139, -79.9382294 -2.1564026, -79.9381489 -2.1565393, -79.9383581 -2.1566626, -79.9384292 -2.1565139))",-2.1565306500125767,-79.9382916314229
building_976,amenity_place_of_worship,W666813463,"POLYGON ((-79.9415073 -2.0892667, -79.9415086 -2.0894678, -79.9412619 -2.0894584, -79.9412686 -2.0892694, -79.9415073 -2.0892667))",-2.0893661390479963,-79.94138783540753
building_977,amenity_place_of_worship,W677990102,"POLYGON ((-79.9014326 -2.2603732, -79.901211 -2.2603834, -79.9012151 -2.2605601, -79.9014346 -2.2605479, -79.9014326 -2.2603732))",-2.2604660241935783,-79.90132310244995
building_978,amenity_place_of_worship,W678010249,"POLYGON ((-80.0594397 -2.2036753, -80.0593706 -2.203591, -80.0592232 -2.2037129, -80.0592612 -2.2037571, -80.0592964 -2.2037982, -80.0594397 -2.2036753))",-2.2036945622190753,-80.05933203454077
building_979,amenity_school,W678010258,"POLYGON ((-80.0786961 -2.2347639, -80.0789241 -2.2350949, -80.0787116 -2.2352473, -80.0783834 -2.2347932, -80.0786961 -2.2347639))",-2.2349759690654447,-80.07867081561271
building_980,amenity_school,W678010270,"POLYGON ((-80.0811751 -2.2313799, -80.0802522 -2.2312052, -80.0800367 -2.2320299, -80.0808701 -2.2322046, -80.0811751 -2.2313799))",-2.231698605133015,-80.08058709139985
building_981,amenity_school,W682407060,"POLYGON ((-79.9417403 -2.1181406, -79.9417242 -2.1161545, -79.9404368 -2.1161545, -79.9403429 -2.116259, -79.9401605 -2.1161518, -79.9399433 -2.1161598, -79.9399674 -2.1178404, -79.9417403 -2.1181406))",-2.1170775185263087,-79.94087055902891
building_982,amenity_place_of_worship,W683132068,"POLYGON ((-79.9301907 -2.158532, -79.930066 -2.1588269, -79.9301814 -2.1588756, -79.9303061 -2.1585807, -79.9301907 -2.158532))",-2.1587038,-79.93018604999999
building_983,amenity_school,W685001652,"POLYGON ((-79.8917922 -2.2183818, -79.8920164 -2.2182838, -79.8920085 -2.2182157, -79.8919954 -2.2181018, -79.8922966 -2.2179688, -79.8922336 -2.2175908, -79.8916918 -2.2178288, -79.8917922 -2.2183818))",-2.2179556267246574,-79.89197798153327
building_984,amenity_school,W685342883,"POLYGON ((-79.8899974 -2.1849154, -79.8900347 -2.1851091, -79.8898059 -2.1851651, -79.8897569 -2.1849644, -79.8899974 -2.1849154))",-2.1850380245315657,-79.8898976672762
building_985,amenity_school,W685343036,"POLYGON ((-79.8891264 -2.1844768, -79.8888789 -2.1845351, -79.8888252 -2.1843321, -79.8889443 -2.1843088, -79.8890517 -2.1842924, -79.8890867 -2.1843018, -79.8891264 -2.1844768))",-2.1844076056129427,-79.88897613730474
building_986,amenity_place_of_worship,W685343075,"POLYGON ((-79.89018 -2.1837667, -79.8902041 -2.1838618, -79.8901706 -2.1838658, -79.8901719 -2.1838806, -79.8899104 -2.1839315, -79.889893 -2.1838096, -79.89018 -2.1837667))",-2.1838459145555493,-79.89004302267364
building_987,amenity_place_of_worship,W685343554,"POLYGON ((-79.8906439 -2.1855058, -79.8906846 -2.1856384, -79.8904315 -2.185688, -79.8904014 -2.1855589, -79.8906439 -2.1855058))",-2.185598000820707,-79.89054131009341
building_988,amenity_place_of_worship,W685344469,"POLYGON ((-79.8940391 -2.212415, -79.8935906 -2.2125517, -79.8936306 -2.2126831, -79.894074 -2.2125513, -79.8940391 -2.212415))",-2.212549866339947,-79.89383439484072
building_989,amenity_school,W685344869,"POLYGON ((-79.8864491 -2.2116087, -79.8859227 -2.2117671, -79.8860914 -2.2122871, -79.8866077 -2.2121449, -79.8864491 -2.2116087))",-2.2119504890342037,-79.8862683654714
building_990,amenity_school,W685345404,"POLYGON ((-79.8854226 -2.2060495, -79.8850507 -2.2061389, -79.8851868 -2.206663, -79.8855649 -2.2065553, -79.8854226 -2.2060495))",-2.2063531141930683,-79.8853056273729
building_991,amenity_school,W685345831,"POLYGON ((-79.8870797 -2.2048209, -79.8869741 -2.2048439, -79.8870242 -2.2050987, -79.8871405 -2.2050733, -79.8870797 -2.2048209))",-2.204961241227208,-79.88705506890528
building_992,amenity_school,W685345884,"POLYGON ((-79.8871821 -2.2047924, -79.8870797 -2.2048209, -79.8871405 -2.2050733, -79.8872037 -2.2050548, -79.8871921 -2.204994, -79.8872337 -2.204981, -79.8871821 -2.2047924))",-2.2049240511357295,-79.88715716520339
building_993,amenity_school,W685346049,"POLYGON ((-79.8860051 -2.2046964, -79.8860738 -2.2049699, -79.8854061 -2.2051374, -79.8853104 -2.2047565, -79.8855895 -2.2046865, -79.8856165 -2.2047939, -79.8860051 -2.2046964))",-2.2048969225474475,-79.88567145190923
building_994,amenity_school,W685346147,"POLYGON ((-79.8842779 -2.2041453, -79.8844283 -2.204649, -79.8834619 -2.2049153, -79.8834326 -2.2046672, -79.8833828 -2.2045011, -79.8833347 -2.204394, -79.8842779 -2.2041453))",-2.20452545197495,-79.88388297642751
building_995,amenity_place_of_worship,W685346377,"POLYGON ((-79.8904468 -2.204286, -79.8905098 -2.2045637, -79.8898794 -2.20472, -79.8897836 -2.204188, -79.8900849 -2.2041087, -79.8901409 -2.2043514, -79.8904468 -2.204286))",-2.2044319019286838,-79.8901037675636
building_996,amenity_place_of_worship,W685346732,"POLYGON ((-79.9039307 -2.2285985, -79.9036158 -2.2286423, -79.9036231 -2.2288191, -79.9039546 -2.2287753, -79.9039307 -2.2285985))",-2.2287095018883742,-79.90378145463495
building_997,amenity_school,W685346893,"POLYGON ((-79.9033344 -2.2280511, -79.9033811 -2.2285842, -79.9027951 -2.2286472, -79.902732 -2.2281316, -79.9033344 -2.2280511))",-2.228352026226559,-79.90306195866914
building_998,amenity_school,W685347081,"POLYGON ((-79.9027564 -2.2347264, -79.9023373 -2.2347366, -79.902331 -2.2351579, -79.9027619 -2.2351446, -79.9027564 -2.2347264))",-2.2349423524393544,-79.90254641503043
building_999,amenity_school,W685347128,"POLYGON ((-79.9010936 -2.2310924, -79.9007003 -2.2311424, -79.9007765 -2.2317456, -79.9011594 -2.2316969, -79.9010936 -2.2310924))",-2.2314179770293947,-79.90093229030514
building_1000,amenity_school,W685358111,"POLYGON ((-79.881694 -2.1887543, -79.8818684 -2.1891402, -79.8813024 -2.189285, -79.8809269 -2.1888936, -79.881694 -2.1887543))",-2.1890112279686393,-79.88143602842311
building_1001,amenity_school,W685359847,"POLYGON ((-79.8826785 -2.1721541, -79.8826507 -2.1726574, -79.8824905 -2.1726544, -79.8824459 -2.1726066, -79.8820006 -2.1725836, -79.882033 -2.1719185, -79.8824412 -2.1719432, -79.8824428 -2.1721402, -79.8826785 -2.1721541))",-2.1723029463967007,-79.8823213477035
building_1002,amenity_school,W685754251,"POLYGON ((-79.8929197 -2.1943376, -79.892649 -2.1944119, -79.892587 -2.194251, -79.8926348 -2.1942227, -79.8926242 -2.194159, -79.8928419 -2.1940883, -79.8929197 -2.1943376))",-2.1942560377975213,-79.8927521616675
building_1003,amenity_school,W685755091,"POLYGON ((-79.8887312 -2.2195976, -79.88833 -2.2196603, -79.888287 -2.2193905, -79.8886867 -2.2193375, -79.8887312 -2.2195976))",-2.2194968105624806,-79.88850758597385
building_1004,amenity_school,W685755192,"POLYGON ((-79.8890442 -2.2245848, -79.8891165 -2.2249071, -79.8887443 -2.2250173, -79.8886868 -2.2246433, -79.8890442 -2.2245848))",-2.2247909226646816,-79.88889425596038
building_1005,amenity_school,W699924386,"POLYGON ((-79.89939 -2.1780959, -79.898993 -2.1782835, -79.8991379 -2.1785998, -79.8995348 -2.1784014, -79.89939 -2.1780959))",-2.178345870005234,-79.8992631061818
building_1006,amenity_place_of_worship,W718082858,"POLYGON ((-79.8948567 -2.1766512, -79.8948632 -2.1767608, -79.8945988 -2.1767765, -79.8945923 -2.1766668, -79.8948567 -2.1766512))",-2.1767138263893813,-79.89472772998813
building_1007,amenity_school,W723052129,"POLYGON ((-79.8923481 -2.182881, -79.8921331 -2.1829544, -79.8921062 -2.1828794, -79.8918514 -2.1829464, -79.8918005 -2.1827695, -79.8917737 -2.1825658, -79.891779 -2.1823219, -79.8917924 -2.1822201, -79.8918648 -2.1820753, -79.8920426 -2.1822463, -79.8922371 -2.1824146, -79.8922896 -2.1824098, -79.8922678 -2.1825413, -79.8923481 -2.182881))",-2.1825765901373653,-79.89202207382205
building_1008,amenity_school,W723053743,"POLYGON ((-79.8925539 -2.1834362, -79.8920799 -2.1835972, -79.8921173 -2.1836998, -79.8921944 -2.1837815, -79.8922901 -2.1838142, -79.8923601 -2.1838118, -79.8926497 -2.1837022, -79.8925539 -2.1834362))",-2.183641215225674,-79.89237698922122
building_1009,amenity_school,W723054757,"POLYGON ((-79.8949075 -2.1818459, -79.8948458 -2.1818164, -79.8938963 -2.1820228, -79.8939392 -2.1822935, -79.8938104 -2.1823069, -79.8937541 -2.1823659, -79.8937514 -2.1824356, -79.8938051 -2.1825267, -79.8938614 -2.1825508, -79.8939258 -2.1825482, -79.8939392 -2.1827331, -79.8945749 -2.1829073, -79.8945802 -2.1827733, -79.8946258 -2.1826152, -79.8949075 -2.1818459))",-2.1823362430892885,-79.89433379450507
building_1010,amenity_school,W723288290,"POLYGON ((-79.9251753 -2.1411911, -79.9253335 -2.1415959, -79.9244806 -2.1419872, -79.9242794 -2.1415637, -79.9251753 -2.1411911))",-2.1415857391721738,-79.92481115366631
building_1011,amenity_school,W723289020,"POLYGON ((-79.9182484 -2.1262851, -79.9183477 -2.1276199, -79.9160758 -2.1277485, -79.9158881 -2.1269069, -79.9158478 -2.1264271, -79.9170119 -2.1263253, -79.9177924 -2.126277, -79.9182484 -2.1262851))",-2.127002674420526,-79.91712088386409
building_1012,amenity_school,W723289359,"POLYGON ((-79.9137239 -2.1251317, -79.913745 -2.1255634, -79.9132943 -2.1255937, -79.9132429 -2.1251341, -79.9137239 -2.1251317))",-2.125353585067403,-79.91349882791134
building_1013,amenity_school,W723289458,"POLYGON ((-79.9193192 -2.1203597, -79.9188793 -2.1204428, -79.9190161 -2.1216972, -79.9194694 -2.1216463, -79.9193192 -2.1203597))",-2.1210386281237605,-79.9191722424865
building_1014,amenity_school,W723289783,"POLYGON ((-79.9221206 -2.1290495, -79.921737 -2.1291246, -79.9218282 -2.1297706, -79.9222091 -2.1297223, -79.9221206 -2.1290495))",-2.1294156554065617,-79.92197484944639
building_1015,amenity_school,W726554198,"POLYGON ((-79.8894599 -2.239156, -79.8894653 -2.2395151, -79.8888082 -2.2395473, -79.8888243 -2.2391747, -79.8894599 -2.239156))",-2.239349353788681,-79.88913754631379
building_1016,amenity_school,W728106424,"POLYGON ((-79.899156 -2.2607808, -79.898721 -2.260814, -79.8994853 -2.2618979, -79.8997942 -2.2616928, -79.899156 -2.2607808))",-2.2612971304992677,-79.89928306211327
building_1017,amenity_community_centre,W728835800,"POLYGON ((-79.8762251 -2.259579, -79.8767508 -2.2603562, -79.8759515 -2.2608976, -79.8758764 -2.2607529, -79.875694 -2.2599167, -79.8762251 -2.259579))",-2.2602258970123232,-79.87615998402859
building_1018,amenity_place_of_worship,W775656003,"POLYGON ((-79.8876791 -2.1748352, -79.887604 -2.1747842, -79.8874913 -2.1747789, -79.8874404 -2.1748352, -79.887435 -2.174937, -79.8874725 -2.1749826, -79.8875852 -2.1749879, -79.8876737 -2.1749316, -79.8876791 -2.1748352))",-2.17488375463918,-79.88755308359562
building_1019,amenity_place_of_worship,W775656230,"POLYGON ((-79.9127271 -2.1649939, -79.9126564 -2.1651053, -79.9124756 -2.1649817, -79.9125499 -2.1648767, -79.9127271 -2.1649939))",-2.164989928218302,-79.91260244455489
building_1020,amenity_school,W824927662,"POLYGON ((-79.920574 -2.1617698, -79.9205177 -2.161692, -79.9198807 -2.1614857, -79.9197654 -2.1614749, -79.9197426 -2.1615486, -79.9197184 -2.1621986, -79.9197913 -2.1622992, -79.920574 -2.1617698))",-2.161838407174764,-79.92003230563003
building_1021,amenity_school,W832252717,"POLYGON ((-79.8774999 -2.170948, -79.8773738 -2.1703426, -79.8786597 -2.1700753, -79.8787857 -2.1706806, -79.8774999 -2.170948))",-2.170511626283765,-79.87807975388576
building_1022,amenity_school,W835153912,"POLYGON ((-79.8858059 -2.2474325, -79.8862482 -2.2477648, -79.885752 -2.2484751, -79.8853283 -2.2483638, -79.8853845 -2.2482529, -79.8852618 -2.2481908, -79.8858059 -2.2474325))",-2.24798384658524,-79.88575058980439
building_1023,amenity_school,W876607414,"POLYGON ((-79.8974381 -2.1789583, -79.8971659 -2.1795233, -79.8971838 -2.1796316, -79.8977402 -2.1796014, -79.8974381 -2.1789583))",-2.179394564606007,-79.89743538958467
building_1024,amenity_school,W909462052,"POLYGON ((-79.8996707 -2.2017398, -79.8998252 -2.2022557, -79.8996138 -2.2023004, -79.8994634 -2.2017967, -79.8996707 -2.2017398))",-2.2020231333105325,-79.89964372155067
building_1025,amenity_school,W909462159,"POLYGON ((-79.9040365 -2.2027781, -79.9041331 -2.2031158, -79.9038327 -2.2032016, -79.9037415 -2.2028693, -79.9040365 -2.2027781))",-2.2029913940529235,-79.90393652316885
building_1026,amenity_school,W909462609,"POLYGON ((-79.9063666 -2.2010912, -79.9062732 -2.2007785, -79.9066001 -2.2006945, -79.9067028 -2.2009932, -79.9063666 -2.2010912))",-2.200890584858766,-79.90648503644773
building_1027,amenity_school,W910602033,"POLYGON ((-79.8975687 -2.1996635, -79.8976438 -2.1999021, -79.8971154 -2.2000387, -79.8970081 -2.1998056, -79.8975687 -2.1996635))",-2.19985147031682,-79.89733308421833
building_1028,amenity_school,W910602164,"POLYGON ((-79.8963697 -2.199031, -79.8964583 -2.1993097, -79.8961659 -2.1993955, -79.8960774 -2.1991087, -79.8963697 -2.199031))",-2.1992115992241463,-79.89626724668894
building_1029,amenity_school,W910602615,"POLYGON ((-79.9042402 -2.1947558, -79.9043052 -2.1950076, -79.9038418 -2.195097, -79.9037726 -2.194833, -79.9042402 -2.1947558))",-2.1949236378434747,-79.90403807679708
building_1030,amenity_school,W910603022,"POLYGON ((-79.9052009 -2.2069787, -79.9053118 -2.2073789, -79.9045847 -2.2076068, -79.9044861 -2.2071881, -79.9052009 -2.2069787))",-2.207289483018934,-79.90489405525193
building_1031,amenity_school,W910603054,"POLYGON ((-79.9035594 -2.2069316, -79.9032464 -2.2070616, -79.9033399 -2.2073744, -79.9036773 -2.2072566, -79.9035594 -2.2069316))",-2.2071569090299676,-79.90345786147529
building_1032,amenity_place_of_worship,W964429395,"POLYGON ((-80.014355 -2.1269774, -80.0143456 -2.1270857, -80.0142272 -2.1270754, -80.0142366 -2.1269671, -80.014355 -2.1269774))",-2.127026400000001,-80.0142911
building_1033,amenity_school,W966353817,"POLYGON ((-79.9237571 -2.1286051, -79.9238693 -2.1294289, -79.9239058 -2.1294237, -79.924545 -2.1285503, -79.9237571 -2.1286051))",-2.128872828556965,-79.92405920329395
building_1034,amenity_school,W984776958,"POLYGON ((-80.0713023 -2.2472101, -80.0696768 -2.2480784, -80.0702347 -2.2488289, -80.0717743 -2.247998, -80.0713023 -2.2472101))",-2.2480261346804236,-80.07074371286662
building_1035,amenity_school,W1018635857,"POLYGON ((-79.8993906 -2.177609, -79.9012947 -2.1771663, -79.9015006 -2.1775721, -79.9012933 -2.1776579, -79.9009683 -2.177796, -79.9010728 -2.1780111, -79.901109 -2.1780009, -79.9011366 -2.1780632, -79.9011541 -2.178099, -79.899798 -2.1787112, -79.8994658 -2.1779713, -79.8993906 -2.177609))",-2.1778729112529183,-79.90036435590154
building_1036,amenity_place_of_worship,W1039377098,"POLYGON ((-79.9139357 -2.2280963, -79.9141784 -2.2280949, -79.9141811 -2.2282571, -79.9139357 -2.2282544, -79.9139357 -2.2280963))",-2.2281758221466577,-79.91405824598749
building_1037,amenity_place_of_worship,W1039378340,"POLYGON ((-79.9105911 -2.22809, -79.9105177 -2.2280903, -79.910518 -2.2281578, -79.9104498 -2.2281582, -79.9104502 -2.2282254, -79.9105918 -2.2282247, -79.9105911 -2.22809))",-2.228168315410645,-79.91053236590861
building_1038,amenity_place_of_worship,W1039381793,"POLYGON ((-79.9096251 -2.2263245, -79.9095169 -2.2263329, -79.9095328 -2.2265386, -79.909641 -2.2265302, -79.9096251 -2.2263245))",-2.22643155,-79.90957894999998
building_1039,amenity_place_of_worship,W1039382061,"POLYGON ((-79.9093101 -2.225998, -79.9091703 -2.226009, -79.9091738 -2.2260546, -79.9093137 -2.2260437, -79.9093101 -2.225998))",-2.226026325351087,-79.90924200255562
building_1040,amenity_place_of_worship,W1039382511,"POLYGON ((-79.9074894 -2.2255583, -79.9075015 -2.2256673, -79.9073833 -2.2256805, -79.9073871 -2.2257145, -79.9075201 -2.2256997, -79.9075347 -2.2258301, -79.9071802 -2.2258696, -79.9071678 -2.2257582, -79.9071884 -2.2257559, -79.9071832 -2.2257099, -79.9071569 -2.2257129, -79.9071439 -2.2255968, -79.9074894 -2.2255583))",-2.225715428015693,-79.90733419164695
building_1041,amenity_place_of_worship,W1039383664,"POLYGON ((-79.9059704 -2.2267857, -79.9059833 -2.2268942, -79.9057821 -2.226918, -79.9057692 -2.2268095, -79.9059704 -2.2267857))",-2.2268518499999996,-79.90587624999999
building_1042,amenity_place_of_worship,W1039390008,"POLYGON ((-79.9012595 -2.2234873, -79.9012958 -2.2235771, -79.9012783 -2.2237058, -79.9010383 -2.2237326, -79.9010235 -2.2235141, -79.9012595 -2.2234873))",-2.22360911519434,-79.90115714819215
building_1043,amenity_place_of_worship,W1039390740,"POLYGON ((-79.9069659 -2.227588, -79.9069472 -2.2273682, -79.9065931 -2.2274245, -79.9066226 -2.2276416, -79.9069659 -2.227588))",-2.227504984962749,-79.90678226767042
building_1044,amenity_place_of_worship,W1051111484,"POLYGON ((-79.8985016 -2.1784982, -79.8983312 -2.1785761, -79.8983759 -2.1786706, -79.8985422 -2.1785958, -79.8985016 -2.1784982))",-2.178584889863507,-79.89843777958716
building_1045,amenity_school,W1086987489,"POLYGON ((-80.1556691 -2.3381444, -80.155601 -2.3381054, -80.1555129 -2.3382461, -80.1557145 -2.3383722, -80.155759 -2.3382915, -80.1556282 -2.3382134, -80.1556691 -2.3381444))",-2.3382453472168785,-80.15563196123449
building_1046,amenity_place_of_worship,W1087602708,"POLYGON ((-79.8994572 -2.0826751, -79.8988689 -2.0825936, -79.8989054 -2.0823231, -79.8993791 -2.0823873, -79.8994762 -2.0825832, -79.8994572 -2.0826751))",-2.0825018373745667,-79.89916501924992
building_1047,amenity_place_of_worship,W1175342700,"POLYGON ((-79.9289675 -2.1781347, -79.92898 -2.1781324, -79.9289753 -2.1781068, -79.9289691 -2.1780737, -79.9289906 -2.1780697, -79.9289823 -2.1780255, -79.9290899 -2.1780055, -79.9291288 -2.1782138, -79.929014 -2.1782352, -79.9290045 -2.1781842, -79.9289776 -2.1781892, -79.9289675 -2.1781347))",-2.1781228323131936,-79.92904680628159
building_1048,amenity_place_of_worship,W1175479057,"POLYGON ((-79.9270866 -2.1771725, -79.9271082 -2.1772499, -79.9272419 -2.1772128, -79.9272204 -2.1771353, -79.9270866 -2.1771725))",-2.177192616594441,-79.927164283055
building_1049,amenity_place_of_worship,W1211335356,"POLYGON ((-79.8753103 -2.2767105, -79.8753447 -2.2767569, -79.8752424 -2.2768326, -79.875208 -2.2767862, -79.8753103 -2.2767105))",-2.2767715500000003,-79.87527635
building_1050,amenity_place_of_worship,W1211892975,"POLYGON ((-80.015409 -2.1182261, -80.0153875 -2.1183189, -80.0152198 -2.1182802, -80.0152413 -2.1181874, -80.015409 -2.1182261))",-2.11825315,-80.01531440000001
building_1051,amenity_school,W1235082482,"POLYGON ((-79.9596322 -2.0560309, -79.9588542 -2.0559956, -79.9588217 -2.0567309, -79.9601714 -2.0567228, -79.9596322 -2.0560309))",-2.056402936675365,-79.95937525101135
building_1052,amenity_school,W1235092931,"POLYGON ((-79.9589804 -2.0537112, -79.9589593 -2.0539965, -79.959285 -2.0539985, -79.9593247 -2.0537263, -79.9589804 -2.0537112))",-2.053856707870092,-79.95913624013423
building_1053,amenity_school,W1235634102,"POLYGON ((-79.9571455 -2.0484293, -79.9572841 -2.0481368, -79.9572562 -2.0481216, -79.9573108 -2.0479721, -79.9573655 -2.0478245, -79.9574527 -2.0476549, -79.9574738 -2.0476138, -79.9574684 -2.0475575, -79.9574108 -2.0474823, -79.9575861 -2.0472074, -79.9576693 -2.0472554, -79.9581787 -2.04757, -79.9581097 -2.047662, -79.9580336 -2.0477999, -79.957954 -2.0480422, -79.9578832 -2.0484012, -79.9578808 -2.0484765, -79.957854 -2.0485339, -79.9578055 -2.0486201, -79.9577258 -2.0487017, -79.9574175 -2.0485494, -79.9571455 -2.0484293))",-2.0479719008334136,-79.95765468416519
building_1054,amenity_school,W1238304449,"POLYGON ((-79.9047808 -2.1912952, -79.9046991 -2.190899, -79.9042425 -2.190993, -79.904326 -2.1913981, -79.9043556 -2.1915418, -79.9045446 -2.191503, -79.9048122 -2.1914479, -79.9047808 -2.1912952))",-2.1912204362930403,-79.90452737798807
building_1055,amenity_place_of_worship,W1244653029,"POLYGON ((-79.9005252 -2.12418, -79.9005309 -2.1244079, -79.9008018 -2.1244008, -79.9005252 -2.12418))",-2.1243295666666673,-79.9006193
building_1056,amenity_school,W1262025844,"POLYGON ((-79.9402962 -2.2217001, -79.9399182 -2.2220623, -79.9399692 -2.22215, -79.9403599 -2.2217949, -79.9402962 -2.2217001))",-2.221923015243689,-79.9401401324116
building_1057,amenity_school,W1295809511,"POLYGON ((-79.9101268 -2.2052256, -79.9097415 -2.2053539, -79.90994 -2.2060096, -79.9102832 -2.2057249, -79.9101268 -2.2052256))",-2.205583745027687,-79.91001501156737
building_1058,amenity_school,W1328698251,"POLYGON ((-79.9130697 -2.1189742, -79.912626 -2.1189588, -79.9126044 -2.1192975, -79.9131159 -2.1192729, -79.9130697 -2.1189742))",-2.119129751937801,-79.91284923684918
building_1059,amenity_school,W1328698258,"POLYGON ((-79.9119851 -2.1167943, -79.9114891 -2.1168036, -79.9114922 -2.1170376, -79.9119913 -2.1170345, -79.9119851 -2.1167943))",-2.1169176046559923,-79.91174051802327
building_1060,amenity_school,W1328698382,"POLYGON ((-79.9158257 -2.1158579, -79.9155315 -2.1157226, -79.9153821 -2.1161146, -79.9157043 -2.1162359, -79.9158257 -2.1158579))",-2.115984223952505,-79.91560867011297
building_1061,amenity_school,W1328698423,"POLYGON ((-79.9177737 -2.1153872, -79.9175087 -2.1153133, -79.9173207 -2.115886, -79.9175118 -2.1159507, -79.9174625 -2.1161754, -79.9176042 -2.1162432, -79.9177737 -2.1153872))",-2.115727111600485,-79.91756108254974
building_1062,amenity_school,W1328698581,"POLYGON ((-79.92079 -2.1153825, -79.9200358 -2.1150209, -79.9200124 -2.1155785, -79.9207946 -2.1154549, -79.92079 -2.1153825))",-2.1153443194482198,-79.92030915658366
building_1063,amenity_school,W1328861184,"POLYGON ((-79.8986047 -2.2054351, -79.8983016 -2.2055048, -79.8984357 -2.2059551, -79.8985886 -2.2059068, -79.8986476 -2.2060596, -79.8987898 -2.2060167, -79.8986047 -2.2054351))",-2.2057301506373546,-79.89854498130302
building_1064,amenity_school,W1328861356,"POLYGON ((-79.9016084 -2.2149957, -79.9015067 -2.2146667, -79.9009437 -2.2148393, -79.9010697 -2.2152253, -79.9016084 -2.2149957))",-2.2149342183507943,-79.90127445299088
building_1065,amenity_school,W1328861804,"POLYGON ((-79.8996364 -2.2202475, -79.8989256 -2.2204565, -79.8989283 -2.2208586, -79.8997598 -2.2206576, -79.8996364 -2.2202475))",-2.2205584651095887,-79.89931939862963
building_1066,amenity_school,W1328862559,"POLYGON ((-79.8965392 -2.217914, -79.89621 -2.2180201, -79.896525 -2.2187168, -79.8968895 -2.2186072, -79.8965392 -2.217914))",-2.218319814671952,-79.89654376794346
building_1067,amenity_school,W1328863042,"POLYGON ((-79.8941988 -2.212948, -79.8937106 -2.2130874, -79.8937535 -2.2132603, -79.8942497 -2.2131035, -79.8941988 -2.212948))",-2.2131011697459346,-79.89397479606833
building_1068,amenity_school,W1328863989,"POLYGON ((-79.8888165 -2.2051859, -79.8885793 -2.2052478, -79.8886324 -2.2055784, -79.888889 -2.2055059, -79.8888165 -2.2051859))",-2.2053818241573633,-79.88872941221054
building_1069,amenity_school,W1328863990,"POLYGON ((-79.8885687 -2.2052513, -79.8883387 -2.2053097, -79.8884024 -2.2056279, -79.8886279 -2.205579, -79.8885687 -2.2052513))",-2.205441149794356,-79.88848476398265
building_1070,amenity_school,W1328863991,"POLYGON ((-79.8888908 -2.205514, -79.88842 -2.2056319, -79.8884495 -2.2058503, -79.8889511 -2.2057237, -79.8888908 -2.205514))",-2.205681155168155,-79.88867791666455
building_1071,amenity_school,W1328864152,"POLYGON ((-79.8885096 -2.2085162, -79.8879598 -2.2086569, -79.8880376 -2.2088968, -79.8885861 -2.2087507, -79.8885096 -2.2085162))",-2.208705431656058,-79.88827225930552
building_1072,amenity_school,W1328866033,"POLYGON ((-79.9045776 -2.2307428, -79.9038844 -2.2308382, -79.903946 -2.2312969, -79.9046207 -2.2312446, -79.9045776 -2.2307428))",-2.2310287627880205,-79.90426185002661
building_1073,amenity_school,W1328946702,"POLYGON ((-79.9249951 -2.2047036, -79.9245874 -2.2048216, -79.9247323 -2.2054058, -79.9251507 -2.2052933, -79.9249951 -2.2047036))",-2.2050569724043054,-79.92486710234333
building_1074,amenity_school,W1328946926,"POLYGON ((-79.9206896 -2.1984051, -79.9200986 -2.198543, -79.9202012 -2.1989108, -79.9207993 -2.1987552, -79.9207285 -2.1985359, -79.9206896 -2.1984051))",-2.198654752097182,-79.92044482550635
building_1075,amenity_school,W1328947050,"POLYGON ((-79.9189539 -2.1944564, -79.9181823 -2.1946545, -79.9182708 -2.1948914, -79.9190282 -2.1947146, -79.9189539 -2.1944564))",-2.194677655050326,-79.9186128693911
building_1076,amenity_school,W1328947081,"POLYGON ((-79.9083243 -2.1952617, -79.9079545 -2.1953541, -79.9080316 -2.195705, -79.9084444 -2.1955973, -79.9083243 -2.1952617))",-2.1954828499619534,-79.9081892460925
building_1077,amenity_school,W1328974178,"POLYGON ((-79.8937025 -2.1841769, -79.8936593 -2.1840498, -79.8930884 -2.1839704, -79.8930102 -2.1839655, -79.8929554 -2.1839071, -79.892766 -2.1832741, -79.8941746 -2.1840468, -79.8941693 -2.1840981, -79.8941003 -2.1841158, -79.8937025 -2.1841769))",-2.18380518979811,-79.89337755734489
building_1078,amenity_school,W1329153811,"POLYGON ((-79.8970825 -2.2115197, -79.8969431 -2.2115572, -79.8971952 -2.2123907, -79.8973454 -2.2123532, -79.8970825 -2.2115197))",-2.211959987100289,-79.89714306941009
building_1079,amenity_school,W1329154642,"POLYGON ((-79.9345355 -2.2003501, -79.9342296 -2.2004248, -79.934309 -2.2007141, -79.9346265 -2.2006348, -79.9345355 -2.2003501))",-2.2005319130014795,-79.93442527890613
building_1080,amenity_school,W1329246919,"POLYGON ((-79.9401861 -2.1568348, -79.9394869 -2.156526, -79.9391921 -2.1574909, -79.9393446 -2.157562, -79.939432 -2.1574299, -79.9395845 -2.1574888, -79.939682 -2.157302, -79.9398833 -2.1573588, -79.9401861 -2.1568348))",-2.1570397328624495,-79.9396511004185
building_1081,amenity_school,W1329246951,"POLYGON ((-79.9388915 -2.1457759, -79.938575 -2.1458188, -79.9387507 -2.1465546, -79.9390033 -2.1464684, -79.9390834 -2.1463176, -79.9388915 -2.1457759))",-2.1461501298525314,-79.93882894382821
building_1082,amenity_school,W1330534064,"POLYGON ((-79.944163 -2.1353482, -79.9441996 -2.1356366, -79.9439028 -2.135661, -79.9438825 -2.1353116, -79.944163 -2.1353482))",-2.1354912575210276,-79.944032518051
building_1083,amenity_school,W1330534177,"POLYGON ((-79.9408653 -2.13506, -79.9403477 -2.135119, -79.9403557 -2.1354487, -79.9409056 -2.1353978, -79.9408653 -2.13506))",-2.135257859718997,-79.94062020509527
building_1084,amenity_school,W1330534270,"POLYGON ((-79.9470212 -2.1278792, -79.9458947 -2.1275308, -79.9456372 -2.1284046, -79.9469193 -2.1285815, -79.9470212 -2.1278792))",-2.1280996409332924,-79.94634179731314
building_1085,amenity_school,W1330534873,"POLYGON ((-79.9222282 -2.1515364, -79.9220002 -2.151657, -79.9216596 -2.1517589, -79.9217883 -2.1520376, -79.9220807 -2.1519813, -79.9223623 -2.1517401, -79.9222282 -2.1515364))",-2.151801392406487,-79.92201176962277
building_1086,amenity_school,W1330534882,"POLYGON ((-79.9251517 -2.1482928, -79.9249252 -2.1483729, -79.925087 -2.1487978, -79.9253242 -2.1487085, -79.9251517 -2.1482928))",-2.148544971559071,-79.92512256584844
building_1087,amenity_school,W1330536227,"POLYGON ((-79.9241917 -2.1175501, -79.9236094 -2.1176024, -79.9236741 -2.1180335, -79.9241948 -2.117975, -79.9241917 -2.1175501))",-2.117786461722023,-79.92391586974075
building_1088,amenity_school,W1330540103,"POLYGON ((-79.8811247 -2.1866794, -79.8809477 -2.1867518, -79.8810174 -2.1869287, -79.8812213 -2.1868965, -79.8811247 -2.1866794))",-2.186813923791246,-79.88108153436502
building_1089,amenity_school,W1330540260,"POLYGON ((-79.8904887 -2.1965234, -79.8901883 -2.1965931, -79.8902554 -2.1968209, -79.8905638 -2.1967513, -79.8904887 -2.1965234))",-2.1966725930432993,-79.89037439537142
building_1090,amenity_school,W1330540537,"POLYGON ((-79.8909687 -2.200024, -79.8907857 -2.2000829, -79.8908854 -2.2003693, -79.8910663 -2.2003185, -79.8909687 -2.200024))",-2.2001979830149607,-79.89092667977079
building_1091,amenity_school,W1330540950,"POLYGON ((-79.9020611 -2.1947092, -79.9017902 -2.1947605, -79.9018673 -2.1950989, -79.9021195 -2.1950405, -79.9020611 -2.1947092))",-2.19490065249444,-79.90195847930865
building_1092,amenity_school,W1330656299,"POLYGON ((-79.9063052 -2.2073784, -79.9060209 -2.2074723, -79.9061309 -2.2077698, -79.9060209 -2.2078019, -79.9060933 -2.2080887, -79.9064769 -2.2079654, -79.9063052 -2.2073784))",-2.207748861132177,-79.90623154290579
building_1093,amenity_school,W1330672852,"POLYGON ((-79.893353 -2.2075661, -79.8927414 -2.2077404, -79.8928005 -2.2079896, -79.89342 -2.2077966, -79.893353 -2.2075661))",-2.2077745278410488,-79.8930755854022
building_1094,amenity_school,W1331112710,"POLYGON ((-79.9278666 -2.1870382, -79.9272094 -2.1868876, -79.9270985 -2.187217, -79.9276223 -2.1872632, -79.927764 -2.187374, -79.9278666 -2.1870382))",-2.1871108229324565,-79.92748399307268
building_1095,amenity_school,W1331113056,"POLYGON ((-79.9018659 -2.1876352, -79.9013633 -2.188003, -79.9014978 -2.1882435, -79.9019721 -2.1881338, -79.9018659 -2.1876352))",-2.18798641908826,-79.90169599506319
building_1096,amenity_school,W1332015524,"POLYGON ((-79.9476882 -2.1617772, -79.9473387 -2.1616295, -79.9474882 -2.1613024, -79.9478191 -2.1614491, -79.9476882 -2.1617772))",-2.1615406156930552,-79.94758248400437
building_1097,amenity_school,W1332053294,"POLYGON ((-79.9400561 -2.1497898, -79.9397308 -2.1498792, -79.9397634 -2.1501067, -79.9401293 -2.1500661, -79.9400561 -2.1497898))",-2.149961056067057,-79.939926479665
building_1098,amenity_school,W1332053839,"POLYGON ((-79.9361989 -2.1509087, -79.936304 -2.1509577, -79.9363484 -2.1508573, -79.9365795 -2.150953, -79.9365559 -2.1510811, -79.9365109 -2.1510972, -79.9364586 -2.1511307, -79.9364197 -2.1511347, -79.9361813 -2.1510345, -79.9361495 -2.1510047, -79.9361989 -2.1509087))",-2.1510027536732754,-79.93638258869369
building_1099,amenity_school,W1332054941,"POLYGON ((-79.9381235 -2.1498739, -79.9379731 -2.1498067, -79.9379306 -2.1498669, -79.9380191 -2.1499181, -79.9379925 -2.1499889, -79.9380651 -2.1500172, -79.9381235 -2.1498739))",-2.1499040251291874,-79.93803401623853
building_1100,amenity_school,W1332055842,"POLYGON ((-79.9355317 -2.1598507, -79.9352742 -2.1597327, -79.9350945 -2.1601401, -79.93536 -2.1602741, -79.9355317 -2.1598507))",-2.1600012789425014,-79.93531494240844
building_1101,amenity_school,W1332056429,"POLYGON ((-79.9303888 -2.1468691, -79.9301917 -2.1468106, -79.9301054 -2.1470292, -79.9302979 -2.14712, -79.9303888 -2.1468691))",-2.14695867956867,-79.93024775650784
building_1102,amenity_school,W1332057064,"POLYGON ((-79.9294716 -2.1457666, -79.9292805 -2.1459222, -79.929177 -2.1458161, -79.9293416 -2.1456322, -79.9294716 -2.1457666))",-2.1457809742204033,-79.9293210756499
building_1103,amenity_school,W1332057265,"POLYGON ((-79.9301802 -2.143958, -79.930089 -2.1439446, -79.9300139 -2.1440625, -79.9297537 -2.1441483, -79.9298502 -2.1444378, -79.9301399 -2.1443681, -79.9301802 -2.143958))",-2.1442119346206487,-79.92999108507678
building_1104,amenity_school,W1332057825,"POLYGON ((-79.9277786 -2.1425946, -79.9276852 -2.1427405, -79.927635 -2.1426938, -79.927335 -2.1426693, -79.9272252 -2.1424383, -79.9271867 -2.1423788, -79.9272217 -2.1423251, -79.9277786 -2.1425946))",-2.142550307615674,-79.92746513000147
building_1105,amenity_school,W1332059063,"POLYGON ((-79.9240535 -2.1454043, -79.9239183 -2.1454358, -79.9236723 -2.1452987, -79.9233471 -2.145382, -79.9231703 -2.1456461, -79.923404 -2.1458502, -79.9234752 -2.1457365, -79.9238136 -2.1456491, -79.9239407 -2.145706, -79.9241134 -2.1456613, -79.9240535 -2.1454043))",-2.145549362932638,-79.9236265272171
building_1106,amenity_school,W1332059064,"POLYGON ((-79.9238607 -2.1457493, -79.9237952 -2.1457068, -79.9235121 -2.1457793, -79.9234289 -2.1458713, -79.9235245 -2.1461294, -79.9239315 -2.1460127, -79.9238607 -2.1457493))",-2.1459135517692913,-79.9236791096084
building_1107,amenity_school,W1332069400,"POLYGON ((-79.9123858 -2.16153, -79.9121149 -2.1616909, -79.9122115 -2.1618651, -79.912536 -2.1617659, -79.9123858 -2.16153))",-2.161710161382593,-79.91232065455391
building_1108,amenity_school,W1332081052,"POLYGON ((-79.8960038 -2.1499097, -79.8961454 -2.150099, -79.8956286 -2.1504314, -79.8954977 -2.1502334, -79.8960038 -2.1499097))",-2.150168919387772,-79.89581885373914
building_1109,amenity_school,W1332081606,"POLYGON ((-79.903015 -2.1288102, -79.9023981 -2.1291506, -79.902602 -2.1295982, -79.9032618 -2.1292417, -79.903015 -2.1288102))",-2.129202090748618,-79.90282109275061
building_1110,amenity_school,W1332082183,"POLYGON ((-79.8863528 -2.1244206, -79.8859051 -2.1249635, -79.8855688 -2.1247071, -79.8858307 -2.1243764, -79.8861192 -2.1243339, -79.8863528 -2.1244206))",-2.1246056139037166,-79.88594412078471
building_1111,amenity_school,W1332526531,"POLYGON ((-79.889346 -2.1334214, -79.8891394 -2.1336975, -79.8895793 -2.1340245, -79.8898019 -2.1337564, -79.889346 -2.1334214))",-2.1337244813702134,-79.88946754416128
building_1112,amenity_school,W1332526964,"POLYGON ((-79.8935678 -2.14121, -79.8931503 -2.1417858, -79.8926111 -2.1414117, -79.8930286 -2.1409175, -79.8932011 -2.1410638, -79.8932489 -2.1409929, -79.8935678 -2.14121))",-2.1413371717522707,-79.89309504415762
building_1113,amenity_school,W1332526965,"POLYGON ((-79.8943396 -2.1419228, -79.8940269 -2.1417011, -79.8938774 -2.1419243, -79.8936787 -2.1418227, -79.8935123 -2.1420352, -79.8940007 -2.14246, -79.8943396 -2.1419228))",-2.1420562592671946,-79.89394422146778
building_1114,amenity_school,W1332527424,"POLYGON ((-79.8898465 -2.1278224, -79.8894961 -2.1282203, -79.8898571 -2.1285014, -79.8901986 -2.1280806, -79.8898465 -2.1278224))",-2.128158365585861,-79.88984889732235
building_1115,amenity_school,W1332527425,"POLYGON ((-79.8895899 -2.127596, -79.8892413 -2.1280293, -79.888944 -2.1277923, -79.8893014 -2.1273555, -79.8895899 -2.127596))",-2.12769342524461,-79.88926842928088
building_1116,amenity_school,R6414911,"POLYGON ((-79.9367254 -2.1575692, -79.9369444 -2.1576576, -79.9370678 -2.1573524, -79.9368488 -2.157264, -79.9367254 -2.1575692), (-79.9368894 -2.1575073, -79.9367793 -2.1574659, -79.9368081 -2.1573893, -79.9369182 -2.1574307, -79.9368894 -2.1575073))",-2.157462566328722,-79.93690336150632
building_1117,amenity_place_of_worship,R6422858,"MULTIPOLYGON (((-79.9281366 -2.1211124, -79.9276822 -2.1210324, -79.9276616 -2.1211491, -79.928116 -2.121229, -79.9281366 -2.1211124)), ((-79.928106 -2.1212798, -79.9277045 -2.1212094, -79.9276804 -2.1213462, -79.928082 -2.1214167, -79.928106 -2.1212798)))",-2.1212235082716036,-79.92789610411724
building_1118,amenity_school,R6427403,"POLYGON ((-79.8983451 -2.2181418, -79.8984703 -2.2185239, -79.8988644 -2.218395, -79.8988877 -2.2183874, -79.8988275 -2.2182036, -79.8989549 -2.2181619, -79.89889 -2.2179636, -79.8983451 -2.2181418), (-79.8988214 -2.2180982, -79.8985044 -2.2182054, -79.8985131 -2.2182311, -79.8984055 -2.2182675, -79.8983693 -2.2181606, -79.8987939 -2.2180169, -79.8988214 -2.2180982))",-2.218265950521157,-79.89866600019124
building_1119,amenity_place_of_worship,R6429434,"POLYGON ((-79.9074894 -2.2255583, -79.9071439 -2.2255968, -79.9071569 -2.2257129, -79.9071832 -2.2257099, -79.9071884 -2.2257559, -79.9071678 -2.2257582, -79.9071802 -2.2258696, -79.9075347 -2.2258301, -79.9075201 -2.2256997, -79.9073871 -2.2257145, -79.9073833 -2.2256805, -79.9075015 -2.2256673, -79.9074894 -2.2255583))",-2.2257154280156923,-79.90733419164694
