name,building_type_name,osm_id,geometry,lat,lon
building_0,amenity_place_of_worship,N573615484,POINT (11.2246957 43.8213655),43.8213655,11.2246957
building_1,amenity_school,N715786721,POINT (11.270984 43.7875637),43.7875637,11.270984
building_2,amenity_school,N1005093019,POINT (11.1952696 43.7674498),43.7674498,11.1952696
building_3,amenity_school,N1135816958,POINT (11.2717283 43.7941856),43.7941856,11.2717283
building_4,amenity_place_of_worship,N1352276103,POINT (11.2497952 43.8143877),43.8143877,11.2497952
building_5,amenity_school,N1753911151,POINT (11.2463427 43.759947),43.759947,11.2463427
building_6,amenity_place_of_worship,N2361889852,POINT (11.2249507 43.7911101),43.7911101,11.2249507
building_7,amenity_place_of_worship,N2361963807,POINT (11.2119728 43.7803065),43.7803065,11.2119728
building_8,amenity_school,N2436783956,POINT (11.3166788 43.7674889),43.7674889,11.3166788
building_9,amenity_place_of_worship,N3114407192,POINT (11.2669276 43.7774348),43.7774348,11.2669276
building_10,amenity_place_of_worship,N3118178277,POINT (11.2492544 43.7674951),43.7674951,11.2492544
building_11,amenity_place_of_worship,N3121874613,POINT (11.2583434 43.7671283),43.7671283,11.2583434
building_12,amenity_place_of_worship,N3127386260,POINT (11.2570295 43.77226),43.77226,11.2570295
building_13,amenity_place_of_worship,N3127418845,POINT (11.256713 43.7708791),43.7708791,11.256713
building_14,amenity_place_of_worship,N3999086973,POINT (11.2557348 43.7725651),43.7725651,11.2557348
building_15,amenity_school,N4131128475,POINT (11.2476125 43.7649928),43.7649928,11.2476125
building_16,amenity_school,N4360275717,POINT (11.3054987 43.750557),43.750557,11.3054987
building_17,amenity_place_of_worship,N4696164915,POINT (11.2480375 43.7607651),43.7607651,11.2480375
building_18,amenity_place_of_worship,N4701406592,POINT (11.2558589 43.7751181),43.7751181,11.2558589
building_19,amenity_place_of_worship,N4715083306,POINT (11.2473287 43.7714267),43.7714267,11.2473287
building_20,amenity_place_of_worship,N4758517538,POINT (11.2540676 43.7729814),43.7729814,11.2540676
building_21,amenity_place_of_worship,N4779672237,POINT (11.273003 43.7551964),43.7551964,11.273003
building_22,amenity_school,N5096102885,POINT (11.2649473 43.7674383),43.7674383,11.2649473
building_23,amenity_school,N5191002621,POINT (11.2636825 43.7684096),43.7684096,11.2636825
building_24,amenity_place_of_worship,N5328055520,POINT (11.2868798 43.7525974),43.7525974,11.2868798
building_25,amenity_school,N6266954756,POINT (11.1953875 43.7676616),43.7676616,11.1953875
building_26,amenity_school,N6306662949,POINT (11.2517898 43.7763521),43.7763521,11.2517898
building_27,amenity_place_of_worship,N6312359440,POINT (11.2612578 43.7772928),43.7772928,11.2612578
building_28,amenity_school,N6336404973,POINT (11.2259568 43.7714124),43.7714124,11.2259568
building_29,amenity_place_of_worship,N6349518742,POINT (11.2237469 43.7747098),43.7747098,11.2237469
building_30,amenity_place_of_worship,N6349523089,POINT (11.2468459 43.7771273),43.7771273,11.2468459
building_31,amenity_school,N6391884319,POINT (11.2583591 43.7739051),43.7739051,11.2583591
building_32,amenity_place_of_worship,N6442853248,POINT (11.225629 43.7404902),43.7404902,11.225629
building_33,amenity_place_of_worship,N6685259057,POINT (11.2200896 43.7824327),43.7824327,11.2200896
building_34,amenity_school,N6895452636,POINT (11.2641573 43.7819345),43.7819345,11.2641573
building_35,amenity_school,N6895521172,POINT (11.2445202 43.7761581),43.7761581,11.2445202
building_36,amenity_school,N7250002796,POINT (11.196699 43.7737696),43.7737696,11.196699
building_37,amenity_school,N7250002798,POINT (11.2034819 43.7812877),43.7812877,11.2034819
building_38,amenity_school,N7250002822,POINT (11.2025324 43.7809409),43.7809409,11.2025324
building_39,amenity_school,N7250002831,POINT (11.1953896 43.7744516),43.7744516,11.1953896
building_40,amenity_school,N7250103109,POINT (11.2349751 43.7730531),43.7730531,11.2349751
building_41,amenity_school,N7250103167,POINT (11.2346573 43.7721389),43.7721389,11.2346573
building_42,amenity_school,N7250103190,POINT (11.2261895 43.7742171),43.7742171,11.2261895
building_43,amenity_school,N7250103232,POINT (11.226329 43.7735508),43.7735508,11.226329
building_44,amenity_school,N7251617824,POINT (11.2848589 43.7579885),43.7579885,11.2848589
building_45,amenity_school,N7251617859,POINT (11.2846979 43.7575197),43.7575197,11.2846979
building_46,amenity_school,N7256349427,POINT (11.2639014 43.7683456),43.7683456,11.2639014
building_47,amenity_school,N7285918787,POINT (11.2584841 43.7763656),43.7763656,11.2584841
building_48,amenity_school,N7294821882,POINT (11.323156 43.7848774),43.7848774,11.323156
building_49,amenity_school,N7296457950,POINT (11.2616132 43.7683631),43.7683631,11.2616132
building_50,amenity_school,N7296496959,POINT (11.233572 43.8021106),43.8021106,11.233572
building_51,amenity_school,N7296572174,POINT (11.276395 43.7686631),43.7686631,11.276395
building_52,amenity_school,N7296673424,POINT (11.246962 43.7689077),43.7689077,11.246962
building_53,amenity_place_of_worship,N7297491223,POINT (11.2604597 43.7752933),43.7752933,11.2604597
building_54,amenity_place_of_worship,N7476789812,POINT (11.2482355 43.7735708),43.7735708,11.2482355
building_55,amenity_place_of_worship,N7959956070,POINT (11.2663652 43.7727103),43.7727103,11.2663652
building_56,amenity_place_of_worship,N10706816518,POINT (11.2309017 43.7685993),43.7685993,11.2309017
building_57,amenity_school,N11704436216,POINT (11.2652995 43.7677203),43.7677203,11.2652995
building_58,amenity_place_of_worship,N12135955614,POINT (11.2366794 43.7860184),43.7860184,11.2366794
building_59,amenity_place_of_worship,W24881563,"POLYGON ((11.247868 43.7670802, 11.2479354 43.7670531, 11.2480755 43.7670012, 11.2481018 43.7669914, 11.2482033 43.7669504, 11.2484954 43.7673577, 11.2485602 43.7673367, 11.2486046 43.76732, 11.2486323 43.767311, 11.2488253 43.7675759, 11.2486851 43.7676289, 11.2487576 43.7677326, 11.2486881 43.7677615, 11.2484931 43.7678346, 11.2483966 43.7678708, 11.2483166 43.7677602, 11.2481691 43.7678179, 11.2479831 43.7675701, 11.2481621 43.7675026, 11.2480131 43.7672965, 11.247868 43.7670802))",43.767448136302335,11.248330092154443
building_60,amenity_place_of_worship,W24883267,"POLYGON ((11.2535397 43.7751817, 11.2534973 43.7751651, 11.2534738 43.775191, 11.2534063 43.7752035, 11.2533682 43.7751903, 11.2533406 43.7752159, 11.2531466 43.775132, 11.2531548 43.7751216, 11.2530794 43.7750997, 11.2530712 43.7750763, 11.2530621 43.7750441, 11.2531143 43.7750012, 11.2530981 43.7749934, 11.2531684 43.7749081, 11.2532166 43.7748506, 11.2532632 43.774877, 11.2532867 43.7748548, 11.2533456 43.77484, 11.2533856 43.7748516, 11.253416 43.7748219, 11.2536187 43.7749103, 11.2536555 43.7750247, 11.2535397 43.7751817))",43.77502015605242,11.25336942116565
building_61,amenity_school,W28285855,"POLYGON ((11.3022386 43.7607121, 11.3012675 43.7606198, 11.300941 43.7618179, 11.3014872 43.7617927, 11.3015437 43.7622419, 11.3020508 43.7622047, 11.3025153 43.7621335, 11.3026843 43.7620287, 11.3027703 43.7619335, 11.3027858 43.7618516, 11.3022386 43.7607121))",43.76144946022683,11.301859378057182
building_62,amenity_school,W43373510,"POLYGON ((11.2275272 43.7389124, 11.2279028 43.7389722, 11.228525 43.7387072, 11.2286973 43.7378799, 11.2271371 43.7376916, 11.226823 43.7375702, 11.2265123 43.737725, 11.226403 43.738305, 11.2269526 43.7385203, 11.2272445 43.738756, 11.2273981 43.7389695, 11.2275272 43.7389124))",43.738251878574175,11.227577010673453
building_63,amenity_school,W43373566,"POLYGON ((11.2113585 43.7652243, 11.2116014 43.7654238, 11.2126138 43.7657427, 11.2127424 43.7658454, 11.2126495 43.7659622, 11.2130217 43.7660629, 11.2146372 43.7654474, 11.2135472 43.7641705, 11.2113585 43.7652243))",43.76518192042565,11.213111280198447
building_64,amenity_place_of_worship,W43768260,"POLYGON ((11.2556146 43.7733479, 11.2556129 43.7732918, 11.2556137 43.7732492, 11.2556134 43.7732431, 11.2556097 43.7731537, 11.2556093 43.7731455, 11.255605 43.7730574, 11.2556038 43.7730004, 11.2556023 43.7729505, 11.2565625 43.7729343, 11.256599 43.7729337, 11.2566083 43.7729225, 11.2566604 43.7728854, 11.2567097 43.7728858, 11.2567026 43.7727874, 11.2568427 43.7726839, 11.2570357 43.7726794, 11.2571605 43.7727768, 11.2571604 43.7728734, 11.2572033 43.772873, 11.2572699 43.7729094, 11.2572712 43.7729533, 11.2573967 43.7729492, 11.2575376 43.7730412, 11.2575459 43.7731799, 11.2574186 43.7732788, 11.2572792 43.7732819, 11.2572765 43.7733296, 11.2572292 43.7733638, 11.2571847 43.7733654, 11.2571889 43.7734518, 11.257062 43.773551, 11.256865 43.7735537, 11.256738 43.7734653, 11.2567309 43.7733788, 11.256678 43.7733806, 11.2566267 43.7733533, 11.2566119 43.7733311, 11.2565651 43.7733319, 11.2556146 43.7733479))",43.77312815826047,11.256627514024062
building_65,amenity_school,W57731511,"POLYGON ((11.2835067 43.7851987, 11.2840113 43.7850691, 11.2848327 43.7848612, 11.2850991 43.784972, 11.2851855 43.7853077, 11.2851975 43.7853531, 11.2847309 43.7854187, 11.2849415 43.7860227, 11.2843361 43.7861961, 11.2841181 43.785794, 11.2838312 43.7858807, 11.2835067 43.7851987))",43.785464842192404,11.284387911842899
building_66,amenity_school,W83240488,"POLYGON ((11.2335528 43.7891893, 11.2339955 43.78902, 11.2344507 43.7888335, 11.2351806 43.7897779, 11.2343616 43.7901832, 11.2338022 43.7894958, 11.2335528 43.7891893))",43.789496443153524,11.23438055169737
building_67,amenity_school,W83240489,"POLYGON ((11.2231723 43.7878557, 11.2232247 43.7878991, 11.2232056 43.7879111, 11.2232816 43.7879742, 11.223315 43.7879532, 11.2234205 43.7880409, 11.2234025 43.7880522, 11.2234738 43.7881114, 11.2234927 43.7880996, 11.2235462 43.7881441, 11.2236445 43.7880825, 11.2235264 43.7879843, 11.2236065 43.787934, 11.2237381 43.7880433, 11.2237804 43.7880168, 11.2238291 43.7880572, 11.2238687 43.7880324, 11.2238121 43.7879855, 11.2239843 43.7878772, 11.2239174 43.7878217, 11.2239727 43.7877869, 11.2240043 43.7878131, 11.2240412 43.7877898, 11.2239498 43.7877143, 11.2241645 43.7875789, 11.2240855 43.7875136, 11.2236016 43.7878191, 11.2235197 43.7877515, 11.2237247 43.7876221, 11.223644 43.7875555, 11.2235856 43.7875923, 11.2235689 43.7875786, 11.2235024 43.7876205, 11.2235205 43.7876355, 11.2233973 43.7877131, 11.2233808 43.7876995, 11.2232953 43.7877533, 11.2233125 43.7877675, 11.2231723 43.7878557))",43.78782867802346,11.223639162616
building_68,amenity_place_of_worship,W83480484,"POLYGON ((11.2168471 43.7932708, 11.2164013 43.7934916, 11.2165709 43.7936717, 11.217013 43.7934571, 11.2168471 43.7932708))",43.79347227774413,11.216708482432203
building_69,amenity_school,W83491247,"POLYGON ((11.2440351 43.7993923, 11.2446173 43.8002432, 11.246037 43.799753, 11.2460376 43.7997376, 11.2456581 43.7996758, 11.245662 43.7992886, 11.2454885 43.7989472, 11.2452248 43.7990401, 11.244899 43.7991549, 11.2445951 43.799262, 11.2445446 43.7992798, 11.2444155 43.7992517, 11.2442321 43.7993195, 11.2441074 43.7993656, 11.2440351 43.7993923))",43.79959748708274,11.244987149867292
building_70,amenity_school,W83526002,"POLYGON ((11.2178086 43.7905987, 11.2183211 43.7903511, 11.2171926 43.7891898, 11.2167645 43.7893152, 11.2170064 43.7898051, 11.2170047 43.7898792, 11.2178086 43.7905987))",43.789903303891435,11.217498743771941
building_71,amenity_place_of_worship,W83534349,"POLYGON ((11.2191561 43.7960627, 11.2194191 43.7960462, 11.2194 43.7958877, 11.219137 43.7959042, 11.2191561 43.7960627))",43.7959752,11.21927805
building_72,amenity_place_of_worship,W83534354,"POLYGON ((11.2183139 43.7961263, 11.218422 43.7961011, 11.2184305 43.7960973, 11.2186899 43.7960393, 11.2187806 43.7960178, 11.2187519 43.7959477, 11.2187066 43.7959574, 11.2186917 43.795921, 11.2182495 43.7960327, 11.2183139 43.7961263))",43.79602316226376,11.218516448895468
building_73,amenity_school,W83535805,"POLYGON ((11.2127392 43.7975782, 11.2129881 43.7974657, 11.2128978 43.7973616, 11.2128105 43.7974011, 11.2127645 43.7973481, 11.2127321 43.7973627, 11.2127012 43.797327, 11.2130013 43.7971914, 11.2129202 43.797098, 11.212613 43.7972369, 11.2126364 43.7972639, 11.2125479 43.7973039, 11.2125171 43.7973178, 11.2124535 43.7972446, 11.2121967 43.7973607, 11.2122867 43.7974644, 11.2124147 43.7974065, 11.2125325 43.7975423, 11.2126586 43.7974853, 11.2127392 43.7975782))",43.79736170873244,11.21264676053744
building_74,amenity_place_of_worship,W88569265,"POLYGON ((11.2241196 43.7366701, 11.2240504 43.7366006, 11.224117 43.7365683, 11.2241901 43.7366315, 11.2241196 43.7366701))",43.736618300554554,11.224119630662493
building_75,amenity_place_of_worship,W88571836,"POLYGON ((11.2235081 43.7364999, 11.2233525 43.7363362, 11.2229935 43.7365069, 11.2230276 43.7365403, 11.2229833 43.7365639, 11.222977 43.7366035, 11.2230212 43.7366585, 11.2230576 43.7366615, 11.2230779 43.7366628, 11.2231223 43.73664, 11.2231561 43.7366744, 11.2235081 43.7364999))",43.73651575863508,11.22322932563881
building_76,amenity_place_of_worship,W88625749,"POLYGON ((11.2270776 43.7404535, 11.2272358 43.7404205, 11.2272412 43.7404331, 11.2273029 43.7404205, 11.2272989 43.7404059, 11.227352 43.7403986, 11.2273367 43.7403655, 11.2273775 43.7403557, 11.2273498 43.7402625, 11.2273069 43.7402694, 11.2272463 43.740279, 11.2272401 43.7402641, 11.2271762 43.740276, 11.2271799 43.7402887, 11.2270613 43.7403146, 11.2270199 43.7403236, 11.2270776 43.7404535))",43.74035463415047,11.227203243042714
building_77,amenity_place_of_worship,W91371849,"POLYGON ((11.2650689 43.761569, 11.2650054 43.7614755, 11.2649528 43.7613981, 11.2653996 43.7612396, 11.2654362 43.7612934, 11.265569 43.7612463, 11.2656409 43.761352, 11.265515 43.7613967, 11.2655232 43.7614088, 11.265417 43.7614464, 11.2654391 43.761479, 11.26537 43.7615035, 11.2653475 43.7614702, 11.2650689 43.761569))",43.761393719175125,11.265284668604036
building_78,amenity_place_of_worship,W92372471,"POLYGON ((11.2354691 43.7518229, 11.2354396 43.7518326, 11.2354007 43.7517687, 11.2353672 43.7517745, 11.2353376 43.7517667, 11.2353216 43.7517493, 11.2353202 43.7517251, 11.2353376 43.7517144, 11.2353591 43.7517037, 11.2353894 43.7517123, 11.2354074 43.7517086, 11.2353926 43.7516776, 11.2354101 43.751666, 11.2353336 43.751664, 11.2353229 43.7515952, 11.2353725 43.7515885, 11.2353672 43.7515836, 11.2353524 43.7515836, 11.235347 43.7515565, 11.2353832 43.7515536, 11.2353873 43.7514654, 11.2354811 43.7514683, 11.2354785 43.7515555, 11.2354356 43.7515517, 11.2354369 43.7515604, 11.2354624 43.7515633, 11.2354624 43.7515846, 11.2354288 43.7515846, 11.2354476 43.7515962, 11.2354449 43.7516631, 11.2355039 43.7516456, 11.235563 43.7516476, 11.235622 43.7516592, 11.2356716 43.7516727, 11.2357158 43.751695, 11.2357588 43.7517231, 11.2357923 43.7517619, 11.2358191 43.7518045, 11.2358245 43.7518219, 11.23563 43.751882, 11.2356193 43.7518607, 11.2356032 43.751883, 11.2355871 43.7518965, 11.2355536 43.7519072, 11.23552 43.7519062, 11.2354932 43.7518965, 11.2354771 43.7518772, 11.2354731 43.7518636, 11.2354691 43.7518452, 11.2354691 43.7518229))",43.75172791155686,11.235541849105877
building_79,amenity_place_of_worship,W98315398,"POLYGON ((11.2990988 43.7554042, 11.2990599 43.75532, 11.2990964 43.7553112, 11.2991607 43.7552989, 11.2991502 43.755273, 11.2992718 43.7552483, 11.299325 43.7552371, 11.2994235 43.755217, 11.2994367 43.7552569, 11.2994931 43.7552408, 11.2995167 43.7553165, 11.299421 43.7553459, 11.2991542 43.7553919, 11.2991376 43.7553948, 11.2990988 43.7554042))",43.75531038762175,11.299290819355955
building_80,amenity_place_of_worship,W102979678,"POLYGON ((11.2667185 43.7727073, 11.266666 43.7726419, 11.2666487 43.7726496, 11.2666091 43.7726056, 11.2665544 43.7725449, 11.2665716 43.7725377, 11.2665189 43.7724753, 11.2663695 43.7725443, 11.2661834 43.772629, 11.2659838 43.7727215, 11.2660012 43.7727448, 11.2659968 43.7727587, 11.2660191 43.7727855, 11.2660351 43.7727872, 11.2661406 43.7728963, 11.2661354 43.7729164, 11.2661526 43.7729369, 11.2661737 43.7729395, 11.2661884 43.7729583, 11.2663875 43.7728629, 11.2665731 43.7727777, 11.2667185 43.7727073))",43.772718288862634,11.266346291923838
building_81,amenity_place_of_worship,W102979682,"POLYGON ((11.2397632 43.7397189, 11.2400316 43.7396863, 11.2400398 43.7397213, 11.2400904 43.7397152, 11.2401069 43.7397861, 11.2400699 43.7397906, 11.2400794 43.7398311, 11.2400169 43.7398388, 11.2399593 43.7398457, 11.2397973 43.7398655, 11.2397632 43.7397189))",43.73977449443751,11.239929522222464
building_82,amenity_place_of_worship,W105883386,"POLYGON ((11.2533784 43.7897281, 11.2535887 43.7896818, 11.2535977 43.7896915, 11.2537681 43.7896522, 11.2537604 43.789641, 11.253865 43.7896169, 11.253839 43.7895561, 11.2538453 43.7895311, 11.2538332 43.789505, 11.2537977 43.7894886, 11.2537713 43.7894338, 11.2536716 43.7894589, 11.2536681 43.7894492, 11.2535053 43.7894862, 11.253512 43.7894979, 11.2533044 43.7895456, 11.2533227 43.7895881, 11.2532344 43.789608, 11.2533004 43.7897642, 11.2533864 43.7897457, 11.2533784 43.7897281))",43.78959337403097,11.253551684519762
building_83,amenity_place_of_worship,W110355063,"POLYGON ((11.2299284 43.7964955, 11.2300034 43.7966236, 11.2304701 43.7964793, 11.230507 43.7964683, 11.2304286 43.7963323, 11.2303881 43.7963447, 11.2301294 43.7964305, 11.2301211 43.7964164, 11.2300164 43.7964484, 11.2300265 43.7964656, 11.2299284 43.7964955))",43.79647812228028,11.230216250475912
building_84,amenity_place_of_worship,W110550849,"POLYGON ((11.254487 43.7927604, 11.2546471 43.7927271, 11.2547368 43.7927081, 11.2547776 43.7928082, 11.2545757 43.7928511, 11.2545338 43.7928598, 11.2545233 43.7928334, 11.2544631 43.7928459, 11.2544386 43.7927845, 11.2544922 43.7927734, 11.254487 43.7927604))",43.79278714177169,11.254614760259967
building_85,amenity_place_of_worship,W111183867,"POLYGON ((11.2546938 43.7838437, 11.2547373 43.7837423, 11.2547909 43.7837544, 11.2548006 43.7837277, 11.2550143 43.783773, 11.2549969 43.7838253, 11.2550143 43.7838486, 11.2550023 43.7838757, 11.2549661 43.7838873, 11.2549446 43.7839318, 11.2547327 43.7838805, 11.2547434 43.7838524, 11.2546938 43.7838437))",43.783825668422224,11.254861421101188
building_86,amenity_place_of_worship,W111620491,"POLYGON ((11.2563647 43.7818265, 11.2564428 43.7819151, 11.2565962 43.7818442, 11.256602 43.7818505, 11.2567039 43.7818022, 11.2566852 43.7817815, 11.2567015 43.7817738, 11.2566473 43.7817141, 11.2566298 43.7817224, 11.2566094 43.7817, 11.2565078 43.7817482, 11.2565147 43.7817558, 11.2563647 43.7818265))",43.78180650322448,11.25654053390395
building_87,amenity_place_of_worship,W111666624,"POLYGON ((11.2676806 43.7864479, 11.2676959 43.7864321, 11.2677104 43.7864331, 11.267725 43.7864301, 11.2677342 43.7864216, 11.2677357 43.7864072, 11.2677302 43.7863984, 11.2677453 43.786381, 11.267543 43.7862838, 11.2674859 43.7863486, 11.2676088 43.7864112, 11.2676806 43.7864479))",43.78636756592759,11.267618563654691
building_88,amenity_school,W114414677,"POLYGON ((11.2106042 43.7906155, 11.2108991 43.7908963, 11.2109425 43.7909376, 11.2113708 43.79067, 11.2112778 43.7905887, 11.2109164 43.7908041, 11.2106616 43.7905813, 11.2106042 43.7906155))",43.79074943771174,11.211010345637376
building_89,amenity_place_of_worship,W117836981,"POLYGON ((11.2430061 43.7767856, 11.2433913 43.7765857, 11.2433628 43.7765522, 11.2434165 43.7765258, 11.2433479 43.776453, 11.2432927 43.7764805, 11.2432619 43.7764483, 11.2428648 43.7766391, 11.2429002 43.7766737, 11.2428892 43.7766803, 11.242963 43.776757, 11.2429756 43.776751, 11.2430061 43.7767856))",43.7766094755869,11.243141346582469
building_90,amenity_place_of_worship,W117837005,"POLYGON ((11.2430277 43.7760845, 11.2430926 43.7761524, 11.2430068 43.7761937, 11.2430212 43.7762091, 11.2429598 43.7762391, 11.2429454 43.7762237, 11.2428883 43.7762512, 11.242825 43.7761863, 11.242883 43.7761577, 11.242867 43.7761421, 11.2429291 43.7761113, 11.242945 43.7761281, 11.2430277 43.7760845))",43.776169292877974,11.24295715413162
building_91,amenity_place_of_worship,W118416085,"POLYGON ((11.2439607 43.7702347, 11.2440304 43.7702173, 11.2441123 43.7701969, 11.2442124 43.7701719, 11.2442699 43.7701576, 11.2441913 43.7699889, 11.244128 43.7698506, 11.2441138 43.7698205, 11.2440613 43.7697056, 11.2439911 43.7697225, 11.2438177 43.7697639, 11.2437501 43.76978, 11.2437934 43.7698748, 11.2437991 43.7698874, 11.2438183 43.7699295, 11.2438795 43.7700637, 11.2439607 43.7702347))",43.76996965682566,11.244009714149335
building_92,amenity_place_of_worship,W118425485,"POLYGON ((11.2441197 43.7682193, 11.243989 43.7677923, 11.2440364 43.7677858, 11.2440591 43.7677827, 11.2440483 43.7677444, 11.2441112 43.767735, 11.2440924 43.7676675, 11.2441973 43.7676528, 11.2442096 43.767647, 11.2441978 43.7675965, 11.2441708 43.7675203, 11.2440365 43.7675397, 11.2440178 43.7674874, 11.2439504 43.7674962, 11.2438465 43.7675098, 11.2438376 43.7674706, 11.2438168 43.7674744, 11.24377 43.7674437, 11.2437253 43.7674523, 11.2436972 43.7674908, 11.243678 43.7674957, 11.24369 43.7675322, 11.2435311 43.7675697, 11.2435798 43.7677937, 11.2437005 43.7677736, 11.2438602 43.7682635, 11.2441197 43.7682193))",43.76780089218439,11.24387954207839
building_93,amenity_school,W119745444,"POLYGON ((11.2362403 43.8100196, 11.2371949 43.809288, 11.2375758 43.8095318, 11.2377152 43.8096286, 11.2378923 43.8096286, 11.2380693 43.8097409, 11.2383447 43.8099892, 11.2380443 43.8101479, 11.2384126 43.8106351, 11.2373255 43.8109725, 11.2362403 43.8100196))",43.81015412345074,11.237377322845047
building_94,amenity_place_of_worship,W120394012,"POLYGON ((11.249442 43.8071723, 11.2494572 43.8071575, 11.2494864 43.8071553, 11.2495145 43.8071717, 11.2495828 43.8071478, 11.2497019 43.8071054, 11.2497563 43.8071863, 11.2496196 43.8072362, 11.2496355 43.8072628, 11.2495929 43.8072781, 11.2495755 43.807268, 11.2495692 43.8072821, 11.2495524 43.8072949, 11.2495276 43.807298, 11.2495149 43.8072944, 11.2495008 43.8072836, 11.2494707 43.8072933, 11.2494479 43.8072962, 11.249426 43.8072942, 11.2494109 43.8072867, 11.2493928 43.8072735, 11.2493877 43.8072563, 11.2493897 43.8072315, 11.2494115 43.8072113, 11.2494458 43.8071964, 11.2494421 43.8071918, 11.249442 43.8071723))",43.80720972606856,11.249561486326392
building_95,amenity_school,W151011583,"POLYGON ((11.2717539 43.7770833, 11.2715086 43.7769631, 11.2716476 43.7768153, 11.2716918 43.7767683, 11.27178 43.7768093, 11.2717904 43.7768166, 11.271737 43.7768734, 11.2717094 43.7768599, 11.2716736 43.776898, 11.2718479 43.7769835, 11.2717539 43.7770833))",43.77693771850961,11.271682732405429
building_96,amenity_place_of_worship,W153269054,"POLYGON ((11.2915653 43.7604398, 11.2915593 43.7603072, 11.2915974 43.7603062, 11.2915895 43.760148, 11.2915509 43.760149, 11.2915478 43.7600866, 11.2921109 43.7600721, 11.292102 43.7598934, 11.2923944 43.7598904, 11.2923954 43.759936, 11.2921839 43.7599417, 11.2922026 43.76032, 11.2922631 43.7603184, 11.2922676 43.7604099, 11.2920681 43.7604151, 11.2920651 43.7603545, 11.291789 43.7603616, 11.291786 43.7604323, 11.2915653 43.7604398))",43.760212800791884,11.291923131206767
building_97,amenity_school,W153570847,"POLYGON ((11.2935388 43.7604769, 11.294022 43.7605107, 11.2940481 43.7604476, 11.2943797 43.7604962, 11.2943627 43.7605346, 11.294461 43.7605493, 11.2945395 43.7602064, 11.2940695 43.7601822, 11.2935859 43.7601573, 11.2935388 43.7604769))",43.76033612057877,11.294027185497669
building_98,amenity_school,W153570854,"POLYGON ((11.2928252 43.7604269, 11.2935388 43.7604769, 11.2935859 43.7601573, 11.2940695 43.7601822, 11.2941223 43.7597738, 11.2928307 43.7597115, 11.292829 43.7599244, 11.2929358 43.7599228, 11.2929273 43.7602812, 11.2928264 43.7602826, 11.2928252 43.7604269))",43.76005046815621,11.29340732951782
building_99,amenity_place_of_worship,W155223641,"POLYGON ((11.2775839 43.7738658, 11.2776771 43.7740269, 11.2779062 43.7739554, 11.2780379 43.7739115, 11.2781786 43.7738693, 11.2782048 43.7738147, 11.2781476 43.7737173, 11.2780898 43.7737024, 11.2775839 43.7738658))",43.77385969934502,11.277901018549674
building_100,amenity_place_of_worship,W159394659,"POLYGON ((11.2523808 43.7668921, 11.2526283 43.766694, 11.2526481 43.766707, 11.2527572 43.7666113, 11.2527771 43.7666243, 11.2527697 43.7666308, 11.2528391 43.7666747, 11.2528555 43.7666849, 11.2527522 43.7667721, 11.2527769 43.7667889, 11.2525463 43.7669794, 11.2523808 43.7668921))",43.76680444621632,11.252622126049461
building_101,amenity_place_of_worship,W161591474,"POLYGON ((11.2167072 43.7778891, 11.2169057 43.7777937, 11.2167405 43.7776263, 11.2167154 43.7776392, 11.2166747 43.777598, 11.2167486 43.7775602, 11.2167038 43.7775127, 11.216645 43.777455, 11.216562 43.7774977, 11.2165018 43.7774367, 11.2163888 43.7774949, 11.21644 43.7775468, 11.2163543 43.7775909, 11.2164691 43.7777073, 11.216529 43.7776764, 11.2165547 43.7777024, 11.2165348 43.7777126, 11.2167072 43.7778891))",43.777654392800336,11.21662389738487
building_102,amenity_place_of_worship,W163989186,"POLYGON ((11.2475674 43.8317753, 11.2476492 43.83174, 11.2476674 43.8317621, 11.247795 43.8317071, 11.2478307 43.8317502, 11.2478866 43.8317261, 11.2479463 43.8317982, 11.2478374 43.8318452, 11.247822 43.8318267, 11.2477778 43.8318458, 11.2477547 43.831818, 11.2477401 43.8318244, 11.2477647 43.8318541, 11.2476675 43.8318961, 11.2475674 43.8317753))",43.83179536336019,11.247750593100255
building_103,amenity_place_of_worship,W166821303,"POLYGON ((11.254841 43.7730897, 11.2547951 43.7730901, 11.254797 43.7732087, 11.2548429 43.7732083, 11.2549665 43.7732994, 11.2550586 43.7732999, 11.255138 43.7733, 11.2552652 43.7732054, 11.2552644 43.7731424, 11.2552638 43.7730869, 11.255139 43.7729963, 11.2550524 43.7729961, 11.2549693 43.7729957, 11.254841 43.7730897))",43.773147960468755,11.255041658939753
building_104,amenity_place_of_worship,W167273908,"POLYGON ((11.245938 43.7723252, 11.2458763 43.7723657, 11.2457268 43.7724665, 11.2457459 43.7724812, 11.2459564 43.7726396, 11.2458412 43.7727082, 11.2458785 43.7727398, 11.2459289 43.7727833, 11.2459941 43.7728396, 11.2461223 43.7727581, 11.2461715 43.7727969, 11.2461902 43.7727846, 11.2462955 43.7728684, 11.2464015 43.7727989, 11.2462867 43.7727076, 11.2463011 43.772698, 11.2463676 43.7726563, 11.2463888 43.7726718, 11.2464561 43.7726269, 11.2464723 43.772617, 11.2464032 43.7725652, 11.2464652 43.7725247, 11.2463894 43.7724657, 11.2463718 43.7724765, 11.2463419 43.7724989, 11.2462797 43.7724496, 11.2461784 43.7725174, 11.2460214 43.7723915, 11.245938 43.7723252))",43.772601400587384,11.246105111619588
building_105,amenity_place_of_worship,W172887311,"POLYGON ((11.2473068 43.785162, 11.2472118 43.7853201, 11.2472509 43.7853323, 11.2472237 43.7853775, 11.2469471 43.7852909, 11.2470684 43.7850891, 11.2471553 43.7849461, 11.2473078 43.7849944, 11.2473175 43.7849784, 11.2473345 43.7849509, 11.2474188 43.7849779, 11.2473767 43.7850464, 11.2473068 43.785162))",43.785152546769815,11.247178674568817
building_106,amenity_school,W174890678,"POLYGON ((11.2388293 43.7921868, 11.2390513 43.7922323, 11.2391115 43.7920647, 11.2391775 43.7918924, 11.2393024 43.7915849, 11.2393276 43.791523, 11.239452 43.7912168, 11.2392325 43.7911704, 11.23896 43.7918586, 11.2388293 43.7921868))",43.791700447411934,11.239139680573142
building_107,amenity_school,W175274023,"POLYGON ((11.3022614 43.7629358, 11.3021445 43.7627225, 11.3023603 43.7626609, 11.3024772 43.7628741, 11.3022614 43.7629358))",43.76279833098592,11.302310844848401
building_108,amenity_place_of_worship,W179998044,"POLYGON ((11.2329143 43.8202151, 11.2327976 43.8202246, 11.2328013 43.8202465, 11.2327404 43.8202518, 11.2327367 43.8202299, 11.2325657 43.820241, 11.2325525 43.8202418, 11.2325267 43.8201105, 11.2325373 43.8201085, 11.2327254 43.8200937, 11.2327305 43.8201211, 11.2329626 43.8201161, 11.2329689 43.8201797, 11.2329117 43.820182, 11.2329143 43.8202151))",43.82016944279146,11.232730178779091
building_109,amenity_place_of_worship,W184781037,"POLYGON ((11.2649634 43.7596717, 11.2650737 43.759604, 11.2651183 43.7595731, 11.265184 43.7595308, 11.2653124 43.7594563, 11.2653892 43.7594068, 11.2654287 43.7593667, 11.2653751 43.7593272, 11.2653875 43.7593028, 11.2653855 43.75928, 11.2653704 43.7592582, 11.2653341 43.7592428, 11.2653053 43.7592398, 11.2652702 43.7592466, 11.2652534 43.7592309, 11.2647859 43.7595255, 11.2649634 43.7596717))",43.75944442582204,11.265118534306717
building_110,amenity_school,W185515116,"POLYGON ((11.2769721 43.7728031, 11.2772626 43.7732623, 11.2782014 43.7729844, 11.2786916 43.7728347, 11.2782711 43.7725662, 11.2782383 43.7725451, 11.2781995 43.7725276, 11.2781719 43.7725164, 11.2781357 43.7725052, 11.2781012 43.772499, 11.2780641 43.7724971, 11.2780133 43.7724984, 11.2779495 43.7725027, 11.2774941 43.7726424, 11.2774322 43.7726614, 11.2769721 43.7728031))",43.77284976877764,11.277765246529583
building_111,amenity_place_of_worship,W196374482,"POLYGON ((11.2864172 43.7720944, 11.286662 43.7720622, 11.2867277 43.772051, 11.2867352 43.7720736, 11.2867734 43.7720712, 11.2867835 43.7721072, 11.2868938 43.7720923, 11.2869693 43.7720828, 11.2869556 43.7720089, 11.2869169 43.7718565, 11.2867224 43.7718867, 11.2867442 43.7719601, 11.2863945 43.7720125, 11.2864172 43.7720944))",43.77200188393421,11.286739901023303
building_112,amenity_place_of_worship,W196374489,"POLYGON ((11.27827 43.7697365, 11.2785832 43.7697017, 11.2785257 43.7694053, 11.2786012 43.7693969, 11.278582 43.7692678, 11.2785876 43.769259, 11.278585 43.7692348, 11.2785507 43.7692103, 11.2784867 43.7692171, 11.2784829 43.7691888, 11.2784202 43.7691984, 11.2784151 43.7691806, 11.2783615 43.7691523, 11.2782939 43.7691551, 11.2782442 43.7691992, 11.2782446 43.7692126, 11.2781666 43.7692193, 11.2781702 43.7692483, 11.2781304 43.7692512, 11.2781031 43.7692772, 11.2781094 43.7693089, 11.2781266 43.7693178, 11.2781489 43.7694429, 11.2782168 43.7694355, 11.27827 43.7697365))",43.76943244508977,11.278374856565303
building_113,amenity_place_of_worship,W203496642,"POLYGON ((11.2654863 43.7678978, 11.2655978 43.7680665, 11.2656007 43.7680776, 11.2655228 43.7681035, 11.2655692 43.7681764, 11.2655785 43.7681909, 11.2654397 43.7682358, 11.2654017 43.7681754, 11.2653764 43.7681354, 11.2653444 43.7681459, 11.2652759 43.7680426, 11.2652325 43.7680576, 11.2651921 43.7679966, 11.2654863 43.7678978))",43.76805612133943,11.265424466892442
building_114,amenity_place_of_worship,W211889271,"POLYGON ((11.3195281 43.7840071, 11.3195498 43.7839963, 11.3195983 43.7840383, 11.3197766 43.7839366, 11.3197185 43.7838835, 11.3196618 43.7839159, 11.3196619 43.7839104, 11.3196356 43.7838855, 11.3196033 43.7838827, 11.319587 43.7838917, 11.3195347 43.7838464, 11.3194415 43.7839025, 11.319491 43.7839454, 11.3194766 43.783954, 11.3194788 43.7839785, 11.3195018 43.7839991, 11.3195281 43.7840071))",43.78394093156963,11.319597028555721
building_115,amenity_place_of_worship,W222500622,"POLYGON ((11.3025696 43.7769102, 11.302598 43.7769751, 11.3027587 43.7769402, 11.3027319 43.7768744, 11.3025696 43.7769102))",43.77692489119446,11.302664627829135
building_116,amenity_school,W222560147,"POLYGON ((11.2870351 43.7720725, 11.2869534 43.7717939, 11.2869988 43.7717872, 11.2874537 43.7717198, 11.2875356 43.7719943, 11.2870351 43.7720725))",43.77189528200153,11.287243885766028
building_117,amenity_place_of_worship,W225706552,"POLYGON ((11.2587415 43.7782531, 11.2589579 43.7785272, 11.2589956 43.7785117, 11.2590754 43.7786127, 11.259101 43.7786021, 11.2591313 43.7786172, 11.2591656 43.778621, 11.2592037 43.7786111, 11.2592295 43.7785858, 11.2592231 43.7785547, 11.2592446 43.7785459, 11.259219 43.7785131, 11.2591607 43.7784396, 11.2591817 43.778431, 11.2590505 43.7782648, 11.2589678 43.77816, 11.2587415 43.7782531))",43.77839179627121,11.259003816870004
building_118,amenity_place_of_worship,W234428743,"POLYGON ((11.2619243 43.7772589, 11.2618203 43.7773212, 11.2618695 43.7773667, 11.2617805 43.777423, 11.2617386 43.7773893, 11.2616097 43.7774568, 11.2614041 43.7772772, 11.2614676 43.7772313, 11.2613715 43.777164, 11.261328 43.7771958, 11.2610354 43.7769672, 11.2610853 43.7769322, 11.2609774 43.7768506, 11.2608635 43.7769229, 11.2608031 43.7768794, 11.2607925 43.7768719, 11.2607695 43.7768536, 11.2611222 43.7766219, 11.2611452 43.7766387, 11.261457 43.7768685, 11.261483 43.77689, 11.2617188 43.777076, 11.2619243 43.7772589))",43.77703822770576,11.261390243602396
building_119,amenity_place_of_worship,W234429576,"POLYGON ((11.255355 43.7706226, 11.2553646 43.7707323, 11.2554685 43.7707271, 11.2555342 43.7707239, 11.2556262 43.7707193, 11.2556227 43.7706823, 11.255616 43.7706102, 11.255355 43.7706226))",43.770671126158376,11.255490336580936
building_120,amenity_place_of_worship,W234429578,"POLYGON ((11.2521085 43.7724695, 11.2521079 43.7723334, 11.2519479 43.7723338, 11.2519476 43.7722728, 11.2519279 43.7722728, 11.2518195 43.772273, 11.2517843 43.7722731, 11.2517844 43.7723003, 11.2514743 43.7723004, 11.2514798 43.7724948, 11.2515205 43.772495, 11.2515203 43.7725333, 11.2517811 43.7725328, 11.2517812 43.772557, 11.25194 43.7725567, 11.2519398 43.772516, 11.2519699 43.772516, 11.2519698 43.7724698, 11.2521085 43.7724695))",43.77241280335495,11.251775126878652
building_121,amenity_place_of_worship,W234429579,"POLYGON ((11.2531979 43.7733846, 11.2531978 43.7731735, 11.2531418 43.7731754, 11.2528263 43.7731787, 11.2528279 43.7732695, 11.2528295 43.7733583, 11.2531979 43.7733846))",43.77327405066139,11.253017748117008
building_122,amenity_place_of_worship,W235899199,"POLYGON ((11.2294928 43.8074144, 11.2298115 43.8072683, 11.2297968 43.8072517, 11.2298477 43.8072283, 11.2299602 43.8073561, 11.2299162 43.8073762, 11.229901 43.8073589, 11.2295688 43.8075113, 11.2295843 43.8075289, 11.2295507 43.8075443, 11.2294953 43.8075698, 11.2294581 43.8075276, 11.2294242 43.8075431, 11.2293939 43.8075086, 11.2294263 43.8074938, 11.229384 43.8074457, 11.2294811 43.8074012, 11.2294928 43.8074144))",43.80740358849338,11.229661176976016
building_123,amenity_place_of_worship,W238431529,"POLYGON ((11.2582542 43.7683405, 11.2583299 43.768478, 11.2586607 43.768383, 11.258593 43.7682734, 11.2585384 43.768289, 11.2584943 43.7682716, 11.2582542 43.7683405))",43.76836644744866,11.258451753824506
building_124,amenity_place_of_worship,W248105010,"POLYGON ((11.2004945 43.7573074, 11.2005252 43.7573508, 11.2005786 43.7574262, 11.2006125 43.7574741, 11.2006577 43.7575381, 11.2010976 43.7573659, 11.2009352 43.7571411, 11.2007704 43.7572006, 11.2007343 43.7571539, 11.2008698 43.7571037, 11.2008369 43.7570537, 11.2008673 43.7570416, 11.2008388 43.7569955, 11.2006919 43.757048, 11.2006845 43.7570384, 11.200504 43.7571112, 11.2005802 43.7572149, 11.200707 43.7571677, 11.2007404 43.7572149, 11.2004945 43.7573074))",43.757281875603816,11.200770801066357
building_125,amenity_place_of_worship,W249686037,"POLYGON ((11.2577547 43.7703901, 11.257767 43.7705686, 11.2576982 43.7705709, 11.2576977 43.7705868, 11.2576896 43.7705858, 11.2576872 43.7706217, 11.2575869 43.7706228, 11.2575058 43.7706197, 11.2575268 43.7706099, 11.2575265 43.7705765, 11.2574869 43.7705585, 11.2573481 43.7705588, 11.2573479 43.7704474, 11.2574579 43.770447, 11.2574556 43.7703903, 11.2577547 43.7703901))",43.77049710652685,11.257576178561555
building_126,amenity_place_of_worship,W256479677,"POLYGON ((11.2559897 43.810117, 11.2559143 43.8100212, 11.255633 43.8101364, 11.2557085 43.8102324, 11.255806 43.8101925, 11.2558798 43.810162, 11.2559897 43.810117))",43.810126780175395,11.2558113068839
building_127,amenity_place_of_worship,W256481519,"POLYGON ((11.2165492 43.7497122, 11.216533 43.7496864, 11.2165545 43.7496798, 11.2165495 43.749671, 11.216466 43.7495274, 11.2164417 43.7495403, 11.2164043 43.7494806, 11.2162945 43.7495164, 11.2163033 43.7495305, 11.2164418 43.7497512, 11.2165492 43.7497122))",43.74961391489553,11.216431448973845
building_128,amenity_place_of_worship,W256482765,"POLYGON ((11.1901446 43.7795031, 11.1901098 43.7794017, 11.1898744 43.7794437, 11.1899024 43.7795254, 11.1900075 43.7795067, 11.190011 43.7795171, 11.1900143 43.7795263, 11.1901446 43.7795031))",43.7794684179676,11.190014338807101
building_129,amenity_place_of_worship,W266213439,"POLYGON ((11.2579826 43.7738291, 11.2578332 43.773956, 11.2578929 43.7739931, 11.2579491 43.7740279, 11.2579533 43.7740246, 11.2581015 43.7739084, 11.2581244 43.7739264, 11.2581888 43.773878, 11.2581995 43.7738867, 11.2582718 43.7738423, 11.2581995 43.7737869, 11.2582212 43.7737704, 11.2581881 43.7737451, 11.2581378 43.7737172, 11.2580788 43.7737705, 11.2580292 43.7737329, 11.2579931 43.7737638, 11.2579375 43.7738023, 11.2579826 43.7738291))",43.773864810325904,11.258050448317897
building_130,amenity_school,W268365659,"POLYGON ((11.3070933 43.7607661, 11.3071476 43.7605934, 11.3073989 43.7606346, 11.3073446 43.7608073, 11.3070933 43.7607661))",43.76070034999999,11.307246100000002
building_131,amenity_place_of_worship,W268393680,"POLYGON ((11.3065807 43.7612048, 11.3067307 43.7612297, 11.3066739 43.7614081, 11.306524 43.7613832, 11.3065807 43.7612048))",43.76130644076647,11.306627329100351
building_132,amenity_place_of_worship,W271886235,"POLYGON ((11.2249883 43.7697851, 11.225121 43.7696577, 11.2252512 43.7697284, 11.2253093 43.769671, 11.2255027 43.7697784, 11.2254456 43.7698309, 11.2255037 43.769866, 11.2254756 43.7698965, 11.2254158 43.7699525, 11.22537 43.7699972, 11.2252963 43.7699597, 11.2252426 43.7700057, 11.2252237 43.7699955, 11.2250702 43.7699069, 11.2251238 43.7698589, 11.2249883 43.7697851))",43.769828868512576,11.22525967708626
building_133,amenity_place_of_worship,W273658839,"POLYGON ((11.2838824 43.7592037, 11.283948 43.7592161, 11.2839651 43.7591732, 11.2840837 43.7590459, 11.2841414 43.7590155, 11.2841024 43.7589771, 11.2840297 43.7590087, 11.2840209 43.7589678, 11.2839983 43.758933, 11.2839572 43.7589001, 11.283927 43.7588857, 11.2838936 43.7588755, 11.2838586 43.75887, 11.2838227 43.7588693, 11.2838153 43.7588471, 11.2837641 43.7588547, 11.2837727 43.7588768, 11.2837539 43.7588818, 11.2837255 43.7588934, 11.2836409 43.7588559, 11.2835634 43.7589375, 11.2835771 43.7589439, 11.2836463 43.7589755, 11.2836413 43.7589966, 11.2836405 43.7590138, 11.2836111 43.7590187, 11.2836222 43.7590593, 11.2836514 43.759056, 11.2836609 43.7590723, 11.28369 43.7591033, 11.2837199 43.7591229, 11.2837549 43.7591377, 11.2837968 43.7591474, 11.2838406 43.7591501, 11.2838795 43.7591464, 11.2839167 43.7591372, 11.2839027 43.7591563, 11.2838824 43.7592037))",43.7590125788257,11.283840295073968
building_134,amenity_school,W274268492,"POLYGON ((11.2466932 43.7878495, 11.2467323 43.7878229, 11.2464511 43.7876077, 11.246317 43.7876991, 11.2465981 43.7879142, 11.2466932 43.7878495))",43.787760969581356,11.24652462663557
building_135,amenity_place_of_worship,W276186307,"POLYGON ((11.3132161 43.7667036, 11.3131906 43.7666047, 11.3131832 43.7665752, 11.3132019 43.7665679, 11.3131948 43.7665429, 11.3132137 43.7665619, 11.3132664 43.7665543, 11.3133294 43.7665436, 11.3134256 43.7665297, 11.31346 43.7665233, 11.3135418 43.7665124, 11.3135699 43.7666164, 11.3134724 43.7666302, 11.3134809 43.7666616, 11.3134113 43.7666715, 11.3134027 43.7666398, 11.3132485 43.7666616, 11.3132582 43.7666977, 11.3132161 43.7667036))",43.76659701324874,11.313374350035737
building_136,amenity_place_of_worship,W276191579,"POLYGON ((11.3075732 43.7831427, 11.3075881 43.7831703, 11.3076268 43.7832422, 11.3076755 43.7832288, 11.3077091 43.7832782, 11.3079092 43.7832201, 11.3079075 43.7831982, 11.3079346 43.7831899, 11.3078607 43.7830569, 11.3078394 43.7830633, 11.3075732 43.7831427))",43.783169824272775,11.307762353928956
building_137,amenity_place_of_worship,W276538575,"POLYGON ((11.2670717 43.7449068, 11.2671255 43.7448342, 11.2673883 43.7449359, 11.2673749 43.7449479, 11.2674237 43.7449758, 11.2674107 43.7449921, 11.2673942 43.7450127, 11.2673437 43.7449961, 11.2673345 43.7450085, 11.2670717 43.7449068))",43.74492741441073,11.267245041280216
building_138,amenity_place_of_worship,W280818144,"POLYGON ((11.1767147 43.7968054, 11.1767635 43.7967918, 11.1767997 43.7968009, 11.1768454 43.7967873, 11.1768595 43.7967543, 11.176902 43.7967384, 11.1768139 43.796618, 11.1767761 43.7966339, 11.1767604 43.7965998, 11.1767179 43.7965907, 11.1766518 43.7966214, 11.176636 43.7966452, 11.1766785 43.7966986, 11.176647 43.7967089, 11.1767147 43.7968054))",43.796701462070324,11.176759699656655
building_139,amenity_place_of_worship,W294480509,"POLYGON ((11.22595 43.7905376, 11.2261456 43.7904597, 11.2262551 43.7904161, 11.2263018 43.7903975, 11.2263574 43.7904702, 11.2262882 43.7904983, 11.2262305 43.7905214, 11.2260055 43.7906103, 11.22595 43.7905376))",43.79050400076524,11.226153891405286
building_140,amenity_place_of_worship,W303278550,"POLYGON ((11.2646814 43.7743542, 11.2646199 43.7742737, 11.2645634 43.7741998, 11.2646331 43.7741687, 11.2646217 43.7741551, 11.2646736 43.7741335, 11.2649148 43.7740332, 11.2650353 43.7739831, 11.2650466 43.7739994, 11.2650676 43.7740295, 11.2652122 43.7739749, 11.2652902 43.7740818, 11.2651459 43.7741383, 11.2650027 43.7741927, 11.2650322 43.7742293, 11.2649865 43.7742471, 11.2649023 43.7742812, 11.2647507 43.7743374, 11.2647432 43.7743262, 11.2646814 43.7743542))",43.77415507099459,11.264905186774557
building_141,amenity_school,W303674889,"POLYGON ((11.3012156 43.7816302, 11.3011933 43.7812132, 11.3000836 43.7812457, 11.3001049 43.7813711, 11.3004075 43.7813728, 11.3004053 43.7814537, 11.3005552 43.7814737, 11.3006492 43.7816048, 11.3012156 43.7816302))",43.781395571330755,11.300769304968764
building_142,amenity_place_of_worship,W303676895,"POLYGON ((11.3184576 43.7863153, 11.3183687 43.7862537, 11.3184916 43.7861613, 11.3185804 43.7862228, 11.3184576 43.7863153))",43.786238286402,11.318474562309516
building_143,amenity_place_of_worship,W303679773,"POLYGON ((11.3215642 43.7827524, 11.3215551 43.7826787, 11.3214933 43.7826826, 11.3214862 43.7826248, 11.3214048 43.78263, 11.3214163 43.7827231, 11.3213629 43.7827502, 11.3213645 43.7827647, 11.3215642 43.7827524))",43.78270463184206,11.321468892461674
building_144,amenity_place_of_worship,W305428829,"POLYGON ((11.2370972 43.7648787, 11.2370424 43.7647877, 11.2367999 43.7648639, 11.23685 43.7649471, 11.2368547 43.7649549, 11.2368694 43.7649503, 11.2369362 43.7649293, 11.2370473 43.7648944, 11.2370972 43.7648787))",43.76487130596731,11.236948552505105
building_145,amenity_place_of_worship,W305428855,"POLYGON ((11.2307809 43.7713876, 11.230729 43.7712947, 11.2311086 43.7711929, 11.2311556 43.771285, 11.2307809 43.7713876))",43.77129014128065,11.230942850825173
building_146,amenity_place_of_worship,W305428863,"POLYGON ((11.2319052 43.7670238, 11.2318774 43.7669507, 11.2321245 43.7669017, 11.2321523 43.7669748, 11.2321409 43.766977, 11.2319367 43.7670175, 11.2319052 43.7670238))",43.76696272680741,11.232014835891034
building_147,amenity_place_of_worship,W305673944,"POLYGON ((11.2254269 43.7715284, 11.2253846 43.771458, 11.2256518 43.7713743, 11.2256815 43.7714238, 11.2256936 43.7714456, 11.2255627 43.7714872, 11.2254836 43.7715107, 11.2254269 43.7715284))",43.77145157076619,11.225539752975756
building_148,amenity_place_of_worship,W305673947,"POLYGON ((11.235164 43.7727759, 11.2351668 43.7727849, 11.2352399 43.773032, 11.2354242 43.7730047, 11.2353664 43.7727936, 11.2353505 43.7727433, 11.2353146 43.772749, 11.2353018 43.7727074, 11.2352641 43.7727135, 11.235216 43.7727213, 11.2351907 43.7727254, 11.2352044 43.7727694, 11.235164 43.7727759))",43.77287478023022,11.235291414205847
building_149,amenity_place_of_worship,W305675324,"POLYGON ((11.2064474 43.7696021, 11.2065547 43.7695871, 11.2065624 43.7696078, 11.2066088 43.7697323, 11.2066831 43.7697178, 11.2066867 43.7697277, 11.2067095 43.7697883, 11.2067139 43.7697999, 11.2066541 43.7698116, 11.2066783 43.7698758, 11.2065637 43.7698983, 11.2065393 43.7698332, 11.2064728 43.7698462, 11.2064445 43.7697709, 11.2065076 43.7697586, 11.2064703 43.7696594, 11.2064474 43.7696021))",43.769753533865575,11.206566497710485
building_150,amenity_place_of_worship,W305675331,"POLYGON ((11.2147991 43.7703091, 11.214801 43.7702395, 11.2150365 43.7702434, 11.2150362 43.7702697, 11.2150338 43.7703124, 11.2147991 43.7703091))",43.770276075923626,11.214917616506844
building_151,amenity_place_of_worship,W305675335,"POLYGON ((11.2152932 43.7702102, 11.2154143 43.7702062, 11.2154189 43.7702876, 11.2154352 43.7702878, 11.2154507 43.770288, 11.2154499 43.7703196, 11.2156473 43.7703221, 11.2156436 43.7704759, 11.2156832 43.7704764, 11.2156825 43.7705019, 11.2158033 43.7705034, 11.2158016 43.7705745, 11.2156895 43.7705731, 11.2156889 43.7705995, 11.2156449 43.770599, 11.2156441 43.7706271, 11.2152175 43.7706205, 11.2152181 43.7705231, 11.2152183 43.7705098, 11.2152595 43.7705102, 11.2152627 43.7703011, 11.2152631 43.7702881, 11.2152959 43.7702885, 11.2152932 43.7702102))",43.770459863109956,11.215459642342948
building_152,amenity_place_of_worship,W305675339,"POLYGON ((11.2121648 43.7598887, 11.212108 43.7598191, 11.2123122 43.7597322, 11.2123286 43.7597522, 11.2123432 43.7597492, 11.2123563 43.7597554, 11.2123662 43.7597657, 11.2123641 43.7597768, 11.2123575 43.7597878, 11.212369 43.7598018, 11.2121648 43.7598887))",43.75980887618847,11.212242396001175
building_153,amenity_place_of_worship,W305676969,"POLYGON ((11.2079054 43.7637373, 11.207892 43.7637044, 11.2078464 43.763716, 11.2078326 43.7637019, 11.2078621 43.7636186, 11.207787 43.7635315, 11.2076663 43.7635121, 11.2076184 43.7634545, 11.2074679 43.7635254, 11.2074862 43.7635527, 11.2075161 43.7635392, 11.2075433 43.763561, 11.2075192 43.7636521, 11.2075301 43.7636678, 11.2075778 43.7637368, 11.2077092 43.7637562, 11.2077226 43.7637678, 11.2076828 43.7637915, 11.2077253 43.7638201, 11.2077655 43.763791, 11.2078487 43.7637523, 11.2079054 43.7637373))",43.76363428135773,11.207685933235801
building_154,amenity_place_of_worship,W305676973,"POLYGON ((11.2169915 43.7464029, 11.2169783 43.7463489, 11.2172383 43.7463157, 11.2172515 43.7463697, 11.2169915 43.7464029))",43.7463593,11.217114900000002
building_155,amenity_place_of_worship,W305677295,"POLYGON ((11.2394497 43.7526565, 11.239401 43.752592, 11.2392319 43.752368, 11.2392194 43.7523515, 11.2393419 43.7523033, 11.2393723 43.7523436, 11.23938 43.7523537, 11.2395722 43.7526082, 11.2394497 43.7526565))",43.75247989115941,11.23939582279225
building_156,amenity_place_of_worship,W305677297,"POLYGON ((11.2392672 43.7576577, 11.23932 43.7576141, 11.2393102 43.7576086, 11.2392733 43.7575875, 11.2392877 43.7575743, 11.2390168 43.7574352, 11.2389257 43.7575308, 11.2389833 43.7575587, 11.2390074 43.7575374, 11.2392107 43.7576366, 11.2392175 43.7576286, 11.2392672 43.7576577))",43.757546267519594,11.239122224266655
building_157,amenity_place_of_worship,W305680883,"POLYGON ((11.2552609 43.7596815, 11.2551801 43.7596975, 11.2552136 43.7597854, 11.2554668 43.7597351, 11.2554604 43.7597181, 11.2555049 43.7597093, 11.2554862 43.75966, 11.2554415 43.7596688, 11.2554333 43.7596473, 11.2552609 43.7596815))",43.759713878861,11.255336916661781
building_158,amenity_place_of_worship,W305680949,"POLYGON ((11.2543522 43.7461873, 11.2544826 43.7462136, 11.2544057 43.746413, 11.2542957 43.7463909, 11.2543007 43.7463779, 11.2542803 43.7463738, 11.2543522 43.7461873))",43.7462993240051,11.254379880119675
building_159,amenity_place_of_worship,W305683142,"POLYGON ((11.2473335 43.7654893, 11.2474247 43.7655275, 11.2474675 43.765474, 11.247513 43.7654931, 11.2476246 43.7653541, 11.2478277 43.7651011, 11.2477386 43.7650638, 11.2476694 43.7650349, 11.24765 43.7650267, 11.2474277 43.7653036, 11.2473362 43.7654176, 11.2473773 43.7654348, 11.2473335 43.7654893))",43.765274299097065,11.247569809158534
building_160,amenity_place_of_worship,W305683536,"POLYGON ((11.2556323 43.7746656, 11.2556716 43.7747281, 11.255722 43.7748082, 11.2554688 43.7748912, 11.2553181 43.7749406, 11.2552492 43.774831, 11.2552285 43.7747981, 11.255243 43.7747933, 11.2556323 43.7746656))",43.77480311147557,11.255475238342953
building_161,amenity_place_of_worship,W305689921,"POLYGON ((11.3211364 43.7828451, 11.3210506 43.7827425, 11.3211266 43.7827097, 11.3212839 43.7826418, 11.3213295 43.7826379, 11.321343 43.7826495, 11.321364 43.7826429, 11.3214048 43.78263, 11.3214163 43.7827231, 11.3213629 43.7827502, 11.3211364 43.7828451))",43.78273105765673,11.321242599916037
building_162,amenity_place_of_worship,W305689924,"POLYGON ((11.3223695 43.7678612, 11.3223484 43.7679163, 11.3223437 43.7679288, 11.322496 43.7679592, 11.3225031 43.7679406, 11.3225557 43.7679511, 11.3225745 43.7679021, 11.3225483 43.7678969, 11.3223695 43.7678612))",43.76791243352413,11.322453975153397
building_163,amenity_place_of_worship,W305689932,"POLYGON ((11.3147619 43.7855772, 11.314844 43.7855949, 11.3148757 43.7855186, 11.3147936 43.7855009, 11.3147619 43.7855772))",43.785547900000005,11.314818800000001
building_164,amenity_place_of_worship,W305721105,"POLYGON ((11.2882932 43.767949, 11.2882852 43.7679055, 11.2883118 43.767903, 11.2882956 43.7678138, 11.2882652 43.7678167, 11.2882581 43.7677773, 11.2886309 43.7677418, 11.2886383 43.7677823, 11.2886655 43.7677797, 11.2886583 43.7677405, 11.2887408 43.7677326, 11.2887728 43.7679078, 11.2887041 43.7679143, 11.2886941 43.7678594, 11.2886665 43.7678621, 11.2886757 43.7679127, 11.2882932 43.767949))",43.76784023709822,11.288519052869946
building_165,amenity_place_of_worship,W305721113,"POLYGON ((11.297647 43.7718445, 11.2975709 43.7717411, 11.2976567 43.7717082, 11.297633 43.771676, 11.297825 43.7716024, 11.2978442 43.7716285, 11.2979313 43.771595, 11.2980114 43.7717038, 11.2979339 43.7717335, 11.2979558 43.7717633, 11.2977663 43.771836, 11.2977449 43.7718069, 11.297647 43.7718445))",43.771720180953146,11.29779250214048
building_166,amenity_place_of_worship,W305721125,"POLYGON ((11.3001204 43.7815571, 11.3001282 43.7814942, 11.3001589 43.7814962, 11.3002947 43.781505, 11.3002869 43.7815679, 11.3001807 43.781561, 11.3001204 43.7815571))",43.78153104945169,11.300207551962849
building_167,amenity_place_of_worship,W305725580,"POLYGON ((11.2598541 43.811585, 11.2599772 43.8115591, 11.2600014 43.8116191, 11.2600627 43.8117709, 11.2600681 43.8117845, 11.2600428 43.8118224, 11.2600001 43.8118356, 11.259979 43.8118309, 11.2599628 43.8118273, 11.259945 43.8118104, 11.2598746 43.8116358, 11.2598541 43.811585))",43.811696811502635,11.259965594916924
building_168,amenity_place_of_worship,W305727652,"POLYGON ((11.2534011 43.8235567, 11.2533834 43.8235301, 11.2533529 43.8235407, 11.2532653 43.8234091, 11.2533674 43.8233737, 11.2534556 43.823506, 11.2534255 43.8235165, 11.2534427 43.8235423, 11.2534011 43.8235567))",43.82346327853829,11.253364320949933
building_169,amenity_place_of_worship,W305727654,"POLYGON ((11.2479927 43.8315852, 11.2477585 43.8316414, 11.2477263 43.8315717, 11.2478257 43.8315478, 11.2479605 43.8315155, 11.2479927 43.8315852))",43.831578439765245,11.247859493268619
building_170,amenity_place_of_worship,W305733351,"POLYGON ((11.2726077 43.8058416, 11.2726283 43.8058521, 11.2727311 43.8057467, 11.2727603 43.8057167, 11.2727347 43.8057037, 11.2727577 43.8056801, 11.2726841 43.8056427, 11.2726593 43.8056682, 11.2726415 43.8056591, 11.2726172 43.8056841, 11.2725113 43.8057927, 11.272531 43.8058027, 11.2724965 43.8058371, 11.2724724 43.8058738, 11.2725475 43.8059106, 11.272572 43.8058772, 11.2726077 43.8058416))",43.805771386109946,11.272619375686698
building_171,amenity_place_of_worship,W305733379,"POLYGON ((11.2616751 43.7906555, 11.2617077 43.7905859, 11.2618832 43.7906288, 11.2618506 43.7906984, 11.2616751 43.7906555))",43.790642150000004,11.26177915
building_172,amenity_place_of_worship,W305820359,"POLYGON ((11.23541 43.810877, 11.2354929 43.8108326, 11.2351556 43.8105671, 11.2351002 43.8106047, 11.2351228 43.8106351, 11.234753 43.8108779, 11.2349717 43.811051, 11.2353427 43.8108306, 11.23541 43.810877))",43.81081978470178,11.235104574186963
building_173,amenity_place_of_worship,W305820983,"POLYGON ((11.2426389 43.7917577, 11.2427217 43.7916822, 11.2424803 43.7915442, 11.2424756 43.7915486, 11.2424543 43.7915388, 11.2424298 43.7915401, 11.2424059 43.7915485, 11.242387 43.7915653, 11.2423815 43.7915814, 11.2423859 43.7916009, 11.242402 43.7916156, 11.2423974 43.7916198, 11.2426389 43.7917577))",43.7916419822328,11.242543994414103
building_174,amenity_place_of_worship,W305822221,"POLYGON ((11.2417497 43.8135783, 11.2416785 43.8134915, 11.2417814 43.8134475, 11.242088 43.8133166, 11.2421592 43.8134034, 11.2417497 43.8135783))",43.81344744373876,11.241918834940547
building_175,amenity_place_of_worship,W305822225,"POLYGON ((11.2407438 43.8187812, 11.2407487 43.8187252, 11.2410851 43.818732, 11.2410835 43.8187896, 11.2407438 43.8187812))",43.81875706441832,11.240916028062925
building_176,amenity_place_of_worship,W305870361,"POLYGON ((11.2740562 43.7980015, 11.2740016 43.7979353, 11.2740755 43.7979035, 11.2742009 43.7978496, 11.2742555 43.7979158, 11.274179 43.7979487, 11.2740562 43.7980015))",43.79792554705553,11.274128546374428
building_177,amenity_place_of_worship,W305870368,"POLYGON ((11.2830617 43.7838907, 11.2830137 43.7838286, 11.2829554 43.783753, 11.2829085 43.7836923, 11.2829937 43.783658, 11.2831052 43.7836128, 11.2832876 43.7835394, 11.2833538 43.7835129, 11.2834014 43.7835747, 11.2834134 43.7835699, 11.283472 43.7836459, 11.283479 43.783655, 11.2835051 43.7836445, 11.283545 43.7836964, 11.2834434 43.7837372, 11.2832594 43.783811, 11.2831466 43.7838565, 11.2830617 43.7838907))",43.783700292156205,11.283216774000879
building_178,amenity_place_of_worship,W305870412,"POLYGON ((11.2753159 43.7890436, 11.2752239 43.788929, 11.2751955 43.7889408, 11.275114 43.7888393, 11.2751373 43.7888295, 11.2749953 43.7886526, 11.2751876 43.7885721, 11.2752381 43.788635, 11.2753221 43.7887397, 11.2753506 43.7887278, 11.2754375 43.7888361, 11.2754067 43.788849, 11.2755008 43.7889662, 11.2754769 43.7889762, 11.2753159 43.7890436))",43.788808725792784,11.275250955909483
building_179,amenity_place_of_worship,W305870422,"POLYGON ((11.2721168 43.7944034, 11.2720921 43.7943182, 11.2718601 43.7943533, 11.2718848 43.7944385, 11.2721168 43.7944034))",43.794378349999995,11.27198845
building_180,amenity_place_of_worship,W305870435,"POLYGON ((11.2905714 43.7815561, 11.2904236 43.7813668, 11.2904422 43.7813588, 11.2903155 43.7811949, 11.2902505 43.78122, 11.2902333 43.7811968, 11.2900935 43.7812545, 11.2901138 43.7812802, 11.2900519 43.7813053, 11.2901788 43.7814696, 11.2901986 43.7814614, 11.2903481 43.7816509, 11.2905714 43.7815561))",43.7814127819597,11.290310224957024
building_181,amenity_place_of_worship,W305870459,"POLYGON ((11.269261 43.7913003, 11.2693139 43.7913397, 11.269178 43.7914348, 11.2692427 43.791483, 11.2690761 43.7915996, 11.2688991 43.7914678, 11.2690323 43.7913745, 11.2690573 43.7913932, 11.2690787 43.7913782, 11.2691131 43.7914038, 11.269261 43.7913003))",43.791456970542995,11.269100904747539
building_182,amenity_place_of_worship,W305954407,"POLYGON ((11.230275 43.7376316, 11.2302948 43.7375752, 11.2304131 43.7375969, 11.2304244 43.7375649, 11.2305029 43.7375793, 11.2304888 43.7376196, 11.2305314 43.7376274, 11.230515 43.7376742, 11.2304723 43.7376664, 11.2304587 43.7377048, 11.2303706 43.7376887, 11.2303836 43.7376515, 11.230275 43.7376316))",43.737629537142645,11.230412367924234
building_183,amenity_place_of_worship,W305954414,"POLYGON ((11.2292842 43.7441553, 11.2294663 43.7441007, 11.2294126 43.7439078, 11.2293961 43.7438485, 11.2292144 43.743868, 11.2292842 43.7441553))",43.743994622391384,11.229338669271895
building_184,amenity_place_of_worship,W305954432,"POLYGON ((11.23887 43.7655052, 11.2387984 43.7654466, 11.2388992 43.7653824, 11.2388847 43.7653705, 11.2389418 43.7653341, 11.2389532 43.7653268, 11.2389697 43.7653402, 11.2390235 43.7653059, 11.2390884 43.765359, 11.2390353 43.7653928, 11.2390587 43.765412, 11.2389905 43.7654555, 11.2389719 43.7654402, 11.23887 43.7655052))",43.765404347910625,11.238947673308246
building_185,amenity_place_of_worship,W306137815,"POLYGON ((11.1725888 43.7965239, 11.1725633 43.7964227, 11.1724219 43.7964414, 11.1723018 43.7964564, 11.1723047 43.7964735, 11.1722493 43.7964799, 11.1722681 43.7965623, 11.1723643 43.7965497, 11.1723699 43.7965719, 11.1724409 43.7965625, 11.1724363 43.796544, 11.1725888 43.7965239))",43.79649689546305,11.172420991276395
building_186,amenity_place_of_worship,W306137826,"POLYGON ((11.181192 43.7985442, 11.1811543 43.798495, 11.1812189 43.7984692, 11.1812566 43.7985184, 11.1812323 43.7985281, 11.181192 43.7985442))",43.79850669909287,11.181205449170605
building_187,amenity_place_of_worship,W306137842,"POLYGON ((11.1644615 43.7940014, 11.1644562 43.7939336, 11.1643894 43.7939335, 11.1644237 43.7940016, 11.1644615 43.7940014))",43.79396439553816,11.164431767083476
building_188,amenity_place_of_worship,W306137850,"POLYGON ((11.1792013 43.7970042, 11.1791624 43.7969522, 11.179444 43.7968419, 11.17948 43.7968876, 11.1792462 43.7969867, 11.1792013 43.7970042))",43.79692296500078,11.179319116248724
building_189,amenity_place_of_worship,W306145135,"POLYGON ((11.2739401 43.7617897, 11.273906 43.7615637, 11.2738811 43.7615657, 11.2738698 43.7614907, 11.2737411 43.7615008, 11.2737522 43.7615743, 11.2737233 43.7615765, 11.273757 43.7618036, 11.2739401 43.7617897))",43.76165521147955,11.273827717618108
building_190,amenity_place_of_worship,W306156992,"POLYGON ((11.2580588 43.7721528, 11.2580579 43.7722099, 11.2580689 43.7722099, 11.2580956 43.7722103, 11.2582217 43.7722121, 11.2582925 43.7722128, 11.2582936 43.772155, 11.2581338 43.7721534, 11.2580588 43.7721528))",43.77218261944418,11.258175998525147
building_191,amenity_place_of_worship,W306156995,"POLYGON ((11.2582838 43.7701453, 11.2582212 43.7699876, 11.2582177 43.7699779, 11.2581295 43.7699962, 11.2580684 43.7700089, 11.2581124 43.7701083, 11.2581304 43.770149, 11.2582838 43.7701453))",43.770069471296146,11.258176932737255
building_192,amenity_place_of_worship,W306219386,"POLYGON ((11.1965024 43.7972186, 11.1965423 43.7971465, 11.1967166 43.7971983, 11.1966828 43.7972687, 11.1965154 43.7972222, 11.1965024 43.7972186))",43.79720799623003,11.19661032559108
building_193,amenity_place_of_worship,W306219390,"POLYGON ((11.1971853 43.797316, 11.1971283 43.7973003, 11.1971782 43.797162, 11.1972199 43.7971659, 11.1972072 43.7971971, 11.1973091 43.7972188, 11.1975042 43.7972562, 11.1975567 43.7972662, 11.1975494 43.7972853, 11.1975199 43.7973632, 11.1975116 43.7973852, 11.1974599 43.797375, 11.1974711 43.7973452, 11.197381 43.7973274, 11.1973483 43.797321, 11.1972146 43.7972946, 11.1971949 43.7972907, 11.1971876 43.79731, 11.1971853 43.797316))",43.7972745272533,11.19734051297301
building_194,amenity_place_of_worship,W306219405,"POLYGON ((11.1917305 43.8006158, 11.1917037 43.8005907, 11.191701 43.8005558, 11.1917385 43.8005306, 11.1917949 43.8005345, 11.1918244 43.8005616, 11.191819 43.8005965, 11.1917841 43.8006197, 11.1917305 43.8006158))",43.800574808183306,11.191762143672273
building_195,amenity_place_of_worship,W306219411,"POLYGON ((11.1935246 43.795073, 11.1935568 43.7950711, 11.1935836 43.7950478, 11.1935893 43.7950208, 11.1936212 43.7949917, 11.1934859 43.7949137, 11.1934647 43.7949007, 11.1934354 43.7948843, 11.1933693 43.7948466, 11.1933516 43.7948623, 11.1933178 43.7948426, 11.1932463 43.7949105, 11.1932781 43.7949279, 11.1935246 43.795073))",43.79495585122415,11.193438681719304
building_196,amenity_place_of_worship,W306222199,"POLYGON ((11.2396392 43.7823071, 11.2396832 43.7821672, 11.2397158 43.7820638, 11.2397449 43.7820641, 11.2397656 43.7820581, 11.2397788 43.7820503, 11.2397881 43.7820368, 11.2397955 43.7820155, 11.2397959 43.781973, 11.2398217 43.7819691, 11.2398066 43.7819366, 11.2397536 43.7819435, 11.2397255 43.7819389, 11.23973 43.7819215, 11.2397246 43.7819034, 11.2397124 43.7818876, 11.2396991 43.7818799, 11.2396669 43.7818741, 11.2396455 43.7818783, 11.2396283 43.7818855, 11.2396228 43.7818878, 11.2396072 43.7818999, 11.2395922 43.7819171, 11.2395665 43.7819128, 11.2395592 43.7819362, 11.2395193 43.7819404, 11.2394957 43.7819555, 11.2394845 43.7819789, 11.2394791 43.7820044, 11.239493 43.7820211, 11.2395287 43.7820329, 11.2394934 43.7821451, 11.2394521 43.7822764, 11.2396392 43.7823071))",43.78208111946722,11.239616147162524
building_197,amenity_place_of_worship,W306222200,"POLYGON ((11.2434686 43.774563, 11.2435466 43.7746838, 11.243736 43.7746201, 11.2437198 43.774595, 11.2437886 43.7745719, 11.2437458 43.7745055, 11.2436727 43.7745301, 11.2436537 43.7745008, 11.2434686 43.774563))",43.77458501314159,11.243623825101036
building_198,amenity_place_of_worship,W306222212,"POLYGON ((11.2419835 43.7611058, 11.2419299 43.7610089, 11.2417009 43.7610601, 11.2416795 43.7610633, 11.2416688 43.761069, 11.2416587 43.7610804, 11.2417026 43.7611734, 11.2419835 43.7611058))",43.76109014852202,11.241817017671394
building_199,amenity_place_of_worship,W306223722,"POLYGON ((11.2828988 43.8208418, 11.2828701 43.8207317, 11.2830025 43.8207137, 11.2830713 43.8207044, 11.2830797 43.8207365, 11.2830963 43.8207369, 11.283118 43.8207461, 11.2831231 43.82076, 11.2831117 43.8207739, 11.2830918 43.8207828, 11.2831 43.8208144, 11.2828988 43.8208418))",43.82077223727374,11.282991082408557
building_200,amenity_place_of_worship,W306224639,"POLYGON ((11.1766835 43.7831271, 11.1766188 43.7830507, 11.1767305 43.7830013, 11.176818 43.7829627, 11.1768533 43.7829471, 11.1768749 43.7829485, 11.1768967 43.7829521, 11.1769124 43.7829662, 11.17692 43.7829831, 11.1769226 43.7829985, 11.1769228 43.7830123, 11.176918 43.7830234, 11.1766835 43.7831271))",43.78303221997892,11.17677887439834
building_201,amenity_place_of_worship,W306224641,"POLYGON ((11.1641502 43.7851027, 11.1641231 43.7850281, 11.164116 43.7850086, 11.163943 43.7850413, 11.1638574 43.7850575, 11.1638342 43.7850619, 11.1638401 43.7850782, 11.1638203 43.7850915, 11.1638104 43.7851113, 11.1638153 43.785133, 11.1638395 43.7851501, 11.1638645 43.7851454, 11.1638684 43.7851561, 11.1639143 43.7851475, 11.1639726 43.7851363, 11.1641502 43.7851027))",43.78508502939062,11.163980398710205
building_202,amenity_place_of_worship,W306224655,"POLYGON ((11.1827762 43.7722404, 11.1825864 43.7723357, 11.182536 43.7722833, 11.1827259 43.772188, 11.1827514 43.7721814, 11.1827743 43.7721789, 11.1827996 43.7721866, 11.1828089 43.7721979, 11.1828089 43.7722144, 11.1827972 43.7722271, 11.1827762 43.7722404))",43.77225212114189,11.182676091470851
building_203,amenity_place_of_worship,W306224847,"POLYGON ((11.2999814 43.7668691, 11.2999546 43.7668166, 11.3000233 43.7667983, 11.3000596 43.7667886, 11.3000492 43.7667682, 11.3000385 43.7667469, 11.3001822 43.7667095, 11.3002044 43.7667538, 11.300274 43.7667357, 11.3002905 43.7667686, 11.3002996 43.7667865, 11.3002293 43.7668052, 11.3002496 43.766845, 11.3001703 43.7668661, 11.300149 43.7668245, 11.2999814 43.7668691))",43.76679362099944,11.300134224807783
building_204,amenity_place_of_worship,W306224850,"POLYGON ((11.2994445 43.7671193, 11.299323 43.7668984, 11.2996291 43.7668106, 11.2997483 43.7670312, 11.2994445 43.7671193))",43.76696479127028,11.29953606845321
building_205,amenity_place_of_worship,W306224995,"POLYGON ((11.1905829 43.7675827, 11.1904972 43.7675164, 11.1905204 43.7675003, 11.1905603 43.7674745, 11.190598 43.7674489, 11.1906192 43.7674651, 11.1906735 43.7674281, 11.190697 43.767412, 11.1907609 43.7674607, 11.1907177 43.7674902, 11.1907507 43.7675153, 11.1907158 43.7675392, 11.1906979 43.7675516, 11.1906655 43.7675266, 11.1905829 43.7675827))",43.76749914940169,11.190635997285286
building_206,amenity_place_of_worship,W306236841,"POLYGON ((11.2606577 43.7822442, 11.2605802 43.7821736, 11.2607503 43.7820626, 11.2608358 43.7820068, 11.2609066 43.782067, 11.2606577 43.7822442))",43.78212481303872,11.260742432284323
building_207,amenity_place_of_worship,W306240094,"POLYGON ((11.2618467 43.7770255, 11.2617531 43.7769301, 11.2616922 43.776971, 11.2617913 43.7770574, 11.2618467 43.7770255))",43.77699471078854,11.261769754743039
building_208,amenity_place_of_worship,W306240104,"POLYGON ((11.2563761 43.7773347, 11.2565111 43.7772888, 11.2564538 43.777201, 11.2564317 43.7771674, 11.2564062 43.7771309, 11.2563769 43.7771417, 11.2562743 43.7771777, 11.2563761 43.7773347))",43.77723312471981,11.256392452321952
building_209,amenity_school,W306368597,"POLYGON ((11.25576 43.7856727, 11.2559581 43.7852387, 11.2552008 43.7850665, 11.2551514 43.7851844, 11.2550103 43.7854965, 11.25576 43.7856727))",43.785368726852525,11.255483785952839
building_210,amenity_place_of_worship,W306368607,"POLYGON ((11.2653356 43.7851955, 11.2650248 43.7850448, 11.2649194 43.7851414, 11.2649268 43.7851452, 11.2650657 43.7852159, 11.2652288 43.7852984, 11.2653356 43.7851955))",43.78517074740741,11.26512818057761
building_211,amenity_place_of_worship,W306368608,"POLYGON ((11.2364388 43.7904339, 11.236648 43.790341, 11.2367472 43.7903855, 11.2367365 43.7904068, 11.2368649 43.7904626, 11.2370124 43.7906523, 11.2369806 43.7906682, 11.2370155 43.790705, 11.2368005 43.7907975, 11.2366932 43.7906717, 11.2366078 43.7905733, 11.2365756 43.7905094, 11.2365219 43.7905326, 11.2364388 43.7904339))",43.79055924983246,11.236750085681523
building_212,amenity_place_of_worship,W306368616,"POLYGON ((11.26535 43.7864302, 11.265322 43.7864026, 11.2652135 43.7864598, 11.2652617 43.7865074, 11.2653791 43.7866221, 11.2654155 43.7866583, 11.2654403 43.7866453, 11.2654541 43.7866529, 11.2654682 43.7866505, 11.265487 43.7866447, 11.265495 43.7866331, 11.2654926 43.7866185, 11.2655216 43.7866037, 11.2654941 43.7865755, 11.26535 43.7864302))",43.78653320478679,11.26537048775763
building_213,amenity_place_of_worship,W306378148,"POLYGON ((11.2440213 43.76331, 11.2439172 43.763244, 11.2439639 43.7632055, 11.2441101 43.7630852, 11.2442399 43.7631675, 11.2440778 43.7633008, 11.2440522 43.7632846, 11.2440213 43.76331))",43.76320246482823,11.244079468420578
building_214,amenity_place_of_worship,W306378155,"POLYGON ((11.2469441 43.7645927, 11.2470184 43.7646346, 11.2469036 43.7647407, 11.2468294 43.7646989, 11.2469441 43.7645927))",43.76466670870347,11.246923890073264
building_215,amenity_place_of_worship,W306378161,"POLYGON ((11.2441734 43.7655881, 11.2443955 43.7654717, 11.2443505 43.7653862, 11.2440949 43.7654991, 11.2441734 43.7655881))",43.765487170513886,11.244249741977832
building_216,amenity_place_of_worship,W306378565,"POLYGON ((11.2454207 43.7681407, 11.2453048 43.7679588, 11.2451929 43.7679956, 11.245294 43.7681473, 11.2453153 43.7681793, 11.2454207 43.7681407))",43.76806804453294,11.245307867493977
building_217,amenity_place_of_worship,W306395961,"POLYGON ((11.2551619 43.7812253, 11.2551959 43.7812667, 11.2552775 43.7813684, 11.2553122 43.7814125, 11.2554391 43.7813604, 11.2554582 43.7813846, 11.2554997 43.7813676, 11.2555907 43.7813294, 11.2556907 43.7812847, 11.2556648 43.7812513, 11.2556272 43.7812669, 11.2555147 43.7811297, 11.2555605 43.7811101, 11.255527 43.7810693, 11.2551619 43.7812253))",43.78125295604994,11.255416984304352
building_218,amenity_place_of_worship,W306395974,"POLYGON ((11.2537498 43.777869, 11.2538346 43.777975, 11.2541203 43.7778591, 11.2540622 43.7777669, 11.2537498 43.777869))",43.77786884172636,11.253936774786556
building_219,amenity_place_of_worship,W306396530,"POLYGON ((11.2507603 43.7783919, 11.2507329 43.7784394, 11.2508967 43.7785423, 11.2509418 43.7784965, 11.2507603 43.7783919))",43.77846836205893,11.2508350306616
building_220,amenity_place_of_worship,W306398157,"POLYGON ((11.2450654 43.7764974, 11.2452766 43.7765941, 11.2454496 43.7763971, 11.2452383 43.7763004, 11.2451187 43.7764367, 11.2450654 43.7764974))",43.77644724734551,11.245257487854913
building_221,amenity_place_of_worship,W306398158,"POLYGON ((11.244295 43.7770732, 11.2440285 43.7767887, 11.2439846 43.7767418, 11.2438707 43.7768223, 11.2439412 43.7768969, 11.2442739 43.777249, 11.2444053 43.7771909, 11.244295 43.7770732))",43.77700003541766,11.244133457065098
building_222,amenity_place_of_worship,W306486070,"POLYGON ((11.2635949 43.7755365, 11.2635115 43.7755795, 11.2634002 43.7754668, 11.2634836 43.7754238, 11.2635949 43.7755365))",43.77550165,11.263497549999999
building_223,amenity_place_of_worship,W306486077,"POLYGON ((11.2665329 43.7824788, 11.2666785 43.7825521, 11.2664933 43.7827458, 11.2663487 43.7826779, 11.2665329 43.7824788))",43.782613078644346,11.266513584815296
building_224,amenity_place_of_worship,W306486083,"POLYGON ((11.2639295 43.7739292, 11.2638076 43.7739866, 11.2636742 43.7738539, 11.2637686 43.7737745, 11.2639295 43.7739292))",43.77388543576743,11.26379681661919
building_225,amenity_place_of_worship,W306523259,"POLYGON ((11.2032019 43.7820527, 11.2030758 43.7819791, 11.203049 43.7819927, 11.2030302 43.781952, 11.2029792 43.7819714, 11.2029471 43.7818881, 11.202998 43.78189, 11.2030034 43.7818494, 11.2030268 43.7818503, 11.2033843 43.7818649, 11.2033387 43.7818958, 11.2033387 43.7819288, 11.2032019 43.7820527))",43.781928418410594,11.2031590352244
building_226,amenity_place_of_worship,W306523260,"POLYGON ((11.2174894 43.7753401, 11.217417 43.7752362, 11.217319 43.7752689, 11.2173905 43.7753752, 11.2174894 43.7753401))",43.77530532853858,11.217403968300198
building_227,amenity_place_of_worship,W306523267,"POLYGON ((11.192385 43.777921, 11.1923462 43.7778868, 11.1924034 43.7778529, 11.1924422 43.7778871, 11.192385 43.777921))",43.777886949999996,11.192394199999999
building_228,amenity_place_of_worship,W306523292,"POLYGON ((11.1950532 43.7790475, 11.1949442 43.7789566, 11.1949641 43.7789442, 11.1950716 43.7788501, 11.1951261 43.7788243, 11.1952231 43.7789109, 11.1951969 43.7789273, 11.1952364 43.7789603, 11.1951871 43.778991, 11.1951685 43.7789755, 11.1950532 43.7790475))",43.778937291618895,11.195093613963932
building_229,amenity_place_of_worship,W306694384,"POLYGON ((11.2570012 43.7655315, 11.2570795 43.7654906, 11.2570948 43.7655071, 11.2571676 43.7655766, 11.2572119 43.7656228, 11.2571174 43.7656722, 11.2570969 43.7656518, 11.2569855 43.7655396, 11.2570012 43.7655315))",43.76558149493279,11.257098947461369
building_230,amenity_place_of_worship,W306694385,"POLYGON ((11.2569437 43.7656912, 11.2569093 43.7656577, 11.2568954 43.7656654, 11.2567052 43.7654727, 11.2567801 43.7654119, 11.2569476 43.765604, 11.256996 43.7656595, 11.2569437 43.7656912))",43.76555283005456,11.256846661270014
building_231,amenity_place_of_worship,W306811250,"POLYGON ((11.2508411 43.7683143, 11.2508153 43.7682627, 11.250796 43.7682275, 11.2506866 43.7680173, 11.2505826 43.7680422, 11.2507454 43.7683427, 11.2507804 43.7683436, 11.2508184 43.7683336, 11.2508411 43.7683143))",43.768181389563104,11.250715085996902
building_232,amenity_place_of_worship,W306984416,"POLYGON ((11.2618519 43.7707106, 11.2617999 43.7706688, 11.2618278 43.7706584, 11.2616866 43.7705359, 11.2616414 43.7704966, 11.2615526 43.7705568, 11.2615864 43.7705796, 11.2617065 43.7706808, 11.2616377 43.7706942, 11.2616709 43.7707428, 11.2618519 43.7707106))",43.770628784191764,11.261701225855349
building_233,amenity_place_of_worship,W306985693,"POLYGON ((11.2716718 43.7696631, 11.2715911 43.7696607, 11.2715916 43.7696528, 11.2715663 43.7696515, 11.2714371 43.7696489, 11.2712945 43.7696434, 11.2712844 43.7697535, 11.2714103 43.7697567, 11.271467 43.7697583, 11.2715752 43.7697611, 11.2715759 43.7697458, 11.2716464 43.7697477, 11.271667 43.7697483, 11.2716718 43.7696631))",43.76970308880397,11.271471461580427
building_234,amenity_place_of_worship,W306985708,"POLYGON ((11.2733538 43.7723123, 11.2733986 43.7723825, 11.2734065 43.7723949, 11.2733214 43.7724229, 11.2732114 43.7724591, 11.2731475 43.7723579, 11.2732593 43.7723211, 11.2733418 43.7722935, 11.2733538 43.7723123))",43.772376406922675,11.273276907798946
building_235,amenity_place_of_worship,W307106630,"POLYGON ((11.2595586 43.7681019, 11.2595194 43.7680211, 11.2591817 43.7681272, 11.2592395 43.7682097, 11.2595586 43.7681019))",43.76811537913266,11.259372439982862
building_236,amenity_place_of_worship,W307126295,"POLYGON ((11.2607597 43.7697698, 11.2606393 43.7696525, 11.2605277 43.7697103, 11.2604823 43.7697337, 11.2604391 43.7697561, 11.260397 43.7697778, 11.2603447 43.7698049, 11.2602862 43.7698351, 11.2602595 43.7698489, 11.2603158 43.7699056, 11.2603698 43.7699601, 11.2607597 43.7697698))",43.769806853888404,11.260509239526787
building_237,amenity_place_of_worship,W307276572,"POLYGON ((11.2672283 43.771546, 11.2671911 43.771445, 11.2672778 43.7714446, 11.2673011 43.7715263, 11.2672283 43.771546))",43.77148997222274,11.267247876972133
building_238,amenity_place_of_worship,W307276585,"POLYGON ((11.2662124 43.7716451, 11.2662251 43.7716714, 11.2661633 43.7717225, 11.2661346 43.7716625, 11.2662124 43.7716451))",43.77167760666498,11.266179319458438
building_239,amenity_place_of_worship,W307281119,"POLYGON ((11.2610045 43.772947, 11.2609073 43.7730037, 11.2610156 43.7731059, 11.2612204 43.7730038, 11.2611724 43.7729346, 11.2611072 43.7729485, 11.2610401 43.7729805, 11.2610045 43.772947))",43.773012261811594,11.261063317429858
building_240,amenity_place_of_worship,W307536232,"POLYGON ((11.2111543 43.7967376, 11.2111221 43.7966854, 11.2111356 43.7966811, 11.2112374 43.7966484, 11.2113583 43.7966095, 11.2113906 43.7966617, 11.2113027 43.79669, 11.2111543 43.7967376))",43.796673571020534,11.21125636826889
building_241,amenity_place_of_worship,W307536233,"POLYGON ((11.2114142 43.7966993, 11.2114446 43.7966899, 11.2115196 43.7968173, 11.2112086 43.7969127, 11.2111337 43.7967855, 11.2113248 43.7967269, 11.2114142 43.7966993))",43.7968013749127,11.21132667734191
building_242,amenity_place_of_worship,W307536890,"POLYGON ((11.2254298 43.7884316, 11.2254813 43.7883391, 11.2254654 43.7883286, 11.2254623 43.7883116, 11.2254705 43.788296, 11.2254891 43.7882844, 11.2255143 43.7882855, 11.2255691 43.7881939, 11.2257569 43.7882483, 11.2257079 43.7883364, 11.2257349 43.7883442, 11.2256952 43.7884154, 11.2256664 43.7884076, 11.2256224 43.7884866, 11.2254298 43.7884316))",43.7883409920645,11.22559514229049
building_243,amenity_place_of_worship,W307536891,"POLYGON ((11.2186899 43.7960393, 11.2187378 43.7961509, 11.2184784 43.7962089, 11.2184305 43.7960973, 11.2186899 43.7960393))",43.79612410000001,11.21858415
building_244,amenity_place_of_worship,W307539768,"POLYGON ((11.2649 43.7680453, 11.2648404 43.7680681, 11.2649057 43.7681572, 11.2649654 43.7681344, 11.2649 43.7680453))",43.76810125908547,11.264902883796132
building_245,amenity_place_of_worship,W307544546,"POLYGON ((11.2565331 43.7715008, 11.2565326 43.7716187, 11.2565229 43.771646, 11.2565145 43.7716946, 11.2565117 43.7717061, 11.2565358 43.7717061, 11.2565305 43.7717835, 11.2566217 43.7717816, 11.2566539 43.7717797, 11.256664 43.7714985, 11.2565331 43.7715008))",43.77163997486593,11.256593893987946
building_246,amenity_place_of_worship,W307545799,"POLYGON ((11.2571329 43.7713147, 11.2571342 43.7712333, 11.2572854 43.771229, 11.2572896 43.7712905, 11.2572908 43.771309, 11.2572387 43.7713108, 11.2571329 43.7713147))",43.77127177935038,11.257210650750707
building_247,amenity_place_of_worship,W325947925,"POLYGON ((11.278497 43.7808934, 11.2786399 43.7808163, 11.2785939 43.78077, 11.2786234 43.7807525, 11.2786336 43.7807268, 11.2786279 43.7807095, 11.2786389 43.7807017, 11.2785601 43.7806286, 11.2785319 43.780601, 11.2785024 43.7806126, 11.2784917 43.7805971, 11.2784434 43.7805933, 11.2784166 43.7806068, 11.2783924 43.7805797, 11.2783227 43.7805681, 11.278253 43.7806049, 11.2782422 43.7806552, 11.2782771 43.7806843, 11.2782556 43.7806959, 11.2782476 43.780723, 11.2782691 43.7807424, 11.2782395 43.7807598, 11.2783495 43.7808663, 11.2783763 43.7808508, 11.2783951 43.7808644, 11.2784276 43.7808644, 11.2784521 43.7808513, 11.278497 43.7808934))",43.78072640856356,11.2784340237945
building_248,amenity_school,W326103673,"POLYGON ((11.3080472 43.7814133, 11.308122 43.7812996, 11.3081664 43.7812272, 11.3083102 43.7811422, 11.3083905 43.7810724, 11.3082867 43.7810001, 11.3082394 43.7809654, 11.3082307 43.7809593, 11.3081197 43.7808775, 11.3080748 43.7809162, 11.3076288 43.7812312, 11.3076502 43.7813048, 11.3080472 43.7814133))",43.78116034665051,11.308009167007455
building_249,amenity_school,W332564545,"POLYGON ((11.2875192 43.7675335, 11.2869862 43.7665548, 11.2870248 43.7665346, 11.2885696 43.7667173, 11.2884483 43.7675541, 11.2875192 43.7675335))",43.76704350265039,11.287855533062814
building_250,amenity_place_of_worship,W361442655,"POLYGON ((11.2581912 43.7696617, 11.2581587 43.7695795, 11.2580528 43.7696013, 11.2580855 43.769684, 11.2578234 43.769738, 11.2578792 43.7698792, 11.2582683 43.769799, 11.2583602 43.7697801, 11.2583043 43.7696386, 11.2582762 43.7696444, 11.2582121 43.7696574, 11.2581912 43.7696617))",43.7697444509394,11.258095337762683
building_251,amenity_school,W361730648,"POLYGON ((11.2512184 43.8043202, 11.2514777 43.8044522, 11.2516542 43.8042716, 11.2513948 43.8041396, 11.2512184 43.8043202))",43.80429589819474,11.251436282854588
building_252,amenity_place_of_worship,W374062078,"POLYGON ((11.3007176 43.7593544, 11.3007433 43.7592896, 11.3009549 43.759334, 11.3009274 43.7594022, 11.3009218 43.7594178, 11.3008438 43.7594016, 11.3008514 43.7593823, 11.3007176 43.7593544))",43.759349607126055,11.300841071419361
building_253,amenity_place_of_worship,W374064985,"POLYGON ((11.2921077 43.7520376, 11.2920712 43.7519878, 11.292188 43.751943, 11.2922246 43.7519928, 11.2921077 43.7520376))",43.75199030052862,11.292147882884626
building_254,amenity_place_of_worship,W374065004,"POLYGON ((11.2842788 43.7507313, 11.2841922 43.7505894, 11.2845123 43.7504864, 11.2845943 43.7504608, 11.2846075 43.7504821, 11.2846317 43.7505199, 11.2846578 43.7505112, 11.2846877 43.7505101, 11.284704 43.7505335, 11.2846501 43.7505517, 11.2846605 43.7505689, 11.2846174 43.7505824, 11.2845975 43.7506298, 11.2845652 43.7506401, 11.2842788 43.7507313))",43.750593946171584,11.284435521782537
building_255,amenity_place_of_worship,W374101998,"POLYGON ((11.2571247 43.7401611, 11.2571629 43.7401605, 11.2571621 43.7401346, 11.2573706 43.7401274, 11.2573771 43.7402349, 11.2571305 43.7402428, 11.2571247 43.7401611))",43.74018665953172,11.257254540284855
building_256,amenity_place_of_worship,W385164192,"POLYGON ((11.2598367 43.773336, 11.2599472 43.7732685, 11.2599949 43.7733093, 11.2601388 43.773431, 11.2601827 43.7734685, 11.2600943 43.7735225, 11.260062 43.7734939, 11.2600243 43.7735172, 11.2599978 43.7734948, 11.2600122 43.7734859, 11.2598367 43.773336))",43.773400637042776,11.26000811191701
building_257,amenity_place_of_worship,W386635694,"POLYGON ((11.1578044 43.7942173, 11.1578263 43.7941654, 11.1578906 43.794175, 11.1578929 43.7942348, 11.1578044 43.7942173))",43.794199707372655,11.157853683636192
building_258,amenity_place_of_worship,W389519611,"POLYGON ((11.2482034 43.7497317, 11.2483666 43.7494075, 11.2481976 43.7493631, 11.2480343 43.7496873, 11.2481146 43.7497084, 11.2482034 43.7497317))",43.74954741735513,11.248200465084922
building_259,amenity_school,W411451790,"POLYGON ((11.1945721 43.7947197, 11.1948665 43.7947619, 11.1948591 43.7947991, 11.1958106 43.7949226, 11.1953902 43.7955057, 11.1949664 43.7953315, 11.1946687 43.7956548, 11.1940705 43.7955232, 11.1945104 43.7950198, 11.1945721 43.7947197))",43.795178356909254,11.194924761992732
building_260,amenity_place_of_worship,W424427237,"POLYGON ((11.2801709 43.7694718, 11.2802135 43.7696281, 11.2803195 43.769613, 11.2802829 43.7694889, 11.2802485 43.7694596, 11.2801709 43.7694718))",43.769544485814585,11.280243844929895
building_261,amenity_place_of_worship,W442508011,"POLYGON ((11.2548026 43.7706708, 11.2548042 43.7706975, 11.2548047 43.7707064, 11.2548083 43.7707742, 11.2548112 43.7708283, 11.2552371 43.7708148, 11.255236 43.7707874, 11.2552326 43.7707072, 11.2552291 43.7706244, 11.2552281 43.7705996, 11.2547992 43.7706138, 11.2548026 43.7706708))",43.770713998118374,11.255019075040245
building_262,amenity_school,W443349396,"POLYGON ((11.2861639 43.7837523, 11.2863223 43.7835081, 11.2861479 43.7834461, 11.2860916 43.7833338, 11.287076 43.7831305, 11.2873817 43.7830976, 11.2880255 43.7838295, 11.2879847 43.7839249, 11.2865771 43.7842691, 11.2864027 43.7839438, 11.2863035 43.7838218, 11.2861639 43.7837523))",43.78366322633775,11.287025795021952
building_263,amenity_place_of_worship,W449369047,"POLYGON ((11.2492891 43.7750962, 11.2492874 43.7750359, 11.2492062 43.7750382, 11.2491161 43.7750424, 11.2491094 43.7749714, 11.2491323 43.7749705, 11.2491279 43.7749089, 11.2490489 43.7749119, 11.2490371 43.7747578, 11.2491806 43.7747511, 11.2491403 43.77423, 11.2491407 43.7742174, 11.2493449 43.7742135, 11.2495537 43.7742095, 11.2495683 43.7745511, 11.2495789 43.7747999, 11.2498028 43.7748013, 11.249754 43.7749903, 11.2496637 43.7749968, 11.2496663 43.7750924, 11.2494966 43.7750949, 11.2494956 43.7751387, 11.2492904 43.775143, 11.2492891 43.7750962))",43.77469922622843,11.249387462711745
building_264,amenity_place_of_worship,W451785463,"POLYGON ((11.2519592 43.7692271, 11.2520074 43.769309, 11.2520298 43.7693015, 11.2522166 43.769254, 11.2521975 43.7692174, 11.2522765 43.769198, 11.2522726 43.7691904, 11.2522837 43.7691868, 11.2523069 43.7691793, 11.2523188 43.7691713, 11.2523241 43.7691599, 11.2523162 43.7691465, 11.2523054 43.7691378, 11.2522523 43.769151, 11.2522364 43.7691201, 11.2520945 43.7691582, 11.2521061 43.7691845, 11.2519592 43.7692271))",43.76921299670044,11.252134708906093
building_265,amenity_place_of_worship,W457087936,"POLYGON ((11.2651996 43.7947287, 11.2653103 43.7947014, 11.2653327 43.7947486, 11.2654928 43.7947091, 11.2654751 43.7946716, 11.2655167 43.7946613, 11.2654752 43.7945739, 11.2654337 43.7945843, 11.2652717 43.7946249, 11.2651928 43.7946426, 11.2651628 43.794651, 11.2651996 43.7947287))",43.79466419368393,11.265354336704558
building_266,amenity_place_of_worship,W457400876,"POLYGON ((11.163011 43.7957428, 11.1629763 43.7956115, 11.1626092 43.795662, 11.1626438 43.7957932, 11.1627329 43.7957812, 11.162786 43.7957741, 11.163011 43.7957428))",43.795702473648056,11.162810110602804
building_267,amenity_school,W457400884,"POLYGON ((11.179317 43.7936519, 11.1806096 43.7937528, 11.180701 43.7941263, 11.1806793 43.7941807, 11.1806793 43.7942368, 11.1808083 43.7944148, 11.1796094 43.7948291, 11.1791665 43.7943608, 11.1791668 43.7940914, 11.1793087 43.7940045, 11.179317 43.7936519))",43.794189806307806,11.179928336258397
building_268,amenity_place_of_worship,W457976268,"POLYGON ((11.286339 43.8272987, 11.2863135 43.8271703, 11.2862512 43.8271767, 11.2862308 43.8271654, 11.2862207 43.8271504, 11.2862228 43.8271322, 11.2862386 43.8271129, 11.2864908 43.8270869, 11.2865288 43.8272791, 11.286339 43.8272987))",43.82718675803541,11.28639720340892
building_269,amenity_place_of_worship,W458974490,"POLYGON ((11.2501932 43.7935782, 11.2502898 43.7938938, 11.2502372 43.7939031, 11.2502696 43.7939892, 11.2503043 43.7940742, 11.2502343 43.7940893, 11.2502179 43.7940412, 11.2501819 43.7940447, 11.2501402 43.7940098, 11.2501112 43.7939255, 11.2500926 43.7939288, 11.2499846 43.7936156, 11.2501932 43.7935782))",43.7938067737823,11.250155528894132
building_270,amenity_place_of_worship,W461721836,"POLYGON ((11.1953386 43.7788392, 11.1951649 43.7784806, 11.1952339 43.7784632, 11.1952193 43.7784332, 11.1952872 43.7784161, 11.195301 43.7784445, 11.1953888 43.7784224, 11.1954664 43.7785825, 11.1955281 43.7785669, 11.1955474 43.7786069, 11.195489 43.7786216, 11.1955634 43.7787753, 11.1954689 43.7787992, 11.1954877 43.778838, 11.1954302 43.7788525, 11.1954145 43.7788201, 11.1953386 43.7788392))",43.778629276306496,11.19536744979209
building_271,amenity_place_of_worship,W462537264,"POLYGON ((11.2011793 43.7981115, 11.2011977 43.7980329, 11.2012792 43.7980429, 11.2012608 43.7981215, 11.2011793 43.7981115))",43.798077199999994,11.20122925
building_272,amenity_school,W463012255,"POLYGON ((11.1734663 43.7822743, 11.1742871 43.7830508, 11.1739093 43.7832736, 11.1730802 43.7837844, 11.1721252 43.7836395, 11.1726268 43.7830179, 11.1724861 43.7828983, 11.1728601 43.7826868, 11.1728145 43.78265, 11.1734663 43.7822743))",43.783098276505655,11.173207950859336
building_273,amenity_school,W464325177,"POLYGON ((11.2902772 43.782088, 11.2903122 43.7819159, 11.2910251 43.781669, 11.2911561 43.7818329, 11.2915675 43.7816739, 11.2915675 43.7815035, 11.291943 43.7813757, 11.2920503 43.7814124, 11.2918357 43.7827467, 11.2914334 43.7827739, 11.2902772 43.782088))",43.78210853656984,11.291317250206603
building_274,amenity_place_of_worship,W464509039,"POLYGON ((11.2953879 43.7778421, 11.2953576 43.7778069, 11.2953733 43.7777998, 11.2953461 43.7777682, 11.2952256 43.7776287, 11.2952 43.7776402, 11.2951602 43.7775942, 11.2952232 43.7775658, 11.2952242 43.7775545, 11.2952345 43.777542, 11.2952496 43.777531, 11.2952789 43.7775284, 11.2952945 43.7775337, 11.2953391 43.7775136, 11.2955573 43.7777661, 11.2955059 43.7777893, 11.2953879 43.7778421))",43.777672062742624,11.295364330992841
building_275,amenity_school,W464590399,"POLYGON ((11.1959288 43.7669582, 11.1966852 43.7681514, 11.1956713 43.7681824, 11.195615 43.7680972, 11.1953011 43.7681921, 11.1948961 43.7675045, 11.195328 43.7672837, 11.1954353 43.7672604, 11.1954111 43.7672159, 11.1959288 43.7669582))",43.76768431442644,11.195762963086267
building_276,amenity_school,W466071037,"POLYGON ((11.2799223 43.7566478, 11.279609 43.7561153, 11.2815159 43.7557549, 11.2816148 43.7561345, 11.2799223 43.7566478))",43.756175102318934,11.280603516214448
building_277,amenity_school,W473057255,"POLYGON ((11.2337766 43.7989421, 11.2345597 43.7995713, 11.2341012 43.7998617, 11.2339268 43.7996952, 11.2336906 43.7998365, 11.2334226 43.7995849, 11.23309 43.7997669, 11.2330551 43.7996701, 11.2330576 43.799612, 11.2337766 43.7989421))",43.79946129101906,11.23381863390326
building_278,amenity_school,W473796289,"POLYGON ((11.2238337 43.7881067, 11.2236104 43.7883764, 11.2234233 43.7882306, 11.2228027 43.7877358, 11.2243084 43.7872993, 11.2243701 43.7874367, 11.224177 43.7876517, 11.2242307 43.7876788, 11.2238337 43.7881067))",43.78779493850671,11.223637126848429
building_279,amenity_place_of_worship,W473819618,"POLYGON ((11.2238063 43.7995733, 11.2236354 43.7993774, 11.2237552 43.7993229, 11.2239261 43.7995188, 11.2238063 43.7995733))",43.7994481,11.223780750000001
building_280,amenity_place_of_worship,W474366870,"POLYGON ((11.2550237 43.7651577, 11.2547428 43.7653829, 11.2548226 43.7654467, 11.2551269 43.7652289, 11.2550839 43.7652, 11.2550539 43.7651748, 11.2550237 43.7651577))",43.76530050994769,11.254933878499722
building_281,amenity_place_of_worship,W474366885,"POLYGON ((11.2542764 43.7658384, 11.2541612 43.7657915, 11.2541382 43.7658307, 11.2540635 43.7658106, 11.2539741 43.7659453, 11.2538994 43.7660674, 11.2540684 43.7661095, 11.2542764 43.7658384))",43.76594921345738,11.254083623473818
building_282,amenity_place_of_worship,W477255389,"POLYGON ((11.246904 43.7719078, 11.2467464 43.771757, 11.2466726 43.7718072, 11.2467269 43.7718651, 11.2467109 43.7718749, 11.2467524 43.7719125, 11.2467685 43.7719057, 11.2468449 43.7719725, 11.2469307 43.771929, 11.2469294 43.7719202, 11.2469227 43.7719125, 11.246904 43.7719078))",43.771868724751414,11.246795726189317
building_283,amenity_place_of_worship,W478272186,"POLYGON ((11.2507701 43.7702929, 11.2508247 43.7703487, 11.2507349 43.770376, 11.2506939 43.7703214, 11.2506061 43.7703543, 11.2505568 43.7702784, 11.2505168 43.7702938, 11.2504927 43.7702611, 11.2504359 43.7701971, 11.2504668 43.7701832, 11.2505104 43.7701692, 11.2504454 43.7700786, 11.2506116 43.7700135, 11.2508758 43.7699008, 11.2509088 43.7699429, 11.2509259 43.7699344, 11.2510814 43.7701362, 11.2510724 43.7701402, 11.2510005 43.7701718, 11.2509708 43.7701357, 11.2507242 43.7702383, 11.2507322 43.7702478, 11.2507256 43.7702532, 11.2507701 43.7702929))",43.77012693149037,11.25073486307272
building_284,amenity_place_of_worship,W478715015,"POLYGON ((11.2608498 43.7825633, 11.2608975 43.7826297, 11.2607695 43.7826777, 11.2607218 43.7826112, 11.2608498 43.7825633))",43.78262048218632,11.260809639106403
building_285,amenity_place_of_worship,W480924534,"POLYGON ((11.2510803 43.7777442, 11.2513826 43.7778433, 11.2513445 43.7779071, 11.2511168 43.7778362, 11.2510456 43.7778137, 11.2510803 43.7777442))",43.77782654141194,11.251211762423805
building_286,amenity_place_of_worship,W484785562,"POLYGON ((11.2609195 43.7800183, 11.2607867 43.7800805, 11.2608334 43.7801426, 11.2609759 43.7803311, 11.2610176 43.7803879, 11.2610386 43.7803783, 11.2610677 43.7803657, 11.2612148 43.7803074, 11.2610078 43.78003, 11.2609494 43.7800549, 11.2609195 43.7800183))",43.78019727330012,11.261000996070486
building_287,amenity_school,W535004036,"POLYGON ((11.2044642 43.77467, 11.2047587 43.7749472, 11.2048558 43.7749024, 11.2052584 43.7752869, 11.2049353 43.7755642, 11.2049268 43.7756998, 11.2049911 43.7757071, 11.2049302 43.7757963, 11.2049388 43.775829, 11.2048213 43.7758808, 11.2047256 43.775923, 11.2047739 43.7759661, 11.2039702 43.7763384, 11.2032298 43.7751873, 11.2037207 43.7748949, 11.2038097 43.7749722, 11.2038535 43.7749482, 11.2039084 43.7749181, 11.2036912 43.7747438, 11.2037019 43.7746586, 11.2037802 43.7746991, 11.2039004 43.7745598, 11.2039889 43.7746315, 11.2040774 43.7747826, 11.204174 43.7748581, 11.2044642 43.77467))",43.77542721100128,11.204225657675757
building_288,amenity_place_of_worship,W553223387,"POLYGON ((11.2020328 43.7991007, 11.2018864 43.799144, 11.201847 43.7990747, 11.2020242 43.7990223, 11.2020555 43.7990775, 11.2020634 43.7990918, 11.2020328 43.7991007))",43.79908315364997,11.201955277918783
building_289,amenity_place_of_worship,W599897663,"POLYGON ((11.2613052 43.7647628, 11.2612955 43.7647252, 11.2613507 43.7647178, 11.2612457 43.7644966, 11.2612198 43.7644397, 11.2609972 43.7644975, 11.2611367 43.7647803, 11.2613052 43.7647628))",43.76461342126347,11.261177324969848
building_290,amenity_place_of_worship,W599900778,"POLYGON ((11.2536555 43.7750247, 11.2536187 43.7749103, 11.2535788 43.7748068, 11.2534896 43.7748245, 11.2534402 43.7746595, 11.2535271 43.7746453, 11.2536737 43.7746208, 11.2537217 43.7747292, 11.2537818 43.7747184, 11.2539283 43.7746919, 11.2539565 43.7747733, 11.2540429 43.7747577, 11.2543817 43.7746953, 11.2545412 43.7746695, 11.254571 43.7747396, 11.2546054 43.7748485, 11.2546376 43.7749447, 11.2540396 43.7750541, 11.2540491 43.7750817, 11.2540252 43.7750885, 11.2540308 43.7751134, 11.2540468 43.7751443, 11.254051 43.7751499, 11.2538911 43.7751777, 11.2539235 43.7752749, 11.2537601 43.7753033, 11.2537288 43.7752655, 11.253679 43.7751337, 11.2536707 43.7750985, 11.2536558 43.7750454, 11.2536555 43.7750247))",43.774903657553224,11.254006224570697
building_291,amenity_place_of_worship,W599901040,"POLYGON ((11.2670429 43.77157, 11.2670402 43.7714847, 11.2669782 43.7714857, 11.266977 43.7714484, 11.2664997 43.7714562, 11.2665015 43.7715163, 11.2665035 43.7715788, 11.2666048 43.7715772, 11.2670429 43.77157))",43.77151479923769,11.266762656182262
building_292,amenity_school,W612008780,"POLYGON ((11.1945856 43.7797411, 11.1952356 43.7796001, 11.1949674 43.7791977, 11.1948444 43.7791322, 11.1946977 43.7790925, 11.1946257 43.7790624, 11.194085 43.7793127, 11.1942647 43.779545, 11.1942757 43.7795666, 11.1942999 43.7795584, 11.1944063 43.779513, 11.1944364 43.7795474, 11.1945022 43.7796385, 11.1945856 43.7797411))",43.77940582612877,11.194671161486147
building_293,amenity_school,W612011547,"POLYGON ((11.1928885 43.7819514, 11.1938199 43.7817989, 11.1937844 43.7816487, 11.1941655 43.781592, 11.194138 43.7814948, 11.1948841 43.7813746, 11.1948307 43.7812285, 11.1948191 43.7811905, 11.1947476 43.7809785, 11.1947168 43.7808945, 11.1945173 43.7809299, 11.1943175 43.7805182, 11.1933689 43.7806502, 11.1928941 43.7808234, 11.1927055 43.7808601, 11.1928451 43.7812554, 11.1922102 43.7813511, 11.1922205 43.7813912, 11.1926531 43.7813349, 11.1927699 43.7813714, 11.1928691 43.7818564, 11.1928885 43.7819514))",43.78120155636559,11.193664781272528
building_294,amenity_school,W626949504,"POLYGON ((11.2359641 43.7985873, 11.2360204 43.7985389, 11.2359882 43.7985002, 11.236086 43.7984582, 11.2362385 43.7983928, 11.237092 43.7980222, 11.2372135 43.7979438, 11.2374031 43.7976725, 11.2373577 43.7976522, 11.2375623 43.7973574, 11.237616 43.7973786, 11.2378223 43.7971101, 11.237843 43.7970779, 11.2380587 43.7967528, 11.2382403 43.7964855, 11.2382784 43.796281, 11.2382516 43.7962151, 11.2379143 43.7957911, 11.2378857 43.7957428, 11.2378265 43.7957772, 11.2377436 43.7958047, 11.2376297 43.7958401, 11.2374473 43.7956291, 11.2369055 43.7958265, 11.2366627 43.7954461, 11.2365937 43.7953551, 11.2364371 43.7951305, 11.2363921 43.7950637, 11.2360055 43.795194, 11.2358952 43.7952321, 11.2357597 43.7952802, 11.2356402 43.795313, 11.2355739 43.7953358, 11.2353815 43.7954018, 11.2353258 43.7954391, 11.2352682 43.7954591, 11.2352682 43.7954835, 11.2352304 43.7954954, 11.2352068 43.795515, 11.2352072 43.7956578, 11.2351916 43.7958033, 11.2351675 43.795995, 11.2351138 43.7961247, 11.2353069 43.7961034, 11.2353203 43.7961324, 11.2356315 43.7959969, 11.2359185 43.7964248, 11.2350119 43.7967578, 11.2348456 43.79651, 11.2345961 43.7967481, 11.2348536 43.7970927, 11.2344942 43.7974063, 11.2348778 43.7977219, 11.2351058 43.7974973, 11.2351395 43.7975362, 11.2351548 43.7975567, 11.2351712 43.7975947, 11.2355736 43.7981271, 11.2359641 43.7985873))",43.79678925780352,11.236407535083542
building_295,amenity_place_of_worship,W658420579,"POLYGON ((11.2326792 43.7604693, 11.2326901 43.7604054, 11.232868 43.7604212, 11.2328571 43.7604851, 11.2326792 43.7604693))",43.76044525,11.2327736
building_296,amenity_school,W658420589,"POLYGON ((11.2345493 43.7587143, 11.2343634 43.7586198, 11.2340227 43.7582885, 11.2339919 43.7582585, 11.2340621 43.7581745, 11.2340948 43.7581354, 11.2342078 43.7580387, 11.2343429 43.7579699, 11.2345028 43.7579096, 11.234543 43.7579019, 11.2348488 43.7578786, 11.2349078 43.7578786, 11.2350929 43.7579464, 11.2352713 43.7579806, 11.2355282 43.7579664, 11.2353545 43.7582837, 11.2352284 43.7584397, 11.2345493 43.7587143))",43.75824848463619,11.234730588095006
building_297,amenity_place_of_worship,W673464782,"POLYGON ((11.2438795 43.7700637, 11.2439524 43.7700464, 11.2440304 43.7702173, 11.2441123 43.7701969, 11.2442124 43.7701719, 11.2441369 43.7700018, 11.2441913 43.7699889, 11.244128 43.7698506, 11.244096 43.7698585, 11.2440818 43.7698284, 11.2440437 43.7698379, 11.2439911 43.7697225, 11.2438177 43.7697639, 11.2438667 43.7698713, 11.2437991 43.7698874, 11.2438183 43.7699295, 11.2438795 43.7700637))",43.76996611725992,11.24400827867317
building_298,amenity_place_of_worship,W674049318,"POLYGON ((11.2600296 43.7765255, 11.2599142 43.7765991, 11.2598568 43.7766357, 11.2597456 43.7765449, 11.2599184 43.7764347, 11.2600296 43.7765255))",43.77653520092265,11.259887600821854
building_299,amenity_school,W677145742,"POLYGON ((11.2898921 43.7728468, 11.2897911 43.7725552, 11.2905716 43.7722987, 11.2913468 43.7720439, 11.291674 43.7720091, 11.2918197 43.7722451, 11.2898921 43.7728468))",43.7724018190303,11.29078715244411
building_300,amenity_school,W677145752,"POLYGON ((11.2923553 43.773113, 11.2918197 43.7722451, 11.291674 43.7720091, 11.2921997 43.7718735, 11.2930017 43.7715818, 11.2936374 43.7713505, 11.2941656 43.7721475, 11.2942109 43.7722159, 11.2943581 43.772438, 11.2938388 43.772613, 11.2923553 43.773113))",43.77223713812245,11.293014769601568
building_301,amenity_school,W686501637,"POLYGON ((11.2258123 43.7389987, 11.2262871 43.7388078, 11.2263726 43.7389289, 11.2265877 43.7392723, 11.2264734 43.7393082, 11.2264316 43.7393214, 11.2263323 43.7393526, 11.2263277 43.7393672, 11.2261067 43.7394477, 11.2260448 43.7393445, 11.2259384 43.7391808, 11.2258123 43.7389987))",43.739128158257316,11.226201162812043
building_302,amenity_place_of_worship,W690892964,"POLYGON ((11.2611142 43.7602194, 11.2611444 43.7601535, 11.2612015 43.7601672, 11.2612141 43.7601592, 11.2612327 43.7601553, 11.2612873 43.7601684, 11.2612756 43.7601939, 11.2612644 43.7601912, 11.2612526 43.7602168, 11.2612623 43.7602192, 11.2612516 43.7602424, 11.2612066 43.7602316, 11.2612025 43.7602405, 11.2611255 43.7602221, 11.2611142 43.7602194))",43.76019638811773,11.261199679089449
building_303,amenity_school,W690892970,"POLYGON ((11.2612698 43.7610424, 11.2614339 43.7610395, 11.2616324 43.760348, 11.2616516 43.7596833, 11.2614178 43.7591488, 11.2612328 43.7591217, 11.2611523 43.7595024, 11.2611262 43.759501, 11.2610004 43.7594946, 11.2609142 43.7594903, 11.2608701 43.759486, 11.2608345 43.7595789, 11.260809 43.7597, 11.2607862 43.7598598, 11.2607969 43.7599131, 11.2608278 43.7599324, 11.260819 43.7599552, 11.260817 43.7599702, 11.260876 43.760254, 11.2609927 43.7603935, 11.2609649 43.7604069, 11.2609404 43.7604187, 11.2610209 43.7605088, 11.2611107 43.7606095, 11.2611215 43.7606046, 11.2611523 43.7606453, 11.2611697 43.7606792, 11.2612127 43.7607664, 11.2612502 43.7608487, 11.2612703 43.7609156, 11.2612757 43.7609766, 11.2612698 43.7610424))",43.76003348576108,11.261269173236645
building_304,amenity_school,W733015233,"POLYGON ((11.2475486 43.7895801, 11.2475513 43.7895646, 11.2472203 43.7892077, 11.2470775 43.7890537, 11.2469189 43.7891375, 11.2468405 43.7891736, 11.2466366 43.7892278, 11.246532 43.7892162, 11.2464408 43.7892859, 11.2462853 43.7893304, 11.246315 43.7893817, 11.2465347 43.7897543, 11.2465803 43.7897679, 11.2468834 43.7897079, 11.24711 43.7896653, 11.2471033 43.7896517, 11.2475486 43.7895801))",43.789439184433164,11.246889555130448
building_305,amenity_school,W733070856,"POLYGON ((11.2359094 43.8054017, 11.2346781 43.8042927, 11.2354974 43.8037874, 11.2357349 43.8039965, 11.2359039 43.8039017, 11.236392 43.8043179, 11.2363089 43.8043547, 11.2364832 43.8045463, 11.2361909 43.8047128, 11.236274 43.8048018, 11.236097 43.8049141, 11.2363625 43.8051425, 11.2359094 43.8054017))",43.80452768120213,11.235667257794004
building_306,amenity_school,W736332820,"POLYGON ((11.2768798 43.7765812, 11.2768071 43.7765457, 11.2767198 43.776639, 11.2765006 43.776532, 11.2766611 43.7763606, 11.2762249 43.7761476, 11.2765127 43.7758402, 11.2772408 43.7761956, 11.2768798 43.7765812))",43.7762252871812,11.276730009823153
building_307,amenity_school,W736489012,"POLYGON ((11.2674833 43.7859488, 11.2675928 43.7858319, 11.2677464 43.7856711, 11.2678506 43.7855627, 11.2679141 43.7854972, 11.2682513 43.7851478, 11.2683546 43.7851998, 11.2685417 43.7852928, 11.2686581 43.7853509, 11.2685344 43.78548, 11.2678946 43.7861508, 11.2674833 43.7859488))",43.78564984955141,11.268070382998976
building_308,amenity_school,W736497346,"POLYGON ((11.2665998 43.7562606, 11.2669838 43.7566924, 11.2671019 43.7569164, 11.2671636 43.7568874, 11.2671904 43.7569184, 11.2672896 43.7569455, 11.2672927 43.756978, 11.2672574 43.75699, 11.2672283 43.7570052, 11.2672011 43.7570249, 11.2668389 43.7572601, 11.266568 43.7569598, 11.2663829 43.7569985, 11.2660101 43.7568009, 11.2659457 43.7566614, 11.2665998 43.7562606))",43.75676241296441,11.266605953205906
building_309,amenity_school,W756173743,"POLYGON ((11.2231352 43.7678506, 11.2229032 43.7675533, 11.2229439 43.7675337, 11.2226912 43.7671612, 11.223785 43.7669125, 11.2239567 43.7670113, 11.2240855 43.7670267, 11.2243027 43.7670887, 11.2242142 43.767205, 11.2239057 43.7672863, 11.2240483 43.7674915, 11.2237051 43.7676265, 11.2231352 43.7678506))",43.76733226367136,11.22345300290487
building_310,amenity_school,W768104674,"POLYGON ((11.2124445 43.7978451, 11.2120355 43.7973853, 11.2120489 43.7973427, 11.2128871 43.7969303, 11.2131714 43.7972197, 11.2130453 43.797273, 11.2132264 43.7974898, 11.2124445 43.7978451))",43.797391952633554,11.212649735664176
building_311,amenity_place_of_worship,W771655402,"POLYGON ((11.3042353 43.7707164, 11.3042143 43.7707017, 11.3042336 43.7706873, 11.3042546 43.770702, 11.3042353 43.7707164))",43.770701849999995,11.304234450000001
building_312,amenity_school,W771692152,"POLYGON ((11.2318603 43.7913614, 11.2309398 43.7901335, 11.231202 43.7900136, 11.2327537 43.7904318, 11.2329716 43.7905526, 11.2332064 43.7908517, 11.2318603 43.7913614))",43.79066060117639,11.232038837873494
building_313,amenity_place_of_worship,W771929814,"POLYGON ((11.2412123 43.8009217, 11.2412068 43.8008629, 11.2412257 43.8008525, 11.2412333 43.8008354, 11.2412254 43.8008182, 11.2412021 43.8008083, 11.2411977 43.8007562, 11.2411264 43.8007594, 11.2406892 43.8007899, 11.2406993 43.8008637, 11.2407148 43.8010084, 11.2407694 43.8010061, 11.2407704 43.8010189, 11.2410262 43.8010035, 11.2410224 43.8009635, 11.2410188 43.8009309, 11.2410692 43.8009288, 11.2412123 43.8009217))",43.800878470720114,11.240939340987289
building_314,amenity_school,W776985804,"POLYGON ((11.2001565 43.7714066, 11.2001597 43.7708288, 11.2001615 43.7705196, 11.200288 43.7704674, 11.2008594 43.771031, 11.2001565 43.7714066))",43.77094192741588,11.200398583065784
building_315,amenity_school,W776985805,"POLYGON ((11.2046063 43.767502, 11.2051124 43.7673155, 11.2051405 43.7673068, 11.2052062 43.7673804, 11.2054029 43.7676103, 11.2057651 43.7674264, 11.2062372 43.767992, 11.20536 43.7683018, 11.205073 43.7683638, 11.2046063 43.767502))",43.76783445275312,11.205368689264867
building_316,amenity_school,W776985809,"POLYGON ((11.2054136 43.7684277, 11.2053867 43.7683645, 11.20536 43.7683018, 11.205073 43.7683638, 11.2046063 43.767502, 11.2045808 43.7675141, 11.2038148 43.7677776, 11.2037968 43.767813, 11.2040704 43.7682203, 11.2043984 43.7686838, 11.20444 43.7686873, 11.204947 43.7685285, 11.2054136 43.7684277))",43.76811691588289,11.20450844453582
building_317,amenity_school,W776992134,"POLYGON ((11.1993997 43.7818493, 11.1991771 43.7811347, 11.2003787 43.7808016, 11.2005289 43.7812877, 11.2003895 43.7815549, 11.1993997 43.7818493))",43.78131763402163,11.199867999278146
building_318,amenity_school,W776992137,"POLYGON ((11.2036296 43.7808132, 11.2019612 43.7804743, 11.2019398 43.7805421, 11.2026506 43.7818028, 11.2038737 43.7814155, 11.2036296 43.7808132))",43.7811180083702,11.20291588391476
building_319,amenity_school,W776992138,"POLYGON ((11.2038737 43.7814155, 11.2036296 43.7808132, 11.204622 43.7806041, 11.2044369 43.7812373, 11.2038737 43.7814155))",43.78099131634498,11.204131328574952
building_320,amenity_school,W776992145,"POLYGON ((11.1971604 43.7746488, 11.196806 43.7742325, 11.1979731 43.7736843, 11.1976885 43.7729039, 11.1976057 43.7728045, 11.1975665 43.7727427, 11.1975128 43.772686, 11.1974615 43.7726443, 11.1973954 43.772608, 11.1967202 43.7724933, 11.1966344 43.7724429, 11.1951031 43.7722104, 11.1949607 43.7728555, 11.1938372 43.7733648, 11.1955618 43.7751194, 11.1960684 43.7750169, 11.1959507 43.7748193, 11.1959826 43.7747671, 11.1960121 43.7747438, 11.1958673 43.7745695, 11.1960765 43.7744688, 11.1961089 43.7745074, 11.1966344 43.7742383, 11.197026 43.7747148, 11.1971604 43.7746488))",43.77351007595603,11.195962966245059
building_321,amenity_school,W777004168,"POLYGON ((11.2255405 43.7744514, 11.225554 43.7732506, 11.2267663 43.7733513, 11.2266858 43.7745928, 11.2255405 43.7744514))",43.77390629004088,11.226140678990907
building_322,amenity_school,W777004186,"POLYGON ((11.2238047 43.7754389, 11.2234825 43.7754985, 11.2234194 43.7754677, 11.2232392 43.7754933, 11.2234457 43.7761111, 11.2238025 43.7760162, 11.2239795 43.7759949, 11.2243389 43.7760066, 11.2243657 43.7759949, 11.2243657 43.7759775, 11.2240921 43.775474, 11.2238373 43.7755243, 11.2238047 43.7754389))",43.7757607645329,11.223770369586344
building_323,amenity_school,W777004201,"POLYGON ((11.2347043 43.7719035, 11.2342524 43.7719771, 11.2343503 43.7722987, 11.2339117 43.7723529, 11.2340165 43.7728524, 11.2344758 43.7727927, 11.2345581 43.7730879, 11.2346346 43.7730753, 11.2347148 43.773328, 11.2347344 43.7733928, 11.2347743 43.7733889, 11.2347822 43.7734172, 11.2347903 43.7734407, 11.2351303 43.7733302, 11.2350929 43.7731984, 11.2349487 43.7727158, 11.2348572 43.7724148, 11.234713 43.7719322, 11.2347043 43.7719035))",43.772632774408756,11.23456558782482
building_324,amenity_school,W777004202,"POLYGON ((11.2247278 43.776117, 11.224629 43.7758532, 11.224465 43.7758865, 11.2241109 43.7752086, 11.2246205 43.7751196, 11.2250148 43.7752067, 11.225157 43.7752106, 11.2253018 43.7754856, 11.2253877 43.7754604, 11.2258839 43.7763552, 11.2239285 43.7769943, 11.2237381 43.7770078, 11.2235959 43.777002, 11.2233089 43.7769226, 11.2232499 43.776789, 11.2232177 43.7767967, 11.2229898 43.7767134, 11.2228637 43.7763532, 11.2235584 43.7761286, 11.2237274 43.7761131, 11.2237622 43.7760569, 11.2244596 43.7760976, 11.2246876 43.7761751, 11.2247278 43.776117))",43.77617229638214,11.224469205667367
building_325,amenity_school,W777153566,"POLYGON ((11.270226 43.7878491, 11.2704365 43.7877513, 11.2709542 43.7875257, 11.2710589 43.7876468, 11.271318 43.7878667, 11.2712506 43.7879071, 11.270859 43.7881463, 11.2708457 43.7881569, 11.2706727 43.7880455, 11.2705316 43.7879566, 11.2704565 43.787914, 11.2704015 43.7879256, 11.2703266 43.7878965, 11.2702515 43.7878781, 11.270226 43.7878491))",43.78784134530251,11.270818843721495
building_326,amenity_school,W777153568,"POLYGON ((11.2735767 43.7888133, 11.2735383 43.7887774, 11.2734833 43.7887262, 11.2733404 43.7885928, 11.273373 43.7885721, 11.2735446 43.7884717, 11.2736851 43.7883894, 11.2737896 43.7884626, 11.2738781 43.7885362, 11.2739427 43.7886033, 11.2737874 43.7886668, 11.2737979 43.7886802, 11.2738236 43.788713, 11.2735992 43.7888053, 11.2735767 43.7888133))",43.788602595643475,11.273641184755387
building_327,amenity_school,W777153570,"POLYGON ((11.2658369 43.7906772, 11.2660595 43.7902725, 11.2661775 43.790168, 11.2667596 43.7898291, 11.2669768 43.7900208, 11.2670868 43.790168, 11.2671458 43.7903074, 11.2672182 43.7905281, 11.267229 43.7906113, 11.2672209 43.7906656, 11.2671539 43.7907372, 11.2665128 43.7911341, 11.2664619 43.7911419, 11.2658369 43.7906772))",43.790504328185655,11.266575038326797
building_328,amenity_school,W777153571,"POLYGON ((11.2736395 43.7892763, 11.2736115 43.7892927, 11.2734571 43.7893832, 11.2733817 43.7894291, 11.2735263 43.7895484, 11.2736164 43.7896226, 11.2738562 43.7898203, 11.2738774 43.7898378, 11.2739824 43.7897733, 11.27413 43.7896936, 11.27418 43.7896623, 11.274146 43.789634, 11.2740498 43.7895542, 11.2740016 43.7895813, 11.2736395 43.7892763))",43.7895601084403,11.273771931939013
building_329,amenity_school,W777153574,"POLYGON ((11.2647533 43.7911632, 11.2651234 43.7911598, 11.2651691 43.7911741, 11.2651787 43.7911581, 11.2654855 43.7911632, 11.2654721 43.7913529, 11.2654614 43.7915756, 11.2654775 43.7919338, 11.2654614 43.7920461, 11.2654373 43.7921119, 11.2649545 43.7921642, 11.2648928 43.7914013, 11.2647855 43.7913994, 11.2647533 43.7911632))",43.791618571274064,11.265171211612186
building_330,amenity_school,W777153575,"POLYGON ((11.2728018 43.7961276, 11.2724165 43.7962569, 11.2717701 43.7964795, 11.2717083 43.7964042, 11.2717539 43.7963887, 11.2715312 43.7960712, 11.2728319 43.7956073, 11.2729501 43.7957981, 11.2729984 43.7958739, 11.2730898 43.7960204, 11.2728018 43.7961276))",43.79604304017775,11.272315395746924
building_331,amenity_school,W777155058,"POLYGON ((11.3068696 43.7669478, 11.3062842 43.7669935, 11.3062645 43.7669292, 11.3062296 43.7667975, 11.3062216 43.7666154, 11.3062243 43.7665225, 11.3063101 43.7663965, 11.306522 43.76623, 11.3079543 43.7655869, 11.3083499 43.7655553, 11.308478 43.7662378, 11.3082655 43.7662614, 11.3080585 43.7662943, 11.3075419 43.7664624, 11.3072035 43.7665713, 11.3069632 43.7666424, 11.3068973 43.7666836, 11.3068668 43.7667958, 11.3068723 43.7668625, 11.3068696 43.7669478))",43.76624560590286,11.307331766213778
building_332,amenity_school,W777155060,"POLYGON ((11.3093532 43.7675231, 11.3092565 43.7670758, 11.3104635 43.7669615, 11.3106834 43.7673412, 11.3111771 43.7671899, 11.3112091 43.7672521, 11.310713 43.7673933, 11.3106834 43.7675872, 11.3093532 43.7675231))",43.76728984929876,11.31004457889184
building_333,amenity_school,W777160914,"POLYGON ((11.2969936 43.754575, 11.2965558 43.7537884, 11.2964383 43.7538234, 11.29647 43.7538911, 11.2952201 43.7542282, 11.295521 43.7549373, 11.2969936 43.754575))",43.75439712110836,11.296092439070321
building_334,amenity_school,W777163150,"POLYGON ((11.284825 43.7580638, 11.2849216 43.758016, 11.2850925 43.7579753, 11.2851975 43.7579289, 11.2852761 43.7578788, 11.2854202 43.7577599, 11.2855541 43.7576466, 11.2857022 43.7575191, 11.2858188 43.7573941, 11.2857732 43.7573728, 11.2855695 43.7572079, 11.2854998 43.7572524, 11.2853925 43.7571401, 11.285591 43.7570103, 11.2851994 43.7566441, 11.2847245 43.7568972, 11.2845904 43.7569726, 11.2845637 43.756949, 11.2844288 43.7570285, 11.2843895 43.7571823, 11.2840541 43.7573786, 11.2843031 43.7575855, 11.2842694 43.7576101, 11.2845007 43.7578, 11.2847567 43.7580131, 11.284825 43.7580638))",43.757376148384445,11.284962225583712
building_335,amenity_school,W777559519,"POLYGON ((11.2393907 43.7907787, 11.2407888 43.791066, 11.2407512 43.7911261, 11.2406305 43.7914165, 11.240491 43.7913778, 11.239909 43.7928957, 11.2395419 43.7928184, 11.2392138 43.7927602, 11.2392485 43.7926615, 11.239177 43.7926444, 11.2390205 43.7926071, 11.2389955 43.7926011, 11.2390035 43.792574, 11.2390317 43.7924975, 11.2391081 43.792302, 11.2390665 43.7922933, 11.2389329 43.7922717, 11.2388055 43.7922457, 11.2388293 43.7921868, 11.23896 43.7918586, 11.2392325 43.7911704, 11.2393058 43.7909987, 11.2393762 43.7908184, 11.2393907 43.7907787))",43.791781699192775,11.239711741487676
building_336,amenity_school,W777563040,"POLYGON ((11.2660244 43.7737812, 11.2658997 43.7738329, 11.2657773 43.7738835, 11.2656677 43.773929, 11.2657594 43.774056, 11.2658225 43.7741697, 11.2662106 43.773985, 11.2660244 43.7737812))",43.77396859534303,11.265932588035476
building_337,amenity_school,W777563048,"POLYGON ((11.2707626 43.7720592, 11.270762 43.7720432, 11.2705264 43.772046, 11.2703537 43.7720475, 11.2703554 43.7721483, 11.2703776 43.7721481, 11.2703847 43.7722863, 11.2703868 43.7724135, 11.2707684 43.7724103, 11.2707626 43.7720592))",43.7722260645234,11.27057026236192
building_338,amenity_place_of_worship,W777563049,"POLYGON ((11.262371 43.7688, 11.2625064 43.7687435, 11.2626484 43.7686863, 11.262791 43.7686281, 11.2629289 43.7685712, 11.2630692 43.7685132, 11.2632103 43.7684552, 11.2633457 43.7683982, 11.2634074 43.7684755, 11.2635156 43.7684303, 11.263563 43.7684946, 11.2636853 43.7684477, 11.2636729 43.7684308, 11.2636204 43.7683599, 11.2634734 43.7681718, 11.26348 43.7681679, 11.2634936 43.7681598, 11.2635005 43.7681542, 11.2635098 43.7681435, 11.2635161 43.7681307, 11.2635185 43.7681151, 11.263513 43.7680943, 11.2634946 43.7680733, 11.263479 43.7680633, 11.2634624 43.7680563, 11.263444 43.7680548, 11.2634276 43.7680544, 11.2634109 43.7680563, 11.2633945 43.7680608, 11.2633843 43.7680657, 11.2633068 43.7679714, 11.2632708 43.7679257, 11.263255 43.7679068, 11.2631829 43.7679372, 11.2631339 43.7679561, 11.2630329 43.7679987, 11.2630632 43.7680377, 11.2630971 43.7680809, 11.262958 43.7681393, 11.2628249 43.7681957, 11.2626819 43.7682547, 11.2625472 43.7683105, 11.2624038 43.76837, 11.2622588 43.7684287, 11.2621223 43.7684838, 11.2621164 43.768476, 11.2620877 43.7684874, 11.2621037 43.7685085, 11.2621109 43.7685057, 11.2621509 43.7685571, 11.262143 43.7685603, 11.2621594 43.7685814, 11.2621672 43.7685783, 11.2622157 43.7686399, 11.2622243 43.7686509, 11.2622758 43.7687164, 11.2622688 43.7687192, 11.2622857 43.7687406, 11.2622927 43.7687377, 11.2623341 43.7687897, 11.2623263 43.768793, 11.2623442 43.7688152, 11.2623734 43.768803, 11.262371 43.7688))",43.76837799023596,11.2629009638371
building_339,amenity_place_of_worship,W778074887,"POLYGON ((11.2670238 43.7673825, 11.2671774 43.7673298, 11.2673357 43.7675702, 11.2671821 43.7676229, 11.2670238 43.7673825))",43.76747634999999,11.267179750000002
building_340,amenity_school,W780338675,"POLYGON ((11.2645607 43.7747692, 11.2643414 43.7745431, 11.2647731 43.7743631, 11.2647507 43.7743374, 11.2649023 43.7742812, 11.2649865 43.7742471, 11.2650322 43.7742293, 11.2650027 43.7741927, 11.2651459 43.7741383, 11.2652902 43.7740818, 11.2652122 43.7739749, 11.2655727 43.7738323, 11.2656002 43.7738664, 11.2656174 43.7738592, 11.2656677 43.773929, 11.2657594 43.774056, 11.2658225 43.7741697, 11.2656263 43.774263, 11.2651834 43.7744719, 11.2645607 43.7747692))",43.774303748912835,11.265137597884879
building_341,amenity_school,W780338681,"POLYGON ((11.2649735 43.7747094, 11.2651254 43.7746401, 11.265434 43.774499, 11.2655127 43.774463, 11.2656029 43.7744218, 11.2658013 43.7746461, 11.2658926 43.7747492, 11.2659731 43.7748401, 11.2659934 43.7748631, 11.2660418 43.7749178, 11.2658953 43.7749872, 11.2657143 43.7750822, 11.2655496 43.7751434, 11.2654569 43.775179, 11.2653431 43.7750281, 11.2652472 43.7750676, 11.2652423 43.7750599, 11.2651792 43.774965, 11.2650524 43.7747952, 11.2650425 43.7747994, 11.2649735 43.7747094))",43.774808804419756,11.26550930314058
building_342,amenity_school,W780338687,"POLYGON ((11.2636743 43.7764263, 11.2634956 43.7765123, 11.2632388 43.7766358, 11.2632348 43.7766455, 11.2634546 43.7768905, 11.2632029 43.7770133, 11.2632603 43.7770712, 11.2634172 43.7772348, 11.263476 43.7772982, 11.2635283 43.7772736, 11.2635739 43.7772523, 11.2644878 43.7768247, 11.2644775 43.776816, 11.2645724 43.7767725, 11.2644899 43.7766864, 11.2643138 43.7765026, 11.2641915 43.7763749, 11.2641691 43.7763515, 11.2641558 43.7763376, 11.2640876 43.7762664, 11.2636932 43.776446, 11.2636743 43.7764263))",43.77677097876735,11.263839255503457
building_343,amenity_school,W780481743,"POLYGON ((11.2855796 43.7711205, 11.2854056 43.7706684, 11.2853813 43.7706093, 11.2861217 43.7705203, 11.285999 43.7701314, 11.2864275 43.7700671, 11.2864677 43.7701058, 11.2865107 43.7701036, 11.2865428 43.7700961, 11.2865831 43.7700651, 11.2870015 43.7700245, 11.2874816 43.7700245, 11.2874789 43.7704816, 11.2876023 43.7706598, 11.2875299 43.7707237, 11.2873099 43.7707585, 11.2873394 43.7708902, 11.2869264 43.7709445, 11.2869183 43.7708883, 11.2864677 43.7709445, 11.2864463 43.7709987, 11.2855796 43.7711205))",43.7705584286166,11.28656530149981
building_344,amenity_school,W780487892,"POLYGON ((11.2894005 43.7736899, 11.2893378 43.7735573, 11.2893162 43.7735166, 11.289111 43.7731186, 11.2891405 43.7731091, 11.2891539 43.7730776, 11.2891483 43.7730641, 11.2891255 43.7730489, 11.2891017 43.7730526, 11.2890719 43.7730577, 11.2890247 43.7729761, 11.2885713 43.772192, 11.2896207 43.7719846, 11.2897707 43.7724868, 11.2897911 43.7725552, 11.2898921 43.7728468, 11.2918197 43.7722451, 11.2923553 43.773113, 11.2901305 43.7738705, 11.2899038 43.7735391, 11.2894005 43.7736899))",43.772942469839315,11.290406199459934
building_345,amenity_school,W780493697,"POLYGON ((11.2218804 43.7832132, 11.2216099 43.7829766, 11.2213965 43.7830908, 11.2213086 43.7831383, 11.2212526 43.7830864, 11.2212307 43.7830651, 11.2211429 43.7829902, 11.2210759 43.7829237, 11.2210082 43.7828401, 11.2209031 43.7828231, 11.2208815 43.7828336, 11.2208648 43.7828417, 11.2206073 43.7829666, 11.2202887 43.7831211, 11.2200192 43.7832519, 11.2199233 43.7832983, 11.2199387 43.7833155, 11.2196576 43.7834499, 11.2201657 43.7840305, 11.2202223 43.7841278, 11.2203725 43.7843195, 11.2199702 43.7845054, 11.2197556 43.7842537, 11.2195571 43.7843505, 11.21952 43.7843119, 11.2194516 43.7842373, 11.2192808 43.7843912, 11.2188034 43.7847068, 11.2186075 43.784776, 11.2185003 43.7847804, 11.2184211 43.7847809, 11.2184286 43.7848659, 11.2179366 43.7851157, 11.2174354 43.784581, 11.2165677 43.7850472, 11.2165311 43.7850691, 11.2165567 43.785095, 11.2167634 43.7853036, 11.2156928 43.7858506, 11.2148584 43.786285, 11.2155307 43.7869581, 11.21643 43.7878731, 11.2179125 43.7871453, 11.2181892 43.7870149, 11.2210803 43.7855156, 11.2231459 43.7844241, 11.2231068 43.7843674, 11.2229263 43.7841895, 11.2225987 43.7838916, 11.222156 43.7834808, 11.222094 43.7835102, 11.2219548 43.7835867, 11.2219007 43.7835355, 11.2217692 43.7836078, 11.2216994 43.7835416, 11.221548 43.7833934, 11.2216719 43.783321, 11.2218126 43.7832436, 11.2218804 43.7832132))",43.78539028077901,11.218961073552451
building_346,amenity_school,W780553722,"POLYGON ((11.16944 43.7961881, 11.1701455 43.7960874, 11.1701668 43.7959403, 11.1701399 43.7955342, 11.1700594 43.79554, 11.170006 43.7951591, 11.1699521 43.7951608, 11.169145 43.7952201, 11.1691825 43.7954137, 11.168745 43.7955155, 11.1686291 43.7955469, 11.1686927 43.7956464, 11.1687357 43.7957061, 11.168796 43.7957884, 11.1690994 43.7956906, 11.16944 43.7961881))",43.795653511062966,11.169564200815982
building_347,amenity_school,W780616247,"POLYGON ((11.2804798 43.7696521, 11.2802 43.7696802, 11.280062 43.769694, 11.279972 43.769703, 11.2799562 43.7696493, 11.2799206 43.7695313, 11.2799069 43.7694863, 11.279833 43.7692421, 11.2798178 43.7691918, 11.2800303 43.7691145, 11.2801097 43.769183, 11.2802805 43.7693259, 11.2805872 43.7695872, 11.2804798 43.7696521))",43.76944649024817,11.280143530178565
building_348,amenity_school,W780639802,"POLYGON ((11.1901349 43.7959559, 11.1901972 43.795812, 11.190219 43.7957615, 11.1902853 43.7956082, 11.1902517 43.7956, 11.1898574 43.795503, 11.1898335 43.7954971, 11.1897861 43.7955972, 11.1897539 43.7956574, 11.1895329 43.7959041, 11.1896408 43.7959258, 11.1899039 43.7959853, 11.1900774 43.7960202, 11.1901046 43.796026, 11.1902262 43.7960522, 11.1902382 43.7960371, 11.1902699 43.7960051, 11.1901349 43.7959559))",43.79577793158588,11.189950039357214
building_349,amenity_school,W780639804,"POLYGON ((11.192817 43.798061, 11.1924965 43.7977357, 11.1931442 43.7974192, 11.1933347 43.7976138, 11.1928023 43.7978712, 11.192817 43.798061))",43.797690086732025,11.192907240141135
building_350,amenity_school,W780639809,"POLYGON ((11.2065298 43.7983368, 11.2061062 43.797702, 11.2061231 43.7976797, 11.2061371 43.7976612, 11.2061061 43.7976354, 11.2061362 43.797554, 11.2061275 43.7975357, 11.206047 43.797365, 11.2066505 43.7971636, 11.2066799 43.797209, 11.207195 43.7980058, 11.2065298 43.7983368))",43.797739969275014,11.206587980267386
building_351,amenity_school,W780644115,"POLYGON ((11.228056 43.8167716, 11.2287455 43.8163539, 11.2296688 43.8170201, 11.2297057 43.8170468, 11.2295073 43.8171416, 11.2286721 43.817537, 11.2285639 43.8174246, 11.2284834 43.8174594, 11.2281326 43.8170825, 11.2282205 43.8170201, 11.2282935 43.8169645, 11.228056 43.8167716))",43.81696043213694,11.228800245795627
building_352,amenity_school,W780650074,"POLYGON ((11.2408723 43.776066, 11.2409082 43.7760943, 11.2407551 43.7762478, 11.2406942 43.7763082, 11.2406539 43.7763426, 11.2405716 43.7762857, 11.2405234 43.7763203, 11.2405006 43.7763038, 11.2403889 43.7762219, 11.2403434 43.7761887, 11.2402348 43.7761103, 11.2402043 43.7760882, 11.2402979 43.7760208, 11.2403832 43.775961, 11.240493 43.7758837, 11.2405648 43.7758344, 11.2408723 43.776066))",43.77609596467847,11.240567274577836
building_353,amenity_school,W780650083,"POLYGON ((11.2464508 43.7673883, 11.2464379 43.7673696, 11.2463993 43.767314, 11.2463869 43.7672962, 11.2463754 43.7672796, 11.2463659 43.7672658, 11.2465776 43.7670205, 11.2466044 43.7670243, 11.2466259 43.7670234, 11.2466339 43.7670185, 11.2466661 43.7669791, 11.2467096 43.7669973, 11.246733 43.7669681, 11.246777 43.7670161, 11.2469012 43.7669642, 11.247054 43.7668885, 11.2471346 43.7669672, 11.2471537 43.7669566, 11.2471712 43.7669692, 11.2472114 43.7669598, 11.2472715 43.7669962, 11.247315 43.7669642, 11.2473624 43.7670221, 11.247391 43.7670591, 11.2472844 43.7670993, 11.2471717 43.767137, 11.2470959 43.7671622, 11.2471006 43.7671746, 11.2471094 43.7671875, 11.2468127 43.7672933, 11.2466725 43.767353, 11.2466446 43.767318, 11.2464508 43.7673883))",43.76713290830688,11.246832966506986
building_354,amenity_school,W780650086,"POLYGON ((11.2418621 43.7698015, 11.2416842 43.7692644, 11.2416721 43.7692281, 11.241656 43.7691794, 11.2421381 43.7690709, 11.2423079 43.7690327, 11.2425335 43.7696793, 11.2418621 43.7698015))",43.76942358557273,11.242092479947813
building_355,amenity_school,W780650090,"POLYGON ((11.2428946 43.7669417, 11.2427709 43.7667488, 11.2427151 43.7666664, 11.2426803 43.7666137, 11.2427458 43.7665827, 11.2428605 43.7665284, 11.2429012 43.7665092, 11.2429313 43.766495, 11.2430483 43.7664396, 11.243122 43.7664048, 11.2432398 43.766349, 11.2432714 43.766334, 11.2433267 43.7663079, 11.2434193 43.7664262, 11.24345 43.7664655, 11.2434937 43.7665212, 11.2435086 43.7665151, 11.2436143 43.7666497, 11.2435441 43.7666797, 11.2428946 43.7669417))",43.76662834454211,11.243136429016424
building_356,amenity_school,W781096492,"POLYGON ((11.2970192 43.7420602, 11.2973893 43.7420951, 11.2973998 43.7424818, 11.2963484 43.742695, 11.2957532 43.7416649, 11.2945293 43.7414476, 11.2945247 43.7410254, 11.2945675 43.7409992, 11.2945837 43.7409091, 11.2952597 43.7410175, 11.2951314 43.7402809, 11.2952329 43.740266, 11.2953132 43.7402542, 11.2954466 43.7410475, 11.2963726 43.741196, 11.2966598 43.74163, 11.297105 43.7415263, 11.2976956 43.7414168, 11.2979794 43.7413277, 11.2980062 43.7414017, 11.298033 43.7414595, 11.2978351 43.7415221, 11.2975983 43.7415788, 11.2973148 43.7416106, 11.2970192 43.7420602))",43.74166784387153,11.296136575151012
building_357,amenity_school,W781285123,"POLYGON ((11.2405592 43.7501801, 11.2408531 43.7496816, 11.24147 43.7501272, 11.2415799 43.7501834, 11.2414136 43.7503946, 11.2409738 43.7502658, 11.2408048 43.7502261, 11.240745 43.7502145, 11.2407064 43.750207, 11.2406615 43.7501992, 11.2405592 43.7501801))",43.75008280109913,11.2410503471168
building_358,amenity_school,W781285124,"POLYGON ((11.2294724 43.7365231, 11.2296479 43.7361284, 11.23035 43.7362914, 11.2301746 43.736686, 11.2294724 43.7365231))",43.73640722351538,11.22991120739278
building_359,amenity_school,W781285125,"POLYGON ((11.2559044 43.7463661, 11.2558983 43.7463164, 11.2558886 43.7462378, 11.2558864 43.7462187, 11.2564604 43.7461832, 11.2564779 43.7463301, 11.25638 43.7463362, 11.2559782 43.7463614, 11.2559044 43.7463661))",43.746274501643576,11.25618207875143
building_360,amenity_school,W781285132,"POLYGON ((11.2593838 43.7381526, 11.2596608 43.7374549, 11.2597439 43.7374757, 11.2598463 43.7374278, 11.2603506 43.7377863, 11.2599853 43.7386543, 11.2595727 43.7384288, 11.2594511 43.738327, 11.2594858 43.738218, 11.2594028 43.7381925, 11.2593838 43.7381526))",43.738015838416224,11.25985245786085
building_361,amenity_school,W781285137,"POLYGON ((11.2285256 43.7389137, 11.228598 43.7387063, 11.2290138 43.7386831, 11.2291238 43.7384738, 11.2294671 43.7385765, 11.2295261 43.7385435, 11.2299177 43.738654, 11.2298962 43.7389505, 11.2298102 43.7390319, 11.2289253 43.7389757, 11.2285256 43.7389137))",43.73879238160107,11.229299294277979
building_362,amenity_school,W781285139,"POLYGON ((11.2385802 43.7523168, 11.2384338 43.7521437, 11.2393468 43.751813, 11.239371 43.7518321, 11.2396882 43.7522281, 11.23938 43.7523537, 11.2393723 43.7523436, 11.2393419 43.7523033, 11.2392194 43.7523515, 11.2391849 43.7523011, 11.239159 43.7522649, 11.2390678 43.752299, 11.2389875 43.7521814, 11.2389617 43.75219, 11.2385802 43.7523168))",43.752114728259606,11.239122337300635
building_363,amenity_school,W781339733,"POLYGON ((11.2176222 43.7653944, 11.2174197 43.7651106, 11.2167853 43.7653586, 11.2168307 43.7654194, 11.2169073 43.7655097, 11.2169744 43.7655881, 11.2170039 43.7655736, 11.2170374 43.7656172, 11.2176222 43.7653944))",43.76537030320843,11.217209609825018
building_364,amenity_school,W781339738,"POLYGON ((11.2173791 43.768791, 11.2171785 43.7689026, 11.2168422 43.7690878, 11.2167016 43.7691586, 11.2171604 43.7695979, 11.2172941 43.7695238, 11.2174274 43.7694503, 11.2174457 43.7694402, 11.2176388 43.7693319, 11.2178379 43.7692211, 11.2173791 43.768791))",43.76919384368999,11.217270661784555
building_365,amenity_school,W781339744,"POLYGON ((11.2237859 43.7687018, 11.2242311 43.7685139, 11.2244511 43.7683164, 11.2245396 43.7683396, 11.2246187 43.7684029, 11.2246324 43.7683882, 11.2246951 43.7683241, 11.2246214 43.7682321, 11.2245396 43.7681246, 11.2240483 43.7674915, 11.2237051 43.7676265, 11.2237636 43.7677014, 11.2237937 43.7677443, 11.2238865 43.7678669, 11.2236038 43.767976, 11.2236781 43.7680721, 11.223644 43.7680858, 11.2236287 43.768066, 11.223376 43.7681656, 11.2237859 43.7687018))",43.76813981470626,11.22401119042204
building_366,amenity_school,W781339746,"POLYGON ((11.2158566 43.7698525, 11.2157664 43.769736, 11.21575 43.7697148, 11.2157285 43.7693003, 11.2157419 43.7692364, 11.2157875 43.7691996, 11.2160428 43.7690751, 11.2163556 43.7689226, 11.216372 43.7688375, 11.2166378 43.7687436, 11.2167611 43.7687026, 11.2168214 43.7688026, 11.2168537 43.7688723, 11.2167893 43.7689536, 11.2168003 43.7689842, 11.2167583 43.7690069, 11.2168422 43.7690878, 11.2167016 43.7691586, 11.2171604 43.7695979, 11.2170933 43.7696367, 11.2169592 43.7697128, 11.216879 43.769751, 11.2168269 43.7697749, 11.2168121 43.7697293, 11.2166807 43.7697642, 11.2166968 43.7698339, 11.2160079 43.7698504, 11.2158566 43.7698525))",43.76938683286663,11.216379846067854
building_367,amenity_school,W781343010,"POLYGON ((11.2585826 43.7867907, 11.2587636 43.786838, 11.2587952 43.7868462, 11.2588726 43.7868664, 11.2589739 43.7868929, 11.2590779 43.7869603, 11.2590268 43.7869947, 11.2590732 43.7870327, 11.2589485 43.7871237, 11.2586875 43.7870658, 11.2584775 43.7870145, 11.2585826 43.7867907))",43.78696483263629,11.258775680883957
building_368,amenity_school,W781343011,"POLYGON ((11.2737911 43.8060224, 11.2744268 43.8058405, 11.2747252 43.8061267, 11.274516 43.8063532, 11.2737911 43.8060224))",43.80608146964475,11.274329143961339
building_369,amenity_school,W781343013,"POLYGON ((11.2553715 43.7822341, 11.2551318 43.7821768, 11.2551261 43.7821884, 11.2543867 43.7820188, 11.2543901 43.7820091, 11.2543312 43.7819947, 11.254347 43.7819608, 11.2544411 43.7819067, 11.2545322 43.7818603, 11.2549694 43.7816239, 11.255062 43.7815755, 11.2552052 43.7814966, 11.255291 43.7816058, 11.2554481 43.7817882, 11.255577 43.7819406, 11.2554938 43.7819741, 11.2554266 43.7821103, 11.255415 43.7821377, 11.2553715 43.7822341))",43.781903521402285,11.255034461297816
building_370,amenity_school,W781344326,"POLYGON ((11.2662302 43.7803257, 11.2661056 43.7802642, 11.265976 43.7802002, 11.2658138 43.7801202, 11.2661226 43.7797823, 11.2662897 43.7798618, 11.266463 43.7799517, 11.2665428 43.7799931, 11.2662302 43.7803257))",43.78005402356329,11.266178106993914
building_371,amenity_school,W781345670,"POLYGON ((11.2379382 43.7837652, 11.2379456 43.7837013, 11.2379499 43.7836638, 11.2379604 43.783573, 11.2376658 43.7832608, 11.2375303 43.7831098, 11.2375598 43.7830956, 11.2378322 43.7829645, 11.2379524 43.7829066, 11.2379813 43.7828927, 11.2380617 43.7829812, 11.2381603 43.7830889, 11.2385885 43.7828803, 11.2386301 43.7830042, 11.2386647 43.7831187, 11.2382448 43.7831886, 11.2383618 43.7833276, 11.2383965 43.7833698, 11.2384232 43.7833989, 11.238395 43.7834124, 11.2383834 43.7834179, 11.238335 43.783437, 11.2383655 43.7834753, 11.2384752 43.7835966, 11.2381908 43.7837399, 11.2381394 43.7837614, 11.2380723 43.7837769, 11.2379999 43.7837749, 11.2379382 43.7837652))",43.783291218209506,11.238096775545275
building_372,amenity_school,W781346795,"POLYGON ((11.2451064 43.7988573, 11.2446558 43.7981665, 11.2445334 43.797966, 11.2433832 43.7982828, 11.2433662 43.7983102, 11.2432993 43.7984338, 11.2437875 43.7989976, 11.2438955 43.7991385, 11.2444155 43.7992517, 11.2445446 43.7992798, 11.2445951 43.799262, 11.244899 43.7991549, 11.2452248 43.7990401, 11.2451758 43.7989643, 11.2451064 43.7988573))",43.798651314651266,11.244270407665384
building_373,amenity_school,W781350969,"POLYGON ((11.3235141 43.7854101, 11.3233117 43.7853518, 11.3229871 43.7852995, 11.3228423 43.7852414, 11.322791 43.78516, 11.322735 43.785071, 11.3227108 43.7849432, 11.3227108 43.7848038, 11.3227477 43.7846474, 11.322892 43.7846644, 11.3229818 43.7846723, 11.3230459 43.784681, 11.3238642 43.7847922, 11.3238561 43.7848561, 11.3239742 43.7848716, 11.3238374 43.7855009, 11.3237355 43.7854735, 11.3235141 43.7854101))",43.785038637784595,11.323340562079213
building_374,amenity_place_of_worship,W781509450,"POLYGON ((11.2587815 43.7800087, 11.2589567 43.7799197, 11.2589982 43.7798988, 11.2591108 43.7798434, 11.2591331 43.7798677, 11.2591631 43.7798525, 11.2591786 43.7798686, 11.2592389 43.7799353, 11.259209 43.7799497, 11.2592341 43.7799799, 11.2589123 43.7801408, 11.2587281 43.7802294, 11.2586065 43.780099, 11.2587815 43.7800087))",43.78003218602277,11.258930897328728
building_375,amenity_school,W781509459,"POLYGON ((11.2587281 43.7802294, 11.2589123 43.7801408, 11.2592341 43.7799799, 11.259209 43.7799497, 11.2592389 43.7799353, 11.2593925 43.779846, 11.2594774 43.7798013, 11.25956 43.779901, 11.2596284 43.7799784, 11.259662 43.780022, 11.2596845 43.7800144, 11.2597407 43.7800814, 11.259748 43.780096, 11.2597788 43.7801277, 11.2594538 43.7803283, 11.2593815 43.7802682, 11.2593694 43.7802789, 11.2591282 43.7804375, 11.2591133 43.7804251, 11.2589943 43.7804968, 11.2588908 43.7804106, 11.2587281 43.7802294))",43.78016113474,11.259264592819683
building_376,amenity_school,W781511797,"POLYGON ((11.246812 43.7493506, 11.2455647 43.7490045, 11.2459396 43.7482852, 11.2459919 43.7481831, 11.2469682 43.7484442, 11.2469914 43.7483982, 11.2487509 43.7488536, 11.2486464 43.7490465, 11.2486102 43.7491199, 11.2485166 43.7493077, 11.2483218 43.7496897, 11.2482926 43.7497469, 11.2482034 43.7497317, 11.2483666 43.7494075, 11.2481976 43.7493631, 11.2480343 43.7496873, 11.2479493 43.7496629, 11.2476059 43.7495642, 11.2475457 43.7495469, 11.2475088 43.7495363, 11.2474545 43.7495219, 11.2474029 43.7495082, 11.2470628 43.7494179, 11.246972 43.7493938, 11.246812 43.7493506))",43.7489394472828,11.247150131099492
building_377,amenity_school,W781511804,"POLYGON ((11.2501277 43.7686001, 11.2499658 43.7683259, 11.2501827 43.7682724, 11.2502214 43.7682631, 11.2505012 43.7681834, 11.2504803 43.7681383, 11.2505527 43.7681151, 11.2506117 43.7680996, 11.2507454 43.7683427, 11.250382 43.7684474, 11.250141 43.7685921, 11.2501277 43.7686001))",43.76834300144054,11.250354432494863
building_378,amenity_school,W781512452,"POLYGON ((11.2443945 43.7791039, 11.2444774 43.7789617, 11.2445001 43.7789683, 11.2445559 43.7789847, 11.2446815 43.7790216, 11.2447946 43.7790548, 11.2448647 43.7790753, 11.2448096 43.7791886, 11.2447813 43.7792298, 11.2443945 43.7791039))",43.77909405352942,11.244632953628862
building_379,amenity_school,W781513180,"POLYGON ((11.2760105 43.7661195, 11.2759003 43.7658559, 11.2760047 43.7658481, 11.2761068 43.7658404, 11.2766003 43.7662453, 11.2761073 43.766351, 11.2760856 43.7662992, 11.2760699 43.7662615, 11.2760105 43.7661195))",43.76610725799691,11.276202592676395
building_380,amenity_school,W781514134,"POLYGON ((11.3183448 43.7801832, 11.3186402 43.779988, 11.3187269 43.7799421, 11.3188556 43.7799228, 11.3190219 43.7799344, 11.3191668 43.7800041, 11.3193331 43.7801552, 11.3195007 43.7803882, 11.3195409 43.7804443, 11.3195758 43.7805586, 11.3195838 43.780605, 11.3196496 43.780922, 11.3198051 43.781197, 11.3190112 43.7812474, 11.3189844 43.7813403, 11.3187001 43.7813752, 11.3185928 43.7810452, 11.3178482 43.780527, 11.3182267 43.780264, 11.3183448 43.7801832))",43.78063892633696,11.318898557127785
building_381,amenity_school,W781514511,"POLYGON ((11.2612706 43.7816524, 11.2610648 43.7814015, 11.2612917 43.7813071, 11.2613427 43.7812866, 11.2612503 43.7811802, 11.2615136 43.7810683, 11.2614013 43.7809267, 11.2616275 43.780829, 11.2620051 43.7813131, 11.2617722 43.7814238, 11.2617284 43.7814446, 11.2614957 43.7815552, 11.2614169 43.7815889, 11.2612706 43.7816524))",43.78126983306621,11.261540850894262
building_382,amenity_school,W781514512,"POLYGON ((11.2616895 43.7807037, 11.2614357 43.7803806, 11.2613311 43.7802481, 11.2615938 43.7801445, 11.2618506 43.7803753, 11.2618824 43.7804038, 11.2620403 43.7805535, 11.2616895 43.7807037))",43.780423428860566,11.261674710216058
building_383,amenity_school,W781516090,"POLYGON ((11.2745116 43.7604603, 11.2744446 43.7603033, 11.2745894 43.7602375, 11.2744309 43.7599801, 11.2743185 43.7599082, 11.2741308 43.7599101, 11.2736262 43.7599491, 11.2730364 43.7600883, 11.272666 43.7593098, 11.2720842 43.7594103, 11.2722851 43.7600247, 11.2722154 43.7600382, 11.2725053 43.760991, 11.272669 43.7609717, 11.2727736 43.7614017, 11.273074 43.7611112, 11.2740717 43.7614831, 11.274112 43.7610375, 11.2744633 43.7606927, 11.2744687 43.7604719, 11.2745116 43.7604603))",43.760446698694174,11.273298364290511
building_384,amenity_school,W781532341,"POLYGON ((11.2557045 43.7746414, 11.2556323 43.7746656, 11.255243 43.7747933, 11.2552285 43.7747981, 11.2551667 43.7746825, 11.2551168 43.7745351, 11.2551586 43.7745274, 11.2551529 43.7745112, 11.2552649 43.7744905, 11.2552506 43.7744502, 11.255295 43.774442, 11.2552878 43.7744215, 11.2552768 43.7743904, 11.2552292 43.7743992, 11.2552178 43.774367, 11.2552389 43.7743626, 11.2552283 43.7743336, 11.2552158 43.774336, 11.2552001 43.774293, 11.2551944 43.7742756, 11.255178 43.7742338, 11.2551965 43.7742296, 11.2555339 43.7741639, 11.2557045 43.7746414))",43.774486318583506,11.255405310328232
building_385,amenity_school,W781533422,"POLYGON ((11.2640242 43.7756457, 11.2637587 43.7757798, 11.2637244 43.775797, 11.2637629 43.775837, 11.2638333 43.7759108, 11.2638663 43.7759481, 11.2638994 43.7759879, 11.2638813 43.7759974, 11.2638536 43.776011, 11.2639053 43.7760664, 11.2640068 43.7761737, 11.2640173 43.7761877, 11.2640487 43.7762209, 11.2640876 43.7762664, 11.2641558 43.7763376, 11.2643138 43.7765026, 11.2644899 43.7766864, 11.2645724 43.7767725, 11.2646074 43.7768091, 11.2646494 43.7768529, 11.2651541 43.7766192, 11.2651096 43.7765686, 11.2650506 43.7764874, 11.2649585 43.7763762, 11.2649037 43.7763133, 11.2647127 43.7760854, 11.264616 43.775973, 11.2645866 43.7759373, 11.2645397 43.7758801, 11.2644215 43.7757338, 11.264254 43.7758172, 11.2642084 43.7758395, 11.264136 43.7757611, 11.2640242 43.7756457))",43.776241011853415,11.264449220805343
building_386,amenity_school,W781535105,"POLYGON ((11.224298 43.7906849, 11.2242166 43.7905814, 11.2238123 43.7900297, 11.2242629 43.7897896, 11.2246195 43.7896422, 11.2249013 43.7895379, 11.2250461 43.7894701, 11.2251741 43.7893959, 11.2252069 43.7893769, 11.2252338 43.7893869, 11.2252575 43.7893826, 11.22528 43.7893654, 11.2253156 43.7893391, 11.225313 43.7893195, 11.2252916 43.7892982, 11.2253318 43.7892768, 11.2254033 43.789215, 11.2258023 43.7896635, 11.2250541 43.7900646, 11.2245982 43.7903046, 11.2247438 43.7904699, 11.2245741 43.7905499, 11.224298 43.7906849))",43.78993543969076,11.224755455291449
building_387,amenity_school,W781536026,"POLYGON ((11.2204913 43.7966809, 11.2198315 43.7958077, 11.2205636 43.7957663, 11.2208239 43.7957516, 11.2214576 43.7962997, 11.2204913 43.7966809))",43.79615558164828,11.220631825450129
building_388,amenity_school,W781536658,"POLYGON ((11.2263804 43.8082436, 11.2258333 43.8077481, 11.2261777 43.8075253, 11.2268231 43.8071223, 11.2274925 43.8077692, 11.2263804 43.8082436))",43.80770791810313,11.226651328825467
building_389,amenity_school,W781537334,"POLYGON ((11.2400717 43.7872462, 11.240305 43.7866192, 11.2403182 43.7865915, 11.2403737 43.7865994, 11.2404622 43.7865596, 11.2413171 43.7867346, 11.2411017 43.7872784, 11.2408729 43.7872265, 11.2408944 43.7871735, 11.2407115 43.7871384, 11.2406954 43.7871793, 11.2406088 43.7871646, 11.2404713 43.7871329, 11.2403977 43.7873103, 11.2400789 43.7872476, 11.2400717 43.7872462))",43.78693005282673,11.240681388176082
building_390,amenity_school,W781538779,"POLYGON ((11.30321 43.7518343, 11.3032669 43.7520296, 11.3037443 43.7520625, 11.3038087 43.7521497, 11.3040206 43.7521226, 11.3039079 43.7517293, 11.30321 43.7518343))",43.75193066648026,11.303650595436938
building_391,amenity_school,W781538780,"POLYGON ((11.3058231 43.7502669, 11.3056277 43.750278, 11.3056245 43.7502975, 11.3052436 43.7503537, 11.3052195 43.7506637, 11.3053563 43.7506579, 11.3054153 43.7509853, 11.304895 43.7510589, 11.3048583 43.7509097, 11.3045945 43.7498383, 11.3053027 43.7497375, 11.3056406 43.7497259, 11.3056513 43.749877, 11.3058394 43.7498732, 11.3058231 43.7502669))",43.7502755519395,11.305167528387944
building_392,amenity_school,W781541437,"POLYGON ((11.2773395 43.7753613, 11.2772515 43.7753174, 11.2772239 43.7753023, 11.277083 43.7752307, 11.2772363 43.7750735, 11.2773112 43.7749978, 11.277226 43.7749569, 11.2770834 43.7748831, 11.2768953 43.7747856, 11.2769477 43.774733, 11.276979 43.7747041, 11.2770052 43.7746765, 11.2770655 43.7747065, 11.2774101 43.7748827, 11.2777075 43.7745844, 11.2777859 43.774507, 11.2778835 43.7746308, 11.2779395 43.774687, 11.2783081 43.7751116, 11.2781647 43.7752601, 11.2781326 43.7752903, 11.2780649 43.775354, 11.2779751 43.7754464, 11.2778996 43.7754081, 11.2778512 43.775447, 11.2777331 43.7753928, 11.277591 43.7754373, 11.2776768 43.7754786, 11.2776331 43.7755252, 11.2776245 43.7755343, 11.2773776 43.7754159, 11.2773157 43.7753862, 11.2773395 43.7753613))",43.77505444604935,11.277666977880601
building_393,amenity_school,W781549638,"POLYGON ((11.2812739 43.7836408, 11.2814335 43.783575, 11.2814685 43.7836091, 11.2816076 43.7838086, 11.2816283 43.7838384, 11.2814904 43.7838175, 11.2815014 43.7838325, 11.2814388 43.7838258, 11.281435 43.7838521, 11.2812807 43.7838347, 11.2812566 43.7839383, 11.2812275 43.7840516, 11.2806721 43.7839859, 11.2806949 43.7838891, 11.2807267 43.7837551, 11.2807562 43.7837096, 11.2808365 43.7836873, 11.2807938 43.7835827, 11.28116 43.7835403, 11.2812216 43.7835391, 11.281256 43.7835463, 11.2812739 43.7836408))",43.78378547378688,11.281092410177669
building_394,amenity_school,W781549641,"POLYGON ((11.2891701 43.7801909, 11.2891862 43.7802142, 11.2892246 43.7802675, 11.2893316 43.7804212, 11.2894489 43.7805969, 11.2894835 43.7806481, 11.2896407 43.7808913, 11.2898793 43.7811958, 11.2899173 43.7811814, 11.2901068 43.7811066, 11.2902084 43.7810603, 11.2903189 43.7810115, 11.2907641 43.7815905, 11.2912738 43.7814162, 11.2907057 43.7807949, 11.2907668 43.7807658, 11.2903909 43.7802369, 11.2904244 43.7802269, 11.2901823 43.7799509, 11.2900317 43.7798075, 11.2899716 43.7798322, 11.2894378 43.7800626, 11.2892908 43.780129, 11.2891701 43.7801909))",43.780661285947,11.290158918124911
building_395,amenity_place_of_worship,W800365632,"POLYGON ((11.2478192 43.7724751, 11.2477815 43.7724334, 11.2476906 43.7723375, 11.2476064 43.7723804, 11.2476394 43.7724144, 11.2476134 43.7724285, 11.2474948 43.772481, 11.2474546 43.7725002, 11.2476555 43.7727242, 11.2478235 43.7728827, 11.2480391 43.7727635, 11.2480822 43.7727414, 11.2479415 43.7725988, 11.2478192 43.7724751))",43.77261994632678,11.247764780583898
building_396,amenity_school,W801281184,"POLYGON ((11.2383274 43.783877, 11.2383611 43.7838776, 11.238359 43.7838938, 11.2383234 43.784233, 11.2379225 43.7842125, 11.2377315 43.7843459, 11.2376109 43.784433, 11.2373986 43.7845236, 11.2373438 43.7844521, 11.2366975 43.7847478, 11.2362271 43.784938, 11.2359906 43.7845507, 11.2373577 43.7839178, 11.23755 43.7839602, 11.2376276 43.7839744, 11.2376064 43.7840003, 11.2376789 43.7840294, 11.2377667 43.7841166, 11.2379595 43.7840219, 11.2379571 43.7840565, 11.2380861 43.784076, 11.2380906 43.784011, 11.238133 43.7840126, 11.2381347 43.783988, 11.2381144 43.7839872, 11.2381227 43.7838695, 11.2383274 43.783877))",43.784356731453926,11.237088469789535
building_397,amenity_school,W865910234,"POLYGON ((11.2956087 43.77622, 11.2954614 43.7762297, 11.2954083 43.7762334, 11.2953762 43.7762834, 11.2952262 43.7762954, 11.295163 43.7763004, 11.2945442 43.7763492, 11.2943418 43.776366, 11.2942823 43.7758174, 11.2948309 43.7755929, 11.2949334 43.7755527, 11.295188 43.775453, 11.295476 43.7754153, 11.2956087 43.77622))",43.775938857624816,11.294968689360399
building_398,amenity_school,W865910235,"POLYGON ((11.2955346 43.7754073, 11.2968559 43.7752549, 11.2968444 43.7753158, 11.2968821 43.7753561, 11.2969594 43.7753688, 11.2969915 43.7754045, 11.297044 43.7754628, 11.2975498 43.7760246, 11.2975101 43.7760831, 11.2965658 43.7761513, 11.2965551 43.7760666, 11.2964637 43.7760781, 11.2964785 43.776116, 11.2963359 43.7761272, 11.2961742 43.7761398, 11.2961758 43.7760992, 11.2960535 43.7760916, 11.2960665 43.7761863, 11.2958852 43.7761992, 11.2956957 43.7762128, 11.2956587 43.7762154, 11.2955346 43.7754073))",43.77575503109634,11.296434820863583
building_399,amenity_place_of_worship,W886189840,"POLYGON ((11.2993836 43.7558466, 11.2994263 43.7558337, 11.2994392 43.7558558, 11.2994645 43.7558481, 11.2995074 43.755922, 11.299488 43.7559278, 11.2995078 43.7559627, 11.2993997 43.7559952, 11.2992865 43.7560297, 11.2992688 43.7559996, 11.2992063 43.7560185, 11.2991483 43.755918, 11.2993836 43.7558466))",43.75593421618818,11.299337730813685
building_400,amenity_school,W1345258385,"POLYGON ((11.2974251 43.7667038, 11.297653 43.7670773, 11.2978782 43.767423, 11.2980075 43.7673924, 11.298055 43.7673783, 11.2988286 43.7670903, 11.2984742 43.7665211, 11.2979924 43.7666047, 11.2979957 43.7666312, 11.2979624 43.7666373, 11.2979381 43.7666425, 11.2979183 43.7666172, 11.2974251 43.7667038))",43.766944435813635,11.29813176795789
building_401,amenity_school,R1576640,"POLYGON ((11.2437875 43.7989976, 11.2439751 43.7989166, 11.244182 43.7991539, 11.2444503 43.7992185, 11.2445379 43.7991819, 11.2445951 43.799262, 11.244899 43.7991549, 11.2447564 43.7989466, 11.2444061 43.7990758, 11.2443078 43.7990674, 11.2441006 43.7988094, 11.2444143 43.7986659, 11.2440658 43.7982686, 11.2442864 43.798207, 11.2442125 43.798088, 11.2433662 43.7983102, 11.2432993 43.7984338, 11.2437875 43.7989976), (11.2435997 43.798517, 11.2436796 43.7984155, 11.2436584 43.7983797, 11.2439097 43.7983127, 11.2441704 43.7986165, 11.2438156 43.798779, 11.2435997 43.798517))",43.79868020047376,11.244024114756877
building_402,amenity_school,R1610042,"POLYGON ((11.2311501 43.7902027, 11.2310993 43.7902237, 11.2311537 43.7903061, 11.2311975 43.7902878, 11.2315487 43.7903871, 11.2317375 43.7904394, 11.231664 43.7905878, 11.2314924 43.7905379, 11.2315003 43.7905121, 11.2314001 43.790485, 11.2313562 43.7905767, 11.2314068 43.7906532, 11.2314167 43.7906419, 11.2315991 43.790694, 11.2316073 43.7907072, 11.2315905 43.7907145, 11.2316868 43.7908303, 11.2317339 43.7908146, 11.2318293 43.7909366, 11.2316509 43.7910123, 11.2317793 43.7911599, 11.232141 43.7910144, 11.2322652 43.7911645, 11.2323137 43.7911471, 11.2322706 43.791094, 11.23239 43.7910445, 11.2323143 43.7909434, 11.232607 43.7908183, 11.2327036 43.7909415, 11.2328922 43.7908678, 11.2328338 43.7907945, 11.2327787 43.7908124, 11.2326194 43.7906004, 11.2325915 43.7905799, 11.2325452 43.7905662, 11.2324874 43.790551, 11.2325122 43.7905068, 11.2324256 43.7904819, 11.2313202 43.7901912, 11.231235 43.790067, 11.2310897 43.7901137, 11.2311501 43.7902027), (11.2318529 43.7904714, 11.2319351 43.7904942, 11.2322851 43.790593, 11.2322718 43.7906223, 11.2323425 43.7906411, 11.2324279 43.790752, 11.2320038 43.7909133, 11.2318033 43.7906284, 11.2317787 43.7906212, 11.2318529 43.7904714))",43.790659204873506,11.231979878225506
building_403,amenity_place_of_worship,R1719070,"POLYGON ((11.2220767 43.731536, 11.2219182 43.7313151, 11.2219515 43.7313048, 11.2219263 43.7312622, 11.2218895 43.7312752, 11.2217381 43.7310403, 11.2218643 43.7309775, 11.2215956 43.7306779, 11.2211203 43.730901, 11.2211577 43.7309446, 11.2209269 43.7310646, 11.2208878 43.7310316, 11.2208721 43.7310443, 11.2208155 43.7310121, 11.220774 43.7309743, 11.2204856 43.7311132, 11.2205396 43.7311955, 11.2203997 43.7312603, 11.2204467 43.7313119, 11.2206075 43.7312487, 11.2205476 43.7311802, 11.2206745 43.7311161, 11.2207057 43.7311469, 11.2207685 43.7311025, 11.2208329 43.7311469, 11.2206079 43.7312671, 11.2215477 43.7323728, 11.2217504 43.732401, 11.2221794 43.7321587, 11.2222937 43.7318382, 11.2221148 43.731589, 11.2221525 43.7315761, 11.2221112 43.7315258, 11.2220767 43.731536), (11.2215903 43.7321589, 11.2211988 43.7317003, 11.2217194 43.7314682, 11.2221109 43.7319269, 11.2215903 43.7321589), (11.2216036 43.7310287, 11.2209781 43.7313232, 11.2208385 43.7311683, 11.221464 43.7308738, 11.2216036 43.7310287), (11.2211779 43.7313229, 11.2212037 43.7313533, 11.2210516 43.7314207, 11.2210258 43.7313903, 11.2211779 43.7313229), (11.2212168 43.7314263, 11.22133 43.7313766, 11.221384 43.7314407, 11.2212707 43.7314904, 11.2212168 43.7314263))",43.73152880403979,11.221479821914164
building_404,amenity_place_of_worship,R4077522,"POLYGON ((11.27137 43.8144252, 11.2714643 43.8144828, 11.2713677 43.814566, 11.2714402 43.8145951, 11.2714719 43.8145549, 11.2716463 43.8146381, 11.27159 43.8147039, 11.2717107 43.8147581, 11.2718582 43.8145743, 11.2718881 43.8145893, 11.2719413 43.8145065, 11.2716087 43.8143304, 11.2715501 43.8143822, 11.2714693 43.8143381, 11.27137 43.8144252), (11.2715953 43.8144657, 11.2716299 43.8144853, 11.2716066 43.8145067, 11.271572 43.8144871, 11.2715953 43.8144657), (11.2716923 43.8145564, 11.2717402 43.8145104, 11.2717777 43.8145317, 11.2717432 43.8145796, 11.2716923 43.8145564))",43.81451892438186,11.271648055942347
building_405,amenity_place_of_worship,R4085860,"POLYGON ((11.2298691 43.7874978, 11.2298913 43.7875187, 11.230059 43.7874396, 11.2298337 43.7871975, 11.2296649 43.7872671, 11.2296971 43.7872981, 11.2293521 43.7874604, 11.2293052 43.7874829, 11.2293322 43.7875189, 11.2293323 43.7875614, 11.2293697 43.7876061, 11.2294099 43.7876351, 11.229469 43.7876564, 11.229486 43.7876801, 11.2298691 43.7874978), (11.2297808 43.7873439, 11.2298448 43.7873131, 11.2299147 43.7873888, 11.2298507 43.7874196, 11.2297808 43.7873439))",43.787450812590606,11.22966839914894
building_406,amenity_school,R6597161,"POLYGON ((11.2858552 43.7609084, 11.2855291 43.7607366, 11.2857666 43.7604983, 11.286092 43.7606674, 11.2861937 43.7605641, 11.2852013 43.760062, 11.2847914 43.7605, 11.2849309 43.7605813, 11.2857471 43.7610182, 11.2858552 43.7609084), (11.285061 43.7604783, 11.2851168 43.7604183, 11.2851537 43.760438, 11.2852256 43.7604226, 11.2852687 43.7603778, 11.2852607 43.7603255, 11.2852266 43.7603078, 11.2852751 43.7602592, 11.2854968 43.7603746, 11.2852789 43.7605931, 11.285061 43.7604783))",43.76051125208885,11.285431913101906
