territory,building_type,osmid,coord,distance,rise,fall
Deusto,amenity_place_of_worship,W70038638,"(43.285056100487196, -2.965406009084892)",207.88799999999998,5.500000000024748,5.000000000064345
Deusto,railway_subway_entrance,N571803300,"(43.2814585, -2.9629953)",561.1920000000001,7.499999999999998,8.500000000064343
Deusto,railway_subway_entrance,N571803302,"(43.2813449, -2.9626287)",602.9200000000001,7.499999999999999,8.500000000064343
Deusto,amenity_school,W289130979,"(43.28275835370616, -2.961325319808084)",603.283,13.4999999999901,8.500000000064343
Deusto,railway_subway_entrance,N571803301,"(43.2814367, -2.9624547)",617.7730000000001,9.50000000001485,8.500000000064343
Deusto,amenity_library,N10308519810,"(43.2812493, -2.9624445)",618.0690000000001,7.5,8.500000000064343
Basurtu-Zorrotza,amenity_police,W368598943,"(43.282340484756865, -2.969394480493147)",6358.05,49.50000000023771,56.00000000030701
