territory,building_type,osmid,coord,distance,rise,fall
Otxarkoaga-Txurdinaga,amenity_school,W298580885,"(43.252145781885545, -2.9041002912407294)",141.471,10.000000000044608,0.0
Otxarkoaga-Txurdinaga,amenity_school,W185282109,"(43.25366521738261, -2.906609666855828)",427.767,8.00000000001986,8.500000000019853
Otxarkoaga-Txurdinaga,amenity_school,W185282107,"(43.25387952593527, -2.9081157892491385)",524.442,12.500000000000007,10.499999999960345
Begona,building_train_station,W262197081,"(43.24721948941041, -2.905694544078832)",695.798,3.000000000009962,34.000000000005
Begona,railway_subway_entrance,N5923164463,"(43.2470897, -2.9058799)",702.6129999999999,3.000000000009969,33.49999999999013
Begona,building_train_station,W627458954,"(43.24706648377492, -2.9056005672304304)",702.6129999999999,3.000000000009969,33.49999999999013
Begona,building_train_station,W627458976,"(43.24700044461815, -2.9057383069873937)",702.6129999999999,3.000000000009969,33.49999999999013
Begona,railway_subway_entrance,N5923164459,"(43.2470028, -2.9055002)",842.9119999999999,11.000000000000053,41.99999999999509
