territory,building_type,osmid,coord,distance,rise,fall
Otxarkoaga-Txurdinaga,N/A,N4060532220,"(43.2594633, -2.9000251)",354.817,8.500000000049582,6.999999999935625
Otxarkoaga-Txurdinaga,N/A,N4060532216,"(43.2579448, -2.9067392)",477.5699999999999,0.5000000000693774,24.99999999998019
Otxarkoaga-Txurdinaga,N/A,W164512079,"(43.25788389565486, -2.8988002094288414)",501.04400000000004,6.500000000039691,27.00000000008926
Otxarkoaga-Txurdinaga,N/A,W235157481,"(43.25672274935615, -2.9070052667191253)",592.137,1.4210854715202004e-14,30.99999999993065
Otxarkoaga-Txurdinaga,N/A,W164510985,"(43.257638496193636, -2.898318280368446)",605.7760000000001,11.500000000118987,27.00000000008926
Otxarkoaga-Txurdinaga,N/A,N4060532217,"(43.2581194, -2.8980592)",682.1110000000001,11.500000000119002,27.000000000089273
