territory,building_type,osmid,coord,distance,rise,fall
Abando,N/A,W28211432,"(43.26554608054959, -2.93803822151696)",324.68600000000004,0.0,14.000000000034674
Abando,N/A,N1271964866,"(43.2645212, -2.9345677)",393.286,5.000000000004956,7.500000000019817
Abando,N/A,N4762096882,"(43.2634, -2.9433546)",512.016,4.000000000034685,7.500000000059451
Abando,N/A,N4761972760,"(43.2642641, -2.9429738)",514.704,8.999999999999998,16.50000000005449
Abando,N/A,W96337695,"(43.25973970175266, -2.9371151663607047)",551.3029999999999,3.4999999999355893,6.499999999960359
Abando,N/A,W108504682,"(43.26150873360247, -2.9323193974511943)",576.316,9.000000000079279,8.000000000084224
