territory,building_type,osmid,coord,distance,rise,fall
Uribarri,N/A,W48045715,"(43.26461925000001, -2.912653900000001)",432.88599999999997,16.000000000034674,51.50000000016844
Uribarri,N/A,N5056355015,"(43.2646852, -2.9126594)",432.88599999999997,16.000000000034674,51.50000000016844
Uribarri,N/A,N4060532227,"(43.2648784, -2.9149249)",635.5109999999997,4.999999999995076,59.5000000000694
