territory,building_type,osmid,coord,distance,rise,fall
Begona,N/A,N9607391207,"(43.2500267, -2.9080084)",596.65,34.50000000008429,14.000000000044636
Begona,N/A,W305622069,"(43.25019552887615, -2.9072914369528084)",630.3110000000001,26.500000000039684,13.500000000000028
