territory,building_type,osmid,coord,distance,rise,fall
Abando,N/A,N4761972760,"(43.2642641, -2.9429738)",162.029,3.000000000019817,3.552713678800501e-15
Abando,N/A,N518227646,"(43.2661789, -2.9463066)",240.59300000000002,2.6645352591003757e-15,13.999999999975234
Abando,N/A,N4762096882,"(43.2634, -2.9433546)",286.529,7.000000000049543,3.552713678800501e-15
Abando,N/A,W171882527,"(43.26787786483111, -2.940565564584242)",514.8190000000001,2.999999999995045,20.499999999930647
Deusto,N/A,W185205688,"(43.26864835487923, -2.947859768119749)",625.2589999999999,4.500000000009914,15.499999999955422
Deusto,N/A,N5056437799,"(43.2691029, -2.9449199)",672.163,5.499999999980195,15.49999999995542
Abando,N/A,W28211432,"(43.26554608054959, -2.93803822151696)",728.281,9.000000000059451,12.50000000001982
