territory,building_type,osmid,coord,distance,rise,fall
Uribarri,N/A,N5056353256,"(43.2689626, -2.9250581)",385.8110000000001,17.50000000003468,91.50000000008423
Uribarri,N/A,W123440604,"(43.26872494896904, -2.9260301349397224)",579.566,44.500000000064404,124.500000000109
Uribarri,N/A,N9607363904,"(43.2682033, -2.9265437)",643.427,44.500000000064404,129.5000000000892
