territory,building_type,osmid,coord,distance,rise,fall
Uribarri,N/A,N4060532227,"(43.2648784, -2.9149249)",129.218,6.9999999999851354,0.0
Uribarri,N/A,N5056356248,"(43.2663985, -2.918579)",338.078,13.000000000039648,4.999999999950475
Uribarri,N/A,W48045715,"(43.26461925000001, -2.912653900000001)",362.83799999999997,33.00000000000497,7.000000000079275
Uribarri,N/A,N5056355015,"(43.2646852, -2.9126594)",362.83799999999997,33.00000000000497,7.000000000079275
Uribarri,N/A,N4508853267,"(43.2655628, -2.9205809)",417.851,3.4999999999653255,23.999999999975245
