territory,building_type,osmid,coord,distance,rise,fall
Begona,amenity_school,W302871940,"(43.24857120737572, -2.9140678663974113)",0.0,0.0,0.0
Begona,amenity_school,W419249921,"(43.247898820477886, -2.9140790959457936)",197.639,2.00000000005452,0.0
Begona,railway_subway_entrance,N506170042,"(43.2506056, -2.9114436)",305.934,19.500000000059487,1.0000000000049738
Begona,amenity_place_of_worship,W40111977,"(43.25102796813039, -2.916214065107912)",415.72400000000005,31.000000000074365,13.000000000044636
Begona,railway_subway_entrance,N506170049,"(43.2507365, -2.9105707)",420.4970000000001,22.50000000001984,3.999999999960366
Begona,amenity_school,W178937537,"(43.25131112995326, -2.9102872678264795)",439.2080000000001,22.50000000001984,1.0000000000049738
Begona,tourism_hostel,R6809489,"(43.246643762497214, -2.90992181556658)",450.105,5.000000000044622,9.99999999998019
Begona,amenity_school,W40347954,"(43.25086874686762, -2.9168277398567413)",476.3850000000001,28.500000000118952,12.500000000039655
Begona,amenity_school,W40347964,"(43.25155120263126, -2.917310261009466)",636.605,31.50000000017844,24.00000000012392
