territory,building_type,osmid,coord,distance,rise,fall
Deusto,amenity_place_of_worship,W70038638,"(43.285056100487196, -2.965406009084892)",237.07399999999998,5.500000000024748,1.5000000000098992
Deusto,railway_subway_entrance,N571803300,"(43.2814585, -2.9629953)",510.127,5.499999999985149,2.99999999999505
Deusto,railway_subway_entrance,N571803302,"(43.2813449, -2.9626287)",551.855,5.49999999998515,2.999999999995051
Deusto,amenity_school,W289130979,"(43.28275835370616, -2.961325319808084)",552.218,11.499999999975252,2.9999999999950493
Deusto,railway_subway_entrance,N571803301,"(43.2814367, -2.9624547)",566.7080000000001,7.5,2.99999999999505
Deusto,amenity_library,N10308519810,"(43.2812493, -2.9624445)",567.004,5.4999999999851505,2.999999999995051
Basurtu-Zorrotza,amenity_police,W368598943,"(43.282340484756865, -2.969394480493147)",6306.985000000001,47.50000000022286,50.50000000023772
