territory,building_type,osmid,coord,distance,rise,fall
Errekalde,amenity_school,W151417160,"(43.24855327383859, -2.941124341036385)",584.83,0.9999999999801616,26.499999999890917
Errekalde,amenity_school,W302863499,"(43.249161518689874, -2.9419338912957236)",752.1089999999998,8.000000000034703,36.99999999997024
Errekalde,amenity_school,W165462102,"(43.245592158361845, -2.9342422839261544)",811.877,13.000000000029758,16.999999999970242
