territory,building_type,osmid,coord,distance,rise,fall
Begona,N/A,N5056328910,"(43.2541211, -2.9149326)",329.958,29.00000000000992,0.0
Ibaiondo,N/A,W420558992,"(43.256988569906525, -2.92040166742721)",620.1589999999998,24.50000000012392,39.500000000128864
Ibaiondo,N/A,W375390416,"(43.25296603590128, -2.923187807157419)",953.6060000000001,38.000000000242856,64.50000000022798
