territory,building_type,osmid,coord,distance,rise,fall
Errekalde,N/A,W111740255,"(43.25465516232398, -2.943640524057168)",299.57399999999996,3.000000000019824,10.000000000064432
Abando,N/A,N5056379164,"(43.2581887, -2.9459426)",402.66299999999995,3.5000000000793037,8.50000000010408
Errekalde,N/A,N9607455457,"(43.252218, -2.9481901)",489.945,33.00000000005949,1.4210854715202004e-14
Basurtu-Zorrotza,N/A,N9607467466,"(43.2589548, -2.9488089)",732.855,8.500000000094161,16.000000000074337
