territory,building_type,osmid,coord,distance,rise,fall
Errekalde,N/A,N5056184623,"(43.2568371, -2.9396557)",301.35,1.9999999999950475,0.0
Abando,N/A,N5056379164,"(43.2581887, -2.9459426)",461.452,2.9999999999851283,3.5000000000346816
Errekalde,N/A,W111740255,"(43.25465516232398, -2.943640524057168)",471.299,6.500000000089194,9.000000000158579
Abando,N/A,W96337695,"(43.25973970175266, -2.9371151663607047)",594.6059999999999,2.000000000049546,15.000000000049553
