territory,building_type,osmid,coord,distance,rise,fall
Deusto,N/A,N10308519810,"(43.2812493, -2.9624445)",365.95500000000004,2.499999999990102,3.0000000000297016
Deusto,N/A,W290069950,"(43.280414549918596, -2.9601837787502543)",704.359,13.500000000059405,5.500000000064351
