territory,building_type,osmid,coord,distance,rise,fall
Ibaiondo,N/A,N11229801356,"(43.2538282, -2.9319814)",208.966,1.0000000000594795,0.9999999999851426
Errekalde,N/A,N5056183351,"(43.251483, -2.9359224)",445.09200000000004,12.500000000000007,3.50000000003471
