territory,building_type,osmid,coord,distance,rise,fall
Abando,N/A,N4761972760,"(43.2642641, -2.9429738)",192.679,7.500000000009905,0.0
Abando,N/A,N4762096882,"(43.2634, -2.9433546)",317.179,11.50000000003963,0.0
Abando,N/A,W28211432,"(43.26554608054959, -2.93803822151696)",374.14199999999994,6.000000000039634,5.000000000009912
Abando,N/A,W171882527,"(43.26787786483111, -2.940565564584242)",401.976,2.972644352894349e-11,12.99999999997524
Abando,N/A,N518227646,"(43.2661789, -2.9463066)",498.56899999999996,5.500000000019823,15.000000000004963
