territory,building_type,osmid,coord,distance,rise,fall
Basurtu-Zorrotza,amenity_place_of_worship,W297437908,"(43.262797302818186, -2.962656780084932)",42.209,1.4210854715202004e-14,1.4210854715202004e-14
Basurtu-Zorrotza,tourism_hostel,W52528082,"(43.26320722722957, -2.9613203976201534)",300.677,2.842170943040401e-14,34.99999999997027
Basurtu-Zorrotza,tourism_hostel,W297437909,"(43.26060438475347, -2.9631934865762424)",381.70300000000003,64.49999999982165,28.999999999851383
Basurtu-Zorrotza,amenity_place_of_worship,W163196945,"(43.265461037844666, -2.9606482549113027)",1609.6949999999997,57.500000000099156,143.50000000007932
