territory,building_type,osmid,coord,distance,rise,fall
Errekalde,N/A,W111740255,"(43.25465516232398, -2.943640524057168)",131.422,0.0,10.00000000010408
Errekalde,N/A,N5056184623,"(43.2568371, -2.9396557)",605.333,11.000000000153626,16.500000000193275
Errekalde,N/A,N9607455457,"(43.252218, -2.9481901)",706.0690000000001,37.000000000089216,7.000000000089216
