territory,building_type,osmid,coord,distance,rise,fall
Otxarkoaga-Txurdinaga,N/A,N4060532216,"(43.2579448, -2.9067392)",274.184,1.4210854715202004e-14,19.99999999998515
Otxarkoaga-Txurdinaga,N/A,W235157481,"(43.25672274935615, -2.9070052667191253)",403.51800000000003,1.4210854715202004e-14,26.500000000004974
Otxarkoaga-Txurdinaga,N/A,N4060532220,"(43.2594633, -2.9000251)",676.3960000000001,22.000000000114014,16.00000000007438
