territory,building_type,osmid,coord,distance,rise,fall
Uribarri,N/A,N9607363904,"(43.2682033, -2.9265437)",191.057,0.49999999995542055,0.9999999999653291
Uribarri,N/A,N5056353256,"(43.2689626, -2.9250581)",247.74199999999996,18.000000000009905,7.500000000044576
Uribarri,N/A,W123440604,"(43.26872494896904, -2.9260301349397224)",252.662,5.499999999935611,0.9999999999653291
Uribarri,N/A,W248634544,"(43.26459250062579, -2.9231745754982787)",480.043,9.000000000019817,7.500000000049546
Uribarri,N/A,N4508853267,"(43.2655628, -2.9205809)",584.964,22.999999999940556,5.499999999995055
