territory,building_type,osmid,coord,distance,rise,fall
Deusto,amenity_place_of_worship,N707156296,"(43.274857, -2.9480119)",1077.6789999999999,27.999999999990095,83.999999999901
,amenity_school,W366043794,"(43.279343628497756, -2.9411614017314194)",1468.388,68.50000000008421,77.0000000000496
