territory,building_type,osmid,coord,distance,rise,fall
Uribarri,N/A,N4060532227,"(43.2648784, -2.9149249)",191.993,0.0,21.500000000123848
Uribarri,N/A,W48045715,"(43.26461925000001, -2.912653900000001)",425.613,26.00000000001983,28.500000000203123
Uribarri,N/A,N5056355015,"(43.2646852, -2.9126594)",425.613,26.00000000001983,28.500000000203123
Uribarri,N/A,N5056356248,"(43.2663985, -2.918579)",582.796,14.000000000059458,34.50000000007927
