territory,building_type,osmid,coord,distance,rise,fall
Basurtu-Zorrotza,N/A,W402170994,"(43.25967701277512, -2.9532145370708145)",189.16899999999998,2.999999999980176,14.50000000001981
Basurtu-Zorrotza,N/A,N9607467466,"(43.2589548, -2.9488089)",847.789,13.000000000064432,33.00000000007434
Basurtu-Zorrotza,N/A,W163195554,"(43.262640749370476, -2.9496477508797216)",881.4390000000001,11.500000000034682,34.00000000003964
Basurtu-Zorrotza,N/A,W632988668,"(43.26125499964527, -2.950015396409132)",991.1130000000002,14.500000000000007,41.00000000000992
