territory,building_type,osmid,coord,distance,rise,fall
Uribarri,N/A,N4060532227,"(43.2648784, -2.9149249)",357.78399999999993,7.105427357601002e-15,38.00000000002476
Uribarri,N/A,W48045715,"(43.26461925000001, -2.912653900000001)",394.69199999999995,10.500000000029729,29.50000000011393
Uribarri,N/A,N5056355015,"(43.2646852, -2.9126594)",394.69199999999995,10.500000000029729,29.50000000011393
Uribarri,N/A,N5056356248,"(43.2663985, -2.918579)",487.36400000000003,7.499999999960409,44.499999999881126
Uribarri,N/A,N4508853267,"(43.2655628, -2.9205809)",713.888,7.499999999960437,72.99999999998025
