territory,building_type,osmid,coord,distance,rise,fall
Ibaiondo,N/A,W420558992,"(43.256988569906525, -2.92040166742721)",295.06999999999994,20.499999999945487,11.00000000002478
Ibaiondo,N/A,W375390416,"(43.25296603590128, -2.923187807157419)",296.32099999999997,10.500000000069388,12.500000000128857
Ibaiondo,N/A,W41525574,"(43.25771234249542, -2.9221397271902023)",301.966,9.000000000034689,13.000000000104073
Ibaiondo,N/A,N5056088727,"(43.2562779, -2.9264049)",467.314,8.500000000094165,13.500000000158593
Ibaiondo,N/A,W108497734,"(43.25874273518262, -2.9247747311690637)",494.6000000000001,6.000000000039641,14.000000000084249
Ibaiondo,N/A,W404432093,"(43.25599232855877, -2.9282142750288136)",583.6740000000001,21.000000000019828,10.500000000079297
Ibaiondo,N/A,W376396126,"(43.25272399169551, -2.925878746109151)",1049.688,37.00000000008426,31.500000000183384
