territory,building_type,osmid,coord,distance,rise,fall
Basurtu-Zorrotza,amenity_place_of_worship,R11227990,"(43.25576330060649, -2.947366226912851)",1089.279,4.500000000034703,43.50000000007434
Basurtu-Zorrotza,amenity_library,N10313715009,"(43.2567015, -2.9490922)",1123.917,5.500000000089216,39.50000000012885
Basurtu-Zorrotza,amenity_police,W408633232,"(43.2565796201018, -2.9493267089254327)",1123.917,5.500000000089216,39.50000000012885
Errekalde,amenity_place_of_worship,N8894270302,"(43.2542534, -2.9466821)",1170.391,4.500000000034703,42.50000000008425
Errekalde,amenity_community_centre,N4896680970,"(43.2536856, -2.9454718)",1359.5289999999998,10.500000000069406,43.5000000000793
Basurtu-Zorrotza,amenity_place_of_worship,W521860095,"(43.25903349804755, -2.9482902674061107)",1371.4279999999999,12.500000000148702,58.00000000017842
Abando,building_train_station,W41584747,"(43.25823481651728, -2.946006178624259)",1394.1000000000001,5.500000000044622,48.50000000011894
Errekalde,railway_subway_entrance,N4541084182,"(43.2547373, -2.9438461)",1401.1029999999998,7.500000000054527,52.500000000148674
Errekalde,amenity_school,W388280876,"(43.25316084419019, -2.9493565790141965)",1468.892,27.00000000007435,42.00000000007434
