territory,building_type,osmid,coord,distance,rise,fall
Otxarkoaga-Txurdinaga,N/A,N4060532220,"(43.2594633, -2.9000251)",229.156,21.000000000059444,10.50000000002477
Otxarkoaga-Txurdinaga,N/A,W164512079,"(43.25788389565486, -2.8988002094288414)",369.43100000000004,12.500000000069377,24.000000000198227
Otxarkoaga-Txurdinaga,N/A,W164510985,"(43.257638496193636, -2.898318280368446)",474.163,17.500000000148674,24.000000000198227
Otxarkoaga-Txurdinaga,N/A,N4060532217,"(43.2581194, -2.8980592)",550.498,17.500000000148688,24.00000000019824
