territory,building_type,osmid,coord,distance,rise,fall
Otxarkoaga-Txurdinaga,N/A,N4060532216,"(43.2579448, -2.9067392)",500.86599999999993,8.999999999945516,32.499999999965326
Otxarkoaga-Txurdinaga,N/A,N4060532220,"(43.2594633, -2.9000251)",611.7230000000001,26.999999999930694,24.499999999925734
