territory,building_type,osmid,coord,distance,rise,fall
Otxarkoaga-Txurdinaga,amenity_school,W298580885,"(43.252145781885545, -2.9041002912407294)",220.41500000000002,7.000000000024784,1.9999999999851354
Otxarkoaga-Txurdinaga,amenity_school,W185282109,"(43.25366521738261, -2.906609666855828)",645.11,12.500000000049617,18.00000000005457
