territory,building_type,osmid,coord,distance,rise,fall
Uribarri,N/A,N4508853267,"(43.2655628, -2.9205809)",81.38,0.0,21.5000000001288
Uribarri,N/A,N5056356248,"(43.2663985, -2.918579)",153.35999999999999,6.999999999970306,1.4210854715202004e-14
Uribarri,N/A,W248634544,"(43.26459250062579, -2.9231745754982787)",321.572,0.0,37.50000000010402
Uribarri,N/A,N4060532227,"(43.2648784, -2.9149249)",514.508,27.49999999999008,21.500000000123826
