territory,building_type,osmid,coord,distance,rise,fall
Deusto,amenity_place_of_worship,W112164512,"(43.272432347664996, -2.945613879322651)",322.264,2.1316282072803006e-14,50.00000000003965
Deusto,tourism_hostel,N11975964770,"(43.2722749, -2.9467999)",482.543,5.000000000019835,50.00000000003965
Deusto,railway_subway_entrance,N4952944847,"(43.2718668, -2.9487299)",606.974,6.00000000004955,50.00000000006936
Deusto,amenity_place_of_worship,N707156296,"(43.274857, -2.9480119)",621.4309999999998,46.500000000153484,25.500000000054463
Deusto,amenity_school,W185206614,"(43.270374325567914, -2.9405683012120356)",728.9889999999999,2.842170943040401e-14,69.99999999999508
Deusto,amenity_theatre,N10313700309,"(43.2696477, -2.9426557)",785.269,0.5000000000644071,60.99999999999508
