territory,building_type,osmid,coord,distance,rise,fall
Uribarri,N/A,N5056356248,"(43.2663985, -2.918579)",684.184,6.499999999950475,52.999999999985135
Uribarri,N/A,N5056353256,"(43.2689626, -2.9250581)",758.0399999999998,4.99999999992572,87.00000000003965
Uribarri,N/A,W123440625,"(43.27407575044531, -2.920164432463072)",1391.0320000000004,129.00000000012375,4.500000000074309
Uribarri,N/A,W162445376,"(43.273080655467716, -2.9178267306692467)",1454.0070000000005,132.99999999999014,4.500000000074365
