territory,building_type,osmid,coord,distance,rise,fall
Uribarri,N/A,N4060532227,"(43.2648784, -2.9149249)",192.135,1.4210854715202004e-14,21.500000000123848
Uribarri,N/A,W48045715,"(43.26461925000001, -2.912653900000001)",425.755,26.000000000019845,28.500000000203123
Uribarri,N/A,N5056355015,"(43.2646852, -2.9126594)",425.755,26.000000000019845,28.500000000203123
Uribarri,N/A,N5056356248,"(43.2663985, -2.918579)",582.9380000000001,14.000000000059472,34.50000000007927
