territory,building_type,osmid,coord,distance,rise,fall
Ibaiondo,amenity_police,W165645785,"(43.24968056605251, -2.9245496912078623)",221.888,5.500000000004974,5.9999999999653255
Ibaiondo,amenity_school,W53668485,"(43.248961862530635, -2.930066135495643)",282.649,4.500000000049553,4.500000000059472
Ibaiondo,amenity_place_of_worship,W53661749,"(43.251866677604006, -2.9290643617025647)",288.51300000000003,0.0,11.999999999995055
Ibaiondo,building_train_station,W53663165,"(43.25037057733663, -2.9304763387603403)",388.12999999999994,8.000000000000028,11.999999999980218
Ibaiondo,railway_subway_entrance,N4904749312,"(43.2502989, -2.9305713)",395.137,8.000000000000028,11.999999999980218
Ibaiondo,amenity_school,W53764581,"(43.24903243466212, -2.9317237114605668)",440.771,6.500000000054499,4.500000000059472
Ibaiondo,amenity_theatre,W314579101,"(43.25253967996139, -2.928209723690653)",596.798,1.0000000000000142,32.00000000004959
Ibaiondo,amenity_school,N4757644627,"(43.2481224, -2.9325122)",690.011,20.000000000034674,4.500000000059487
Ibaiondo,amenity_school,W165645783,"(43.25405003153166, -2.927189817999719)",827.169,5.500000000049575,45.50000000005454
