territory,building_type,osmid,coord,distance,rise,fall
Errekalde,N/A,N9607455457,"(43.252218, -2.9481901)",303.805,17.000000000024784,4.5
Errekalde,N/A,W111740255,"(43.25465516232398, -2.943640524057168)",803.9010000000001,7.000000000019824,34.50000000009912
