territory,building_type,osmid,coord,distance,rise,fall
Uribarri,N/A,W48045715,"(43.26461925000001, -2.912653900000001)",124.85600000000001,1.4210854715202004e-14,19.00000000003965
Uribarri,N/A,N5056355015,"(43.2646852, -2.9126594)",124.85600000000001,1.4210854715202004e-14,19.00000000003965
Uribarri,N/A,N4060532227,"(43.2648784, -2.9149249)",357.23900000000003,7.0000000000792895,45.00000000005948
