territory,building_type,osmid,coord,distance,rise,fall
Abando,N/A,N518227646,"(43.2661789, -2.9463066)",499.681,6.500000000049536,7.50000000006935
Basurtu-Zorrotza,N/A,W163195554,"(43.262640749370476, -2.9496477508797216)",738.9189999999998,35.50000000003963,7.500000000034676
Basurtu-Zorrotza,N/A,W632988668,"(43.26125499964527, -2.950015396409132)",1116.1859999999995,42.50000000002972,18.500000000029722
