territory,building_type,osmid,coord,distance,rise,fall
Begona,N/A,N9607391207,"(43.2500267, -2.9080084)",536.2540000000001,9.000000000059515,12.000000000029772
Begona,N/A,W305622069,"(43.25019552887615, -2.9072914369528084)",982.9420000000001,25.000000000123926,35.50000000009418
