territory,building_type,osmid,coord,distance,rise,fall
Begona,amenity_school,W419249921,"(43.247898820477886, -2.9140790959457936)",159.322,0.0,24.000000000193346
Begona,amenity_school,W302871940,"(43.24857120737572, -2.9140678663974113)",356.961,0.0,26.000000000247866
Begona,tourism_hostel,R6809489,"(43.246643762497214, -2.90992181556658)",419.8019999999999,7.105427357601002e-15,31.00000000018344
Begona,railway_subway_entrance,N506170042,"(43.2506056, -2.9114436)",515.7810000000001,18.000000000039677,25.50000000023303
Begona,amenity_place_of_worship,W40111977,"(43.25102796813039, -2.916214065107912)",772.6849999999998,31.000000000074365,39.0000000002925
Begona,amenity_school,W40347954,"(43.25086874686762, -2.9168277398567413)",833.346,28.500000000118952,38.50000000028752
Begona,amenity_school,W41376548,"(43.24403972070166, -2.918266302456059)",1223.8759999999997,17.499999999905828,64.50000000016362
