territory,building_type,osmid,coord,distance,rise,fall
Errekalde,N/A,N5056184623,"(43.2568371, -2.9396557)",38.275,2.0000000000148646,0.0
Errekalde,N/A,W111740255,"(43.25465516232398, -2.943640524057168)",478.12799999999993,6.500000000089194,9.000000000138762
Abando,N/A,W96337695,"(43.25973970175266, -2.9371151663607047)",713.562,3.000000000019824,16.000000000000014
