territory,building_type,osmid,coord,distance,rise,fall
Uribarri,N/A,N5056356248,"(43.2663985, -2.918579)",204.90599999999998,8.00000000002479,4.9999999999950475
Uribarri,N/A,N4508853267,"(43.2655628, -2.9205809)",307.49199999999996,8.000000000024777,33.500000000094126
Uribarri,N/A,N4060532227,"(43.2648784, -2.9149249)",349.048,15.999999999985171,14.000000000059465
Uribarri,N/A,W248634544,"(43.26459250062579, -2.9231745754982787)",547.684,8.000000000024777,49.50000000006935
Uribarri,N/A,W48045715,"(43.26461925000001, -2.912653900000001)",567.6850000000001,35.499999999940606,14.500000000074344
Uribarri,N/A,N5056355015,"(43.2646852, -2.9126594)",567.6850000000001,35.499999999940606,14.500000000074344
