territory,building_type,osmid,coord,distance,rise,fall
Abando,N/A,W96337695,"(43.25973970175266, -2.9371151663607047)",316.298,1.000000000009905,3.4999999999653184
Errekalde,N/A,N5056184623,"(43.2568371, -2.9396557)",366.226,14.00000000002479,1.4999999999851497
