territory,building_type,osmid,coord,distance,rise,fall
Ibaiondo,N/A,W41525574,"(43.25771234249542, -2.9221397271902023)",144.13,2.5000000000693774,5.4509285973836086e-11
Ibaiondo,N/A,W108497734,"(43.25874273518262, -2.9247747311690637)",210.00199999999998,3.0000000000346887,4.499999999995044
Ibaiondo,N/A,W420558992,"(43.256988569906525, -2.92040166742721)",334.17499999999995,16.00000000005947,5.4509285973836086e-11
Ibaiondo,N/A,W485363913,"(43.25997684824978, -2.9220146785419328)",374.803,3.0000000000792895,0.5000000000297362
Ibaiondo,N/A,N5056088727,"(43.2562779, -2.9264049)",478.16999999999996,9.000000000059472,7.500000000039648
Ibaiondo,N/A,W375390416,"(43.25296603590128, -2.923187807157419)",563.741,14.000000000143729,9.500000000118945
Ibaiondo,N/A,W404432093,"(43.25599232855877, -2.9282142750288136)",570.944,19.00000000007434,2.000000000049557
Abando,N/A,W44113519,"(43.25993749738077, -2.9264652360563534)",674.255,20.000000000064418,16.500000000054506
