territory,building_type,osmid,coord,distance,rise,fall
Otxarkoaga-Txurdinaga,N/A,N4060532220,"(43.2594633, -2.9000251)",350.24399999999997,2.0000000000099334,14.999999999915786
Otxarkoaga-Txurdinaga,N/A,W164512079,"(43.25788389565486, -2.8988002094288414)",504.47900000000004,4.263256414560601e-14,35.00000000006942
Otxarkoaga-Txurdinaga,N/A,N4060532217,"(43.2581194, -2.8980592)",589.2679999999999,4.000000000024883,34.000000000014964
Otxarkoaga-Txurdinaga,N/A,W164510985,"(43.257638496193636, -2.898318280368446)",609.211,5.000000000079339,35.00000000006942
