territory,building_type,osmid,coord,distance,rise,fall
Otxarkoaga-Txurdinaga,N/A,N4060532220,"(43.2594633, -2.9000251)",294.59399999999994,8.500000000049567,6.999999999935611
Otxarkoaga-Txurdinaga,N/A,W164512079,"(43.25788389565486, -2.8988002094288414)",440.821,6.500000000039677,27.000000000089244
Otxarkoaga-Txurdinaga,N/A,N4060532216,"(43.2579448, -2.9067392)",461.853,5.500000000064432,29.999999999975245
Otxarkoaga-Txurdinaga,N/A,W235157481,"(43.25672274935615, -2.9070052667191253)",531.914,0.0,30.999999999930637
Otxarkoaga-Txurdinaga,N/A,W164510985,"(43.257638496193636, -2.898318280368446)",545.553,11.500000000118973,27.000000000089244
Otxarkoaga-Txurdinaga,N/A,N4060532217,"(43.2581194, -2.8980592)",621.888,11.500000000118987,27.00000000008926
