territory,building_type,osmid,coord,distance,rise,fall
Errekalde,amenity_school,W302863499,"(43.249161518689874, -2.9419338912957236)",156.413,8.000000000034703,3.966249551012879e-11
Errekalde,amenity_school,W138709160,"(43.2507197898228, -2.945235337346584)",323.261,5.454126039694529e-11,16.000000000000014
Errekalde,amenity_community_centre,N4896680970,"(43.2536856, -2.9454718)",584.348,2.5000000000297504,22.500000000000007
Errekalde,amenity_school,W151417160,"(43.24855327383859, -2.941124341036385)",601.762,29.4999999999405,17.999999999920675
Errekalde,amenity_school,W331883965,"(43.25126608491348, -2.9388108819696117)",811.7819999999999,17.500000000044608,34.00000000004461
