territory,building_type,osmid,coord,distance,rise,fall
Otxarkoaga-Txurdinaga,N/A,W164512079,"(43.25788389565486, -2.8988002094288414)",319.85100000000006,7.499999999895948,2.842170943040401e-14
Otxarkoaga-Txurdinaga,N/A,W164510985,"(43.257638496193636, -2.898318280368446)",424.5830000000001,12.499999999975245,2.842170943040401e-14
Otxarkoaga-Txurdinaga,N/A,N4060532217,"(43.2581194, -2.8980592)",500.91800000000006,12.499999999975259,4.263256414560601e-14
