territory,building_type,osmid,coord,distance,rise,fall
Abando,N/A,N3207631929,"(43.2618877, -2.9308223)",199.632,2.500000000029729,0.0
Abando,N/A,N1271964866,"(43.2645212, -2.9345677)",202.61,2.500000000039634,4.5000000000000036
Abando,N/A,W41688628,"(43.26399354682828, -2.9308926528671213)",244.136,7.00000000013376,5.000000000074309
Abando,N/A,W108504682,"(43.26150873360247, -2.9323193974511943)",315.04,2.500000000029729,0.999999999980183
Abando,N/A,N4731925117,"(43.2661842, -2.9329433)",499.75200000000007,5.000000000118895,5.000000000054499
Abando,N/A,W44016098,"(43.261229928011566, -2.929048100639934)",518.146,5.500000000089187,0.5000000000346887
