territory,building_type,osmid,coord,distance,rise,fall
Begona,N/A,N5056328910,"(43.2541211, -2.9149326)",582.0129999999998,52.00000000002975,5.500000000009919
Ibaiondo,N/A,W375390416,"(43.25296603590128, -2.923187807157419)",865.4580000000002,40.00000000021313,49.00000000018833
