territory,building_type,osmid,coord,distance,rise,fall
Uribarri,N/A,N5056356248,"(43.2663985, -2.918579)",326.85999999999996,16.50000000001983,7.105427357601002e-15
Uribarri,N/A,N4508853267,"(43.2655628, -2.9205809)",327.806,9.999999999985143,22.00000000006441
Uribarri,N/A,W248634544,"(43.26459250062579, -2.9231745754982787)",392.11099999999993,0.0,28.0000000000545
Uribarri,N/A,N5056353256,"(43.2689626, -2.9250581)",409.18600000000004,9.5,28.50000000005944
Uribarri,N/A,W123440604,"(43.26872494896904, -2.9260301349397224)",518.5070000000001,4.0000000000148574,29.000000000069345
Uribarri,N/A,N9607363904,"(43.2682033, -2.9265437)",530.608,0.49999999995542765,30.499999999990106
