territory,building_type,osmid,coord,distance,rise,fall
Basurtu-Zorrotza,N/A,N11229807742,"(43.2774341, -2.9749112)",0.0,0.0,0
Basurtu-Zorrotza,N/A,W151883539,"(43.27856405785909, -2.9750882996142076)",43.435,9.901413022816996e-12,0
