territory,building_type,osmid,coord,distance,rise,fall
Errekalde,amenity_school,W389713153,"(43.245199613671275, -2.9490884363509653)",953.9079999999999,0.0,55.499999999796714
Errekalde,amenity_place_of_worship,W891085786,"(43.24306962047523, -2.9489897404357173)",1091.9009999999998,13.99999999990085,55.499999999796714
