territory,building_type,osmid,coord,distance,rise,fall
Uribarri,amenity_school,W185282106,"(43.26352870570346, -2.908070959437656)",557.9649999999999,1.9999999999405702,47.49999999983157
Otxarkoaga-Txurdinaga,amenity_community_centre,W386847400,"(43.26560640049439, -2.906940411091095)",571.746,15.50000000000992,23.499999999945487
Otxarkoaga-Txurdinaga,amenity_community_centre,N10539847381,"(43.2604388, -2.9011188)",788.4770000000002,0.0,94.49999999992569
Otxarkoaga-Txurdinaga,amenity_school,W201506083,"(43.261342946121154, -2.905647601969728)",1002.5319999999999,15.49999999994553,121.99999999984146
Otxarkoaga-Txurdinaga,amenity_school,W201506082,"(43.262555357753975, -2.9054812365975407)",1011.131,16.50000000007931,104.99999999989105
