territory,building_type,osmid,coord,distance,rise,fall
Uribarri,amenity_school,W421480310,"(43.271711224908586, -2.914520389183935)",433.61199999999997,46.50000000003965,4.500000000004974
Uribarri,building_public,W162445376,"(43.273080655467695, -2.9178267306692462)",785.0060000000001,56.49999999997033,2.499999999970356
