territory,building_type,osmid,coord,distance,rise,fall
Basurtu-Zorrotza,N/A,W402170994,"(43.25967701277512, -2.9532145370708145)",249.341,8.000000000009912,5.500000000009905
Basurtu-Zorrotza,N/A,W163195554,"(43.262640749370476, -2.9496477508797216)",442.929,3.0000000000446008,11.50000000000992
Basurtu-Zorrotza,N/A,N9607467466,"(43.2589548, -2.9488089)",470.71900000000005,4.500000000029736,10.5
Basurtu-Zorrotza,N/A,W632988668,"(43.26125499964527, -2.950015396409132)",552.6030000000001,6.000000000009926,18.499999999980194
