territory,building_type,osmid,coord,distance,rise,fall
Basurtu-Zorrotza,N/A,W163195554,"(43.262640749370476, -2.9496477508797216)",351.639,5.500000000009912,6.000000000009919
Basurtu-Zorrotza,N/A,N9607467466,"(43.2589548, -2.9488089)",353.064,6.499999999965318,4.499999999970271
Basurtu-Zorrotza,N/A,W632988668,"(43.26125499964527, -2.950015396409132)",455.168,9.00000000000992,13.500000000014875
Basurtu-Zorrotza,N/A,W402170994,"(43.25967701277512, -2.9532145370708145)",487.226,17.999999999990088,7.5000000000247695
Abando,N/A,N5056379164,"(43.2581887, -2.9459426)",620.511,11.999999999970271,7.500000000019824
