territory,building_type,osmid,coord,distance,rise,fall
Errekalde,N/A,N5056184623,"(43.2568371, -2.9396557)",503.93299999999994,11.500000000064425,2.5000000000346887
Abando,N/A,N4762096882,"(43.2634, -2.9433546)",563.6479999999999,2.973621349156019e-11,6.499999999995051
Abando,N/A,N5056379164,"(43.2581887, -2.9459426)",567.081,11.000000000024766,4.5000000000396305
Abando,N/A,W96337695,"(43.25973970175266, -2.9371151663607047)",612.4449999999998,4.500000000049546,10.500000000014865
