territory,building_type,osmid,coord,distance,rise,fall
Errekalde,N/A,W111740255,"(43.25465516232398, -2.943640524057168)",248.85600000000002,7.500000000039648,10.00000000010408
Errekalde,N/A,N5056184623,"(43.2568371, -2.9396557)",722.767,18.500000000193275,16.500000000193275
Errekalde,N/A,N9607455457,"(43.252218, -2.9481901)",823.503,44.500000000128864,7.000000000089216
