territory,building_type,osmid,coord,distance,rise,fall
Basurtu-Zorrotza,N/A,N11229807742,"(43.2774341, -2.9749112)",355.646,2.499999999995049,3.999999999975245
Basurtu-Zorrotza,N/A,W151883539,"(43.27856405785909, -2.9750882996142076)",399.081,2.5000000000049503,3.999999999975245
