territory,building_type,osmid,coord,distance,rise,fall
Basurtu-Zorrotza,building_train_station,W163196919,"(43.26433534839249, -2.955077952360856)",166.049,2.000000000034678,0.0
Basurtu-Zorrotza,building_train_station,W163196944,"(43.26431167828029, -2.9553483053682954)",166.049,2.000000000034678,0.0
Basurtu-Zorrotza,tourism_museum,N5308301923,"(43.2640855, -2.9481789)",559.6519999999999,34.50000000014366,11.500000000044583
Basurtu-Zorrotza,leisure_stadium,N11865822545,"(43.2641013, -2.9482607)",559.6519999999999,34.50000000014366,11.500000000044583
Basurtu-Zorrotza,leisure_stadium,W59171758,"(43.264171286696644, -2.9493828668461135)",618.7679999999999,26.500000000014857,0.0
Basurtu-Zorrotza,railway_subway_entrance,N4458552191,"(43.2626804, -2.9495871)",629.3629999999998,26.500000000014857,0.0
Basurtu-Zorrotza,building_train_station,W163195554,"(43.26264074937047, -2.949647750879721)",631.1229999999998,26.500000000014857,0.0
Basurtu-Zorrotza,building_public,N1848293667,"(43.2622397, -2.9510612)",735.6989999999998,29.500000000029722,1.000000000009905
Deusto,tourism_hostel,N3004608569,"(43.2687748, -2.9545458)",1577.913,18.50000000012384,20.50000000010898
