territory,building_type,osmid,coord,distance,rise,fall
Errekalde,amenity_school,W138709160,"(43.2507197898228, -2.945235337346584)",384.751,5.454126039694529e-11,16.999999999985135
Errekalde,amenity_school,W302863499,"(43.249161518689874, -2.9419338912957236)",405.231,21.500000000054527,14.500000000044608
Errekalde,amenity_school,W151417160,"(43.24855327383859, -2.941124341036385)",850.5799999999999,42.99999999996032,32.49999999992562
Errekalde,amenity_school,W331883965,"(43.25126608491348, -2.9388108819696117)",945.0059999999999,21.49999999998513,38.99999999997025
