territory,building_type,osmid,coord,distance,rise,fall
Errekalde,N/A,N5056183351,"(43.251483, -2.9359224)",326.139,22.500000000049567,4.000000000118959
Ibaiondo,N/A,N11229801356,"(43.2538282, -2.9319814)",602.1880000000001,36.000000000188344,26.500000000148695
Errekalde,N/A,N5056184623,"(43.2568371, -2.9396557)",724.7959999999999,12.000000000074344,22.000000000113992
