territory,building_type,osmid,coord,distance,rise,fall
Errekalde,N/A,N9607455457,"(43.252218, -2.9481901)",809.6680000000001,81.0000000001289,115.50000000005457
