territory,building_type,osmid,coord,distance,rise,fall
Abando,N/A,N5056379164,"(43.2581887, -2.9459426)",207.589,7.105427357601002e-15,3.0000000000495533
Basurtu-Zorrotza,N/A,N9607467466,"(43.2589548, -2.9488089)",322.84000000000003,7.105427357601002e-15,5.5000000000049525
Basurtu-Zorrotza,N/A,W163195554,"(43.262640749370476, -2.9496477508797216)",435.88100000000003,5.000000000069356,13.000000000069356
Abando,N/A,N4762096882,"(43.2634, -2.9433546)",580.76,0.5000000000198206,16.500000000019817
Basurtu-Zorrotza,N/A,W632988668,"(43.26125499964527, -2.950015396409132)",692.729,9.49999999998019,21.49999999998514
