territory,building_type,osmid,coord,distance,rise,fall
Otxarkoaga-Txurdinaga,N/A,W235157481,"(43.25672274935615, -2.9070052667191253)",362.355,3.500000000034703,7.99999999998515
Otxarkoaga-Txurdinaga,N/A,N4060532216,"(43.2579448, -2.9067392)",466.8910000000001,10.000000000054541,7.999999999985164
Begona,N/A,N5056328910,"(43.2541211, -2.9149326)",570.824,3.9999999999653397,8.999999999925691
