territory,building_type,osmid,coord,distance,rise,fall
Deusto,N/A,N4254043797,"(43.2711694, -2.94695)",466.53700000000003,5.000000000059448,28.500000000074298
Deusto,N/A,N5056437799,"(43.2691029, -2.9449199)",593.767,0.5000000000644036,41.00000000011392
