territory,building_type,osmid,coord,distance,rise,fall
Basurtu-Zorrotza,N/A,N5056200430,"(43.2613693, -2.9628267)",409.87500000000006,64.99999999990094,39.499999999935625
Basurtu-Zorrotza,N/A,W163196945,"(43.26546103784467, -2.9606482549113027)",1404.4759999999997,48.00000000018333,127.00000000017837
