territory,building_type,osmid,coord,distance,rise,fall
Uribarri,N/A,W48045715,"(43.26461925000001, -2.912653900000001)",279.629,29.000000000034703,31.500000000217995
Uribarri,N/A,N5056355015,"(43.2646852, -2.9126594)",279.629,29.000000000034703,31.500000000217995
Uribarri,N/A,N4060532227,"(43.2648784, -2.9149249)",292.958,3.4999999999752376,25.000000000099085
