territory,building_type,osmid,coord,distance,rise,fall
Uribarri,N/A,N5056353256,"(43.2689626, -2.9250581)",78.137,0.0,20.000000000024766
Uribarri,N/A,W123440604,"(43.26872494896904, -2.9260301349397224)",271.892,27.000000000029726,53.00000000004954
Uribarri,N/A,N9607363904,"(43.2682033, -2.9265437)",335.753,27.000000000029726,58.00000000002973
