territory,building_type,osmid,coord,distance,rise,fall
Deusto,N/A,N5056437799,"(43.2691029, -2.9449199)",322.294,3.9999999999752376,13.000000000024762
Deusto,N/A,N4254043797,"(43.2711694, -2.94695)",506.294,8.500000000049525,0.5000000000643823
Abando,N/A,W171882527,"(43.26787786483111, -2.940565564584242)",669.576,1.9999999999801887,18.49999999999009
