territory,building_type,osmid,coord,distance,rise,fall
Ibaiondo,amenity_school,W185284035,"(43.244405788428594, -2.9251938625874043)",285.182,0.0,19.49999999998017
Ibaiondo,amenity_police,W165645785,"(43.24968056605251, -2.9245496912078623)",1048.9420000000002,52.50000000012397,13.500000000069434
