territory,building_type,osmid,coord,distance,rise,fall
Otxarkoaga-Txurdinaga,N/A,W235157481,"(43.25672274935615, -2.9070052667191253)",184.563,7.000000000019838,2.500000000004988
Otxarkoaga-Txurdinaga,N/A,N4060532216,"(43.2579448, -2.9067392)",289.099,13.500000000039677,2.500000000005002
