territory,building_type,osmid,coord,distance,rise,fall
Deusto,N/A,N5056421870,"(43.2773644, -2.9587254)",497.6240000000001,10.999999999985143,20.000000000019806
