territory,building_type,osmid,coord,distance,rise,fall
Errekalde,N/A,N5056184623,"(43.2568371, -2.9396557)",289.56999999999994,2.999999999990095,0.0
Abando,N/A,N5056379164,"(43.2581887, -2.9459426)",378.91099999999994,2.9999999999851283,2.500000000039634
Errekalde,N/A,W111740255,"(43.25465516232398, -2.943640524057168)",440.837,7.500000000084242,9.000000000158579
Abando,N/A,W96337695,"(43.25973970175266, -2.9371151663607047)",688.6769999999998,3.0000000000445937,15.000000000049553
