territory,building_type,osmid,coord,distance,rise,fall
Ibaiondo,N/A,W41525574,"(43.25771234249542, -2.9221397271902023)",630.5229999999999,0.5000000000297504,40.500000000118945
Ibaiondo,N/A,W485363913,"(43.25997684824978, -2.9220146785419328)",686.718,0.5000000000099263,40.50000000006443
Ibaiondo,N/A,W420558992,"(43.256988569906525, -2.92040166742721)",747.2130000000001,0.5000000000346958,27.000000000133795
