territory,building_type,osmid,coord,distance,rise,fall
Errekalde,N/A,N9607455457,"(43.252218, -2.9481901)",353.35699999999997,19.500000000054527,92.50000000003467
Errekalde,N/A,W301165234,"(43.24714070207488, -2.9509802354261194)",586.8770000000001,69.9999999999802,93.49999999997027
