territory,building_type,osmid,coord,distance,rise,fall
Ibaiondo,N/A,W41525574,"(43.25771234249542, -2.9221397271902023)",436.53,2.5000000000594653,35.50000000005946
Ibaiondo,N/A,W108497734,"(43.25874273518262, -2.9247747311690637)",492.588,2.000000000029729,39.000000000004945
Ibaiondo,N/A,W485363913,"(43.25997684824978, -2.9220146785419328)",492.725,2.500000000039641,35.50000000000495
Ibaiondo,N/A,W420558992,"(43.256988569906525, -2.92040166742721)",626.5749999999998,16.000000000049557,35.50000000005946
