territory,building_type,osmid,coord,distance,rise,fall
Abando,N/A,N4731925117,"(43.2661842, -2.9329433)",212.58399999999997,16.000000000034674,0.0
Abando,N/A,N1271964866,"(43.2645212, -2.9345677)",493.692,16.50000000008917,2.500000000079261
Abando,N/A,W41688628,"(43.26399354682828, -2.9308926528671213)",612.267,30.000000000213,12.00000000018327
Uribarri,N/A,N9607363904,"(43.2682033, -2.9265437)",821.4579999999999,25.999999999910848,20.499999999940567
