territory,building_type,osmid,coord,distance,rise,fall
Abando,N/A,W41688628,"(43.26399354682828, -2.9308926528671213)",441.15,18.500000000009912,4.0000000000148574
Uribarri,N/A,N9607363904,"(43.2682033, -2.9265437)",504.3740000000001,13.999999999965329,12.000000000029722
Uribarri,N/A,W123440604,"(43.26872494896904, -2.9260301349397224)",568.235,18.99999999994552,12.000000000029722
Abando,N/A,N4731925117,"(43.2661842, -2.9329433)",608.9430000000001,17.999999999995048,5.4999999999950475
Abando,N/A,N1271964866,"(43.2645212, -2.9345677)",665.6390000000001,18.99999999999009,8.500000000014857
Uribarri,N/A,N5056353256,"(43.2689626, -2.9250581)",768.4219999999999,27.500000000004952,14.500000000094108
