territory,building_type,osmid,coord,distance,rise,fall
Errekalde,amenity_school,W138709160,"(43.2507197898228, -2.945235337346584)",189.826,0.0,17.50000000000992
Errekalde,amenity_school,W388280876,"(43.25316084419019, -2.9493565790141965)",215.139,11.000000000044608,14.500000000069406
Errekalde,amenity_place_of_worship,N8894270302,"(43.2542534, -2.9466821)",319.79300000000006,7.105427357601002e-15,26.500000000074365
Errekalde,amenity_community_centre,N4896680970,"(43.2536856, -2.9454718)",342.95799999999997,4.959588295605499e-12,21.500000000039662
Errekalde,amenity_school,W302863499,"(43.249161518689874, -2.9419338912957236)",669.0249999999999,27.00000000006942,20.500000000138826
