territory,building_type,osmid,coord,distance,rise,fall
Uribarri,N/A,W48045715,"(43.26461925000001, -2.912653900000001)",151.642,0.0,29.50000000003962
Uribarri,N/A,N5056355015,"(43.2646852, -2.9126594)",151.642,0.0,29.50000000003962
Uribarri,N/A,N4060532227,"(43.2648784, -2.9149249)",385.26200000000006,7.000000000079275,55.50000000005945
