territory,building_type,osmid,coord,distance,rise,fall
Errekalde,amenity_school,W389713153,"(43.245199613671275, -2.9490884363509653)",966.5339999999999,26.00000000008926,41.499999999895905
Errekalde,amenity_place_of_worship,W891085786,"(43.24306962047523, -2.9489897404357173)",1104.5269999999998,39.99999999999011,41.499999999895905
