territory,building_type,osmid,coord,distance,rise,fall
Begona,tourism_hostel,R6809489,"(43.246643762497214, -2.90992181556658)",99.607,17.500000000034696,0.0
Begona,building_train_station,W262197081,"(43.24721948941041, -2.905694544078832)",338.137,11.500000000034696,8.500000000034703
Begona,railway_subway_entrance,N5923164463,"(43.2470897, -2.9058799)",344.952,11.500000000034703,8.000000000019831
Begona,building_train_station,W627458954,"(43.24706648377492, -2.9056005672304304)",344.952,11.500000000034703,8.000000000019831
Begona,building_train_station,W627458976,"(43.24700044461815, -2.9057383069873937)",344.952,11.500000000034703,8.000000000019831
Begona,railway_subway_entrance,N5923164459,"(43.2470028, -2.9055002)",384.573,19.50000000002478,16.500000000024784
Begona,amenity_school,W419249921,"(43.247898820477886, -2.9140790959457936)",465.3760000000001,25.00000000010907,0.5000000000842846
Begona,amenity_school,W302871940,"(43.24857120737572, -2.9140678663974113)",549.712,27.500000000014886,5.000000000044622
