territory,building_type,osmid,coord,distance,rise,fall
Errekalde,N/A,N5056184623,"(43.2568371, -2.9396557)",463.37199999999996,8.000000000084256,2.0000000000297433
Abando,N/A,W96337695,"(43.25973970175266, -2.9371151663607047)",475.545,1.0000000000198241,9.999999999960366
Ibaiondo,N/A,N11229801356,"(43.2538282, -2.9319814)",621.7310000000001,31.000000000252747,5.500000000118938
