territory,building_type,osmid,coord,distance,rise,fall
Uribarri,N/A,N9607363904,"(43.2682033, -2.9265437)",6.751,0.0,0.0
Uribarri,N/A,W123440604,"(43.26872494896904, -2.9260301349397224)",68.35600000000001,4.99999999998019,0.0
Uribarri,N/A,N5056353256,"(43.2689626, -2.9250581)",291.122,16.499999999985143,5.500000000009905
Uribarri,N/A,W248634544,"(43.26459250062579, -2.9231745754982787)",641.7610000000001,19.999999999980194,18.000000000000014
