territory,building_type,osmid,coord,distance,rise,fall
Abando,N/A,N4731925117,"(43.2661842, -2.9329433)",201.347,12.500000000069353,10.500000000079257
Abando,N/A,W28211432,"(43.26554608054959, -2.93803822151696)",281.002,0.0,11.500000000054484
Abando,N/A,N1271964866,"(43.2645212, -2.9345677)",330.919,0.9999999999801794,1.0000000000148503
Abando,N/A,W41688628,"(43.26399354682828, -2.9308926528671213)",558.289,9.500000000069374,5.500000000084224
Abando,N/A,W108504682,"(43.26150873360247, -2.9323193974511943)",786.5959999999999,11.50000000008918,8.000000000113936
