territory,building_type,osmid,coord,distance,rise,fall
Basurtu-Zorrotza,amenity_community_centre,W301694691,"(43.25639843254374, -2.9578756320078523)",263.29099999999994,9.500000000188322,18.500000000089216
Basurtu-Zorrotza,amenity_place_of_worship,W301694701,"(43.25652086676977, -2.957615550547145)",336.93799999999993,9.500000000188336,39.00000000016851
Basurtu-Zorrotza,amenity_police,W61650845,"(43.25483560908443, -2.9622720539357044)",1023.5300000000002,84.00000000022791,32.50000000021802
Basurtu-Zorrotza,amenity_police,W404633890,"(43.254956017399024, -2.962172628386112)",1023.5300000000002,84.00000000022791,32.50000000021802
