territory,building_type,osmid,coord,distance,rise,fall
Uribarri,N/A,W123440604,"(43.26872494896904, -2.9260301349397224)",1062.637,54.50000000018818,72.00000000016838
Uribarri,N/A,N5056353256,"(43.2689626, -2.9250581)",1064.7090000000003,55.000000000084185,66.50000000006933
Uribarri,N/A,N9607363904,"(43.2682033, -2.9265437)",1085.4740000000002,66.50000000013867,89.00000000009905
