territory,building_type,osmid,coord,distance,rise,fall
Errekalde,N/A,N5056184623,"(43.2568371, -2.9396557)",195.88799999999998,2.500000000009919,1.0000000000446079
Abando,N/A,W96337695,"(43.25973970175266, -2.9371151663607047)",479.62300000000005,1.000000000009905,14.500000000039648
Ibaiondo,N/A,N11229801356,"(43.2538282, -2.9319814)",801.043,28.500000000114,7.500000000069392
