territory,building_type,osmid,coord,distance,rise,fall
Abando,N/A,W108504682,"(43.26150873360247, -2.9323193974511943)",106.05799999999999,0.0,0.9999999999702709
Abando,N/A,N3207631929,"(43.2618877, -2.9308223)",131.965,1.5000000000198241,1.500000000009912
Abando,N/A,W41688628,"(43.26399354682828, -2.9308926528671213)",333.57599999999996,5.500000000099085,6.000000000059451
Abando,N/A,W44016098,"(43.261229928011566, -2.929048100639934)",384.612,5.000000000084235,2.5000000000495533
Abando,N/A,N1271964866,"(43.2645212, -2.9345677)",387.325,3.500000000064407,8.000000000044594
Abando,N/A,W28776478,"(43.259963913422865, -2.9284384320288925)",456.024,5.000000000084235,7.000000000079282
Abando,N/A,W96337695,"(43.25973970175266, -2.9371151663607047)",544.497,3.000000000079268,8.000000000069363
Abando,N/A,W110895854,"(43.26092919682561, -2.9269453237882157)",556.55,1.5000000000198277,6.000000000059465
