territory,building_type,osmid,coord,distance,rise,fall
Otxarkoaga-Txurdinaga,N/A,N4060532220,"(43.2594633, -2.9000251)",117.938,8.499999999990095,2.842170943040401e-14
Otxarkoaga-Txurdinaga,N/A,W164512079,"(43.25788389565486, -2.8988002094288414)",148.057,0.0,13.500000000173458
Otxarkoaga-Txurdinaga,N/A,W164510985,"(43.257638496193636, -2.898318280368446)",252.789,5.000000000079297,13.500000000173458
Otxarkoaga-Txurdinaga,N/A,N4060532217,"(43.2581194, -2.8980592)",329.12399999999997,5.000000000079311,13.500000000173472
