territory,building_type,osmid,coord,distance,rise,fall
Uribarri,N/A,N5056353256,"(43.2689626, -2.9250581)",298.62700000000007,12.000000000014872,35.499999999955435
Uribarri,N/A,W123440604,"(43.26872494896904, -2.9260301349397224)",460.22100000000006,19.000000000019828,48.49999999995544
Uribarri,N/A,N9607363904,"(43.2682033, -2.9265437)",524.0820000000001,19.000000000019828,53.49999999993563
