territory,building_type,osmid,coord,distance,rise,fall
Basurtu-Zorrotza,N/A,W163195554,"(43.262640749370476, -2.9496477508797216)",527.3989999999999,21.500000000064396,0.0
Basurtu-Zorrotza,N/A,W402170994,"(43.25967701277512, -2.9532145370708145)",644.0730000000001,37.50000000003963,5.000000000009905
Basurtu-Zorrotza,N/A,W632988668,"(43.26125499964527, -2.950015396409132)",904.6659999999998,28.50000000005449,10.999999999995044
