territory,building_type,osmid,coord,distance,rise,fall
Begona,N/A,N9607391207,"(43.2500267, -2.9080084)",496.689,18.999999999945473,0.49999999997521627
Begona,N/A,W305622069,"(43.25019552887615, -2.9072914369528084)",621.6760000000002,11.999999999980197,1.0000000000099405
