territory,building_type,osmid,coord,distance,rise,fall
Basurtu-Zorrotza,N/A,N5056200430,"(43.2613693, -2.9628267)",261.116,16.49999999996035,39.499999999955435
