territory,building_type,osmid,coord,distance,rise,fall
Basurtu-Zorrotza,N/A,N5056200430,"(43.2613693, -2.9628267)",372.79900000000004,44.99999999999994,40.50000000002473
Basurtu-Zorrotza,N/A,W163196945,"(43.26546103784467, -2.9606482549113027)",1872.3609999999999,90.5000000000991,190.50000000008424
