territory,building_type,osmid,coord,distance,rise,fall
Errekalde,N/A,N5056183351,"(43.251483, -2.9359224)",498.6569999999999,36.500000000094175,14.000000000118959
Errekalde,N/A,N5056184623,"(43.2568371, -2.9396557)",601.9,4.50000000004956,10.5000000000446
Ibaiondo,N/A,N11229801356,"(43.2538282, -2.9319814)",730.0140000000001,30.00000000008921,16.500000000004952
Errekalde,N/A,W111740255,"(43.25465516232398, -2.943640524057168)",765.2779999999999,6.500000000069377,17.00000000012885
