territory,building_type,osmid,coord,distance,rise,fall
Uribarri,N/A,N4060532227,"(43.2648784, -2.9149249)",63.41,3.4999999999752305,0.0
Uribarri,N/A,W48045715,"(43.26461925000001, -2.912653900000001)",297.03,29.49999999999506,7.000000000079275
Uribarri,N/A,N5056355015,"(43.2646852, -2.9126594)",297.03,29.49999999999506,7.000000000079275
Uribarri,N/A,N5056356248,"(43.2663985, -2.918579)",403.88599999999997,13.000000000039648,8.49999999996038
Uribarri,N/A,N4508853267,"(43.2655628, -2.9205809)",483.659,3.4999999999653255,27.49999999998515
