territory,building_type,osmid,coord,distance,rise,fall
Ibaiondo,N/A,W420558992,"(43.256988569906525, -2.92040166742721)",473.83799999999997,41.50000000006443,21.000000000029733
Ibaiondo,N/A,W41525574,"(43.25771234249542, -2.9221397271902023)",480.73400000000004,30.000000000153634,23.000000000109026
Ibaiondo,N/A,W375390416,"(43.25296603590128, -2.923187807157419)",483.769,31.500000000188333,22.50000000013381
Ibaiondo,N/A,W376396126,"(43.25272399169551, -2.925878746109151)",1237.1360000000002,58.00000000020321,41.50000000018834
