territory,building_type,osmid,coord,distance,rise,fall
Deusto,N/A,N4254043797,"(43.2711694, -2.94695)",200.05,2.971844992316619e-11,2.9999999998960085
Deusto,N/A,W185205681,"(43.27236008339459, -2.9507221366997642)",394.74600000000004,19.000000000084192,0.0
Deusto,N/A,W185205688,"(43.26864835487923, -2.947859768119749)",475.77900000000005,3.962874473018019e-11,20.99999999991087
Deusto,N/A,N5056437799,"(43.2691029, -2.9449199)",533.2900000000001,0.5000000000941043,20.49999999999506
