territory,building_type,osmid,coord,distance,rise,fall
Deusto,amenity_school,W185206614,"(43.270374325567914, -2.9405683012120356)",236.51100000000002,0.0,25.500000000000007
Deusto,amenity_theatre,N10313700309,"(43.2696477, -2.9426557)",333.573,2.999999999950475,18.9999999998861
Deusto,amenity_place_of_worship,W112164512,"(43.272432347664996, -2.945613879322651)",404.91999999999996,8.500000000009905,14.00000000005448
Deusto,amenity_place_of_worship,N10585141905,"(43.2704473, -2.9376418)",440.755,2.5000000000396216,18.49999999998515
Deusto,tourism_hostel,N11975964770,"(43.2722749, -2.9467999)",515.161,13.500000000029715,14.000000000054477
Deusto,amenity_place_of_worship,N10585123305,"(43.2710612, -2.9375073)",571.5699999999999,18.99999999995048,18.499999999985157
Abando,shop_mall,W171882527,"(43.26787786483111, -2.940565564584242)",707.673,0.5000000000049529,28.499999999920764
