territory,building_type,osmid,coord,distance,rise,fall
Errekalde,N/A,N5056184623,"(43.2568371, -2.9396557)",296.341,12.000000000000021,1.4999999999851497
Abando,N/A,W96337695,"(43.25973970175266, -2.9371151663607047)",386.183,1.000000000009905,5.499999999990088
