territory,building_type,osmid,coord,distance,rise,fall
Ibaiondo,N/A,W375390416,"(43.25296603590128, -2.923187807157419)",89.525,0.0,2.9999999999851283
Ibaiondo,N/A,N5056088727,"(43.2562779, -2.9264049)",566.3480000000001,8.500000000094166,14.500000000084254
Ibaiondo,N/A,W376396126,"(43.25272399169551, -2.925878746109151)",819.237,23.50000000002975,19.000000000054534
