territory,building_type,osmid,coord,distance,rise,fall
Ibaiondo,N/A,W485363913,"(43.25997684824978, -2.9220146785419328)",43.326,0.0,3.000000000029729
Ibaiondo,N/A,W41525574,"(43.25771234249542, -2.9221397271902023)",382.019,0.5000000000297362,3.5000000000941505
Ibaiondo,N/A,W108497734,"(43.25874273518262, -2.9247747311690637)",394.42799999999994,7.500000000044595,14.500000000084233
Abando,N/A,W110895854,"(43.26092919682561, -2.9269453237882157)",525.086,18.49999999998514,14.500000000084235
Ibaiondo,N/A,W420558992,"(43.256988569906525, -2.92040166742721)",572.0639999999999,14.000000000019828,3.5000000000941505
Abando,N/A,W44113519,"(43.25993749738077, -2.9264652360563534)",582.131,17.00000000002973,19.0000000000991
