territory,building_type,osmid,coord,distance,rise,fall
Uribarri,N/A,N5056353256,"(43.2689626, -2.9250581)",769.7789999999999,24.499999999990095,119.00000000001488
Uribarri,N/A,W123440604,"(43.26872494896904, -2.9260301349397224)",931.373,31.49999999999505,132.00000000001486
Uribarri,N/A,W123440625,"(43.27407575044531, -2.920164432463072)",1504.1210000000003,137.50000000017826,25.500000000039634
Uribarri,N/A,W162445376,"(43.273080655467716, -2.9178267306692467)",1567.0960000000005,141.50000000004465,25.50000000003969
