territory,building_type,osmid,coord,distance,rise,fall
Uribarri,N/A,N5056356248,"(43.2663985, -2.918579)",353.11400000000003,1.4210854715202004e-14,36.999999999920746
Uribarri,N/A,N4060532227,"(43.2648784, -2.9149249)",391.36199999999997,8.000000000004988,46.00000000002976
Uribarri,N/A,W48045715,"(43.26461925000001, -2.912653900000001)",528.9419999999999,17.99999999999011,37.00000000007432
Uribarri,N/A,N5056355015,"(43.2646852, -2.9126594)",528.9419999999999,17.99999999999011,37.00000000007432
Uribarri,N/A,N4508853267,"(43.2655628, -2.9205809)",579.638,4.263256414560601e-14,65.50000000001987
