territory,building_type,osmid,coord,distance,rise,fall
Abando,N/A,N5056379164,"(43.2581887, -2.9459426)",257.356,3.500000000004974,7.000000000029743
Errekalde,N/A,W111740255,"(43.25465516232398, -2.943640524057168)",372.96799999999996,4.500000000069377,10.000000000113978
Errekalde,N/A,N5056184623,"(43.2568371, -2.9396557)",449.956,3.5000000000247837,4.5000000000049525
Basurtu-Zorrotza,N/A,N9607467466,"(43.2589548, -2.9488089)",632.543,6.500000000054527,12.500000000034696
