territory,building_type,osmid,coord,distance,rise,fall
Ibaiondo,N/A,W375390416,"(43.25296603590128, -2.923187807157419)",1106.2620000000002,20.00000000008427,68.50000000005949
Ibaiondo,N/A,W376396126,"(43.25272399169551, -2.925878746109151)",1134.3910000000003,21.00000000008429,62.00000000009916
