territory,building_type,osmid,coord,distance,rise,fall
Abando,N/A,W41688628,"(43.26399354682828, -2.9308926528671213)",173.95600000000002,3.000000000054502,1.0000000000000036
Abando,N/A,N1271964866,"(43.2645212, -2.9345677)",271.751,2.500000000034678,4.5
Abando,N/A,N4731925117,"(43.2661842, -2.9329433)",321.012,3.5000000000990816,3.5000000000396376
Abando,N/A,N3207631929,"(43.2618877, -2.9308223)",337.991,3.5000000000247766,1.0
Abando,N/A,W108504682,"(43.26150873360247, -2.9323193974511943)",453.399,3.5000000000247766,1.999999999980183
Abando,N/A,W44016098,"(43.261229928011566, -2.929048100639934)",639.804,8.500000000133774,3.5000000000842277
