territory,building_type,osmid,coord,distance,rise,fall
Deusto,N/A,N4254043797,"(43.2711694, -2.94695)",734.1819999999999,24.9999999999901,65.5
Deusto,N/A,W185205681,"(43.27236008339459, -2.9507221366997642)",766.6630000000002,28.499999999915808,46.99999999997523
