territory,building_type,osmid,coord,distance,rise,fall
Deusto,amenity_place_of_worship,W70038638,"(43.285056100487196, -2.965406009084892)",489.71799999999996,10.000000000024748,10.000000000024748
Deusto,railway_subway_entrance,N571803300,"(43.2814585, -2.9629953)",528.9580000000001,6.9999999999901,8.50000000001485
Deusto,railway_subway_entrance,N571803302,"(43.2813449, -2.9626287)",570.686,6.999999999990101,8.50000000001485
Deusto,amenity_school,W289130979,"(43.28275835370616, -2.961325319808084)",571.049,12.999999999980203,8.50000000001485
Deusto,railway_subway_entrance,N571803301,"(43.2814367, -2.9624547)",585.5390000000001,9.000000000004952,8.50000000001485
Deusto,amenity_library,N10308519810,"(43.2812493, -2.9624445)",585.835,6.999999999990102,8.50000000001485
Basurtu-Zorrotza,amenity_police,W368598943,"(43.282340484756865, -2.969394480493147)",6453.379,61.50000000026741,68.50000000029713
