territory,building_type,osmid,coord,distance,rise,fall
Ibaiondo,N/A,W485363913,"(43.25997684824978, -2.9220146785419328)",386.43399999999997,11.000000000079282,4.000000000079279
Ibaiondo,N/A,W108497734,"(43.25874273518262, -2.9247747311690637)",421.66799999999995,7.500000000044599,4.500000000054504
Abando,N/A,W110895854,"(43.26092919682561, -2.9269453237882157)",442.29100000000005,19.9999999999901,6.00000000005946
Abando,N/A,W44113519,"(43.25993749738077, -2.9264652360563534)",499.336,18.50000000003469,10.500000000074325
Ibaiondo,N/A,W41525574,"(43.25771234249542, -2.9221397271902023)",564.706,11.500000000064418,4.500000000099099
Uribarri,N/A,W248634544,"(43.26459250062579, -2.9231745754982787)",592.8190000000001,14.000000000024775,6.5000000000941345
Abando,N/A,W28776478,"(43.259963913422865, -2.9284384320288925)",604.975,22.500000000064425,6.000000000089196
Uribarri,N/A,N4508853267,"(43.2655628, -2.9205809)",833.0110000000001,30.000000000000007,6.5000000000941345
