territory,building_type,osmid,coord,distance,rise,fall
Basurtu-Zorrotza,N/A,W163195554,"(43.262640749370476, -2.9496477508797216)",723.9799999999998,30.500000000024766,4.440892098500626e-16
Basurtu-Zorrotza,N/A,W632988668,"(43.26125499964527, -2.950015396409132)",1101.2469999999994,37.500000000014865,10.999999999995044
