territory,building_type,osmid,coord,distance,rise,fall
Errekalde,amenity_school,W138709160,"(43.2507197898228, -2.945235337346584)",476.941,5.500000000074351,15.000000000014879
Errekalde,amenity_school,W302863499,"(43.249161518689874, -2.9419338912957236)",729.762,24.000000000034717,9.500000000034731
Errekalde,amenity_school,W151417160,"(43.24855327383859, -2.941124341036385)",1162.584,39.499999999960366,21.499999999935596
