territory,building_type,osmid,coord,distance,rise,fall
Uribarri,N/A,W48045715,"(43.26461925000001, -2.912653900000001)",233.226,1.4210854715202004e-14,29.000000000064418
Uribarri,N/A,N5056355015,"(43.2646852, -2.9126594)",233.226,1.4210854715202004e-14,29.000000000064418
Uribarri,N/A,N4060532227,"(43.2648784, -2.9149249)",466.846,7.0000000000792895,55.00000000008425
