territory,building_type,osmid,coord,distance,rise,fall
Errekalde,amenity_school,W165462102,"(43.245592158361845, -2.9342422839261544)",221.238,5.9999999999752305,5.9999999999752305
Ibaiondo,amenity_school,N4757644627,"(43.2481224, -2.9325122)",793.0240000000001,14.000000000034703,25.500000000049596
Ibaiondo,amenity_place_of_worship,N4757644648,"(43.2483414, -2.9337821)",793.0240000000001,14.000000000034703,25.500000000049596
Ibaiondo,amenity_place_of_worship,N1048012605,"(43.2484729, -2.9338091)",1200.4140000000002,21.50000000001488,38.000000000004974
