territory,building_type,osmid,coord,distance,rise,fall
Uribarri,N/A,N5056356248,"(43.2663985, -2.918579)",444.92799999999994,6.000000000024784,52.500000000059416
Uribarri,N/A,N4508853267,"(43.2655628, -2.9205809)",578.732,1.4210854715202004e-14,75.00000000013374
Uribarri,N/A,N5056353256,"(43.2689626, -2.9250581)",673.2959999999999,4.500000000000014,86.50000000011391
Uribarri,N/A,W123440604,"(43.26872494896904, -2.9260301349397224)",834.8900000000001,11.50000000000497,99.50000000011391
Uribarri,N/A,W162445376,"(43.273080655467716, -2.9178267306692467)",1466.1080000000004,141.9999999998862,13.499999999970385
