territory,building_type,osmid,coord,distance,rise,fall
Errekalde,amenity_school,W151417160,"(43.24855327383859, -2.941124341036385)",101.658,8.500000000024784,0.0
Errekalde,amenity_school,W331883965,"(43.25126608491348, -2.9388108819696117)",395.24199999999996,8.500000000024784,28.000000000019824
Errekalde,amenity_library,N10571583809,"(43.251039, -2.9352232)",613.1940000000001,18.999999999950433,20.999999999965297
Errekalde,amenity_community_centre,N5702888919,"(43.2532538, -2.9385299)",656.2179999999998,8.50000000002479,35.49999999995539
Errekalde,amenity_school,W138709160,"(43.2507197898228, -2.945235337346584)",718.229,22.500000000004974,41.49999999994549
Errekalde,amenity_school,W302863499,"(43.249161518689874, -2.9419338912957236)",728.4719999999999,30.000000000044615,25.000000000044615
