territory,building_type,osmid,coord,distance,rise,fall
Deusto,N/A,W185205688,"(43.26864835487923, -2.947859768119749)",354.15599999999995,9.000000000099062,7.500000000034671
Deusto,N/A,W185205681,"(43.27236008339459, -2.9507221366997642)",804.229,41.50000000005449,3.466915643457469e-11
