territory,building_type,osmid,coord,distance,rise,fall
Basurtu-Zorrotza,amenity_police,W61650845,"(43.25483560908443, -2.9622720539357044)",641.2349999999999,44.00000000005946,2.5000000000495675
Basurtu-Zorrotza,amenity_police,W404633890,"(43.254956017399024, -2.962172628386112)",641.2349999999999,44.00000000005946,2.5000000000495675
