territory,building_type,osmid,coord,distance,rise,fall
Ibaiondo,N/A,W404432093,"(43.25599232855877, -2.9282142750288136)",220.746,7.999999999990102,18.999999999955406
Ibaiondo,N/A,N11229801356,"(43.2538282, -2.9319814)",386.147,19.500000000118952,4.00000000000496
Ibaiondo,N/A,N5056088727,"(43.2562779, -2.9264049)",478.532,1.0658141036401503e-14,26.499999999970274
Ibaiondo,N/A,W376396126,"(43.25272399169551, -2.925878746109151)",657.1339999999999,9.999999999970285,25.999999999975245
Abando,N/A,W28776478,"(43.259963913422865, -2.9284384320288925)",792.8189999999998,0.49999999999010214,16.499999999955413
