territory,building_type,osmid,coord,distance,rise,fall
Otxarkoaga-Txurdinaga,N/A,N4060532220,"(43.2594633, -2.9000251)",428.63200000000006,8.500000000049596,15.999999999935653
Otxarkoaga-Txurdinaga,N/A,N4060532216,"(43.2579448, -2.9067392)",439.7559999999999,2.842170943040401e-14,33.499999999910855
Otxarkoaga-Txurdinaga,N/A,W235157481,"(43.25672274935615, -2.9070052667191253)",569.0899999999999,2.842170943040401e-14,39.99999999993068
Otxarkoaga-Txurdinaga,N/A,W164512079,"(43.25788389565486, -2.8988002094288414)",574.859,6.500000000039705,36.00000000008929
Otxarkoaga-Txurdinaga,N/A,W164510985,"(43.257638496193636, -2.898318280368446)",679.591,11.500000000119002,36.00000000008929
Otxarkoaga-Txurdinaga,N/A,N4060532217,"(43.2581194, -2.8980592)",755.926,11.500000000119016,36.0000000000893
