territory,building_type,osmid,coord,distance,rise,fall
Deusto,railway_subway_entrance,N5299547436,"(43.2744156, -2.958025)",251.636,7.000000000039623,1.500000000024766
Deusto,building_train_station,W378437650,"(43.27456673055102, -2.9582315021641943)",308.78299999999996,7.0000000000396305,4.500000000029722
Deusto,amenity_library,N600664788,"(43.2774399, -2.958159)",431.60500000000013,10.000000000004949,11.999999999999993
Deusto,amenity_place_of_worship,W41880844,"(43.27554714351943, -2.9561012625662673)",480.452,18.50000000005448,1.500000000024766
Deusto,tourism_museum,N11641427626,"(43.2783396, -2.9604649)",484.18300000000005,2.500000000039618,12.000000000019812
Deusto,amenity_place_of_worship,W290069948,"(43.278611434588655, -2.959284696139327)",578.898,5.00000000006437,12.00000000001981
Deusto,amenity_school,W46974419,"(43.275085230498796, -2.955713804783979)",586.458,21.50000000003467,1.500000000024766
