territory,building_type,osmid,coord,distance,rise,fall
Errekalde,amenity_school,W165462102,"(43.245592158361845, -2.9342422839261544)",553.108,13.000000000029758,0.0
Errekalde,amenity_school,W151417160,"(43.24855327383859, -2.941124341036385)",725.948,16.500000000158636,25.00000000009915
Ibaiondo,amenity_school,N4757644627,"(43.2481224, -2.9325122)",1172.496,27.000000000064446,25.50000000004958
Ibaiondo,amenity_place_of_worship,N4757644648,"(43.2483414, -2.9337821)",1172.496,27.000000000064446,25.50000000004958
Ibaiondo,amenity_place_of_worship,N1048012605,"(43.2484729, -2.9338091)",1579.8860000000002,34.50000000004462,38.00000000000496
