territory,building_type,osmid,coord,distance,rise,fall
Deusto,N/A,N4254043797,"(43.2711694, -2.94695)",304.281,3.0000000000297184,3.9999999999257163
Deusto,N/A,W185205681,"(43.27236008339459, -2.9507221366997642)",511.151,22.500000000069342,1.5000000000148574
Deusto,N/A,W185205688,"(43.26864835487923, -2.947859768119749)",538.465,5.329070518200751e-15,18.99999999990095
