territory,building_type,osmid,coord,distance,rise,fall
Errekalde,amenity_school,W165462102,"(43.245592158361845, -2.9342422839261544)",242.584,1.4210854715202004e-14,14.000000000034703
Ibaiondo,amenity_school,N4757644627,"(43.2481224, -2.9325122)",445.34200000000004,0.0,25.50000000004958
Ibaiondo,amenity_place_of_worship,N4757644648,"(43.2483414, -2.9337821)",445.34200000000004,0.0,25.50000000004958
Ibaiondo,amenity_school,W53764581,"(43.24903243466212, -2.9317237114605668)",694.582,1.4210854715202004e-14,39.00000000002976
Ibaiondo,amenity_school,W53668485,"(43.248961862530635, -2.930066135495643)",852.704,1.4210854715202004e-14,41.0000000000347
Ibaiondo,amenity_place_of_worship,N1048012605,"(43.2484729, -2.9338091)",852.7319999999999,7.499999999980176,38.00000000000496
