territory,building_type,osmid,coord,distance,rise,fall
Deusto,N/A,N5056421870,"(43.2773644, -2.9587254)",242.715,8.000000000014854,0.5000000000297042
Deusto,N/A,W290069950,"(43.280414549918596, -2.9601837787502543)",325.283,6.500000000039607,4.000000000029706
Deusto,N/A,N10308519810,"(43.2812493, -2.9624445)",469.182,2.5000000000346567,8.500000000059408
