territory,building_type,osmid,coord,distance,rise,fall
Basurtu-Zorrotza,N/A,W163196945,"(43.26546103784467, -2.9606482549113027)",2974.099,57.000000000277396,30.00000000024272
