territory,building_type,osmid,coord,distance,rise,fall
Abando,N/A,N4761972760,"(43.2642641, -2.9429738)",303.514,8.999999999999998,0.0
Abando,N/A,W28211432,"(43.26554608054959, -2.93803822151696)",328.38800000000003,5.00000000000991,2.499999999990095
Abando,N/A,N4762096882,"(43.2634, -2.9433546)",428.014,13.000000000029724,0.0
Abando,N/A,W171882527,"(43.26787786483111, -2.940565564584242)",460.989,1.5000000000198197,12.99999999997524
Abando,N/A,N1271964866,"(43.2645212, -2.9345677)",519.3809999999999,14.000000000039629,0.0
