territory,building_type,osmid,coord,distance,rise,fall
Deusto,amenity_school,W185206614,"(43.270374325567914, -2.9405683012120356)",249.476,3.552713678800501e-15,15.499999999995053
Deusto,amenity_theatre,N10313700309,"(43.2696477, -2.9426557)",313.86899999999997,1.4999999999752411,7.499999999905906
Deusto,amenity_place_of_worship,W112164512,"(43.272432347664996, -2.945613879322651)",316.53200000000004,8.500000000009905,4.000000000049521
Deusto,tourism_hostel,N11975964770,"(43.2722749, -2.9467999)",426.773,13.500000000029715,4.000000000049518
Deusto,amenity_place_of_worship,N10585141905,"(43.2704473, -2.9376418)",463.423,2.500000000039625,8.499999999980195
Deusto,amenity_place_of_worship,N10585123305,"(43.2710612, -2.9375073)",594.2379999999999,18.999999999950482,8.499999999980199
Deusto,amenity_community_centre,N12035542894,"(43.2692724, -2.9469505)",664.139,2.000000000089159,13.500000000019824
Abando,shop_mall,W171882527,"(43.26787786483111, -2.940565564584242)",720.638,0.5000000000049565,18.499999999915808
