territory,building_type,osmid,coord,distance,rise,fall
Errekalde,N/A,W301165234,"(43.24714070207488, -2.9509802354261194)",138.34500000000003,52.500000000000014,43.49999999997027
Errekalde,N/A,N9607455457,"(43.252218, -2.9481901)",646.6830000000001,36.99999999998518,77.49999999994552
