territory,building_type,osmid,coord,distance,rise,fall
Errekalde,N/A,W111740255,"(43.25465516232398, -2.943640524057168)",749.5289999999999,1.9999999999801759,31.000000000024784
