territory,building_type,osmid,coord,distance,rise,fall
Otxarkoaga-Txurdinaga,N/A,N4060532220,"(43.2594633, -2.9000251)",332.283,15.500000000029715,18.499999999945487
Otxarkoaga-Txurdinaga,N/A,N4060532217,"(43.2581194, -2.8980592)",457.22999999999996,14.000000000014921,34.00000000001492
Otxarkoaga-Txurdinaga,N/A,W164512079,"(43.25788389565486, -2.8988002094288414)",470.942,13.500000000019824,38.50000000009912
Otxarkoaga-Txurdinaga,N/A,W164510985,"(43.257638496193636, -2.898318280368446)",517.535,14.000000000014936,34.000000000014936
