territory,building_type,osmid,coord,distance,rise,fall
Uribarri,N/A,W162445376,"(43.273080655467716, -2.9178267306692467)",185.342,3.999999999930651,0.0
Uribarri,N/A,W123440625,"(43.27407575044531, -2.920164432463072)",436.665,5.5000000000693205,5.500000000005002
