territory,building_type,osmid,coord,distance,rise,fall
Abando,N/A,W96337695,"(43.25973970175266, -2.9371151663607047)",201.77400000000003,1.000000000009905,2.999999999990095
Errekalde,N/A,N5056184623,"(43.2568371, -2.9396557)",480.75,14.500000000000014,1.4999999999851497
Abando,N/A,W108504682,"(43.26150873360247, -2.9323193974511943)",541.041,6.000000000049546,4.000000000009912
