territory,building_type,osmid,coord,distance,rise,fall
Errekalde,N/A,N9607455457,"(43.252218, -2.9481901)",345.034,19.500000000054527,65.00000000009913
Errekalde,N/A,W301165234,"(43.24714070207488, -2.9509802354261194)",467.8979999999999,64.49999999999012,60.50000000004465
