territory,building_type,osmid,coord,distance,rise,fall
Uribarri,N/A,N5056353256,"(43.2689626, -2.9250581)",594.5459999999998,20.999999999935675,113.00000000001492
Uribarri,N/A,W123440604,"(43.26872494896904, -2.9260301349397224)",756.1400000000001,27.99999999994063,126.00000000001492
