territory,building_type,osmid,coord,distance,rise,fall
Ibaiondo,N/A,W41525574,"(43.25771234249542, -2.9221397271902023)",80.553,0.0,5.4509285973836086e-11
Ibaiondo,N/A,W108497734,"(43.25874273518262, -2.9247747311690637)",212.44,0.4999999999653113,4.499999999995044
Ibaiondo,N/A,W420558992,"(43.256988569906525, -2.92040166742721)",270.59799999999996,13.499999999990091,5.4509285973836086e-11
Ibaiondo,N/A,W485363913,"(43.25997684824978, -2.9220146785419328)",311.226,0.5000000000099121,0.5000000000297362
Ibaiondo,N/A,N5056088727,"(43.2562779, -2.9264049)",507.041,7.500000000000007,8.50000000004956
Ibaiondo,N/A,W404432093,"(43.25599232855877, -2.9282142750288136)",599.815,17.500000000014875,3.000000000059469
Abando,N/A,W110895854,"(43.26092919682561, -2.9269453237882157)",619.6479999999999,18.99999999995045,12.000000000039641
Abando,N/A,W44113519,"(43.25993749738077, -2.9264652360563534)",676.6929999999999,17.49999999999504,16.500000000054506
Abando,N/A,W28776478,"(43.259963913422865, -2.9284384320288925)",782.3319999999999,21.500000000024777,12.000000000069377
