territory,building_type,osmid,coord,distance,rise,fall
Ibaiondo,N/A,W41525574,"(43.25771234249542, -2.9221397271902023)",60.833999999999996,0.0,8.000000000034689
Ibaiondo,N/A,W420558992,"(43.256988569906525, -2.92040166742721)",129.211,5.499999999955403,0.0
Ibaiondo,N/A,W108497734,"(43.25874273518262, -2.9247747311690637)",319.816,0.5000000000198206,12.500000000029733
Ibaiondo,N/A,W485363913,"(43.25997684824978, -2.9220146785419328)",399.52699999999993,0.5000000000644214,8.500000000064425
Ibaiondo,N/A,W375390416,"(43.25296603590128, -2.923187807157419)",547.818,17.000000000153634,23.000000000178407
Ibaiondo,N/A,N5056088727,"(43.2562779, -2.9264049)",648.428,7.500000000054516,16.50000000008425
Abando,N/A,W44113519,"(43.25993749738077, -2.9264652360563534)",777.911,17.50000000004955,24.500000000089194
