territory,building_type,osmid,coord,distance,rise,fall
Begona,amenity_school,W302871940,"(43.24857120737572, -2.9140678663974113)",204.00599999999997,0.0,2.000000000054513
Begona,amenity_school,W419249921,"(43.247898820477886, -2.9140790959457936)",254.531,0.50000000003471,0.5000000000347029
Begona,tourism_hostel,R6809489,"(43.246643762497214, -2.90992181556658)",284.644,0.0,6.999999999990081
Begona,railway_subway_entrance,N506170042,"(43.2506056, -2.9114436)",362.82599999999996,18.000000000039677,1.5000000000396767
Begona,railway_subway_entrance,N506170049,"(43.2507365, -2.9105707)",477.38900000000007,21.00000000000003,4.499999999995069
Begona,amenity_school,W178937537,"(43.25131112995326, -2.9102872678264795)",496.1,21.00000000000003,1.5000000000396767
Begona,amenity_place_of_worship,W40111977,"(43.25102796813039, -2.916214065107912)",619.7299999999999,31.000000000074365,15.00000000009915
Begona,amenity_school,W40347954,"(43.25086874686762, -2.9168277398567413)",680.3910000000001,28.500000000118952,14.500000000094168
