territory,building_type,osmid,coord,distance,rise,fall
Uribarri,N/A,N5056356248,"(43.2663985, -2.918579)",149.243,13.999999999965347,1.4210854715202004e-14
Uribarri,N/A,N4508853267,"(43.2655628, -2.9205809)",192.096,6.9999999999950475,21.500000000128807
Uribarri,N/A,W248634544,"(43.26459250062579, -2.9231745754982787)",382.046,4.499999999915794,35.000000000024784
Uribarri,N/A,N4060532227,"(43.2648784, -2.9149249)",540.046,26.999999999920767,14.000000000059472
Uribarri,N/A,N5056353256,"(43.2689626, -2.9250581)",568.3329999999999,14.999999999930655,36.50000000004459
