territory,building_type,osmid,coord,distance,rise,fall
Deusto,N/A,W290069950,"(43.280414549918596, -2.9601837787502543)",231.976,6.500000000039604,1.5000000000148503
Deusto,N/A,N5056421870,"(43.2773644, -2.9587254)",330.20799999999997,10.500000000029711,0.5000000000297096
Deusto,N/A,N10308519810,"(43.2812493, -2.9624445)",375.875,2.500000000034653,6.000000000044553
