territory,building_type,osmid,coord,distance,rise,fall
Otxarkoaga-Txurdinaga,N/A,W235157481,"(43.25672274935615, -2.9070052667191253)",640.0459999999999,30.500000000118945,24.000000000044622
Begona,N/A,N5056328910,"(43.2541211, -2.9149326)",645.521,25.00000000010904,19.000000000044622
