territory,building_type,osmid,coord,distance,rise,fall
Uribarri,N/A,W48045715,"(43.26461925000001, -2.912653900000001)",331.105,29.000000000034703,35.500000000173415
Uribarri,N/A,N5056355015,"(43.2646852, -2.9126594)",331.105,29.000000000034703,35.500000000173415
Uribarri,N/A,N4060532227,"(43.2648784, -2.9149249)",344.434,3.4999999999752376,29.000000000054506
