territory,building_type,osmid,coord,distance,rise,fall
Deusto,amenity_theatre,N3696895644,"(43.2673338, -2.9604465)",113.007,0.5000000000049531,0.0
Deusto,amenity_place_of_worship,N9652033547,"(43.2685894, -2.9604807)",134.82800000000003,0.5000000000099061,0.0
Deusto,amenity_place_of_worship,W176664325,"(43.268567154157736, -2.9604612424344765)",134.82800000000003,0.5000000000099061,0.0
Deusto,amenity_community_centre,N6777788085,"(43.2672525, -2.9597383)",200.489,0.5000000000049531,0.0
Deusto,amenity_community_centre,W254514789,"(43.26956430038033, -2.96173829084464)",286.928,2.0000000000198117,2.0000000000148583
Deusto,amenity_arts_centre,W176679093,"(43.26780294167776, -2.960577805719317)",310.12800000000004,0.5000000000198124,9.906075959520422e-12
Basurtu-Zorrotza,amenity_place_of_worship,W163196945,"(43.265461037844666, -2.9606482549113027)",2889.5820000000003,57.000000000277396,30.00000000024272
