territory,building_type,osmid,coord,distance,rise,fall
Abando,N/A,W28211432,"(43.26554608054959, -2.93803822151696)",48.136,0.0,5.0000000000148646
Abando,N/A,N1271964866,"(43.2645212, -2.9345677)",320.563,6.500000000004949,0.0
Abando,N/A,W171882527,"(43.26787786483111, -2.940565564584242)",433.682,0.5000000000049534,19.499999999995055
Abando,N/A,N4731925117,"(43.2661842, -2.9329433)",457.12800000000004,8.500000000039634,9.919176591210999e-12
Abando,N/A,N4761972760,"(43.2642641, -2.9429738)",613.116,11.50000000001981,10.000000000054492
