territory,building_type,osmid,coord,distance,rise,fall
Errekalde,N/A,W301165234,"(43.24714070207488, -2.9509802354261194)",383.80899999999986,35.000000000000014,60.50000000004465
Errekalde,N/A,N9607455457,"(43.252218, -2.9481901)",429.123,19.500000000054527,94.50000000008924
