territory,building_type,osmid,coord,distance,rise,fall
Abando,N/A,N5056379164,"(43.2581887, -2.9459426)",377.4309999999999,2.000000000064439,11.00000000009912
Basurtu-Zorrotza,N/A,N9607467466,"(43.2589548, -2.9488089)",522.146,3.5000000001139924,15.000000000104073
Basurtu-Zorrotza,N/A,W402170994,"(43.25967701277512, -2.9532145370708145)",574.0169999999999,8.50000000002975,11.50000000004956
Errekalde,N/A,N9607455457,"(43.252218, -2.9481901)",795.7040000000001,35.000000000094175,6.000000000044608
