territory,building_type,osmid,coord,distance,rise,fall
Otxarkoaga-Txurdinaga,N/A,N4060532220,"(43.2594633, -2.9000251)",145.935,2.000000000009905,6.4999999999554205
Otxarkoaga-Txurdinaga,N/A,W164512079,"(43.25788389565486, -2.8988002094288414)",292.162,1.4210854715202004e-14,26.500000000109054
Otxarkoaga-Txurdinaga,N/A,W164510985,"(43.257638496193636, -2.898318280368446)",396.894,5.000000000079311,26.500000000109054
Otxarkoaga-Txurdinaga,N/A,N4060532217,"(43.2581194, -2.8980592)",473.229,5.000000000079325,26.50000000010907
Otxarkoaga-Txurdinaga,N/A,N4060532216,"(43.2579448, -2.9067392)",610.5120000000001,6.000000000044622,36.50000000001491
