territory,building_type,osmid,coord,distance,rise,fall
Begona,N/A,N9607391207,"(43.2500267, -2.9080084)",199.335,0.0,9.000000000019824
Begona,N/A,W305622069,"(43.25019552887615, -2.9072914369528084)",704.219,7.999999999999993,24.500000000019817
