territory,building_type,osmid,coord,distance,rise,fall
Deusto,N/A,N4254043797,"(43.2711694, -2.94695)",375.922,11.500000000049528,28.499999999995058
Deusto,N/A,N5056437799,"(43.2691029, -2.9449199)",503.15200000000004,7.000000000054484,41.00000000003468
Deusto,N/A,W185205681,"(43.27236008339459, -2.9507221366997642)",613.8430000000001,11.499999999930672,6.49999999992572
Deusto,N/A,W185205688,"(43.26864835487923, -2.947859768119749)",668.408,11.500000000059439,46.50000000000992
