territory,building_type,osmid,coord,distance,rise,fall
Errekalde,amenity_school,W138709160,"(43.2507197898228, -2.945235337346584)",124.021,4.000000000044608,3.0000000000049596
Errekalde,amenity_community_centre,N4896680970,"(43.2536856, -2.9454718)",395.91900000000004,4.0000000000495675,7.000000000034703
Errekalde,amenity_school,W388280876,"(43.25316084419019, -2.9493565790141965)",436.2,29.500000000094175,14.500000000069406
Errekalde,amenity_place_of_worship,N8894270302,"(43.2542534, -2.9466821)",540.854,18.500000000049575,26.500000000074365
Errekalde,amenity_school,W302863499,"(43.249161518689874, -2.9419338912957236)",603.6949999999999,28.000000000079325,3.0000000000991633
Errekalde,amenity_school,W151417160,"(43.24855327383859, -2.941124341036385)",906.168,45.499999999990095,16.99999999998515
