territory,building_type,osmid,coord,distance,rise,fall
Abando,N/A,W96337695,"(43.25973970175266, -2.9371151663607047)",215.116,2.5000000000198064,3.4999999999999964
Abando,N/A,W108504682,"(43.26150873360247, -2.9323193974511943)",264.711,3.0000000000743228,3.468869635980809e-11
Abando,N/A,N3207631929,"(43.2618877, -2.9308223)",380.119,4.000000000054506,3.468869635980809e-11
Abando,N/A,N1271964866,"(43.2645212, -2.9345677)",454.61100000000005,9.500000000143675,10.000000000113957
Abando,N/A,W41688628,"(43.26399354682828, -2.9308926528671213)",592.85,6.500000000118909,3.0000000000693703
