territory,building_type,osmid,coord,distance,rise,fall
Deusto,amenity_place_of_worship,W112164512,"(43.272432347664996, -2.945613879322651)",376.96200000000005,10.499999999970314,60.50000000000993
Deusto,tourism_hostel,N11975964770,"(43.2722749, -2.9467999)",537.241,15.499999999990127,60.50000000000993
Deusto,amenity_place_of_worship,N707156296,"(43.274857, -2.9480119)",568.0199999999999,46.50000000015348,25.500000000054456
Deusto,amenity_school,W185206614,"(43.270374325567914, -2.9405683012120356)",783.6869999999999,10.49999999997032,80.49999999996537
Deusto,amenity_theatre,N10313700309,"(43.2696477, -2.9426557)",839.967,11.0000000000347,71.49999999996537
