territory,building_type,osmid,coord,distance,rise,fall
Uribarri,amenity_place_of_worship,N10646887705,"(43.2737192, -2.9192088)",0.0,0.0,0.0
Uribarri,building_public,W162445381,"(43.27320069223098, -2.9188288684242503)",0.0,0.0,0.0
Uribarri,building_public,W162445382,"(43.27365287653539, -2.918721467738693)",0.0,0.0,0.0
Uribarri,amenity_school,W421480310,"(43.271711224908586, -2.914520389183935)",506.681,2.999999999970356,10.000000000069377
Uribarri,building_public,W162445376,"(43.273080655467695, -2.9178267306692462)",553.576,4.999999999866333,5.684341886080802e-14
,amenity_school,W162448171,"(43.274472044140566, -2.919543897158748)",729.302,6.500000000005002,5.684341886080802e-14
Uribarri,railway_subway_entrance,N5318330528,"(43.2741801, -2.9200627)",804.899,6.500000000005002,5.500000000005059
Uribarri,building_train_station,W123440625,"(43.274075750445306, -2.920164432463072)",804.899,6.500000000005002,5.500000000005059
