territory,building_type,osmid,coord,distance,rise,fall
Begona,N/A,N9607391207,"(43.2500267, -2.9080084)",603.265,12.999999999945487,3.9999999999901092
Begona,N/A,W305622069,"(43.25019552887615, -2.9072914369528084)",719.4280000000001,13.500000000004995,12.000000000049617
