territory,building_type,osmid,coord,distance,rise,fall
Uribarri,N/A,N4060532227,"(43.2648784, -2.9149249)",87.552,7.105427357601002e-15,17.50000000006441
Uribarri,N/A,W48045715,"(43.26461925000001, -2.912653900000001)",146.06799999999998,8.49999999995542,7.000000000079268
Uribarri,N/A,N5056355015,"(43.2646852, -2.9126594)",146.06799999999998,8.49999999995542,7.000000000079268
Uribarri,N/A,N5056356248,"(43.2663985, -2.918579)",463.37200000000007,7.499999999995069,23.999999999955435
