territory,building_type,osmid,coord,distance,rise,fall
Abando,N/A,N4762096882,"(43.2634, -2.9433546)",338.93600000000004,1.000000000004956,5.5000000000148646
Abando,N/A,N4761972760,"(43.2642641, -2.9429738)",461.113,8.500000000014861,17.000000000054495
Abando,N/A,W28211432,"(43.26554608054959, -2.93803822151696)",490.06000000000006,4.5000000000297256,19.500000000049543
Abando,N/A,N1271964866,"(43.2645212, -2.9345677)",573.245,8.000000000084228,11.500000000084231
Abando,N/A,W96337695,"(43.25973970175266, -2.9371151663607047)",589.7119999999999,2.499999999990081,6.499999999999993
