territory,building_type,osmid,coord,distance,rise,fall
Uribarri,N/A,W48045715,"(43.26461925000001, -2.912653900000001)",635.2259999999998,21.000000000227885,127.50000000033192
Uribarri,N/A,N5056355015,"(43.2646852, -2.9126594)",635.2259999999998,21.000000000227885,127.50000000033192
