territory,building_type,osmid,coord,distance,rise,fall
Deusto,amenity_place_of_worship,W70038638,"(43.285056100487196, -2.965406009084892)",825.3530000000001,7.5000000000791935,17.000000000103938
Deusto,amenity_school,W289130979,"(43.28275835370616, -2.961325319808084)",1183.9829999999997,13.999999999999996,19.000000000059387
Basurtu-Zorrotza,amenity_police,W368598943,"(43.282340484756865, -2.969394480493147)",6931.744000000001,50.0000000002476,66.50000000030205
