territory,building_type,osmid,coord,distance,rise,fall
Ibaiondo,N/A,W404432093,"(43.25599232855877, -2.9282142750288136)",165.524,6.50000000004956,7.000000000034689
Ibaiondo,N/A,N5056088727,"(43.2562779, -2.9264049)",230.392,0.0,15.999999999990088
Ibaiondo,N/A,W375390416,"(43.25296603590128, -2.923187807157419)",379.112,3.9999999999950475,16.999999999980176
Ibaiondo,N/A,W108497734,"(43.25874273518262, -2.9247747311690637)",513.9100000000001,3.000000000059469,22.000000000029736
Ibaiondo,N/A,N11229801356,"(43.2538282, -2.9319814)",538.2690000000001,26.00000000009419,2.1316282072803006e-14
Ibaiondo,N/A,W376396126,"(43.25272399169551, -2.925878746109151)",567.144,13.50000000002975,19.000000000054534
