territory,building_type,osmid,coord,distance,rise,fall
Uribarri,N/A,W248634544,"(43.26459250062579, -2.9231745754982787)",256.71500000000003,8.999999999985137,3.000000000094131
Ibaiondo,N/A,W485363913,"(43.25997684824978, -2.9220146785419328)",302.461,8.499999999990099,3.000000000029729
Uribarri,N/A,N4508853267,"(43.2655628, -2.9205809)",490.934,24.999999999960366,3.000000000094131
Ibaiondo,N/A,W108497734,"(43.25874273518262, -2.9247747311690637)",515.9259999999999,7.500000000044599,6.000000000094138
Abando,N/A,W110895854,"(43.26092919682561, -2.9269453237882157)",559.1959999999999,20.000000000069367,7.500000000178362
Ibaiondo,N/A,W41525574,"(43.25771234249542, -2.9221397271902023)",593.8679999999999,9.000000000019835,3.5000000000941505
Abando,N/A,W44113519,"(43.25993749738077, -2.9264652360563534)",703.629,17.000000000029733,10.500000000109004
