territory,building_type,osmid,coord,distance,rise,fall
Deusto,amenity_place_of_worship,N9652033547,"(43.2685894, -2.9604807)",52.010000000000005,0.5000000000099059,0.5000000000099059
Deusto,amenity_place_of_worship,W176664325,"(43.268567154157736, -2.9604612424344765)",52.010000000000005,0.5000000000099059,0.5000000000099059
Deusto,amenity_arts_centre,W176679093,"(43.26780294167776, -2.960577805719317)",162.158,9.906298004125347e-12,9.906075959520422e-12
Deusto,amenity_theatre,N3696895644,"(43.2673338, -2.9604465)",234.14200000000002,0.5000000000049531,0.5000000000099061
Deusto,amenity_community_centre,N6777788085,"(43.2672525, -2.9597383)",321.624,0.5000000000049531,0.5000000000099061
Deusto,amenity_community_centre,W254514789,"(43.26956430038033, -2.96173829084464)",431.276,2.0000000000198117,2.500000000024764
Deusto,tourism_hostel,N3004608569,"(43.2687748, -2.9545458)",1084.2939999999999,12.500000000143645,8.500000000138694
Deusto,amenity_school,W185205751,"(43.26985222807176, -2.955056771945497)",1451.5089999999996,17.000000000143643,9.500000000173362
Basurtu-Zorrotza,amenity_place_of_worship,W163196945,"(43.265461037844666, -2.9606482549113027)",3010.7169999999996,57.000000000277396,30.500000000252626
