territory,building_type,osmid,coord,distance,rise,fall
Abando,N/A,W96337695,"(43.25973970175266, -2.9371151663607047)",306.892,1.000000000009905,3.4999999999653113
Errekalde,N/A,N5056184623,"(43.2568371, -2.9396557)",375.632,14.000000000024798,1.4999999999851497
