territory,building_type,osmid,coord,distance,rise,fall
Uribarri,N/A,W48045715,"(43.26461925000001, -2.912653900000001)",1468.8520000000003,71.9999999999257,128.50000000005946
