territory,building_type,osmid,coord,distance,rise,fall
Deusto,amenity_school,W133202039,"(43.27880270444211, -2.963662949818916)",352.76099999999997,1.5000000000099014,6.000000000054461
Deusto,amenity_library,N600664788,"(43.2774399, -2.958159)",372.79,12.499999999960393,0.0
Deusto,tourism_museum,N11641427626,"(43.2783396, -2.9604649)",404.40200000000004,10.000000000004952,5.00000000002971
Deusto,amenity_school,W133202037,"(43.27953188152901, -2.964044809587376)",417.405,3.5000000000148526,6.000000000054461
Deusto,amenity_place_of_worship,W290069948,"(43.278611434588655, -2.959284696139327)",501.03900000000004,12.500000000029704,5.000000000029708
Deusto,railway_subway_entrance,N571803298,"(43.2799418, -2.9621471)",518.2719999999999,6.000000000049505,4.000000000069313
Deusto,railway_subway_entrance,N571803299,"(43.2800193, -2.9618836)",554.233,6.000000000049505,5.000000000079213
Deusto,railway_subway_entrance,N5299547436,"(43.2744156, -2.958025)",585.963,20.500000000009912,0.5000000000396163
Deusto,building_train_station,W378437650,"(43.27456673055102, -2.9582315021641943)",643.11,20.50000000000992,3.5000000000445723
