territory,building_type,osmid,coord,distance,rise,fall
Errekalde,N/A,W301165234,"(43.24714070207488, -2.9509802354261194)",307.1959999999999,45.00000000002974,1.4210854715202004e-14
