territory,building_type,osmid,coord,distance,rise,fall
Begona,N/A,N9607391207,"(43.2500267, -2.9080084)",479.2850000000001,13.000000000064475,12.000000000029772
Begona,N/A,W305622069,"(43.25019552887615, -2.9072914369528084)",903.102,18.000000000034696,24.499999999999993
