territory,building_type,osmid,coord,distance,rise,fall
Uribarri,N/A,W248634544,"(43.26459250062579, -2.9231745754982787)",163.379,0.0,12.500000000014865
Uribarri,N/A,N4508853267,"(43.2655628, -2.9205809)",218.90800000000002,3.9999999999256914,0.4999999999653255
Uribarri,N/A,N5056356248,"(43.2663985, -2.918579)",453.64799999999997,32.5000000000248,0.4999999999653397
Uribarri,N/A,N5056353256,"(43.2689626, -2.9250581)",635.1919999999999,23.500000000004956,27.000000000024762
Uribarri,N/A,N9607363904,"(43.2682033, -2.9265437)",664.478,5.999999999950475,20.49999999994552
Uribarri,N/A,W123440604,"(43.26872494896904, -2.9260301349397224)",726.083,10.999999999930665,20.49999999994552
