territory,building_type,osmid,coord,distance,rise,fall
Otxarkoaga-Txurdinaga,amenity_community_centre,W386847400,"(43.26560640049439, -2.906940411091095)",864.3130000000001,37.500000000089244,58.50000000011397
Uribarri,amenity_place_of_worship,N610953374,"(43.2654928, -2.9109833)",1166.9119999999998,75.50000000007923,195.00000000018323
Uribarri,amenity_school,W48052362,"(43.26640023315709, -2.9103926848917308)",1178.6559999999997,81.50000000006433,177.0000000002179
