territory,building_type,osmid,coord,distance,rise,fall
Errekalde,amenity_school,W302863499,"(43.249161518689874, -2.9419338912957236)",67.288,0.0,3.966249551012879e-11
Errekalde,amenity_school,W138709160,"(43.2507197898228, -2.945235337346584)",438.228,5.455547125166049e-11,24.00000000003473
Errekalde,amenity_community_centre,N4896680970,"(43.2536856, -2.9454718)",699.315,2.5000000000297646,30.500000000034724
Errekalde,amenity_school,W151417160,"(43.24855327383859, -2.941124341036385)",716.7289999999999,29.499999999940513,25.999999999955392
Errekalde,amenity_school,W331883965,"(43.25126608491348, -2.9388108819696117)",786.1029999999998,9.50000000000992,34.00000000004462
Errekalde,railway_subway_entrance,N4541079485,"(43.2540911, -2.9419025)",896.61,4.49999999998515,43.50000000000003
Errekalde,amenity_community_centre,N5702888919,"(43.2532538, -2.9385299)",942.3140000000001,8.000000000049589,40.00000000001985
