territory,building_type,osmid,coord,distance,rise,fall
Begona,N/A,N5056328910,"(43.2541211, -2.9149326)",252.142,4.460787295101909e-11,7.0000000000495675
