territory,building_type,osmid,coord,distance,rise,fall
Ibaiondo,building_train_station,W453719236,"(43.24045334541864, -2.924084942378229)",1437.8479999999997,16.000000000024812,116.50000000004464
Ibaiondo,amenity_school,W185284035,"(43.244405788428594, -2.9251938625874043)",1704.6209999999999,12.000000000163656,123.50000000015868
