territory,building_type,osmid,coord,distance,rise,fall
Otxarkoaga-Txurdinaga,N/A,N4060532216,"(43.2579448, -2.9067392)",230.38100000000003,0.0,20.500000000049553
Otxarkoaga-Txurdinaga,N/A,W235157481,"(43.25672274935615, -2.9070052667191253)",359.71500000000003,0.0,27.000000000069377
Otxarkoaga-Txurdinaga,N/A,N4060532220,"(43.2594633, -2.9000251)",559.0920000000001,12.999999999980233,7.500000000005016
Otxarkoaga-Txurdinaga,N/A,W164512079,"(43.25788389565486, -2.8988002094288414)",705.3190000000001,10.999999999970342,27.50000000015865
