territory,building_type,osmid,coord,distance,rise,fall
Begona,N/A,N5056328910,"(43.2541211, -2.9149326)",215.39299999999997,4.462208380573429e-11,4.500000000024798
