territory,building_type,osmid,coord,distance,rise,fall
Otxarkoaga-Txurdinaga,N/A,N4060532216,"(43.2579448, -2.9067392)",373.23999999999995,1.4210854715202004e-14,19.99999999998515
Otxarkoaga-Txurdinaga,N/A,W235157481,"(43.25672274935615, -2.9070052667191253)",502.57399999999996,1.4210854715202004e-14,26.500000000004974
Otxarkoaga-Txurdinaga,N/A,N4060532220,"(43.2594633, -2.9000251)",677.609,13.500000000044636,7.500000000005002
