territory,building_type,osmid,coord,distance,rise,fall
Basurtu-Zorrotza,amenity_school,W138646173,"(43.273658206322374, -2.9724287872498514)",418.39300000000003,9.999999999965333,18.99999999999504
Basurtu-Zorrotza,amenity_community_centre,N6983084986,"(43.2739283, -2.9746927)",426.2460000000001,1.4999999999653362,25.000000000009898
Basurtu-Zorrotza,amenity_school,W251096855,"(43.27190400890658, -2.968858584144567)",642.4989999999999,44.00000000001982,6.00000000005447
Basurtu-Zorrotza,amenity_school,W251096861,"(43.27528361750021, -2.9705968204589417)",686.6230000000002,12.499999999891063,19.49999999995048
