territory,building_type,osmid,coord,distance,rise,fall
Errekalde,N/A,N5056184623,"(43.2568371, -2.9396557)",264.56600000000003,4.5000000000495675,0.0
Errekalde,N/A,W111740255,"(43.25465516232398, -2.943640524057168)",519.556,8.000000000153634,8.000000000168498
Errekalde,N/A,N5056183351,"(43.251483, -2.9359224)",769.609,40.50000000011896,7.500000000099135
