territory,building_type,osmid,coord,distance,rise,fall
Otxarkoaga-Txurdinaga,N/A,N4060532220,"(43.2594633, -2.9000251)",588.927,27.499999999920774,33.99999999986133
Otxarkoaga-Txurdinaga,N/A,N4060532216,"(43.2579448, -2.9067392)",596.286,18.499999999881055,50.99999999984638
Otxarkoaga-Txurdinaga,N/A,W164512079,"(43.25788389565486, -2.8988002094288414)",735.154,25.499999999910884,54.000000000014964
