territory,building_type,osmid,coord,distance,rise,fall
Uribarri,N/A,W248634544,"(43.26459250062579, -2.9231745754982787)",265.32099999999997,8.999999999985135,23.50000000007926
Uribarri,N/A,N4508853267,"(43.2655628, -2.9205809)",469.615,12.499999999905878,11.000000000024773
Uribarri,N/A,N5056356248,"(43.2663985, -2.918579)",637.4240000000001,40.500000000039655,10.500000000059462
Ibaiondo,N/A,W485363913,"(43.25997684824978, -2.9220146785419328)",681.163,11.50000000008423,26.50000000010899
Uribarri,N/A,N4060532227,"(43.2648784, -2.9149249)",761.3549999999997,45.50000000024277,16.50000000036661
