territory,building_type,osmid,coord,distance,rise,fall
Begona,N/A,N9607391207,"(43.2500267, -2.9080084)",385.88700000000006,11.49999999992069,0.4999999999752305
Begona,N/A,W305622069,"(43.25019552887615, -2.9072914369528084)",525.1290000000001,11.99999999998019,8.500000000034731
