territory,building_type,osmid,coord,distance,rise,fall
Deusto,amenity_place_of_worship,W41880844,"(43.27554714351943, -2.9561012625662673)",122.10900000000001,5.50000000000496,0.0
Deusto,railway_subway_entrance,N5299547436,"(43.2744156, -2.958025)",208.82999999999998,3.9999999999801936,9.999999999990091
Deusto,amenity_school,W46974419,"(43.275085230498796, -2.955713804783979)",228.115,8.49999999998515,0.0
Deusto,building_train_station,W378437650,"(43.27456673055102, -2.9582315021641943)",265.9769999999999,3.9999999999802007,12.999999999995048
Deusto,amenity_library,N600664788,"(43.2774399, -2.958159)",281.409,0.9999999999950546,14.500000000014854
Deusto,amenity_place_of_worship,W290069948,"(43.278611434588655, -2.959284696139327)",447.99899999999997,0.9999999999950546,19.499999999975252
Deusto,tourism_museum,N11641427626,"(43.2783396, -2.9604649)",482.50000000000006,1.5000000000247589,22.500000000029708
Deusto,amenity_police,W185205676,"(43.2730320456833, -2.9532225738516544)",493.58200000000005,9.499999999970285,4.9999999999851354
Deusto,amenity_school,W185282143,"(43.28002542818132, -2.9569323243902743)",771.125,40.00000000006933,28.000000000034667
