territory,building_type,osmid,coord,distance,rise,fall
Errekalde,N/A,N9607455457,"(43.252218, -2.9481901)",326.568,17.000000000024784,4.500000000000014
Errekalde,N/A,W111740255,"(43.25465516232398, -2.943640524057168)",826.664,7.000000000019824,34.500000000099135
Abando,N/A,N5056379164,"(43.2581887, -2.9459426)",1028.8979999999997,10.500000000094182,36.00000000015366
Basurtu-Zorrotza,N/A,N9607467466,"(43.2589548, -2.9488089)",1346.8919999999998,14.500000000064432,42.50000000007931
