territory,building_type,osmid,coord,distance,rise,fall
Ibaiondo,N/A,W375390416,"(43.25296603590128, -2.923187807157419)",124.36500000000001,0.0,2.9999999999851283
Ibaiondo,N/A,W376396126,"(43.25272399169551, -2.925878746109151)",880.5709999999999,23.500000000029754,19.000000000054538
