territory,building_type,osmid,coord,distance,rise,fall
Deusto,N/A,N5056437799,"(43.2691029, -2.9449199)",143.61400000000003,3.552713678800501e-15,12.500000000039623
Deusto,N/A,N4254043797,"(43.2711694, -2.94695)",228.856,5.00000000005943,0.5000000000643823
Deusto,N/A,W185205688,"(43.26864835487923, -2.947859768119749)",322.20500000000004,9.912071163853398e-12,13.500000000019815
Abando,N/A,W171882527,"(43.26787786483111, -2.940565564584242)",947.014,1.9999999999801887,21.999999999980187
