territory,building_type,osmid,coord,distance,rise,fall
Errekalde,amenity_school,W388280876,"(43.25316084419019, -2.9493565790141965)",927.23,69.50000000006943,114.000000000005
Errekalde,amenity_place_of_worship,N8894270302,"(43.2542534, -2.9466821)",1107.8729999999998,61.5000000000744,129.00000000005952
Basurtu-Zorrotza,amenity_place_of_worship,R11227990,"(43.25576330060649, -2.947366226912851)",1325.8939999999998,35.50000000009416,104.00000000006939
Basurtu-Zorrotza,amenity_library,N10313715009,"(43.2567015, -2.9490922)",1360.5319999999997,36.500000000148674,100.0000000001239
Basurtu-Zorrotza,amenity_police,W408633232,"(43.2565796201018, -2.9493267089254327)",1360.5319999999997,36.500000000148674,100.0000000001239
