territory,building_type,osmid,coord,distance,rise,fall
Deusto,railway_subway_entrance,N5299547436,"(43.2744156, -2.958025)",455.948,20.500000000024762,4.440892098500626e-15
Deusto,building_train_station,W378437650,"(43.27456673055102, -2.9582315021641943)",513.0949999999999,20.50000000002477,3.0000000000049605
Deusto,amenity_library,N600664788,"(43.2774399, -2.958159)",602.836,23.00000000003961,10.000000000024752
Deusto,tourism_museum,N11641427626,"(43.2783396, -2.9604649)",651.2180000000001,17.000000000099025,11.50000000006932
Deusto,amenity_place_of_worship,W41880844,"(43.27554714351943, -2.9561012625662673)",658.143,32.00000000003963,7.993605777301127e-15
