territory,building_type,osmid,coord,distance,rise,fall
Otxarkoaga-Txurdinaga,N/A,W164510985,"(43.257638496193636, -2.898318280368446)",285.08,3.000000000054513,2.500000000029729
Otxarkoaga-Txurdinaga,N/A,N4060532217,"(43.2581194, -2.8980592)",338.92499999999995,3.000000000054527,2.5000000000297433
Otxarkoaga-Txurdinaga,N/A,W164512079,"(43.25788389565486, -2.8988002094288414)",389.81199999999995,3.000000000054513,7.500000000109026
