territory,building_type,osmid,coord,distance,rise,fall
Ibaiondo,N/A,W420558992,"(43.256988569906525, -2.92040166742721)",188.855,5.99999999994548,4.5000000000049525
Ibaiondo,N/A,W41525574,"(43.25771234249542, -2.9221397271902023)",311.69100000000003,0.4999999999900808,12.500000000039645
Ibaiondo,N/A,W375390416,"(43.25296603590128, -2.923187807157419)",512.465,11.000000000059472,21.00000000009912
Ibaiondo,N/A,W108497734,"(43.25874273518262, -2.9247747311690637)",570.673,1.0000000000099014,17.00000000003469
Ibaiondo,N/A,N5056088727,"(43.2562779, -2.9264049)",678.932,13.500000000014872,26.50000000005948
