territory,building_type,osmid,coord,distance,rise,fall
Basurtu-Zorrotza,building_train_station,W402170994,"(43.25967701277512, -2.9532145370708145)",144.15800000000002,0.0,11.000000000034674
Basurtu-Zorrotza,railway_subway_entrance,N4944875070,"(43.2600187, -2.9537148)",199.931,7.105427357601002e-15,13.000000000009912
Basurtu-Zorrotza,railway_subway_entrance,N4944875063,"(43.2594993, -2.9525533)",309.896,1.9999999999752376,13.00000000000992
Basurtu-Zorrotza,building_public,N1848293667,"(43.2622397, -2.9510612)",675.069,7.0000000000297575,27.000000000024798
Basurtu-Zorrotza,building_train_station,W163128700,"(43.261459197014496, -2.948830847035061)",772.875,6.000000000004981,31.000000000000025
Basurtu-Zorrotza,railway_subway_entrance,N6139261848,"(43.2614654, -2.9489264)",777.227,6.000000000004981,31.000000000000025
Basurtu-Zorrotza,amenity_place_of_worship,W521860095,"(43.25903349804755, -2.9482902674061107)",802.778,10.000000000084256,29.5000000000892
Basurtu-Zorrotza,amenity_place_of_worship,W301694701,"(43.25652086676977, -2.957615550547145)",975.3020000000002,99.49999999995046,28.500000000000007
Basurtu-Zorrotza,amenity_community_centre,W301694691,"(43.25639843254374, -2.9578756320078523)",1028.2590000000002,120.00000000002974,28.500000000000007
