territory,building_type,osmid,coord,distance,rise,fall
Uribarri,N/A,N5056356248,"(43.2663985, -2.918579)",268.039,1.4210854715202004e-14,15.999999999905896
Uribarri,N/A,N4508853267,"(43.2655628, -2.9205809)",446.587,1.4210854715202004e-14,44.50000000000499
Uribarri,N/A,N4060532227,"(43.2648784, -2.9149249)",454.4839999999999,8.000000000004988,25.000000000014907
