territory,building_type,osmid,coord,distance,rise,fall
Errekalde,amenity_school,W165462102,"(43.245592158361845, -2.9342422839261544)",628.4480000000001,9.99999999998515,26.49999999996531
