territory,building_type,osmid,coord,distance,rise,fall
Errekalde,N/A,N9607455457,"(43.252218, -2.9481901)",41.879,10.000000000009905,0.0
Errekalde,N/A,W111740255,"(43.25465516232398, -2.943640524057168)",648.4949999999999,4.959588295605499e-12,30.000000000099135
