territory,building_type,osmid,coord,distance,rise,fall
Otxarkoaga-Txurdinaga,N/A,W235157481,"(43.25672274935615, -2.9070052667191253)",165.651,1.4210854715202004e-14,4.999999999940556
Otxarkoaga-Txurdinaga,N/A,N4060532216,"(43.2579448, -2.9067392)",253.832,6.500000000019838,4.999999999940556
