territory,building_type,osmid,coord,distance,rise,fall
Errekalde,amenity_school,W151417160,"(43.24855327383859, -2.941124341036385)",91.572,0.0,0.0
Errekalde,amenity_school,W331883965,"(43.25126608491348, -2.9388108819696117)",367.58799999999997,0.0,28.000000000019824
Errekalde,amenity_library,N10571583809,"(43.251039, -2.9352232)",585.54,10.499999999925649,20.999999999965297
Errekalde,amenity_school,W138709160,"(43.2507197898228, -2.945235337346584)",690.575,13.99999999998019,41.49999999994549
Errekalde,amenity_school,W302863499,"(43.249161518689874, -2.9419338912957236)",700.8179999999999,21.50000000001983,25.000000000044615
