territory,building_type,osmid,coord,distance,rise,fall
Ibaiondo,N/A,W420558992,"(43.256988569906525, -2.92040166742721)",233.079,6.000000000014872,14.000000000054513
Ibaiondo,N/A,W41525574,"(43.25771234249542, -2.9221397271902023)",359.38699999999994,0.4999999999900808,22.000000000019813
Begona,N/A,N5056328910,"(43.2541211, -2.9149326)",547.1039999999999,35.99999999997524,1.4210854715202004e-14
Ibaiondo,N/A,W375390416,"(43.25296603590128, -2.923187807157419)",560.161,11.000000000059472,30.50000000007929
Ibaiondo,N/A,N5056088727,"(43.2562779, -2.9264049)",726.6279999999999,13.500000000014872,36.00000000003965
