territory,building_type,osmid,coord,distance,rise,fall
Uribarri,N/A,N5056356248,"(43.2663985, -2.918579)",357.86600000000004,16.500000000019845,7.105427357601002e-15
Uribarri,N/A,N4508853267,"(43.2655628, -2.9205809)",358.812,9.999999999985157,22.00000000006441
Uribarri,N/A,N5056353256,"(43.2689626, -2.9250581)",378.18000000000006,9.5,28.500000000059426
Uribarri,N/A,W248634544,"(43.26459250062579, -2.9231745754982787)",423.1169999999999,1.4210854715202004e-14,28.0000000000545
Uribarri,N/A,W123440604,"(43.26872494896904, -2.9260301349397224)",487.50100000000003,4.0000000000148574,29.00000000006933
Uribarri,N/A,N9607363904,"(43.2682033, -2.9265437)",502.863,0.0,30.000000000034664
