territory,building_type,osmid,coord,distance,rise,fall
Errekalde,N/A,N9607455457,"(43.252218, -2.9481901)",321.608,19.500000000054527,48.49999999995043
Errekalde,N/A,W301165234,"(43.24714070207488, -2.9509802354261194)",423.3839999999999,63.9999999999951,43.49999999990092
