territory,building_type,osmid,coord,distance,rise,fall
Basurtu-Zorrotza,N/A,N11229807742,"(43.2774341, -2.9749112)",317.15200000000004,2.499999999995049,2.999999999970294
Basurtu-Zorrotza,N/A,W151883539,"(43.27856405785909, -2.9750882996142076)",360.58700000000005,2.5000000000049503,2.999999999970294
