territory,building_type,osmid,coord,distance,rise,fall
Ibaiondo,N/A,W41525574,"(43.25771234249542, -2.9221397271902023)",161.45999999999998,0.5000000000297362,5.4509285973836086e-11
Ibaiondo,N/A,W485363913,"(43.25997684824978, -2.9220146785419328)",177.233,0.5000000000099121,0.0
Ibaiondo,N/A,W108497734,"(43.25874273518262, -2.9247747311690637)",217.51799999999997,0.0,3.4999999999999964
Ibaiondo,N/A,W420558992,"(43.256988569906525, -2.92040166742721)",351.50499999999994,14.000000000019828,5.4509285973836086e-11
Abando,N/A,W110895854,"(43.26092919682561, -2.9269453237882157)",563.4839999999999,18.99999999999505,11.500000000054506
Abando,N/A,W44113519,"(43.25993749738077, -2.9264652360563534)",620.5289999999999,17.50000000003964,16.00000000006937
Ibaiondo,N/A,N5056088727,"(43.2562779, -2.9264049)",641.0340000000001,8.000000000029743,8.50000000004956
