territory,building_type,osmid,coord,distance,rise,fall
Errekalde,N/A,N5056183351,"(43.251483, -2.9359224)",297.12800000000004,18.499999999990095,1.0000000000099192
