territory,building_type,osmid,coord,distance,rise,fall
Errekalde,amenity_school,W389713153,"(43.245199613671275, -2.9490884363509653)",588.24,18.499999999866134,7.999999999762025
Errekalde,amenity_place_of_worship,W891085786,"(43.24306962047523, -2.9489897404357173)",726.2330000000001,32.499999999766985,7.999999999762025
