territory,building_type,osmid,coord,distance,rise,fall
Abando,N/A,N4761972760,"(43.2642641, -2.9429738)",196.711,1.9999999999900915,0.999999999965322
Abando,N/A,N518227646,"(43.2661789, -2.9463066)",298.105,0.0,15.999999999970274
Abando,N/A,N4762096882,"(43.2634, -2.9433546)",321.211,6.000000000019817,0.999999999965322
Abando,N/A,W171882527,"(43.26787786483111, -2.940565564584242)",397.286,0.9999999999702789,20.499999999900925
Abando,N/A,W28211432,"(43.26554608054959, -2.93803822151696)",564.697,6.000000000039634,11.499999999995048
Deusto,N/A,N5056437799,"(43.2691029, -2.9449199)",687.0420000000001,5.499999999980195,17.499999999950465
