territory,building_type,osmid,coord,distance,rise,fall
Abando,N/A,W41688628,"(43.26399354682828, -2.9308926528671213)",147.685,4.500000000094126,4.500000000049539
Abando,N/A,N3207631929,"(43.2618877, -2.9308223)",175.968,1.5000000000198241,1.0000000000049596
Abando,N/A,N1271964866,"(43.2645212, -2.9345677)",224.95299999999997,0.5000000000247695,4.5000000000000036
Abando,N/A,W108504682,"(43.26150873360247, -2.9323193974511943)",291.376,1.5000000000198241,1.9999999999851426
Abando,N/A,W44016098,"(43.261229928011566, -2.929048100639934)",494.48199999999997,4.500000000079282,1.5000000000396483
Abando,N/A,N4731925117,"(43.2661842, -2.9329433)",522.095,3.0000000001040306,5.000000000054499
Abando,N/A,W28776478,"(43.259963913422865, -2.9284384320288925)",565.894,4.500000000079282,6.000000000069377
