territory,building_type,osmid,coord,distance,rise,fall
Uribarri,N/A,N5056356248,"(43.2663985, -2.918579)",128.513,9.500000000049553,0.0
Uribarri,N/A,N4508853267,"(43.2655628, -2.9205809)",244.51700000000002,2.500000000079268,21.500000000128807
Uribarri,N/A,W248634544,"(43.26459250062579, -2.9231745754982787)",384.539,7.105427357601002e-15,35.00000000002477
Uribarri,N/A,N4060532227,"(43.2648784, -2.9149249)",519.316,22.500000000004974,14.000000000059458
Uribarri,N/A,N5056353256,"(43.2689626, -2.9250581)",547.4439999999998,10.500000000014868,36.50000000004458
