territory,building_type,osmid,coord,distance,rise,fall
Basurtu-Zorrotza,amenity_place_of_worship,W163196945,"(43.265461037844666, -2.9606482549113027)",2008.0680000000002,93.50000000019322,157.50000000020316
Deusto,amenity_community_centre,N6777788085,"(43.2672525, -2.9597383)",3943.236999999999,65.00000000023284,155.50000000027254
Deusto,amenity_theatre,N3696895644,"(43.2673338, -2.9604465)",3961.0069999999996,65.00000000023284,155.50000000027254
Deusto,amenity_place_of_worship,N9652033547,"(43.2685894, -2.9604807)",4173.923,65.50000000024275,156.00000000027748
Deusto,amenity_place_of_worship,W176664325,"(43.268567154157736, -2.9604612424344765)",4173.923,65.50000000024275,156.00000000027748
Deusto,amenity_community_centre,W254514789,"(43.26956430038033, -2.96173829084464)",4340.295999999999,67.00000000025265,158.00000000029235
Deusto,amenity_arts_centre,W176679093,"(43.26780294167776, -2.960577805719317)",4349.223,65.50000000025265,156.0000000002874
