territory,building_type,osmid,coord,distance,rise,fall
Errekalde,amenity_school,W138709160,"(43.2507197898228, -2.945235337346584)",125.21000000000001,5.452704954223009e-11,0.0
Errekalde,amenity_school,W302863499,"(43.249161518689874, -2.9419338912957236)",354.46400000000006,24.000000000034717,3.9676706364843994e-11
Errekalde,amenity_community_centre,N4896680970,"(43.2536856, -2.9454718)",489.89400000000006,3.0000000000644462,7.000000000034703
Errekalde,amenity_school,W388280876,"(43.25316084419019, -2.9493565790141965)",529.7,31.500000000143757,17.50000000010411
Errekalde,amenity_school,W151417160,"(43.24855327383859, -2.941124341036385)",787.286,39.499999999960366,11.999999999940542
