territory,building_type,osmid,coord,distance,rise,fall
Errekalde,N/A,N9607455457,"(43.252218, -2.9481901)",345.136,17.000000000024812,4.500000000000014
Errekalde,N/A,W111740255,"(43.25465516232398, -2.943640524057168)",845.232,7.000000000019853,34.500000000099135
Abando,N/A,N5056379164,"(43.2581887, -2.9459426)",1047.466,10.50000000009421,36.00000000015366
Basurtu-Zorrotza,N/A,N9607467466,"(43.2589548, -2.9488089)",1365.46,14.50000000006446,42.50000000007931
