territory,building_type,osmid,coord,distance,rise,fall
Begona,building_train_station,W262197081,"(43.24721948941041, -2.905694544078832)",368.78700000000003,14.500000000059494,21.000000000024798
Begona,railway_subway_entrance,N5923164463,"(43.2470897, -2.9058799)",375.60200000000003,14.5000000000595,20.500000000009926
Begona,building_train_station,W627458954,"(43.24706648377492, -2.9056005672304304)",375.60200000000003,14.5000000000595,20.500000000009926
Begona,building_train_station,W627458976,"(43.24700044461815, -2.9057383069873937)",375.60200000000003,14.5000000000595,20.500000000009926
Begona,railway_subway_entrance,N5923164459,"(43.2470028, -2.9055002)",515.9010000000001,22.500000000049585,29.000000000014886
Otxarkoaga-Txurdinaga,amenity_school,W298580885,"(43.252145781885545, -2.9041002912407294)",950.3460000000001,49.00000000006943,14.499999999995083
