territory,building_type,osmid,coord,distance,rise,fall
Otxarkoaga-Txurdinaga,N/A,W235157481,"(43.25672274935615, -2.9070052667191253)",166.429,3.499999999995069,3.499999999995083
Otxarkoaga-Txurdinaga,N/A,N4060532216,"(43.2579448, -2.9067392)",270.965,10.000000000014907,3.4999999999950973
