territory,building_type,osmid,coord,distance,rise,fall
Ibaiondo,N/A,W108497734,"(43.25874273518262, -2.9247747311690637)",254.938,1.4999999999653149,5.499999999975223
Ibaiondo,N/A,N5056088727,"(43.2562779, -2.9264049)",271.99600000000004,7.00000000000496,8.000000000034689
Ibaiondo,N/A,W404432093,"(43.25599232855877, -2.9282142750288136)",364.77000000000004,17.000000000019828,2.500000000044597
Ibaiondo,N/A,W41525574,"(43.25771234249542, -2.9221397271902023)",380.01599999999996,1.9999999999752198,2.000000000009905
Ibaiondo,N/A,W420558992,"(43.256988569906525, -2.92040166742721)",570.0609999999999,15.499999999965311,2.000000000009905
Ibaiondo,N/A,W485363913,"(43.25997684824978, -2.9220146785419328)",606.04,13.000000000019819,13.000000000019819
Abando,N/A,W110895854,"(43.26092919682561, -2.9269453237882157)",715.247,20.499999999925677,13.499999999995044
Abando,N/A,W44113519,"(43.25993749738077, -2.9264652360563534)",772.292,18.999999999970267,18.00000000000991
Abando,N/A,W28776478,"(43.259963913422865, -2.9284384320288925)",877.931,23.000000000000004,13.50000000002478
