territory,building_type,osmid,coord,distance,rise,fall
Basurtu-Zorrotza,tourism_hostel,W297437909,"(43.26060438475347, -2.9631934865762424)",753.804,10.999999999995026,30.500000000049567
Basurtu-Zorrotza,amenity_place_of_worship,W297437908,"(43.262797302818186, -2.962656780084932)",781.693,10.999999999995069,66.00000000001988
Basurtu-Zorrotza,tourism_hostel,W52528082,"(43.26320722722957, -2.9613203976201534)",1040.161,10.999999999995083,100.99999999999014
