territory,building_type,osmid,coord,distance,rise,fall
Errekalde,N/A,N9607455457,"(43.252218, -2.9481901)",363.29799999999994,38.000000000104095,13.000000000069406
