territory,building_type,osmid,coord,distance,rise,fall
Ibaiondo,N/A,W404432093,"(43.25599232855877, -2.9282142750288136)",105.523,2.000000000000007,1.999999999980183
Ibaiondo,N/A,N5056088727,"(43.2562779, -2.9264049)",360.042,3.552713678800501e-15,15.499999999985139
Ibaiondo,N/A,N11229801356,"(43.2538282, -2.9319814)",501.008,30.500000000104087,4.000000000004967
Ibaiondo,N/A,W108497734,"(43.25874273518262, -2.9247747311690637)",506.751,0.49999999995539923,18.999999999920714
Abando,N/A,W28776478,"(43.259963913422865, -2.9284384320288925)",755.803,3.000000000019824,8.000000000000007
Abando,N/A,W44113519,"(43.25993749738077, -2.9264652360563534)",808.716,12.500000000104059,26.000000000099107
