territory,building_type,osmid,coord,distance,rise,fall
Abando,N/A,N3207631929,"(43.2618877, -2.9308223)",62.104000000000006,1.0000000000049596,0.0
Abando,N/A,W41688628,"(43.26399354682828, -2.9308926528671213)",150.627,2.5000000000644036,2.000000000029722
Abando,N/A,W108504682,"(43.26150873360247, -2.9323193974511943)",177.512,1.0000000000049596,0.999999999980183
Abando,N/A,N1271964866,"(43.2645212, -2.9345677)",339.728,3.0000000000445866,6.5000000000297256
Abando,N/A,W44016098,"(43.261229928011566, -2.929048100639934)",380.61800000000005,4.000000000064418,0.5000000000346887
Abando,N/A,W28776478,"(43.259963913422865, -2.9284384320288925)",452.03000000000003,4.000000000064418,5.000000000064418
Abando,N/A,W110895854,"(43.26092919682561, -2.9269453237882157)",486.689,1.0000000000049631,4.500000000049553
Abando,N/A,N4731925117,"(43.2661842, -2.9329433)",583.9710000000001,6.500000000113943,8.000000000074316
