territory,building_type,osmid,coord,distance,rise,fall
Abando,N/A,N4731925117,"(43.2661842, -2.9329433)",473.509,28.500000000064393,10.999999999925713
Uribarri,N/A,N9607363904,"(43.2682033, -2.9265437)",514.471,13.49999999999504,6.499999999920753
Uribarri,N/A,W123440604,"(43.26872494896904, -2.9260301349397224)",557.933,40.5000000001684,28.500000000113918
