territory,building_type,osmid,coord,distance,rise,fall
Begona,N/A,N5056328910,"(43.2541211, -2.9149326)",488.576,7.00000000012885,16.000000000133824
Begona,N/A,N9607391207,"(43.2500267, -2.9080084)",490.463,1.4210854715202004e-14,28.500000000009948
Begona,N/A,W305622069,"(43.25019552887615, -2.9072914369528084)",995.3470000000001,8.000000000000007,44.00000000000994
