territory,building_type,osmid,coord,distance,rise,fall
Deusto,N/A,N4254043797,"(43.2711694, -2.94695)",206.137,2.0000000000148574,0.0
Deusto,N/A,W185205688,"(43.26864835487923, -2.947859768119749)",376.77099999999996,1.7763568394002505e-15,15.999999999990095
Deusto,N/A,W185205681,"(43.27236008339459, -2.9507221366997642)",548.838,25.499999999980197,1.5000000000148574
Deusto,N/A,N5056437799,"(43.2691029, -2.9449199)",549.349,2.5000000000792433,17.500000000099053
