territory,building_type,osmid,coord,distance,rise,fall
Errekalde,amenity_community_centre,N4896680970,"(43.2536856, -2.9454718)",130.127,1.4210854715202004e-14,3.999999999990095
Errekalde,amenity_school,W138709160,"(43.2507197898228, -2.945235337346584)",234.557,3.000000000044608,3.000000000009905
Errekalde,amenity_school,W388280876,"(43.25316084419019, -2.9493565790141965)",256.245,14.00000000002477,4.945377440890297e-12
Errekalde,amenity_place_of_worship,N8894270302,"(43.2542534, -2.9466821)",289.7,2.500000000024791,11.500000000054527
Errekalde,railway_subway_entrance,N4541084182,"(43.2547373, -2.9438461)",338.99,1.4210854715202004e-14,16.00000000007435
Errekalde,building_train_station,W111740255,"(43.25465516232399, -2.943640524057168)",338.99,1.4210854715202004e-14,16.00000000007435
Errekalde,railway_subway_entrance,N4541079485,"(43.2540911, -2.9419025)",516.094,1.0000000000743512,16.00000000007435
Basurtu-Zorrotza,amenity_place_of_worship,R11227990,"(43.25576330060649, -2.947366226912851)",517.415,3.5000000000594866,13.50000000007931
Basurtu-Zorrotza,amenity_police,W408633232,"(43.2565796201018, -2.9493267089254327)",664.321,8.500000000069392,13.500000000089216
