territory,building_type,osmid,coord,distance,rise,fall
Otxarkoaga-Txurdinaga,N/A,N4060532217,"(43.2581194, -2.8980592)",8.015,0.0,0.0
Otxarkoaga-Txurdinaga,N/A,W164510985,"(43.257638496193636, -2.898318280368446)",68.32,1.4210854715202004e-14,1.4210854715202004e-14
Otxarkoaga-Txurdinaga,N/A,W164512079,"(43.25788389565486, -2.8988002094288414)",173.05199999999996,1.4210854715202004e-14,5.000000000079311
Otxarkoaga-Txurdinaga,N/A,N4060532220,"(43.2594633, -2.9000251)",422.935,22.000000000163567,5.000000000079339
