territory,building_type,osmid,coord,distance,rise,fall
Deusto,railway_subway_entrance,N5299547436,"(43.2744156, -2.958025)",444.02299999999997,20.500000000024762,3.0000000000049543
Deusto,building_train_station,W378437650,"(43.27456673055102, -2.9582315021641943)",501.1699999999999,20.50000000002477,6.00000000000991
Deusto,amenity_school,W133202039,"(43.27880270444211, -2.963662949818916)",502.73299999999995,1.5000000000099032,8.500000000004949
Deusto,amenity_library,N600664788,"(43.2774399, -2.958159)",522.7620000000001,12.499999999960394,2.4999999999504876
Deusto,tourism_museum,N11641427626,"(43.2783396, -2.9604649)",554.374,10.000000000004954,7.499999999980197
Deusto,amenity_place_of_worship,W41880844,"(43.27554714351943, -2.9561012625662673)",646.2180000000001,32.00000000003963,3.000000000004958
Deusto,amenity_place_of_worship,W290069948,"(43.278611434588655, -2.959284696139327)",651.011,12.500000000029706,7.499999999980195
Deusto,amenity_school,W46974419,"(43.275085230498796, -2.955713804783979)",752.224,35.00000000001982,3.000000000004958
