territory,building_type,osmid,coord,distance,rise,fall
Begona,N/A,N5056328910,"(43.2541211, -2.9149326)",381.47100000000006,31.00000000006939,0.0
Ibaiondo,N/A,W375390416,"(43.25296603590128, -2.923187807157419)",866.5600000000003,36.50000000020323,61.00000000012888
