territory,building_type,osmid,coord,distance,rise,fall
Deusto,N/A,W290069950,"(43.280414549918596, -2.9601837787502543)",181.93200000000002,6.500000000039604,1.0000000000346514
Deusto,N/A,N10308519810,"(43.2812493, -2.9624445)",283.2900000000001,1.7763568394002505e-15,3.0000000000297025
Deusto,N/A,N5056421870,"(43.2773644, -2.9587254)",473.24500000000006,12.00000000004456,1.5000000000643592
