territory,building_type,osmid,coord,distance,rise,fall
Uribarri,N/A,N4060532227,"(43.2648784, -2.9149249)",844.9239999999999,16.49999999997032,20.00000000002975
Ibaiondo,N/A,W485363913,"(43.25997684824978, -2.9220146785419328)",1176.394,15.50000000006444,63.00000000002479
