territory,building_type,osmid,coord,distance,rise,fall
Ibaiondo,N/A,W485363913,"(43.25997684824978, -2.9220146785419328)",66.857,0.0,0.0
Ibaiondo,N/A,W41525574,"(43.25771234249542, -2.9221397271902023)",271.836,0.5000000000297362,0.5000000000644214
Ibaiondo,N/A,W108497734,"(43.25874273518262, -2.9247747311690637)",309.053,7.500000000044595,11.500000000054504
Abando,N/A,W110895854,"(43.26092919682561, -2.9269453237882157)",453.10800000000006,18.49999999998514,11.500000000054506
Ibaiondo,N/A,W420558992,"(43.256988569906525, -2.92040166742721)",461.8809999999999,14.000000000019828,0.5000000000644214
Abando,N/A,W44113519,"(43.25993749738077, -2.9264652360563534)",510.153,17.00000000002973,16.00000000006937
