territory,building_type,osmid,coord,distance,rise,fall
Abando,N/A,W96337695,"(43.25973970175266, -2.9371151663607047)",271.759,1.5000000000396305,5.000000000044594
Abando,N/A,W108504682,"(43.26150873360247, -2.9323193974511943)",383.96,3.000000000029729,2.500000000014868
Abando,N/A,W44016098,"(43.261229928011566, -2.929048100639934)",494.735,7.500000000039641,3.5000000000198277
Abando,N/A,N3207631929,"(43.2618877, -2.9308223)",499.368,4.000000000009912,2.500000000014868
Abando,N/A,W28776478,"(43.259963913422865, -2.9284384320288925)",566.147,7.500000000039641,8.000000000049557
