territory,building_type,osmid,coord,distance,rise,fall
Errekalde,amenity_school,W138709160,"(43.2507197898228, -2.945235337346584)",331.88800000000003,5.500000000074358,17.00000000007436
Errekalde,amenity_school,W302863499,"(43.249161518689874, -2.9419338912957236)",477.168,21.500000000054527,9.000000000114014
Errekalde,amenity_school,W151417160,"(43.24855327383859, -2.941124341036385)",909.9899999999999,36.999999999980176,21.00000000001488
