territory,building_type,osmid,coord,distance,rise,fall
Ibaiondo,N/A,W420558992,"(43.256988569906525, -2.92040166742721)",282.95300000000003,0.0,20.500000000024784
Begona,N/A,N5056328910,"(43.2541211, -2.9149326)",462.3359999999999,23.49999999999011,2.842170943040401e-14
Ibaiondo,N/A,W41525574,"(43.25771234249542, -2.9221397271902023)",470.83299999999997,0.0,34.00000000001488
Ibaiondo,N/A,W375390416,"(43.25296603590128, -2.923187807157419)",745.4190000000001,11.000000000059472,43.00000000006443
