territory,building_type,osmid,coord,distance,rise,fall
Abando,N/A,W96337695,"(43.25973970175266, -2.9371151663607047)",265.884,1.000000000009905,5.500000000049543
Abando,N/A,W108504682,"(43.26150873360247, -2.9323193974511943)",290.85,3.000000000034685,3.5000000000544986
Abando,N/A,N1271964866,"(43.2645212, -2.9345677)",302.606,3.500000000064407,7.500000000094136
Abando,N/A,N3207631929,"(43.2618877, -2.9308223)",383.288,8.000000000054499,7.500000000094129
Abando,N/A,W28211432,"(43.26554608054959, -2.93803822151696)",570.534,2.500000000054495,18.000000000104038
Abando,N/A,W41688628,"(43.26399354682828, -2.9308926528671213)",570.884,12.500000000158533,12.500000000168441
Abando,N/A,N4731925117,"(43.2661842, -2.9329433)",599.748,6.000000000143668,8.000000000148631
