territory,building_type,osmid,coord,distance,rise,fall
Otxarkoaga-Txurdinaga,amenity_community_centre,W386847400,"(43.26560640049439, -2.906940411091095)",0.0,0.0,0.0
Uribarri,amenity_school,W185282106,"(43.26352870570346, -2.908070959437656)",232.925,3.500000000099078,41.00000000005451
Uribarri,amenity_place_of_worship,N620032721,"(43.2631793, -2.9120957)",595.369,8.000000000113971,99.00000000007932
Uribarri,amenity_place_of_worship,N610953374,"(43.2654928, -2.9109833)",795.4119999999998,35.00000000022294,133.5000000003022
Uribarri,amenity_school,W48052362,"(43.26640023315709, -2.9103926848917308)",911.1069999999999,59.00000000017337,133.5000000003022
Otxarkoaga-Txurdinaga,amenity_school,W201506083,"(43.261342946121154, -2.905647601969728)",1100.73,4.500000000213063,103.00000000017343
Otxarkoaga-Txurdinaga,amenity_school,W201506082,"(43.262555357753975, -2.9054812365975407)",1334.8480000000002,41.50000000005946,121.99999999993562
