territory,building_type,osmid,coord,distance,rise,fall
Abando,N/A,N5056379164,"(43.2581887, -2.9459426)",65.825,7.105427357601002e-15,2.0000000000148788
Basurtu-Zorrotza,N/A,N9607467466,"(43.2589548, -2.9488089)",441.01200000000006,3.0000000000495604,7.500000000019831
Errekalde,N/A,W111740255,"(43.25465516232398, -2.943640524057168)",444.76099999999997,8.500000000054513,12.500000000089216
Errekalde,N/A,N5056184623,"(43.2568371, -2.9396557)",591.2449999999999,5.500000000024777,4.9999999999950475
