territory,building_type,osmid,coord,distance,rise,fall
Errekalde,N/A,W301165234,"(43.24714070207488, -2.9509802354261194)",234.96800000000002,31.000000000044622,8.000000000039691
