territory,building_type,osmid,coord,distance,rise,fall
Uribarri,N/A,N5056353256,"(43.2689626, -2.9250581)",373.437,9.500000000000014,32.9999999999703
Uribarri,N/A,W123440604,"(43.26872494896904, -2.9260301349397224)",482.758,4.000000000014872,33.499999999980204
Uribarri,N/A,N9607363904,"(43.2682033, -2.9265437)",498.11999999999995,1.4210854715202004e-14,34.49999999994553
Uribarri,N/A,N4508853267,"(43.2655628, -2.9205809)",514.25,17.500000000019817,34.000000000009926
Uribarri,N/A,N5056356248,"(43.2663985, -2.918579)",518.3820000000001,27.000000000069363,14.99999999996038
Uribarri,N/A,W248634544,"(43.26459250062579, -2.9231745754982787)",578.555,7.5000000000346745,40.000000000000014
