territory,building_type,osmid,coord,distance,rise,fall
Basurtu-Zorrotza,amenity_school,W251096855,"(43.27190400890658, -2.968858584144567)",169.497,27.000000000019824,7.105427357601002e-15
Basurtu-Zorrotza,amenity_school,W138646173,"(43.273658206322374, -2.9724287872498514)",381.129,12.000000000059437,32.000000000034674
Basurtu-Zorrotza,amenity_school,W251096861,"(43.27528361750021, -2.9705968204589417)",448.94700000000006,13.00000000001982,31.000000000024766
Basurtu-Zorrotza,amenity_community_centre,N6983084986,"(43.2739283, -2.9746927)",695.316,16.000000000069342,50.50000000005943
