territory,building_type,osmid,coord,distance,rise,fall
Ibaiondo,N/A,W420558992,"(43.256988569906525, -2.92040166742721)",343.385,3.9999999999851354,20.500000000024784
Begona,N/A,N5056328910,"(43.2541211, -2.9149326)",522.7679999999999,27.499999999975245,2.842170943040401e-14
Ibaiondo,N/A,W41525574,"(43.25771234249542, -2.9221397271902023)",531.2649999999999,3.9999999999851354,34.00000000001488
Ibaiondo,N/A,W375390416,"(43.25296603590128, -2.923187807157419)",806.0820000000002,19.00000000006939,47.000000000089216
