territory,building_type,osmid,coord,distance,rise,fall
Abando,N/A,N1271964866,"(43.2645212, -2.9345677)",93.26299999999999,0.0,2.000000000004956
Abando,N/A,W41688628,"(43.26399354682828, -2.9308926528671213)",279.375,7.000000000089173,5.000000000074309
Abando,N/A,N3207631929,"(43.2618877, -2.9308223)",307.658,4.000000000014872,1.500000000029729
Abando,N/A,N4731925117,"(43.2661842, -2.9329433)",390.405,2.500000000079261,2.500000000059451
Abando,N/A,W108504682,"(43.26150873360247, -2.9323193974511943)",423.06600000000003,4.000000000014872,2.500000000009912
Abando,N/A,W28211432,"(43.26554608054959, -2.93803822151696)",460.06699999999995,0.0,13.50000000002477
Abando,N/A,W44016098,"(43.261229928011566, -2.929048100639934)",626.1719999999999,7.00000000007433,2.000000000064418
