territory,building_type,osmid,coord,distance,rise,fall
Uribarri,N/A,N5056356248,"(43.2663985, -2.918579)",440.255,14.999999999920774,44.499999999881126
Uribarri,N/A,N4060532227,"(43.2648784, -2.9149249)",452.241,7.4999999999604015,38.00000000002479
Uribarri,N/A,W48045715,"(43.26461925000001, -2.912653900000001)",489.1489999999999,17.999999999990123,29.500000000113957
Uribarri,N/A,N5056355015,"(43.2646852, -2.9126594)",489.1489999999999,17.999999999990123,29.500000000113957
Uribarri,N/A,N4508853267,"(43.2655628, -2.9205809)",666.7789999999999,14.999999999920803,72.99999999998025
