territory,building_type,osmid,coord,distance,rise,fall
Errekalde,amenity_school,W165462102,"(43.245592158361845, -2.9342422839261544)",491.22999999999996,2.842170943040401e-14,59.49999999999011
