territory,building_type,osmid,coord,distance,rise,fall
Deusto,N/A,N5056421870,"(43.2773644, -2.9587254)",257.714,2.999999999985153,3.0000000000049525
Deusto,N/A,W290069950,"(43.280414549918596, -2.9601837787502543)",643.144,7.000000000069319,12.000000000064366
