territory,building_type,osmid,coord,distance,rise,fall
Abando,N/A,N4731925117,"(43.2661842, -2.9329433)",517.419,25.000000000059444,4.440892098500626e-15
Abando,N/A,W28211432,"(43.26554608054959, -2.93803822151696)",669.102,30.500000000128797,19.000000000113936
Abando,N/A,W171882527,"(43.26787786483111, -2.940565564584242)",712.4100000000001,6.500000000024766,8.999999999985143
Abando,N/A,N1271964866,"(43.2645212, -2.9345677)",777.7180000000001,24.000000000049532,1.0000000000148583
