territory,building_type,osmid,coord,distance,rise,fall
Ibaiondo,N/A,W375390416,"(43.25296603590128, -2.923187807157419)",236.952,1.0658141036401503e-14,6.499999999985139
Ibaiondo,N/A,W404432093,"(43.25599232855877, -2.9282142750288136)",355.322,13.000000000049567,7.000000000034696
Ibaiondo,N/A,N5056088727,"(43.2562779, -2.9264049)",414.095,7.000000000004956,16.499999999995044
Ibaiondo,N/A,N11229801356,"(43.2538282, -2.9319814)",620.4780000000002,32.50000000009418,1.4210854715202004e-14
Ibaiondo,N/A,W376396126,"(43.25272399169551, -2.925878746109151)",649.3530000000001,20.000000000029743,19.000000000054527
