territory,building_type,osmid,coord,distance,rise,fall
Uribarri,N/A,N5056353256,"(43.2689626, -2.9250581)",487.483,12.0000000000149,86.00000000006445
Uribarri,N/A,W123440604,"(43.26872494896904, -2.9260301349397224)",649.0770000000001,19.000000000019856,99.00000000006443
Uribarri,N/A,N9607363904,"(43.2682033, -2.9265437)",712.9380000000001,19.000000000019856,104.00000000004462
Uribarri,N/A,W123440625,"(43.27407575044531, -2.920164432463072)",1407.0080000000005,144.00000000016337,11.500000000049525
