territory,building_type,osmid,coord,distance,rise,fall
Uribarri,N/A,N5056353256,"(43.2689626, -2.9250581)",543.7769999999999,20.999999999935675,94.00000000006445
Uribarri,N/A,W123440604,"(43.26872494896904, -2.9260301349397224)",705.3710000000001,27.99999999994063,107.00000000006443
Uribarri,N/A,N9607363904,"(43.2682033, -2.9265437)",769.2320000000001,27.99999999994063,112.00000000004462
