territory,building_type,osmid,coord,distance,rise,fall
Deusto,N/A,W290069950,"(43.280414549918596, -2.9601837787502543)",0.0,0.0,0.0
Deusto,N/A,N10308519810,"(43.2812493, -2.9624445)",400.381,2.500000000034653,11.000000000069306
Deusto,N/A,N5056421870,"(43.2773644, -2.9587254)",547.7950000000001,12.00000000004456,7.000000000069312
