territory,building_type,osmid,coord,distance,rise,fall
Uribarri,N/A,W48045715,"(43.26461925000001, -2.912653900000001)",608.0219999999998,16.000000000034717,52.50000000009909
Uribarri,N/A,N5056355015,"(43.2646852, -2.9126594)",608.0219999999998,16.000000000034717,52.50000000009909
Otxarkoaga-Txurdinaga,N/A,N4060532216,"(43.2579448, -2.9067392)",767.9539999999998,32.00000000007435,66.9999999999802
