territory,building_type,osmid,coord,distance,rise,fall
Errekalde,amenity_school,W388280876,"(43.25316084419019, -2.9493565790141965)",287.432,7.999999999995033,31.000000000074344
Errekalde,amenity_school,W138709160,"(43.2507197898228, -2.945235337346584)",338.10800000000006,0.0,37.00000000006443
Errekalde,amenity_place_of_worship,N8894270302,"(43.2542534, -2.9466821)",468.07500000000005,7.105427357601002e-15,46.00000000012888
Errekalde,amenity_community_centre,N4896680970,"(43.2536856, -2.9454718)",491.24000000000007,4.959588295605499e-12,41.000000000094175
