territory,building_type,osmid,coord,distance,rise,fall
Basurtu-Zorrotza,amenity_community_centre,N6983084986,"(43.2739283, -2.9746927)",100.77099999999999,2.0000000000198064,2.5000000000247606
Basurtu-Zorrotza,amenity_school,W138646173,"(43.273658206322374, -2.9724287872498514)",261.308,20.000000000039613,6.000000000029711
Basurtu-Zorrotza,amenity_place_of_worship,W300969657,"(43.27707124217174, -2.9740794720992434)",265.343,3.9999999999950475,8.5
Basurtu-Zorrotza,building_public,W110382787,"(43.2776999, -2.9741186500000008)",361.21799999999996,3.9999999999950484,12.00000000000495
Basurtu-Zorrotza,amenity_school,W251096861,"(43.27528361750021, -2.9705968204589417)",399.133,18.500000000014857,2.500000000034664
Basurtu-Zorrotza,amenity_community_centre,N3066705390,"(43.277338, -2.9746744)",443.596,3.9999999999950484,11.499999999970294
Basurtu-Zorrotza,amenity_library,N11229807742,"(43.2774341, -2.9749112)",443.596,3.9999999999950484,11.499999999970294
Basurtu-Zorrotza,building_public,W110382852,"(43.27811346878365, -2.974880436617395)",443.596,3.9999999999950484,11.499999999970294
Basurtu-Zorrotza,building_train_station,W771882864,"(43.27774409144363, -2.972288289329312)",487.716,5.0,10.99999999999505
