territory,building_type,osmid,coord,distance,rise,fall
Basurtu-Zorrotza,N/A,N9607467466,"(43.2589548, -2.9488089)",322.91700000000003,4.000000000000014,6.999999999960366
Basurtu-Zorrotza,N/A,W402170994,"(43.25967701277512, -2.9532145370708145)",388.428,13.500000000014865,8.000000000004945
Abando,N/A,N5056379164,"(43.2581887, -2.9459426)",471.10099999999994,6.500000000014872,7.000000000019824
Basurtu-Zorrotza,N/A,W163195554,"(43.262640749370476, -2.9496477508797216)",502.02299999999997,3.0000000000446008,8.500000000000007
Basurtu-Zorrotza,N/A,W632988668,"(43.26125499964527, -2.950015396409132)",605.552,6.500000000044608,16.000000000004963
