territory,building_type,osmid,coord,distance,rise,fall
Deusto,N/A,W185205681,"(43.27236008339459, -2.9507221366997642)",536.2660000000001,22.50000000004952,7.000000000044569
Deusto,N/A,N5056421870,"(43.2773644, -2.9587254)",628.8660000000001,10.0,22.49999999997029
