territory,building_type,osmid,coord,distance,rise,fall
Basurtu-Zorrotza,N/A,N9607467466,"(43.2589548, -2.9488089)",176.074,1.499999999990095,1.5000000000346816
Basurtu-Zorrotza,N/A,W163195554,"(43.262640749370476, -2.9496477508797216)",317.346,3.5,6.000000000039641
Abando,N/A,N5056379164,"(43.2581887, -2.9459426)",412.43100000000004,5.499999999960366,3.0000000000495533
Basurtu-Zorrotza,N/A,W632988668,"(43.26125499964527, -2.950015396409132)",483.60799999999995,9.999999999985157,16.500000000029747
Basurtu-Zorrotza,N/A,W402170994,"(43.25967701277512, -2.9532145370708145)",633.552,18.500000000054527,10.000000000128843
