territory,building_type,osmid,coord,distance,rise,fall
Otxarkoaga-Txurdinaga,N/A,N4060532217,"(43.2581194, -2.8980592)",357.331,4.263256414560601e-14,26.500000000064475
Otxarkoaga-Txurdinaga,N/A,W164510985,"(43.257638496193636, -2.898318280368446)",417.636,5.684341886080802e-14,26.50000000006449
Otxarkoaga-Txurdinaga,N/A,N4060532220,"(43.2594633, -2.9000251)",490.132,9.999999999985135,19.49999999996534
Otxarkoaga-Txurdinaga,N/A,W164512079,"(43.25788389565486, -2.8988002094288414)",522.368,5.684341886080802e-14,31.500000000143785
