territory,building_type,osmid,coord,distance,rise,fall
Ibaiondo,building_train_station,W453719236,"(43.24045334541864, -2.924084942378229)",48.935,0.0,14.000000000019831
Ibaiondo,amenity_school,W185282998,"(43.2405881821674, -2.921607513021208)",254.578,0.0,25.000000000024794
