territory,building_type,osmid,coord,distance,rise,fall
Deusto,N/A,W290069950,"(43.280414549918596, -2.9601837787502543)",213.01300000000003,7.5000000000495035,1.0000000000346514
Deusto,N/A,N10308519810,"(43.2812493, -2.9624445)",314.371,1.0000000000099014,3.0000000000297025
Deusto,N/A,N5056421870,"(43.2773644, -2.9587254)",504.3260000000001,13.00000000005446,1.5000000000643592
