territory,building_type,osmid,coord,distance,rise,fall
Deusto,amenity_theatre,N3696895644,"(43.2673338, -2.9604465)",86.12700000000001,0.5000000000049529,0.0
Deusto,amenity_place_of_worship,N9652033547,"(43.2685894, -2.9604807)",126.789,0.5000000000099061,2.220446049250313e-16
Deusto,amenity_place_of_worship,W176664325,"(43.268567154157736, -2.9604612424344765)",126.789,0.5000000000099061,2.220446049250313e-16
Deusto,amenity_community_centre,N6777788085,"(43.2672525, -2.9597383)",173.609,0.5000000000049529,0.0
Deusto,amenity_community_centre,W254514789,"(43.26956430038033, -2.96173829084464)",293.16200000000003,2.0000000000198117,2.0000000000148583
Deusto,amenity_arts_centre,W176679093,"(43.26780294167776, -2.960577805719317)",302.08900000000006,0.5000000000198124,9.906298004125347e-12
Basurtu-Zorrotza,amenity_place_of_worship,W163196945,"(43.265461037844666, -2.9606482549113027)",2862.702,57.000000000277396,30.00000000024272
