territory,building_type,osmid,coord,distance,rise,fall
Uribarri,N/A,W48045715,"(43.26461925000001, -2.912653900000001)",494.24199999999996,14.500000000014865,80.0000000002279
Uribarri,N/A,N5056355015,"(43.2646852, -2.9126594)",494.24199999999996,14.500000000014865,80.0000000002279
Uribarri,N/A,N4060532227,"(43.2648784, -2.9149249)",727.8619999999999,21.50000000009414,106.00000000024772
