territory,building_type,osmid,coord,distance,rise,fall
Otxarkoaga-Txurdinaga,N/A,N4060532217,"(43.2581194, -2.8980592)",84.42,1.4210854715202004e-14,1.4210854715202004e-14
Otxarkoaga-Txurdinaga,N/A,W164510985,"(43.257638496193636, -2.898318280368446)",114.697,2.842170943040401e-14,2.842170943040401e-14
Otxarkoaga-Txurdinaga,N/A,W164512079,"(43.25788389565486, -2.8988002094288414)",219.42899999999997,2.842170943040401e-14,5.000000000079325
Otxarkoaga-Txurdinaga,N/A,N4060532220,"(43.2594633, -2.9000251)",469.31199999999995,22.00000000016358,5.000000000079353
