territory,building_type,osmid,coord,distance,rise,fall
Uribarri,N/A,W48045715,"(43.26461925000001, -2.912653900000001)",93.22999999999999,8.49999999995542,16.5
Uribarri,N/A,N5056355015,"(43.2646852, -2.9126594)",93.22999999999999,8.49999999995542,16.5
Uribarri,N/A,N4060532227,"(43.2648784, -2.9149249)",184.342,7.000000000000021,33.99999999998516
Uribarri,N/A,N5056356248,"(43.2663985, -2.918579)",560.162,14.499999999995083,40.49999999987618
