territory,building_type,osmid,coord,distance,rise,fall
Begona,amenity_school,W419249921,"(43.247898820477886, -2.9140790959457936)",0.0,0.0,0.0
Begona,amenity_school,W302871940,"(43.24857120737572, -2.9140678663974113)",197.63899999999998,0.0,2.00000000005452
Begona,railway_subway_entrance,N506170042,"(43.2506056, -2.9114436)",356.459,18.000000000039677,1.5000000000396838
Begona,tourism_hostel,R6809489,"(43.246643762497214, -2.90992181556658)",365.769,0.5000000000842846,7.5000000000743725
Begona,railway_subway_entrance,N506170049,"(43.2507365, -2.9105707)",471.0220000000001,21.00000000000003,4.499999999995076
Begona,amenity_school,W178937537,"(43.25131112995326, -2.9102872678264795)",489.73300000000006,21.00000000000003,1.5000000000396838
Begona,amenity_place_of_worship,W40111977,"(43.25102796813039, -2.916214065107912)",613.3629999999999,31.000000000074365,15.000000000099156
Begona,amenity_school,W40347954,"(43.25086874686762, -2.9168277398567413)",674.024,28.500000000118952,14.500000000094175
