territory,building_type,osmid,coord,distance,rise,fall
Uribarri,N/A,N5056353256,"(43.2689626, -2.9250581)",388.01300000000003,18.99999999991583,61.49999999999507
Uribarri,N/A,W123440604,"(43.26872494896904, -2.9260301349397224)",549.6070000000001,25.999999999920785,74.49999999999507
Uribarri,N/A,N9607363904,"(43.2682033, -2.9265437)",613.4680000000001,25.999999999920785,79.49999999997526
