territory,building_type,osmid,coord,distance,rise,fall
Deusto,N/A,N10308519810,"(43.2812493, -2.9624445)",178.962,1.7763568394002505e-15,4.5000000000297025
Deusto,N/A,W290069950,"(43.280414549918596, -2.9601837787502543)",221.41900000000004,6.500000000039604,2.5000000000346514
Deusto,N/A,N5056421870,"(43.2773644, -2.9587254)",512.7320000000001,12.00000000004456,3.000000000064359
