territory,building_type,osmid,coord,distance,rise,fall
Uribarri,N/A,W48045715,"(43.26461925000001, -2.912653900000001)",286.861,17.500000000128807,61.000000000198156
Uribarri,N/A,N5056355015,"(43.2646852, -2.9126594)",286.861,17.500000000128807,61.000000000198156
Uribarri,N/A,N4060532227,"(43.2648784, -2.9149249)",520.481,24.500000000208082,87.000000000218
