territory,building_type,osmid,coord,distance,rise,fall
Ibaiondo,N/A,W41525574,"(43.25771234249542, -2.9221397271902023)",142.856,0.0,0.5000000000198206
Ibaiondo,N/A,W108497734,"(43.25874273518262, -2.9247747311690637)",150.137,0.0,4.499999999995044
Ibaiondo,N/A,W420558992,"(43.256988569906525, -2.92040166742721)",332.90099999999995,13.499999999990091,0.5000000000198206
Ibaiondo,N/A,W485363913,"(43.25997684824978, -2.9220146785419328)",373.529,0.5000000000099121,0.9999999999950475
Ibaiondo,N/A,N5056088727,"(43.2562779, -2.9264049)",444.738,7.000000000034696,8.50000000004956
Ibaiondo,N/A,W404432093,"(43.25599232855877, -2.9282142750288136)",537.5120000000001,17.000000000049564,3.000000000059469
Abando,N/A,W110895854,"(43.26092919682561, -2.9269453237882157)",557.345,18.49999999998514,12.000000000039641
Abando,N/A,W44113519,"(43.25993749738077, -2.9264652360563534)",614.39,17.00000000002973,16.500000000054506
Abando,N/A,W28776478,"(43.259963913422865, -2.9284384320288925)",720.029,21.000000000059465,12.000000000069377
