territory,building_type,osmid,coord,distance,rise,fall
Begona,amenity_school,W419249921,"(43.247898820477886, -2.9140790959457936)",212.70999999999998,0.0,34.500000000123954
Begona,amenity_school,W302871940,"(43.24857120737572, -2.9140678663974113)",410.34899999999993,0.0,36.500000000178474
Begona,tourism_hostel,R6809489,"(43.246643762497214, -2.90992181556658)",473.18999999999994,7.105427357601002e-15,41.50000000011405
Begona,railway_subway_entrance,N506170042,"(43.2506056, -2.9114436)",569.169,18.000000000039677,36.00000000016364
Begona,amenity_place_of_worship,W40111977,"(43.25102796813039, -2.916214065107912)",826.0729999999998,31.000000000074365,49.50000000022311
Begona,amenity_school,W40347954,"(43.25086874686762, -2.9168277398567413)",886.7339999999999,28.500000000118952,49.00000000021813
Begona,amenity_school,W41376548,"(43.24403972070166, -2.918266302456059)",1277.2639999999997,17.499999999905828,75.00000000009425
