territory,building_type,osmid,coord,distance,rise,fall
Begona,N/A,N9607391207,"(43.2500267, -2.9080084)",329.544,0.0,19.499999999940528
Begona,N/A,N5056328910,"(43.2541211, -2.9149326)",586.8649999999998,7.500000000133824,7.500000000069392
Otxarkoaga-Txurdinaga,N/A,W235157481,"(43.25672274935615, -2.9070052667191253)",793.7579999999999,18.49999999994057,17.999999999866233
Begona,N/A,W305622069,"(43.25019552887615, -2.9072914369528084)",834.428,7.999999999999993,34.99999999994052
