territory,building_type,osmid,coord,distance,rise,fall
Begona,N/A,N5056328910,"(43.2541211, -2.9149326)",294.157,14.999999999925677,1.4210854715202004e-14
Ibaiondo,N/A,W420558992,"(43.256988569906525, -2.92040166742721)",460.26800000000003,6.500000000014879,35.50000000010408
Ibaiondo,N/A,W41525574,"(43.25771234249542, -2.9221397271902023)",648.1479999999999,6.500000000014879,49.000000000094175
Ibaiondo,N/A,W375390416,"(43.25296603590128, -2.923187807157419)",888.753,17.000000000084277,57.500000000153655
