territory,building_type,osmid,coord,distance,rise,fall
Errekalde,amenity_school,W138709160,"(43.2507197898228, -2.945235337346584)",144.161,1.0000000000396483,4.000000000044601
Errekalde,amenity_school,W302863499,"(43.249161518689874, -2.9419338912957236)",461.65100000000007,25.00000000001984,4.0000000000842775
Errekalde,amenity_community_centre,N4896680970,"(43.2536856, -2.9454718)",508.84499999999997,4.0000000000495675,11.000000000079304
Errekalde,amenity_school,W388280876,"(43.25316084419019, -2.9493565790141965)",548.6510000000001,32.50000000012888,21.50000000014871
Errekalde,amenity_school,W151417160,"(43.24855327383859, -2.941124341036385)",894.4730000000001,40.49999999994549,15.999999999985143
