territory,building_type,osmid,coord,distance,rise,fall
Errekalde,N/A,N9607455457,"(43.252218, -2.9481901)",366.96,19.500000000054527,65.00000000009915
Errekalde,N/A,W301165234,"(43.24714070207488, -2.9509802354261194)",446.0659999999999,63.99999999999507,60.00000000004961
