territory,building_type,osmid,coord,distance,rise,fall
Errekalde,N/A,W41415573,"(43.24640784978145, -2.937495477469789)",891.5489999999998,4.263256414560601e-14,68.50000000014383
