territory,building_type,osmid,coord,distance,rise,fall
Ibaiondo,N/A,W375390416,"(43.25296603590128, -2.923187807157419)",741.0670000000001,32.00000000015365,29.000000000168512
Ibaiondo,N/A,W376396126,"(43.25272399169551, -2.925878746109151)",1494.434,58.50000000016852,48.00000000022304
