territory,building_type,osmid,coord,distance,rise,fall
Uribarri,N/A,N9607363904,"(43.2682033, -2.9265437)",233.76200000000003,3.9999999999603766,6.499999999920757
Uribarri,N/A,W123440604,"(43.26872494896904, -2.9260301349397224)",248.068,8.000000000054484,5.5000000000346745
Uribarri,N/A,N5056353256,"(43.2689626, -2.9250581)",296.686,14.000000000024759,5.500000000009901
