territory,building_type,osmid,coord,distance,rise,fall
Abando,N/A,N4731925117,"(43.2661842, -2.9329433)",194.674,1.499999999960373,0.4999999999801865
Abando,N/A,W41688628,"(43.26399354682828, -2.9308926528671213)",445.416,9.000000000039655,6.000000000064414
Abando,N/A,N1271964866,"(43.2645212, -2.9345677)",465.569,7.000000000024784,8.000000000069363
Uribarri,N/A,N9607363904,"(43.2682033, -2.9265437)",767.7489999999999,13.999999999965329,23.500000000049535
Uribarri,N/A,W123440604,"(43.26872494896904, -2.9260301349397224)",831.6099999999999,18.99999999994552,23.500000000049535
