territory,building_type,osmid,coord,distance,rise,fall
Errekalde,amenity_school,W165462102,"(43.245592158361845, -2.9342422839261544)",58.07,1.4210854715202004e-14,5.999999999975216
Ibaiondo,amenity_school,N4757644627,"(43.2481224, -2.9325122)",629.856,8.000000000059487,25.50000000004958
Ibaiondo,amenity_place_of_worship,N4757644648,"(43.2483414, -2.9337821)",629.856,8.000000000059487,25.50000000004958
Ibaiondo,amenity_place_of_worship,N1048012605,"(43.2484729, -2.9338091)",1037.2459999999999,15.500000000039662,38.00000000000496
