territory,building_type,osmid,coord,distance,rise,fall
Ibaiondo,building_train_station,W453719236,"(43.24045334541864, -2.924084942378229)",251.42,11.500000000000009,2.00000000005455
Ibaiondo,amenity_school,W185284035,"(43.244405788428594, -2.9251938625874043)",268.67400000000004,11.500000000029754,13.000000000059504
Ibaiondo,amenity_school,W185282998,"(43.2405881821674, -2.921607513021208)",426.86199999999997,6.500000000000002,8.000000000059506
