territory,building_type,osmid,coord,distance,rise,fall
Deusto,N/A,N5056437799,"(43.2691029, -2.9449199)",13.422,0.0,0.0
Deusto,N/A,W185205688,"(43.26864835487923, -2.947859768119749)",255.763,9.906742093335197e-12,0.9999999999801901
Deusto,N/A,N4254043797,"(43.2711694, -2.94695)",357.97099999999995,17.00000000003467,3.552713678800501e-15
Abando,N/A,N518227646,"(43.2661789, -2.9463066)",515.7199999999999,7.500000000014861,11.500000000014865
Abando,N/A,W171882527,"(43.26787786483111, -2.940565564584242)",887.959,8.999999999999998,16.499999999960377
