territory,building_type,osmid,coord,distance,rise,fall
Begona,N/A,N5056328910,"(43.2541211, -2.9149326)",547.9559999999998,52.000000000064446,2.0000000000594866
Ibaiondo,N/A,W420558992,"(43.256988569906525, -2.92040166742721)",566.6589999999999,28.00000000007931,22.000000000089216
Ibaiondo,N/A,W375390416,"(43.25296603590128, -2.923187807157419)",716.6170000000001,34.50000000014374,40.000000000133824
Ibaiondo,N/A,W376396126,"(43.25272399169551, -2.925878746109151)",1469.9839999999997,61.000000000158614,59.00000000018835
