territory,building_type,osmid,coord,distance,rise,fall
Otxarkoaga-Txurdinaga,N/A,N4060532216,"(43.2579448, -2.9067392)",521.039,4.263256414560601e-14,30.99999999997526
Otxarkoaga-Txurdinaga,N/A,N4060532220,"(43.2594633, -2.9000251)",641.736,19.499999999975287,24.499999999925734
