territory,building_type,osmid,coord,distance,rise,fall
Basurtu-Zorrotza,railway_subway_entrance,N4944875070,"(43.2600187, -2.9537148)",265.33500000000004,4.500000000009919,9.499999999985143
Basurtu-Zorrotza,building_train_station,W402170994,"(43.25967701277512, -2.9532145370708145)",292.621,8.000000000004952,11.000000000004945
Basurtu-Zorrotza,railway_subway_entrance,N4944875063,"(43.2594993, -2.9525533)",375.30000000000007,6.49999999998515,9.49999999998515
Basurtu-Zorrotza,tourism_hostel,W52528082,"(43.26320722722957, -2.9613203976201534)",564.741,43.50000000005945,12.499999999995026
Basurtu-Zorrotza,building_public,N1848293667,"(43.2622397, -2.9510612)",740.473,11.50000000003967,23.50000000000003
Basurtu-Zorrotza,building_train_station,W163196919,"(43.26433534839249, -2.955077952360856)",799.9320000000001,7.500000000024787,45.999999999970285
Basurtu-Zorrotza,building_train_station,W163196944,"(43.26431167828029, -2.9553483053682954)",799.9320000000001,7.500000000024787,45.999999999970285
