territory,building_type,osmid,coord,distance,rise,fall
Basurtu-Zorrotza,amenity_place_of_worship,W301694701,"(43.25652086676977, -2.957615550547145)",462.3390000000001,49.49999999989596,18.499999999920732
Basurtu-Zorrotza,amenity_community_centre,W301694691,"(43.25639843254374, -2.9578756320078523)",515.296,69.99999999997524,18.499999999920732
Basurtu-Zorrotza,railway_subway_entrance,N4944875070,"(43.2600187, -2.9537148)",520.492,7.105427357601002e-15,52.99999999998514
Basurtu-Zorrotza,building_train_station,W402170994,"(43.25967701277512, -2.9532145370708145)",547.778,3.4999999999950404,54.500000000004945
Basurtu-Zorrotza,railway_subway_entrance,N4944875063,"(43.2594993, -2.9525533)",630.4569999999999,1.9999999999752376,52.99999999998515
Basurtu-Zorrotza,amenity_police,W61650845,"(43.25483560908443, -2.9622720539357044)",1696.8130000000003,166.00000000002973,54.00000000006443
Basurtu-Zorrotza,amenity_police,W404633890,"(43.254956017399024, -2.962172628386112)",1696.8130000000003,166.00000000002973,54.00000000006443
