territory,building_type,osmid,coord,distance,rise,fall
Ibaiondo,N/A,N11229801356,"(43.2538282, -2.9319814)",343.496,28.000000000198227,1.000000000084242
Ibaiondo,N/A,W404432093,"(43.25599232855877, -2.9282142750288136)",351.32800000000003,11.000000000034696,10.500000000000007
Abando,N/A,W28776478,"(43.259963913422865, -2.9284384320288925)",574.282,0.49999999999009503,4.999999999955413
Abando,N/A,W108504682,"(43.26150873360247, -2.9323193974511943)",593.628,2.5000000000495533,5.999999999990095
Ibaiondo,N/A,N5056088727,"(43.2562779, -2.9264049)",608.7900000000001,3.0000000000446043,18.000000000014875
Abando,N/A,W44016098,"(43.261229928011566, -2.929048100639934)",655.8299999999999,5.000000000019831,4.9999999999554205
