territory,building_type,osmid,coord,distance,rise,fall
Deusto,N/A,N5056421870,"(43.2773644, -2.9587254)",298.823,9.000000000019806,0.0
Deusto,N/A,W290069950,"(43.280414549918596, -2.9601837787502543)",672.5729999999999,13.000000000049509,9.00000000000495
