territory,building_type,osmid,coord,distance,rise,fall
Deusto,N/A,N5056421870,"(43.2773644, -2.9587254)",296.06100000000004,5.499999999990099,0.0
Deusto,N/A,W290069950,"(43.280414549918596, -2.9601837787502543)",303.43500000000006,6.500000000039604,6.0000000000247535
Deusto,N/A,N10308519810,"(43.2812493, -2.9624445)",447.33399999999995,2.500000000034653,10.500000000054456
