territory,building_type,osmid,coord,distance,rise,fall
Basurtu-Zorrotza,N/A,N5056200430,"(43.2613693, -2.9628267)",364.16200000000003,53.49999999995045,1.4210854715202004e-14
Basurtu-Zorrotza,N/A,W163196945,"(43.26546103784467, -2.9606482549113027)",1433.2719999999995,60.50000000017835,111.5000000001883
