territory,building_type,osmid,coord,distance,rise,fall
Uribarri,N/A,W48045715,"(43.26461925000001, -2.912653900000001)",180.036,15.500000000044608,31.500000000217966
Uribarri,N/A,N5056355015,"(43.2646852, -2.9126594)",180.036,15.500000000044608,31.500000000217966
Uribarri,N/A,N4060532227,"(43.2648784, -2.9149249)",385.0520000000001,7.000000000079304,42.00000000019322
