territory,building_type,osmid,coord,distance,rise,fall
Ibaiondo,N/A,W420558992,"(43.256988569906525, -2.92040166742721)",307.47,0.0,22.0000000000892
Begona,N/A,N5056328910,"(43.2541211, -2.9149326)",428.5609999999999,21.999999999925677,1.4210854715202004e-14
Ibaiondo,N/A,W41525574,"(43.25771234249542, -2.9221397271902023)",495.3499999999999,0.0,35.5000000000793
Ibaiondo,N/A,W375390416,"(43.25296603590128, -2.923187807157419)",666.863,20.500000000118956,54.00000000018833
