territory,building_type,osmid,coord,distance,rise,fall
Basurtu-Zorrotza,amenity_school,W138646173,"(43.273658206322374, -2.9724287872498514)",137.122,1.4210854715202004e-14,10.999999999995055
Basurtu-Zorrotza,amenity_school,W251096861,"(43.27528361750021, -2.9705968204589417)",316.732,9.999999999970303,18.99999999999505
Basurtu-Zorrotza,amenity_school,W251096855,"(43.27190400890658, -2.968858584144567)",413.504,48.000000000059444,12.00000000005943
Basurtu-Zorrotza,amenity_community_centre,N6983084986,"(43.2739283, -2.9746927)",451.309,4.000000000009919,29.500000000019813
Basurtu-Zorrotza,amenity_place_of_worship,W300969657,"(43.27707124217174, -2.9740794720992434)",642.046,8.000000000004967,37.500000000014865
Basurtu-Zorrotza,building_train_station,W771882864,"(43.27774409144363, -2.972288289329312)",735.341,10.000000000014865,41.00000000001485
Basurtu-Zorrotza,amenity_community_centre,N3066705390,"(43.277338, -2.9746744)",820.2990000000001,8.000000000004967,40.49999999998516
