territory,building_type,osmid,coord,distance,rise,fall
Errekalde,amenity_school,W165462102,"(43.245592158361845, -2.9342422839261544)",523.5039999999999,1.4210854715202004e-14,48.000000000054555
