territory,building_type,osmid,coord,distance,rise,fall
Deusto,railway_subway_entrance,N5299547436,"(43.2744156, -2.958025)",44.007999999999996,3.552713678800501e-15,1.500000000024766
Deusto,building_train_station,W378437650,"(43.27456673055102, -2.9582315021641943)",101.155,1.0658141036401503e-14,4.500000000029722
Deusto,amenity_place_of_worship,W41880844,"(43.27554714351943, -2.9561012625662673)",272.824,11.500000000014861,1.500000000024766
Deusto,amenity_school,W46974419,"(43.275085230498796, -2.955713804783979)",378.83000000000004,14.499999999995051,1.500000000024766
Deusto,amenity_police,W185205676,"(43.2730320456833, -2.9532225738516544)",508.13100000000003,14.000000000074284,5.000000000103999
Deusto,amenity_library,N600664788,"(43.2774399, -2.958159)",520.7080000000001,10.999999999985146,20.00000000001981
Deusto,amenity_theatre,N10315485009,"(43.2718672, -2.9532544)",554.361,7.500000000069331,8.500000000094094
Deusto,tourism_museum,N11641427626,"(43.2783396, -2.9604649)",591.0849999999999,1.0000000000693259,17.500000000089138
