territory,building_type,osmid,coord,distance,rise,fall
Otxarkoaga-Txurdinaga,amenity_community_centre,W386847400,"(43.26560640049439, -2.906940411091095)",1002.4970000000001,28.000000000069377,81.50000000010905
Uribarri,amenity_school,W48052362,"(43.26640023315709, -2.9103926848917308)",1631.2209999999998,65.50000000022786,193.50000000039637
