territory,building_type,osmid,coord,distance,rise,fall
Deusto,N/A,N4254043797,"(43.2711694, -2.94695)",349.591,5.500000000104006,7.5000000000297184
Deusto,N/A,N5056437799,"(43.2691029, -2.9449199)",391.54600000000005,0.5000000000643858,19.500000000024766
