territory,building_type,osmid,coord,distance,rise,fall
Basurtu-Zorrotza,N/A,N5056200430,"(43.2613693, -2.9628267)",401.93300000000005,64.99999999990094,21.999999999925706
Basurtu-Zorrotza,N/A,W163196945,"(43.26546103784467, -2.9606482549113027)",1292.9419999999998,48.00000000018333,109.50000000016846
