territory,building_type,osmid,coord,distance,rise,fall
Deusto,N/A,W185205681,"(43.27236008339459, -2.9507221366997642)",194.983,3.499999999970292,0.0
Deusto,N/A,N4254043797,"(43.2711694, -2.94695)",539.4289999999999,2.971844992316619e-11,18.50000000000991
