territory,building_type,osmid,coord,distance,rise,fall
Errekalde,amenity_school,W138709160,"(43.2507197898228, -2.945235337346584)",241.88400000000001,5.452704954223009e-11,20.50000000009915
Errekalde,amenity_school,W388280876,"(43.25316084419019, -2.9493565790141965)",324.78999999999996,11.000000000044608,17.50000000010411
Errekalde,amenity_place_of_worship,N8894270302,"(43.2542534, -2.9466821)",429.444,7.105427357601002e-15,29.50000000010907
Errekalde,amenity_community_centre,N4896680970,"(43.2536856, -2.9454718)",452.609,4.959588295605499e-12,24.500000000074365
Errekalde,amenity_school,W302863499,"(43.249161518689874, -2.9419338912957236)",559.374,24.000000000034717,20.500000000138826
