territory,building_type,osmid,coord,distance,rise,fall
Basurtu-Zorrotza,amenity_police,W61650845,"(43.25483560908443, -2.9622720539357044)",635.8309999999999,35.50000000000992,7.500000000099135
Basurtu-Zorrotza,amenity_police,W404633890,"(43.254956017399024, -2.962172628386112)",635.8309999999999,35.50000000000992,7.500000000099135
Basurtu-Zorrotza,tourism_hostel,W297437909,"(43.26060438475347, -2.9631934865762424)",797.577,1.4999999999901092,32.000000000049596
Basurtu-Zorrotza,amenity_community_centre,W301694691,"(43.25639843254374, -2.9578756320078523)",970.678,10.999999999985192,43.49999999998519
Basurtu-Zorrotza,amenity_place_of_worship,W301694701,"(43.25652086676977, -2.957615550547145)",1124.372,10.999999999985207,64.00000000006449
