territory,building_type,osmid,coord,distance,rise,fall
Deusto,amenity_place_of_worship,W41880844,"(43.27554714351943, -2.9561012625662673)",319.51099999999997,0.0,12.499999999950482
Deusto,amenity_library,N600664788,"(43.2774399, -2.958159)",341.308,0.0,31.49999999997524
Deusto,amenity_school,W46974419,"(43.275085230498796, -2.955713804783979)",355.24499999999995,2.5000000000049525,11.999999999975245
Deusto,amenity_place_of_worship,W290069948,"(43.278611434588655, -2.959284696139327)",507.89799999999997,0.0,36.49999999993564
Deusto,railway_subway_entrance,N5299547436,"(43.2744156, -2.958025)",561.8660000000001,3.552713678800501e-15,23.999999999965343
Deusto,tourism_museum,N11641427626,"(43.2783396, -2.9604649)",592.8779999999999,0.5000000000297042,39.499999999990095
Deusto,building_train_station,W378437650,"(43.27456673055102, -2.9582315021641943)",619.0130000000001,1.0658141036401503e-14,26.9999999999703
Deusto,amenity_school,W185282143,"(43.28002542818132, -2.9569323243902743)",651.91,16.000000000009912,21.999999999930694
