territory,building_type,osmid,coord,distance,rise,fall
Abando,N/A,W96337695,"(43.25973970175266, -2.9371151663607047)",389.046,1.000000000009905,5.5
Errekalde,N/A,N5056184623,"(43.2568371, -2.9396557)",487.28499999999997,14.00000000007929,3.50000000007433
Abando,N/A,N4762096882,"(43.2634, -2.9433546)",672.91,2.500000000039641,7.500000000029733
