territory,building_type,osmid,coord,distance,rise,fall
Uribarri,N/A,N5056356248,"(43.2663985, -2.918579)",163.944,14.49999999998515,10.499999999910841
Uribarri,N/A,N4508853267,"(43.2655628, -2.9205809)",279.948,7.5000000000148646,32.00000000003965
Uribarri,N/A,W248634544,"(43.26459250062579, -2.9231745754982787)",483.06500000000005,7.105427357601002e-15,40.500000000000014
Uribarri,N/A,N4060532227,"(43.2648784, -2.9149249)",554.7469999999998,27.49999999994057,24.4999999999703
Uribarri,N/A,N5056353256,"(43.2689626, -2.9250581)",645.9699999999999,10.500000000014868,42.000000000019824
