territory,building_type,osmid,coord,distance,rise,fall
Ibaiondo,N/A,W108497734,"(43.25874273518262, -2.9247747311690637)",143.611,0.0,2.000000000004956
Ibaiondo,N/A,W41525574,"(43.25771234249542, -2.9221397271902023)",257.269,2.0000000000247766,5.4509285973836086e-11
Ibaiondo,N/A,W485363913,"(43.25997684824978, -2.9220146785419328)",313.46400000000006,2.0000000000049525,0.0
Ibaiondo,N/A,W420558992,"(43.256988569906525, -2.92040166742721)",447.3139999999999,15.500000000014868,5.4509285973836086e-11
Abando,N/A,W110895854,"(43.26092919682561, -2.9269453237882157)",522.864,18.49999999998514,9.500000000049553
Abando,N/A,W44113519,"(43.25993749738077, -2.9264652360563534)",579.909,17.00000000002973,14.000000000064418
Ibaiondo,N/A,N5056088727,"(43.2562779, -2.9264049)",607.4740000000002,4.999999999930626,3.999999999955403
Abando,N/A,W28776478,"(43.259963913422865, -2.9284384320288925)",685.548,21.000000000059465,9.50000000007929
