territory,building_type,osmid,coord,distance,rise,fall
Basurtu-Zorrotza,amenity_police,W368598943,"(43.282340484756865, -2.969394480493147)",352.19399999999996,0.0,3.000000000039602
Basurtu-Zorrotza,building_public,W110382787,"(43.2776999, -2.9741186500000008)",1075.851,7.000000000019799,9.500000000059405
Basurtu-Zorrotza,amenity_place_of_worship,W300969657,"(43.27707124217174, -2.9740794720992434)",1087.169,5.999999999990095,5.000000000024751
Basurtu-Zorrotza,amenity_community_centre,N3066705390,"(43.277338, -2.9746744)",1220.442,5.999999999990095,7.999999999995044
Basurtu-Zorrotza,amenity_library,N11229807742,"(43.2774341, -2.9749112)",1220.442,5.999999999990095,7.999999999995044
Basurtu-Zorrotza,building_public,W110382852,"(43.27811346878365, -2.974880436617395)",1220.442,5.999999999990095,7.999999999995044
Basurtu-Zorrotza,building_train_station,W771882864,"(43.27774409144363, -2.972288289329312)",1264.5620000000001,6.999999999995046,7.500000000019799
