territory,building_type,osmid,coord,distance,rise,fall
Errekalde,N/A,N5056183351,"(43.251483, -2.9359224)",75.506,3.499999999980176,0.0
Errekalde,N/A,W41415573,"(43.24640784978145, -2.937495477469789)",901.1220000000001,31.500000000039662,19.500000000099163
