territory,building_type,osmid,coord,distance,rise,fall
Otxarkoaga-Txurdinaga,N/A,N4060532220,"(43.2594633, -2.9000251)",403.76200000000006,9.999999999985107,30.49999999987112
Otxarkoaga-Txurdinaga,N/A,N4060532217,"(43.2581194, -2.8980592)",404.178,4.263256414560601e-14,37.499999999970285
Otxarkoaga-Txurdinaga,N/A,W164510985,"(43.257638496193636, -2.898318280368446)",464.483,5.684341886080802e-14,37.4999999999703
Otxarkoaga-Txurdinaga,N/A,W164512079,"(43.25788389565486, -2.8988002094288414)",542.421,7.999999999975216,50.500000000024755
