territory,building_type,osmid,coord,distance,rise,fall
Abando,N/A,N5056379164,"(43.2581887, -2.9459426)",297.414,1.0000000000099263,11.000000000099128
Basurtu-Zorrotza,N/A,N9607467466,"(43.2589548, -2.9488089)",424.91600000000005,6.441780442401068e-11,12.500000000109019
Basurtu-Zorrotza,N/A,W402170994,"(43.25967701277512, -2.9532145370708145)",498.721,4.500000000019831,8.500000000094161
Basurtu-Zorrotza,N/A,W632988668,"(43.26125499964527, -2.950015396409132)",916.4300000000001,8.500000000054534,27.50000000009914
