territory,building_type,osmid,coord,distance,rise,fall
Basurtu-Zorrotza,tourism_hostel,W297437909,"(43.26060438475347, -2.9631934865762424)",312.799,63.99999999997026,4.00000000000496
Basurtu-Zorrotza,amenity_place_of_worship,W297437908,"(43.262797302818186, -2.962656780084932)",318.56199999999995,33.99999999991084,9.499999999915815
Basurtu-Zorrotza,tourism_hostel,W52528082,"(43.26320722722957, -2.9613203976201534)",381.923,41.49999999995539,51.99999999993061
Basurtu-Zorrotza,amenity_place_of_worship,W163196945,"(43.265461037844666, -2.9606482549113027)",1302.8239999999996,48.00000000018333,109.50000000016848
