territory,building_type,osmid,coord,distance,rise,fall
Basurtu-Zorrotza,amenity_place_of_worship,W300969657,"(43.27707124217174, -2.9740794720992434)",227.22699999999998,3.9609204804946785e-11,10.000000000084171
Basurtu-Zorrotza,amenity_school,W251096861,"(43.27528361750021, -2.9705968204589417)",283.94,10.999999999955438,0.5000000000148539
Basurtu-Zorrotza,amenity_community_centre,N6983084986,"(43.2739283, -2.9746927)",284.648,2.0000000000198064,8.00000000006437
Basurtu-Zorrotza,building_public,W110382787,"(43.2776999, -2.9741186500000008)",323.102,3.9610092983366485e-11,13.500000000089122
Basurtu-Zorrotza,building_train_station,W771882864,"(43.27774409144363, -2.972288289329312)",395.911,1.000000000004953,12.500000000039611
Basurtu-Zorrotza,amenity_school,W138646173,"(43.273658206322374, -2.9724287872498514)",401.55999999999995,10.499999999950486,1.9999999999801936
Basurtu-Zorrotza,amenity_community_centre,N3066705390,"(43.277338, -2.9746744)",405.48,3.9610092983366485e-11,13.000000000054465
Basurtu-Zorrotza,amenity_library,N11229807742,"(43.2774341, -2.9749112)",405.48,3.9610092983366485e-11,13.000000000054465
Basurtu-Zorrotza,building_public,W110382852,"(43.27811346878365, -2.974880436617395)",405.48,3.9610092983366485e-11,13.000000000054465
