territory,building_type,osmid,coord,distance,rise,fall
Basurtu-Zorrotza,N/A,W402170994,"(43.25967701277512, -2.9532145370708145)",527.276,5.000000000009905,27.000000000034674
Basurtu-Zorrotza,N/A,N9607467466,"(43.2589548, -2.9488089)",1006.345,12.000000000084256,42.5000000000793
