territory,building_type,osmid,coord,distance,rise,fall
Begona,N/A,N5056328910,"(43.2541211, -2.9149326)",599.1489999999999,12.999999999965354,15.000000000014893
Ibaiondo,N/A,W420558992,"(43.256988569906525, -2.92040166742721)",833.8629999999999,3.0000000000594653,49.00000000012387
