territory,building_type,osmid,coord,distance,rise,fall
Deusto,N/A,N4254043797,"(43.2711694, -2.94695)",494.9000000000001,20.000000000079247,26.999999999955442
Deusto,N/A,N5056437799,"(43.2691029, -2.9449199)",549.798,0.5000000000643858,24.49999999997525
Abando,N/A,W171882527,"(43.26787786483111, -2.940565564584242)",781.5989999999999,0.5000000000049565,31.999999999876195
