territory,building_type,osmid,coord,distance,rise,fall
Abando,N/A,N518227646,"(43.2661789, -2.9463066)",385.40100000000007,0.0,1.0000000000049543
Basurtu-Zorrotza,N/A,W163195554,"(43.262640749370476, -2.9496477508797216)",862.2099999999999,35.500000000054484,7.500000000034677
Deusto,N/A,W185205688,"(43.26864835487923, -2.947859768119749)",865.662,10.500000000044583,8.500000000019815
Basurtu-Zorrotza,N/A,W632988668,"(43.26125499964527, -2.950015396409132)",1239.4769999999996,42.50000000004458,18.500000000029722
