territory,building_type,osmid,coord,distance,rise,fall
Otxarkoaga-Txurdinaga,railway_subway_entrance,N4060532218,"(43.2586896, -2.8998266)",456.269,7.999999999975202,34.49999999987115
Otxarkoaga-Txurdinaga,railway_subway_entrance,N4060532217,"(43.2581194, -2.8980592)",469.21099999999996,4.263256414560601e-14,34.99999999999012
Otxarkoaga-Txurdinaga,railway_subway_entrance,N4060532220,"(43.2594633, -2.9000251)",485.02900000000005,9.999999999985107,27.99999999989096
Otxarkoaga-Txurdinaga,amenity_place_of_worship,W298482555,"(43.25976765777735, -2.9001967277689698)",518.13,2.4999999999802327,20.4999999998861
Otxarkoaga-Txurdinaga,railway_subway_entrance,N4060532211,"(43.2586152, -2.899233)",525.946,7.9999999999752305,34.49999999987115
Otxarkoaga-Txurdinaga,amenity_school,W201671663,"(43.25887864816436, -2.9013276240376737)",553.576,14.499999999930623,27.99999999989096
Otxarkoaga-Txurdinaga,amenity_community_centre,N10539847381,"(43.2604388, -2.9011188)",595.0239999999999,16.000000000024812,19.999999999985178
Otxarkoaga-Txurdinaga,amenity_police,N4142321404,"(43.257488, -2.8986357)",623.688,7.999999999975216,48.000000000044594
Otxarkoaga-Txurdinaga,amenity_community_centre,W164512079,"(43.25788389565486, -2.898800209428842)",623.688,7.999999999975216,48.000000000044594
