territory,building_type,osmid,coord,distance,rise,fall
Deusto,N/A,N4254043797,"(43.2711694, -2.94695)",125.734,6.5,0.0
Deusto,N/A,W185205688,"(43.26864835487923, -2.947859768119749)",179.07500000000002,9.912071163853398e-12,11.500000000014863
Deusto,N/A,N5056437799,"(43.2691029, -2.9449199)",277.22,2.000000000004956,12.500000000039623
Abando,N/A,N518227646,"(43.2661789, -2.9463066)",567.371,7.500000000014868,22.000000000049535
Deusto,N/A,W185205681,"(43.27236008339459, -2.9507221366997642)",648.9920000000002,30.499999999950482,2.0
