territory,building_type,osmid,coord,distance,rise,fall
Deusto,railway_subway_entrance,N5299547436,"(43.2744156, -2.958025)",457.042,20.500000000024762,5.329070518200751e-15
Deusto,building_train_station,W378437650,"(43.27456673055102, -2.9582315021641943)",514.189,20.50000000002477,3.0000000000049614
Deusto,amenity_school,W133202039,"(43.27880270444211, -2.963662949818916)",598.27,6.499999999965338,10.499999999955433
Deusto,amenity_library,N600664788,"(43.2774399, -2.958159)",603.93,23.00000000003961,10.000000000024754
Deusto,tourism_museum,N11641427626,"(43.2783396, -2.9604649)",649.9110000000001,14.999999999960389,9.499999999930683
Deusto,amenity_place_of_worship,W41880844,"(43.27554714351943, -2.9561012625662673)",659.2370000000001,32.00000000003963,8.881784197001252e-15
