territory,building_type,osmid,coord,distance,rise,fall
Basurtu-Zorrotza,amenity_school,W251096855,"(43.27190400890658, -2.968858584144567)",219.10700000000003,37.00000000003963,7.105427357601002e-15
Basurtu-Zorrotza,amenity_school,W138646173,"(43.273658206322374, -2.9724287872498514)",430.73900000000003,22.00000000007924,32.000000000034674
Basurtu-Zorrotza,amenity_school,W251096861,"(43.27528361750021, -2.9705968204589417)",498.5570000000001,23.000000000039623,31.000000000024766
Basurtu-Zorrotza,amenity_community_centre,N6983084986,"(43.2739283, -2.9746927)",744.926,26.000000000089145,50.50000000005943
