territory,building_type,osmid,coord,distance,rise,fall
Ibaiondo,N/A,W420558992,"(43.256988569906525, -2.92040166742721)",470.04999999999995,20.50000000004956,22.00000000008921
Ibaiondo,N/A,W41525574,"(43.25771234249542, -2.9221397271902023)",501.24799999999993,19.00000000008425,34.000000000113985
Ibaiondo,N/A,W375390416,"(43.25296603590128, -2.923187807157419)",504.28299999999996,20.50000000011895,33.50000000013877
Begona,N/A,N5056328910,"(43.2541211, -2.9149326)",591.141,42.49999999997524,2.1316282072803006e-14
Ibaiondo,N/A,W376396126,"(43.25272399169551, -2.925878746109151)",1257.6499999999999,47.000000000133824,52.500000000193296
