territory,building_type,osmid,coord,distance,rise,fall
Uribarri,amenity_school,W366043792,"(43.273305835815265, -2.933150779060532)",0.0,0.0,0.0
Uribarri,amenity_police,W185207502,"(43.2709757152328, -2.9296242042266636)",1161.308,30.49999999991087,128.49999999993068
Deusto,amenity_place_of_worship,N10585123305,"(43.2710612, -2.9375073)",1768.4610000000002,65.49999999996041,174.5000000000149
