territory,building_type,osmid,coord,distance,rise,fall
Ibaiondo,amenity_school,W185282998,"(43.2405881821674, -2.921607513021208)",401.30100000000004,6.4999999999999964,14.999999999975202
Ibaiondo,building_train_station,W453719236,"(43.24045334541864, -2.924084942378229)",455.47800000000007,16.000000000024798,13.499999999995039
