territory,building_type,osmid,coord,distance,rise,fall
Deusto,N/A,N5056421870,"(43.2773644, -2.9587254)",239.889,6.499999999970296,5.499999999980197
Deusto,N/A,W290069950,"(43.280414549918596, -2.9601837787502543)",478.16599999999994,6.500000000039606,10.500000000024755
Deusto,N/A,N10308519810,"(43.2812493, -2.9624445)",622.0649999999999,2.500000000034655,15.000000000054456
