territory,building_type,osmid,coord,distance,rise,fall
Otxarkoaga-Txurdinaga,N/A,W164510985,"(43.257638496193636, -2.898318280368446)",299.193,6.999999999871179,23.999999999930637
Otxarkoaga-Txurdinaga,N/A,N4060532217,"(43.2581194, -2.8980592)",336.9439999999999,3.999999999930651,20.99999999999011
Otxarkoaga-Txurdinaga,N/A,W164512079,"(43.25788389565486, -2.8988002094288414)",403.92499999999995,6.999999999871179,29.000000000009933
Otxarkoaga-Txurdinaga,N/A,N4060532220,"(43.2594633, -2.9000251)",606.6639999999999,18.999999999965354,18.999999999940584
