territory,building_type,osmid,coord,distance,rise,fall
Begona,N/A,N5056328910,"(43.2541211, -2.9149326)",465.3279999999999,32.00000000013879,15.000000000109061
Ibaiondo,N/A,W420558992,"(43.256988569906525, -2.92040166742721)",756.0489999999999,6.500000000109026,33.50000000009416
