territory,building_type,osmid,coord,distance,rise,fall
Uribarri,N/A,W123440625,"(43.27407575044531, -2.920164432463072)",1232.5660000000003,107.0000000001188,12.49999999999011
