territory,building_type,osmid,coord,distance,rise,fall
Begona,N/A,N9607391207,"(43.2500267, -2.9080084)",452.547,11.49999999992069,6.499999999960359
Begona,N/A,W305622069,"(43.25019552887615, -2.9072914369528084)",591.7890000000001,11.99999999998019,14.50000000001986
