territory,building_type,osmid,coord,distance,rise,fall
Uribarri,N/A,W48045715,"(43.26461925000001, -2.912653900000001)",94.077,0.0,19.000000000039634
Uribarri,N/A,N5056355015,"(43.2646852, -2.9126594)",94.077,0.0,19.000000000039634
Uribarri,N/A,N4060532227,"(43.2648784, -2.9149249)",303.15099999999995,7.000000000079275,45.000000000059465
