territory,building_type,osmid,coord,distance,rise,fall
Errekalde,N/A,N5056183351,"(43.251483, -2.9359224)",695.3400000000001,10.499999999925649,6.999999999935568
Errekalde,N/A,W41415573,"(43.24640784978145, -2.937495477469789)",792.2100000000002,26.000000000094175,14.000000000143771
