territory,building_type,osmid,coord,distance,rise,fall
Errekalde,N/A,N5056184623,"(43.2568371, -2.9396557)",461.48099999999994,10.000000000084242,2.5000000000346887
Abando,N/A,W96337695,"(43.25973970175266, -2.9371151663607047)",569.9929999999999,3.000000000069363,10.500000000014865
Abando,N/A,N4762096882,"(43.2634, -2.9433546)",606.0999999999999,2.973621349156019e-11,7.999999999975234
Abando,N/A,N5056379164,"(43.2581887, -2.9459426)",609.533,11.000000000024766,6.0000000000198135
