territory,building_type,osmid,coord,distance,rise,fall
Deusto,N/A,N5056437799,"(43.2691029, -2.9449199)",207.056,0.0,12.500000000029715
Deusto,N/A,N4254043797,"(43.2711694, -2.94695)",354.819,5.00000000005943,0.5000000000544773
Deusto,N/A,W185205688,"(43.26864835487923, -2.947859768119749)",437.189,1.9817036900349194e-11,13.500000000019815
Abando,N/A,W171882527,"(43.26787786483111, -2.940565564584242)",831.608,1.9999999999801887,21.99999999997028
