territory,building_type,osmid,coord,distance,rise,fall
Uribarri,amenity_school,W366043792,"(43.273305835815265, -2.933150779060532)",86.103,0.0,7.999999999995055
Uribarri,amenity_police,W185207502,"(43.2709757152328, -2.9296242042266636)",1075.205,22.499999999915815,128.49999999993068
