territory,building_type,osmid,coord,distance,rise,fall
Ibaiondo,N/A,W41525574,"(43.25771234249542, -2.9221397271902023)",422.14700000000005,15.500000000133788,33.00000000005946
Ibaiondo,N/A,W485363913,"(43.25997684824978, -2.9220146785419328)",584.19,16.0000000001437,33.50000000003469
Ibaiondo,N/A,W420558992,"(43.256988569906525, -2.92040166742721)",612.192,29.00000000012388,33.00000000005946
