territory,building_type,osmid,coord,distance,rise,fall
Abando,N/A,W41688628,"(43.26399354682828, -2.9308926528671213)",203.54100000000003,1.4999999999950475,0.500000000014861
Abando,N/A,W44016098,"(43.261229928011566, -2.929048100639934)",416.089,6.500000000059465,2.5000000000842313
Abando,N/A,N3207631929,"(43.2618877, -2.9308223)",416.27200000000005,4.500000000029729,3.0000000000792646
Abando,N/A,W110895854,"(43.26092919682561, -2.9269453237882157)",504.062,5.5000000001090115,8.500000000208097
Abando,N/A,N1271964866,"(43.2645212, -2.9345677)",508.838,3.500000000034678,6.500000000074312
Abando,N/A,W108504682,"(43.26150873360247, -2.9323193974511943)",531.6800000000001,4.500000000029729,4.000000000059448
Abando,N/A,N4731925117,"(43.2661842, -2.9329433)",545.09,12.000000000074305,13.000000000089173
Uribarri,N/A,N9607363904,"(43.2682033, -2.9265437)",670.947,13.999999999965329,25.50000000004459
Uribarri,N/A,W248634544,"(43.26459250062579, -2.9231745754982787)",707.7499999999999,11.999999999985143,21.50000000008422
