territory,building_type,osmid,coord,distance,rise,fall
Basurtu-Zorrotza,N/A,W163195554,"(43.262640749370476, -2.9496477508797216)",716.5569999999998,30.500000000029722,0.0
