territory,building_type,osmid,coord,distance,rise,fall
Basurtu-Zorrotza,amenity_place_of_worship,W301694701,"(43.25652086676977, -2.957615550547145)",229.471,37.500000000104095,2.842170943040401e-14
Basurtu-Zorrotza,amenity_community_centre,W301694691,"(43.25639843254374, -2.9578756320078523)",275.452,58.00000000018338,2.842170943040401e-14
Basurtu-Zorrotza,building_train_station,W402170994,"(43.25967701277512, -2.9532145370708145)",662.1129999999999,9.500000000158593,54.00000000003966
Basurtu-Zorrotza,railway_subway_entrance,N4944875063,"(43.2594993, -2.9525533)",667.4269999999999,12.000000000158586,56.50000000003966
Basurtu-Zorrotza,railway_subway_entrance,N4944875070,"(43.2600187, -2.9537148)",777.3919999999998,12.000000000158593,58.50000000001489
Basurtu-Zorrotza,amenity_police,W408633232,"(43.2565796201018, -2.9493267089254327)",815.5870000000001,1.0000000000545128,42.49999999991577
