territory,building_type,osmid,coord,distance,rise,fall
Abando,N/A,N5056379164,"(43.2581887, -2.9459426)",267.17999999999995,3.499999999960359,2.0000000000495533
Basurtu-Zorrotza,N/A,N9607467466,"(43.2589548, -2.9488089)",418.56600000000003,4.4999999999950475,5.500000000039641
Abando,N/A,N4762096882,"(43.2634, -2.9433546)",483.405,0.5000000000198206,12.000000000059465
Errekalde,N/A,N5056184623,"(43.2568371, -2.9396557)",635.83,5.499999999970271,1.5000000000148646
