territory,building_type,osmid,coord,distance,rise,fall
Ibaiondo,amenity_school,W53764581,"(43.24903243466212, -2.9317237114605668)",267.745,1.4210854715202004e-14,12.500000000044636
Ibaiondo,amenity_school,N4757644627,"(43.2481224, -2.9325122)",305.022,15.999999999970228,15.000000000034689
Ibaiondo,amenity_place_of_worship,N4757644648,"(43.2483414, -2.9337821)",305.022,15.999999999970228,15.000000000034689
Ibaiondo,amenity_school,W53668485,"(43.248961862530635, -2.930066135495643)",414.54200000000003,3.5000000000297433,18.00000000007931
Ibaiondo,amenity_place_of_worship,N1048012605,"(43.2484729, -2.9338091)",512.02,13.499999999975202,17.500000000014865
Ibaiondo,building_train_station,W53663165,"(43.25037057733663, -2.9304763387603403)",627.361,3.500000000079311,22.00000000009915
Ibaiondo,railway_subway_entrance,N4904749312,"(43.2502989, -2.9305713)",634.3679999999999,3.500000000079311,22.00000000009915
Ibaiondo,amenity_school,W302250302,"(43.251633315829835, -2.933294527060253)",636.2460000000001,7.999999999940513,25.00000000001984
Errekalde,amenity_school,W165462102,"(43.245592158361845, -2.9342422839261544)",867.5260000000001,36.000000000019824,23.50000000006939
