territory,building_type,osmid,coord,distance,rise,fall
Deusto,N/A,N10308519810,"(43.2812493, -2.9624445)",388.14599999999996,5.329070518200751e-15,10.499999999995055
Deusto,N/A,W290069950,"(43.280414549918596, -2.9601837787502543)",430.60300000000007,6.500000000039607,8.500000000000005
