territory,building_type,osmid,coord,distance,rise,fall
Errekalde,N/A,N5056183351,"(43.251483, -2.9359224)",618.1099999999999,28.0,20.500000000034696
Errekalde,N/A,W41415573,"(43.24640784978145, -2.937495477469789)",665.224,35.50000000007932,19.50000000015369
