territory,building_type,osmid,coord,distance,rise,fall
Begona,N/A,N5056328910,"(43.2541211, -2.9149326)",726.203,21.499999999990138,15.000000000014907
Ibaiondo,N/A,W420558992,"(43.256988569906525, -2.92040166742721)",965.327,11.500000000084249,49.00000000012388
