territory,building_type,osmid,coord,distance,rise,fall
Uribarri,N/A,N9607363904,"(43.2682033, -2.9265437)",200.27900000000002,3.9999999999603766,6.499999999920753
Uribarri,N/A,W123440604,"(43.26872494896904, -2.9260301349397224)",245.46399999999997,3.9999999999603766,1.499999999940563
Uribarri,N/A,N5056353256,"(43.2689626, -2.9250581)",330.169,14.000000000024762,5.500000000009901
