territory,building_type,osmid,coord,distance,rise,fall
Ibaiondo,amenity_police,W165645785,"(43.24968056605251, -2.9245496912078623)",257.944,2.000000000069406,6.5
Ibaiondo,amenity_school,W53668485,"(43.248961862530635, -2.930066135495643)",393.325,4.500000000079353,8.500000000059515
Ibaiondo,amenity_school,W53764581,"(43.24903243466212, -2.9317237114605668)",427.773,6.500000000094175,8.500000000069392
Ibaiondo,building_train_station,W53663165,"(43.25037057733663, -2.9304763387603403)",555.327,3.0000000000941895,11.000000000044622
Ibaiondo,amenity_place_of_worship,W53661749,"(43.251866677604006, -2.9290643617025647)",557.9190000000001,4.0000000000941895,20.000000000059487
Ibaiondo,railway_subway_entrance,N4904749312,"(43.2502989, -2.9305713)",562.334,3.0000000000941895,11.000000000044622
Ibaiondo,amenity_school,N4757644627,"(43.2481224, -2.9325122)",675.868,20.000000000074365,8.50000000006942
Ibaiondo,amenity_school,W185284035,"(43.244405788428594, -2.9251938625874043)",1076.5660000000003,7.000000000069434,70.00000000003473
