territory,building_type,osmid,coord,distance,rise,fall
Uribarri,N/A,N5056353256,"(43.2689626, -2.9250581)",715.3299999999998,4.500000000000014,87.00000000003963
Uribarri,N/A,W123440625,"(43.27407575044531, -2.920164432463072)",1282.7330000000004,128.50000000019804,4.500000000074294
Uribarri,N/A,W162445376,"(43.273080655467716, -2.9178267306692467)",1345.7080000000003,132.50000000006443,4.500000000074351
