territory,building_type,osmid,coord,distance,rise,fall
Ibaiondo,N/A,W376396126,"(43.25272399169551, -2.925878746109151)",925.298,2.5000000000149,48.50000000003968
