territory,building_type,osmid,coord,distance,rise,fall
Otxarkoaga-Txurdinaga,N/A,W164510985,"(43.257638496193636, -2.898318280368446)",249.14600000000002,3.000000000054527,2.500000000029729
Otxarkoaga-Txurdinaga,N/A,N4060532217,"(43.2581194, -2.8980592)",302.991,3.0000000000545413,2.5000000000297433
Otxarkoaga-Txurdinaga,N/A,W164512079,"(43.25788389565486, -2.8988002094288414)",353.878,3.000000000054527,7.500000000109026
Otxarkoaga-Txurdinaga,N/A,N4060532220,"(43.2594633, -2.9000251)",603.761,25.00000000021808,7.500000000109054
