territory,building_type,osmid,coord,distance,rise,fall
Ibaiondo,N/A,N11229801356,"(43.2538282, -2.9319814)",309.677,4.500000000079304,13.500000000004967
Errekalde,N/A,N5056183351,"(43.251483, -2.9359224)",400.916,9.500000000019824,9.500000000054527
