territory,building_type,osmid,coord,distance,rise,fall
Begona,N/A,N9607391207,"(43.2500267, -2.9080084)",471.218,1.4210854715202004e-14,24.500000000034703
Begona,N/A,N5056328910,"(43.2541211, -2.9149326)",504.197,2.5000000000396625,7.500000000069392
Begona,N/A,W305622069,"(43.25019552887615, -2.9072914369528084)",976.1020000000002,8.000000000000007,40.000000000034696
