territory,building_type,osmid,coord,distance,rise,fall
Ibaiondo,N/A,W41525574,"(43.25771234249542, -2.9221397271902023)",322.62199999999996,7.000000000099108,0.500000000089198
Ibaiondo,N/A,N5056088727,"(43.2562779, -2.9264049)",336.73999999999995,11.000000000004958,5.4999999999900915
Ibaiondo,N/A,W108497734,"(43.25874273518262, -2.9247747311690637)",343.63300000000004,7.50000000005946,5.000000000024773
Ibaiondo,N/A,W420558992,"(43.256988569906525, -2.92040166742721)",366.5779999999999,24.500000000004956,4.500000000004954
Ibaiondo,N/A,W375390416,"(43.25296603590128, -2.923187807157419)",399.948,14.50000000012886,6.000000000109035
Ibaiondo,N/A,W404432093,"(43.25599232855877, -2.9282142750288136)",429.514,21.000000000019824,0.0
Ibaiondo,N/A,W485363913,"(43.25997684824978, -2.9220146785419328)",553.295,7.50000000010902,1.000000000064425
Abando,N/A,W44113519,"(43.25993749738077, -2.9264652360563534)",852.747,24.50000000009415,17.000000000089194
Ibaiondo,N/A,W376396126,"(43.25272399169551, -2.925878746109151)",929.6369999999998,35.0000000000347,19.000000000054534
