territory,building_type,osmid,coord,distance,rise,fall
Deusto,N/A,N5056421870,"(43.2773644, -2.9587254)",35.57,0.0,0.0
Deusto,N/A,W290069950,"(43.280414549918596, -2.9601837787502543)",562.3380000000001,6.500000000039606,11.500000000014854
