territory,building_type,osmid,coord,distance,rise,fall
Otxarkoaga-Txurdinaga,railway_subway_entrance,N4060532217,"(43.2581194, -2.8980592)",302.991,3.0000000000545413,2.5000000000297433
Otxarkoaga-Txurdinaga,amenity_police,N4142321404,"(43.257488, -2.8986357)",353.878,3.000000000054527,7.500000000109026
Otxarkoaga-Txurdinaga,amenity_community_centre,W164512079,"(43.25788389565486, -2.898800209428842)",353.878,3.000000000054527,7.500000000109026
Otxarkoaga-Txurdinaga,railway_subway_entrance,N4060532211,"(43.2586152, -2.899233)",502.302,16.500000000227985,7.500000000109026
Otxarkoaga-Txurdinaga,railway_subway_entrance,N4060532218,"(43.2586896, -2.8998266)",521.297,16.50000000022797,7.50000000010904
Otxarkoaga-Txurdinaga,railway_subway_entrance,N4060532220,"(43.2594633, -2.9000251)",603.761,25.00000000021808,7.500000000109054
Otxarkoaga-Txurdinaga,amenity_school,W40467470,"(43.256573103543374, -2.901640699915715)",732.861,7.500000000114042,20.5000000000843
Otxarkoaga-Txurdinaga,amenity_school,W412907935,"(43.25645432758394, -2.8990564410893485)",784.9680000000001,9.50000000007934,15.000000000034731
