territory,building_type,osmid,coord,distance,rise,fall
Basurtu-Zorrotza,amenity_community_centre,N6983084986,"(43.2739283, -2.9746927)",100.07300000000001,1.4999999999653362,0.0
Basurtu-Zorrotza,amenity_school,W138646173,"(43.273658206322374, -2.9724287872498514)",414.26,19.999999999990095,4.000000000009905
Basurtu-Zorrotza,amenity_place_of_worship,W300969657,"(43.27707124217174, -2.9740794720992434)",466.187,7.999999999985144,10.500000000019806
Basurtu-Zorrotza,amenity_school,W251096861,"(43.27528361750021, -2.9705968204589417)",552.085,18.499999999965343,0.5000000000148574
Basurtu-Zorrotza,building_public,W110382787,"(43.2776999, -2.9741186500000008)",562.062,7.999999999985145,14.000000000024757
Basurtu-Zorrotza,amenity_community_centre,N3066705390,"(43.277338, -2.9746744)",644.44,7.999999999985145,13.4999999999901
Basurtu-Zorrotza,amenity_library,N11229807742,"(43.2774341, -2.9749112)",644.44,7.999999999985145,13.4999999999901
Basurtu-Zorrotza,building_public,W110382852,"(43.27811346878365, -2.974880436617395)",644.44,7.999999999985145,13.4999999999901
