territory,building_type,osmid,coord,distance,rise,fall
Basurtu-Zorrotza,N/A,W402170994,"(43.25967701277512, -2.9532145370708145)",292.621,8.000000000004952,11.000000000004945
Basurtu-Zorrotza,N/A,N5056200430,"(43.2613693, -2.9628267)",686.8149999999999,93.99999999993068,9.499999999915815
