territory,building_type,osmid,coord,distance,rise,fall
Uribarri,N/A,W248634544,"(43.26459250062579, -2.9231745754982787)",139.784,0.0,12.500000000014865
Uribarri,N/A,N4508853267,"(43.2655628, -2.9205809)",195.31300000000002,3.9999999999256914,0.4999999999653255
Uribarri,N/A,N5056356248,"(43.2663985, -2.918579)",430.05300000000005,32.5000000000248,0.4999999999653397
