territory,building_type,osmid,coord,distance,rise,fall
Ibaiondo,N/A,N5056088727,"(43.2562779, -2.9264049)",235.38400000000001,0.0,8.999999999960352
Ibaiondo,N/A,W108497734,"(43.25874273518262, -2.9247747311690637)",423.789,0.49999999995539923,12.49999999989593
Ibaiondo,N/A,W404432093,"(43.25599232855877, -2.9282142750288136)",425.491,15.999999999990099,9.49999999994549
Ibaiondo,N/A,W41525574,"(43.25771234249542, -2.9221397271902023)",645.33,2.4999999999306226,10.49999999989593
Abando,N/A,W110895854,"(43.26092919682561, -2.9269453237882157)",668.7090000000001,14.000000000059469,15.000000000059458
Abando,N/A,W44113519,"(43.25993749738077, -2.9264652360563534)",725.754,12.500000000104059,19.500000000074323
Ibaiondo,N/A,N11229801356,"(43.2538282, -2.9319814)",820.976,44.500000000094175,11.499999999970274
Abando,N/A,W28776478,"(43.259963913422865, -2.9284384320288925)",831.393,16.500000000133795,15.000000000089194
Ibaiondo,N/A,W376396126,"(43.25272399169551, -2.925878746109151)",969.056,29.50000000001984,28.000000000014886
