territory,building_type,osmid,coord,distance,rise,fall
Uribarri,N/A,N5056353256,"(43.2689626, -2.9250581)",343.3860000000001,12.000000000014865,42.9999999999703
Uribarri,N/A,W123440604,"(43.26872494896904, -2.9260301349397224)",504.9800000000001,19.00000000001982,55.9999999999703
Uribarri,N/A,N9607363904,"(43.2682033, -2.9265437)",568.8410000000001,19.00000000001982,60.99999999995049
