territory,building_type,osmid,coord,distance,rise,fall
Uribarri,N/A,N4508853267,"(43.2655628, -2.9205809)",103.465,6.9999999999950475,21.5000000001288
Uribarri,N/A,N5056356248,"(43.2663985, -2.918579)",175.445,13.999999999965354,1.4210854715202004e-14
Uribarri,N/A,W248634544,"(43.26459250062579, -2.9231745754982787)",343.657,6.9999999999950475,37.50000000010402
Uribarri,N/A,N4060532227,"(43.2648784, -2.9149249)",536.593,34.49999999998513,21.500000000123826
Uribarri,N/A,N5056353256,"(43.2689626, -2.9250581)",684.7109999999999,21.999999999925702,43.500000000039634
