territory,building_type,osmid,coord,distance,rise,fall
Begona,N/A,N9607391207,"(43.2500267, -2.9080084)",700.0869999999999,12.999999999945487,5.500000000019853
