territory,building_type,osmid,coord,distance,rise,fall
Basurtu-Zorrotza,N/A,N5056200430,"(43.2613693, -2.9628267)",150.13100000000003,34.99999999994054,16.49999999996035
Basurtu-Zorrotza,N/A,W163196945,"(43.26546103784467, -2.9606482549113027)",1609.6949999999997,57.500000000099156,143.50000000007932
