territory,building_type,osmid,coord,distance,rise,fall
Abando,N/A,N4761972760,"(43.2642641, -2.9429738)",253.896,8.999999999999996,0.0
Abando,N/A,N4762096882,"(43.2634, -2.9433546)",378.39599999999996,13.000000000029722,0.0
Abando,N/A,W28211432,"(43.26554608054959, -2.93803822151696)",383.5369999999999,7.5000000000297256,5.000000000009912
Abando,N/A,W171882527,"(43.26787786483111, -2.940565564584242)",411.371,1.500000000019818,12.99999999997524
Abando,N/A,N518227646,"(43.2661789, -2.9463066)",559.786,7.000000000009915,15.000000000004963
Abando,N/A,N1271964866,"(43.2645212, -2.9345677)",591.875,16.500000000059444,2.500000000019817
