territory,building_type,osmid,coord,distance,rise,fall
Abando,N/A,W28211432,"(43.26554608054959, -2.93803822151696)",279.673,18.0000000001387,10.500000000089168
Abando,N/A,N4731925117,"(43.2661842, -2.9329433)",329.794,21.00000000009412,3.552713678800501e-15
Abando,N/A,W171882527,"(43.26787786483111, -2.940565564584242)",458.92999999999995,5.5000000000346745,11.999999999960375
Abando,N/A,N1271964866,"(43.2645212, -2.9345677)",541.354,21.00000000004458,1.9999999999752331
