territory,building_type,osmid,coord,distance,rise,fall
Ibaiondo,N/A,W420558992,"(43.256988569906525, -2.92040166742721)",350.912,11.499999999910806,19.499999999950454
Ibaiondo,N/A,W41525574,"(43.25771234249542, -2.9221397271902023)",473.74799999999993,5.999999999955406,27.499999999985146
Begona,N/A,N5056328910,"(43.2541211, -2.9149326)",514.132,35.99999999997523,1.4210854715202004e-14
Ibaiondo,N/A,W375390416,"(43.25296603590128, -2.923187807157419)",568.7379999999999,10.500000000069399,30.000000000089223
