territory,building_type,osmid,coord,distance,rise,fall
Basurtu-Zorrotza,building_train_station,W163196919,"(43.26433534839249, -2.955077952360856)",251.483,6.000000000049539,0.0
Basurtu-Zorrotza,building_train_station,W163196944,"(43.26431167828029, -2.9553483053682954)",251.483,6.000000000049539,0.0
Basurtu-Zorrotza,tourism_museum,N5308301923,"(43.2640855, -2.9481789)",535.693,34.50000000014861,7.500000000034676
Basurtu-Zorrotza,leisure_stadium,N11865822545,"(43.2641013, -2.9482607)",535.693,34.50000000014861,7.500000000034676
Basurtu-Zorrotza,leisure_stadium,W59171758,"(43.264171286696644, -2.9493828668461135)",704.2019999999999,30.500000000029722,0.0
Basurtu-Zorrotza,railway_subway_entrance,N4458552191,"(43.2626804, -2.9495871)",714.7969999999998,30.500000000029722,0.0
Basurtu-Zorrotza,building_train_station,W163195554,"(43.26264074937047, -2.949647750879721)",716.5569999999998,30.500000000029722,0.0
Basurtu-Zorrotza,building_public,N1848293667,"(43.2622397, -2.9510612)",821.1329999999998,33.50000000004459,1.000000000009905
Deusto,tourism_hostel,N3004608569,"(43.2687748, -2.9545458)",1531.0930000000003,18.500000000128793,16.50000000009907
