territory,building_type,osmid,coord,distance,rise,fall
Errekalde,N/A,W301165234,"(43.24714070207488, -2.9509802354261194)",164.823,35.000000000000014,43.49999999997027
Errekalde,N/A,N9607455457,"(43.252218, -2.9481901)",701.3810000000001,36.999999999985164,94.9999999999455
