territory,building_type,osmid,coord,distance,rise,fall
Uribarri,N/A,N5056356248,"(43.2663985, -2.918579)",192.076,6.000000000024755,15.999999999905867
Uribarri,N/A,N4508853267,"(43.2655628, -2.9205809)",326.34800000000007,1.4210854715202004e-14,38.49999999998022
Uribarri,N/A,N4060532227,"(43.2648784, -2.9149249)",483.32400000000007,14.000000000029743,25.000000000014893
Uribarri,N/A,W248634544,"(43.26459250062579, -2.9231745754982787)",566.5400000000001,1.4210854715202004e-14,54.49999999995545
