territory,building_type,osmid,coord,distance,rise,fall
Errekalde,N/A,N5056184623,"(43.2568371, -2.9396557)",507.503,10.500000000079297,4.500000000024784
Abando,N/A,W96337695,"(43.25973970175266, -2.9371151663607047)",609.329,1.5000000000891873,10.500000000029729
Ibaiondo,N/A,N11229801356,"(43.2538282, -2.9319814)",681.1830000000001,31.000000000277517,5.500000000143707
