territory,building_type,osmid,coord,distance,rise,fall
Begona,N/A,N9607391207,"(43.2500267, -2.9080084)",534.448,5.000000000074344,8.000000000054534
Otxarkoaga-Txurdinaga,N/A,W235157481,"(43.25672274935615, -2.9070052667191253)",668.588,20.500000000005002,3.4999999999703277
Begona,N/A,W305622069,"(43.25019552887615, -2.9072914369528084)",928.4220000000001,17.000000000004988,27.499999999985178
