territory,building_type,osmid,coord,distance,rise,fall
Ibaiondo,N/A,W41525574,"(43.25771234249542, -2.9221397271902023)",351.922,0.5000000000297433,20.99999999999505
Ibaiondo,N/A,W108497734,"(43.25874273518262, -2.9247747311690637)",407.98,7.105427357601002e-15,24.49999999994054
Ibaiondo,N/A,W485363913,"(43.25997684824978, -2.9220146785419328)",408.11699999999996,0.5000000000099192,20.999999999940542
Ibaiondo,N/A,W420558992,"(43.256988569906525, -2.92040166742721)",541.9669999999999,14.000000000019835,20.99999999999505
