territory,building_type,osmid,coord,distance,rise,fall
Abando,N/A,N1271964866,"(43.2645212, -2.9345677)",136.786,3.500000000064407,3.552713678800501e-15
Abando,N/A,N3207631929,"(43.2618877, -2.9308223)",240.61599999999999,8.000000000054502,0.0
Abando,N/A,W108504682,"(43.26150873360247, -2.9323193974511943)",356.024,8.000000000054502,0.999999999980183
Abando,N/A,W41688628,"(43.26399354682828, -2.9308926528671213)",405.06399999999996,12.500000000158533,5.000000000074309
Abando,N/A,W96337695,"(43.25973970175266, -2.9371151663607047)",431.70399999999995,8.500000000104038,5.500000000049543
Abando,N/A,N4731925117,"(43.2661842, -2.9329433)",433.928,6.000000000143668,0.5000000000544986
Abando,N/A,W28211432,"(43.26554608054959, -2.93803822151696)",466.457,6.000000000118902,14.000000000074312
Abando,N/A,W44016098,"(43.261229928011566, -2.929048100639934)",559.13,11.00000000011396,0.5000000000346887
