territory,building_type,osmid,coord,distance,rise,fall
Errekalde,N/A,N5056183351,"(43.251483, -2.9359224)",200.40300000000002,5.50000000000496,7.435119186993688e-11
Ibaiondo,N/A,N11229801356,"(43.2538282, -2.9319814)",476.452,19.000000000143736,22.500000000104087
