territory,building_type,osmid,coord,distance,rise,fall
Otxarkoaga-Txurdinaga,N/A,N4060532216,"(43.2579448, -2.9067392)",283.246,5.500000000064432,11.999999999970271
Otxarkoaga-Txurdinaga,N/A,W235157481,"(43.25672274935615, -2.9070052667191253)",353.307,0.0,12.999999999925663
Otxarkoaga-Txurdinaga,N/A,N4060532220,"(43.2594633, -2.9000251)",473.20100000000014,26.50000000005454,6.999999999935611
Otxarkoaga-Txurdinaga,N/A,W164512079,"(43.25788389565486, -2.8988002094288414)",619.4280000000001,24.50000000004465,27.000000000089244
Otxarkoaga-Txurdinaga,N/A,W164510985,"(43.257638496193636, -2.898318280368446)",724.1600000000001,29.500000000123947,27.000000000089244
Otxarkoaga-Txurdinaga,N/A,N4060532217,"(43.2581194, -2.8980592)",800.4950000000001,29.50000000012396,27.00000000008926
