territory,building_type,osmid,coord,distance,rise,fall
Deusto,amenity_place_of_worship,W70038638,"(43.285056100487196, -2.965406009084892)",690.437,9.50000000009404,10.000000000034655
Basurtu-Zorrotza,amenity_police,W368598943,"(43.282340484756865, -2.969394480493147)",6784.302,50.0000000002476,57.50000000021792
