territory,building_type,osmid,coord,distance,rise,fall
Errekalde,N/A,N9607455457,"(43.252218, -2.9481901)",561.185,40.00000000015369,18.5000000000843
