territory,building_type,osmid,coord,distance,rise,fall
Otxarkoaga-Txurdinaga,railway_subway_entrance,N4060532218,"(43.2586896, -2.8998266)",278.517,0.0,24.99999999992569
Otxarkoaga-Txurdinaga,railway_subway_entrance,N4060532220,"(43.2594633, -2.9000251)",307.277,2.000000000009905,18.4999999999455
Otxarkoaga-Txurdinaga,amenity_place_of_worship,W298482555,"(43.25976765777735, -2.9001967277689698)",327.219,2.842170943040401e-14,16.49999999993564
Otxarkoaga-Txurdinaga,railway_subway_entrance,N4060532211,"(43.2586152, -2.899233)",348.19399999999996,2.842170943040401e-14,24.99999999992569
Otxarkoaga-Txurdinaga,amenity_school,W201671663,"(43.25887864816436, -2.9013276240376737)",375.82399999999996,6.4999999999554205,18.4999999999455
Otxarkoaga-Txurdinaga,railway_subway_entrance,N4060532217,"(43.2581194, -2.8980592)",388.42499999999995,0.49999999999511147,34.000000000014936
Otxarkoaga-Txurdinaga,amenity_community_centre,N10539847381,"(43.2604388, -2.9011188)",413.10299999999995,13.500000000044636,16.000000000034746
Otxarkoaga-Txurdinaga,amenity_police,N4142321404,"(43.257488, -2.8986357)",445.93600000000004,1.4210854715202004e-14,38.500000000099135
Otxarkoaga-Txurdinaga,amenity_community_centre,W164512079,"(43.25788389565486, -2.898800209428842)",445.93600000000004,1.4210854715202004e-14,38.500000000099135
