territory,building_type,osmid,coord,distance,rise,fall
Errekalde,amenity_school,W389713153,"(43.245199613671275, -2.9490884363509653)",599.313,20.50000000013388,22.000000000024798
Errekalde,amenity_school,W138709160,"(43.2507197898228, -2.945235337346584)",703.429,19.500000000178503,70.00000000015868
