territory,building_type,osmid,coord,distance,rise,fall
Ibaiondo,N/A,W41525574,"(43.25771234249542, -2.9221397271902023)",436.83099999999996,0.5000000000297362,33.50000000002974
Ibaiondo,N/A,W108497734,"(43.25874273518262, -2.9247747311690637)",492.889,0.0,36.99999999997523
Ibaiondo,N/A,W485363913,"(43.25997684824978, -2.9220146785419328)",493.02599999999995,0.5000000000099121,33.49999999997523
Ibaiondo,N/A,W420558992,"(43.256988569906525, -2.92040166742721)",626.876,14.000000000019828,33.50000000002974
