territory,building_type,osmid,coord,distance,rise,fall
Otxarkoaga-Txurdinaga,N/A,N4060532216,"(43.2579448, -2.9067392)",429.2819999999999,2.842170943040401e-14,27.499999999975245
Otxarkoaga-Txurdinaga,N/A,N4060532220,"(43.2594633, -2.9000251)",452.86300000000006,8.500000000049596,10.000000000000043
Otxarkoaga-Txurdinaga,N/A,W235157481,"(43.25672274935615, -2.9070052667191253)",558.6159999999999,2.842170943040401e-14,33.99999999999507
Otxarkoaga-Txurdinaga,N/A,W164512079,"(43.25788389565486, -2.8988002094288414)",599.09,6.500000000039705,30.000000000153676
Otxarkoaga-Txurdinaga,N/A,W164510985,"(43.257638496193636, -2.898318280368446)",703.822,11.500000000119002,30.000000000153676
Otxarkoaga-Txurdinaga,N/A,N4060532217,"(43.2581194, -2.8980592)",780.157,11.500000000119016,30.00000000015369
