territory,building_type,osmid,coord,distance,rise,fall
Abando,N/A,N4731925117,"(43.2661842, -2.9329433)",106.132,0.0,0.4999999999801865
Abando,N/A,W41688628,"(43.26399354682828, -2.9308926528671213)",391.553,7.500000000079275,6.000000000064407
Abando,N/A,N1271964866,"(43.2645212, -2.9345677)",396.17,0.5000000000544951,3.0000000000594476
Abando,N/A,W28211432,"(43.26554608054959, -2.93803822151696)",580.809,9.915623877532198e-12,14.000000000034682
