territory,building_type,osmid,coord,distance,rise,fall
Ibaiondo,amenity_school,W185284035,"(43.244405788428594, -2.9251938625874043)",164.524,7.000000000019835,13.000000000059504
Ibaiondo,building_train_station,W453719236,"(43.24045334541864, -2.924084942378229)",355.57000000000005,11.500000000000009,6.500000000064469
Ibaiondo,amenity_school,W185282998,"(43.2405881821674, -2.921607513021208)",531.0120000000001,6.500000000000002,12.500000000069425
