territory,building_type,osmid,coord,distance,rise,fall
Begona,N/A,W305622069,"(43.25019552887615, -2.9072914369528084)",724.5450000000001,11.499999999995055,27.99999999999011
