territory,building_type,osmid,coord,distance,rise,fall
Otxarkoaga-Txurdinaga,railway_subway_entrance,N4060532218,"(43.2586896, -2.8998266)",317.94599999999997,0.0,25.499999999920732
Otxarkoaga-Txurdinaga,railway_subway_entrance,N4060532220,"(43.2594633, -2.9000251)",346.706,2.000000000009905,18.999999999940542
Otxarkoaga-Txurdinaga,amenity_place_of_worship,W298482555,"(43.25976765777735, -2.9001967277689698)",360.09200000000004,4.263256414560601e-14,16.999999999930694
Otxarkoaga-Txurdinaga,railway_subway_entrance,N4060532211,"(43.2586152, -2.899233)",387.62300000000005,2.842170943040401e-14,25.499999999920732
Otxarkoaga-Txurdinaga,amenity_school,W201671663,"(43.25887864816436, -2.9013276240376737)",415.25300000000004,6.4999999999554205,18.999999999940542
Otxarkoaga-Txurdinaga,railway_subway_entrance,N4060532217,"(43.2581194, -2.8980592)",427.854,0.49999999999511147,34.500000000009976
Otxarkoaga-Txurdinaga,amenity_community_centre,N10539847381,"(43.2604388, -2.9011188)",436.98599999999993,13.500000000044622,16.50000000002977
Otxarkoaga-Txurdinaga,amenity_police,N4142321404,"(43.257488, -2.8986357)",485.365,1.4210854715202004e-14,39.000000000094175
Otxarkoaga-Txurdinaga,amenity_community_centre,W164512079,"(43.25788389565486, -2.898800209428842)",485.365,1.4210854715202004e-14,39.000000000094175
