territory,building_type,osmid,coord,distance,rise,fall
Uribarri,N/A,N5056353256,"(43.2689626, -2.9250581)",434.138,12.0000000000149,74.50000000001491
Uribarri,N/A,W123440604,"(43.26872494896904, -2.9260301349397224)",595.7320000000001,19.000000000019856,87.5000000000149
Uribarri,N/A,N9607363904,"(43.2682033, -2.9265437)",659.5930000000001,19.000000000019856,92.49999999999508
Uribarri,N/A,W123440625,"(43.27407575044531, -2.920164432463072)",1353.6630000000005,144.00000000016337,0.0
