territory,building_type,osmid,coord,distance,rise,fall
Errekalde,N/A,W111740255,"(43.25465516232398, -2.943640524057168)",302.44999999999993,4.500000000069377,6.00000000012885
Abando,N/A,N5056379164,"(43.2581887, -2.9459426)",310.912,2.999999999999993,2.500000000039634
Errekalde,N/A,N5056184623,"(43.2568371, -2.9396557)",379.438,3.5000000000247837,0.5000000000198241
