territory,building_type,osmid,coord,distance,rise,fall
Abando,N/A,N3207631929,"(43.2618877, -2.9308223)",121.941,2.500000000029729,0.0
Abando,N/A,W108504682,"(43.26150873360247, -2.9323193974511943)",237.349,2.500000000029729,0.999999999980183
Abando,N/A,N1271964866,"(43.2645212, -2.9345677)",255.461,3.500000000064407,5.500000000024777
Abando,N/A,W41688628,"(43.26399354682828, -2.9308926528671213)",321.827,7.00000000013376,5.000000000074309
Abando,N/A,W44016098,"(43.261229928011566, -2.929048100639934)",440.45500000000004,5.500000000089187,0.5000000000346887
Abando,N/A,W28776478,"(43.259963913422865, -2.9284384320288925)",511.867,5.500000000089187,5.000000000064418
Abando,N/A,W96337695,"(43.25973970175266, -2.9371151663607047)",527.231,8.500000000104034,11.000000000074312
Abando,N/A,N4731925117,"(43.2661842, -2.9329433)",552.6030000000001,6.000000000143668,6.000000000079272
