territory,building_type,osmid,coord,distance,rise,fall
Otxarkoaga-Txurdinaga,N/A,N4060532217,"(43.2581194, -2.8980592)",136.77100000000002,2.842170943040401e-14,21.000000000064446
Otxarkoaga-Txurdinaga,N/A,W164510985,"(43.257638496193636, -2.898318280368446)",197.076,4.263256414560601e-14,21.00000000006446
Otxarkoaga-Txurdinaga,N/A,W164512079,"(43.25788389565486, -2.8988002094288414)",301.808,4.263256414560601e-14,26.000000000143757
Otxarkoaga-Txurdinaga,N/A,N4060532220,"(43.2594633, -2.9000251)",381.723,10.000000000054513,14.000000000034703
