territory,building_type,osmid,coord,distance,rise,fall
Basurtu-Zorrotza,N/A,N5056200430,"(43.2613693, -2.9628267)",227.54399999999998,11.999999999999972,35.500000000084185
Basurtu-Zorrotza,N/A,W163196945,"(43.26546103784467, -2.9606482549113027)",1727.1059999999998,57.50000000009914,185.5000000001437
