territory,building_type,osmid,coord,distance,rise,fall
Otxarkoaga-Txurdinaga,N/A,N4060532220,"(43.2594633, -2.9000251)",466.4130000000001,14.499999999985178,15.999999999935639
Otxarkoaga-Txurdinaga,N/A,N4060532216,"(43.2579448, -2.9067392)",492.15199999999993,4.263256414560601e-14,27.499999999975273
Otxarkoaga-Txurdinaga,N/A,W164512079,"(43.25788389565486, -2.8988002094288414)",612.6400000000001,12.499999999975287,36.00000000008927
Otxarkoaga-Txurdinaga,N/A,W235157481,"(43.25672274935615, -2.9070052667191253)",621.4859999999999,4.263256414560601e-14,33.9999999999951
Otxarkoaga-Txurdinaga,N/A,W164510985,"(43.257638496193636, -2.898318280368446)",717.3720000000001,17.500000000054584,36.00000000008927
Otxarkoaga-Txurdinaga,N/A,N4060532217,"(43.2581194, -2.8980592)",793.7070000000001,17.500000000054598,36.00000000008929
