territory,building_type,osmid,coord,distance,rise,fall
,amenity_school,W366043794,"(43.279343628497756, -2.9411614017314194)",393.255,0,46.00000000013867
