territory,building_type,osmid,coord,distance,rise,fall
Uribarri,N/A,W48045715,"(43.26461925000001, -2.912653900000001)",602.3349999999998,21.000000000227885,127.5000000003319
Uribarri,N/A,N5056355015,"(43.2646852, -2.9126594)",602.3349999999998,21.000000000227885,127.5000000003319
