territory,building_type,osmid,coord,distance,rise,fall
Deusto,N/A,W185205688,"(43.26864835487923, -2.947859768119749)",424.13999999999993,1.0000000000742926,8.500000000034667
Deusto,N/A,N4254043797,"(43.2711694, -2.94695)",592.727,10.500000000044576,0.0
Deusto,N/A,W185205681,"(43.27236008339459, -2.9507221366997642)",656.77,33.5,1.0000000000049454
