territory,building_type,osmid,coord,distance,rise,fall
Uribarri,N/A,N4508853267,"(43.2655628, -2.9205809)",222.70600000000002,0.0,14.500000000014865
Uribarri,N/A,N5056356248,"(43.2663985, -2.918579)",252.42899999999997,16.00000000003965,1.9999999999554205
Uribarri,N/A,N4060532227,"(43.2648784, -2.9149249)",359.125,15.499999999985143,2.5000000000049525
Uribarri,N/A,W248634544,"(43.26459250062579, -2.9231745754982787)",438.024,0.0,30.499999999990095
