territory,building_type,osmid,coord,distance,rise,fall
Uribarri,N/A,W48045715,"(43.26461925000001, -2.912653900000001)",177.61599999999999,18.999999999940563,0.0
Uribarri,N/A,N5056355015,"(43.2646852, -2.9126594)",177.61599999999999,18.999999999940563,0.0
Uribarri,N/A,N4060532227,"(43.2648784, -2.9149249)",181.36700000000002,3.4999999999752447,3.4999999999752376
Uribarri,N/A,N5056356248,"(43.2663985, -2.918579)",563.3660000000001,15.500000000084235,14.49999999998019
