territory,building_type,osmid,coord,distance,rise,fall
Abando,N/A,N5056379164,"(43.2581887, -2.9459426)",317.402,2.500000000044615,8.50000000010408
Errekalde,N/A,W111740255,"(43.25465516232398, -2.943640524057168)",362.15199999999993,3.000000000019824,11.00000000009912
Errekalde,N/A,N9607455457,"(43.252218, -2.9481901)",575.206,33.00000000005949,1.000000000034703
Basurtu-Zorrotza,N/A,N9607467466,"(43.2589548, -2.9488089)",647.594,7.500000000059472,16.000000000074337
