territory,building_type,osmid,coord,distance,rise,fall
Errekalde,N/A,N9607455457,"(43.252218, -2.9481901)",289.706,19.500000000054527,59.500000000109054
Errekalde,N/A,W301165234,"(43.24714070207488, -2.9509802354261194)",523.2259999999999,69.9999999999802,60.50000000004465
