territory,building_type,osmid,coord,distance,rise,fall
Uribarri,N/A,N5056356248,"(43.2663985, -2.918579)",408.72399999999993,31.500000000009905,19.499999999900922
Uribarri,N/A,N4508853267,"(43.2655628, -2.9205809)",430.02399999999994,9.999999999985157,26.499999999975266
Uribarri,N/A,N5056353256,"(43.2689626, -2.9250581)",438.5030000000001,31.99999999998515,55.499999999955435
Uribarri,N/A,W248634544,"(43.26459250062579, -2.9231745754982787)",494.329,1.4210854715202004e-14,32.499999999965354
Uribarri,N/A,W123440604,"(43.26872494896904, -2.9260301349397224)",558.7130000000001,4.0000000000148574,33.49999999998019
Uribarri,N/A,N9607363904,"(43.2682033, -2.9265437)",574.075,0.0,34.499999999945516
