territory,building_type,osmid,coord,distance,rise,fall
Uribarri,N/A,W48045715,"(43.26461925000001, -2.912653900000001)",491.153,30.50000000005943,78.00000000018822
Uribarri,N/A,N5056355015,"(43.2646852, -2.9126594)",491.153,30.50000000005943,78.00000000018822
Uribarri,N/A,N4060532227,"(43.2648784, -2.9149249)",724.7729999999999,37.500000000138705,104.00000000020805
