territory,building_type,osmid,coord,distance,rise,fall
Otxarkoaga-Txurdinaga,amenity_school,W298580885,"(43.252145781885545, -2.9041002912407294)",72.571,1.5000000000049454,0.0
Otxarkoaga-Txurdinaga,amenity_school,W185282109,"(43.25366521738261, -2.906609666855828)",496.66700000000003,8.00000000001986,17.000000000059515
Otxarkoaga-Txurdinaga,amenity_school,W185282107,"(43.25387952593527, -2.9081157892491385)",593.342,12.500000000000007,19.000000000000007
Otxarkoaga-Txurdinaga,amenity_police,W622325546,"(43.25530218844108, -2.9063156895208095)",670.0590000000001,25.500000000099142,22.000000000104087
Otxarkoaga-Txurdinaga,amenity_police,W622325547,"(43.255334209706184, -2.906310598872137)",670.0590000000001,25.500000000099142,22.000000000104087
