territory,building_type,osmid,coord,distance,rise,fall
Errekalde,N/A,N5056184623,"(43.2568371, -2.9396557)",124.31,2.0000000000148646,0.5000000000396341
Errekalde,N/A,W111740255,"(43.25465516232398, -2.943640524057168)",430.188,3.5000000000346887,6.50000000012389
Abando,N/A,W96337695,"(43.25973970175266, -2.9371151663607047)",784.18,2.000000000054513,15.500000000074337
