territory,building_type,osmid,coord,distance,rise,fall
Uribarri,railway_subway_entrance,N5318330528,"(43.2741801, -2.9200627)",0.0,0.0,0.0
Uribarri,building_train_station,W123440625,"(43.274075750445306, -2.920164432463072)",0.0,0.0,0.0
,amenity_school,W162448171,"(43.274472044140566, -2.919543897158748)",75.59700000000001,5.500000000005002,0.0
Uribarri,building_public,W162445376,"(43.273080655467695, -2.9178267306692462)",251.323,5.500000000005002,1.5000000001386695
Uribarri,amenity_place_of_worship,N10646887705,"(43.2737192, -2.9192088)",804.899,5.500000000005059,6.500000000005002
Uribarri,building_public,W162445381,"(43.27320069223098, -2.9188288684242503)",804.899,5.500000000005059,6.500000000005002
Uribarri,building_public,W162445382,"(43.27365287653539, -2.918721467738693)",804.899,5.500000000005059,6.500000000005002
