territory,building_type,osmid,coord,distance,rise,fall
Ibaiondo,N/A,W375390416,"(43.25296603590128, -2.923187807157419)",340.54900000000004,5.999999999985125,7.500000000029733
Ibaiondo,N/A,W376396126,"(43.25272399169551, -2.925878746109151)",1096.7549999999999,29.50000000001488,23.500000000099142
