territory,building_type,osmid,coord,distance,rise,fall
Ibaiondo,N/A,W485363913,"(43.25997684824978, -2.9220146785419328)",651.358,0.5000000000099121,37.49999999997028
Ibaiondo,N/A,W420558992,"(43.256988569906525, -2.92040166742721)",785.2079999999999,14.000000000019828,37.500000000024784
