territory,building_type,osmid,coord,distance,rise,fall
Errekalde,N/A,W301165234,"(43.24714070207488, -2.9509802354261194)",294.85799999999995,31.49999999997523,8.4999999999703
Errekalde,N/A,N9607455457,"(43.252218, -2.9481901)",536.527,22.50000000002977,49.00000000001492
