territory,building_type,osmid,coord,distance,rise,fall
Begona,amenity_school,W419249921,"(43.247898820477886, -2.9140790959457936)",196.94400000000002,2.5000000000297504,0.5000000000842846
Begona,tourism_hostel,R6809489,"(43.246643762497214, -2.90992181556658)",205.083,0.0,5.000000000044622
Begona,amenity_school,W302871940,"(43.24857120737572, -2.9140678663974113)",283.567,1.9999999999454587,2.000000000054513
Begona,railway_subway_entrance,N506170042,"(43.2506056, -2.9114436)",442.387,19.999999999985135,1.5000000000396767
Begona,railway_subway_entrance,N506170049,"(43.2507365, -2.9105707)",556.95,22.999999999945487,4.499999999995069
Begona,amenity_school,W178937537,"(43.25131112995326, -2.9102872678264795)",575.6610000000001,22.999999999945487,1.5000000000396767
Begona,building_train_station,W262197081,"(43.24721948941041, -2.905694544078832)",603.922,0.0,19.500000000079325
Begona,railway_subway_entrance,N5923164463,"(43.2470897, -2.9058799)",610.737,7.105427357601002e-15,19.000000000064453
Begona,building_train_station,W627458976,"(43.24700044461815, -2.9057383069873937)",610.737,7.105427357601002e-15,19.000000000064453
