territory,building_type,osmid,coord,distance,rise,fall
Basurtu-Zorrotza,N/A,N5056200430,"(43.2613693, -2.9628267)",346.91900000000004,64.99999999990094,9.499999999915815
Basurtu-Zorrotza,N/A,W163196945,"(43.26546103784467, -2.9606482549113027)",1237.9279999999997,48.00000000018333,97.00000000015856
