territory,building_type,osmid,coord,distance,rise,fall
Ibaiondo,N/A,W41525574,"(43.25771234249542, -2.9221397271902023)",377.429,13.499999999940549,20.999999999995058
Ibaiondo,N/A,W108497734,"(43.25874273518262, -2.9247747311690637)",433.487,12.999999999910813,24.499999999940545
Ibaiondo,N/A,W485363913,"(43.25997684824978, -2.9220146785419328)",433.6239999999999,13.499999999920725,20.99999999994055
Ibaiondo,N/A,W420558992,"(43.256988569906525, -2.92040166742721)",567.4739999999999,26.99999999993064,20.999999999995058
Abando,N/A,W44113519,"(43.25993749738077, -2.9264652360563534)",869.785,29.999999999940542,36.50000000000001
