territory,building_type,osmid,coord,distance,rise,fall
Uribarri,N/A,N4060532227,"(43.2648784, -2.9149249)",237.45700000000002,3.4999999999752376,6.000000000074316
Uribarri,N/A,W48045715,"(43.26461925000001, -2.912653900000001)",282.745,18.999999999940563,2.500000000099085
Uribarri,N/A,N5056355015,"(43.2646852, -2.9126594)",282.745,18.999999999940563,2.500000000099085
Uribarri,N/A,N5056356248,"(43.2663985, -2.918579)",619.4560000000001,15.500000000084228,17.000000000079268
Uribarri,N/A,N4508853267,"(43.2655628, -2.9205809)",737.2539999999999,6.000000000064411,36.00000000015854
