territory,building_type,osmid,coord,distance,rise,fall
Uribarri,N/A,N5056356248,"(43.2663985, -2.918579)",228.35299999999998,6.0000000000247695,15.999999999905867
Uribarri,N/A,N4508853267,"(43.2655628, -2.9205809)",362.157,0.0,38.49999999998019
Uribarri,N/A,N5056353256,"(43.2689626, -2.9250581)",684.4989999999999,26.50000000005449,72.00000000001485
