territory,building_type,osmid,coord,distance,rise,fall
Uribarri,N/A,W48045715,"(43.26461925000001, -2.912653900000001)",247.815,2.842170943040401e-14,44.00000000015855
Uribarri,N/A,N5056355015,"(43.2646852, -2.9126594)",247.815,2.842170943040401e-14,44.00000000015855
Uribarri,N/A,N4060532227,"(43.2648784, -2.9149249)",481.435,7.000000000079304,70.00000000017837
