territory,building_type,osmid,coord,distance,rise,fall
Errekalde,amenity_school,W138709160,"(43.2507197898228, -2.945235337346584)",229.59699999999998,5.454126039694529e-11,2.49999999998019
Errekalde,amenity_school,W302863499,"(43.249161518689874, -2.9419338912957236)",250.07700000000003,21.500000000054527,3.966249551012879e-11
Errekalde,amenity_community_centre,N4896680970,"(43.2536856, -2.9454718)",490.684,2.5000000000297504,8.999999999980183
Errekalde,amenity_school,W151417160,"(43.24855327383859, -2.941124341036385)",695.4259999999999,42.99999999996032,17.999999999920675
Errekalde,amenity_school,W331883965,"(43.25126608491348, -2.9388108819696117)",789.8519999999999,21.49999999998513,24.499999999965304
