territory,building_type,osmid,coord,distance,rise,fall
Ibaiondo,N/A,W397099000,"(43.24088752072248, -2.9244925413981497)",147.865,8.000000000019838,25.500000000019835
