territory,building_type,osmid,coord,distance,rise,fall
Otxarkoaga-Txurdinaga,N/A,W235157481,"(43.25672274935615, -2.9070052667191253)",362.70500000000004,8.000000000024784,7.99999999998515
Otxarkoaga-Txurdinaga,N/A,N4060532216,"(43.2579448, -2.9067392)",467.2410000000001,14.500000000044622,7.999999999985164
Begona,N/A,N5056328910,"(43.2541211, -2.9149326)",644.1400000000001,8.499999999995069,8.99999999996534
