territory,building_type,osmid,coord,distance,rise,fall
Deusto,amenity_school,W185282136,"(43.27572418887909, -2.948857870940447)",344.605,3.500000000049525,24.00000000011886
Deusto,amenity_place_of_worship,N707156296,"(43.274857, -2.9480119)",398.17900000000003,3.500000000049525,29.00000000001984
