territory,building_type,osmid,coord,distance,rise,fall
Uribarri,N/A,N5056353256,"(43.2689626, -2.9250581)",337.39900000000006,17.50000000003468,58.00000000004458
Uribarri,N/A,W123440604,"(43.26872494896904, -2.9260301349397224)",531.154,44.500000000064404,91.00000000006935
Uribarri,N/A,N9607363904,"(43.2682033, -2.9265437)",595.015,44.500000000064404,96.00000000004954
