territory,building_type,osmid,coord,distance,rise,fall
Uribarri,N/A,W48045715,"(43.26461925000001, -2.912653900000001)",481.129,14.500000000014865,67.500000000213
Uribarri,N/A,N5056355015,"(43.2646852, -2.9126594)",481.129,14.500000000014865,67.500000000213
Uribarri,N/A,N4060532227,"(43.2648784, -2.9149249)",714.749,21.50000000009414,93.50000000023283
