territory,building_type,osmid,coord,distance,rise,fall
Abando,N/A,N4762096882,"(43.2634, -2.9433546)",276.46400000000006,8.500000000059451,6.000000000064404
Abando,N/A,N4761972760,"(43.2642641, -2.9429738)",295.196,8.999999999999998,10.500000000034676
Abando,N/A,W28211432,"(43.26554608054959, -2.93803822151696)",458.93600000000004,14.000000000089168,22.00000000010403
Abando,N/A,W96337695,"(43.25973970175266, -2.9371151663607047)",775.4719999999999,9.499999999995037,6.499999999999993
