territory,building_type,osmid,coord,distance,rise,fall
Errekalde,N/A,N9607455457,"(43.252218, -2.9481901)",30.914,0.0,0.0
Errekalde,N/A,W111740255,"(43.25465516232398, -2.943640524057168)",696.4369999999999,4.959588295605499e-12,40.00000000010904
