territory,building_type,osmid,coord,distance,rise,fall
Abando,N/A,N5056379164,"(43.2581887, -2.9459426)",178.17,0.4999999999653184,2.0000000000148646
Basurtu-Zorrotza,N/A,N9607467466,"(43.2589548, -2.9488089)",329.55600000000004,1.500000000000007,5.5000000000049525
Errekalde,N/A,W111740255,"(43.25465516232398, -2.943640524057168)",576.2819999999999,9.000000000019831,12.500000000089209
Basurtu-Zorrotza,N/A,W632988668,"(43.26125499964527, -2.950015396409132)",850.408,11.499999999985164,21.999999999990113
