territory,building_type,osmid,coord,distance,rise,fall
Errekalde,amenity_place_of_worship,W891085786,"(43.24306962047523, -2.9489897404357173)",513.471,5.999999999940542,16.500000000039734
