territory,building_type,osmid,coord,distance,rise,fall
Abando,N/A,N4761972760,"(43.2642641, -2.9429738)",174.93200000000002,3.999999999925695,3.552713678800501e-15
Abando,N/A,N4762096882,"(43.2634, -2.9433546)",299.432,7.9999999999554205,3.552713678800501e-15
Abando,N/A,W171882527,"(43.26787786483111, -2.940565564584242)",316.748,4.956923760346399e-12,16.50000000003468
Abando,N/A,N518227646,"(43.2661789, -2.9463066)",424.264,2.999999999900922,15.999999999970274
Abando,N/A,W28211432,"(43.26554608054959, -2.93803822151696)",456.352,6.000000000039634,8.500000000094126
