territory,building_type,osmid,coord,distance,rise,fall
Deusto,N/A,W185205681,"(43.27236008339459, -2.9507221366997642)",703.9300000000001,7.500000000019803,55.499999999935625
Deusto,N/A,N4254043797,"(43.2711694, -2.94695)",861.7559999999999,16.000000000153495,86.0000000000198
