territory,building_type,osmid,coord,distance,rise,fall
Errekalde,amenity_school,W388280876,"(43.25316084419019, -2.9493565790141965)",956.6210000000001,69.5000000000694,143.00000000005457
Basurtu-Zorrotza,amenity_police,W408633232,"(43.2565796201018, -2.9493267089254327)",1322.8659999999998,7.9999999999702425,100.49999999999504
