territory,building_type,osmid,coord,distance,rise,fall
Deusto,amenity_place_of_worship,W41880844,"(43.27554714351943, -2.9561012625662673)",77.81700000000001,1.5000000000247695,0.0
Deusto,railway_subway_entrance,N5299547436,"(43.2744156, -2.958025)",164.53799999999998,3.552713678800501e-15,9.999999999990091
Deusto,amenity_school,W46974419,"(43.275085230498796, -2.955713804783979)",183.823,4.50000000000496,0.0
Deusto,building_train_station,W378437650,"(43.27456673055102, -2.9582315021641943)",221.68499999999997,1.0658141036401503e-14,12.999999999995048
Deusto,amenity_library,N600664788,"(43.2774399, -2.958159)",325.701,0.9999999999950546,18.499999999995044
Deusto,amenity_police,W185205676,"(43.2730320456833, -2.9532225738516544)",449.29,5.499999999990095,4.9999999999851354
Deusto,amenity_place_of_worship,W290069948,"(43.278611434588655, -2.959284696139327)",492.291,0.9999999999950546,23.499999999955442
Deusto,tourism_museum,N11641427626,"(43.2783396, -2.9604649)",526.792,1.5000000000247589,26.500000000009898
Deusto,amenity_theatre,N10315485009,"(43.2718672, -2.9532544)",622.88,5.500000000024766,15.000000000014854
