territory,building_type,osmid,coord,distance,rise,fall
Deusto,N/A,N4254043797,"(43.2711694, -2.94695)",158.35500000000002,8.000000000034667,0.5000000000297149
Deusto,N/A,W185205688,"(43.26864835487923, -2.947859768119749)",339.687,1.5000000000445795,12.000000000044578
Deusto,N/A,N5056437799,"(43.2691029, -2.9449199)",464.3690000000001,3.5000000000396234,13.000000000069338
Deusto,N/A,W185205681,"(43.27236008339459, -2.9507221366997642)",636.0530000000001,30.999999999970292,1.5000000000148574
