territory,building_type,osmid,coord,distance,rise,fall
Errekalde,N/A,W41415573,"(43.24640784978145, -2.937495477469789)",463.65,11.500000000054541,13.500000000133866
Errekalde,N/A,N5056183351,"(43.251483, -2.9359224)",592.5140000000001,10.499999999925649,20.999999999965297
