territory,building_type,osmid,coord,distance,rise,fall
Uribarri,N/A,W123440604,"(43.26872494896904, -2.9260301349397224)",1045.169,50.49999999985644,94.49999999992082
Uribarri,N/A,N9607363904,"(43.2682033, -2.9265437)",1109.0300000000002,50.49999999985644,99.49999999990101
