territory,building_type,osmid,coord,distance,rise,fall
Basurtu-Zorrotza,N/A,N9607467466,"(43.2589548, -2.9488089)",237.81699999999998,4.000000000000014,5.000000000014879
Basurtu-Zorrotza,N/A,W402170994,"(43.25967701277512, -2.9532145370708145)",447.5,15.499999999960352,8.000000000004945
Basurtu-Zorrotza,N/A,W163195554,"(43.262640749370476, -2.9496477508797216)",497.626,5.0000000000495675,8.500000000059487
Abando,N/A,N5056379164,"(43.2581887, -2.9459426)",500.44699999999995,8.000000000029736,6.5000000000892015
Basurtu-Zorrotza,N/A,W632988668,"(43.26125499964527, -2.950015396409132)",601.1550000000001,8.500000000049575,16.000000000064443
