territory,building_type,osmid,coord,distance,rise,fall
Abando,N/A,W108504682,"(43.26150873360247, -2.9323193974511943)",192.846,0.5000000000148646,3.5000000000544986
Abando,N/A,N1271964866,"(43.2645212, -2.9345677)",305.714,3.500000000064407,10.000000000113957
Abando,N/A,N3207631929,"(43.2618877, -2.9308223)",308.254,1.4999999999950475,3.5000000000544986
Abando,N/A,W96337695,"(43.25973970175266, -2.9371151663607047)",363.888,1.000000000009905,8.000000000069363
Abando,N/A,W44016098,"(43.261229928011566, -2.929048100639934)",471.4,5.500000000099099,5.000000000133781
Abando,N/A,W41688628,"(43.26399354682828, -2.9308926528671213)",510.23099999999994,7.00000000013376,9.500000000163489
Abando,N/A,N4731925117,"(43.2661842, -2.9329433)",602.856,6.000000000143668,10.500000000168452
