territory,building_type,osmid,coord,distance,rise,fall
Basurtu-Zorrotza,N/A,W402170994,"(43.25967701277512, -2.9532145370708145)",470.93999999999994,24.999999999955413,5.000000000009905
Basurtu-Zorrotza,N/A,W163195554,"(43.262640749370476, -2.9496477508797216)",923.9110000000001,26.499999999980204,17.50000000000002
Basurtu-Zorrotza,N/A,W632988668,"(43.26125499964527, -2.950015396409132)",1033.5850000000003,29.49999999994553,24.499999999970296
