territory,building_type,osmid,coord,distance,rise,fall
Ibaiondo,N/A,W404432093,"(43.25599232855877, -2.9282142750288136)",176.55800000000002,7.999999999990102,7.999999999970271
Ibaiondo,N/A,N11229801356,"(43.2538282, -2.9319814)",427.03,30.500000000104087,4.00000000000496
Ibaiondo,N/A,N5056088727,"(43.2562779, -2.9264049)",434.344,1.0658141036401503e-14,15.499999999985139
Ibaiondo,N/A,W376396126,"(43.25272399169551, -2.925878746109151)",701.3219999999999,20.99999999995542,25.999999999975245
Abando,N/A,W28776478,"(43.259963913422865, -2.9284384320288925)",749.052,3.0000000000198312,8.000000000000007
