territory,building_type,osmid,coord,distance,rise,fall
Basurtu-Zorrotza,N/A,N9607467466,"(43.2589548, -2.9488089)",250.66799999999998,1.499999999990095,3.9999999999752305
Abando,N/A,N5056379164,"(43.2581887, -2.9459426)",387.637,6.5000000000148646,6.500000000044601
Basurtu-Zorrotza,N/A,W402170994,"(43.25967701277512, -2.9532145370708145)",407.952,14.500000000079297,8.500000000094161
Basurtu-Zorrotza,N/A,W163195554,"(43.262640749370476, -2.9496477508797216)",542.9459999999999,5.000000000034682,10.000000000014872
Basurtu-Zorrotza,N/A,W632988668,"(43.26125499964527, -2.950015396409132)",678.8039999999999,8.500000000049567,17.500000000034706
