territory,building_type,osmid,coord,distance,rise,fall
Uribarri,N/A,N5056353256,"(43.2689626, -2.9250581)",447.4390000000001,18.99999999991583,61.49999999999508
Uribarri,N/A,W123440604,"(43.26872494896904, -2.9260301349397224)",542.253,8.000000000054495,56.50000000012879
Uribarri,N/A,N9607363904,"(43.2682033, -2.9265437)",606.114,8.000000000054495,61.50000000010898
