territory,building_type,osmid,coord,distance,rise,fall
Uribarri,N/A,W48045715,"(43.26461925000001, -2.912653900000001)",228.00300000000001,1.4210854715202004e-14,44.00000000015855
Uribarri,N/A,N5056355015,"(43.2646852, -2.9126594)",228.00300000000001,1.4210854715202004e-14,44.00000000015855
Uribarri,N/A,N4060532227,"(43.2648784, -2.9149249)",461.62300000000005,7.0000000000792895,70.00000000017837
