territory,building_type,osmid,coord,distance,rise,fall
Abando,N/A,W28211432,"(43.26554608054959, -2.93803822151696)",0.0,0.0,0.0
Abando,N/A,N1271964866,"(43.2645212, -2.9345677)",366.804,11.500000000019813,0.0
Abando,N/A,W171882527,"(43.26787786483111, -2.940565564584242)",406.73900000000003,2.5000000000643987,16.50000000003963
Abando,N/A,N4731925117,"(43.2661842, -2.9329433)",481.78099999999995,13.500000000054495,9.915623877532198e-12
Abando,N/A,N4761972760,"(43.2642641, -2.9429738)",566.821,12.500000000019817,6.000000000039634
Abando,N/A,N4762096882,"(43.2634, -2.9433546)",691.321,16.500000000049543,6.000000000039634
