territory,building_type,osmid,coord,distance,rise,fall
Uribarri,N/A,N4060532227,"(43.2648784, -2.9149249)",301.66700000000003,15.500000000108997,15.50000000010899
Uribarri,N/A,W48045715,"(43.26461925000001, -2.912653900000001)",338.287,20.50000000008918,1.5000000001486171
Uribarri,N/A,N5056355015,"(43.2646852, -2.9126594)",338.287,20.50000000008918,1.5000000001486171
Uribarri,N/A,N5056356248,"(43.2663985, -2.918579)",671.3990000000002,27.000000000113964,26.00000000000992
