territory,building_type,osmid,coord,distance,rise,fall
Begona,amenity_school,W419249921,"(43.247898820477886, -2.9140790959457936)",563.0409999999999,15.00000000015369,57.50000000026771
Begona,amenity_school,W302871940,"(43.24857120737572, -2.9140678663974113)",671.164,7.500000000109054,52.000000000277595
Begona,amenity_school,W40347954,"(43.25086874686762, -2.9168277398567413)",695.851,29.000000000218137,57.50000000030738
Begona,amenity_place_of_worship,W40111977,"(43.25102796813039, -2.916214065107912)",746.8649999999997,25.500000000178495,52.00000000031731
Begona,amenity_school,W40347964,"(43.25155120263126, -2.917310261009466)",856.071,32.00000000027762,69.00000000039165
Begona,amenity_school,W41376548,"(43.24403972070166, -2.918266302456059)",1449.3870000000002,46.000000000094225,111.50000000027268
