territory,building_type,osmid,coord,distance,rise,fall
Basurtu-Zorrotza,N/A,N9607467466,"(43.2589548, -2.9488089)",1371.4279999999999,12.500000000148702,58.00000000017842
Abando,N/A,N5056379164,"(43.2581887, -2.9459426)",1394.1000000000001,5.500000000044622,48.50000000011894
Errekalde,N/A,N9607455457,"(43.252218, -2.9481901)",1530.83,158.00000000027262,163.0000000002627
