territory,building_type,osmid,coord,distance,rise,fall
Basurtu-Zorrotza,building_public,W110382787,"(43.2776999, -2.9741186500000008)",43.961,0.0,3.5000000000049503
Basurtu-Zorrotza,amenity_place_of_worship,W300969657,"(43.27707124217174, -2.9740794720992434)",51.914,8.881784197001252e-16,8.881784197001252e-16
Basurtu-Zorrotza,amenity_community_centre,N3066705390,"(43.277338, -2.9746744)",185.187,8.881784197001252e-16,2.999999999970294
Basurtu-Zorrotza,amenity_library,N11229807742,"(43.2774341, -2.9749112)",185.187,8.881784197001252e-16,2.999999999970294
Basurtu-Zorrotza,building_public,W110382852,"(43.27811346878365, -2.974880436617395)",185.187,8.881784197001252e-16,2.999999999970294
Basurtu-Zorrotza,building_train_station,W771882864,"(43.27774409144363, -2.972288289329312)",229.30700000000002,1.000000000004952,2.499999999995049
Basurtu-Zorrotza,amenity_community_centre,N6983084986,"(43.2739283, -2.9746927)",418.028,10.500000000019806,6.500000000019809
Basurtu-Zorrotza,amenity_school,W251096861,"(43.27528361750021, -2.9705968204589417)",538.665,20.5,1.4854784069484595e-11
Basurtu-Zorrotza,amenity_school,W138646173,"(43.273658206322374, -2.9724287872498514)",556.838,26.500000000019806,8.000000000004952
