territory,building_type,osmid,coord,distance,rise,fall
Errekalde,N/A,N5056184623,"(43.2568371, -2.9396557)",49.409,2.500000000009919,0.0
Errekalde,N/A,W111740255,"(43.25465516232398, -2.943640524057168)",565.8119999999999,9.000000000099114,11.000000000153626
Abando,N/A,W96337695,"(43.25973970175266, -2.9371151663607047)",625.915,2.4999999999950546,14.99999999998019
