territory,building_type,osmid,coord,distance,rise,fall
Otxarkoaga-Txurdinaga,amenity_community_centre,W386847400,"(43.26560640049439, -2.906940411091095)",826.211,28.000000000069377,74.00000000013873
Uribarri,amenity_school,W48052362,"(43.26640023315709, -2.9103926848917308)",1454.9350000000002,65.50000000022786,186.00000000042604
