territory,building_type,osmid,coord,distance,rise,fall
Uribarri,N/A,N4060532227,"(43.2648784, -2.9149249)",466.6000000000001,18.999999999955463,18.500000000024812
Uribarri,N/A,W48045715,"(43.26461925000001, -2.912653900000001)",568.785,29.00000000000498,9.500000000133774
Uribarri,N/A,N5056355015,"(43.2646852, -2.9126594)",568.785,29.00000000000498,9.500000000133774
