territory,building_type,osmid,coord,distance,rise,fall
Deusto,amenity_place_of_worship,W70038638,"(43.285056100487196, -2.965406009084892)",0.0,0.0,0.0
Deusto,railway_subway_entrance,N571803300,"(43.2814585, -2.9629953)",590.1970000000001,4.999999999980199,6.50000000000495
Deusto,railway_subway_entrance,N571803302,"(43.2813449, -2.9626287)",631.9250000000001,4.9999999999802,6.500000000004951
Deusto,amenity_school,W289130979,"(43.28275835370616, -2.961325319808084)",632.2880000000001,10.999999999970301,6.500000000004949
Deusto,railway_subway_entrance,N571803301,"(43.2814367, -2.9624547)",646.7780000000001,6.99999999999505,6.50000000000495
Deusto,amenity_library,N10308519810,"(43.2812493, -2.9624445)",647.0740000000001,4.999999999980201,6.500000000004951
Basurtu-Zorrotza,amenity_police,W368598943,"(43.282340484756865, -2.969394480493147)",6410.988,58.50000000027732,65.50000000030703
