territory,building_type,osmid,coord,distance,rise,fall
Abando,N/A,N518227646,"(43.2661789, -2.9463066)",597.362,6.500000000049536,17.000000000034674
Basurtu-Zorrotza,N/A,W163195554,"(43.262640749370476, -2.9496477508797216)",687.1799999999998,26.000000000074305,7.50000000003468
Basurtu-Zorrotza,N/A,W632988668,"(43.26125499964527, -2.950015396409132)",1064.4469999999997,33.000000000064404,18.500000000029722
