territory,building_type,osmid,coord,distance,rise,fall
Otxarkoaga-Txurdinaga,N/A,N4060532220,"(43.2594633, -2.9000251)",306.404,21.000000000059444,10.500000000024755
Otxarkoaga-Txurdinaga,N/A,W164512079,"(43.25788389565486, -2.8988002094288414)",446.67900000000003,12.500000000069377,24.000000000198213
Otxarkoaga-Txurdinaga,N/A,W164510985,"(43.257638496193636, -2.898318280368446)",551.4110000000001,17.500000000148674,24.000000000198213
Otxarkoaga-Txurdinaga,N/A,N4060532217,"(43.2581194, -2.8980592)",627.7460000000001,17.500000000148688,24.000000000198227
Otxarkoaga-Txurdinaga,N/A,N4060532216,"(43.2579448, -2.9067392)",701.942,18.999999999995055,34.499999999985135
