territory,building_type,osmid,coord,distance,rise,fall
Deusto,amenity_school,W185282136,"(43.27572418887909, -2.948857870940447)",812.804,10.000000000143629,85.50000000019811
,amenity_school,W366043794,"(43.279343628497756, -2.9411614017314194)",2018.567,72.00000000000996,105.00000000001991
