territory,building_type,osmid,coord,distance,rise,fall
Deusto,N/A,N5056421870,"(43.2773644, -2.9587254)",455.41800000000006,12.499999999960393,2.4999999999504876
