territory,building_type,osmid,coord,distance,rise,fall
Abando,N/A,W171882527,"(43.26787786483111, -2.940565564584242)",262.634,1.9999999999851408,2.499999999960375
Abando,N/A,W28211432,"(43.26554608054959, -2.93803822151696)",318.85200000000003,16.50000000004954,3.00000000004954
Abando,N/A,N4731925117,"(43.2661842, -2.9329433)",568.745,39.50000000010402,12.500000000059446
Abando,N/A,N1271964866,"(43.2645212, -2.9345677)",588.83,27.000000000000004,1.9999999999801883
Abando,N/A,N4761972760,"(43.2642641, -2.9429738)",721.8230000000002,24.49999999999505,4.500000000014868
