territory,building_type,osmid,coord,distance,rise,fall
Uribarri,N/A,N5056356248,"(43.2663985, -2.918579)",319.58899999999994,19.999999999910855,29.999999999826642
Uribarri,N/A,N4508853267,"(43.2655628, -2.9205809)",376.144,5.499999999925691,43.99999999994057
Uribarri,N/A,W248634544,"(43.26459250062579, -2.9231745754982787)",536.639,0.0,54.49999999999011
Uribarri,N/A,N5056353256,"(43.2689626, -2.9250581)",550.2579999999999,9.5,54.999999999995055
Uribarri,N/A,W123440604,"(43.26872494896904, -2.9260301349397224)",659.579,4.0000000000148574,55.500000000004945
