territory,building_type,osmid,coord,distance,rise,fall
Uribarri,N/A,W48045715,"(43.26461925000001, -2.912653900000001)",597.287,16.500000000044565,53.000000000108955
Uribarri,N/A,N5056355015,"(43.2646852, -2.9126594)",597.287,16.500000000044565,53.000000000108955
Uribarri,N/A,N4060532227,"(43.2648784, -2.9149249)",758.1649999999998,4.499999999975209,59.999999999980155
