territory,building_type,osmid,coord,distance,rise,fall
Deusto,N/A,N5056437799,"(43.2691029, -2.9449199)",97.912,0.0,7.00000000001981
Deusto,N/A,W185205688,"(43.26864835487923, -2.947859768119749)",367.09700000000004,9.906742093335197e-12,8.0
Deusto,N/A,N4254043797,"(43.2711694, -2.94695)",451.31100000000004,10.50000000007924,0.5000000000643823
Abando,N/A,N518227646,"(43.2661789, -2.9463066)",620.063,7.500000000014861,18.500000000034674
Abando,N/A,W171882527,"(43.26787786483111, -2.940565564584242)",778.833,1.9999999999801887,16.499999999960377
