territory,building_type,osmid,coord,distance,rise,fall
Uribarri,N/A,N5056356248,"(43.2663985, -2.918579)",279.809,16.000000000049553,15.500000000039634
Uribarri,N/A,N4508853267,"(43.2655628, -2.9205809)",331.253,6.500000000000007,34.50000000008918
Uribarri,N/A,W248634544,"(43.26459250062579, -2.9231745754982787)",460.35999999999996,0.0,44.000000000064404
Uribarri,N/A,N5056353256,"(43.2689626, -2.9250581)",473.97900000000004,9.5,44.50000000006935
Uribarri,N/A,W123440604,"(43.26872494896904, -2.9260301349397224)",583.3000000000001,4.0000000000148574,45.00000000007924
Uribarri,N/A,N9607363904,"(43.2682033, -2.9265437)",598.662,0.0,46.000000000044565
