territory,building_type,osmid,coord,distance,rise,fall
Uribarri,amenity_school,W185282106,"(43.26352870570346, -2.908070959437656)",466.944,28.999999999985107,42.99999999988606
Otxarkoaga-Txurdinaga,amenity_community_centre,W386847400,"(43.26560640049439, -2.906940411091095)",607.4159999999999,50.5,26.999999999945516
Otxarkoaga-Txurdinaga,amenity_community_centre,N10539847381,"(43.2604388, -2.9011188)",672.9420000000001,0.0,62.99999999993564
Otxarkoaga-Txurdinaga,amenity_school,W201506083,"(43.261342946121154, -2.905647601969728)",886.997,15.49999999994553,90.49999999985141
Otxarkoaga-Txurdinaga,amenity_school,W201506082,"(43.262555357753975, -2.9054812365975407)",895.596,16.50000000007931,73.499999999901
Otxarkoaga-Txurdinaga,tourism_hostel,N12051758935,"(43.2600409, -2.9052972)",941.371,8.999999999945487,91.99999999986625
Otxarkoaga-Txurdinaga,amenity_school,W185282104,"(43.260141390243255, -2.9072056253542877)",1063.9180000000001,33.00000000003962,111.99999999996533
