territory,building_type,osmid,coord,distance,rise,fall
Abando,N/A,N4731925117,"(43.2661842, -2.9329433)",432.845,12.99999999998019,4.99999999998019
Abando,N/A,W41688628,"(43.26399354682828, -2.9308926528671213)",486.59099999999995,14.499999999995055,4.5
Uribarri,N/A,N9607363904,"(43.2682033, -2.9265437)",594.3330000000001,13.999999999965329,16.500000000029722
Uribarri,N/A,W123440604,"(43.26872494896904, -2.9260301349397224)",658.1940000000001,18.99999999994552,16.500000000029722
Abando,N/A,N1271964866,"(43.2645212, -2.9345677)",685.7730000000001,18.500000000044597,12.500000000069363
Uribarri,N/A,N5056353256,"(43.2689626, -2.9250581)",858.381,27.500000000004952,19.000000000094108
