territory,building_type,osmid,coord,distance,rise,fall
Ibaiondo,N/A,W108497734,"(43.25874273518262, -2.9247747311690637)",66.952,0.0,3.999999999985139
Ibaiondo,N/A,W41525574,"(43.25771234249542, -2.9221397271902023)",192.03,0.500000000009905,0.5000000000198206
Ibaiondo,N/A,W420558992,"(43.256988569906525, -2.92040166742721)",382.075,13.999999999999996,0.5000000000198206
Ibaiondo,N/A,W485363913,"(43.25997684824978, -2.9220146785419328)",418.0540000000001,11.500000000054504,11.500000000029734
Ibaiondo,N/A,N5056088727,"(43.2562779, -2.9264049)",421.205,7.500000000044601,8.50000000004956
Ibaiondo,N/A,W404432093,"(43.25599232855877, -2.9282142750288136)",513.979,17.50000000005947,3.000000000059469
Abando,N/A,W110895854,"(43.26092919682561, -2.9269453237882157)",527.2610000000001,18.999999999960362,12.00000000000496
Abando,N/A,W44113519,"(43.25993749738077, -2.9264652360563534)",584.3059999999999,17.500000000004952,16.500000000019824
Abando,N/A,W28776478,"(43.259963913422865, -2.9284384320288925)",689.9450000000002,21.50000000003469,12.000000000034696
