territory,building_type,osmid,coord,distance,rise,fall
Uribarri,N/A,N5056356248,"(43.2663985, -2.918579)",124.02799999999999,1.4210854715202004e-14,1.9999999999554205
Uribarri,N/A,N4508853267,"(43.2655628, -2.9205809)",209.779,0.0,30.5000000000545
Uribarri,N/A,N4060532227,"(43.2648784, -2.9149249)",377.238,18.500000000064382,21.500000000123826
Uribarri,N/A,W248634544,"(43.26459250062579, -2.9231745754982787)",449.971,0.0,46.50000000002973
Uribarri,N/A,W48045715,"(43.26461925000001, -2.912653900000001)",610.858,44.50000000008421,28.5000000002031
Uribarri,N/A,N5056355015,"(43.2646852, -2.9126594)",610.858,44.50000000008421,28.5000000002031
