territory,building_type,osmid,coord,distance,rise,fall
Basurtu-Zorrotza,amenity_community_centre,N6983084986,"(43.2739283, -2.9746927)",202.52200000000002,6.9999999999950475,2.5000000000445644
Basurtu-Zorrotza,amenity_place_of_worship,W300969657,"(43.27707124217174, -2.9740794720992434)",269.63199999999995,2.999999999975242,2.500000000024757
Basurtu-Zorrotza,building_public,W110382787,"(43.2776999, -2.9741186500000008)",365.50699999999995,2.999999999975243,6.000000000029708
Basurtu-Zorrotza,amenity_school,W138646173,"(43.273658206322374, -2.9724287872498514)",416.269,24.99999999999505,6.000000000029711
Basurtu-Zorrotza,amenity_community_centre,N3066705390,"(43.277338, -2.9746744)",447.885,2.999999999975243,5.499999999995051
Basurtu-Zorrotza,amenity_library,N11229807742,"(43.2774341, -2.9749112)",447.885,2.999999999975243,5.499999999995051
Basurtu-Zorrotza,building_public,W110382852,"(43.27811346878365, -2.974880436617395)",447.885,2.999999999975243,5.499999999995051
Basurtu-Zorrotza,building_train_station,W771882864,"(43.27774409144363, -2.972288289329312)",492.005,3.999999999980194,5.000000000019806
Basurtu-Zorrotza,amenity_school,W251096861,"(43.27528361750021, -2.9705968204589417)",554.094,23.499999999970296,2.500000000034664
