territory,building_type,osmid,coord,distance,rise,fall
Uribarri,building_public,W162445376,"(43.273080655467695, -2.9178267306692462)",374.01800000000003,3.999999999930651,0.49999999990095034
Uribarri,amenity_school,W421480310,"(43.271711224908586, -2.914520389183935)",388.22799999999995,2.000000000034703,10.4999999999703
,amenity_school,W162448171,"(43.274472044140566, -2.919543897158748)",549.744,5.5000000000693205,0.49999999990095034
Uribarri,amenity_place_of_worship,N10646887705,"(43.2737192, -2.9192088)",580.038,5.684341886080802e-14,1.499999999836632
Uribarri,building_public,W162445381,"(43.27320069223098, -2.9188288684242503)",580.038,5.684341886080802e-14,1.499999999836632
Uribarri,building_public,W162445382,"(43.27365287653539, -2.918721467738693)",580.038,5.684341886080802e-14,1.499999999836632
Uribarri,railway_subway_entrance,N5318330528,"(43.2741801, -2.9200627)",625.341,5.5000000000693205,5.999999999905953
Uribarri,building_train_station,W123440625,"(43.274075750445306, -2.920164432463072)",625.341,5.5000000000693205,5.999999999905953
