territory,building_type,osmid,coord,distance,rise,fall
Errekalde,amenity_school,W138709160,"(43.2507197898228, -2.945235337346584)",339.297,1.0000000000396483,14.999999999940513
Errekalde,amenity_school,W388280876,"(43.25316084419019, -2.9493565790141965)",422.8179999999999,17.500000000188365,17.50000000010411
Errekalde,amenity_place_of_worship,N8894270302,"(43.2542534, -2.9466821)",527.472,6.500000000143764,29.50000000010907
Errekalde,amenity_community_centre,N4896680970,"(43.2536856, -2.9454718)",550.637,6.500000000148717,24.500000000074365
