territory,building_type,osmid,coord,distance,rise,fall
Errekalde,amenity_school,W165462102,"(43.245592158361845, -2.9342422839261544)",315.356,2.842170943040401e-14,45.000000000094246
