territory,building_type,osmid,coord,distance,rise,fall
Ibaiondo,N/A,N11229801356,"(43.2538282, -2.9319814)",254.567,19.500000000118945,1.000000000084242
Ibaiondo,N/A,W404432093,"(43.25599232855877, -2.9282142750288136)",349.021,10.99999999991082,18.999999999955413
Ibaiondo,N/A,N5056088727,"(43.2562779, -2.9264049)",606.4830000000001,2.9999999999207283,26.49999999997028
Abando,N/A,W28776478,"(43.259963913422865, -2.9284384320288925)",663.211,0.49999999999009503,13.500000000034696
