territory,building_type,osmid,coord,distance,rise,fall
Basurtu-Zorrotza,building_train_station,W402170994,"(43.25967701277512, -2.9532145370708145)",420.385,0.0,32.00000000007432
Basurtu-Zorrotza,amenity_place_of_worship,W301694701,"(43.25652086676977, -2.957615550547145)",420.66600000000005,49.99999999991083,1.4210854715202004e-14
Basurtu-Zorrotza,railway_subway_entrance,N4944875063,"(43.2594993, -2.9525533)",425.699,2.499999999999993,34.50000000007432
Basurtu-Zorrotza,amenity_community_centre,W301694691,"(43.25639843254374, -2.9578756320078523)",473.62300000000005,70.49999999999011,1.4210854715202004e-14
Basurtu-Zorrotza,railway_subway_entrance,N4944875070,"(43.2600187, -2.9537148)",535.664,2.5,36.50000000004955
Basurtu-Zorrotza,amenity_library,N10313715009,"(43.2567015, -2.9490922)",812.2390000000001,1.0000000000545128,30.000000000109026
Basurtu-Zorrotza,amenity_police,W408633232,"(43.2565796201018, -2.9493267089254327)",812.2390000000001,1.0000000000545128,30.000000000109026
