territory,building_type,osmid,coord,distance,rise,fall
Errekalde,N/A,W301165234,"(43.24714070207488, -2.9509802354261194)",250.56199999999998,31.49999999997523,8.4999999999703
Errekalde,N/A,N9607455457,"(43.252218, -2.9481901)",580.823,22.50000000002977,49.00000000001492
