territory,building_type,osmid,coord,distance,rise,fall
Uribarri,N/A,N4060532227,"(43.2648784, -2.9149249)",556.5399999999998,18.999999999955477,22.50000000001492
Ibaiondo,N/A,W485363913,"(43.25997684824978, -2.9220146785419328)",784.3799999999999,0.5000000000099192,47.999999999970285
