territory,building_type,osmid,coord,distance,rise,fall
Abando,N/A,W108504682,"(43.26150873360247, -2.9323193974511943)",67.634,0.5000000000148646,0.0
Abando,N/A,N3207631929,"(43.2618877, -2.9308223)",183.042,1.4999999999950475,0.0
Abando,N/A,W44016098,"(43.261229928011566, -2.929048100639934)",346.188,5.500000000099099,1.5000000000792824
Abando,N/A,W41688628,"(43.26399354682828, -2.9308926528671213)",388.99199999999996,7.000000000084221,6.000000000059451
Abando,N/A,W28776478,"(43.259963913422865, -2.9284384320288925)",417.59999999999997,5.500000000099099,6.0000000001090115
Abando,N/A,N1271964866,"(43.2645212, -2.9345677)",430.926,7.000000000118906,10.000000000113957
Abando,N/A,W96337695,"(43.25973970175266, -2.9371151663607047)",489.09999999999997,4.500000000064404,8.000000000069363
Abando,N/A,W110895854,"(43.26092919682561, -2.9269453237882157)",580.2839999999999,5.500000000128836,8.500000000183338
