territory,building_type,osmid,coord,distance,rise,fall
Uribarri,N/A,N5056353256,"(43.2689626, -2.9250581)",370.24500000000006,18.999999999915815,61.49999999999507
Uribarri,N/A,W123440604,"(43.26872494896904, -2.9260301349397224)",531.839,25.99999999992077,74.49999999999507
Uribarri,N/A,N9607363904,"(43.2682033, -2.9265437)",595.7,25.99999999992077,79.49999999997526
