territory,building_type,osmid,coord,distance,rise,fall
Abando,N/A,W171882527,"(43.26787786483111, -2.940565564584242)",70.88,4.952926957457748e-12,1.9999999999702809
Abando,N/A,W28211432,"(43.26554608054959, -2.93803822151696)",389.33500000000004,14.500000000104027,2.5000000000941203
Abando,N/A,N4761972760,"(43.2642641, -2.9429738)",420.79999999999995,18.4999999999901,7.549516567451064e-15
Abando,N/A,N518227646,"(43.2661789, -2.9463066)",519.815,17.000000000054488,15.500000000059444
Abando,N/A,N4762096882,"(43.2634, -2.9433546)",545.3,22.500000000019824,7.549516567451064e-15
Deusto,N/A,N5056437799,"(43.2691029, -2.9449199)",908.7520000000002,22.50000000003468,17.000000000039634
