territory,building_type,osmid,coord,distance,rise,fall
Ibaiondo,N/A,W376396126,"(43.25272399169551, -2.925878746109151)",100.35499999999999,2.9999999999801688,0.0
Ibaiondo,N/A,W375390416,"(43.25296603590128, -2.923187807157419)",972.315,22.000000000034703,26.50000000001488
