territory,building_type,osmid,coord,distance,rise,fall
Deusto,N/A,N4254043797,"(43.2711694, -2.94695)",165.03300000000002,2.971489720948739e-11,2.9999999998960014
Deusto,N/A,W185205681,"(43.27236008339459, -2.9507221366997642)",412.124,21.000000000054484,1.9999999999702887
Deusto,N/A,W185205688,"(43.26864835487923, -2.947859768119749)",440.76200000000006,3.962519201650139e-11,20.999999999910862
Deusto,N/A,N5056437799,"(43.2691029, -2.9449199)",521.811,0.5000000000941007,20.499999999995055
