territory,building_type,osmid,coord,distance,rise,fall
Errekalde,N/A,N9607455457,"(43.252218, -2.9481901)",666.6039999999999,44.0000000001289,29.00000000004959
Errekalde,N/A,W111740255,"(43.25465516232398, -2.943640524057168)",761.4269999999998,6.000000000000014,31.000000000024784
