territory,building_type,osmid,coord,distance,rise,fall
Otxarkoaga-Txurdinaga,N/A,W164510985,"(43.257638496193636, -2.898318280368446)",114.60500000000002,2.999999999940542,2.500000000029729
Otxarkoaga-Txurdinaga,N/A,N4060532217,"(43.2581194, -2.8980592)",168.45,2.999999999940556,2.5000000000297433
Otxarkoaga-Txurdinaga,N/A,W164512079,"(43.25788389565486, -2.8988002094288414)",219.337,2.999999999940542,7.500000000109026
Otxarkoaga-Txurdinaga,N/A,N4060532220,"(43.2594633, -2.9000251)",469.21999999999997,25.000000000104095,7.500000000109054
