territory,building_type,osmid,coord,distance,rise,fall
Abando,N/A,N4762096882,"(43.2634, -2.9433546)",0.0,0.0,0.0
Abando,N/A,N4761972760,"(43.2642641, -2.9429738)",124.5,0.0,4.0000000000297256
Abando,N/A,N518227646,"(43.2661789, -2.9463066)",454.232,2.6645352591003757e-15,21.00000000002477
Abando,N/A,W28211432,"(43.26554608054959, -2.93803822151696)",691.3209999999999,6.000000000039634,16.500000000049543
