territory,building_type,osmid,coord,distance,rise,fall
Uribarri,N/A,N4060532227,"(43.2648784, -2.9149249)",246.45500000000004,3.4999999999752376,15.50000000010899
Uribarri,N/A,W48045715,"(43.26461925000001, -2.912653900000001)",283.07500000000005,8.49999999995542,1.5000000001486171
Uribarri,N/A,N5056355015,"(43.2646852, -2.9126594)",283.07500000000005,8.49999999995542,1.5000000001486171
Uribarri,N/A,N5056356248,"(43.2663985, -2.918579)",616.187,14.999999999980204,26.00000000000992
