territory,building_type,osmid,coord,distance,rise,fall
Deusto,N/A,N10308519810,"(43.2812493, -2.9624445)",196.207,1.7763568394002505e-15,8.0000000000297
Deusto,N/A,W290069950,"(43.280414549918596, -2.9601837787502543)",401.88599999999997,9.000000000054454,8.500000000049502
