territory,building_type,osmid,coord,distance,rise,fall
Deusto,amenity_place_of_worship,W112164512,"(43.272432347664996, -2.945613879322651)",279.86999999999995,2.1316282072803006e-14,32.00000000011393
Deusto,tourism_hostel,N11975964770,"(43.2722749, -2.9467999)",440.14899999999994,5.000000000019835,32.00000000011393
Deusto,railway_subway_entrance,N4952944847,"(43.2718668, -2.9487299)",564.5799999999999,6.00000000004955,32.00000000014364
Deusto,amenity_school,W185206614,"(43.270374325567914, -2.9405683012120356)",686.5949999999998,2.842170943040401e-14,52.00000000006937
Deusto,amenity_place_of_worship,N707156296,"(43.274857, -2.9480119)",699.9829999999998,64.5000000000792,25.500000000054463
Deusto,amenity_theatre,N10313700309,"(43.2696477, -2.9426557)",742.8749999999999,0.5000000000644071,43.00000000006936
