territory,building_type,osmid,coord,distance,rise,fall
Deusto,N/A,N5056421870,"(43.2773644, -2.9587254)",255.878,2.500000000014854,0.0
Deusto,N/A,W290069950,"(43.280414549918596, -2.9601837787502543)",465.5970000000001,6.500000000039604,8.999999999999998
Deusto,N/A,N10308519810,"(43.2812493, -2.9624445)",609.4960000000001,2.500000000034653,13.5000000000297
