territory,building_type,osmid,coord,distance,rise,fall
Errekalde,N/A,N5056183351,"(43.251483, -2.9359224)",389.974,11.5000000000595,18.000000000123933
Ibaiondo,N/A,N11229801356,"(43.2538282, -2.9319814)",469.711,7.500000000079332,23.000000000034724
