territory,building_type,osmid,coord,distance,rise,fall
Errekalde,amenity_school,W165462102,"(43.245592158361845, -2.9342422839261544)",129.518,4.500000000004974,0.0
Ibaiondo,amenity_school,N4757644627,"(43.2481224, -2.9325122)",748.906,18.500000000039662,25.50000000004958
Ibaiondo,amenity_place_of_worship,N4757644648,"(43.2483414, -2.9337821)",748.906,18.500000000039662,25.50000000004958
Ibaiondo,amenity_school,W53764581,"(43.24903243466212, -2.9317237114605668)",998.146,18.500000000039677,39.00000000002976
Ibaiondo,amenity_school,W53668485,"(43.248961862530635, -2.930066135495643)",1156.268,18.500000000039677,41.0000000000347
Ibaiondo,amenity_place_of_worship,N1048012605,"(43.2484729, -2.9338091)",1156.296,26.00000000001984,38.00000000000496
