territory,building_type,osmid,coord,distance,rise,fall
Basurtu-Zorrotza,amenity_community_centre,N3066705390,"(43.277338, -2.9746744)",0.0,0.0,0.0
Basurtu-Zorrotza,amenity_library,N11229807742,"(43.2774341, -2.9749112)",0.0,0.0,0.0
Basurtu-Zorrotza,building_public,W110382852,"(43.27811346878365, -2.974880436617395)",0.0,0.0,0.0
Basurtu-Zorrotza,amenity_place_of_worship,W300969657,"(43.27707124217174, -2.9740794720992434)",178.253,2.999999999970294,8.881784197001252e-16
Basurtu-Zorrotza,building_public,W110382787,"(43.2776999, -2.9741186500000008)",229.148,2.999999999970294,3.500000000004951
Basurtu-Zorrotza,building_train_station,W771882864,"(43.27774409144363, -2.972288289329312)",355.64599999999996,3.999999999975245,2.499999999995049
Basurtu-Zorrotza,amenity_community_centre,N6983084986,"(43.2739283, -2.9746927)",544.367,13.4999999999901,6.500000000019809
Basurtu-Zorrotza,amenity_school,W251096861,"(43.27528361750021, -2.9705968204589417)",665.0040000000001,23.499999999970292,1.4854784069484595e-11
Basurtu-Zorrotza,amenity_school,W138646173,"(43.273658206322374, -2.9724287872498514)",683.177,29.4999999999901,8.000000000004952
