territory,building_type,osmid,coord,distance,rise,fall
Uribarri,N/A,N5056353256,"(43.2689626, -2.9250581)",443.75600000000003,12.000000000014886,74.50000000001491
Uribarri,N/A,W123440604,"(43.26872494896904, -2.9260301349397224)",605.3500000000001,19.000000000019842,87.5000000000149
Uribarri,N/A,N9607363904,"(43.2682033, -2.9265437)",669.2110000000001,19.000000000019842,92.49999999999508
