territory,building_type,osmid,coord,distance,rise,fall
Abando,N/A,W28211432,"(43.26554608054959, -2.93803822151696)",377.754,0.0,14.000000000034678
Abando,N/A,N1271964866,"(43.2645212, -2.9345677)",435.73400000000004,6.000000000039641,8.500000000054506
Abando,N/A,N4762096882,"(43.2634, -2.9433546)",458.9480000000001,4.000000000034682,7.500000000059451
Abando,N/A,W96337695,"(43.25973970175266, -2.9371151663607047)",498.23499999999996,3.4999999999355857,6.499999999960359
Abando,N/A,N4761972760,"(43.2642641, -2.9429738)",554.3029999999999,12.500000000024768,20.00000000007926
