territory,building_type,osmid,coord,distance,rise,fall
Basurtu-Zorrotza,building_train_station,W163196919,"(43.26433534839249, -2.955077952360856)",96.904,0.0,0.49999999996532196
Basurtu-Zorrotza,building_train_station,W163196944,"(43.26431167828029, -2.9553483053682954)",96.904,0.0,0.49999999996532196
Basurtu-Zorrotza,amenity_place_of_worship,W163196945,"(43.265461037844666, -2.9606482549113027)",412.47499999999997,28.500000000059448,10.500000000024771
Basurtu-Zorrotza,tourism_hostel,W52528082,"(43.26320722722957, -2.9613203976201534)",1445.1670000000001,89.50000000007434,20.50000000002973
Deusto,tourism_hostel,N3004608569,"(43.2687748, -2.9545458)",1840.866,18.50000000012384,23.00000000010898
Deusto,amenity_community_centre,N6777788085,"(43.2672525, -2.9597383)",2389.3120000000004,14.00000000018823,22.500000000183277
Deusto,amenity_theatre,N3696895644,"(43.2673338, -2.9604465)",2407.082000000001,14.00000000018823,22.500000000183277
Deusto,amenity_arts_centre,W176679093,"(43.26780294167776, -2.960577805719317)",2795.2980000000007,14.500000000208042,23.000000000198135
