territory,building_type,osmid,coord,distance,rise,fall
Uribarri,N/A,W48045715,"(43.26461925000001, -2.912653900000001)",313.1439999999999,17.50000000012882,61.000000000198156
Uribarri,N/A,N5056355015,"(43.2646852, -2.9126594)",313.1439999999999,17.50000000012882,61.000000000198156
Uribarri,N/A,N4060532227,"(43.2648784, -2.9149249)",546.7639999999999,24.500000000208097,87.000000000218
