territory,building_type,osmid,coord,distance,rise,fall
Deusto,N/A,N10308519810,"(43.2812493, -2.9624445)",647.0740000000001,4.999999999980201,6.500000000004951
