territory,building_type,osmid,coord,distance,rise,fall
Begona,N/A,N9607391207,"(43.2500267, -2.9080084)",546.972,9.500000000034689,13.000000000034696
Begona,N/A,W305622069,"(43.25019552887615, -2.9072914369528084)",682.1160000000001,8.999999999975223,19.99999999997523
