territory,building_type,osmid,coord,distance,rise,fall
Abando,N/A,W110895854,"(43.26092919682561, -2.9269453237882157)",162.84,6.499999999945498,0.0
Abando,N/A,W44113519,"(43.25993749738077, -2.9264652360563534)",238.109,7.499999999960362,6.999999999985139
Abando,N/A,W28776478,"(43.259963913422865, -2.9284384320288925)",325.524,9.000000000019824,2.973621349156019e-11
Abando,N/A,W44016098,"(43.261229928011566, -2.929048100639934)",413.44,13.50000000004956,2.9743318918917794e-11
Uribarri,N/A,W248634544,"(43.26459250062579, -2.9231745754982787)",467.57000000000005,20.000000000014865,20.000000000069363
Ibaiondo,N/A,W108497734,"(43.25874273518262, -2.9247747311690637)",483.841,8.00000000001982,12.500000000014865
Ibaiondo,N/A,W485363913,"(43.25997684824978, -2.9220146785419328)",505.29200000000003,11.500000000054506,12.000000000039641
Abando,N/A,W41688628,"(43.26399354682828, -2.9308926528671213)",556.2869999999999,13.500000000113953,3.0000000000891838
Abando,N/A,N3207631929,"(43.2618877, -2.9308223)",587.425,10.999999999995051,3.552713678800501e-15
