territory,building_type,osmid,coord,distance,rise,fall
Otxarkoaga-Txurdinaga,N/A,N4060532217,"(43.2581194, -2.8980592)",323.227,4.000000000004988,21.000000000064446
Otxarkoaga-Txurdinaga,N/A,W164510985,"(43.257638496193636, -2.898318280368446)",341.029,6.999999999871193,23.99999999993065
Otxarkoaga-Txurdinaga,N/A,W164512079,"(43.25788389565486, -2.8988002094288414)",445.76099999999997,6.999999999871193,29.000000000009948
Otxarkoaga-Txurdinaga,N/A,N4060532220,"(43.2594633, -2.9000251)",564.828,18.99999999996534,18.99999999994057
