territory,building_type,osmid,coord,distance,rise,fall
Uribarri,N/A,N5056356248,"(43.2663985, -2.918579)",241.82899999999998,6.000000000029708,1.9999999999553921
Uribarri,N/A,N4508853267,"(43.2655628, -2.9205809)",468.35299999999995,6.000000000029736,30.500000000054513
Uribarri,N/A,N4060532227,"(43.2648784, -2.9149249)",502.60300000000007,17.000000000029736,14.000000000059458
Uribarri,N/A,W248634544,"(43.26459250062579, -2.9231745754982787)",708.5450000000001,6.000000000029736,46.50000000002974
Uribarri,N/A,N5056353256,"(43.2689626, -2.9250581)",917.786,16.500000000044576,48.000000000049525
