territory,building_type,osmid,coord,distance,rise,fall
Errekalde,N/A,W41415573,"(43.24640784978145, -2.937495477469789)",1015.6429999999999,35.00000000005453,42.50000000015369
Errekalde,N/A,N5056183351,"(43.251483, -2.9359224)",1028.435,28.0,44.00000000005949
