territory,building_type,osmid,coord,distance,rise,fall
Uribarri,N/A,N5056353256,"(43.2689626, -2.9250581)",633.4359999999998,12.000000000014886,111.50000000005946
Uribarri,N/A,W123440604,"(43.26872494896904, -2.9260301349397224)",795.0300000000001,19.000000000019842,124.50000000005946
Uribarri,N/A,N9607363904,"(43.2682033, -2.9265437)",858.8910000000001,19.000000000019842,129.50000000003965
