territory,building_type,osmid,coord,distance,rise,fall
Abando,N/A,N4731925117,"(43.2661842, -2.9329433)",491.2200000000001,26.000000000302144,5.000000000133735
Abando,N/A,W41688628,"(43.26399354682828, -2.9308926528671213)",594.069,27.50000000016346,4.5
Uribarri,N/A,N9607363904,"(43.2682033, -2.9265437)",701.811,27.000000000133735,16.500000000029722
Uribarri,N/A,W123440604,"(43.26872494896904, -2.9260301349397224)",765.672,32.00000000011393,16.500000000029722
Uribarri,N/A,N5056353256,"(43.2689626, -2.9250581)",965.8589999999999,40.50000000017336,19.000000000094108
