territory,building_type,osmid,coord,distance,rise,fall
Ibaiondo,N/A,W41525574,"(43.25771234249542, -2.9221397271902023)",523.893,0.5000000000297504,40.0000000000793
Ibaiondo,N/A,W108497734,"(43.25874273518262, -2.9247747311690637)",579.951,1.4210854715202004e-14,43.500000000024784
Ibaiondo,N/A,W485363913,"(43.25997684824978, -2.9220146785419328)",580.088,0.5000000000099263,40.00000000002479
Ibaiondo,N/A,W420558992,"(43.256988569906525, -2.92040166742721)",713.9379999999999,14.000000000019842,40.0000000000793
