territory,building_type,osmid,coord,distance,rise,fall
Basurtu-Zorrotza,amenity_school,W251096861,"(43.27528361750021, -2.9705968204589417)",0.0,0.0,0.0
Basurtu-Zorrotza,amenity_school,W138646173,"(43.273658206322374, -2.9724287872498514)",268.23,0.4999999999554383,2.4999999999257305
Basurtu-Zorrotza,amenity_community_centre,N6983084986,"(43.2739283, -2.9746927)",452.012,0.5000000000148574,17.000000000000007
Basurtu-Zorrotza,amenity_place_of_worship,W300969657,"(43.27707124217174, -2.9740794720992434)",492.245,0.5000000000148539,21.0
Basurtu-Zorrotza,building_train_station,W771882864,"(43.27774409144363, -2.972288289329312)",569.219,1.000000000004953,22.999999999980197
Basurtu-Zorrotza,building_public,W110382787,"(43.2776999, -2.9741186500000008)",582.626,1.4854784069484595e-11,24.00000000000495
Basurtu-Zorrotza,amenity_school,W251096855,"(43.27190400890658, -2.968858584144567)",618.444,58.00000000004459,13.000000000019828
Basurtu-Zorrotza,amenity_community_centre,N3066705390,"(43.277338, -2.9746744)",665.004,1.4854784069484595e-11,23.499999999970292
Basurtu-Zorrotza,amenity_library,N11229807742,"(43.2774341, -2.9749112)",665.004,1.4854784069484595e-11,23.499999999970292
