territory,building_type,osmid,coord,distance,rise,fall
Otxarkoaga-Txurdinaga,N/A,W235157481,"(43.25672274935615, -2.9070052667191253)",373.918,16.49999999999011,2.500000000004988
Begona,N/A,N9607391207,"(43.2500267, -2.9080084)",437.568,7.105427357601002e-15,6.00000000002975
Otxarkoaga-Txurdinaga,N/A,N4060532216,"(43.2579448, -2.9067392)",478.45400000000006,23.000000000009948,2.500000000005002
Begona,N/A,W305622069,"(43.25019552887615, -2.9072914369528084)",948.7829999999999,7.499999999955399,20.999999999985143
