territory,building_type,osmid,coord,distance,rise,fall
Begona,amenity_school,W40347954,"(43.25086874686762, -2.9168277398567413)",521.289,51.99999999999008,10.000000000000004
Ibaiondo,amenity_place_of_worship,W165888796,"(43.253559247122105, -2.920482768908343)",570.0279999999999,5.999999999935573,12.000000000064444
Begona,amenity_place_of_worship,W40111977,"(43.25102796813039, -2.916214065107912)",577.044,48.49999999995044,4.50000000000993
Ibaiondo,tourism_museum,R2727759,"(43.253335664807004, -2.9207208313355193)",656.0379999999999,5.999999999935573,12.000000000064448
Begona,amenity_school,W40347964,"(43.25155120263126, -2.917310261009466)",681.5089999999999,55.00000000004957,21.500000000084267
Ibaiondo,amenity_school,W201679887,"(43.25314905033093, -2.917902836711677)",714.564,59.00000000003964,35.000000000099135
Ibaiondo,amenity_police,W165645785,"(43.24968056605251, -2.9245496912078623)",1571.164,83.49999999996531,33.49999999998019
