territory,building_type,osmid,coord,distance,rise,fall
Deusto,amenity_community_centre,W254514789,"(43.26956430038033, -2.96173829084464)",345.753,0.5,5.000000000054477
Deusto,amenity_theatre,N3696895644,"(43.2673338, -2.9604465)",495.55199999999996,2.5000000000198113,6.500000000074289
Deusto,amenity_place_of_worship,N9652033547,"(43.2685894, -2.9604807)",526.313,2.500000000024764,6.500000000074289
Deusto,amenity_place_of_worship,W176664325,"(43.268567154157736, -2.9604612424344765)",526.313,2.500000000024764,6.500000000074289
Deusto,amenity_arts_centre,W176679093,"(43.26780294167776, -2.960577805719317)",701.613,2.5000000000346705,6.500000000084195
Basurtu-Zorrotza,amenity_school,W251096855,"(43.27190400890658, -2.968858584144567)",5447.214,177.00000000049533,112.00000000055476
