territory,building_type,osmid,coord,distance,rise,fall
Uribarri,N/A,N5056356248,"(43.2663985, -2.918579)",259.00800000000004,1.4210854715202004e-14,29.499999999960366
Uribarri,N/A,N4060532227,"(43.2648784, -2.9149249)",384.41700000000003,8.000000000004988,38.50000000006938
Uribarri,N/A,N4508853267,"(43.2655628, -2.9205809)",485.53200000000004,4.263256414560601e-14,58.00000000005949
Uribarri,N/A,W48045715,"(43.26461925000001, -2.912653900000001)",574.3050000000001,21.499999999935653,33.00000000005949
Uribarri,N/A,N5056355015,"(43.2646852, -2.9126594)",574.3050000000001,21.499999999935653,33.00000000005949
