territory,building_type,osmid,coord,distance,rise,fall
Errekalde,N/A,N5056183351,"(43.251483, -2.9359224)",896.2649999999999,28.0,34.00000000001488
Errekalde,N/A,W41415573,"(43.24640784978145, -2.937495477469789)",943.3789999999999,35.50000000007932,33.00000000013387
