territory,building_type,osmid,coord,distance,rise,fall
Abando,N/A,N5056379164,"(43.2581887, -2.9459426)",264.12600000000003,7.105427357601002e-15,6.000000000049553
Errekalde,N/A,W111740255,"(43.25465516232398, -2.943640524057168)",453.98499999999996,3.0000000000396554,11.000000000109033
Errekalde,N/A,N5056184623,"(43.2568371, -2.9396557)",577.216,3.5000000000247837,7.000000000029729
Basurtu-Zorrotza,N/A,N9607467466,"(43.2589548, -2.9488089)",639.3130000000001,3.0000000000495604,11.500000000054506
