territory,building_type,osmid,coord,distance,rise,fall
Uribarri,N/A,N9607363904,"(43.2682033, -2.9265437)",344.13100000000003,5.499999999985139,6.499999999920753
Uribarri,N/A,W123440604,"(43.26872494896904, -2.9260301349397224)",387.593,32.500000000158494,28.500000000113918
Uribarri,N/A,N5056353256,"(43.2689626, -2.9250581)",436.211,38.50000000012877,28.500000000089145
