territory,building_type,osmid,coord,distance,rise,fall
Deusto,N/A,W290069950,"(43.280414549918596, -2.9601837787502543)",380.165,11.000000000079208,5.500000000059405
Deusto,N/A,N10308519810,"(43.2812493, -2.9624445)",460.9649999999999,4.500000000039606,7.500000000054456
Deusto,N/A,N5056421870,"(43.2773644, -2.9587254)",465.0710000000001,11.500000000014857,1.0000000000198064
