territory,building_type,osmid,coord,distance,rise,fall
Uribarri,building_public,W162445376,"(43.273080655467695, -2.9178267306692462)",185.342,3.999999999930651,0.0
Uribarri,amenity_school,W421480310,"(43.271711224908586, -2.914520389183935)",190.728,2.000000000034703,10.000000000069349
,amenity_school,W162448171,"(43.274472044140566, -2.919543897158748)",361.068,5.5000000000693205,0.0
Uribarri,amenity_place_of_worship,N10646887705,"(43.2737192, -2.9192088)",382.808,5.684341886080802e-14,0.9999999999356817
Uribarri,building_public,W162445381,"(43.27320069223098, -2.9188288684242503)",382.808,5.684341886080802e-14,0.9999999999356817
Uribarri,building_public,W162445382,"(43.27365287653539, -2.918721467738693)",382.808,5.684341886080802e-14,0.9999999999356817
Uribarri,railway_subway_entrance,N5318330528,"(43.2741801, -2.9200627)",436.665,5.5000000000693205,5.500000000005002
Uribarri,building_train_station,W123440625,"(43.274075750445306, -2.920164432463072)",436.665,5.5000000000693205,5.500000000005002
