territory,building_type,osmid,coord,distance,rise,fall
Errekalde,amenity_school,W151417160,"(43.24855327383859, -2.941124341036385)",574.542,0.9999999999801616,34.999999999910756
Errekalde,amenity_school,W302863499,"(43.249161518689874, -2.9419338912957236)",741.8209999999999,8.000000000034703,45.49999999999008
