territory,building_type,osmid,coord,distance,rise,fall
Otxarkoaga-Txurdinaga,N/A,N4060532220,"(43.2594633, -2.9000251)",305.661,2.000000000009919,6.4999999999554205
Otxarkoaga-Txurdinaga,N/A,W164512079,"(43.25788389565486, -2.8988002094288414)",459.8960000000001,2.842170943040401e-14,26.500000000109054
Otxarkoaga-Txurdinaga,N/A,W164510985,"(43.257638496193636, -2.898318280368446)",564.628,5.000000000079325,26.500000000109054
Otxarkoaga-Txurdinaga,N/A,N4060532217,"(43.2581194, -2.8980592)",640.9630000000001,5.000000000079339,26.50000000010907
Otxarkoaga-Txurdinaga,N/A,N4060532216,"(43.2579448, -2.9067392)",839.199,10.499999999990166,40.99999999996044
