territory,building_type,osmid,coord,distance,rise,fall
Basurtu-Zorrotza,N/A,N11229807742,"(43.2774341, -2.9749112)",499.89300000000003,2.999999999975243,8.499999999975245
Basurtu-Zorrotza,N/A,W151883539,"(43.27856405785909, -2.9750882996142076)",543.328,2.9999999999851443,8.499999999975245
