territory,building_type,osmid,coord,distance,rise,fall
Ibaiondo,amenity_school,W53764581,"(43.24903243466212, -2.9317237114605668)",307.58900000000006,0.0,7.500000000019838
Ibaiondo,amenity_school,W53668485,"(43.248961862530635, -2.930066135495643)",407.77299999999997,2.842170943040401e-14,9.500000000024812
Ibaiondo,amenity_school,N4757644627,"(43.2481224, -2.9325122)",437.5,15.999999999970257,10.000000000009933
Ibaiondo,amenity_place_of_worship,N4757644648,"(43.2483414, -2.9337821)",437.5,15.999999999970257,10.000000000009933
Ibaiondo,building_train_station,W53663165,"(43.25037057733663, -2.9304763387603403)",620.468,4.959588295605499e-11,13.50000000004465
Ibaiondo,railway_subway_entrance,N4904749312,"(43.2502989, -2.9305713)",627.4749999999999,4.959588295605499e-11,13.50000000004465
Ibaiondo,amenity_place_of_worship,N1048012605,"(43.2484729, -2.9338091)",634.961,10.99999999998515,10.000000000000028
Errekalde,amenity_school,W165462102,"(43.245592158361845, -2.9342422839261544)",806.7010000000001,35.99999999995043,18.499999999975216
Ibaiondo,amenity_school,W185284035,"(43.244405788428594, -2.9251938625874043)",903.1020000000002,2.842170943040401e-14,68.50000000000995
