territory,building_type,osmid,coord,distance,rise,fall
Ibaiondo,N/A,W485363913,"(43.25997684824978, -2.9220146785419328)",149.397,11.000000000079277,3.5000000000346834
Ibaiondo,N/A,W108497734,"(43.25874273518262, -2.9247747311690637)",208.70999999999998,7.500000000044595,4.00000000000991
Ibaiondo,N/A,W41525574,"(43.25771234249542, -2.9221397271902023)",344.93199999999996,11.500000000064414,4.000000000054506
Abando,N/A,W110895854,"(43.26092919682561, -2.9269453237882157)",352.765,18.49999999998514,4.000000000009912
Abando,N/A,W44113519,"(43.25993749738077, -2.9264652360563534)",409.81,17.00000000002973,8.500000000024777
Abando,N/A,W28776478,"(43.259963913422865, -2.9284384320288925)",515.449,21.000000000059465,4.000000000039648
Ibaiondo,N/A,W420558992,"(43.256988569906525, -2.92040166742721)",534.9769999999999,25.000000000054506,4.000000000054506
Ibaiondo,N/A,N5056088727,"(43.2562779, -2.9264049)",639.1220000000001,13.000000000049551,6.500000000034687
