territory,building_type,osmid,coord,distance,rise,fall
Abando,N/A,W171882527,"(43.26787786483111, -2.940565564584242)",91.068,3.0000000000346727,1.9999999999702809
Abando,N/A,N4761972760,"(43.2642641, -2.9429738)",477.99,21.500000000019813,3.608224830031759e-15
Abando,N/A,W28211432,"(43.26554608054959, -2.93803822151696)",480.845,17.500000000104023,2.5000000000643987
Abando,N/A,N518227646,"(43.2661789, -2.9463066)",519.32,17.00000000009412,12.500000000069356
Abando,N/A,N4762096882,"(43.2634, -2.9433546)",602.49,25.50000000004954,3.608224830031759e-15
Deusto,N/A,N5056437799,"(43.2691029, -2.9449199)",901.7120000000002,22.50000000007431,14.000000000049543
