territory,building_type,osmid,coord,distance,rise,fall
Errekalde,amenity_school,W388280876,"(43.25316084419019, -2.9493565790141965)",106.838,0.0,10.00000000000992
Errekalde,amenity_school,W138709160,"(43.2507197898228, -2.945235337346584)",361.125,13.00000000006942,37.00000000006446
Errekalde,amenity_place_of_worship,N8894270302,"(43.2542534, -2.9466821)",432.78200000000004,7.105427357601002e-15,33.00000000005949
Errekalde,amenity_community_centre,N4896680970,"(43.2536856, -2.9454718)",493.21,4.959588295605499e-12,28.000000000024784
Basurtu-Zorrotza,amenity_place_of_worship,R11227990,"(43.25576330060649, -2.947366226912851)",660.497,1.000000000034703,35.00000000008427
Basurtu-Zorrotza,amenity_library,N10313715009,"(43.2567015, -2.9490922)",807.403,6.000000000044608,35.000000000094175
Basurtu-Zorrotza,amenity_police,W408633232,"(43.2565796201018, -2.9493267089254327)",807.403,6.000000000044608,35.000000000094175
