territory,building_type,osmid,coord,distance,rise,fall
Uribarri,N/A,W48045715,"(43.26461925000001, -2.912653900000001)",215.26800000000003,17.999999999876152,30.00000000005943
Uribarri,N/A,N5056355015,"(43.2646852, -2.9126594)",215.26800000000003,17.999999999876152,30.00000000005943
Uribarri,N/A,N4060532227,"(43.2648784, -2.9149249)",294.662,7.000000000000021,38.000000000123855
Uribarri,N/A,N5056356248,"(43.2663985, -2.918579)",631.398,1.499999999970285,31.49999999999008
