territory,building_type,osmid,coord,distance,rise,fall
Otxarkoaga-Txurdinaga,N/A,N4060532220,"(43.2594633, -2.9000251)",363.366,2.0000000000099334,14.9999999999158
Otxarkoaga-Txurdinaga,N/A,W164512079,"(43.25788389565486, -2.8988002094288414)",517.601,4.263256414560601e-14,35.000000000069434
Otxarkoaga-Txurdinaga,N/A,N4060532217,"(43.2581194, -2.8980592)",602.39,4.000000000024883,34.00000000001498
Otxarkoaga-Txurdinaga,N/A,W164510985,"(43.257638496193636, -2.898318280368446)",622.333,5.000000000079339,35.000000000069434
