territory,building_type,osmid,coord,distance,rise,fall
Ibaiondo,N/A,N5056088727,"(43.2562779, -2.9264049)",116.52799999999999,5.4999999999900915,5.4999999999900915
Ibaiondo,N/A,W404432093,"(43.25599232855877, -2.9282142750288136)",209.30200000000002,15.50000000000496,0.0
Ibaiondo,N/A,W108497734,"(43.25874273518262, -2.9247747311690637)",371.629,3.000000000059469,6.000000000039648
Ibaiondo,N/A,W375390416,"(43.25296603590128, -2.923187807157419)",447.674,16.000000000059487,13.000000000054525
Ibaiondo,N/A,W41525574,"(43.25771234249542, -2.9221397271902023)",471.066,3.000000000059469,2.000000000064425
Ibaiondo,N/A,W376396126,"(43.25272399169551, -2.925878746109151)",709.425,29.50000000001984,19.000000000054534
Abando,N/A,W44113519,"(43.25993749738077, -2.9264652360563534)",790.0750000000002,14.000000000099107,12.000000000109019
Abando,N/A,W28776478,"(43.259963913422865, -2.9284384320288925)",895.7140000000002,18.000000000128843,7.50000000012389
