territory,building_type,osmid,coord,distance,rise,fall
Errekalde,N/A,W41415573,"(43.24640784978145, -2.937495477469789)",473.61,0.0,19.000000000044622
