territory,building_type,osmid,coord,distance,rise,fall
Uribarri,N/A,N5056353256,"(43.2689626, -2.9250581)",385.877,12.000000000014886,63.50000000001489
Uribarri,N/A,W123440604,"(43.26872494896904, -2.9260301349397224)",547.4710000000001,19.000000000019842,76.5000000000149
Uribarri,N/A,N9607363904,"(43.2682033, -2.9265437)",611.3320000000001,19.000000000019842,81.49999999999508
