territory,building_type,osmid,coord,distance,rise,fall
Ibaiondo,amenity_school,N4757644627,"(43.2481224, -2.9325122)",435.635,14.499999999955392,21.50000000000003
Ibaiondo,amenity_place_of_worship,N4757644648,"(43.2483414, -2.9337821)",435.635,14.499999999955392,21.50000000000003
Ibaiondo,amenity_school,W53764581,"(43.24903243466212, -2.9317237114605668)",484.48299999999995,4.499999999980204,25.000000000005002
Ibaiondo,amenity_school,W53668485,"(43.248961862530635, -2.930066135495643)",614.8389999999999,4.4999999999802185,27.000000000009962
Ibaiondo,amenity_place_of_worship,N1048012605,"(43.2484729, -2.9338091)",642.6329999999999,11.999999999960366,23.999999999980204
Errekalde,amenity_school,W165462102,"(43.245592158361845, -2.9342422839261544)",643.398,21.000000000074394,16.500000000104137
Ibaiondo,building_train_station,W53663165,"(43.25037057733663, -2.9304763387603403)",771.9629999999999,6.499999999925677,32.99999999992569
Ibaiondo,railway_subway_entrance,N4904749312,"(43.2502989, -2.9305713)",778.9699999999998,6.499999999925677,32.99999999992569
Ibaiondo,amenity_school,W185284035,"(43.244405788428594, -2.9251938625874043)",953.4050000000001,2.842170943040401e-14,81.5000000000149
