territory,building_type,osmid,coord,distance,rise,fall
Ibaiondo,N/A,W420558992,"(43.256988569906525, -2.92040166742721)",439.23300000000006,6.500000000109026,15.000000000034689
Begona,N/A,N5056328910,"(43.2541211, -2.9149326)",451.0229999999999,35.50000000008923,2.842170943040401e-14
Ibaiondo,N/A,W41525574,"(43.25771234249542, -2.9221397271902023)",473.925,0.0,21.999999999915755
Ibaiondo,N/A,W485363913,"(43.25997684824978, -2.9220146785419328)",635.968,0.5000000000099121,22.49999999989098
