territory,building_type,osmid,coord,distance,rise,fall
Deusto,N/A,N5056421870,"(43.2773644, -2.9587254)",203.548,0.9999999999900986,0.0
Deusto,N/A,W290069950,"(43.280414549918596, -2.9601837787502543)",438.10400000000004,6.500000000039606,10.500000000024755
Deusto,N/A,N10308519810,"(43.2812493, -2.9624445)",582.003,2.500000000034655,15.000000000054456
