territory,building_type,osmid,coord,distance,rise,fall
Errekalde,N/A,N5056184623,"(43.2568371, -2.9396557)",431.27,12.50000000018337,4.500000000104073
Errekalde,N/A,W111740255,"(43.25465516232398, -2.943640524057168)",500.91,11.500000000183363,8.000000000168498
Errekalde,N/A,N5056183351,"(43.251483, -2.9359224)",759.2669999999999,47.00000000016851,10.500000000118959
