territory,building_type,osmid,coord,distance,rise,fall
Abando,N/A,W41688628,"(43.26399354682828, -2.9308926528671213)",141.68599999999998,1.4999999999950546,0.0
Abando,N/A,N4731925117,"(43.2661842, -2.9329433)",339.37100000000004,6.000000000064407,6.500000000064407
Abando,N/A,N3207631929,"(43.2618877, -2.9308223)",354.417,4.500000000029736,2.5000000000644036
Abando,N/A,N1271964866,"(43.2645212, -2.9345677)",379.97499999999997,8.000000000059448,10.500000000084214
Abando,N/A,W108504682,"(43.26150873360247, -2.9323193974511943)",469.825,4.500000000029736,3.5000000000445866
Uribarri,N/A,N9607363904,"(43.2682033, -2.9265437)",602.182,13.999999999965329,25.000000000029722
Abando,N/A,W44016098,"(43.261229928011566, -2.929048100639934)",607.1750000000001,7.00000000007433,2.5000000000842277
Abando,N/A,W110895854,"(43.26092919682561, -2.9269453237882157)",695.148,6.000000000123876,8.500000000208093
