territory,building_type,osmid,coord,distance,rise,fall
Ibaiondo,N/A,W41525574,"(43.25771234249542, -2.9221397271902023)",164.18400000000003,9.000000000099114,6.5000000000842455
Ibaiondo,N/A,W108497734,"(43.25874273518262, -2.9247747311690637)",265.879,3.5000000000297327,4.999999999990088
Ibaiondo,N/A,W420558992,"(43.256988569906525, -2.92040166742721)",304.813,22.5000000000892,6.500000000084242
Ibaiondo,N/A,W485363913,"(43.25997684824978, -2.9220146785419328)",399.23699999999997,3.0000000000792895,0.5000000000297362
Ibaiondo,N/A,N5056088727,"(43.2562779, -2.9264049)",486.21999999999997,9.000000000059472,7.500000000039648
Ibaiondo,N/A,W375390416,"(43.25296603590128, -2.923187807157419)",505.85100000000006,13.500000000143729,9.000000000118945
Ibaiondo,N/A,W404432093,"(43.25599232855877, -2.9282142750288136)",578.994,19.00000000007434,2.000000000049557
Abando,N/A,W44113519,"(43.25993749738077, -2.9264652360563534)",732.1449999999999,20.500000000064418,17.000000000054506
