territory,building_type,osmid,coord,distance,rise,fall
Abando,N/A,N4761972760,"(43.2642641, -2.9429738)",126.816,3.000000000019817,3.552713678800501e-15
Abando,N/A,N518227646,"(43.2661789, -2.9463066)",226.76299999999998,2.6645352591003757e-15,13.999999999975234
Abando,N/A,N4762096882,"(43.2634, -2.9433546)",251.316,7.000000000049543,3.552713678800501e-15
Abando,N/A,W171882527,"(43.26787786483111, -2.940565564584242)",524.0740000000001,2.999999999995045,20.499999999930647
Basurtu-Zorrotza,N/A,W163195554,"(43.262640749370476, -2.9496477508797216)",653.2059999999999,18.50000000004459,3.4999999999950546
