territory,building_type,osmid,coord,distance,rise,fall
Begona,N/A,W305622069,"(43.25019552887615, -2.9072914369528084)",795.4130000000001,11.499999999995055,33.999999999960366
