territory,building_type,osmid,coord,distance,rise,fall
Uribarri,N/A,N4060532227,"(43.2648784, -2.9149249)",299.764,11.999999999955449,10.500000000039655
Uribarri,N/A,W48045715,"(43.26461925000001, -2.912653900000001)",459.932,22.00000000000498,1.5000000001486313
Uribarri,N/A,N5056355015,"(43.2646852, -2.9126594)",459.932,22.00000000000498,1.5000000001486313
Uribarri,N/A,N5056356248,"(43.2663985, -2.918579)",636.678,18.500000000044608,16.000000000024777
