territory,building_type,osmid,coord,distance,rise,fall
Uribarri,N/A,N5056356248,"(43.2663985, -2.918579)",911.8399999999999,15.00000000004458,141.5000000000099
Uribarri,N/A,W162445376,"(43.273080655467716, -2.9178267306692467)",1101.6459999999997,91.00000000006943,42.5000000000843
Uribarri,N/A,W123440625,"(43.27407575044531, -2.920164432463072)",1352.969,92.5000000002081,48.0000000000893
