territory,building_type,osmid,coord,distance,rise,fall
Basurtu-Zorrotza,building_public,W110382787,"(43.2776999, -2.9741186500000008)",546.414,4.499999999975245,6.499999999990099
Basurtu-Zorrotza,amenity_place_of_worship,W300969657,"(43.27707124217174, -2.9740794720992434)",554.367,4.499999999975246,2.9999999999851488
Basurtu-Zorrotza,amenity_community_centre,N3066705390,"(43.277338, -2.9746744)",687.64,4.499999999975246,5.999999999955442
Basurtu-Zorrotza,amenity_library,N11229807742,"(43.2774341, -2.9749112)",687.64,4.499999999975246,5.999999999955442
Basurtu-Zorrotza,building_public,W110382852,"(43.27811346878365, -2.974880436617395)",687.64,4.499999999975246,5.999999999955442
Basurtu-Zorrotza,building_train_station,W771882864,"(43.27774409144363, -2.972288289329312)",731.76,5.499999999980197,5.499999999980197
Basurtu-Zorrotza,amenity_community_centre,N6983084986,"(43.2739283, -2.9746927)",920.4810000000001,14.999999999995051,9.500000000004956
Basurtu-Zorrotza,amenity_school,W251096861,"(43.27528361750021, -2.9705968204589417)",996.1410000000002,25.999999999995048,4.000000000019803
Basurtu-Zorrotza,amenity_school,W138646173,"(43.273658206322374, -2.9724287872498514)",1059.2910000000002,30.99999999999505,10.999999999990102
