territory,building_type,osmid,coord,distance,rise,fall
Deusto,N/A,N4254043797,"(43.2711694, -2.94695)",420.90700000000004,11.500000000049528,34.99999999998515
Deusto,N/A,W185205681,"(43.27236008339459, -2.9507221366997642)",524.079,4.999999999940584,6.499999999925727
Deusto,N/A,N5056437799,"(43.2691029, -2.9449199)",548.1370000000001,7.000000000054484,47.50000000002477
Deusto,N/A,W185205688,"(43.26864835487923, -2.947859768119749)",713.3929999999999,11.500000000059439,53.000000000000014
