territory,building_type,osmid,coord,distance,rise,fall
Begona,N/A,N9607391207,"(43.2500267, -2.9080084)",521.652,6.000000000029743,3.5000000000396625
Begona,N/A,W305622069,"(43.25019552887615, -2.9072914369528084)",836.8729999999998,13.500000000004981,18.5000000000149
