territory,building_type,osmid,coord,distance,rise,fall
Errekalde,N/A,N5056184623,"(43.2568371, -2.9396557)",330.06,2.5000000000495675,1.0000000000446079
Abando,N/A,W96337695,"(43.25973970175266, -2.9371151663607047)",611.414,1.5000000000644178,15.000000000054513
Ibaiondo,N/A,N11229801356,"(43.2538282, -2.9319814)",700.8630000000002,28.500000000114,7.500000000029743
Errekalde,N/A,N5056183351,"(43.251483, -2.9359224)",716.399,37.50000000007435,7.500000000099135
