territory,building_type,osmid,coord,distance,rise,fall
Ibaiondo,amenity_school,W185284035,"(43.244405788428594, -2.9251938625874043)",196.97500000000002,0.5000000000644604,19.50000000001488
Ibaiondo,building_train_station,W453719236,"(43.24045334541864, -2.924084942378229)",536.764,16.500000000049592,24.5000000000248
