territory,building_type,osmid,coord,distance,rise,fall
Begona,N/A,N9607391207,"(43.2500267, -2.9080084)",291.60299999999995,0.0,18.500000000000014
Begona,N/A,N5056328910,"(43.2541211, -2.9149326)",624.806,8.500000000074337,7.500000000069392
Begona,N/A,W305622069,"(43.25019552887615, -2.9072914369528084)",796.4869999999999,7.999999999999993,34.00000000000001
