territory,building_type,osmid,coord,distance,rise,fall
Uribarri,N/A,N5056356248,"(43.2663985, -2.918579)",165.364,9.500000000049553,0.0
Uribarri,N/A,N4508853267,"(43.2655628, -2.9205809)",224.15999999999997,6.5,25.50000000004954
Uribarri,N/A,W248634544,"(43.26459250062579, -2.9231745754982787)",347.688,7.105427357601002e-15,35.00000000002477
Uribarri,N/A,N5056353256,"(43.2689626, -2.9250581)",510.593,10.500000000014868,36.50000000004458
Uribarri,N/A,N9607363904,"(43.2682033, -2.9265437)",598.4599999999999,0.49999999995542765,37.49999999996038
Uribarri,N/A,W123440604,"(43.26872494896904, -2.9260301349397224)",605.815,4.0000000000148646,36.00000000003962
