territory,building_type,osmid,coord,distance,rise,fall
Uribarri,N/A,W248634544,"(43.26459250062579, -2.9231745754982787)",290.28200000000004,0.0,25.000000000039634
Uribarri,N/A,N4508853267,"(43.2655628, -2.9205809)",294.609,9.999999999985143,19.000000000049546
Uribarri,N/A,N5056356248,"(43.2663985, -2.918579)",316.46700000000004,19.50000000003469,0.0
Uribarri,N/A,N5056353256,"(43.2689626, -2.9250581)",378.49999999999994,10.500000000014861,26.500000000059437
Uribarri,N/A,N9607363904,"(43.2682033, -2.9265437)",465.06199999999995,0.49999999995542055,27.499999999975234
Uribarri,N/A,W123440604,"(43.26872494896904, -2.9260301349397224)",473.722,4.0000000000148574,26.00000000005448
