territory,building_type,osmid,coord,distance,rise,fall
Deusto,N/A,W185205688,"(43.26864835487923, -2.947859768119749)",67.94,9.908518450174597e-12,1.7763568394002505e-15
Deusto,N/A,N5056437799,"(43.2691029, -2.9449199)",245.00300000000001,0.9999999999801918,1.7763568394002505e-15
Deusto,N/A,N4254043797,"(43.2711694, -2.94695)",251.99000000000004,18.00000000001486,3.552713678800501e-15
Abando,N/A,N518227646,"(43.2661789, -2.9463066)",456.236,7.5000000000148646,10.500000000034678
Deusto,N/A,W185205681,"(43.27236008339459, -2.9507221366997642)",769.1190000000001,41.99999999996535,2.0000000000000036
