territory,building_type,osmid,coord,distance,rise,fall
Ibaiondo,amenity_school,W185282998,"(43.2405881821674, -2.921607513021208)",299.678,6.4999999999999964,7.00000000003471
Ibaiondo,building_train_station,W453719236,"(43.24045334541864, -2.924084942378229)",353.8550000000001,16.000000000024798,5.500000000054547
Begona,amenity_school,W41376548,"(43.24403972070166, -2.918266302456059)",1525.5159999999998,32.0000000000149,19.00000000006945
