territory,building_type,osmid,coord,distance,rise,fall
Basurtu-Zorrotza,N/A,N5056200430,"(43.2613693, -2.9628267)",181.295,39.499999999999986,1.4210854715202004e-14
Basurtu-Zorrotza,N/A,W163196945,"(43.26546103784467, -2.9606482549113027)",1569.6249999999995,71.5000000001338,136.5000000000942
