territory,building_type,osmid,coord,distance,rise,fall
Otxarkoaga-Txurdinaga,N/A,W164512079,"(43.25788389565486, -2.8988002094288414)",547.773,7.499999999895948,6.499999999995055
Otxarkoaga-Txurdinaga,N/A,W164510985,"(43.257638496193636, -2.898318280368446)",652.505,12.499999999975245,6.499999999995055
Otxarkoaga-Txurdinaga,N/A,N4060532217,"(43.2581194, -2.8980592)",728.84,12.499999999975259,6.499999999995069
Otxarkoaga-Txurdinaga,N/A,N4060532220,"(43.2594633, -2.9000251)",797.656,29.5000000000595,6.499999999995083
