territory,building_type,osmid,coord,distance,rise,fall
Abando,N/A,N4762096882,"(43.2634, -2.9433546)",206.97600000000003,8.500000000059451,4.500000000039634
Abando,N/A,N4761972760,"(43.2642641, -2.9429738)",229.711,7.500000000009905,7.5000000000198135
Abando,N/A,W28211432,"(43.26554608054959, -2.93803822151696)",487.58400000000006,6.000000000039634,12.500000000029726
Abando,N/A,W171882527,"(43.26787786483111, -2.940565564584242)",515.4180000000001,2.972644352894349e-11,20.49999999999505
Abando,N/A,N518227646,"(43.2661789, -2.9463066)",583.2900000000001,7.500000000009911,24.500000000014865
