territory,building_type,osmid,coord,distance,rise,fall
Otxarkoaga-Txurdinaga,amenity_school,W298580885,"(43.252145781885545, -2.9041002912407294)",0.0,0.0,0.0
Otxarkoaga-Txurdinaga,amenity_school,W185282109,"(43.25366521738261, -2.906609666855828)",483.85600000000005,8.000000000049546,18.500000000094147
Otxarkoaga-Txurdinaga,amenity_police,W622325546,"(43.25530218844108, -2.9063156895208095)",597.488,24.000000000094197,22.000000000104087
Otxarkoaga-Txurdinaga,amenity_police,W622325547,"(43.255334209706184, -2.906310598872137)",597.488,24.000000000094197,22.000000000104087
Otxarkoaga-Txurdinaga,amenity_school,W185282107,"(43.25387952593527, -2.9081157892491385)",644.2909999999999,14.500000000089202,22.500000000094147
Otxarkoaga-Txurdinaga,amenity_police,W622325548,"(43.255404083652344, -2.906858896330697)",717.4449999999999,19.000000000029736,20.000000000039627
