territory,building_type,osmid,coord,distance,rise,fall
Otxarkoaga-Txurdinaga,N/A,N4060532220,"(43.2594633, -2.9000251)",219.22899999999998,2.000000000009919,10.499999999990095
Otxarkoaga-Txurdinaga,N/A,W164512079,"(43.25788389565486, -2.8988002094288414)",373.46400000000006,2.842170943040401e-14,30.50000000014373
Otxarkoaga-Txurdinaga,N/A,W164510985,"(43.257638496193636, -2.898318280368446)",478.196,5.000000000079325,30.50000000014373
Otxarkoaga-Txurdinaga,N/A,N4060532217,"(43.2581194, -2.8980592)",554.531,5.000000000079339,30.500000000143743
