territory,building_type,osmid,coord,distance,rise,fall
Deusto,railway_subway_entrance,N5299547436,"(43.2744156, -2.958025)",407.89,19.50000000000001,1.5000000000247695
Deusto,building_train_station,W378437650,"(43.27456673055102, -2.9582315021641943)",465.0369999999999,19.500000000000018,4.5000000000297256
Deusto,amenity_place_of_worship,W41880844,"(43.27554714351943, -2.9561012625662673)",636.706,31.000000000014868,1.5000000000247695
Deusto,amenity_library,N600664788,"(43.2774399, -2.958159)",679.108,23.00000000003961,12.50000000007427
Deusto,amenity_community_centre,W254514789,"(43.26956430038033, -2.96173829084464)",1932.297,11.500000000099043,20.00000000012875
