territory,building_type,osmid,coord,distance,rise,fall
Errekalde,amenity_school,W388280876,"(43.25316084419019, -2.9493565790141965)",415.349,7.999999999995033,46.99999999990086
Errekalde,amenity_school,W138709160,"(43.2507197898228, -2.945235337346584)",420.2,16.500000000203244,69.50000000009419
