territory,building_type,osmid,coord,distance,rise,fall
Ibaiondo,amenity_school,W185282998,"(43.2405881821674, -2.921607513021208)",290.024,6.5,1.5000000000099156
Ibaiondo,building_train_station,W453719236,"(43.24045334541864, -2.924084942378229)",344.2010000000001,16.000000000024798,2.9752200703114795e-11
Begona,amenity_school,W41376548,"(43.24403972070166, -2.918266302456059)",1480.86,32.0000000000149,13.500000000044649
