territory,building_type,osmid,coord,distance,rise,fall
Basurtu-Zorrotza,amenity_school,W138646173,"(43.273658206322374, -2.9724287872498514)",210.098,0.0,7.499999999955435
Basurtu-Zorrotza,amenity_school,W251096861,"(43.27528361750021, -2.9705968204589417)",265.17600000000004,0.9999999999603979,6.4999999999455405
Basurtu-Zorrotza,amenity_school,W251096855,"(43.27190400890658, -2.968858584144567)",377.366,51.50000000009905,12.00000000005943
Basurtu-Zorrotza,amenity_community_centre,N6983084986,"(43.2739283, -2.9746927)",524.2849999999999,4.000000000009905,25.999999999980194
Basurtu-Zorrotza,amenity_place_of_worship,W300969657,"(43.27707124217174, -2.9740794720992434)",606.8110000000001,0.500000000014861,26.49999999998515
Basurtu-Zorrotza,building_train_station,W771882864,"(43.27774409144363, -2.972288289329312)",683.785,1.00000000000496,28.49999999996534
