territory,building_type,osmid,coord,distance,rise,fall
Abando,N/A,N4731925117,"(43.2661842, -2.9329433)",192.485,12.500000000069349,10.500000000079257
Abando,N/A,W28211432,"(43.26554608054959, -2.93803822151696)",298.08000000000004,0.0,11.500000000054488
Abando,N/A,N1271964866,"(43.2645212, -2.9345677)",347.997,0.9999999999801794,1.000000000014854
Abando,N/A,W41688628,"(43.26399354682828, -2.9308926528671213)",575.3670000000002,9.500000000069374,5.500000000084228
