territory,building_type,osmid,coord,distance,rise,fall
Errekalde,N/A,N5056184623,"(43.2568371, -2.9396557)",501.871,5.000000000084256,4.500000000024784
Ibaiondo,N/A,N11229801356,"(43.2538282, -2.9319814)",560.9630000000001,27.500000000168512,7.500000000029743
Abando,N/A,W96337695,"(43.25973970175266, -2.9371151663607047)",692.129,5.5000000000693845,20.000000000004967
