territory,building_type,osmid,coord,distance,rise,fall
Begona,N/A,N9607391207,"(43.2500267, -2.9080084)",254.061,6.000000000029743,0.49999999997521627
Begona,N/A,W305622069,"(43.25019552887615, -2.9072914369528084)",595.0760000000001,14.000000000029736,15.99999999997521
