territory,building_type,osmid,coord,distance,rise,fall
Deusto,N/A,N4254043797,"(43.2711694, -2.94695)",133.151,5.00000000005943,0.0
Deusto,N/A,N5056437799,"(43.2691029, -2.9449199)",252.03900000000002,0.5000000000643858,12.500000000039623
Deusto,N/A,W185205688,"(43.26864835487923, -2.947859768119749)",423.3520000000001,5.00000000006934,18.000000000014865
Deusto,N/A,W185205681,"(43.27236008339459, -2.9507221366997642)",654.3000000000002,29.000000000009912,2.0
