territory,building_type,osmid,coord,distance,rise,fall
Basurtu-Zorrotza,N/A,W402170994,"(43.25967701277512, -2.9532145370708145)",170.31799999999998,3.4999999999950404,14.500000000029715
Basurtu-Zorrotza,N/A,N9607467466,"(43.2589548, -2.9488089)",746.651,9.500000000024798,29.000000000029743
Basurtu-Zorrotza,N/A,W632988668,"(43.26125499964527, -2.950015396409132)",828.535,11.000000000004988,37.00000000000993
