territory,building_type,osmid,coord,distance,rise,fall
Deusto,N/A,N5056421870,"(43.2773644, -2.9587254)",372.10900000000004,5.500000000029711,13.500000000039613
