territory,building_type,osmid,coord,distance,rise,fall
Errekalde,amenity_school,W389713153,"(43.245199613671275, -2.9490884363509653)",630.874,45.000000000307395,45.00000000002974
Errekalde,amenity_place_of_worship,W891085786,"(43.24306962047523, -2.9489897404357173)",768.8670000000001,59.000000000208246,45.00000000002974
