territory,building_type,osmid,coord,distance,rise,fall
Uribarri,N/A,N5056353256,"(43.2689626, -2.9250581)",419.051,18.99999999991583,61.49999999999507
Uribarri,N/A,W123440604,"(43.26872494896904, -2.9260301349397224)",513.865,8.000000000054495,56.50000000012878
Uribarri,N/A,N9607363904,"(43.2682033, -2.9265437)",577.726,8.000000000054495,61.50000000010897
