territory,building_type,osmid,coord,distance,rise,fall
Errekalde,amenity_school,W388280876,"(43.25316084419019, -2.9493565790141965)",438.775,7.999999999995033,63.50000000004956
Errekalde,amenity_school,W138709160,"(43.2507197898228, -2.945235337346584)",489.451,0.0,69.50000000003965
Errekalde,amenity_place_of_worship,N8894270302,"(43.2542534, -2.9466821)",619.4179999999999,7.105427357601002e-15,78.50000000010411
Errekalde,amenity_community_centre,N4896680970,"(43.2536856, -2.9454718)",642.583,4.959588295605499e-12,73.50000000006939
