territory,building_type,osmid,coord,distance,rise,fall
Deusto,amenity_community_centre,W254514789,"(43.26956430038033, -2.96173829084464)",513.6469999999999,3.500000000049525,5.000000000054477
Basurtu-Zorrotza,amenity_school,W251096855,"(43.27190400890658, -2.968858584144567)",5615.108,180.00000000054484,112.00000000055476
