territory,building_type,osmid,coord,distance,rise,fall
Ibaiondo,N/A,N11229801356,"(43.2538282, -2.9319814)",411.14799999999997,7.00000000012394,10.500000000074387
Ibaiondo,N/A,W376396126,"(43.25272399169551, -2.925878746109151)",618.535,1.0000000000000213,36.00000000006942
Ibaiondo,N/A,W404432093,"(43.25599232855877, -2.9282142750288136)",651.083,7.000000000079339,37.00000000010908
