territory,building_type,osmid,coord,distance,rise,fall
Basurtu-Zorrotza,N/A,N9607467466,"(43.2589548, -2.9488089)",124.316,0.0,1.9999999999702638
Abando,N/A,N5056379164,"(43.2581887, -2.9459426)",250.871,3.5000000000346887,3.0000000000495533
Basurtu-Zorrotza,N/A,W163195554,"(43.262640749370476, -2.9496477508797216)",466.814,11.999999999985139,16.499999999950457
Basurtu-Zorrotza,N/A,W632988668,"(43.26125499964527, -2.950015396409132)",645.8539999999999,8.500000000049567,17.000000000019835
Basurtu-Zorrotza,N/A,W402170994,"(43.25967701277512, -2.9532145370708145)",651.1600000000001,15.000000000158586,8.500000000158579
