territory,building_type,osmid,coord,distance,rise,fall
Basurtu-Zorrotza,N/A,N5056200430,"(43.2613693, -2.9628267)",252.21399999999997,39.99999999993068,9.499999999915815
