territory,building_type,osmid,coord,distance,rise,fall
Uribarri,amenity_school,W421480310,"(43.271711224908586, -2.914520389183935)",205.11100000000002,4.999999999980247,4.500000000004974
Uribarri,building_public,W162445376,"(43.273080655467695, -2.9178267306692462)",555.833,14.999999999910898,2.4999999999703277
