territory,building_type,osmid,coord,distance,rise,fall
Begona,N/A,N9607391207,"(43.2500267, -2.9080084)",924.0490000000002,35.500000000039684,14.000000000044643
Begona,N/A,W305622069,"(43.25019552887615, -2.9072914369528084)",965.826,27.499999999995076,13.500000000000036
