territory,building_type,osmid,coord,distance,rise,fall
Uribarri,N/A,W48045715,"(43.26461925000001, -2.912653900000001)",505.948,17.500000000128807,91.00000000027744
Uribarri,N/A,N5056355015,"(43.2646852, -2.9126594)",505.948,17.500000000128807,91.00000000027744
