territory,building_type,osmid,coord,distance,rise,fall
Errekalde,amenity_school,W389713153,"(43.245199613671275, -2.9490884363509653)",525.819,29.50000000003473,22.000000000024798
Errekalde,amenity_school,W138709160,"(43.2507197898228, -2.945235337346584)",657.3459999999999,9.99999999994052,51.500000000019845
