territory,building_type,osmid,coord,distance,rise,fall
Otxarkoaga-Txurdinaga,N/A,W164510985,"(43.257638496193636, -2.898318280368446)",46.117000000000004,2.999999999940542,0.0
Otxarkoaga-Txurdinaga,N/A,N4060532217,"(43.2581194, -2.8980592)",99.962,2.999999999940556,1.4210854715202004e-14
Otxarkoaga-Txurdinaga,N/A,W164512079,"(43.25788389565486, -2.8988002094288414)",150.849,2.999999999940542,5.000000000079297
Otxarkoaga-Txurdinaga,N/A,N4060532220,"(43.2594633, -2.9000251)",400.732,25.000000000104095,5.000000000079325
