territory,building_type,osmid,coord,distance,rise,fall
Errekalde,N/A,W111740255,"(43.25465516232398, -2.943640524057168)",116.77099999999999,0.0,10.00000000010408
Abando,N/A,N5056379164,"(43.2581887, -2.9459426)",498.09799999999996,7.500000000054527,15.500000000138776
Errekalde,N/A,N5056184623,"(43.2568371, -2.9396557)",590.682,11.000000000153626,16.500000000193275
Errekalde,N/A,N9607455457,"(43.252218, -2.9481901)",691.418,37.000000000089216,7.000000000089216
