territory,building_type,osmid,coord,distance,rise,fall
Errekalde,amenity_school,W388280876,"(43.25316084419019, -2.9493565790141965)",859.1199999999999,40.50000000001982,114.00000000000497
Errekalde,amenity_place_of_worship,N8894270302,"(43.2542534, -2.9466821)",1039.7630000000001,32.50000000002479,129.00000000005952
Basurtu-Zorrotza,amenity_library,N10313715009,"(43.2567015, -2.9490922)",1407.3759999999997,36.500000000148674,129.0000000001735
Basurtu-Zorrotza,amenity_police,W408633232,"(43.2565796201018, -2.9493267089254327)",1407.3759999999997,36.500000000148674,129.0000000001735
