territory,building_type,osmid,coord,distance,rise,fall
Errekalde,amenity_school,W388280876,"(43.25316084419019, -2.9493565790141965)",475.54299999999995,7.9999999999950475,63.500000000049575
Errekalde,amenity_school,W138709160,"(43.2507197898228, -2.945235337346584)",526.2189999999999,1.4210854715202004e-14,69.50000000003966
