territory,building_type,osmid,coord,distance,rise,fall
Basurtu-Zorrotza,amenity_school,W138646173,"(43.273658206322374, -2.9724287872498514)",292.193,6.000000000034664,10.000000000039616
Basurtu-Zorrotza,amenity_community_centre,N6983084986,"(43.2739283, -2.9746927)",445.036,4.000000000044569,22.50000000006438
Basurtu-Zorrotza,amenity_school,W251096861,"(43.27528361750021, -2.9705968204589417)",560.423,8.499999999960394,10.499999999995055
Basurtu-Zorrotza,amenity_school,W251096855,"(43.27190400890658, -2.968858584144567)",842.8189999999998,65.00000000008916,22.00000000009906
