territory,building_type,osmid,coord,distance,rise,fall
Uribarri,N/A,W48045715,"(43.26461925000001, -2.912653900000001)",211.44299999999998,1.4210854715202004e-14,2.500000000183306
Uribarri,N/A,N5056355015,"(43.2646852, -2.9126594)",211.44299999999998,1.4210854715202004e-14,2.500000000183306
Uribarri,N/A,N4060532227,"(43.2648784, -2.9149249)",339.427,7.0000000000792895,28.500000000203137
Uribarri,N/A,N5056356248,"(43.2663985, -2.918579)",715.247,14.500000000074351,35.00000000009416
