territory,building_type,osmid,coord,distance,rise,fall
Uribarri,amenity_school,W421480310,"(43.271711224908586, -2.914520389183935)",669.972,34.00000000008424,18.50000000015848
Uribarri,amenity_school,W476184022,"(43.26663423116968, -2.9156067047203797)",744.779,16.49999999993561,156.0000000000544
Uribarri,amenity_place_of_worship,N610953374,"(43.2654928, -2.9109833)",786.984,37.49999999989602,137.50000000007924
Uribarri,amenity_school,W48052362,"(43.26640023315709, -2.9103926848917308)",798.7280000000001,43.499999999881126,119.50000000011393
