territory,building_type,osmid,coord,distance,rise,fall
Begona,N/A,N5056328910,"(43.2541211, -2.9149326)",341.24100000000004,0.5000000000495675,14.000000000094161
Otxarkoaga-Txurdinaga,N/A,W235157481,"(43.25672274935615, -2.9070052667191253)",564.513,7.500000000014893,20.50000000004958
Begona,N/A,N9607391207,"(43.2500267, -2.9080084)",576.77,1.4210854715202004e-14,33.00000000004957
Begona,N/A,W305622069,"(43.25019552887615, -2.9072914369528084)",863.27,3.999999999990095,44.50000000003965
