territory,building_type,osmid,coord,distance,rise,fall
Ibaiondo,N/A,N5056088727,"(43.2562779, -2.9264049)",229.99400000000003,4.499999999960359,9.999999999975223
Ibaiondo,N/A,W404432093,"(43.25599232855877, -2.9282142750288136)",278.523,10.000000000014868,2.4773072482275893e-11
Ibaiondo,N/A,W375390416,"(43.25296603590128, -2.923187807157419)",286.526,10.500000000069393,13.000000000079298
Ibaiondo,N/A,W420558992,"(43.256988569906525, -2.92040166742721)",545.0479999999999,26.500000000054527,17.500000000084256
Ibaiondo,N/A,W41525574,"(43.25771234249542, -2.9221397271902023)",551.944,15.000000000143727,19.50000000016355
Ibaiondo,N/A,W108497734,"(43.25874273518262, -2.9247747311690637)",567.585,7.500000000019828,16.00000000001487
Ibaiondo,N/A,W376396126,"(43.25272399169551, -2.925878746109151)",754.8439999999999,24.000000000004974,19.000000000054534
