territory,building_type,osmid,coord,distance,rise,fall
Ibaiondo,N/A,W397099000,"(43.24088752072248, -2.9244925413981497)",571.387,25.500000000074387,24.5000000000248
