territory,building_type,osmid,coord,distance,rise,fall
Ibaiondo,N/A,N5056088727,"(43.2562779, -2.9264049)",75.283,0.0,5.4999999999900915
Ibaiondo,N/A,W404432093,"(43.25599232855877, -2.9282142750288136)",222.13,10.000000000014868,0.0
Ibaiondo,N/A,W375390416,"(43.25296603590128, -2.923187807157419)",406.42900000000003,10.500000000069393,13.000000000054525
Ibaiondo,N/A,W108497734,"(43.25874273518262, -2.9247747311690637)",412.874,3.000000000059469,11.50000000002974
Ibaiondo,N/A,W41525574,"(43.25771234249542, -2.9221397271902023)",512.311,3.000000000059469,7.500000000054516
Ibaiondo,N/A,W420558992,"(43.256988569906525, -2.92040166742721)",620.688,26.500000000024787,17.500000000029743
Ibaiondo,N/A,W376396126,"(43.25272399169551, -2.925878746109151)",722.2529999999999,24.000000000029747,19.000000000054534
