territory,building_type,osmid,coord,distance,rise,fall
Ibaiondo,N/A,N11229801356,"(43.2538282, -2.9319814)",182.10499999999996,1.0000000000594795,0.9999999999851354
Errekalde,N/A,N5056183351,"(43.251483, -2.9359224)",471.95300000000003,12.500000000000014,3.50000000003471
Ibaiondo,N/A,W404432093,"(43.25599232855877, -2.9282142750288136)",555.7489999999999,1.000000000059508,27.50000000006446
