territory,building_type,osmid,coord,distance,rise,fall
Errekalde,N/A,W111740255,"(43.25465516232398, -2.943640524057168)",239.229,0.0,12.000000000084256
Errekalde,N/A,N9607455457,"(43.252218, -2.9481901)",488.64099999999996,28.000000000024784,4.959588295605499e-12
Abando,N/A,N5056379164,"(43.2581887, -2.9459426)",591.5459999999999,7.500000000054527,17.500000000118952
