territory,building_type,osmid,coord,distance,rise,fall
Ibaiondo,N/A,W376396126,"(43.25272399169551, -2.925878746109151)",901.805,1.0000000000297504,47.0000000000595
