territory,building_type,osmid,coord,distance,rise,fall
Deusto,N/A,W185205681,"(43.27236008339459, -2.9507221366997642)",782.4240000000002,3.4999999999703064,68.49999999995545
