territory,building_type,osmid,coord,distance,rise,fall
Otxarkoaga-Txurdinaga,N/A,W235157481,"(43.25672274935615, -2.9070052667191253)",386.88599999999997,4.500000000024784,22.99999999996534
Otxarkoaga-Txurdinaga,N/A,N4060532216,"(43.2579448, -2.9067392)",450.287,11.000000000044608,22.99999999996534
