territory,building_type,osmid,coord,distance,rise,fall
Errekalde,N/A,N5056183351,"(43.251483, -2.9359224)",462.59800000000007,26.99999999996531,1.4210854715202004e-14
Errekalde,N/A,W111740255,"(43.25465516232398, -2.943640524057168)",511.3269999999999,11.500000000069384,17.500000000138776
