territory,building_type,osmid,coord,distance,rise,fall
Errekalde,N/A,W301165234,"(43.24714070207488, -2.9509802354261194)",112.893,17.50000000000003,8.4999999999703
Errekalde,N/A,N9607455457,"(43.252218, -2.9481901)",635.883,22.50000000002977,62.99999999999012
