territory,building_type,osmid,coord,distance,rise,fall
Errekalde,amenity_school,W389713153,"(43.245199613671275, -2.9490884363509653)",914.674,2.5000000000793534,41.499999999895905
Errekalde,amenity_place_of_worship,W891085786,"(43.24306962047523, -2.9489897404357173)",1052.667,16.499999999980204,41.499999999895905
