territory,building_type,osmid,coord,distance,rise,fall
Abando,N/A,N4761972760,"(43.2642641, -2.9429738)",179.61599999999999,7.500000000009905,7.5000000000198135
Abando,N/A,N4762096882,"(43.2634, -2.9433546)",257.071,8.500000000059451,4.500000000039634
Abando,N/A,W28211432,"(43.26554608054959, -2.93803822151696)",437.48900000000003,6.000000000039634,12.500000000029726
Abando,N/A,W171882527,"(43.26787786483111, -2.940565564584242)",465.32300000000004,2.972644352894349e-11,20.49999999999505
Abando,N/A,N518227646,"(43.2661789, -2.9463066)",533.195,7.500000000009911,24.500000000014865
