territory,building_type,osmid,coord,distance,rise,fall
Ibaiondo,N/A,W376396126,"(43.25272399169551, -2.925878746109151)",823.938,1.0000000000000213,47.0000000000595
Ibaiondo,N/A,W375390416,"(43.25296603590128, -2.923187807157419)",832.0480000000001,6.000000000000007,59.50000000001983
