territory,building_type,osmid,coord,distance,rise,fall
Uribarri,N/A,N5056356248,"(43.2663985, -2.918579)",293.38899999999995,19.99999999991084,19.499999999900922
Uribarri,N/A,N4508853267,"(43.2655628, -2.9205809)",360.469,5.499999999925691,33.500000000014865
Uribarri,N/A,W248634544,"(43.26459250062579, -2.9231745754982787)",509.09100000000007,0.0,44.000000000064404
Uribarri,N/A,N5056353256,"(43.2689626, -2.9250581)",522.7099999999999,9.5,44.50000000006935
Uribarri,N/A,W123440604,"(43.26872494896904, -2.9260301349397224)",632.0310000000001,4.0000000000148574,45.00000000007924
Uribarri,N/A,N9607363904,"(43.2682033, -2.9265437)",647.393,0.0,46.000000000044565
