territory,building_type,osmid,coord,distance,rise,fall
Errekalde,amenity_place_of_worship,W891085786,"(43.24306962047523, -2.9489897404357173)",83.108,4.958167210133979e-11,0.0
Errekalde,amenity_school,W389713153,"(43.245199613671275, -2.9490884363509653)",221.101,4.958167210133979e-11,13.99999999990085
