territory,building_type,osmid,coord,distance,rise,fall
Abando,N/A,N5056379164,"(43.2581887, -2.9459426)",340.10499999999996,1.0000000000099263,11.00000000009912
Basurtu-Zorrotza,N/A,N9607467466,"(43.2589548, -2.9488089)",472.02700000000004,6.442490985136828e-11,12.500000000109019
Basurtu-Zorrotza,N/A,W402170994,"(43.25967701277512, -2.9532145370708145)",508.1550000000001,7.499999999975238,11.50000000004956
Basurtu-Zorrotza,N/A,W632988668,"(43.26125499964527, -2.950015396409132)",925.864,11.50000000000994,30.500000000054538
