territory,building_type,osmid,coord,distance,rise,fall
Basurtu-Zorrotza,tourism_hostel,W52528082,"(43.26320722722957, -2.9613203976201534)",225.828,18.500000000044594,25.499999999995026
Basurtu-Zorrotza,amenity_place_of_worship,W297437908,"(43.262797302818186, -2.962656780084932)",254.13500000000002,48.000000000004945,19.999999999985135
Basurtu-Zorrotza,amenity_place_of_worship,W163196945,"(43.265461037844666, -2.9606482549113027)",1659.1,79.00000000022294,137.00000000018332
Deusto,amenity_community_centre,N6777788085,"(43.2672525, -2.9597383)",3594.2689999999993,50.50000000026255,135.0000000002527
Deusto,amenity_theatre,N3696895644,"(43.2673338, -2.9604465)",3612.0389999999998,50.50000000026255,135.0000000002527
Deusto,amenity_place_of_worship,N9652033547,"(43.2685894, -2.9604807)",3824.955,51.00000000027246,135.50000000025764
Deusto,amenity_place_of_worship,W176664325,"(43.268567154157736, -2.9604612424344765)",3824.955,51.00000000027246,135.50000000025764
Deusto,amenity_arts_centre,W176679093,"(43.26780294167776, -2.960577805719317)",4000.2549999999997,51.00000000028236,135.50000000026756
