territory,building_type,osmid,coord,distance,rise,fall
Uribarri,N/A,N5056356248,"(43.2663985, -2.918579)",157.901,2.842170943040401e-14,4.999999999950489
Uribarri,N/A,N4060532227,"(43.2648784, -2.9149249)",259.07899999999995,8.000000000004974,14.000000000059472
Uribarri,N/A,N4508853267,"(43.2655628, -2.9205809)",380.821,8.000000000024798,41.50000000007435
Uribarri,N/A,W48045715,"(43.26461925000001, -2.912653900000001)",477.7160000000001,27.49999999996041,14.500000000074351
Uribarri,N/A,N5056355015,"(43.2646852, -2.9126594)",477.7160000000001,27.49999999996041,14.500000000074351
