territory,building_type,osmid,coord,distance,rise,fall
Abando,N/A,W28211432,"(43.26554608054959, -2.93803822151696)",238.848,4.000000000034678,2.499999999990095
Abando,N/A,N4761972760,"(43.2642641, -2.9429738)",373.286,18.000000000079254,10.00000000005449
Abando,N/A,N1271964866,"(43.2645212, -2.9345677)",419.76899999999995,13.000000000064396,0.0
Abando,N/A,W171882527,"(43.26787786483111, -2.940565564584242)",493.095,1.0000000000396292,13.499999999970282
Abando,N/A,N4762096882,"(43.2634, -2.9433546)",496.552,28.000000000173387,16.000000000118895
Abando,N/A,W96337695,"(43.25973970175266, -2.9371151663607047)",802.5059999999999,19.000000000138712,6.500000000084224
