territory,building_type,osmid,coord,distance,rise,fall
Uribarri,N/A,W48045715,"(43.26461925000001, -2.912653900000001)",241.758,0.0,47.50000000000499
Uribarri,N/A,N5056355015,"(43.2646852, -2.9126594)",241.758,0.0,47.50000000000499
Uribarri,N/A,N4060532227,"(43.2648784, -2.9149249)",475.1960000000001,7.0000000000792895,73.50000000002484
