territory,building_type,osmid,coord,distance,rise,fall
Abando,N/A,N1271964866,"(43.2645212, -2.9345677)",0.0,0.0,0.0
Abando,N/A,N4731925117,"(43.2661842, -2.9329433)",297.142,2.500000000079261,0.5000000000544951
Abando,N/A,W28211432,"(43.26554608054959, -2.93803822151696)",366.804,0.0,11.500000000019813
Abando,N/A,W41688628,"(43.26399354682828, -2.9308926528671213)",372.6379999999999,9.00000000009413,5.000000000074309
Abando,N/A,N3207631929,"(43.2618877, -2.9308223)",377.402,8.000000000054506,3.500000000064407
Abando,N/A,W108504682,"(43.26150873360247, -2.9323193974511943)",492.81,8.000000000054506,4.50000000004459
Abando,N/A,W96337695,"(43.25973970175266, -2.9371151663607047)",568.4899999999999,8.500000000104041,9.00000000011395
