territory,building_type,osmid,coord,distance,rise,fall
Basurtu-Zorrotza,N/A,W163196945,"(43.26546103784467, -2.9606482549113027)",3164.791,57.0000000002873,30.50000000026254
