territory,building_type,osmid,coord,distance,rise,fall
Begona,N/A,N5056328910,"(43.2541211, -2.9149326)",394.7289999999999,32.00000000013879,5.500000000044629
Ibaiondo,N/A,W420558992,"(43.256988569906525, -2.92040166742721)",704.2959999999998,6.500000000168491,24.000000000089194
