territory,building_type,osmid,coord,distance,rise,fall
Ibaiondo,N/A,W41525574,"(43.25771234249542, -2.9221397271902023)",27.714,0.0,3.552713678800501e-15
Ibaiondo,N/A,W420558992,"(43.256988569906525, -2.92040166742721)",168.34300000000002,13.499999999990088,0.0
Ibaiondo,N/A,W108497734,"(43.25874273518262, -2.9247747311690637)",286.69599999999997,0.5000000000198206,4.4999999999950475
Ibaiondo,N/A,W485363913,"(43.25997684824978, -2.9220146785419328)",366.4069999999999,0.5000000000644214,0.5000000000297398
Ibaiondo,N/A,W375390416,"(43.25296603590128, -2.923187807157419)",508.68600000000004,17.000000000153634,15.000000000143721
Ibaiondo,N/A,N5056088727,"(43.2562779, -2.9264049)",615.308,7.500000000054516,8.500000000049564
Ibaiondo,N/A,W404432093,"(43.25599232855877, -2.9282142750288136)",708.0820000000001,17.500000000069384,3.0000000000594724
Abando,N/A,W44113519,"(43.25993749738077, -2.9264652360563534)",744.791,17.50000000004955,16.50000000005451
