territory,building_type,osmid,coord,distance,rise,fall
Begona,N/A,N9607391207,"(43.2500267, -2.9080084)",553.086,12.999999999945487,2.499999999960366
Begona,N/A,W305622069,"(43.25019552887615, -2.9072914369528084)",669.249,13.500000000004995,10.500000000019874
