territory,building_type,osmid,coord,distance,rise,fall
Errekalde,N/A,W111740255,"(43.25465516232398, -2.943640524057168)",307.303,7.5000000000991065,6.00000000012885
Errekalde,N/A,N5056184623,"(43.2568371, -2.9396557)",439.316,12.500000000123883,6.500000000089194
Abando,N/A,N5056379164,"(43.2581887, -2.9459426)",536.2750000000001,10.5000000000991,7.0000000001090115
