territory,building_type,osmid,coord,distance,rise,fall
Otxarkoaga-Txurdinaga,N/A,W164510985,"(43.257638496193636, -2.898318280368446)",310.863,12.500000000009933,20.999999999980204
Otxarkoaga-Txurdinaga,N/A,N4060532217,"(43.2581194, -2.8980592)",348.614,9.500000000069406,18.000000000039677
Otxarkoaga-Txurdinaga,N/A,W164512079,"(43.25788389565486, -2.8988002094288414)",415.59499999999997,12.500000000009933,26.0000000000595
Otxarkoaga-Txurdinaga,N/A,N4060532220,"(43.2594633, -2.9000251)",665.478,34.500000000173486,26.00000000005953
