territory,building_type,osmid,coord,distance,rise,fall
Ibaiondo,N/A,W41525574,"(43.25771234249542, -2.9221397271902023)",158.05899999999997,0.0,7.500000000054506
Ibaiondo,N/A,W108497734,"(43.25874273518262, -2.9247747311690637)",319.96500000000003,0.0,11.500000000029729
Ibaiondo,N/A,W485363913,"(43.25997684824978, -2.9220146785419328)",320.1020000000001,0.5000000000099121,8.000000000029733
Ibaiondo,N/A,W420558992,"(43.256988569906525, -2.92040166742721)",348.104,13.499999999990091,7.500000000054506
Ibaiondo,N/A,N5056088727,"(43.2562779, -2.9264049)",733.7049999999999,8.000000000029743,16.500000000079293
Abando,N/A,W44113519,"(43.25993749738077, -2.9264652360563534)",756.263,17.00000000002973,23.50000000008919
