territory,building_type,osmid,coord,distance,rise,fall
Deusto,amenity_school,W185206614,"(43.270374325567914, -2.9405683012120356)",430.37699999999995,0.0,43.000000000217895
Deusto,amenity_theatre,N10313700309,"(43.2696477, -2.9426557)",533.663,2.999999999950475,36.50000000010399
Deusto,amenity_place_of_worship,W112164512,"(43.272432347664996, -2.945613879322651)",603.131,25.999999999891063,49.00000000015353
Deusto,amenity_place_of_worship,N10585141905,"(43.2704473, -2.9376418)",631.5,2.5000000000396216,36.00000000020304
Deusto,amenity_place_of_worship,N10585123305,"(43.2710612, -2.9375073)",762.3149999999999,18.99999999995048,36.000000000203045
Abando,building_public,W174088302,"(43.268486680006, -2.937820626938481)",890.482,4.000000000014861,48.000000000163425
