territory,building_type,osmid,coord,distance,rise,fall
Abando,N/A,W44016098,"(43.261229928011566, -2.929048100639934)",147.37400000000002,3.000000000059458,7.105427357601002e-15
Abando,N/A,N3207631929,"(43.2618877, -2.9308223)",171.14,0.5000000000346816,0.0
Abando,N/A,W28776478,"(43.259963913422865, -2.9284384320288925)",218.786,3.000000000059458,4.500000000029736
Abando,N/A,W110895854,"(43.26092919682561, -2.9269453237882157)",253.445,3.552713678800501e-15,4.000000000014872
Abando,N/A,W108504682,"(43.26150873360247, -2.9323193974511943)",280.362,4.500000000138726,5.000000000084228
Abando,N/A,W41688628,"(43.26399354682828, -2.9308926528671213)",332.98999999999995,3.5000000000644036,3.5
Abando,N/A,W44113519,"(43.25993749738077, -2.9264652360563534)",361.33799999999997,0.0,9.999999999985143
Ibaiondo,N/A,W108497734,"(43.25874273518262, -2.9247747311690637)",713.7540000000001,8.000000000019824,22.99999999997523
