territory,building_type,osmid,coord,distance,rise,fall
Uribarri,N/A,N5056353256,"(43.2689626, -2.9250581)",297.58600000000007,12.000000000014865,35.49999999995545
Uribarri,N/A,W123440604,"(43.26872494896904, -2.9260301349397224)",459.18000000000006,19.00000000001982,48.49999999995545
Uribarri,N/A,N9607363904,"(43.2682033, -2.9265437)",523.041,19.00000000001982,53.49999999993564
