territory,building_type,osmid,coord,distance,rise,fall
Errekalde,amenity_school,W388280876,"(43.25316084419019, -2.9493565790141965)",120.47,11.000000000044608,0.0
Errekalde,amenity_place_of_worship,N8894270302,"(43.2542534, -2.9466821)",225.12399999999997,7.105427357601002e-15,12.00000000000496
Errekalde,amenity_community_centre,N4896680970,"(43.2536856, -2.9454718)",265.902,4.959588295605499e-12,6.999999999970257
Errekalde,amenity_school,W138709160,"(43.2507197898228, -2.945235337346584)",284.495,14.500000000069406,17.50000000000992
Basurtu-Zorrotza,amenity_place_of_worship,R11227990,"(43.25576330060649, -2.947366226912851)",452.839,1.000000000034703,14.000000000029743
Errekalde,railway_subway_entrance,N4541084182,"(43.2547373, -2.9438461)",474.765,4.959588295605499e-12,19.000000000054513
Errekalde,building_train_station,W111740255,"(43.25465516232399, -2.943640524057168)",474.765,4.959588295605499e-12,19.000000000054513
Errekalde,railway_subway_entrance,N4541079485,"(43.2540911, -2.9419025)",651.869,1.0000000000792966,19.000000000054513
