territory,building_type,osmid,coord,distance,rise,fall
Otxarkoaga-Txurdinaga,N/A,N4060532220,"(43.2594633, -2.9000251)",412.795,30.500000000079282,5.5000000000495675
Otxarkoaga-Txurdinaga,N/A,W164512079,"(43.25788389565486, -2.8988002094288414)",483.67500000000007,7.499999999895948,4.5000000000297575
Otxarkoaga-Txurdinaga,N/A,W164510985,"(43.257638496193636, -2.898318280368446)",588.407,12.499999999975245,4.5000000000297575
Otxarkoaga-Txurdinaga,N/A,N4060532217,"(43.2581194, -2.8980592)",664.7420000000001,12.499999999975259,4.500000000029772
