territory,building_type,osmid,coord,distance,rise,fall
Deusto,N/A,N5056421870,"(43.2773644, -2.9587254)",138.333,2.999999999985153,0.0
Deusto,N/A,W290069950,"(43.280414549918596, -2.9601837787502543)",503.525,7.000000000069312,9.000000000059407
Deusto,N/A,N10308519810,"(43.2812493, -2.9624445)",615.5470000000001,7.105427357601002e-15,10.500000000024755
