territory,building_type,osmid,coord,distance,rise,fall
Errekalde,N/A,N5056183351,"(43.251483, -2.9359224)",772.616,13.000000000049553,22.000000000029715
Errekalde,N/A,W41415573,"(43.24640784978145, -2.937495477469789)",1521.813,37.000000000064446,37.500000000084285
