territory,building_type,osmid,coord,distance,rise,fall
Uribarri,N/A,N5056356248,"(43.2663985, -2.918579)",518.702,6.0000000000247695,25.000000000004945
Uribarri,N/A,N5056353256,"(43.2689626, -2.9250581)",592.5579999999999,4.500000000000014,59.00000000005946
Uribarri,N/A,N4508853267,"(43.2655628, -2.9205809)",610.152,20.49999999999011,68.00000000006938
Uribarri,N/A,W123440604,"(43.26872494896904, -2.9260301349397224)",754.1520000000002,11.50000000000497,72.00000000005946
Uribarri,N/A,N9607363904,"(43.2682033, -2.9265437)",818.0130000000001,11.50000000000497,77.00000000003965
Uribarri,N/A,W123440625,"(43.27407575044531, -2.920164432463072)",1409.1930000000004,156.50000000017823,4.500000000074294
Uribarri,N/A,W162445376,"(43.273080655467716, -2.9178267306692467)",1472.1680000000003,160.50000000004462,4.500000000074351
