territory,building_type,osmid,coord,distance,rise,fall
Uribarri,N/A,W48045715,"(43.26461925000001, -2.912653900000001)",94.87200000000001,0.0,15.50000000004458
Uribarri,N/A,N5056355015,"(43.2646852, -2.9126594)",94.87200000000001,0.0,15.50000000004458
Uribarri,N/A,N4060532227,"(43.2648784, -2.9149249)",328.492,7.000000000079275,41.50000000006441
