territory,building_type,osmid,coord,distance,rise,fall
Deusto,N/A,N4254043797,"(43.2711694, -2.94695)",503.756,7.999999999995072,31.500000000009937
Deusto,N/A,N5056437799,"(43.2691029, -2.9449199)",630.986,3.5000000000000284,44.00000000004956
