territory,building_type,osmid,coord,distance,rise,fall
Uribarri,N/A,N5056356248,"(43.2663985, -2.918579)",249.64,6.000000000029715,1.9999999999553921
Uribarri,N/A,N4508853267,"(43.2655628, -2.9205809)",476.164,6.000000000029743,30.500000000054513
Uribarri,N/A,N4060532227,"(43.2648784, -2.9149249)",510.4140000000001,17.000000000029743,14.000000000059458
Uribarri,N/A,W248634544,"(43.26459250062579, -2.9231745754982787)",716.356,6.000000000029743,46.50000000002974
