territory,building_type,osmid,coord,distance,rise,fall
Ibaiondo,N/A,W397099000,"(43.24088752072248, -2.9244925413981497)",488.354,13.000000000069427,24.5000000000248
