territory,building_type,osmid,coord,distance,rise,fall
Ibaiondo,N/A,N11229801356,"(43.2538282, -2.9319814)",432.66499999999996,2.000000000109054,11.000000000034717
Errekalde,N/A,N5056183351,"(43.251483, -2.9359224)",452.60699999999997,9.500000000019824,9.500000000054527
Ibaiondo,N/A,W376396126,"(43.25272399169551, -2.925878746109151)",701.218,2.4999999999851568,43.00000000002977
