territory,building_type,osmid,coord,distance,rise,fall
Otxarkoaga-Txurdinaga,N/A,W164510985,"(43.257638496193636, -2.898318280368446)",200.579,12.000000000034703,0.0
Otxarkoaga-Txurdinaga,N/A,N4060532217,"(43.2581194, -2.8980592)",275.486,12.000000000034717,1.4210854715202004e-14
Otxarkoaga-Txurdinaga,N/A,W164512079,"(43.25788389565486, -2.8988002094288414)",305.311,12.000000000034703,5.000000000079297
Otxarkoaga-Txurdinaga,N/A,N4060532220,"(43.2594633, -2.9000251)",555.194,34.000000000198256,5.000000000079325
