territory,building_type,osmid,coord,distance,rise,fall
Uribarri,N/A,N9607363904,"(43.2682033, -2.9265437)",150.19899999999998,0.49999999995542055,0.9999999999653291
Uribarri,N/A,N5056353256,"(43.2689626, -2.9250581)",206.884,18.000000000009905,7.500000000044576
Uribarri,N/A,W123440604,"(43.26872494896904, -2.9260301349397224)",211.804,5.499999999935611,0.9999999999653291
Uribarri,N/A,W248634544,"(43.26459250062579, -2.9231745754982787)",498.31300000000005,19.000000000014865,17.500000000044594
Uribarri,N/A,N4508853267,"(43.2655628, -2.9205809)",581.8750000000001,22.999999999940556,5.499999999995055
