territory,building_type,osmid,coord,distance,rise,fall
Uribarri,N/A,W48045715,"(43.26461925000001, -2.912653900000001)",429.44999999999993,16.500000000044608,52.000000000178375
Uribarri,N/A,N5056355015,"(43.2646852, -2.9126594)",429.44999999999993,16.500000000044608,52.000000000178375
Uribarri,N/A,N4060532227,"(43.2648784, -2.9149249)",593.4789999999998,4.499999999975252,59.000000000049575
