territory,building_type,osmid,coord,distance,rise,fall
Abando,N/A,N5056379164,"(43.2581887, -2.9459426)",426.598,1.0000000000099192,11.500000000034696
Errekalde,N/A,W111740255,"(43.25465516232398, -2.943640524057168)",476.36099999999993,3.000000000019824,15.500000000064432
Basurtu-Zorrotza,N/A,N9607467466,"(43.2589548, -2.9488089)",571.3130000000001,2.5000000000594724,15.500000000039648
Errekalde,N/A,N9607455457,"(43.252218, -2.9481901)",639.289,32.50000000004957,4.999999999990095
