territory,building_type,osmid,coord,distance,rise,fall
Ibaiondo,N/A,W420558992,"(43.256988569906525, -2.92040166742721)",16.961,0.0,0.0
Ibaiondo,N/A,W41525574,"(43.25771234249542, -2.9221397271902023)",204.841,0.0,13.499999999990091
Ibaiondo,N/A,W108497734,"(43.25874273518262, -2.9247747311690637)",463.823,0.5000000000198206,17.999999999985135
Ibaiondo,N/A,W485363913,"(43.25997684824978, -2.9220146785419328)",543.534,0.5000000000644214,14.000000000019828
Ibaiondo,N/A,W375390416,"(43.25296603590128, -2.923187807157419)",544.3,15.000000000074344,26.50000000005452
Ibaiondo,N/A,N5056088727,"(43.2562779, -2.9264049)",710.767,17.500000000029743,32.00000000001488
