territory,building_type,osmid,coord,distance,rise,fall
Abando,N/A,N1271964866,"(43.2645212, -2.9345677)",117.805,0.9999999999801794,0.0
Abando,N/A,W28211432,"(43.26554608054959, -2.93803822151696)",248.99899999999997,0.0,10.500000000039634
Abando,N/A,N4731925117,"(43.2661842, -2.9329433)",413.89300000000003,3.000000000014861,9.915623877532198e-12
Abando,N/A,W41688628,"(43.26399354682828, -2.9308926528671213)",490.4429999999999,10.000000000074309,5.000000000074309
Abando,N/A,W171882527,"(43.26787786483111, -2.940565564584242)",573.034,0.5000000000049534,25.000000000019824
Abando,N/A,W108504682,"(43.26150873360247, -2.9323193974511943)",573.4819999999999,11.50000000008918,7.000000000099085
