territory,building_type,osmid,coord,distance,rise,fall
Basurtu-Zorrotza,amenity_community_centre,W301694691,"(43.25639843254374, -2.9578756320078523)",142.458,24.000000000178417,14.499999999990095
Basurtu-Zorrotza,amenity_place_of_worship,W301694701,"(43.25652086676977, -2.957615550547145)",166.20800000000003,24.00000000017843,35.00000000006939
Basurtu-Zorrotza,amenity_police,W61650845,"(43.25483560908443, -2.9622720539357044)",1088.6550000000002,102.50000000018335,32.50000000008424
Basurtu-Zorrotza,amenity_police,W404633890,"(43.254956017399024, -2.962172628386112)",1088.6550000000002,102.50000000018335,32.50000000008424
