territory,building_type,osmid,coord,distance,rise,fall
Basurtu-Zorrotza,N/A,W163196945,"(43.26546103784467, -2.9606482549113027)",2782.267,56.50000000024272,32.00000000020805
