territory,building_type,osmid,coord,distance,rise,fall
Ibaiondo,N/A,N11229801356,"(43.2538282, -2.9319814)",142.125,11.000000000054527,0.0
Ibaiondo,N/A,W404432093,"(43.25599232855877, -2.9282142750288136)",461.46299999999997,11.999999999995062,27.50000000001983
Ibaiondo,N/A,N5056088727,"(43.2562779, -2.9264049)",718.925,4.00000000000497,35.000000000034696
Ibaiondo,N/A,W376396126,"(43.25272399169551, -2.925878746109151)",744.9639999999999,11.000000000054548,31.500000000118973
