territory,building_type,osmid,coord,distance,rise,fall
Begona,N/A,N5056328910,"(43.2541211, -2.9149326)",483.25099999999986,39.50000000009419,10.000000000044636
Ibaiondo,N/A,W41525574,"(43.25771234249542, -2.9221397271902023)",637.072,2.5000000000247837,30.499999999980187
Ibaiondo,N/A,W420558992,"(43.256988569906525, -2.92040166742721)",654.5939999999999,3.0000000000594653,17.500000000024777
