territory,building_type,osmid,coord,distance,rise,fall
Otxarkoaga-Txurdinaga,N/A,N4060532220,"(43.2594633, -2.9000251)",255.85400000000004,21.000000000059444,6.0000000000148646
Otxarkoaga-Txurdinaga,N/A,W164512079,"(43.25788389565486, -2.8988002094288414)",396.1290000000001,12.500000000069377,19.500000000188322
Otxarkoaga-Txurdinaga,N/A,W164510985,"(43.257638496193636, -2.898318280368446)",500.8610000000001,17.500000000148674,19.500000000188322
Otxarkoaga-Txurdinaga,N/A,N4060532217,"(43.2581194, -2.8980592)",577.1960000000001,17.500000000148688,19.500000000188336
Otxarkoaga-Txurdinaga,N/A,N4060532216,"(43.2579448, -2.9067392)",651.392,18.999999999995055,29.999999999975245
Otxarkoaga-Txurdinaga,N/A,W235157481,"(43.25672274935615, -2.9070052667191253)",721.453,13.499999999930623,30.999999999930637
