territory,building_type,osmid,coord,distance,rise,fall
Uribarri,N/A,W48045715,"(43.26461925000001, -2.912653900000001)",712.8229999999998,17.500000000128807,103.50000000017836
Uribarri,N/A,N5056355015,"(43.2646852, -2.9126594)",712.8229999999998,17.500000000128807,103.50000000017836
Uribarri,N/A,N4060532227,"(43.2648784, -2.9149249)",946.4429999999998,24.500000000208082,129.50000000019818
