territory,building_type,osmid,coord,distance,rise,fall
Abando,N/A,N518227646,"(43.2661789, -2.9463066)",169.463,3.552713678800501e-15,12.500000000069353
Abando,N/A,N4761972760,"(43.2642641, -2.9429738)",281.48,4.4999999999256985,3.552713678800501e-15
Abando,N/A,N4762096882,"(43.2634, -2.9433546)",405.98,8.499999999955424,3.552713678800501e-15
Abando,N/A,W171882527,"(43.26787786483111, -2.940565564584242)",413.951,3.000000000034676,19.000000000064396
Deusto,N/A,W185205688,"(43.26864835487923, -2.947859768119749)",504.9510000000001,4.500000000009914,14.00000000004954
Deusto,N/A,N5056437799,"(43.2691029, -2.9449199)",551.855,5.499999999980195,14.000000000049539
