territory,building_type,osmid,coord,distance,rise,fall
Basurtu-Zorrotza,amenity_community_centre,N6983084986,"(43.2739283, -2.9746927)",449.8040000000001,2.500000000064386,7.000000000064384
Basurtu-Zorrotza,amenity_school,W138646173,"(43.273658206322374, -2.9724287872498514)",482.903,11.000000000064386,1.0000000000495284
Basurtu-Zorrotza,amenity_school,W251096855,"(43.27190400890658, -2.968858584144567)",633.588,60.00000000013373,3.000000000123819
