territory,building_type,osmid,coord,distance,rise,fall
Ibaiondo,N/A,W420558992,"(43.256988569906525, -2.92040166742721)",413.452,9.499999999995048,22.000000000089216
Begona,N/A,N5056328910,"(43.2541211, -2.9149326)",534.5429999999999,31.499999999920725,2.842170943040401e-14
Ibaiondo,N/A,W41525574,"(43.25771234249542, -2.9221397271902023)",601.3319999999999,9.499999999995048,35.50000000007931
Ibaiondo,N/A,W375390416,"(43.25296603590128, -2.923187807157419)",677.1270000000001,30.000000000113996,54.000000000188344
