territory,building_type,osmid,coord,distance,rise,fall
Ibaiondo,N/A,W41525574,"(43.25771234249542, -2.9221397271902023)",136.361,0.5000000000297362,5.4509285973836086e-11
Ibaiondo,N/A,W108497734,"(43.25874273518262, -2.9247747311690637)",202.195,0.0,3.4999999999999964
Ibaiondo,N/A,W485363913,"(43.25997684824978, -2.9220146785419328)",202.332,0.5000000000099121,0.0
Ibaiondo,N/A,W420558992,"(43.256988569906525, -2.92040166742721)",326.40599999999995,14.000000000019828,5.4509285973836086e-11
Ibaiondo,N/A,N5056088727,"(43.2562779, -2.9264049)",615.9350000000001,8.000000000029743,8.50000000004956
Abando,N/A,W44113519,"(43.25993749738077, -2.9264652360563534)",638.493,17.00000000002973,15.500000000059458
