territory,building_type,osmid,coord,distance,rise,fall
Errekalde,amenity_school,W165462102,"(43.245592158361845, -2.9342422839261544)",256.312,1.4210854715202004e-14,21.500000000044636
Ibaiondo,amenity_school,N4757644627,"(43.2481224, -2.9325122)",828.098,8.000000000059487,41.000000000119
Ibaiondo,amenity_place_of_worship,N4757644648,"(43.2483414, -2.9337821)",828.098,8.000000000059487,41.000000000119
Ibaiondo,amenity_place_of_worship,N1048012605,"(43.2484729, -2.9338091)",1235.488,15.500000000039662,53.50000000007438
