territory,building_type,osmid,coord,distance,rise,fall
Deusto,N/A,N5056437799,"(43.2691029, -2.9449199)",364.91700000000003,12.000000000064386,7.00000000001981
Abando,N/A,W171882527,"(43.26787786483111, -2.940565564584242)",533.1769999999999,1.9999999999801896,4.499999999895991
