territory,building_type,osmid,coord,distance,rise,fall
Deusto,N/A,N5056421870,"(43.2773644, -2.9587254)",235.019,4.999999999960396,3.9999999999702975
Deusto,N/A,W290069950,"(43.280414549918596, -2.9601837787502543)",449.76,6.500000000039604,10.500000000024754
Deusto,N/A,N10308519810,"(43.2812493, -2.9624445)",593.659,2.500000000034653,15.000000000054456
