territory,building_type,osmid,coord,distance,rise,fall
Basurtu-Zorrotza,amenity_community_centre,N6983084986,"(43.2739283, -2.9746927)",168.537,2.0000000000198064,6.500000000019808
Basurtu-Zorrotza,amenity_place_of_worship,W300969657,"(43.27707124217174, -2.9740794720992434)",232.59700000000004,0.0,8.5
Basurtu-Zorrotza,amenity_school,W138646173,"(43.273658206322374, -2.9724287872498514)",307.34700000000004,18.000000000019806,8.000000000004952
Basurtu-Zorrotza,building_public,W110382787,"(43.2776999, -2.9741186500000008)",328.472,8.881784197001252e-16,12.00000000000495
Basurtu-Zorrotza,amenity_school,W251096861,"(43.27528361750021, -2.9705968204589417)",400.051,12.5,0.5000000000148539
Basurtu-Zorrotza,amenity_community_centre,N3066705390,"(43.277338, -2.9746744)",410.85,8.881784197001252e-16,11.499999999970294
Basurtu-Zorrotza,amenity_library,N11229807742,"(43.2774341, -2.9749112)",410.85,8.881784197001252e-16,11.499999999970294
Basurtu-Zorrotza,building_public,W110382852,"(43.27811346878365, -2.974880436617395)",410.85,8.881784197001252e-16,11.499999999970294
Basurtu-Zorrotza,building_train_station,W771882864,"(43.27774409144363, -2.972288289329312)",454.97,1.000000000004952,10.99999999999505
