territory,building_type,osmid,coord,distance,rise,fall
Abando,N/A,N3207631929,"(43.2618877, -2.9308223)",61.021,1.5000000000198241,0.0
Abando,N/A,W108504682,"(43.26150873360247, -2.9323193974511943)",176.42900000000003,1.5000000000198241,0.999999999980183
Abando,N/A,W41688628,"(43.26399354682828, -2.9308926528671213)",262.632,5.500000000099085,4.500000000049539
Abando,N/A,N1271964866,"(43.2645212, -2.9345677)",316.38100000000003,3.500000000064407,6.500000000034682
Abando,N/A,W44016098,"(43.261229928011566, -2.929048100639934)",379.535,4.500000000079282,0.5000000000346887
Abando,N/A,W28776478,"(43.259963913422865, -2.9284384320288925)",450.947,4.500000000079282,5.000000000064418
Abando,N/A,W110895854,"(43.26092919682561, -2.9269453237882157)",485.606,1.5000000000198277,4.500000000049553
Abando,N/A,N4731925117,"(43.2661842, -2.9329433)",613.523,6.000000000143668,7.000000000089177
