territory,building_type,osmid,coord,distance,rise,fall
Begona,N/A,N5056328910,"(43.2541211, -2.9149326)",362.0549999999999,8.999999999970271,0.49999999992567723
