territory,building_type,osmid,coord,distance,rise,fall
Otxarkoaga-Txurdinaga,N/A,W164512079,"(43.25788389565486, -2.8988002094288414)",449.04900000000004,7.499999999905867,2.842170943040401e-14
Otxarkoaga-Txurdinaga,N/A,W164510985,"(43.257638496193636, -2.898318280368446)",553.7810000000001,12.499999999985164,2.842170943040401e-14
Otxarkoaga-Txurdinaga,N/A,W235157481,"(43.25672274935615, -2.9070052667191253)",674.153,7.500000000034703,10.500000000009933
