territory,building_type,osmid,coord,distance,rise,fall
Otxarkoaga-Txurdinaga,N/A,N4060532220,"(43.2594633, -2.9000251)",127.00600000000001,2.000000000009905,2.000000000009905
Otxarkoaga-Txurdinaga,N/A,W164512079,"(43.25788389565486, -2.8988002094288414)",281.241,1.4210854715202004e-14,22.00000000016354
Otxarkoaga-Txurdinaga,N/A,W164510985,"(43.257638496193636, -2.898318280368446)",385.97299999999996,5.000000000079311,22.00000000016354
Otxarkoaga-Txurdinaga,N/A,N4060532217,"(43.2581194, -2.8980592)",462.30799999999994,5.000000000079325,22.000000000163553
