territory,building_type,osmid,coord,distance,rise,fall
Uribarri,N/A,N4060532227,"(43.2648784, -2.9149249)",172.63700000000003,5.999999999960387,8.500000000059465
Uribarri,N/A,W48045715,"(43.26461925000001, -2.912653900000001)",373.793,24.999999999900943,8.500000000059465
Uribarri,N/A,N5056355015,"(43.2646852, -2.9126594)",373.793,24.999999999900943,8.500000000059465
Uribarri,N/A,N5056356248,"(43.2663985, -2.918579)",527.476,14.999999999980204,16.499999999975245
Uribarri,N/A,N4508853267,"(43.2655628, -2.9205809)",567.145,3.4999999999653326,33.500000000059465
