territory,building_type,osmid,coord,distance,rise,fall
Errekalde,N/A,W301165234,"(43.24714070207488, -2.9509802354261194)",225.31199999999998,32.00000000003969,8.4999999999703
Errekalde,N/A,N9607455457,"(43.252218, -2.9481901)",581.172,22.50000000002977,48.49999999995046
