territory,building_type,osmid,coord,distance,rise,fall
Errekalde,amenity_school,W389713153,"(43.245199613671275, -2.9490884363509653)",500.76599999999996,29.500000000034717,22.000000000024798
Errekalde,amenity_school,W138709160,"(43.2507197898228, -2.945235337346584)",579.079,1.0000000000396554,42.500000000118995
Errekalde,amenity_place_of_worship,W891085786,"(43.24306962047523, -2.9489897404357173)",638.759,43.49999999993557,22.000000000024798
