territory,building_type,osmid,coord,distance,rise,fall
Begona,building_train_station,W262197081,"(43.24721948941041, -2.905694544078832)",391.683,2.842170943040401e-14,15.499999999990123
Begona,railway_subway_entrance,N5923164463,"(43.2470897, -2.9058799)",398.498,3.552713678800501e-14,14.999999999975252
Begona,building_train_station,W627458954,"(43.24706648377492, -2.9056005672304304)",398.498,3.552713678800501e-14,14.999999999975252
Begona,building_train_station,W627458976,"(43.24700044461815, -2.9057383069873937)",398.498,3.552713678800501e-14,14.999999999975252
Begona,tourism_hostel,R6809489,"(43.246643762497214, -2.90992181556658)",505.1089999999999,8.500000000034746,9.499999999990138
Begona,railway_subway_entrance,N5923164459,"(43.2470028, -2.9055002)",538.797,7.99999999999012,23.49999999998021
Begona,railway_subway_entrance,N506170049,"(43.2507365, -2.9105707)",626.798,29.499999999980183,6.999999999940535
Otxarkoaga-Txurdinaga,amenity_school,W298580885,"(43.252145781885545, -2.9041002912407294)",629.535,28.00000000000496,2.4999999999554063
Begona,amenity_school,W178937537,"(43.25131112995326, -2.9102872678264795)",645.509,29.499999999980183,3.9999999999851426
