territory,building_type,osmid,coord,distance,rise,fall
Begona,N/A,N5056328910,"(43.2541211, -2.9149326)",557.8179999999998,12.000000000024812,5.5000000000297575
