territory,building_type,osmid,coord,distance,rise,fall
Ibaiondo,N/A,W404432093,"(43.25599232855877, -2.9282142750288136)",120.14699999999999,0.0,7.999999999970271
Ibaiondo,N/A,N5056088727,"(43.2562779, -2.9264049)",417.56,0.0,23.49999999997523
Ibaiondo,N/A,N11229801356,"(43.2538282, -2.9319814)",483.441,30.500000000104087,11.999999999995062
Ibaiondo,N/A,W108497734,"(43.25874273518262, -2.9247747311690637)",637.4639999999999,0.49999999995540634,26.999999999910816
Ibaiondo,N/A,W376396126,"(43.25272399169551, -2.925878746109151)",645.786,9.999999999970285,22.99999999998021
Abando,N/A,W28776478,"(43.259963913422865, -2.9284384320288925)",805.4629999999999,3.0000000000198312,15.99999999999011
