territory,building_type,osmid,coord,distance,rise,fall
Deusto,N/A,N4254043797,"(43.2711694, -2.94695)",529.902,11.500000000049528,70.0000000001436
Deusto,N/A,W185205681,"(43.27236008339459, -2.9507221366997642)",608.248,3.499999999970292,40.000000000113886
