territory,building_type,osmid,coord,distance,rise,fall
Ibaiondo,N/A,W41525574,"(43.25771234249542, -2.9221397271902023)",263.994,9.000000000034689,6.5000000000842455
Ibaiondo,N/A,W420558992,"(43.256988569906525, -2.92040166742721)",283.722,20.499999999945487,4.5000000000049525
Ibaiondo,N/A,W375390416,"(43.25296603590128, -2.923187807157419)",301.917,10.500000000069392,6.000000000109033
Ibaiondo,N/A,N5056088727,"(43.2562779, -2.9264049)",418.648,11.00000000000496,9.50000000004956
Ibaiondo,N/A,W108497734,"(43.25874273518262, -2.9247747311690637)",433.88500000000005,6.000000000039641,7.500000000064421
Ibaiondo,N/A,W404432093,"(43.25599232855877, -2.9282142750288136)",511.422,21.000000000019828,4.000000000059469
Ibaiondo,N/A,W376396126,"(43.25272399169551, -2.925878746109151)",1011.545,35.00000000003471,23.000000000114003
