territory,building_type,osmid,coord,distance,rise,fall
Deusto,N/A,N5056421870,"(43.2773644, -2.9587254)",249.96599999999998,8.000000000014857,0.5000000000297096
Deusto,N/A,W290069950,"(43.280414549918596, -2.9601837787502543)",306.358,6.500000000039606,4.000000000029706
Deusto,N/A,N10308519810,"(43.2812493, -2.9624445)",450.25699999999995,2.500000000034655,8.500000000059408
