territory,building_type,osmid,coord,distance,rise,fall
Begona,N/A,N5056328910,"(43.2541211, -2.9149326)",412.91400000000004,4.500000000099135,10.000000000049596
Otxarkoaga-Txurdinaga,N/A,W235157481,"(43.25672274935615, -2.9070052667191253)",479.84299999999996,7.500000000014893,12.499999999955449
Begona,N/A,N9607391207,"(43.2500267, -2.9080084)",555.246,0.0,24.99999999995542
Begona,N/A,W305622069,"(43.25019552887615, -2.9072914369528084)",819.046,3.999999999990095,36.499999999945516
