territory,building_type,osmid,coord,distance,rise,fall
Errekalde,N/A,N5056183351,"(43.251483, -2.9359224)",363.162,22.500000000049567,4.000000000118959
Errekalde,N/A,W111740255,"(43.25465516232398, -2.943640524057168)",631.472,4.500000000089209,19.00000000019329
Ibaiondo,N/A,N11229801356,"(43.2538282, -2.9319814)",639.211,36.000000000188344,26.500000000148695
Errekalde,N/A,N5056184623,"(43.2568371, -2.9396557)",761.8189999999998,12.000000000074344,22.000000000113992
