territory,building_type,osmid,coord,distance,rise,fall
Ibaiondo,building_train_station,W453719236,"(43.24045334541864, -2.924084942378229)",201.007,11.500000000000005,2.00000000005455
Ibaiondo,amenity_school,W185284035,"(43.244405788428594, -2.9251938625874043)",319.087,11.500000000029754,13.000000000059508
Ibaiondo,amenity_school,W185282998,"(43.2405881821674, -2.921607513021208)",376.44899999999996,6.499999999999998,8.000000000059506
