territory,building_type,osmid,coord,distance,rise,fall
Begona,N/A,N9607391207,"(43.2500267, -2.9080084)",143.816,0.0,11.000000000024798
Begona,N/A,W305622069,"(43.25019552887615, -2.9072914369528084)",648.7,7.999999999999993,26.50000000002479
