territory,building_type,osmid,coord,distance,rise,fall
Deusto,amenity_place_of_worship,W41880844,"(43.27554714351943, -2.9561012625662673)",188.954,5.50000000000496,0.9999999999950546
Deusto,amenity_library,N600664788,"(43.2774399, -2.958159)",254.37199999999999,0.0,14.500000000014854
Deusto,railway_subway_entrance,N5299547436,"(43.2744156, -2.958025)",275.675,3.9999999999801936,10.999999999985146
Deusto,amenity_school,W46974419,"(43.275085230498796, -2.955713804783979)",294.96000000000004,8.49999999998515,0.9999999999950546
Deusto,building_train_station,W378437650,"(43.27456673055102, -2.9582315021641943)",332.82199999999995,3.9999999999802007,13.999999999990102
Deusto,amenity_place_of_worship,W290069948,"(43.278611434588655, -2.959284696139327)",420.962,0.0,19.499999999975252
Deusto,tourism_museum,N11641427626,"(43.2783396, -2.9604649)",455.463,0.5000000000297042,22.500000000029708
Deusto,amenity_school,W185282143,"(43.28002542818132, -2.9569323243902743)",744.088,39.00000000007427,28.000000000034667
