territory,building_type,osmid,coord,distance,rise,fall
Deusto,N/A,N4254043797,"(43.2711694, -2.94695)",609.8990000000001,15.500000000029747,63.49999999994556
