territory,building_type,osmid,coord,distance,rise,fall
Deusto,N/A,W185205681,"(43.27236008339459, -2.9507221366997642)",463.88899999999995,3.499999999970292,46.99999999997523
Deusto,N/A,N4254043797,"(43.2711694, -2.94695)",808.3349999999999,2.971844992316619e-11,65.49999999998514
