territory,building_type,osmid,coord,distance,rise,fall
Abando,N/A,N4762096882,"(43.2634, -2.9433546)",575.446,4.000000000074309,7.000000000049539
Abando,N/A,W96337695,"(43.25973970175266, -2.9371151663607047)",592.6739999999999,4.50000000004459,7.000000000019824
Abando,N/A,N4761972760,"(43.2642641, -2.9429738)",697.6229999999999,11.500000000084214,18.50000000008917
