territory,building_type,osmid,coord,distance,rise,fall
Abando,N/A,N518227646,"(43.2661789, -2.9463066)",91.276,8.881784197001252e-16,8.881784197001252e-16
Abando,N/A,N4761972760,"(43.2642641, -2.9429738)",444.855,16.999999999995055,7.105427357601002e-15
Abando,N/A,N4762096882,"(43.2634, -2.9433546)",545.508,21.000000000024773,3.552713678800501e-15
Deusto,N/A,W185205688,"(43.26864835487923, -2.947859768119749)",571.694,10.500000000044583,7.500000000014863
Deusto,N/A,N5056437799,"(43.2691029, -2.9449199)",618.598,11.500000000014865,7.500000000014861
Basurtu-Zorrotza,N/A,W163195554,"(43.262640749370476, -2.9496477508797216)",796.2249999999999,30.500000000123855,1.5000000000990887
