territory,building_type,osmid,coord,distance,rise,fall
Errekalde,amenity_school,W388280876,"(43.25316084419019, -2.9493565790141965)",231.42899999999997,7.0000000000148646,4.500000000000014
Errekalde,amenity_place_of_worship,N8894270302,"(43.2542534, -2.9466821)",557.373,7.000000000014872,27.50000000004958
Errekalde,amenity_community_centre,N4896680970,"(43.2536856, -2.9454718)",617.8009999999999,7.000000000019824,22.50000000001488
Basurtu-Zorrotza,amenity_place_of_worship,R11227990,"(43.25576330060649, -2.947366226912851)",785.088,8.000000000049567,29.500000000074365
Errekalde,railway_subway_entrance,N4541084182,"(43.2547373, -2.9438461)",826.664,7.000000000019824,34.500000000099135
Errekalde,building_train_station,W111740255,"(43.25465516232399, -2.943640524057168)",826.664,7.000000000019824,34.500000000099135
Basurtu-Zorrotza,amenity_library,N10313715009,"(43.2567015, -2.9490922)",931.9940000000001,13.000000000059472,29.50000000008427
Basurtu-Zorrotza,amenity_police,W408633232,"(43.2565796201018, -2.9493267089254327)",931.9940000000001,13.000000000059472,29.50000000008427
Abando,building_train_station,W41584747,"(43.25823481651728, -2.946006178624259)",1028.8979999999997,10.500000000094182,36.00000000015366
