territory,building_type,osmid,coord,distance,rise,fall
Uribarri,N/A,W248634544,"(43.26459250062579, -2.9231745754982787)",210.132,0.0,17.500000000044594
Uribarri,N/A,N4508853267,"(43.2655628, -2.9205809)",293.694,3.9999999999256914,5.499999999995055
Uribarri,N/A,N5056356248,"(43.2663985, -2.918579)",396.617,27.00000000002973,0.0
Uribarri,N/A,N5056353256,"(43.2689626, -2.9250581)",409.094,18.0000000000099,26.500000000059437
Uribarri,N/A,N9607363904,"(43.2682033, -2.9265437)",438.38,0.49999999995542055,19.999999999980194
Uribarri,N/A,W123440604,"(43.26872494896904, -2.9260301349397224)",499.985,5.499999999935611,19.999999999980194
