territory,building_type,osmid,coord,distance,rise,fall
Abando,N/A,W41688628,"(43.26399354682828, -2.9308926528671213)",216.92,3.5000000000644036,0.0
Abando,N/A,W44016098,"(43.261229928011566, -2.929048100639934)",263.444,6.500000000059458,7.105427357601002e-15
Abando,N/A,N3207631929,"(43.2618877, -2.9308223)",286.59299999999996,4.000000000034682,0.0
Abando,N/A,W28776478,"(43.259963913422865, -2.9284384320288925)",334.856,6.500000000059458,4.500000000029736
Abando,N/A,W110895854,"(43.26092919682561, -2.9269453237882157)",368.98400000000004,4.000000000094136,4.500000000109004
Abando,N/A,W108504682,"(43.26150873360247, -2.9323193974511943)",396.432,8.000000000138726,5.000000000084228
Abando,N/A,N1271964866,"(43.2645212, -2.9345677)",457.3909999999999,6.000000000074309,6.5000000000297256
Abando,N/A,W44113519,"(43.25993749738077, -2.9264652360563534)",476.87700000000007,4.000000000094133,10.500000000079275
Abando,N/A,N4731925117,"(43.2661842, -2.9329433)",683.1020000000001,8.500000000148628,7.000000000079279
