territory,building_type,osmid,coord,distance,rise,fall
Deusto,N/A,N5056421870,"(43.2773644, -2.9587254)",1017.6560000000001,2.0000000000148503,55.50000000000989
