territory,building_type,osmid,coord,distance,rise,fall
Basurtu-Zorrotza,N/A,N11229807742,"(43.2774341, -2.9749112)",453.735,3.9999999999950484,13.4999999999901
Basurtu-Zorrotza,N/A,W151883539,"(43.27856405785909, -2.9750882996142076)",497.17,4.00000000000495,13.4999999999901
