territory,building_type,osmid,coord,distance,rise,fall
Ibaiondo,N/A,W41525574,"(43.25771234249542, -2.9221397271902023)",308.199,0.5000000000297362,20.999999999995044
Ibaiondo,N/A,W108497734,"(43.25874273518262, -2.9247747311690637)",364.257,0.0,24.49999999994053
Ibaiondo,N/A,W485363913,"(43.25997684824978, -2.9220146785419328)",364.394,0.5000000000099121,20.999999999940535
Ibaiondo,N/A,W420558992,"(43.256988569906525, -2.92040166742721)",498.24399999999997,14.000000000019828,20.999999999995044
Abando,N/A,W44113519,"(43.25993749738077, -2.9264652360563534)",800.555,17.00000000002973,36.49999999999999
