territory,building_type,osmid,coord,distance,rise,fall
Abando,N/A,W108504682,"(43.26150873360247, -2.9323193974511943)",150.135,2.000000000049546,0.0
Abando,N/A,N3207631929,"(43.2618877, -2.9308223)",265.543,3.000000000029729,0.0
Abando,N/A,W96337695,"(43.25973970175266, -2.9371151663607047)",329.692,2.500000000054495,4.500000000024773
Abando,N/A,N1271964866,"(43.2645212, -2.9345677)",419.35099999999994,8.500000000153587,10.000000000113957
Abando,N/A,W44016098,"(43.261229928011566, -2.929048100639934)",428.68899999999996,7.000000000133781,1.5000000000792824
Abando,N/A,W41688628,"(43.26399354682828, -2.9308926528671213)",478.274,5.500000000094133,3.0000000000346816
Abando,N/A,W28776478,"(43.259963913422865, -2.9284384320288925)",500.10099999999994,7.000000000133781,6.0000000001090115
