territory,building_type,osmid,coord,distance,rise,fall
Deusto,N/A,N4254043797,"(43.2711694, -2.94695)",407.71200000000005,5.000000000059448,25.500000000138673
Deusto,N/A,N5056437799,"(43.2691029, -2.9449199)",534.942,0.5000000000644036,38.0000000001783
