territory,building_type,osmid,coord,distance,rise,fall
Uribarri,N/A,N4060532227,"(43.2648784, -2.9149249)",105.40100000000001,7.105427357601002e-15,8.000000000089166
Uribarri,N/A,W48045715,"(43.26461925000001, -2.912653900000001)",201.96000000000004,17.999999999930665,7.000000000079268
Uribarri,N/A,N5056355015,"(43.2646852, -2.9126594)",201.96000000000004,17.999999999930665,7.000000000079268
Uribarri,N/A,N5056356248,"(43.2663985, -2.918579)",431.5480000000001,1.499999999970285,8.499999999955406
Uribarri,N/A,N4508853267,"(43.2655628, -2.9205809)",642.375,3.4999999999653397,39.00000000004955
