territory,building_type,osmid,coord,distance,rise,fall
Abando,N/A,N4762096882,"(43.2634, -2.9433546)",463.384,5.500000000079275,11.000000000019828
Basurtu-Zorrotza,N/A,W163195554,"(43.262640749370476, -2.9496477508797216)",499.97400000000005,12.500000000084249,10.000000000024805
Abando,N/A,N518227646,"(43.2661789, -2.9463066)",580.665,4.5000000001585425,31.00000000012387
Abando,N/A,N4761972760,"(43.2642641, -2.9429738)",581.027,8.000000000039648,17.500000000009926
Basurtu-Zorrotza,N/A,N9607467466,"(43.2589548, -2.9488089)",674.5120000000001,16.500000000039655,11.499999999985157
Abando,N/A,N5056379164,"(43.2581887, -2.9459426)",685.3709999999999,16.500000000059472,9.000000000049575
Basurtu-Zorrotza,N/A,W632988668,"(43.26125499964527, -2.950015396409132)",889.7189999999999,19.5000000000793,21.000000000024805
