territory,building_type,osmid,coord,distance,rise,fall
Ibaiondo,amenity_school,W53764581,"(43.24903243466212, -2.9317237114605668)",460.25900000000007,3.500000000004931,12.500000000004945
Ibaiondo,amenity_school,N4757644627,"(43.2481224, -2.9325122)",486.28100000000006,17.999999999960323,13.499999999980176
Ibaiondo,amenity_place_of_worship,N4757644648,"(43.2483414, -2.9337821)",486.28100000000006,17.999999999960323,13.499999999980176
Ibaiondo,amenity_school,W53668485,"(43.248961862530635, -2.930066135495643)",560.4429999999999,3.5000000000049596,14.50000000000992
Ibaiondo,amenity_place_of_worship,N1048012605,"(43.2484729, -2.9338091)",693.279,15.499999999965297,15.999999999960352
Ibaiondo,building_train_station,W53663165,"(43.25037057733663, -2.9304763387603403)",773.1379999999998,3.500000000054527,18.500000000029758
Ibaiondo,railway_subway_entrance,N4904749312,"(43.2502989, -2.9305713)",780.1449999999998,3.500000000054527,18.500000000029758
Errekalde,amenity_school,W165462102,"(43.245592158361845, -2.9342422839261544)",805.4070000000002,34.49999999997026,18.499999999975216
Ibaiondo,amenity_school,W185284035,"(43.244405788428594, -2.9251938625874043)",1070.3520000000003,3.5000000000049596,73.49999999999505
