territory,building_type,osmid,coord,distance,rise,fall
Ibaiondo,N/A,W485363913,"(43.25997684824978, -2.9220146785419328)",123.719,7.500000000044594,0.0
Ibaiondo,N/A,W108497734,"(43.25874273518262, -2.9247747311690637)",242.289,7.500000000044595,4.00000000000991
Ibaiondo,N/A,W41525574,"(43.25771234249542, -2.9221397271902023)",338.6,8.00000000007433,0.5000000000644214
Abando,N/A,W110895854,"(43.26092919682561, -2.9269453237882157)",386.34400000000005,18.49999999998514,4.000000000009912
Abando,N/A,W44113519,"(43.25993749738077, -2.9264652360563534)",443.389,17.00000000002973,8.500000000024777
Ibaiondo,N/A,W420558992,"(43.256988569906525, -2.92040166742721)",528.645,21.50000000006442,0.5000000000644214
Abando,N/A,W28776478,"(43.259963913422865, -2.9284384320288925)",549.028,21.000000000059465,4.000000000039648
Ibaiondo,N/A,N5056088727,"(43.2562779, -2.9264049)",672.701,13.000000000049551,6.500000000034687
