territory,building_type,osmid,coord,distance,rise,fall
Uribarri,N/A,W123440604,"(43.26872494896904, -2.9260301349397224)",272.693,8.000000000054484,13.500000000089155
Uribarri,N/A,N5056353256,"(43.2689626, -2.9250581)",321.311,14.000000000024759,13.500000000064382
Uribarri,N/A,N9607363904,"(43.2682033, -2.9265437)",336.554,8.000000000054484,18.500000000069345
