territory,building_type,osmid,coord,distance,rise,fall
Ibaiondo,amenity_school,W185284035,"(43.244405788428594, -2.9251938625874043)",179.608,7.000000000019835,4.500000000024794
Ibaiondo,building_train_station,W453719236,"(43.24045334541864, -2.924084942378229)",325.81000000000006,13.99999999997521,0.5000000000049596
Ibaiondo,amenity_school,W185282998,"(43.2405881821674, -2.921607513021208)",501.25200000000007,8.999999999975202,6.500000000009916
