territory,building_type,osmid,coord,distance,rise,fall
Basurtu-Zorrotza,N/A,N5056200430,"(43.2613693, -2.9628267)",183.63899999999998,16.999999999940542,16.49999999996038
Basurtu-Zorrotza,N/A,W163196945,"(43.26546103784467, -2.9606482549113027)",1678.0209999999997,57.500000000099156,161.50000000007935
