territory,building_type,osmid,coord,distance,rise,fall
Otxarkoaga-Txurdinaga,N/A,N4060532217,"(43.2581194, -2.8980592)",424.618,7.105427357601002e-14,34.99999999999015
Otxarkoaga-Txurdinaga,N/A,W164510985,"(43.257638496193636, -2.898318280368446)",484.923,8.526512829121202e-14,34.999999999990166
Otxarkoaga-Txurdinaga,N/A,N4060532220,"(43.2594633, -2.9000251)",544.6869999999999,9.999999999985107,27.99999999989096
Otxarkoaga-Txurdinaga,N/A,W164512079,"(43.25788389565486, -2.8988002094288414)",589.655,8.526512829121202e-14,40.00000000006946
