territory,building_type,osmid,coord,distance,rise,fall
Ibaiondo,building_train_station,W453719236,"(43.24045334541864, -2.924084942378229)",98.93,11.500000000000004,8.000000000019838
Ibaiondo,amenity_school,W185282998,"(43.2405881821674, -2.921607513021208)",279.897,11.500000000000004,19.0000000000248
Ibaiondo,amenity_school,W185284035,"(43.244405788428594, -2.9251938625874043)",457.008,7.500000000024794,15.000000000019838
