territory,building_type,osmid,coord,distance,rise,fall
Begona,N/A,N5056328910,"(43.2541211, -2.9149326)",557.2449999999999,9.49999999999011,2.9999999999950546
