territory,building_type,osmid,coord,distance,rise,fall
Otxarkoaga-Txurdinaga,N/A,N4060532216,"(43.2579448, -2.9067392)",386.174,2.842170943040401e-14,19.999999999985164
Otxarkoaga-Txurdinaga,N/A,W235157481,"(43.25672274935615, -2.9070052667191253)",515.5079999999999,2.842170943040401e-14,26.500000000004988
Otxarkoaga-Txurdinaga,N/A,N4060532220,"(43.2594633, -2.9000251)",637.5720000000001,16.000000000039677,10.000000000000043
