territory,building_type,osmid,coord,distance,rise,fall
Abando,N/A,N5056379164,"(43.2581887, -2.9459426)",135.555,1.5000000000148717,2.0000000000148646
Errekalde,N/A,W111740255,"(43.25465516232398, -2.943640524057168)",483.64699999999993,5.000000000094161,7.500000000113985
Basurtu-Zorrotza,N/A,N9607467466,"(43.2589548, -2.9488089)",510.7420000000001,4.500000000064425,7.500000000019817
Errekalde,N/A,N5056184623,"(43.2568371, -2.9396557)",526.0749999999999,5.500000000024784,3.499999999980176
