territory,building_type,osmid,coord,distance,rise,fall
Begona,N/A,W305622069,"(43.25019552887615, -2.9072914369528084)",819.7390000000001,5.499999999975216,32.499999999980176
