territory,building_type,osmid,coord,distance,rise,fall
Begona,N/A,N5056328910,"(43.2541211, -2.9149326)",469.28999999999985,12.999999999965326,0.49999999992567723
