territory,building_type,osmid,coord,distance,rise,fall
Basurtu-Zorrotza,amenity_place_of_worship,W301694701,"(43.25652086676977, -2.957615550547145)",122.18900000000001,7.999999999816666,0.0
Basurtu-Zorrotza,amenity_community_centre,W301694691,"(43.25639843254374, -2.9578756320078523)",175.14600000000002,28.499999999895948,0.0
Basurtu-Zorrotza,building_train_station,W402170994,"(43.25967701277512, -2.9532145370708145)",718.8619999999999,1.4210854715202004e-14,74.00000000016848
Basurtu-Zorrotza,railway_subway_entrance,N4944875063,"(43.2594993, -2.9525533)",724.1759999999998,2.500000000000007,76.50000000016848
Basurtu-Zorrotza,railway_subway_entrance,N4944875070,"(43.2600187, -2.9537148)",785.397,18.999999999980197,95.0000000001239
