territory,building_type,osmid,coord,distance,rise,fall
Basurtu-Zorrotza,amenity_community_centre,W301694691,"(43.25639843254374, -2.9578756320078523)",500.45900000000006,3.000000000009919,29.999999999955406
Basurtu-Zorrotza,amenity_place_of_worship,W301694701,"(43.25652086676977, -2.957615550547145)",654.1530000000001,3.0000000000099334,50.5000000000347
Basurtu-Zorrotza,amenity_police,W61650845,"(43.25483560908443, -2.9622720539357044)",690.1179999999999,43.00000000005946,9.500000000094161
Basurtu-Zorrotza,amenity_police,W404633890,"(43.254956017399024, -2.962172628386112)",690.1179999999999,43.00000000005946,9.500000000094161
Basurtu-Zorrotza,tourism_hostel,W297437909,"(43.26060438475347, -2.9631934865762424)",1053.5069999999998,7.000000000044594,32.00000000004957
