territory,building_type,osmid,coord,distance,rise,fall
Basurtu-Zorrotza,amenity_place_of_worship,W301694701,"(43.25652086676977, -2.957615550547145)",354.98,40.49999999989102,1.4210854715202004e-14
Basurtu-Zorrotza,amenity_community_centre,W301694691,"(43.25639843254374, -2.9578756320078523)",407.937,60.9999999999703,1.4210854715202004e-14
Basurtu-Zorrotza,building_train_station,W402170994,"(43.25967701277512, -2.9532145370708145)",486.071,0.0,41.50000000009413
Basurtu-Zorrotza,railway_subway_entrance,N4944875063,"(43.2594993, -2.9525533)",491.38500000000005,2.499999999999993,44.00000000009413
Basurtu-Zorrotza,railway_subway_entrance,N4944875070,"(43.2600187, -2.9537148)",601.35,2.5,46.00000000006936
Basurtu-Zorrotza,amenity_library,N10313715009,"(43.2567015, -2.9490922)",877.9250000000002,1.0000000000545128,39.500000000128836
Basurtu-Zorrotza,amenity_police,W408633232,"(43.2565796201018, -2.9493267089254327)",877.9250000000002,1.0000000000545128,39.500000000128836
