territory,building_type,osmid,coord,distance,rise,fall
Basurtu-Zorrotza,amenity_place_of_worship,W301694701,"(43.25652086676977, -2.957615550547145)",486.5490000000001,45.499999999826585,18.499999999920732
Basurtu-Zorrotza,amenity_community_centre,W301694691,"(43.25639843254374, -2.9578756320078523)",539.5060000000001,65.99999999990587,18.499999999920732
Basurtu-Zorrotza,railway_subway_entrance,N4944875070,"(43.2600187, -2.9537148)",643.3459999999999,14.999999999925684,71.9999999999802
Basurtu-Zorrotza,building_train_station,W402170994,"(43.25967701277512, -2.9532145370708145)",670.632,18.499999999920718,73.5
Basurtu-Zorrotza,tourism_hostel,W297437909,"(43.26060438475347, -2.9631934865762424)",886.718,58.49999999981662,8.999999999890974
Basurtu-Zorrotza,tourism_hostel,W52528082,"(43.26320722722957, -2.9613203976201534)",1039.0890000000002,44.49999999989595,65.49999999991081
Basurtu-Zorrotza,amenity_place_of_worship,W297437908,"(43.262797302818186, -2.962656780084932)",1153.194,65.49999999980177,51.499999999846395
