territory,building_type,osmid,coord,distance,rise,fall
Basurtu-Zorrotza,railway_subway_entrance,N4944875070,"(43.2600187, -2.9537148)",473.91400000000004,10.99999999997523,20.50000000000992
Basurtu-Zorrotza,building_train_station,W402170994,"(43.25967701277512, -2.9532145370708145)",501.20000000000005,14.499999999970264,22.000000000029722
Basurtu-Zorrotza,railway_subway_entrance,N4944875063,"(43.2594993, -2.9525533)",583.879,12.999999999950461,20.500000000009926
Basurtu-Zorrotza,tourism_hostel,W52528082,"(43.26320722722957, -2.9613203976201534)",696.9940000000001,44.500000000034674,18.000000000029715
Basurtu-Zorrotza,building_train_station,W163196919,"(43.26433534839249, -2.955077952360856)",753.5450000000001,8.500000000000004,51.500000000004974
Basurtu-Zorrotza,building_train_station,W163196944,"(43.26431167828029, -2.9553483053682954)",753.5450000000001,8.500000000000004,51.500000000004974
Basurtu-Zorrotza,tourism_hostel,W297437909,"(43.26060438475347, -2.9631934865762424)",776.765,106.49999999998512,9.500000000039648
Basurtu-Zorrotza,amenity_place_of_worship,W297437908,"(43.262797302818186, -2.962656780084932)",831.208,76.4999999999257,14.999999999950504
Basurtu-Zorrotza,amenity_place_of_worship,W163196945,"(43.265461037844666, -2.9606482549113027)",838.554,49.00000000011395,73.50000000011892
