territory,building_type,osmid,coord,distance,rise,fall
Begona,N/A,N9607391207,"(43.2500267, -2.9080084)",356.85200000000003,1.4210854715202004e-14,19.000000000004974
Begona,N/A,N5056328910,"(43.2541211, -2.9149326)",527.6450000000001,8.000000000069392,7.500000000069392
Begona,N/A,W305622069,"(43.25019552887615, -2.9072914369528084)",861.736,8.000000000000007,34.50000000000497
