territory,building_type,osmid,coord,distance,rise,fall
Deusto,railway_subway_entrance,N5299547436,"(43.2744156, -2.958025)",192.15,8.000000000044576,1.5000000000247695
Deusto,building_train_station,W378437650,"(43.27456673055102, -2.9582315021641943)",249.297,8.000000000044583,4.5000000000297256
Deusto,amenity_place_of_worship,W41880844,"(43.27554714351943, -2.9561012625662673)",420.966,19.500000000059433,1.5000000000247695
Deusto,amenity_school,W46974419,"(43.275085230498796, -2.955713804783979)",526.972,22.500000000039623,1.5000000000247695
Deusto,amenity_library,N600664788,"(43.2774399, -2.958159)",568.6320000000001,13.500000000019803,14.500000000009898
Deusto,tourism_museum,N11641427626,"(43.2783396, -2.9604649)",621.2099999999999,6.000000000054472,14.500000000029717
Deusto,amenity_place_of_worship,W290069948,"(43.278611434588655, -2.959284696139327)",715.925,8.500000000079224,14.500000000029715
