territory,building_type,osmid,coord,distance,rise,fall
Abando,N/A,W28211432,"(43.26554608054959, -2.93803822151696)",194.51399999999995,0.0,10.999999999975234
Abando,N/A,N1271964866,"(43.2645212, -2.9345677)",244.431,0.9999999999801794,0.49999999993559996
Abando,N/A,N4731925117,"(43.2661842, -2.9329433)",287.267,2.500000000079261,9.915623877532198e-12
Abando,N/A,W41688628,"(43.26399354682828, -2.9308926528671213)",483.23599999999993,5.500000000104041,1.0000000000396412
Abando,N/A,W171882527,"(43.26787786483111, -2.940565564584242)",518.549,0.5000000000049534,25.499999999955424
