territory,building_type,osmid,coord,distance,rise,fall
Errekalde,N/A,W301165234,"(43.24714070207488, -2.9509802354261194)",303.851,35.000000000000014,43.49999999990089
Errekalde,N/A,N9607455457,"(43.252218, -2.9481901)",509.081,36.500000000198284,94.50000000008924
