territory,building_type,osmid,coord,distance,rise,fall
Basurtu-Zorrotza,N/A,W402170994,"(43.25967701277512, -2.9532145370708145)",501.20000000000005,14.499999999970264,22.000000000029722
Basurtu-Zorrotza,N/A,N5056200430,"(43.2613693, -2.9628267)",819.0679999999999,94.9999999999059,14.999999999950504
Basurtu-Zorrotza,N/A,W163196945,"(43.26546103784467, -2.9606482549113027)",838.554,49.00000000011395,73.50000000011892
