territory,building_type,osmid,coord,distance,rise,fall
Begona,N/A,N9607391207,"(43.2500267, -2.9080084)",489.3860000000001,13.000000000064475,12.000000000029772
Begona,N/A,N5056328910,"(43.2541211, -2.9149326)",619.6239999999999,26.00000000006942,5.5000000000297575
