territory,building_type,osmid,coord,distance,rise,fall
Uribarri,N/A,N5056353256,"(43.2689626, -2.9250581)",492.8860000000001,17.50000000003468,100.50000000009412
Uribarri,N/A,W123440604,"(43.26872494896904, -2.9260301349397224)",686.6410000000002,44.500000000064404,133.5000000001189
Uribarri,N/A,N9607363904,"(43.2682033, -2.9265437)",750.5020000000002,44.500000000064404,138.50000000009908
Uribarri,N/A,W123440625,"(43.27407575044531, -2.920164432463072)",1526.6010000000003,144.00000000016337,20.500000000059444
