territory,building_type,osmid,coord,distance,rise,fall
Deusto,N/A,W185205681,"(43.27236008339459, -2.9507221366997642)",394.719,31.000000000019813,3.466382736405649e-11
Deusto,N/A,N4254043797,"(43.2711694, -2.94695)",467.316,9.000000000034667,0.0
Deusto,N/A,W185205688,"(43.26864835487923, -2.947859768119749)",656.2310000000001,7.000000000019812,15.999999999990095
