territory,building_type,osmid,coord,distance,rise,fall
Otxarkoaga-Txurdinaga,N/A,N4060532220,"(43.2594633, -2.9000251)",344.056,2.0000000000099476,12.49999999992572
Otxarkoaga-Txurdinaga,N/A,W164512079,"(43.25788389565486, -2.8988002094288414)",498.29100000000005,5.684341886080802e-14,32.50000000007935
Otxarkoaga-Txurdinaga,N/A,W164510985,"(43.257638496193636, -2.898318280368446)",603.023,5.000000000079353,32.50000000007935
Otxarkoaga-Txurdinaga,N/A,N4060532216,"(43.2579448, -2.9067392)",615.548,0.5000000000693916,37.00000000000993
Otxarkoaga-Txurdinaga,N/A,N4060532217,"(43.2581194, -2.8980592)",679.3580000000001,5.000000000079368,32.50000000007937
