territory,building_type,osmid,coord,distance,rise,fall
Basurtu-Zorrotza,amenity_place_of_worship,W301694701,"(43.25652086676977, -2.957615550547145)",256.051,11.000000000044665,2.842170943040401e-14
Basurtu-Zorrotza,amenity_community_centre,W301694691,"(43.25639843254374, -2.9578756320078523)",271.317,31.500000000123947,2.842170943040401e-14
Basurtu-Zorrotza,amenity_police,W61650845,"(43.25483560908443, -2.9622720539357044)",1042.8700000000001,110.00000000012884,18.000000000094133
Basurtu-Zorrotza,amenity_police,W404633890,"(43.254956017399024, -2.962172628386112)",1042.8700000000001,110.00000000012884,18.000000000094133
