territory,building_type,osmid,coord,distance,rise,fall
Begona,N/A,N9607391207,"(43.2500267, -2.9080084)",597.7700000000001,4.00000000008923,23.500000000029758
Begona,N/A,N5056328910,"(43.2541211, -2.9149326)",701.58,14.000000000158607,14.000000000094175
Otxarkoaga-Txurdinaga,N/A,W235157481,"(43.25672274935615, -2.9070052667191253)",924.852,21.000000000123933,20.500000000049596
Begona,N/A,W305622069,"(43.25019552887615, -2.9072914369528084)",1102.654,12.000000000089223,39.00000000002975
