territory,building_type,osmid,coord,distance,rise,fall
Basurtu-Zorrotza,building_public,W110382787,"(43.2776999, -2.9741186500000008)",246.081,2.4999999999752447,3.5000000000049503
Basurtu-Zorrotza,amenity_place_of_worship,W300969657,"(43.27707124217174, -2.9740794720992434)",254.03400000000002,2.4999999999752456,8.881784197001252e-16
Basurtu-Zorrotza,amenity_community_centre,N3066705390,"(43.277338, -2.9746744)",387.307,2.4999999999752456,2.999999999970294
Basurtu-Zorrotza,amenity_library,N11229807742,"(43.2774341, -2.9749112)",387.307,2.4999999999752456,2.999999999970294
Basurtu-Zorrotza,building_public,W110382852,"(43.27811346878365, -2.974880436617395)",387.307,2.4999999999752456,2.999999999970294
Basurtu-Zorrotza,building_train_station,W771882864,"(43.27774409144363, -2.972288289329312)",431.427,3.4999999999801967,2.499999999995049
Basurtu-Zorrotza,amenity_police,W368598943,"(43.282340484756865, -2.969394480493147)",489.565,1.9999999999851479,3.5000000000148495
Basurtu-Zorrotza,amenity_school,W251096861,"(43.27528361750021, -2.9705968204589417)",740.7850000000002,22.999999999975245,1.4854784069484595e-11
