territory,building_type,osmid,coord,distance,rise,fall
Uribarri,N/A,N5056356248,"(43.2663985, -2.918579)",449.89599999999996,31.500000000009905,26.499999999861288
Uribarri,N/A,N4508853267,"(43.2655628, -2.9205809)",471.1959999999999,9.999999999985157,33.49999999993563
Uribarri,N/A,N5056353256,"(43.2689626, -2.9250581)",479.67500000000007,31.99999999998515,62.4999999999158
Uribarri,N/A,W123440604,"(43.26872494896904, -2.9260301349397224)",599.8850000000001,4.0000000000148574,40.499999999940556
Uribarri,N/A,N9607363904,"(43.2682033, -2.9265437)",615.247,0.0,41.49999999990588
