territory,building_type,osmid,coord,distance,rise,fall
Deusto,N/A,W185205681,"(43.27236008339459, -2.9507221366997642)",502.865,33.5,3.466382736405649e-11
Deusto,N/A,W185205688,"(43.26864835487923, -2.947859768119749)",557.1990000000001,2.9999999999504805,9.499999999940574
