territory,building_type,osmid,coord,distance,rise,fall
Ibaiondo,N/A,W41525574,"(43.25771234249542, -2.9221397271902023)",660.6899999999999,1.4210854715202004e-14,44.50000000002976
Begona,N/A,N5056328910,"(43.2541211, -2.9149326)",666.7790000000001,39.50000000009419,26.500000000118973
Ibaiondo,N/A,W420558992,"(43.256988569906525, -2.92040166742721)",678.2120000000001,0.5000000000346958,31.500000000074344
