territory,building_type,osmid,coord,distance,rise,fall
Ibaiondo,building_train_station,W453719236,"(43.24045334541864, -2.924084942378229)",163.342,13.500000000000004,0.0
Ibaiondo,amenity_school,W185282998,"(43.2405881821674, -2.921607513021208)",223.30700000000002,6.4999999999999964,4.000000000004956
Ibaiondo,amenity_school,W185284035,"(43.244405788428594, -2.9251938625874043)",457.55299999999994,9.500000000024794,7.0
