territory,building_type,osmid,coord,distance,rise,fall
Deusto,N/A,W185205688,"(43.26864835487923, -2.947859768119749)",228.534,2.000000000024766,3.4999999999752376
Deusto,N/A,N4254043797,"(43.2711694, -2.94695)",275.97700000000003,16.500000000054484,7.105427357601002e-15
Deusto,N/A,N5056437799,"(43.2691029, -2.9449199)",406.87899999999996,12.000000000059439,12.500000000039627
Abando,N/A,N518227646,"(43.2661789, -2.9463066)",677.9910000000002,8.000000000014868,12.499999999995058
Deusto,N/A,W185205681,"(43.27236008339459, -2.9507221366997642)",793.1060000000002,40.50000000000497,2.000000000000007
