territory,building_type,osmid,coord,distance,rise,fall
Uribarri,N/A,W48045715,"(43.26461925000001, -2.912653900000001)",454.101,16.500000000044594,40.500000000232816
Uribarri,N/A,N5056355015,"(43.2646852, -2.9126594)",454.101,16.500000000044594,40.500000000232816
Uribarri,N/A,N4060532227,"(43.2648784, -2.9149249)",570.6409999999997,5.99999999996043,49.00000000008921
