territory,building_type,osmid,coord,distance,rise,fall
Uribarri,N/A,W48045715,"(43.26461925000001, -2.912653900000001)",916.3599999999999,35.00000000006442,40.50000000023286
Uribarri,N/A,N5056355015,"(43.2646852, -2.9126594)",916.3599999999999,35.00000000006442,40.50000000023286
Uribarri,N/A,N4060532227,"(43.2648784, -2.9149249)",927.5009999999999,16.49999999989104,41.000000000000036
