territory,building_type,osmid,coord,distance,rise,fall
Deusto,N/A,N5056421870,"(43.2773644, -2.9587254)",218.802,0.0,14.500000000014854
Deusto,N/A,W290069950,"(43.280414549918596, -2.9601837787502543)",766.597,7.000000000069312,26.500000000059416
