territory,building_type,osmid,coord,distance,rise,fall
Otxarkoaga-Txurdinaga,amenity_school,W185282109,"(43.25366521738261, -2.906609666855828)",112.736,0.5000000000099121,1.4210854715202004e-14
Otxarkoaga-Txurdinaga,amenity_police,W622325546,"(43.25530218844108, -2.9063156895208095)",360.3109999999999,13.00000000004465,4.263256414560601e-14
Otxarkoaga-Txurdinaga,amenity_police,W622325547,"(43.255334209706184, -2.906310598872137)",360.3109999999999,13.00000000004465,4.263256414560601e-14
Otxarkoaga-Txurdinaga,amenity_school,W298580885,"(43.252145781885545, -2.9041002912407294)",376.52099999999996,18.500000000094133,7.500000000039634
Otxarkoaga-Txurdinaga,amenity_school,W185282107,"(43.25387952593527, -2.9081157892491385)",384.309,8.500000000039662,5.499999999990109
Otxarkoaga-Txurdinaga,amenity_police,W622325548,"(43.255404083652344, -2.906858896330697)",468.97900000000004,13.000000000044636,3.0000000000000284
Otxarkoaga-Txurdinaga,amenity_school,W40467470,"(43.256573103543374, -2.901640699915715)",602.729,24.000000000044608,5.000000000044622
Otxarkoaga-Txurdinaga,amenity_place_of_worship,W235144523,"(43.256594793570244, -2.905958233730697)",709.94,25.5000000000595,7.500000000034731
Begona,amenity_school,W178937537,"(43.25131112995326, -2.9102872678264795)",792.589,26.50000000001983,15.500000000019845
