territory,building_type,osmid,coord,distance,rise,fall
Deusto,N/A,W185205681,"(43.27236008339459, -2.9507221366997642)",595.001,6.999999999895998,51.999999999886114
Deusto,N/A,N4254043797,"(43.2711694, -2.94695)",939.4469999999999,3.499999999955424,70.49999999989602
