territory,building_type,osmid,coord,distance,rise,fall
Errekalde,amenity_school,W151417160,"(43.24855327383859, -2.941124341036385)",624.259,11.499999999890917,44.99999999997024
Errekalde,amenity_school,W389713153,"(43.245199613671275, -2.9490884363509653)",712.8349999999999,13.000000000004988,24.99999999996035
Errekalde,amenity_school,W302863499,"(43.249161518689874, -2.9419338912957236)",739.795,13.999999999945459,51.00000000004957
