territory,building_type,osmid,coord,distance,rise,fall
Errekalde,N/A,N5056183351,"(43.251483, -2.9359224)",619.2180000000001,23.50000000009915,26.500000000128892
Ibaiondo,N/A,N11229801356,"(43.2538282, -2.9319814)",695.78,7.5000000001189875,19.50000000003969
Ibaiondo,N/A,W376396126,"(43.25272399169551, -2.925878746109151)",926.005,4.49999999999509,48.000000000034746
