territory,building_type,osmid,coord,distance,rise,fall
Basurtu-Zorrotza,building_train_station,W402170994,"(43.25967701277512, -2.9532145370708145)",269.67,0.0,19.500000000069377
Basurtu-Zorrotza,railway_subway_entrance,N4944875063,"(43.2594993, -2.9525533)",274.984,2.499999999999993,22.000000000069377
Basurtu-Zorrotza,railway_subway_entrance,N4944875070,"(43.2600187, -2.9537148)",384.949,2.5,24.000000000044608
Basurtu-Zorrotza,amenity_place_of_worship,W301694701,"(43.25652086676977, -2.957615550547145)",571.3810000000001,62.49999999991577,1.4210854715202004e-14
Basurtu-Zorrotza,amenity_community_centre,W301694691,"(43.25639843254374, -2.9578756320078523)",624.338,82.99999999999505,1.4210854715202004e-14
Basurtu-Zorrotza,amenity_place_of_worship,R11227990,"(43.25576330060649, -2.947366226912851)",626.886,0.0,21.500000000049567
Basurtu-Zorrotza,amenity_library,N10313715009,"(43.2567015, -2.9490922)",661.5240000000001,1.0000000000545128,17.50000000010408
Basurtu-Zorrotza,amenity_police,W408633232,"(43.2565796201018, -2.9493267089254327)",661.5240000000001,1.0000000000545128,17.50000000010408
Basurtu-Zorrotza,amenity_place_of_worship,W521860095,"(43.25903349804755, -2.9482902674061107)",748.739,7.000000000074351,35.000000000114
