territory,building_type,osmid,coord,distance,rise,fall
Abando,N/A,W28776478,"(43.259963913422865, -2.9284384320288925)",393.00600000000003,0.49999999999008793,4.499999999950447
Abando,N/A,W108504682,"(43.26150873360247, -2.9323193974511943)",411.405,2.500000000049546,5.499999999985128
Abando,N/A,W96337695,"(43.25973970175266, -2.9371151663607047)",469.98900000000003,4.000000000054495,11.000000000009901
Abando,N/A,W44016098,"(43.261229928011566, -2.929048100639934)",474.55400000000003,5.000000000019824,4.499999999950454
Abando,N/A,N3207631929,"(43.2618877, -2.9308223)",526.813,3.500000000029729,5.499999999985128
Ibaiondo,N/A,W404432093,"(43.25599232855877, -2.9282142750288136)",551.0849999999999,8.000000000034696,6.9999999999950475
Ibaiondo,N/A,N11229801356,"(43.2538282, -2.9319814)",592.2100000000002,31.000000000188322,3.5000000000693774
Abando,N/A,W44113519,"(43.25993749738077, -2.9264652360563534)",628.2760000000001,0.5000000000198206,12.999999999995044
Ibaiondo,N/A,N5056088727,"(43.2562779, -2.9264049)",805.6039999999999,6.000000000034692,20.500000000000004
