territory,building_type,osmid,coord,distance,rise,fall
Ibaiondo,N/A,W485363913,"(43.25997684824978, -2.9220146785419328)",932.5999999999998,6.000000000009926,59.50000000001487
Ibaiondo,N/A,W420558992,"(43.256988569906525, -2.92040166742721)",1011.8,8.500000000014886,48.500000000064425
