territory,building_type,osmid,coord,distance,rise,fall
Basurtu-Zorrotza,amenity_school,W251096855,"(43.27190400890658, -2.968858584144567)",504.088,44.00000000001982,3.000000000123812
Basurtu-Zorrotza,amenity_school,W138646173,"(43.273658206322374, -2.9724287872498514)",512.856,17.499999999955442,23.50000000005449
Basurtu-Zorrotza,amenity_community_centre,N6983084986,"(43.2739283, -2.9746927)",552.1640000000001,1.4999999999653433,22.000000000079247
