territory,building_type,osmid,coord,distance,rise,fall
Otxarkoaga-Txurdinaga,N/A,W235157481,"(43.25672274935615, -2.9070052667191253)",223.879,0.0,6.9999999999851354
Otxarkoaga-Txurdinaga,N/A,N4060532216,"(43.2579448, -2.9067392)",334.76800000000003,6.50000000001981,6.999999999985121
Otxarkoaga-Txurdinaga,N/A,N4060532220,"(43.2594633, -2.9000251)",613.417,32.49999999999507,6.999999999935611
Otxarkoaga-Txurdinaga,N/A,W164512079,"(43.25788389565486, -2.8988002094288414)",633.895,10.999999999920718,7.500000000024784
