territory,building_type,osmid,coord,distance,rise,fall
Errekalde,amenity_place_of_worship,W891085786,"(43.24306962047523, -2.9489897404357173)",458.57399999999996,19.000000000133895,40.99999999995538
