territory,building_type,osmid,coord,distance,rise,fall
Begona,N/A,W305622069,"(43.25019552887615, -2.9072914369528084)",754.5550000000001,6.499999999970271,28.00000000000496
Begona,N/A,N9607391207,"(43.2500267, -2.9080084)",757.168,9.500000000034689,23.500000000069377
