territory,building_type,osmid,coord,distance,rise,fall
Deusto,N/A,W185205681,"(43.27236008339459, -2.9507221366997642)",364.43199999999996,3.499999999970292,19.000000000024762
