territory,building_type,osmid,coord,distance,rise,fall
Otxarkoaga-Txurdinaga,N/A,W235157481,"(43.25672274935615, -2.9070052667191253)",209.135,0.0,6.9999999999851354
Otxarkoaga-Txurdinaga,N/A,N4060532216,"(43.2579448, -2.9067392)",336.782,6.50000000001981,6.999999999985121
