territory,building_type,osmid,coord,distance,rise,fall
Deusto,amenity_school,W185282136,"(43.27572418887909, -2.948857870940447)",492.1239999999999,8.500000000084157,46.50000000006929
Deusto,amenity_place_of_worship,N707156296,"(43.274857, -2.9480119)",545.6979999999999,8.500000000084157,51.49999999997027
,amenity_school,W366043794,"(43.279343628497756, -2.9411614017314194)",1657.789,72.00000000000993,67.49999999995053
