territory,building_type,osmid,coord,distance,rise,fall
Basurtu-Zorrotza,N/A,W163195554,"(43.262640749370476, -2.9496477508797216)",736.7869999999999,24.000000000009905,0.0
Basurtu-Zorrotza,N/A,W632988668,"(43.26125499964527, -2.950015396409132)",1114.0539999999996,31.0,10.999999999995044
