territory,building_type,osmid,coord,distance,rise,fall
Uribarri,N/A,W248634544,"(43.26459250062579, -2.9231745754982787)",311.511,13.000000000044587,7.500000000049546
Uribarri,N/A,N4508853267,"(43.2655628, -2.9205809)",494.094,26.999999999965326,5.499999999995055
Uribarri,N/A,N9607363904,"(43.2682033, -2.9265437)",516.3990000000001,13.500000000000007,9.999999999985146
Uribarri,N/A,N5056353256,"(43.2689626, -2.9250581)",539.6329999999999,24.00000000004954,9.50000000005944
Uribarri,N/A,W123440604,"(43.26872494896904, -2.9260301349397224)",578.0040000000001,18.499999999980197,9.999999999985146
Uribarri,N/A,N5056356248,"(43.2663985, -2.918579)",580.2690000000001,50.00000000006936,0.0
