territory,building_type,osmid,coord,distance,rise,fall
Ibaiondo,N/A,W485363913,"(43.25997684824978, -2.9220146785419328)",198.50799999999998,11.000000000079279,1.7763568394002505e-15
Ibaiondo,N/A,W108497734,"(43.25874273518262, -2.9247747311690637)",233.742,7.500000000044595,0.4999999999752269
Abando,N/A,W110895854,"(43.26092919682561, -2.9269453237882157)",294.053,18.499999999985135,0.4999999999752269
Abando,N/A,W44113519,"(43.25993749738077, -2.9264652360563534)",351.098,17.00000000002973,4.9999999999900915
Ibaiondo,N/A,W41525574,"(43.25771234249542, -2.9221397271902023)",376.78,11.500000000064414,0.5000000000198224
Abando,N/A,W28776478,"(43.259963913422865, -2.9284384320288925)",456.73699999999997,21.00000000005946,0.5000000000049631
Abando,N/A,W44016098,"(43.261229928011566, -2.929048100639934)",544.6529999999999,25.500000000089198,0.5000000000049702
Ibaiondo,N/A,W420558992,"(43.256988569906525, -2.92040166742721)",566.8249999999998,25.000000000054506,0.5000000000198224
Ibaiondo,N/A,N5056088727,"(43.2562779, -2.9264049)",662.485,13.000000000049551,3.0000000000000036
