territory,building_type,osmid,coord,distance,rise,fall
Abando,N/A,W110895854,"(43.26092919682561, -2.9269453237882157)",272.854,8.000000000064407,2.0000000000891838
Abando,N/A,W41688628,"(43.26399354682828, -2.9308926528671213)",382.255,10.500000000059448,0.5000000000049525
Uribarri,N/A,W248634544,"(43.26459250062579, -2.9231745754982787)",389.90200000000004,11.499999999980183,12.000000000004956
Abando,N/A,W28776478,"(43.259963913422865, -2.9284384320288925)",408.83500000000004,10.500000000138733,2.00000000011892
Abando,N/A,W44113519,"(43.25993749738077, -2.9264652360563534)",421.05100000000004,8.000000000064407,8.000000000059458
Abando,N/A,W44016098,"(43.261229928011566, -2.929048100639934)",495.2370000000001,15.00000000013873,2.0000000000891873
Abando,N/A,N3207631929,"(43.2618877, -2.9308223)",550.819,10.50000000002478,7.105427357601002e-15
Ibaiondo,N/A,W485363913,"(43.25997684824978, -2.9220146785419328)",700.9499999999999,19.500000000118913,20.500000000074323
