territory,building_type,osmid,coord,distance,rise,fall
Ibaiondo,amenity_school,W185282998,"(43.2405881821674, -2.921607513021208)",272.523,6.4999999999999964,1.5000000000099156
Ibaiondo,building_train_station,W453719236,"(43.24045334541864, -2.924084942378229)",326.70000000000005,16.000000000024798,2.9752200703114795e-11
Ibaiondo,amenity_school,W185284035,"(43.244405788428594, -2.9251938625874043)",593.473,12.000000000163642,7.000000000143807
Begona,amenity_school,W41376548,"(43.24403972070166, -2.918266302456059)",1498.3609999999999,32.0000000000149,13.500000000044652
