territory,building_type,osmid,coord,distance,rise,fall
Otxarkoaga-Txurdinaga,N/A,W235157481,"(43.25672274935615, -2.9070052667191253)",843.7060000000001,6.000000000000014,45.99999999995046
Otxarkoaga-Txurdinaga,N/A,N4060532216,"(43.2579448, -2.9067392)",882.8840000000001,33.50000000004958,66.9999999999802
