territory,building_type,osmid,coord,distance,rise,fall
Deusto,N/A,W185205681,"(43.27236008339459, -2.9507221366997642)",565.4839999999999,10.499999999836582,46.99999999997523
Deusto,N/A,N4254043797,"(43.2711694, -2.94695)",714.9069999999998,11.500000000054474,70.0000000001436
