territory,building_type,osmid,coord,distance,rise,fall
Deusto,amenity_place_of_worship,W41880844,"(43.27554714351943, -2.9561012625662673)",83.244,2.999999999990088,2.999999999990088
Deusto,amenity_school,W46974419,"(43.275085230498796, -2.955713804783979)",188.85999999999999,5.500000000004938,2.500000000024748
Deusto,railway_subway_entrance,N5299547436,"(43.2744156, -2.958025)",325.59900000000005,2.9999999999900915,14.500000000004949
Deusto,building_train_station,W378437650,"(43.27456673055102, -2.9582315021641943)",382.746,2.9999999999900986,17.500000000009905
Deusto,amenity_library,N600664788,"(43.2774399, -2.958159)",405.218,2.999999999990088,22.000000000014847
Deusto,amenity_police,W185205676,"(43.2730320456833, -2.9532225738516544)",520.9259999999999,5.500000000009884,6.500000000029694
Deusto,amenity_place_of_worship,W290069948,"(43.278611434588655, -2.959284696139327)",571.808,2.999999999990088,26.999999999975245
Deusto,tourism_museum,N11641427626,"(43.2783396, -2.9604649)",656.788,3.500000000019792,30.0000000000297
Deusto,amenity_school,W185282143,"(43.28002542818132, -2.9569323243902743)",715.8199999999999,19.0,12.4999999999703
