territory,building_type,osmid,coord,distance,rise,fall
Deusto,N/A,W290069950,"(43.280414549918596, -2.9601837787502543)",279.83799999999997,9.000000000069305,1.0000000000346514
Deusto,N/A,N10308519810,"(43.2812493, -2.9624445)",360.6379999999999,2.5000000000297025,3.0000000000297025
Deusto,N/A,N5056421870,"(43.2773644, -2.9587254)",565.3980000000001,16.000000000039613,3.0000000000297096
