territory,building_type,osmid,coord,distance,rise,fall
Deusto,N/A,N5056421870,"(43.2773644, -2.9587254)",391.1290000000001,10.000000000004949,10.000000000024752
