territory,building_type,osmid,coord,distance,rise,fall
Errekalde,amenity_school,W138709160,"(43.2507197898228, -2.945235337346584)",547.308,1.0000000000396554,37.500000000054534
Errekalde,amenity_school,W388280876,"(43.25316084419019, -2.9493565790141965)",566.636,24.49999999987113,46.999999999900886
Errekalde,amenity_school,W389713153,"(43.245199613671275, -2.9490884363509653)",664.486,34.50000000009918,22.000000000024798
