territory,building_type,osmid,coord,distance,rise,fall
Errekalde,amenity_school,W388280876,"(43.25316084419019, -2.9493565790141965)",909.3110000000001,37.500000000104144,114.00000000000503
Errekalde,amenity_place_of_worship,N8894270302,"(43.2542534, -2.9466821)",1089.954,29.500000000109118,129.00000000005957
Basurtu-Zorrotza,amenity_library,N10313715009,"(43.2567015, -2.9490922)",1447.4969999999998,36.50000000014873,132.00000000008924
Basurtu-Zorrotza,amenity_police,W408633232,"(43.2565796201018, -2.9493267089254327)",1447.4969999999998,36.50000000014873,132.00000000008924
