territory,building_type,osmid,coord,distance,rise,fall
Ibaiondo,N/A,W375390416,"(43.25296603590128, -2.923187807157419)",205.00599999999997,3.9999999999950475,6.50000000000496
Ibaiondo,N/A,N5056088727,"(43.2562779, -2.9264049)",315.082,7.0000000000049525,12.500000000019824
Ibaiondo,N/A,W404432093,"(43.25599232855877, -2.9282142750288136)",332.699,17.00000000001982,7.000000000029733
Ibaiondo,N/A,W420558992,"(43.256988569906525, -2.92040166742721)",598.2059999999999,26.50000000005452,17.500000000084256
Ibaiondo,N/A,W41525574,"(43.25771234249542, -2.9221397271902023)",605.1019999999999,15.000000000143721,19.50000000016355
Ibaiondo,N/A,W108497734,"(43.25874273518262, -2.9247747311690637)",652.673,10.000000000064421,18.500000000059472
Ibaiondo,N/A,W376396126,"(43.25272399169551, -2.925878746109151)",684.665,24.00000000000496,19.000000000054527
