territory,building_type,osmid,coord,distance,rise,fall
Basurtu-Zorrotza,railway_subway_entrance,N4944875070,"(43.2600187, -2.9537148)",143.03199999999998,7.105427357601002e-15,13.000000000009912
Basurtu-Zorrotza,building_train_station,W402170994,"(43.25967701277512, -2.9532145370708145)",170.31799999999998,3.4999999999950404,14.500000000029715
Basurtu-Zorrotza,railway_subway_entrance,N4944875063,"(43.2594993, -2.9525533)",252.99699999999999,1.9999999999752376,13.00000000000992
Basurtu-Zorrotza,building_public,N1848293667,"(43.2622397, -2.9510612)",618.1699999999998,7.0000000000297575,27.000000000024798
Basurtu-Zorrotza,building_train_station,W163128700,"(43.261459197014496, -2.948830847035061)",715.976,6.000000000004981,31.000000000000025
Basurtu-Zorrotza,railway_subway_entrance,N6139261848,"(43.2614654, -2.9489264)",720.328,6.000000000004981,31.000000000000025
Basurtu-Zorrotza,amenity_place_of_worship,W301694701,"(43.25652086676977, -2.957615550547145)",764.5540000000001,89.99999999993065,18.99999999998019
Basurtu-Zorrotza,amenity_community_centre,W301694691,"(43.25639843254374, -2.9578756320078523)",817.511,110.50000000000993,18.99999999998019
