territory,building_type,osmid,coord,distance,rise,fall
Deusto,amenity_school,W185282143,"(43.28002542818132, -2.9569323243902743)",199.173,7.105427357601002e-15,17.500000000029694
Deusto,amenity_place_of_worship,W290069948,"(43.278611434588655, -2.959284696139327)",526.4499999999998,17.00000000011883,65.00000000016337
Deusto,tourism_museum,N11641427626,"(43.2783396, -2.9604649)",618.8579999999998,17.00000000011883,67.50000000018812
Deusto,amenity_library,N600664788,"(43.2774399, -2.958159)",649.453,17.000000000014857,60.000000000099
Deusto,amenity_school,W476184325,"(43.2843974976645, -2.957012779231914)",1794.182,79.49999999993072,39.50000000000991
