territory,building_type,osmid,coord,distance,rise,fall
Ibaiondo,N/A,W375390416,"(43.25296603590128, -2.923187807157419)",868.6210000000002,32.00000000015365,52.50000000022303
