territory,building_type,osmid,coord,distance,rise,fall
Uribarri,N/A,N5056356248,"(43.2663985, -2.918579)",264.904,0.5000000000148503,20.000000000024755
Uribarri,N/A,N4060532227,"(43.2648784, -2.9149249)",294.378,8.000000000004974,28.500000000118916
Uribarri,N/A,W48045715,"(43.26461925000001, -2.912653900000001)",484.266,21.49999999993564,23.000000000109026
Uribarri,N/A,N5056355015,"(43.2646852, -2.9126594)",484.266,21.49999999993564,23.000000000109026
Uribarri,N/A,N4508853267,"(43.2655628, -2.9205809)",487.82400000000007,8.50000000003962,56.50000000014862
