territory,building_type,osmid,coord,distance,rise,fall
Uribarri,N/A,N4508853267,"(43.2655628, -2.9205809)",697.6500000000001,21.000000000227914,27.500000000183327
Uribarri,N/A,W248634544,"(43.26459250062579, -2.9231745754982787)",710.026,22.500000000168434,45.00000000009908
Uribarri,N/A,N4060532227,"(43.2648784, -2.9149249)",736.449,36.5000000000892,15.50000000004956
Uribarri,N/A,N5056356248,"(43.2663985, -2.918579)",805.7530000000002,41.50000000032702,19.50000000018334
Ibaiondo,N/A,W485363913,"(43.25997684824978, -2.9220146785419328)",847.1999999999999,10.500000000148631,33.50000000000991
