territory,building_type,osmid,coord,distance,rise,fall
Otxarkoaga-Txurdinaga,N/A,N4060532220,"(43.2594633, -2.9000251)",238.113,2.500000000079268,6.500000000004945
Otxarkoaga-Txurdinaga,N/A,N4060532217,"(43.2581194, -2.8980592)",296.637,7.000000000064432,28.000000000074337
Otxarkoaga-Txurdinaga,N/A,W164510985,"(43.257638496193636, -2.898318280368446)",356.942,7.000000000064446,28.00000000007435
Otxarkoaga-Txurdinaga,N/A,W164512079,"(43.25788389565486, -2.8988002094288414)",374.66,0.5000000000693774,26.50000000015858
