territory,building_type,osmid,coord,distance,rise,fall
Otxarkoaga-Txurdinaga,amenity_school,W298580885,"(43.252145781885545, -2.9041002912407294)",218.70499999999998,7.0000000000247695,7.999999999955392
Otxarkoaga-Txurdinaga,amenity_school,W185282109,"(43.25366521738261, -2.906609666855828)",562.626,9.000000000104059,20.500000000079282
Otxarkoaga-Txurdinaga,amenity_school,W40467470,"(43.256573103543374, -2.901640699915715)",621.533,14.000000000114042,7.0000000000991776
Otxarkoaga-Txurdinaga,amenity_police,W622325546,"(43.25530218844108, -2.9063156895208095)",676.2580000000002,25.00000000014871,24.000000000089223
Otxarkoaga-Txurdinaga,amenity_police,W622325547,"(43.255334209706184, -2.906310598872137)",676.2580000000002,25.00000000014871,24.000000000089223
