territory,building_type,osmid,coord,distance,rise,fall
Deusto,N/A,N5056421870,"(43.2773644, -2.9587254)",201.17700000000002,4.999999999960396,0.0
Deusto,N/A,W290069950,"(43.280414549918596, -2.9601837787502543)",399.148,6.500000000039604,6.500000000054456
Deusto,N/A,N10308519810,"(43.2812493, -2.9624445)",543.047,2.500000000034653,11.000000000084157
