territory,building_type,osmid,coord,distance,rise,fall
Otxarkoaga-Txurdinaga,N/A,W164510985,"(43.257638496193636, -2.898318280368446)",64.452,2.999999999940542,8.99999999998019
Otxarkoaga-Txurdinaga,N/A,N4060532217,"(43.2581194, -2.8980592)",102.203,1.4210854715202004e-14,6.0000000000396625
Otxarkoaga-Txurdinaga,N/A,W164512079,"(43.25788389565486, -2.8988002094288414)",169.18399999999997,2.999999999940542,14.000000000059487
Otxarkoaga-Txurdinaga,N/A,N4060532220,"(43.2594633, -2.9000251)",419.06699999999995,25.000000000104095,14.000000000059515
