territory,building_type,osmid,coord,distance,rise,fall
Deusto,railway_subway_entrance,N5299547436,"(43.2744156, -2.958025)",154.928,4.5000000000297184,1.500000000024766
Deusto,building_train_station,W378437650,"(43.27456673055102, -2.9582315021641943)",212.07499999999996,4.5000000000297256,4.500000000029722
Deusto,amenity_place_of_worship,W41880844,"(43.27554714351943, -2.9561012625662673)",383.744,16.000000000044576,1.500000000024766
Deusto,amenity_school,W46974419,"(43.275085230498796, -2.955713804783979)",489.75,19.000000000024766,1.500000000024766
Deusto,amenity_library,N600664788,"(43.2774399, -2.958159)",528.313,10.000000000004949,14.500000000009898
Deusto,amenity_police,W185205676,"(43.2730320456833, -2.9532225738516544)",619.0509999999999,18.500000000104,5.000000000103999
