territory,building_type,osmid,coord,distance,rise,fall
Begona,N/A,N9607391207,"(43.2500267, -2.9080084)",509.14900000000006,30.49999999998017,0.49999999997521627
Begona,N/A,W305622069,"(43.25019552887615, -2.9072914369528084)",634.1360000000001,23.500000000014893,1.0000000000099405
