territory,building_type,osmid,coord,distance,rise,fall
Abando,N/A,W171882527,"(43.26787786483111, -2.940565564584242)",127.773,4.9538151358774485e-12,1.9999999999702809
Abando,N/A,N4761972760,"(43.2642641, -2.9429738)",389.183,18.499999999990095,3.552713678800501e-15
Abando,N/A,W28211432,"(43.26554608054959, -2.93803822151696)",446.22799999999995,14.500000000104027,2.5000000000941203
Abando,N/A,N518227646,"(43.2661789, -2.9463066)",469.57600000000014,14.000000000064402,12.500000000069356
Abando,N/A,N4762096882,"(43.2634, -2.9433546)",513.683,22.50000000001982,3.552713678800501e-15
Deusto,N/A,N5056437799,"(43.2691029, -2.9449199)",851.9680000000003,19.500000000044594,14.000000000049543
