territory,building_type,osmid,coord,distance,rise,fall
Deusto,amenity_school,W476184325,"(43.2843974976645, -2.957012779231914)",1738.8800000000006,8.999999999940613,94.499999999901
Deusto,amenity_school,W185282143,"(43.28002542818132, -2.9569323243902743)",2569.0719999999997,36.00000000015357,179.0000000000644
