territory,building_type,osmid,coord,distance,rise,fall
Errekalde,N/A,W111740255,"(43.25465516232398, -2.943640524057168)",402.0799999999999,3.000000000019824,12.500000000074337
Abando,N/A,N5056379164,"(43.2581887, -2.9459426)",505.169,3.5000000000793037,11.000000000113985
Errekalde,N/A,N9607455457,"(43.252218, -2.9481901)",556.7330000000001,35.500000000039655,4.999999999990088
Basurtu-Zorrotza,N/A,N9607467466,"(43.2589548, -2.9488089)",709.8100000000001,6.000000000024784,16.000000000014865
