territory,building_type,osmid,coord,distance,rise,fall
Errekalde,N/A,N9607455457,"(43.252218, -2.9481901)",815.5700000000002,49.00000000016364,115.5000000000546
