territory,building_type,osmid,coord,distance,rise,fall
Abando,N/A,N4762096882,"(43.2634, -2.9433546)",412.554,8.499999999990099,5.5000000000148646
Abando,N/A,W28211432,"(43.26554608054959, -2.93803822151696)",422.08299999999997,4.500000000029729,12.000000000064404
Abando,N/A,N4761972760,"(43.2642641, -2.9429738)",422.441,9.49999999999505,10.50000000004954
Abando,N/A,N1271964866,"(43.2645212, -2.9345677)",542.703,6.499999999995051,2.500000000009912
Abando,N/A,W96337695,"(43.25973970175266, -2.9371151663607047)",704.7949999999998,12.999999999965315,9.499999999990084
