territory,building_type,osmid,coord,distance,rise,fall
Abando,N/A,N4762096882,"(43.2634, -2.9433546)",0.0,0.0,0.0
Abando,N/A,N4761972760,"(43.2642641, -2.9429738)",124.5,0.0,4.0000000000297256
Abando,N/A,N518227646,"(43.2661789, -2.9463066)",454.232,2.6645352591003757e-15,21.00000000002477
Basurtu-Zorrotza,N/A,W163195554,"(43.262640749370476, -2.9496477508797216)",667.395,11.000000000049543,3.000000000049546
