territory,building_type,osmid,coord,distance,rise,fall
Errekalde,amenity_school,W151417160,"(43.24855327383859, -2.941124341036385)",19.853,0.0,0.0
Errekalde,amenity_school,W331883965,"(43.25126608491348, -2.9388108819696117)",439.307,0.0,28.000000000019824
Errekalde,amenity_school,W302863499,"(43.249161518689874, -2.9419338912957236)",753.6369999999998,25.999999999955392,29.499999999980176
Errekalde,amenity_school,W138709160,"(43.2507197898228, -2.945235337346584)",762.2940000000001,13.99999999998019,41.49999999994549
