territory,building_type,osmid,coord,distance,rise,fall
Basurtu-Zorrotza,railway_subway_entrance,N4944875070,"(43.2600187, -2.9537148)",298.754,7.105427357601002e-15,32.50000000002479
Basurtu-Zorrotza,building_train_station,W402170994,"(43.25967701277512, -2.9532145370708145)",326.03999999999996,3.4999999999950404,34.000000000044594
Basurtu-Zorrotza,railway_subway_entrance,N4944875063,"(43.2594993, -2.9525533)",408.71900000000005,1.9999999999752376,32.5000000000248
Basurtu-Zorrotza,amenity_place_of_worship,W301694701,"(43.25652086676977, -2.957615550547145)",608.832,70.49999999991577,18.99999999998019
Basurtu-Zorrotza,amenity_community_centre,W301694691,"(43.25639843254374, -2.9578756320078523)",661.789,90.99999999999505,18.99999999998019
