territory,building_type,osmid,coord,distance,rise,fall
Ibaiondo,N/A,W375390416,"(43.25296603590128, -2.923187807157419)",939.8360000000001,32.00000000015365,61.500000000237904
