territory,building_type,osmid,coord,distance,rise,fall
Errekalde,amenity_school,W389713153,"(43.245199613671275, -2.9490884363509653)",647.412,35.00000000017354,36.000000000000014
Errekalde,amenity_school,W138709160,"(43.2507197898228, -2.945235337346584)",653.932,19.50000000017849,69.50000000009422
