territory,building_type,osmid,coord,distance,rise,fall
Abando,N/A,N4762096882,"(43.2634, -2.9433546)",339.158,0.5000000000198206,4.000000000009912
Abando,N/A,N5056379164,"(43.2581887, -2.9459426)",388.33399999999995,11.499999999975223,2.0000000000148646
Abando,N/A,N4761972760,"(43.2642641, -2.9429738)",463.658,0.5000000000198206,8.000000000039638
Basurtu-Zorrotza,N/A,N9607467466,"(43.2589548, -2.9488089)",522.977,12.499999999990095,5.4999999999851354
Basurtu-Zorrotza,N/A,W163195554,"(43.262640749370476, -2.9496477508797216)",580.871,17.50000000005945,13.000000000049546
Basurtu-Zorrotza,N/A,W632988668,"(43.26125499964527, -2.950015396409132)",837.7189999999999,21.999999999970285,21.49999999996533
