territory,building_type,osmid,coord,distance,rise,fall
Errekalde,N/A,W301165234,"(43.24714070207488, -2.9509802354261194)",450.7879999999999,59.499999999990095,67.99999999989097
Errekalde,N/A,N9607455457,"(43.252218, -2.9481901)",533.454,36.500000000198284,94.50000000008924
