territory,building_type,osmid,coord,distance,rise,fall
Basurtu-Zorrotza,amenity_place_of_worship,W300969657,"(43.27707124217174, -2.9740794720992434)",88.82,0.0,2.500000000024757
Basurtu-Zorrotza,building_public,W110382787,"(43.2776999, -2.9741186500000008)",184.69500000000002,8.881784197001252e-16,6.000000000029708
Basurtu-Zorrotza,amenity_community_centre,N3066705390,"(43.277338, -2.9746744)",267.073,8.881784197001252e-16,5.499999999995051
Basurtu-Zorrotza,amenity_library,N11229807742,"(43.2774341, -2.9749112)",267.073,8.881784197001252e-16,5.499999999995051
Basurtu-Zorrotza,building_public,W110382852,"(43.27811346878365, -2.974880436617395)",267.073,8.881784197001252e-16,5.499999999995051
Basurtu-Zorrotza,building_train_station,W771882864,"(43.27774409144363, -2.972288289329312)",311.193,1.000000000004952,5.000000000019806
Basurtu-Zorrotza,amenity_community_centre,N6983084986,"(43.2739283, -2.9746927)",341.27000000000004,5.499999999990099,4.0000000000148574
Basurtu-Zorrotza,amenity_school,W251096861,"(43.27528361750021, -2.9705968204589417)",468.948,18.49999999997524,0.5000000000148539
Basurtu-Zorrotza,amenity_school,W138646173,"(43.273658206322374, -2.9724287872498514)",481.62699999999995,23.999999999995048,8.000000000004952
