territory,building_type,osmid,coord,distance,rise,fall
Ibaiondo,N/A,W485363913,"(43.25997684824978, -2.9220146785419328)",112.66499999999999,0.0,0.0
Ibaiondo,N/A,W108497734,"(43.25874273518262, -2.9247747311690637)",316.787,7.500000000044595,11.500000000054504
Ibaiondo,N/A,W41525574,"(43.25771234249542, -2.9221397271902023)",317.644,0.5000000000297362,0.5000000000644214
Abando,N/A,W110895854,"(43.26092919682561, -2.9269453237882157)",460.8420000000001,18.49999999998514,11.500000000054506
Ibaiondo,N/A,W420558992,"(43.256988569906525, -2.92040166742721)",507.6889999999999,14.000000000019828,0.5000000000644214
Abando,N/A,W44113519,"(43.25993749738077, -2.9264652360563534)",517.8870000000001,17.00000000002973,16.00000000006937
Abando,N/A,W28776478,"(43.259963913422865, -2.9284384320288925)",623.5260000000001,21.000000000059465,11.500000000084242
Ibaiondo,N/A,N5056088727,"(43.2562779, -2.9264049)",747.199,13.000000000049551,14.00000000007928
