territory,building_type,osmid,coord,distance,rise,fall
Ibaiondo,N/A,W404432093,"(43.25599232855877, -2.9282142750288136)",209.76700000000002,0.0,17.00000000000496
Ibaiondo,N/A,N11229801356,"(43.2538282, -2.9319814)",293.14700000000005,9.500000000074351,1.4210854715202004e-14
Ibaiondo,N/A,W376396126,"(43.25272399169551, -2.925878746109151)",459.393,7.105427357601002e-15,22.000000000044622
Ibaiondo,N/A,N5056088727,"(43.2562779, -2.9264049)",507.18000000000006,0.0,32.50000000000992
