territory,building_type,osmid,coord,distance,rise,fall
Deusto,N/A,W290069950,"(43.280414549918596, -2.9601837787502543)",433.28999999999996,11.000000000079208,1.0000000000346514
Deusto,N/A,N10308519810,"(43.2812493, -2.9624445)",511.073,6.000000000044556,4.500000000034653
Deusto,N/A,N5056421870,"(43.2773644, -2.9587254)",530.8920000000002,15.000000000019806,1.7763568394002505e-15
