territory,building_type,osmid,coord,distance,rise,fall
Begona,railway_subway_entrance,N5923164459,"(43.2470028, -2.9055002)",101.0,7.999999999990084,0.9999999999950404
Begona,building_train_station,W262197081,"(43.24721948941041, -2.905694544078832)",163.542,7.500000000009919,0.5000000000148788
Begona,railway_subway_entrance,N5923164463,"(43.2470897, -2.9058799)",170.357,7.500000000009926,7.105427357601002e-15
Begona,building_train_station,W627458954,"(43.24706648377492, -2.9056005672304304)",170.357,7.500000000009926,7.105427357601002e-15
Begona,building_train_station,W627458976,"(43.24700044461815, -2.9057383069873937)",170.357,7.500000000009926,7.105427357601002e-15
Begona,tourism_hostel,R6809489,"(43.246643762497214, -2.90992181556658)",387.66700000000003,21.500000000029743,0.0
