territory,building_type,osmid,coord,distance,rise,fall
Ibaiondo,N/A,W41525574,"(43.25771234249542, -2.9221397271902023)",650.0849999999999,0.5000000000297362,41.00000000002973
Ibaiondo,N/A,W485363913,"(43.25997684824978, -2.9220146785419328)",706.2799999999999,0.5000000000099121,40.99999999997522
Ibaiondo,N/A,W420558992,"(43.256988569906525, -2.92040166742721)",840.1299999999999,14.000000000019828,41.00000000002973
