territory,building_type,osmid,coord,distance,rise,fall
Basurtu-Zorrotza,amenity_school,W251096855,"(43.27190400890658, -2.968858584144567)",521.485,3.5000000001188454,21.00000000008417
