territory,building_type,osmid,coord,distance,rise,fall
Errekalde,N/A,N9607455457,"(43.252218, -2.9481901)",716.3389999999999,40.00000000015369,33.000000000089244
