territory,building_type,osmid,coord,distance,rise,fall
Otxarkoaga-Txurdinaga,N/A,N4060532220,"(43.2594633, -2.9000251)",548.801,8.50000000004961,24.499999999925734
Otxarkoaga-Txurdinaga,N/A,N4060532216,"(43.2579448, -2.9067392)",612.642,8.999999999945501,50.999999999846395
Otxarkoaga-Txurdinaga,N/A,W164512079,"(43.25788389565486, -2.8988002094288414)",695.028,6.500000000039719,44.50000000007937
Otxarkoaga-Txurdinaga,N/A,W164510985,"(43.257638496193636, -2.898318280368446)",799.76,11.500000000119016,44.50000000007937
Otxarkoaga-Txurdinaga,N/A,N4060532217,"(43.2581194, -2.8980592)",876.095,11.50000000011903,44.50000000007938
