territory,building_type,osmid,coord,distance,rise,fall
Deusto,N/A,N5056437799,"(43.2691029, -2.9449199)",282.937,2.5000000000148574,12.500000000029715
Deusto,N/A,N4254043797,"(43.2711694, -2.94695)",438.62200000000007,7.500000000084192,0.5000000000643823
Deusto,N/A,W185205688,"(43.26864835487923, -2.947859768119749)",513.0699999999999,2.5000000000346745,13.500000000019815
Abando,N/A,W171882527,"(43.26787786483111, -2.940565564584242)",737.2479999999999,1.9999999999801887,19.499999999955424
