territory,building_type,osmid,coord,distance,rise,fall
Otxarkoaga-Txurdinaga,railway_subway_entrance,N4060532218,"(43.2586896, -2.8998266)",407.451,2.842170943040401e-14,43.49999999998519
Otxarkoaga-Txurdinaga,railway_subway_entrance,N4060532220,"(43.2594633, -2.9000251)",436.21100000000007,2.0000000000099334,37.000000000005
Otxarkoaga-Txurdinaga,amenity_place_of_worship,W298482555,"(43.25976765777735, -2.9001967277689698)",440.21000000000004,2.842170943040401e-14,34.99999999999511
Otxarkoaga-Txurdinaga,railway_subway_entrance,N4060532211,"(43.2586152, -2.899233)",477.12800000000004,5.684341886080802e-14,43.49999999998519
Otxarkoaga-Txurdinaga,amenity_school,W201671663,"(43.25887864816436, -2.9013276240376737)",504.75800000000004,6.499999999955449,37.000000000005
Otxarkoaga-Txurdinaga,amenity_community_centre,N10539847381,"(43.2604388, -2.9011188)",517.104,13.500000000044608,34.50000000009419
Otxarkoaga-Txurdinaga,railway_subway_entrance,N4060532217,"(43.2581194, -2.8980592)",528.466,0.4999999999951399,52.50000000007444
Otxarkoaga-Txurdinaga,amenity_community_centre,W164512079,"(43.25788389565486, -2.898800209428842)",574.87,4.263256414560601e-14,57.000000000158636
