territory,building_type,osmid,coord,distance,rise,fall
Deusto,N/A,N5056421870,"(43.2773644, -2.9587254)",234.213,8.000000000014856,0.0
Deusto,N/A,W290069950,"(43.280414549918596, -2.9601837787502543)",437.312,9.000000000054461,6.000000000014854
Deusto,N/A,N10308519810,"(43.2812493, -2.9624445)",518.692,5.329070518200751e-15,5.499999999995051
