territory,building_type,osmid,coord,distance,rise,fall
Errekalde,amenity_school,W388280876,"(43.25316084419019, -2.9493565790141965)",447.09799999999996,7.999999999995033,90.9999999999851
Errekalde,amenity_school,W138709160,"(43.2507197898228, -2.945235337346584)",497.774,0.0,96.99999999997519
Errekalde,amenity_place_of_worship,N8894270302,"(43.2542534, -2.9466821)",627.741,7.105427357601002e-15,106.00000000003965
Errekalde,amenity_community_centre,N4896680970,"(43.2536856, -2.9454718)",650.906,4.959588295605499e-12,101.00000000000493
