territory,building_type,osmid,coord,distance,rise,fall
Begona,N/A,N5056328910,"(43.2541211, -2.9149326)",368.0729999999998,32.000000000079325,4.263256414560601e-14
Ibaiondo,N/A,W420558992,"(43.256988569906525, -2.92040166742721)",585.463,6.500000000109026,18.500000000044608
Ibaiondo,N/A,W41525574,"(43.25771234249542, -2.9221397271902023)",607.017,0.0,25.499999999925674
