territory,building_type,osmid,coord,distance,rise,fall
Begona,N/A,N9607391207,"(43.2500267, -2.9080084)",720.056,35.50000000007934,2.0000000000545555
Begona,N/A,W305622069,"(43.25019552887615, -2.9072914369528084)",761.8330000000001,27.50000000003473,1.5000000000099476
