territory,building_type,osmid,coord,distance,rise,fall
Uribarri,N/A,W162445376,"(43.273080655467716, -2.9178267306692467)",373.524,14.0,2.000000000034703
