territory,building_type,osmid,coord,distance,rise,fall
Abando,N/A,W28211432,"(43.26554608054959, -2.93803822151696)",290.189,4.000000000034678,11.500000000069353
Abando,N/A,N4761972760,"(43.2642641, -2.9429738)",321.945,8.999999999999998,10.00000000005449
Abando,N/A,N4762096882,"(43.2634, -2.9433546)",445.211,19.000000000094126,16.000000000118895
Abando,N/A,N1271964866,"(43.2645212, -2.9345677)",471.10999999999996,13.000000000064396,9.000000000079257
Abando,N/A,W171882527,"(43.26787786483111, -2.940565564584242)",544.436,1.0000000000396292,22.500000000049543
