territory,building_type,osmid,coord,distance,rise,fall
Abando,N/A,W41688628,"(43.26399354682828, -2.9308926528671213)",254.31599999999997,3.500000000064407,3.552713678800501e-15
Abando,N/A,W110895854,"(43.26092919682561, -2.9269453237882157)",321.40400000000005,5.500000000109001,6.000000000123869
Abando,N/A,W44016098,"(43.261229928011566, -2.929048100639934)",325.235,6.500000000059458,7.105427357601002e-15
Abando,N/A,N3207631929,"(43.2618877, -2.9308223)",348.38399999999996,4.000000000034682,0.0
Abando,N/A,W28776478,"(43.259963913422865, -2.9284384320288925)",393.785,8.00000000018332,6.000000000153598
Abando,N/A,W44113519,"(43.25993749738077, -2.9264652360563534)",429.297,5.500000000108997,12.00000000009414
Abando,N/A,W108504682,"(43.26150873360247, -2.9323193974511943)",458.22299999999996,8.000000000138726,5.000000000084228
