territory,building_type,osmid,coord,distance,rise,fall
Errekalde,amenity_school,W388280876,"(43.25316084419019, -2.9493565790141965)",602.8220000000001,25.00000000013879,93.00000000003968
Errekalde,amenity_school,W138709160,"(43.2507197898228, -2.945235337346584)",612.299,33.50000000034703,115.50000000023303
