territory,building_type,osmid,coord,distance,rise,fall
Uribarri,N/A,N5056356248,"(43.2663985, -2.918579)",402.778,21.00000000008913,15.999999999940528
Uribarri,N/A,N4508853267,"(43.2655628, -2.9205809)",482.274,20.49999999999008,43.99999999994057
Uribarri,N/A,N5056353256,"(43.2689626, -2.9250581)",564.9609999999999,17.50000000013867,48.000000000069335
Uribarri,N/A,W248634544,"(43.26459250062579, -2.9231745754982787)",642.769,15.00000000006439,54.49999999999011
Uribarri,N/A,W123440604,"(43.26872494896904, -2.9260301349397224)",726.5550000000001,24.500000000143626,61.000000000069335
Uribarri,N/A,N9607363904,"(43.2682033, -2.9265437)",781.0709999999999,15.00000000006439,56.49999999997027
