territory,building_type,osmid,coord,distance,rise,fall
Errekalde,amenity_school,W389713153,"(43.245199613671275, -2.9490884363509653)",461.568,20.500000000133866,26.499999999980176
Errekalde,amenity_place_of_worship,W891085786,"(43.24306962047523, -2.9489897404357173)",599.561,34.50000000003472,26.499999999980176
