territory,building_type,osmid,coord,distance,rise,fall
Abando,N/A,W108504682,"(43.26150873360247, -2.9323193974511943)",145.832,2.500000000049546,0.0
Abando,N/A,W44016098,"(43.261229928011566, -2.929048100639934)",247.46900000000002,6.000000000054506,7.105427357601002e-15
Abando,N/A,N3207631929,"(43.2618877, -2.9308223)",261.24,3.500000000029729,0.0
Abando,N/A,W28776478,"(43.259963913422865, -2.9284384320288925)",318.88100000000003,6.000000000054506,4.500000000029736
Abando,N/A,W96337695,"(43.25973970175266, -2.9371151663607047)",444.7370000000001,5.000000000059448,6.5000000000297256
Abando,N/A,W41688628,"(43.26399354682828, -2.9308926528671213)",473.971,6.000000000094133,3.0000000000346816
Abando,N/A,W110895854,"(43.26092919682561, -2.9269453237882157)",481.565,6.000000000084242,7.0000000001040625
Abando,N/A,W44113519,"(43.25993749738077, -2.9264652360563534)",554.151,6.000000000084238,13.000000000074333
