territory,building_type,osmid,coord,distance,rise,fall
Errekalde,N/A,W111740255,"(43.25465516232398, -2.943640524057168)",632.7729999999999,11.500000000069392,40.50000000010408
Errekalde,N/A,N5056183351,"(43.251483, -2.9359224)",718.6739999999999,28.0,24.0
