territory,building_type,osmid,coord,distance,rise,fall
Deusto,amenity_school,W185282136,"(43.27572418887909, -2.948857870940447)",521.14,46.99999999989604,6.999999999975273
Deusto,amenity_place_of_worship,N707156296,"(43.274857, -2.9480119)",574.7139999999999,46.99999999989604,11.999999999876252
Deusto,amenity_place_of_worship,W41880844,"(43.27554714351943, -2.9561012625662673)",688.351,15.499999999990088,36.499999999985135
Deusto,amenity_school,W46974419,"(43.275085230498796, -2.955713804783979)",734.0259999999998,17.99999999999504,36.0000000000099
Deusto,amenity_police,W185205676,"(43.2730320456833, -2.9532225738516544)",869.4359999999999,15.499999999990088,37.500000000004945
Deusto,railway_subway_entrance,N5299547436,"(43.2744156, -2.958025)",930.7060000000001,15.499999999990091,48.0
Deusto,amenity_library,N600664788,"(43.2774399, -2.958159)",982.0550000000001,15.499999999990088,55.50000000000989
Deusto,building_train_station,W378437650,"(43.27456673055102, -2.9582315021641943)",987.8530000000002,15.499999999990099,51.00000000000496
Deusto,amenity_school,W185282143,"(43.28002542818132, -2.9569323243902743)",1292.6570000000002,31.5,45.99999999996535
