territory,building_type,osmid,coord,distance,rise,fall
Basurtu-Zorrotza,amenity_place_of_worship,W297437908,"(43.262797302818186, -2.962656780084932)",110.535,1.4210854715202004e-14,18.000000000000043
Basurtu-Zorrotza,tourism_hostel,W52528082,"(43.26320722722957, -2.9613203976201534)",369.00300000000004,2.842170943040401e-14,52.9999999999703
Basurtu-Zorrotza,tourism_hostel,W297437909,"(43.26060438475347, -2.9631934865762424)",410.923,29.999999999861302,12.49999999989106
Basurtu-Zorrotza,amenity_place_of_worship,W163196945,"(43.265461037844666, -2.9606482549113027)",1678.0209999999997,57.500000000099156,161.50000000007935
