territory,building_type,osmid,coord,distance,rise,fall
Errekalde,N/A,W301165234,"(43.24714070207488, -2.9509802354261194)",108.03299999999999,17.50000000000003,25.999999999970285
