territory,building_type,osmid,coord,distance,rise,fall
Otxarkoaga-Txurdinaga,N/A,N4060532220,"(43.2594633, -2.9000251)",288.74,14.500000000019796,18.499999999945487
Otxarkoaga-Txurdinaga,N/A,N4060532217,"(43.2581194, -2.8980592)",410.33799999999997,13.000000000005002,34.00000000001492
Otxarkoaga-Txurdinaga,N/A,W164512079,"(43.25788389565486, -2.8988002094288414)",427.399,12.500000000009905,38.50000000009912
Otxarkoaga-Txurdinaga,N/A,W164510985,"(43.257638496193636, -2.898318280368446)",470.643,13.000000000005016,34.000000000014936
