territory,building_type,osmid,coord,distance,rise,fall
Otxarkoaga-Txurdinaga,N/A,N4060532220,"(43.2594633, -2.9000251)",650.855,2.999999999999986,28.499999999851354
Otxarkoaga-Txurdinaga,N/A,N4060532216,"(43.2579448, -2.9067392)",761.5980000000001,9.999999999935554,61.49999999981169
