territory,building_type,osmid,coord,distance,rise,fall
Uribarri,N/A,N5056353256,"(43.2689626, -2.9250581)",552.468,4.5,71.00000000004954
Uribarri,N/A,W123440604,"(43.26872494896904, -2.9260301349397224)",714.0620000000001,11.500000000004956,84.00000000004954
Uribarri,N/A,N9607363904,"(43.2682033, -2.9265437)",777.9230000000001,11.500000000004956,89.00000000002973
Uribarri,N/A,W123440625,"(43.27407575044531, -2.920164432463072)",1566.8140000000003,164.50000000017823,24.50000000006439
Uribarri,N/A,W162445376,"(43.273080655467716, -2.9178267306692467)",1629.7890000000002,168.50000000004462,24.500000000064446
