territory,building_type,osmid,coord,distance,rise,fall
Deusto,N/A,N4254043797,"(43.2711694, -2.94695)",238.993,2.971844992316619e-11,24.99999999993563
Deusto,N/A,W185205681,"(43.27236008339459, -2.9507221366997642)",423.554,3.499999999970292,6.49999999992572
Deusto,N/A,W185205688,"(43.26864835487923, -2.947859768119749)",514.722,3.962874473018019e-11,42.99999999995049
Deusto,N/A,N5056437799,"(43.2691029, -2.9449199)",567.389,0.5000000000643894,42.50000000000497
