territory,building_type,osmid,coord,distance,rise,fall
Otxarkoaga-Txurdinaga,N/A,N4060532216,"(43.2579448, -2.9067392)",142.761,0.0,4.999999999950461
Otxarkoaga-Txurdinaga,N/A,W235157481,"(43.25672274935615, -2.9070052667191253)",272.09499999999997,0.0,11.499999999970285
Otxarkoaga-Txurdinaga,N/A,N4060532220,"(43.2594633, -2.9000251)",613.686,33.50000000007435,12.500000000000043
