territory,building_type,osmid,coord,distance,rise,fall
Begona,N/A,N5056328910,"(43.2541211, -2.9149326)",449.26800000000003,1.4999999999950404,3.500000000019824
Begona,N/A,N9607391207,"(43.2500267, -2.9080084)",499.43700000000007,1.000000000039691,22.500000000069434
Begona,N/A,W305622069,"(43.25019552887615, -2.9072914369528084)",946.1250000000001,17.0000000001041,46.000000000133845
