territory,building_type,osmid,coord,distance,rise,fall
Basurtu-Zorrotza,railway_subway_entrance,N4944875070,"(43.2600187, -2.9537148)",347.1039999999999,10.499999999925691,3.499999999990095
Basurtu-Zorrotza,building_train_station,W402170994,"(43.25967701277512, -2.9532145370708145)",397.6289999999999,13.999999999920732,5.000000000009905
Basurtu-Zorrotza,railway_subway_entrance,N4944875063,"(43.2594993, -2.9525533)",420.792,12.499999999900922,3.499999999990102
Basurtu-Zorrotza,building_train_station,W163196919,"(43.26433534839249, -2.955077952360856)",540.1310000000001,2.500000000004949,29.000000000039627
Basurtu-Zorrotza,building_train_station,W163196944,"(43.26431167828029, -2.9553483053682954)",540.1310000000001,2.500000000004949,29.000000000039627
Basurtu-Zorrotza,building_public,N1848293667,"(43.2622397, -2.9510612)",749.9089999999999,14.499999999935618,14.499999999985157
Basurtu-Zorrotza,railway_subway_entrance,N4458552191,"(43.2626804, -2.9495871)",848.8399999999999,15.499999999945523,17.50000000000002
Basurtu-Zorrotza,building_train_station,W163195554,"(43.26264074937047, -2.949647750879721)",850.5999999999999,15.499999999945523,17.50000000000002
Basurtu-Zorrotza,railway_subway_entrance,N6139261848,"(43.2614654, -2.9489264)",852.0669999999999,13.499999999910841,18.499999999960384
