territory,building_type,osmid,coord,distance,rise,fall
Basurtu-Zorrotza,N/A,N9607467466,"(43.2589548, -2.9488089)",100.571,1.499999999990095,0.0
Abando,N/A,N5056379164,"(43.2581887, -2.9459426)",368.01800000000003,6.9999999999950475,3.0000000000495533
Basurtu-Zorrotza,N/A,W163195554,"(43.262640749370476, -2.9496477508797216)",392.84900000000005,5.000000000034682,6.000000000039641
Basurtu-Zorrotza,N/A,W632988668,"(43.26125499964527, -2.950015396409132)",528.7070000000001,8.500000000049567,13.500000000059476
Basurtu-Zorrotza,N/A,W402170994,"(43.25967701277512, -2.9532145370708145)",558.049,18.500000000054527,8.500000000094161
