territory,building_type,osmid,coord,distance,rise,fall
Begona,N/A,N9607391207,"(43.2500267, -2.9080084)",647.948,12.99999999994548,9.99999999994052
Begona,N/A,W305622069,"(43.25019552887615, -2.9072914369528084)",768.556,13.500000000004981,18.00000000000002
