territory,building_type,osmid,coord,distance,rise,fall
Begona,N/A,N9607391207,"(43.2500267, -2.9080084)",453.365,11.00000000006942,12.000000000029772
Begona,N/A,W305622069,"(43.25019552887615, -2.9072914369528084)",900.053,27.00000000013383,35.50000000009418
