territory,building_type,osmid,coord,distance,rise,fall
Abando,N/A,N4761972760,"(43.2642641, -2.9429738)",0.0,0.0,0.0
Abando,N/A,N4762096882,"(43.2634, -2.9433546)",124.5,4.0000000000297256,0.0
Abando,N/A,N518227646,"(43.2661789, -2.9463066)",353.57899999999995,6.217248937900877e-15,16.999999999995048
Abando,N/A,W171882527,"(43.26787786483111, -2.940565564584242)",491.68,4.9604764740251994e-12,20.499999999960377
Abando,N/A,W28211432,"(43.26554608054959, -2.93803822151696)",566.821,6.000000000039634,12.500000000019817
