territory,building_type,osmid,coord,distance,rise,fall
Abando,N/A,W41688628,"(43.26399354682828, -2.9308926528671213)",172.54799999999997,0.9999999999801901,0.0
Abando,N/A,W44016098,"(43.261229928011566, -2.929048100639934)",343.422,6.500000000059465,2.5000000000842277
Abando,N/A,N3207631929,"(43.2618877, -2.9308223)",366.57099999999997,4.000000000034689,2.5000000000842206
Abando,N/A,W28776478,"(43.259963913422865, -2.9284384320288925)",414.834,6.500000000059465,7.000000000113957
Abando,N/A,W110895854,"(43.26092919682561, -2.9269453237882157)",431.39500000000004,5.5000000001090115,8.500000000208093
Abando,N/A,W108504682,"(43.26150873360247, -2.9323193974511943)",476.40999999999997,8.000000000138733,7.500000000168448
Abando,N/A,N1271964866,"(43.2645212, -2.9345677)",537.369,6.000000000074316,9.000000000113946
Abando,N/A,W44113519,"(43.25993749738077, -2.9264652360563534)",539.288,5.500000000109008,14.500000000178364
Abando,N/A,N4731925117,"(43.2661842, -2.9329433)",603.1240000000001,6.000000000064407,7.000000000079272
