territory,building_type,osmid,coord,distance,rise,fall
Basurtu-Zorrotza,N/A,W163196945,"(43.26546103784467, -2.9606482549113027)",789.397,50.50000000018827,60.00000000017837
Basurtu-Zorrotza,N/A,N5056200430,"(43.2613693, -2.9628267)",890.3579999999998,109.99999999992076,14.999999999950496
