territory,building_type,osmid,coord,distance,rise,fall
Basurtu-Zorrotza,amenity_place_of_worship,W301694701,"(43.25652086676977, -2.957615550547145)",624.2240000000002,11.000000000044636,36.00000000002976
Basurtu-Zorrotza,amenity_community_centre,W301694691,"(43.25639843254374, -2.9578756320078523)",639.4900000000001,31.50000000012392,36.00000000002976
Errekalde,amenity_school,W388280876,"(43.25316084419019, -2.9493565790141965)",1146.854,69.5000000000694,154.49999999998022
