territory,building_type,osmid,coord,distance,rise,fall
Begona,N/A,N5056328910,"(43.2541211, -2.9149326)",618.4859999999999,19.000000000000014,2.9999999999950546
