territory,building_type,osmid,coord,distance,rise,fall
Basurtu-Zorrotza,amenity_place_of_worship,W300969657,"(43.27707124217174, -2.9740794720992434)",233.83499999999998,0.5000000000148539,10.000000000044562
Basurtu-Zorrotza,amenity_school,W251096861,"(43.27528361750021, -2.9705968204589417)",258.41,10.999999999955438,0.0
Basurtu-Zorrotza,amenity_community_centre,N6983084986,"(43.2739283, -2.9746927)",310.17800000000005,2.5000000000346603,8.00000000006437
Basurtu-Zorrotza,building_public,W110382787,"(43.2776999, -2.9741186500000008)",329.7099999999999,0.5000000000148548,13.500000000049512
Basurtu-Zorrotza,building_train_station,W771882864,"(43.27774409144363, -2.972288289329312)",370.381,1.000000000004953,12.000000000024757
Basurtu-Zorrotza,amenity_school,W138646173,"(43.273658206322374, -2.9724287872498514)",376.03,10.499999999950486,1.4999999999653397
Basurtu-Zorrotza,amenity_community_centre,N3066705390,"(43.277338, -2.9746744)",412.08799999999997,0.5000000000148548,13.000000000014856
Basurtu-Zorrotza,amenity_library,N11229807742,"(43.2774341, -2.9749112)",412.08799999999997,0.5000000000148548,13.000000000014856
Basurtu-Zorrotza,building_public,W110382852,"(43.27811346878365, -2.974880436617395)",412.08799999999997,0.5000000000148548,13.000000000014856
