territory,building_type,osmid,coord,distance,rise,fall
Uribarri,N/A,N5056356248,"(43.2663985, -2.918579)",213.099,16.000000000049553,0.0
Uribarri,N/A,N4508853267,"(43.2655628, -2.9205809)",264.543,6.500000000000007,19.000000000049546
Uribarri,N/A,W248634544,"(43.26459250062579, -2.9231745754982787)",393.6499999999999,0.0,28.50000000002477
Uribarri,N/A,N5056353256,"(43.2689626, -2.9250581)",462.858,10.500000000014868,30.00000000004458
Uribarri,N/A,N9607363904,"(43.2682033, -2.9265437)",550.725,0.49999999995542765,30.999999999960377
Uribarri,N/A,W123440604,"(43.26872494896904, -2.9260301349397224)",558.08,4.0000000000148646,29.500000000039623
