territory,building_type,osmid,coord,distance,rise,fall
Abando,N/A,W96337695,"(43.25973970175266, -2.9371151663607047)",400.71299999999997,2.499999999990081,6.499999999960359
Abando,N/A,W108504682,"(43.26150873360247, -2.9323193974511943)",574.152,4.500000000054499,4.5000000000049525
Abando,N/A,N4762096882,"(43.2634, -2.9433546)",574.705,1.00000000004459,5.5000000000148646
Errekalde,N/A,N5056184623,"(43.2568371, -2.9396557)",607.01,16.500000000099114,5.500000000074337
