territory,building_type,osmid,coord,distance,rise,fall
Basurtu-Zorrotza,amenity_community_centre,W301694691,"(43.25639843254374, -2.9578756320078523)",91.014,0.0,0.0
Basurtu-Zorrotza,amenity_place_of_worship,W301694701,"(43.25652086676977, -2.957615550547145)",114.764,1.4210854715202004e-14,20.500000000079297
Basurtu-Zorrotza,amenity_police,W61650845,"(43.25483560908443, -2.9622720539357044)",1140.0990000000002,117.00000000017344,56.50000000026266
Basurtu-Zorrotza,amenity_police,W404633890,"(43.254956017399024, -2.962172628386112)",1140.0990000000002,117.00000000017344,56.50000000026266
