territory,building_type,osmid,coord,distance,rise,fall
,amenity_school,W366043794,"(43.279343628497756, -2.9411614017314194)",845.36,4.500000000064375,60.50000000012878
