territory,building_type,osmid,coord,distance,rise,fall
Errekalde,N/A,N9607455457,"(43.252218, -2.9481901)",805.5580000000002,74.00000000015866,115.50000000005458
