territory,building_type,osmid,coord,distance,rise,fall
Abando,N/A,W44016098,"(43.261229928011566, -2.929048100639934)",16.747,7.105427357601002e-15,7.105427357601002e-15
Abando,N/A,W28776478,"(43.259963913422865, -2.9284384320288925)",88.15899999999999,7.105427357601002e-15,4.500000000029736
Abando,N/A,W110895854,"(43.26092919682561, -2.9269453237882157)",250.843,2.9743318918917794e-11,7.0000000001040625
Abando,N/A,W108504682,"(43.26150873360247, -2.9323193974511943)",261.807,1.5000000000792753,5.000000000084228
Abando,N/A,N3207631929,"(43.2618877, -2.9308223)",301.767,0.5000000000346816,3.000000000059451
Abando,N/A,W44113519,"(43.25993749738077, -2.9264652360563534)",323.42900000000003,2.9739766205238993e-11,13.000000000074333
Abando,N/A,W41688628,"(43.26399354682828, -2.9308926528671213)",463.617,3.5000000000644036,6.500000000059451
Ibaiondo,N/A,W108497734,"(43.25874273518262, -2.9247747311690637)",711.152,8.000000000049564,26.000000000064425
