territory,building_type,osmid,coord,distance,rise,fall
Ibaiondo,N/A,W404432093,"(43.25599232855877, -2.9282142750288136)",131.023,2.000000000000014,1.999999999980183
Ibaiondo,N/A,N5056088727,"(43.2562779, -2.9264049)",385.542,1.0658141036401503e-14,15.499999999985139
Ibaiondo,N/A,N11229801356,"(43.2538282, -2.9319814)",475.508,30.500000000104087,4.00000000000496
Ibaiondo,N/A,W108497734,"(43.25874273518262, -2.9247747311690637)",532.251,0.49999999995540634,18.999999999920714
Abando,N/A,W28776478,"(43.259963913422865, -2.9284384320288925)",730.303,3.000000000019824,8.0
Abando,N/A,W44113519,"(43.25993749738077, -2.9264652360563534)",804.679,12.500000000104063,26.0000000000991
