territory,building_type,osmid,coord,distance,rise,fall
Deusto,amenity_school,W185206614,"(43.270374325567914, -2.9405683012120356)",414.06299999999993,0.0,55.500000000183235
Deusto,amenity_theatre,N10313700309,"(43.2696477, -2.9426557)",511.125,2.999999999950475,49.00000000006933
Deusto,amenity_place_of_worship,W112164512,"(43.272432347664996, -2.945613879322651)",552.25,18.49999999997524,54.000000000203045
Deusto,amenity_place_of_worship,N10585141905,"(43.2704473, -2.9376418)",618.307,2.5000000000396216,48.50000000016838
Deusto,tourism_hostel,N11975964770,"(43.2722749, -2.9467999)",692.713,13.500000000029715,44.000000000237705
Deusto,amenity_place_of_worship,N10585123305,"(43.2710612, -2.9375073)",749.122,18.99999999995048,48.500000000168384
