territory,building_type,osmid,coord,distance,rise,fall
Errekalde,N/A,W301165234,"(43.24714070207488, -2.9509802354261194)",376.06500000000005,45.49999999994054,8.4999999999703
Errekalde,N/A,N9607455457,"(43.252218, -2.9481901)",499.415,35.99999999993062,48.49999999995046
