territory,building_type,osmid,coord,distance,rise,fall
Errekalde,amenity_school,W151417160,"(43.24855327383859, -2.941124341036385)",214.13,15.500000000024784,7.0
Errekalde,amenity_school,W331883965,"(43.25126608491348, -2.9388108819696117)",250.481,0.0,19.49999999999504
Errekalde,amenity_community_centre,N5702888919,"(43.2532538, -2.9385299)",511.45699999999994,7.105427357601002e-15,26.99999999993061
Errekalde,amenity_school,W138709160,"(43.2507197898228, -2.945235337346584)",568.017,6.99999999998019,25.999999999920703
Errekalde,amenity_school,W302863499,"(43.249161518689874, -2.9419338912957236)",578.26,14.500000000019831,9.500000000019831
Errekalde,amenity_library,N10571583809,"(43.251039, -2.9352232)",615.7289999999999,14.499999999925649,16.499999999940513
Errekalde,railway_subway_entrance,N4541079485,"(43.2540911, -2.9419025)",704.31,7.99999999995044,41.999999999925656
