territory,building_type,osmid,coord,distance,rise,fall
Uribarri,N/A,W48045715,"(43.26461925000001, -2.912653900000001)",137.81900000000002,8.49999999995542,0.0
Uribarri,N/A,N5056355015,"(43.2646852, -2.9126594)",137.81900000000002,8.49999999995542,0.0
Uribarri,N/A,N4060532227,"(43.2648784, -2.9149249)",224.48499999999999,7.000000000079275,17.50000000006441
Uribarri,N/A,N5056356248,"(43.2663985, -2.918579)",600.3050000000001,14.500000000074337,23.999999999955435
