territory,building_type,osmid,coord,distance,rise,fall
Deusto,amenity_school,W185282136,"(43.27572418887909, -2.948857870940447)",777.3459999999999,10.0000000001436,85.50000000019809
Deusto,amenity_place_of_worship,N707156296,"(43.274857, -2.9480119)",830.9199999999998,10.0000000001436,90.50000000009906
,amenity_school,W366043794,"(43.279343628497756, -2.9411614017314194)",1983.1090000000002,72.00000000000993,105.00000000001988
