territory,building_type,osmid,coord,distance,rise,fall
Deusto,amenity_arts_centre,W176679093,"(43.26780294167776, -2.960577805719317)",81.859,4.440892098500626e-16,2.220446049250313e-16
Deusto,amenity_place_of_worship,N9652033547,"(43.2685894, -2.9604807)",213.451,0.5000000000198122,0.5000000000198122
Deusto,amenity_place_of_worship,W176664325,"(43.268567154157736, -2.9604612424344765)",213.451,0.5000000000198122,0.5000000000198122
Deusto,amenity_theatre,N3696895644,"(43.2673338, -2.9604465)",395.58299999999997,0.5000000000148594,0.5000000000198124
Deusto,amenity_community_centre,N6777788085,"(43.2672525, -2.9597383)",483.06499999999994,0.5000000000148594,0.5000000000198124
Deusto,amenity_community_centre,W254514789,"(43.26956430038033, -2.96173829084464)",592.7170000000001,2.000000000029718,2.500000000034671
Basurtu-Zorrotza,amenity_place_of_worship,W163196945,"(43.265461037844666, -2.9606482549113027)",3172.1580000000004,57.0000000002873,30.50000000026254
