territory,building_type,osmid,coord,distance,rise,fall
Deusto,N/A,N5056421870,"(43.2773644, -2.9587254)",485.1380000000001,10.999999999985146,20.00000000001981
