territory,building_type,osmid,coord,distance,rise,fall
Ibaiondo,N/A,W404432093,"(43.25599232855877, -2.9282142750288136)",165.955,1.4210854715202004e-14,7.999999999970271
Ibaiondo,N/A,N11229801356,"(43.2538282, -2.9319814)",443.303,22.500000000114,4.00000000000496
Ibaiondo,N/A,N5056088727,"(43.2562779, -2.9264049)",463.36800000000005,1.4210854715202004e-14,23.49999999997523
Ibaiondo,N/A,W376396126,"(43.25272399169551, -2.925878746109151)",599.978,9.999999999970285,22.999999999980197
