territory,building_type,osmid,coord,distance,rise,fall
Ibaiondo,amenity_school,W185284035,"(43.244405788428594, -2.9251938625874043)",0.0,0.0,0.0
Ibaiondo,building_train_station,W453719236,"(43.24045334541864, -2.924084942378229)",505.41800000000006,18.500000000000004,7.500000000024794
Ibaiondo,amenity_school,W185282998,"(43.2405881821674, -2.921607513021208)",680.86,13.499999999999996,13.50000000002975
