territory,building_type,osmid,coord,distance,rise,fall
Basurtu-Zorrotza,amenity_school,W138646173,"(43.273658206322374, -2.9724287872498514)",106.576,0.0,1.4999999999653326
Basurtu-Zorrotza,amenity_school,W251096861,"(43.27528361750021, -2.9705968204589417)",161.654,0.9999999999603979,0.4999999999554383
Basurtu-Zorrotza,amenity_community_centre,N6983084986,"(43.2739283, -2.9746927)",420.763,4.000000000009905,19.99999999999009
Basurtu-Zorrotza,amenity_school,W251096855,"(43.27190400890658, -2.968858584144567)",456.79,57.50000000008915,12.00000000005943
Basurtu-Zorrotza,amenity_place_of_worship,W300969657,"(43.27707124217174, -2.9740794720992434)",503.289,0.500000000014861,20.499999999995048
Basurtu-Zorrotza,building_train_station,W771882864,"(43.27774409144363, -2.972288289329312)",580.263,1.00000000000496,22.499999999975245
Basurtu-Zorrotza,building_public,W110382787,"(43.2776999, -2.9741186500000008)",593.67,1.4861889496842196e-11,23.499999999999996
Basurtu-Zorrotza,amenity_community_centre,N3066705390,"(43.277338, -2.9746744)",676.048,1.4861889496842196e-11,22.99999999996534
Basurtu-Zorrotza,amenity_library,N11229807742,"(43.2774341, -2.9749112)",676.048,1.4861889496842196e-11,22.99999999996534
