territory,building_type,osmid,coord,distance,rise,fall
Deusto,N/A,N10308519810,"(43.2812493, -2.9624445)",464.18899999999996,2.499999999990102,3.5000000000000036
Deusto,N/A,W290069950,"(43.280414549918596, -2.9601837787502543)",802.593,13.500000000059405,6.000000000034653
