territory,building_type,osmid,coord,distance,rise,fall
Abando,N/A,N1271964866,"(43.2645212, -2.9345677)",237.40400000000005,3.500000000054495,3.552713678800501e-15
Abando,N/A,W28211432,"(43.26554608054959, -2.93803822151696)",412.813,2.500000000074312,10.500000000039634
Abando,N/A,N4731925117,"(43.2661842, -2.9329433)",534.546,6.000000000133756,0.5000000000544986
Abando,N/A,W41688628,"(43.26399354682828, -2.9308926528671213)",581.146,16.000000000213024,8.500000000138712
Abando,N/A,W108504682,"(43.26150873360247, -2.9323193974511943)",583.7299999999999,11.500000000108997,4.50000000004459
Abando,N/A,W96337695,"(43.25973970175266, -2.9371151663607047)",597.6669999999999,8.500000000094126,5.500000000049543
Abando,N/A,N4761972760,"(43.2642641, -2.9429738)",786.066,11.500000000029724,13.000000000014863
