territory,building_type,osmid,coord,distance,rise,fall
Otxarkoaga-Txurdinaga,N/A,W164510985,"(43.257638496193636, -2.898318280368446)",320.503,3.000000000054513,5.5000000001486455
Otxarkoaga-Txurdinaga,N/A,N4060532217,"(43.2581194, -2.8980592)",374.34799999999996,3.000000000054527,5.50000000014866
Otxarkoaga-Txurdinaga,N/A,W164512079,"(43.25788389565486, -2.8988002094288414)",425.23499999999996,3.000000000054513,10.500000000227942
Otxarkoaga-Txurdinaga,N/A,N4060532220,"(43.2594633, -2.9000251)",675.1179999999999,25.000000000218066,10.50000000022797
