territory,building_type,osmid,coord,distance,rise,fall
Begona,N/A,N5056328910,"(43.2541211, -2.9149326)",289.70499999999987,17.499999999985164,2.842170943040401e-14
Ibaiondo,N/A,W420558992,"(43.256988569906525, -2.92040166742721)",460.61800000000005,0.0,26.50000000002973
Ibaiondo,N/A,W41525574,"(43.25771234249542, -2.9221397271902023)",648.4979999999999,0.0,40.000000000019824
