territory,building_type,osmid,coord,distance,rise,fall
Basurtu-Zorrotza,N/A,N11229807742,"(43.2774341, -2.9749112)",349.707,1.4853007712645194e-11,12.499999999985148
Basurtu-Zorrotza,N/A,W151883539,"(43.27856405785909, -2.9750882996142076)",393.142,2.475442073546219e-11,12.499999999985148
