territory,building_type,osmid,coord,distance,rise,fall
Basurtu-Zorrotza,amenity_school,W251096855,"(43.27190400890658, -2.968858584144567)",233.86400000000003,12.000000000054484,13.000000000069335
Basurtu-Zorrotza,amenity_school,W138646173,"(43.273658206322374, -2.9724287872498514)",784.4899999999999,24.00000000011393,72.00000000012383
Basurtu-Zorrotza,amenity_community_centre,N6983084986,"(43.2739283, -2.9746927)",1024.6960000000001,1.4999999999653575,63.999999999990116
