territory,building_type,osmid,coord,distance,rise,fall
Errekalde,N/A,W111740255,"(43.25465516232398, -2.943640524057168)",323.42299999999994,1.9999999999801688,13.000000000039641
Errekalde,N/A,N9607455457,"(43.252218, -2.9481901)",476.015,45.00000000015862,16.000000000114014
