territory,building_type,osmid,coord,distance,rise,fall
Uribarri,N/A,W123440604,"(43.26872494896904, -2.9260301349397224)",426.9429999999999,11.00000000013372,28.500000000113914
Uribarri,N/A,N5056353256,"(43.2689626, -2.9250581)",468.689,13.000000000094108,24.500000000079254
Uribarri,N/A,N9607363904,"(43.2682033, -2.9265437)",490.8039999999999,11.00000000013372,33.500000000094104
Abando,N/A,N4731925117,"(43.2661842, -2.9329433)",995.949,31.500000000143633,43.50000000003963
