territory,building_type,osmid,coord,distance,rise,fall
Ibaiondo,N/A,W404432093,"(43.25599232855877, -2.9282142750288136)",37.952,0.0,0.0
Ibaiondo,N/A,N5056088727,"(43.2562779, -2.9264049)",259.461,0.0,15.50000000000496
Ibaiondo,N/A,W375390416,"(43.25296603590128, -2.923187807157419)",499.75299999999993,11.00000000002478,23.50000000002478
Ibaiondo,N/A,N11229801356,"(43.2538282, -2.9319814)",540.866,26.50000000007931,1.4210854715202004e-14
Ibaiondo,N/A,W108497734,"(43.25874273518262, -2.9247747311690637)",542.979,3.000000000059469,21.500000000044608
Ibaiondo,N/A,W376396126,"(43.25272399169551, -2.925878746109151)",663.808,17.00000000000496,22.000000000044615
