territory,building_type,osmid,coord,distance,rise,fall
Abando,N/A,W110895854,"(43.26092919682561, -2.9269453237882157)",417.584,11.999999999940556,2.500000000009919
Abando,N/A,W41688628,"(43.26399354682828, -2.9308926528671213)",456.213,14.000000000014861,0.5000000000049525
Uribarri,N/A,W248634544,"(43.26459250062579, -2.9231745754982787)",470.35,14.000000000014863,11.00000000008422
Abando,N/A,W28776478,"(43.259963913422865, -2.9284384320288925)",553.5649999999999,14.500000000014882,2.5000000000396554
Abando,N/A,W44113519,"(43.25993749738077, -2.9264652360563534)",565.781,11.999999999940556,8.499999999980194
Abando,N/A,W44016098,"(43.261229928011566, -2.929048100639934)",601.628,16.50000000000497,1.4210854715202004e-14
Abando,N/A,N3207631929,"(43.2618877, -2.9308223)",624.777,13.999999999980194,7.105427357601002e-15
Uribarri,N/A,N9607363904,"(43.2682033, -2.9265437)",800.6519999999999,16.50000000001982,15.50000000006936
