territory,building_type,osmid,coord,distance,rise,fall
Uribarri,N/A,N5056356248,"(43.2663985, -2.918579)",71.86699999999999,0.0,1.9999999999553921
Uribarri,N/A,N4508853267,"(43.2655628, -2.9205809)",298.39099999999996,2.842170943040401e-14,30.500000000054513
Uribarri,N/A,N4060532227,"(43.2648784, -2.9149249)",332.64099999999996,11.000000000000028,14.000000000059458
Uribarri,N/A,W248634544,"(43.26459250062579, -2.9231745754982787)",538.583,2.842170943040401e-14,46.50000000002974
