territory,building_type,osmid,coord,distance,rise,fall
Otxarkoaga-Txurdinaga,amenity_school,W298580885,"(43.252145781885545, -2.9041002912407294)",147.837,7.0000000000247695,1.9999999999851354
Otxarkoaga-Txurdinaga,amenity_school,W185282109,"(43.25366521738261, -2.906609666855828)",631.693,15.000000000074316,20.500000000079282
Otxarkoaga-Txurdinaga,amenity_police,W622325546,"(43.25530218844108, -2.9063156895208095)",745.3250000000002,31.000000000118966,24.000000000089223
