territory,building_type,osmid,coord,distance,rise,fall
Begona,N/A,N9607391207,"(43.2500267, -2.9080084)",318.46500000000003,0.0,18.500000000000014
Begona,N/A,W305622069,"(43.25019552887615, -2.9072914369528084)",823.3489999999999,7.999999999999993,34.00000000000001
