territory,building_type,osmid,coord,distance,rise,fall
Basurtu-Zorrotza,tourism_hostel,W297437909,"(43.26060438475347, -2.9631934865762424)",150.542,34.49999999998016,4.000000000004945
Basurtu-Zorrotza,amenity_place_of_worship,W297437908,"(43.262797302818186, -2.962656780084932)",333.52,6.99999999998515,11.999999999980204
Basurtu-Zorrotza,tourism_hostel,W52528082,"(43.26320722722957, -2.9613203976201534)",427.24699999999996,14.500000000029715,54.49999999999501
