territory,building_type,osmid,coord,distance,rise,fall
Uribarri,N/A,W248634544,"(43.26459250062579, -2.9231745754982787)",316.354,3.499999999990095,17.500000000044594
Uribarri,N/A,N5056353256,"(43.2689626, -2.9250581)",327.649,11.000000000004952,16.000000000064393
Uribarri,N/A,N9607363904,"(43.2682033, -2.9265437)",332.15799999999996,0.49999999995542055,16.4999999999901
Uribarri,N/A,W123440604,"(43.26872494896904, -2.9260301349397224)",393.763,5.499999999935611,16.4999999999901
Uribarri,N/A,N4508853267,"(43.2655628, -2.9205809)",399.916,7.4999999999157865,5.499999999995055
Uribarri,N/A,N5056356248,"(43.2663985, -2.918579)",486.09099999999995,30.500000000019824,0.0
