territory,building_type,osmid,coord,distance,rise,fall
Begona,N/A,N9607391207,"(43.2500267, -2.9080084)",532.0680000000001,12.999999999945494,0.4999999999752376
Begona,N/A,W305622069,"(43.25019552887615, -2.9072914369528084)",630.1290000000001,13.500000000005002,8.500000000034746
