territory,building_type,osmid,coord,distance,rise,fall
Errekalde,amenity_school,W389713153,"(43.245199613671275, -2.9490884363509653)",575.0049999999999,1.4210854715202004e-14,24.99999999996035
Errekalde,amenity_place_of_worship,W891085786,"(43.24306962047523, -2.9489897404357173)",712.9979999999999,13.999999999900865,24.99999999996035
Errekalde,amenity_school,W151417160,"(43.24855327383859, -2.941124341036385)",831.074,11.499999999890932,57.99999999997523
