territory,building_type,osmid,coord,distance,rise,fall
Begona,N/A,N5056328910,"(43.2541211, -2.9149326)",302.54300000000006,4.500000000074365,9.000000000054541
