territory,building_type,osmid,coord,distance,rise,fall
Basurtu-Zorrotza,amenity_community_centre,N6983084986,"(43.2739283, -2.9746927)",554.59,1.4999999999653397,22.000000000079247
Basurtu-Zorrotza,amenity_school,W251096855,"(43.27190400890658, -2.968858584144567)",587.5719999999999,44.000000000019824,3.000000000123819
Basurtu-Zorrotza,amenity_school,W138646173,"(43.273658206322374, -2.9724287872498514)",587.689,9.99999999996534,16.00000000006439
