territory,building_type,osmid,coord,distance,rise,fall
Abando,N/A,W28211432,"(43.26554608054959, -2.93803822151696)",254.1,0.0,9.00000000002477
Abando,N/A,N1271964866,"(43.2645212, -2.9345677)",322.70000000000005,5.000000000004956,2.500000000009912
Abando,N/A,N4761972760,"(43.2642641, -2.9429738)",444.118,8.999999999999998,11.500000000044585
Abando,N/A,N4762096882,"(43.2634, -2.9433546)",557.859,8.499999999990091,7.0000000000049525
Abando,N/A,W96337695,"(43.25973970175266, -2.9371151663607047)",597.5939999999999,8.50000000006936,6.500000000084224
