territory,building_type,osmid,coord,distance,rise,fall
Uribarri,N/A,N5056353256,"(43.2689626, -2.9250581)",368.32000000000005,12.000000000014886,63.50000000001488
Uribarri,N/A,W123440604,"(43.26872494896904, -2.9260301349397224)",529.9140000000001,19.000000000019842,76.5000000000149
Uribarri,N/A,N9607363904,"(43.2682033, -2.9265437)",593.7750000000001,19.000000000019842,81.49999999999508
