territory,building_type,osmid,coord,distance,rise,fall
Begona,N/A,N9607391207,"(43.2500267, -2.9080084)",702.0259999999998,10.99999999996529,3.5000000000396625
Begona,N/A,W305622069,"(43.25019552887615, -2.9072914369528084)",827.5709999999999,13.500000000004995,13.500000000079368
