territory,building_type,osmid,coord,distance,rise,fall
Begona,N/A,N5056328910,"(43.2541211, -2.9149326)",341.24100000000004,0.5000000000495675,14.000000000094161
Otxarkoaga-Txurdinaga,N/A,W235157481,"(43.25672274935615, -2.9070052667191253)",564.513,7.500000000014893,20.50000000004958
