territory,building_type,osmid,coord,distance,rise,fall
Deusto,railway_subway_entrance,N5299547436,"(43.2744156, -2.958025)",428.96199999999993,19.000000000029722,1.5000000000247695
Deusto,building_train_station,W378437650,"(43.27456673055102, -2.9582315021641943)",486.10899999999987,19.00000000002973,4.5000000000297256
Deusto,amenity_place_of_worship,W41880844,"(43.27554714351943, -2.9561012625662673)",657.778,30.50000000004458,1.5000000000247695
Deusto,amenity_school,W46974419,"(43.275085230498796, -2.955713804783979)",763.784,33.50000000002477,1.5000000000247695
Deusto,amenity_place_of_worship,N9652033547,"(43.2685894, -2.9604807)",1712.0489999999998,14.500000000208026,23.000000000203073
Deusto,amenity_place_of_worship,W176664325,"(43.268567154157736, -2.9604612424344765)",1712.0489999999998,14.500000000208026,23.000000000203073
Deusto,amenity_community_centre,W254514789,"(43.26956430038033, -2.96173829084464)",1878.422,16.00000000021793,25.00000000021793
