territory,building_type,osmid,coord,distance,rise,fall
Ibaiondo,N/A,W420558992,"(43.256988569906525, -2.92040166742721)",261.12100000000004,0.0,20.500000000024784
Begona,N/A,N5056328910,"(43.2541211, -2.9149326)",393.2639999999999,23.499999999990095,1.4210854715202004e-14
Ibaiondo,N/A,W41525574,"(43.25771234249542, -2.9221397271902023)",449.001,0.0,34.00000000001488
Ibaiondo,N/A,W375390416,"(43.25296603590128, -2.923187807157419)",689.6060000000001,10.500000000069399,42.50000000007436
