territory,building_type,osmid,coord,distance,rise,fall
Errekalde,N/A,W301165234,"(43.24714070207488, -2.9509802354261194)",165.556,52.500000000000014,71.49999999996035
Errekalde,N/A,N9607455457,"(43.252218, -2.9481901)",656.1790000000001,27.499999999985164,95.99999999993558
