territory,building_type,osmid,coord,distance,rise,fall
Ibaiondo,N/A,W420558992,"(43.256988569906525, -2.92040166742721)",323.38300000000004,8.00000000000992,20.500000000024784
Begona,N/A,N5056328910,"(43.2541211, -2.9149326)",502.76599999999996,31.50000000000003,2.842170943040401e-14
Ibaiondo,N/A,W41525574,"(43.25771234249542, -2.9221397271902023)",511.2629999999999,8.00000000000992,34.00000000001488
Ibaiondo,N/A,W375390416,"(43.25296603590128, -2.923187807157419)",779.1440000000001,15.000000000084256,39.0000000000793
Ibaiondo,N/A,W485363913,"(43.25997684824978, -2.9220146785419328)",849.9559999999999,8.50000000007434,34.500000000044615
