territory,building_type,osmid,coord,distance,rise,fall
Abando,N/A,N4762096882,"(43.2634, -2.9433546)",110.12,1.5,1.499999999975227
Abando,N/A,N4761972760,"(43.2642641, -2.9429738)",234.62,1.5,5.5000000000049525
Abando,N/A,N518227646,"(43.2661789, -2.9463066)",564.352,1.5000000000000027,22.5
Abando,N/A,W28211432,"(43.26554608054959, -2.93803822151696)",801.4409999999999,7.500000000039634,18.00000000002477
