territory,building_type,osmid,coord,distance,rise,fall
Uribarri,N/A,W162445376,"(43.273080655467716, -2.9178267306692467)",468.136,11.999999999965326,4.500000000004974
