territory,building_type,osmid,coord,distance,rise,fall
Deusto,N/A,W185205688,"(43.26864835487923, -2.947859768119749)",406.265,1.7763568394002505e-15,9.49999999994057
Deusto,N/A,N4254043797,"(43.2711694, -2.94695)",437.24600000000004,8.500000000064382,0.0
Deusto,N/A,N5056437799,"(43.2691029, -2.9449199)",589.937,9.000000000044576,17.50000000001486
Deusto,N/A,W185205681,"(43.27236008339459, -2.9507221366997642)",603.0989999999999,30.50000000004953,3.466382736405649e-11
