territory,building_type,osmid,coord,distance,rise,fall
Uribarri,N/A,N4060532227,"(43.2648784, -2.9149249)",240.004,3.4999999999752447,12.500000000019838
Uribarri,N/A,N5056356248,"(43.2663985, -2.918579)",327.098,0.5000000000148646,8.49999999995542
Uribarri,N/A,W48045715,"(43.26461925000001, -2.912653900000001)",378.3979999999999,17.999999999930694,8.000000000034731
Uribarri,N/A,N5056355015,"(43.2646852, -2.9126594)",378.3979999999999,17.999999999930694,8.000000000034731
Uribarri,N/A,N4508853267,"(43.2655628, -2.9205809)",550.018,8.500000000039634,45.00000000007928
