territory,building_type,osmid,coord,distance,rise,fall
Errekalde,N/A,W41415573,"(43.24640784978145, -2.937495477469789)",612.7059999999999,18.00000000001488,53.499999999955406
