territory,building_type,osmid,coord,distance,rise,fall
Errekalde,amenity_school,W151417160,"(43.24855327383859, -2.941124341036385)",435.627,10.500000000074351,11.500000000054527
Errekalde,amenity_school,W165462102,"(43.245592158361845, -2.9342422839261544)",635.689,23.500000000049596,3.000000000059501
Errekalde,amenity_school,W302863499,"(43.249161518689874, -2.9419338912957236)",876.8319999999999,30.500000000049567,35.00000000005453
