territory,building_type,osmid,coord,distance,rise,fall
Abando,N/A,N4731925117,"(43.2661842, -2.9329433)",315.60400000000004,24.000000000064396,3.552713678800501e-15
Abando,N/A,W28211432,"(43.26554608054959, -2.93803822151696)",402.273,21.000000000108983,10.500000000089171
Abando,N/A,N1271964866,"(43.2645212, -2.9345677)",575.903,23.000000000054484,1.0000000000148574
Abando,N/A,W171882527,"(43.26787786483111, -2.940565564584242)",581.53,8.500000000004954,11.999999999960377
