territory,building_type,osmid,coord,distance,rise,fall
Otxarkoaga-Txurdinaga,N/A,N4060532220,"(43.2594633, -2.9000251)",578.6360000000001,2.0000000000099334,28.499999999851354
Otxarkoaga-Txurdinaga,N/A,W164512079,"(43.25788389565486, -2.8988002094288414)",732.8710000000001,4.263256414560601e-14,48.50000000000499
Otxarkoaga-Txurdinaga,N/A,W164510985,"(43.257638496193636, -2.898318280368446)",837.6030000000001,5.000000000079339,48.50000000000499
Otxarkoaga-Txurdinaga,N/A,N4060532217,"(43.2581194, -2.8980592)",904.349,16.500000000029843,59.99999999995549
