territory,building_type,osmid,coord,distance,rise,fall
Errekalde,amenity_school,W138709160,"(43.2507197898228, -2.945235337346584)",432.883,1.0000000000396696,22.50000000008429
Errekalde,amenity_school,W389713153,"(43.245199613671275, -2.9490884363509653)",492.927,27.500000000044636,0.0
Errekalde,amenity_school,W302863499,"(43.249161518689874, -2.9419338912957236)",750.3729999999999,25.00000000001986,22.50000000012397
Errekalde,amenity_school,W151417160,"(43.24855327383859, -2.941124341036385)",995.08,47.499999999995026,41.50000000007435
