territory,building_type,osmid,coord,distance,rise,fall
Deusto,N/A,N5056421870,"(43.2773644, -2.9587254)",542.7600000000001,27.000000000103963,42.00000000012377
Deusto,N/A,W290069950,"(43.280414549918596, -2.9601837787502543)",609.84,16.500000000128715,36.50000000012377
Deusto,N/A,N10308519810,"(43.2812493, -2.9624445)",750.1139999999999,10.000000000089118,38.500000000118824
