territory,building_type,osmid,coord,distance,rise,fall
Uribarri,N/A,N4060532227,"(43.2648784, -2.9149249)",253.47700000000003,5.999999999960387,10.500000000039655
Uribarri,N/A,W48045715,"(43.26461925000001, -2.912653900000001)",434.53099999999995,16.00000000000992,1.5000000001486313
Uribarri,N/A,N5056355015,"(43.2646852, -2.9126594)",434.53099999999995,16.00000000000992,1.5000000001486313
Uribarri,N/A,N5056356248,"(43.2663985, -2.918579)",606.553,14.999999999980218,18.49999999995545
