territory,building_type,osmid,coord,distance,rise,fall
Otxarkoaga-Txurdinaga,N/A,W235157481,"(43.25672274935615, -2.9070052667191253)",302.489,7.000000000019838,9.000000000019838
Otxarkoaga-Txurdinaga,N/A,N4060532216,"(43.2579448, -2.9067392)",338.957,9.499999999970285,4.999999999950461
