territory,building_type,osmid,coord,distance,rise,fall
Errekalde,N/A,W301165234,"(43.24714070207488, -2.9509802354261194)",265.181,39.99999999994547,8.000000000039691
