territory,building_type,osmid,coord,distance,rise,fall
Uribarri,N/A,W48045715,"(43.26461925000001, -2.912653900000001)",562.197,28.0000000000297,63.50000000016347
Uribarri,N/A,N5056355015,"(43.2646852, -2.9126594)",562.197,28.0000000000297,63.50000000016347
Uribarri,N/A,N4060532227,"(43.2648784, -2.9149249)",764.8219999999998,16.999999999990102,71.50000000006443
