territory,building_type,osmid,coord,distance,rise,fall
Abando,N/A,W41688628,"(43.26399354682828, -2.9308926528671213)",77.29899999999999,1.4999999999950475,0.0
Abando,N/A,N3207631929,"(43.2618877, -2.9308223)",290.03,4.500000000029729,2.5000000000644036
Abando,N/A,N1271964866,"(43.2645212, -2.9345677)",344.277,3.500000000034678,6.000000000059451
Abando,N/A,W108504682,"(43.26150873360247, -2.9323193974511943)",405.438,4.500000000029729,3.5000000000445866
Abando,N/A,N4731925117,"(43.2661842, -2.9329433)",407.146,6.000000000064407,6.500000000064414
Abando,N/A,W44016098,"(43.261229928011566, -2.929048100639934)",542.788,7.000000000074323,2.5000000000842277
Abando,N/A,W110895854,"(43.26092919682561, -2.9269453237882157)",630.7610000000001,6.000000000123869,8.500000000208093
