territory,building_type,osmid,coord,distance,rise,fall
Deusto,N/A,N5056421870,"(43.2773644, -2.9587254)",1059.8359999999998,15.499999999990088,68.99999999998514
