territory,building_type,osmid,coord,distance,rise,fall
Ibaiondo,N/A,W41525574,"(43.25771234249542, -2.9221397271902023)",334.14599999999996,0.5000000000297362,20.999999999995058
Ibaiondo,N/A,W108497734,"(43.25874273518262, -2.9247747311690637)",390.204,0.0,24.499999999940545
Ibaiondo,N/A,W485363913,"(43.25997684824978, -2.9220146785419328)",390.341,0.5000000000099121,20.99999999994055
Ibaiondo,N/A,W420558992,"(43.256988569906525, -2.92040166742721)",524.1909999999998,14.000000000019828,20.999999999995058
