territory,building_type,osmid,coord,distance,rise,fall
Deusto,amenity_community_centre,W254514789,"(43.26956430038033, -2.96173829084464)",305.618,2.0000000000198117,2.0000000000198117
Deusto,amenity_theatre,N3696895644,"(43.2673338, -2.9604465)",309.20899999999995,2.5000000000198113,2.0000000000198117
Deusto,amenity_place_of_worship,N9652033547,"(43.2685894, -2.9604807)",339.96999999999997,2.500000000024764,2.0000000000198117
Deusto,amenity_place_of_worship,W176664325,"(43.268567154157736, -2.9604612424344765)",339.96999999999997,2.500000000024764,2.0000000000198117
Deusto,amenity_community_centre,N6777788085,"(43.2672525, -2.9597383)",396.6909999999999,2.5000000000198113,2.0000000000198117
Deusto,amenity_arts_centre,W176679093,"(43.26780294167776, -2.960577805719317)",515.27,2.5000000000346705,2.0000000000297176
Basurtu-Zorrotza,amenity_place_of_worship,W163196945,"(43.265461037844666, -2.9606482549113027)",3085.7839999999997,59.00000000029226,32.00000000026254
