territory,building_type,osmid,coord,distance,rise,fall
Ibaiondo,N/A,W108497734,"(43.25874273518262, -2.9247747311690637)",177.47899999999998,3.0,4.499999999995044
Ibaiondo,N/A,W41525574,"(43.25771234249542, -2.9221397271902023)",276.916,3.0,0.5000000000198206
Ibaiondo,N/A,N5056088727,"(43.2562779, -2.9264049)",331.85999999999996,7.00000000000496,5.500000000019824
Ibaiondo,N/A,W404432093,"(43.25599232855877, -2.9282142750288136)",424.634,17.000000000019828,2.973266077788139e-11
Ibaiondo,N/A,W420558992,"(43.256988569906525, -2.92040166742721)",466.96099999999996,16.49999999999009,0.5000000000198206
Ibaiondo,N/A,W485363913,"(43.25997684824978, -2.9220146785419328)",507.58899999999994,3.500000000009912,0.9999999999950475
Abando,N/A,W110895854,"(43.26092919682561, -2.9269453237882157)",637.7879999999999,21.999999999960362,12.500000000014865
Abando,N/A,W44113519,"(43.25993749738077, -2.9264652360563534)",694.833,20.500000000004952,17.00000000002973
Abando,N/A,W28776478,"(43.259963913422865, -2.9284384320288925)",800.472,24.50000000003469,12.5000000000446
