territory,building_type,osmid,coord,distance,rise,fall
Ibaiondo,N/A,W404432093,"(43.25599232855877, -2.9282142750288136)",0.0,0.0,0.0
Ibaiondo,N/A,N5056088727,"(43.2562779, -2.9264049)",297.413,0.0,15.50000000000496
Ibaiondo,N/A,N11229801356,"(43.2538282, -2.9319814)",502.914,26.50000000007931,1.4210854715202004e-14
Ibaiondo,N/A,W108497734,"(43.25874273518262, -2.9247747311690637)",580.931,3.000000000059469,21.500000000044608
Ibaiondo,N/A,W376396126,"(43.25272399169551, -2.925878746109151)",625.8559999999999,17.00000000000496,22.000000000044615
Abando,N/A,W28776478,"(43.259963913422865, -2.9284384320288925)",861.3259999999999,5.000000000000007,10.000000000000014
Abando,N/A,W44113519,"(43.25993749738077, -2.9264652360563534)",914.2390000000001,14.500000000084242,28.000000000099114
