territory,building_type,osmid,coord,distance,rise,fall
Begona,N/A,N5056328910,"(43.2541211, -2.9149326)",425.41,5.000000000084242,8.500000000049567
Otxarkoaga-Txurdinaga,N/A,W235157481,"(43.25672274935615, -2.9070052667191253)",673.3249999999999,12.500000000054527,15.500000000009948
Otxarkoaga-Txurdinaga,N/A,N4060532216,"(43.2579448, -2.9067392)",777.8609999999999,19.000000000074365,15.500000000009962
