territory,building_type,osmid,coord,distance,rise,fall
Basurtu-Zorrotza,amenity_place_of_worship,W300969657,"(43.27707124217174, -2.9740794720992434)",278.484,8.500000000039613,9.500000000014857
Basurtu-Zorrotza,building_train_station,W771882864,"(43.27774409144363, -2.972288289329312)",284.832,9.50000000002971,11.99999999999505
Basurtu-Zorrotza,building_public,W110382787,"(43.2776999, -2.9741186500000008)",329.379,8.500000000039613,13.000000000019808
Basurtu-Zorrotza,amenity_school,W251096861,"(43.27528361750021, -2.9705968204589417)",346.397,19.500000000009905,1.7763568394002505e-15
Basurtu-Zorrotza,amenity_community_centre,N3066705390,"(43.277338, -2.9746744)",411.757,8.500000000039613,12.49999999998515
Basurtu-Zorrotza,amenity_library,N11229807742,"(43.2774341, -2.9749112)",411.757,8.500000000039613,12.49999999998515
Basurtu-Zorrotza,building_public,W110382852,"(43.27811346878365, -2.974880436617395)",411.757,8.500000000039613,12.49999999998515
Basurtu-Zorrotza,amenity_community_centre,N6983084986,"(43.2739283, -2.9746927)",457.7370000000001,11.000000000089127,8.000000000064372
Basurtu-Zorrotza,amenity_school,W138646173,"(43.273658206322374, -2.9724287872498514)",464.01700000000005,19.000000000004952,1.4999999999653415
