territory,building_type,osmid,coord,distance,rise,fall
Abando,N/A,W108504682,"(43.26150873360247, -2.9323193974511943)",368.877,4.500000000059455,2.000000000014861
Abando,N/A,W28776478,"(43.259963913422865, -2.9284384320288925)",404.74699999999996,2.5,0.999999999980183
Abando,N/A,W44016098,"(43.261229928011566, -2.929048100639934)",470.514,8.000000000064414,2.000000000014868
Abando,N/A,N3207631929,"(43.2618877, -2.9308223)",484.285,5.500000000039638,2.000000000014861
Abando,N/A,W96337695,"(43.25973970175266, -2.9371151663607047)",525.61,6.000000000064404,7.500000000039634
Abando,N/A,W110895854,"(43.26092919682561, -2.9269453237882157)",567.431,2.500000000029736,3.5000000000545093
Abando,N/A,W44113519,"(43.25993749738077, -2.9264652360563534)",640.017,2.5000000000297327,9.50000000002478
Ibaiondo,N/A,W404432093,"(43.25599232855877, -2.9282142750288136)",704.6990000000001,13.500000000014872,6.9999999999950475
