territory,building_type,osmid,coord,distance,rise,fall
Errekalde,amenity_school,W388280876,"(43.25316084419019, -2.9493565790141965)",272.464,7.999999999995033,14.50000000005452
Errekalde,amenity_school,W138709160,"(43.2507197898228, -2.945235337346584)",312.98900000000003,0.0,20.500000000044608
Errekalde,amenity_place_of_worship,N8894270302,"(43.2542534, -2.9466821)",442.956,7.105427357601002e-15,29.500000000109054
Errekalde,amenity_community_centre,N4896680970,"(43.2536856, -2.9454718)",466.12100000000004,4.959588295605499e-12,24.50000000007435
