territory,building_type,osmid,coord,distance,rise,fall
Ibaiondo,N/A,N5056088727,"(43.2562779, -2.9264049)",258.253,8.499999999995048,5.4999999999900915
Ibaiondo,N/A,W108497734,"(43.25874273518262, -2.9247747311690637)",277.014,4.500000000019821,4.499999999995044
Ibaiondo,N/A,W404432093,"(43.25599232855877, -2.9282142750288136)",351.02700000000004,18.500000000009916,0.0
Ibaiondo,N/A,W41525574,"(43.25771234249542, -2.9221397271902023)",376.451,4.500000000019821,0.5000000000198206
Ibaiondo,N/A,W420558992,"(43.256988569906525, -2.92040166742721)",445.06499999999994,24.500000000004956,7.0000000000148646
Ibaiondo,N/A,W375390416,"(43.25296603590128, -2.923187807157419)",478.43499999999995,14.50000000012886,8.500000000118945
Ibaiondo,N/A,W485363913,"(43.25997684824978, -2.9220146785419328)",607.124,5.000000000029733,0.9999999999950475
Abando,N/A,W44113519,"(43.25993749738077, -2.9264652360563534)",794.368,22.000000000024773,17.00000000002973
Ibaiondo,N/A,W376396126,"(43.25272399169551, -2.925878746109151)",851.15,32.50000000002479,19.000000000054534
