territory,building_type,osmid,coord,distance,rise,fall
Uribarri,N/A,N5056356248,"(43.2663985, -2.918579)",355.575,6.000000000024784,34.49999999991084
Uribarri,N/A,N4508853267,"(43.2655628, -2.9205809)",489.379,1.4210854715202004e-14,56.999999999985164
Uribarri,N/A,N5056353256,"(43.2689626, -2.9250581)",762.6489999999998,22.50000000014859,86.50000000011391
Uribarri,N/A,W162445376,"(43.273080655467716, -2.9178267306692467)",1463.5590000000004,160.00000000003476,13.499999999970385
