territory,building_type,osmid,coord,distance,rise,fall
Errekalde,N/A,N5056184623,"(43.2568371, -2.9396557)",0.0,0.0,0.0
Errekalde,N/A,W111740255,"(43.25465516232398, -2.943640524057168)",516.4029999999999,6.500000000089194,11.000000000153626
Abando,N/A,W96337695,"(43.25973970175266, -2.9371151663607047)",675.324,2.4999999999950546,17.49999999999011
