territory,building_type,osmid,coord,distance,rise,fall
Errekalde,N/A,N5056183351,"(43.251483, -2.9359224)",399.629,18.499999999990095,4.000000000064446
Errekalde,N/A,W41415573,"(43.24640784978145, -2.937495477469789)",733.135,35.50000000003968,12.500000000153705
