territory,building_type,osmid,coord,distance,rise,fall
Deusto,amenity_school,W133202039,"(43.27880270444211, -2.963662949818916)",498.8829999999999,6.499999999965338,8.500000000004949
Deusto,amenity_library,N600664788,"(43.2774399, -2.958159)",518.912,17.49999999991583,2.4999999999504876
Deusto,railway_subway_entrance,N5299547436,"(43.2744156, -2.958025)",527.596,25.499999999980197,3.0000000000049543
Deusto,tourism_museum,N11641427626,"(43.2783396, -2.9604649)",550.524,14.999999999960389,7.499999999980197
Deusto,amenity_school,W133202037,"(43.27953188152901, -2.964044809587376)",563.5269999999999,8.499999999970289,8.500000000004949
Deusto,building_train_station,W378437650,"(43.27456673055102, -2.9582315021641943)",584.743,25.499999999980204,6.00000000000991
Deusto,amenity_place_of_worship,W290069948,"(43.278611434588655, -2.959284696139327)",647.1610000000001,17.499999999985143,7.499999999980195
