territory,building_type,osmid,coord,distance,rise,fall
Uribarri,N/A,W48045715,"(43.26461925000001, -2.912653900000001)",259.544,0.4999999999752305,29.500000000039634
Uribarri,N/A,N5056355015,"(43.2646852, -2.9126594)",259.544,0.4999999999752305,29.500000000039634
Uribarri,N/A,N4060532227,"(43.2648784, -2.9149249)",492.982,7.50000000005452,55.50000000005948
