territory,building_type,osmid,coord,distance,rise,fall
Uribarri,N/A,W48045715,"(43.26461925000001, -2.912653900000001)",613.4479999999998,27.0000000001437,91.00000000027744
Uribarri,N/A,N5056355015,"(43.2646852, -2.9126594)",613.4479999999998,27.0000000001437,91.00000000027744
Otxarkoaga-Txurdinaga,N/A,N4060532216,"(43.2579448, -2.9067392)",693.132,7.000000000014879,69.4999999999901
