territory,building_type,osmid,coord,distance,rise,fall
Errekalde,amenity_school,W388280876,"(43.25316084419019, -2.9493565790141965)",537.201,7.99999999999509,75.99999999989595
Errekalde,amenity_school,W138709160,"(43.2507197898228, -2.945235337346584)",542.052,16.5000000002033,98.50000000008927
Errekalde,amenity_school,W389713153,"(43.245199613671275, -2.9490884363509653)",802.044,21.000000000198384,53.9999999999951
