territory,building_type,osmid,coord,distance,rise,fall
Basurtu-Zorrotza,building_train_station,W163196919,"(43.26433534839249, -2.955077952360856)",0.0,0.0,0.0
Basurtu-Zorrotza,building_train_station,W163196944,"(43.26431167828029, -2.9553483053682954)",0.0,0.0,0.0
Basurtu-Zorrotza,amenity_place_of_worship,W163196945,"(43.265461037844666, -2.9606482549113027)",472.84499999999997,25.00000000003963,6.500000000039632
Basurtu-Zorrotza,leisure_stadium,W59171758,"(43.264171286696644, -2.9493828668461135)",724.949,26.500000000014857,2.000000000034678
Basurtu-Zorrotza,railway_subway_entrance,N4458552191,"(43.2626804, -2.9495871)",735.5439999999999,26.500000000014857,2.000000000034678
Basurtu-Zorrotza,building_train_station,W163195554,"(43.26264074937047, -2.949647750879721)",737.3039999999999,26.500000000014857,2.000000000034678
Basurtu-Zorrotza,railway_subway_entrance,N4944875070,"(43.2600187, -2.9537148)",803.4530000000001,38.99999999999505,5.500000000024773
Basurtu-Zorrotza,building_public,N1848293667,"(43.2622397, -2.9510612)",841.8799999999999,29.500000000029722,3.000000000044583
