territory,building_type,osmid,coord,distance,rise,fall
Otxarkoaga-Txurdinaga,N/A,N4060532216,"(43.2579448, -2.9067392)",244.43900000000002,1.4210854715202004e-14,11.499999999915786
Otxarkoaga-Txurdinaga,N/A,W235157481,"(43.25672274935615, -2.9070052667191253)",373.773,1.4210854715202004e-14,17.99999999993561
Otxarkoaga-Txurdinaga,N/A,N4060532220,"(43.2594633, -2.9000251)",646.6510000000001,22.000000000114014,7.500000000005016
