territory,building_type,osmid,coord,distance,rise,fall
Begona,amenity_school,W302871940,"(43.24857120737572, -2.9140678663974113)",149.906,0.0,5.000000000044608
Begona,amenity_school,W419249921,"(43.247898820477886, -2.9140790959457936)",200.43100000000004,0.50000000003471,3.500000000024798
Begona,tourism_hostel,R6809489,"(43.246643762497214, -2.90992181556658)",300.19899999999996,1.4210854715202004e-14,9.99999999998019
Begona,railway_subway_entrance,N506170042,"(43.2506056, -2.9114436)",308.726,18.000000000039677,4.500000000029772
Begona,railway_subway_entrance,N506170049,"(43.2507365, -2.9105707)",423.28900000000004,21.00000000000003,7.499999999985164
Begona,amenity_school,W178937537,"(43.25131112995326, -2.9102872678264795)",442.0,21.00000000000003,4.500000000029772
Begona,amenity_place_of_worship,W40111977,"(43.25102796813039, -2.916214065107912)",565.63,31.000000000074365,18.000000000089244
Begona,amenity_school,W40347954,"(43.25086874686762, -2.9168277398567413)",626.291,28.500000000118952,17.500000000084263
