territory,building_type,osmid,coord,distance,rise,fall
Deusto,N/A,N5056421870,"(43.2773644, -2.9587254)",157.19199999999998,4.499999999990102,0.0
Deusto,N/A,W290069950,"(43.280414549918596, -2.9601837787502543)",390.845,7.000000000069312,7.500000000054458
Deusto,N/A,N10308519810,"(43.2812493, -2.9624445)",534.7439999999999,3.000000000064361,12.00000000008416
