territory,building_type,osmid,coord,distance,rise,fall
Abando,N/A,N518227646,"(43.2661789, -2.9463066)",94.553,5.00000000001486,8.881784197001252e-16
Abando,N/A,N4761972760,"(43.2642641, -2.9429738)",448.13200000000006,22.00000000000991,7.105427357601002e-15
Abando,N/A,N4762096882,"(43.2634, -2.9433546)",548.785,26.00000000003963,3.552713678800501e-15
Deusto,N/A,W185205688,"(43.26864835487923, -2.947859768119749)",574.9709999999999,15.50000000005944,7.500000000014863
Deusto,N/A,N5056437799,"(43.2691029, -2.9449199)",621.875,16.500000000029722,7.500000000014861
Abando,N/A,W171882527,"(43.26787786483111, -2.940565564584242)",677.9669999999999,20.500000000118888,19.0000000000644
Deusto,N/A,N4254043797,"(43.2711694, -2.94695)",784.4619999999999,33.5000000000644,7.500000000014866
