territory,building_type,osmid,coord,distance,rise,fall
Errekalde,N/A,N5056184623,"(43.2568371, -2.9396557)",428.99,2.5000000000495675,4.500000000024784
Abando,N/A,W96337695,"(43.25973970175266, -2.9371151663607047)",626.156,1.5000000000644178,18.50000000003469
Ibaiondo,N/A,N11229801356,"(43.2538282, -2.9319814)",633.844,27.500000000168512,10.000000000064432
