territory,building_type,osmid,coord,distance,rise,fall
Otxarkoaga-Txurdinaga,N/A,N4060532217,"(43.2581194, -2.8980592)",295.847,5.684341886080802e-14,26.00000000003969
Otxarkoaga-Txurdinaga,N/A,W164510985,"(43.257638496193636, -2.898318280368446)",356.152,7.105427357601002e-14,26.000000000039705
Otxarkoaga-Txurdinaga,N/A,N4060532220,"(43.2594633, -2.9000251)",371.845,9.999999999985121,18.999999999940528
Otxarkoaga-Txurdinaga,N/A,W164512079,"(43.25788389565486, -2.8988002094288414)",460.88399999999996,7.105427357601002e-14,31.000000000119
