territory,building_type,osmid,coord,distance,rise,fall
Errekalde,amenity_school,W388280876,"(43.25316084419019, -2.9493565790141965)",521.068,7.999999999995062,75.99999999989595
Errekalde,amenity_school,W138709160,"(43.2507197898228, -2.945235337346584)",525.919,16.500000000203272,98.50000000008927
Errekalde,amenity_school,W389713153,"(43.245199613671275, -2.9490884363509653)",785.911,21.000000000198355,53.9999999999951
