territory,building_type,osmid,coord,distance,rise,fall
Ibaiondo,N/A,W41525574,"(43.25771234249542, -2.9221397271902023)",392.205,3.4999999999851497,20.999999999995058
Ibaiondo,N/A,W108497734,"(43.25874273518262, -2.9247747311690637)",448.26300000000003,2.9999999999554134,24.499999999940545
Ibaiondo,N/A,W485363913,"(43.25997684824978, -2.9220146785419328)",448.4,3.4999999999653255,20.99999999994055
Ibaiondo,N/A,W420558992,"(43.256988569906525, -2.92040166742721)",582.25,16.99999999997524,20.999999999995058
Abando,N/A,W44113519,"(43.25993749738077, -2.9264652360563534)",884.561,19.999999999985143,36.50000000000001
