territory,building_type,osmid,coord,distance,rise,fall
Basurtu-Zorrotza,amenity_school,W251096855,"(43.27190400890658, -2.968858584144567)",210.98499999999999,27.000000000019824,1.4210854715202004e-14
Basurtu-Zorrotza,amenity_school,W138646173,"(43.273658206322374, -2.9724287872498514)",339.64099999999996,12.00000000005943,32.000000000034674
Basurtu-Zorrotza,amenity_school,W251096861,"(43.27528361750021, -2.9705968204589417)",407.459,13.000000000019813,31.000000000024766
Basurtu-Zorrotza,amenity_community_centre,N6983084986,"(43.2739283, -2.9746927)",653.8279999999999,16.000000000069335,50.50000000005943
