territory,building_type,osmid,coord,distance,rise,fall
Begona,N/A,N5056328910,"(43.2541211, -2.9149326)",562.6949999999998,37.499999999995055,11.50000000008427
Ibaiondo,N/A,W375390416,"(43.25296603590128, -2.923187807157419)",939.8360000000001,32.00000000015365,61.500000000237904
