territory,building_type,osmid,coord,distance,rise,fall
Otxarkoaga-Txurdinaga,N/A,N4060532220,"(43.2594633, -2.9000251)",403.0200000000001,8.500000000049582,7.500000000005002
Otxarkoaga-Txurdinaga,N/A,N4060532216,"(43.2579448, -2.9067392)",415.5879999999999,1.4210854715202004e-14,24.999999999980204
Otxarkoaga-Txurdinaga,N/A,W235157481,"(43.25672274935615, -2.9070052667191253)",517.962,0.0,31.500000000000014
Otxarkoaga-Txurdinaga,N/A,W164512079,"(43.25788389565486, -2.8988002094288414)",549.2470000000001,6.500000000039691,27.500000000158636
Otxarkoaga-Txurdinaga,N/A,W164510985,"(43.257638496193636, -2.898318280368446)",653.979,11.500000000118987,27.500000000158636
Otxarkoaga-Txurdinaga,N/A,N4060532217,"(43.2581194, -2.8980592)",730.3140000000001,11.500000000119002,27.50000000015865
