territory,building_type,osmid,coord,distance,rise,fall
Basurtu-Zorrotza,N/A,W402170994,"(43.25967701277512, -2.9532145370708145)",0.0,0.0,0.0
Basurtu-Zorrotza,N/A,N9607467466,"(43.2589548, -2.9488089)",658.62,10.000000000084256,18.500000000054527
Basurtu-Zorrotza,N/A,W163195554,"(43.262640749370476, -2.9496477508797216)",692.2699999999999,8.500000000054506,19.50000000001983
Basurtu-Zorrotza,N/A,W632988668,"(43.26125499964527, -2.950015396409132)",801.9439999999998,11.500000000019831,26.499999999990106
