territory,building_type,osmid,coord,distance,rise,fall
Ibaiondo,N/A,N11229801356,"(43.2538282, -2.9319814)",209.45799999999997,4.500000000128885,0.9999999999851426
Ibaiondo,N/A,W404432093,"(43.25599232855877, -2.9282142750288136)",493.04400000000004,4.5000000001289,27.500000000064453
Errekalde,N/A,N5056183351,"(43.251483, -2.9359224)",538.915,16.000000000069413,3.50000000003471
Ibaiondo,N/A,W376396126,"(43.25272399169551, -2.925878746109151)",550.1299999999999,2.499999999985164,30.499999999960373
