territory,building_type,osmid,coord,distance,rise,fall
Deusto,N/A,N5056421870,"(43.2773644, -2.9587254)",666.8739999999999,23.00000000003961,12.500000000074271
