territory,building_type,osmid,coord,distance,rise,fall
Uribarri,N/A,N4060532227,"(43.2648784, -2.9149249)",76.989,7.105427357601002e-15,8.00000000008918
Uribarri,N/A,W48045715,"(43.26461925000001, -2.912653900000001)",220.46000000000004,17.999999999930665,7.000000000079282
Uribarri,N/A,N5056355015,"(43.2646852, -2.9126594)",220.46000000000004,17.999999999930665,7.000000000079282
Uribarri,N/A,N5056356248,"(43.2663985, -2.918579)",388.98,7.499999999995055,14.49999999998019
Uribarri,N/A,N4508853267,"(43.2655628, -2.9205809)",584.6329999999999,3.4999999999653255,39.00000000004955
