territory,building_type,osmid,coord,distance,rise,fall
Ibaiondo,N/A,W41525574,"(43.25771234249542, -2.9221397271902023)",342.513,0.0,17.499999999925674
Ibaiondo,N/A,W420558992,"(43.256988569906525, -2.92040166742721)",360.0349999999999,0.5000000000346816,4.499999999970264
Ibaiondo,N/A,W485363913,"(43.25997684824978, -2.9220146785419328)",504.5559999999999,0.5000000000099121,17.9999999999009
Begona,N/A,N5056328910,"(43.2541211, -2.9149326)",582.435,40.00000000007931,2.842170943040401e-14
