territory,building_type,osmid,coord,distance,rise,fall
Ibaiondo,N/A,W108497734,"(43.25874273518262, -2.9247747311690637)",152.00900000000001,3.0000000000297327,4.499999999995044
Ibaiondo,N/A,W41525574,"(43.25771234249542, -2.9221397271902023)",251.446,3.0000000000297327,0.5000000000198206
Ibaiondo,N/A,N5056088727,"(43.2562779, -2.9264049)",336.14799999999997,7.000000000034696,5.500000000019828
Ibaiondo,N/A,W404432093,"(43.25599232855877, -2.9282142750288136)",428.922,17.000000000049564,2.973621349156019e-11
Ibaiondo,N/A,W420558992,"(43.256988569906525, -2.92040166742721)",441.49099999999993,16.500000000019824,0.5000000000198206
Ibaiondo,N/A,W485363913,"(43.25997684824978, -2.9220146785419328)",482.119,3.5000000000396447,0.9999999999950475
Abando,N/A,W110895854,"(43.26092919682561, -2.9269453237882157)",612.318,21.999999999990095,12.500000000014865
Abando,N/A,W44113519,"(43.25993749738077, -2.9264652360563534)",669.3629999999999,20.500000000034685,17.00000000002973
Abando,N/A,W28776478,"(43.259963913422865, -2.9284384320288925)",775.002,24.50000000006442,12.5000000000446
