territory,building_type,osmid,coord,distance,rise,fall
Deusto,N/A,N5056421870,"(43.2773644, -2.9587254)",170.358,5.499999999980197,0.9999999999900986
Deusto,N/A,W290069950,"(43.280414549918596, -2.9601837787502543)",428.654,7.000000000069313,7.500000000054463
Deusto,N/A,N10308519810,"(43.2812493, -2.9624445)",572.553,3.0000000000643627,12.000000000084164
