territory,building_type,osmid,coord,distance,rise,fall
Basurtu-Zorrotza,building_train_station,W163196919,"(43.26433534839249, -2.955077952360856)",450.19900000000007,0.999999999970278,1.4999999999356
Basurtu-Zorrotza,building_train_station,W163196944,"(43.26431167828029, -2.9553483053682954)",450.19900000000007,0.999999999970278,1.4999999999356
Basurtu-Zorrotza,amenity_place_of_worship,W163196945,"(43.265461037844666, -2.9606482549113027)",616.844,34.50000000005449,16.500000000019817
Basurtu-Zorrotza,building_public,N1848293667,"(43.2622397, -2.9510612)",1061.201,33.500000000039634,7.500000000019812
Basurtu-Zorrotza,tourism_hostel,W52528082,"(43.26320722722957, -2.9613203976201534)",1567.5840000000003,93.50000000008424,24.500000000039634
Deusto,tourism_hostel,N3004608569,"(43.2687748, -2.9545458)",1778.3250000000003,18.500000000123837,23.00000000010898
Deusto,amenity_community_centre,N6777788085,"(43.2672525, -2.9597383)",2326.771,14.000000000188226,22.500000000183277
Deusto,amenity_theatre,N3696895644,"(43.2673338, -2.9604465)",2344.5410000000006,14.000000000188226,22.500000000183277
Deusto,amenity_arts_centre,W176679093,"(43.26780294167776, -2.960577805719317)",2732.7570000000005,14.500000000208038,23.000000000198135
