territory,building_type,osmid,coord,distance,rise,fall
Deusto,N/A,N4254043797,"(43.2711694, -2.94695)",51.733999999999995,6.5,0.0
Deusto,N/A,W185205688,"(43.26864835487923, -2.947859768119749)",244.157,9.910294807013997e-12,11.500000000014861
Deusto,N/A,N5056437799,"(43.2691029, -2.9449199)",358.00300000000004,2.000000000004956,12.500000000039623
Deusto,N/A,W185205681,"(43.27236008339459, -2.9507221366997642)",568.863,30.499999999950482,2.0
