territory,building_type,osmid,coord,distance,rise,fall
Uribarri,N/A,N4060532227,"(43.2648784, -2.9149249)",44.760000000000005,7.105427357601002e-15,7.105427357601002e-15
Uribarri,N/A,W48045715,"(43.26461925000001, -2.912653900000001)",242.05800000000005,26.00000000001983,7.000000000079275
Uribarri,N/A,N5056355015,"(43.2646852, -2.9126594)",242.05800000000005,26.00000000001983,7.000000000079275
Uribarri,N/A,N5056356248,"(43.2663985, -2.918579)",423.22300000000007,15.50000000008422,14.499999999980183
Uribarri,N/A,N4508853267,"(43.2655628, -2.9205809)",591.6899999999999,3.4999999999653326,30.999999999960387
