territory,building_type,osmid,coord,distance,rise,fall
Ibaiondo,N/A,W41525574,"(43.25771234249542, -2.9221397271902023)",433.75100000000003,0.0,18.499999999955403
Ibaiondo,N/A,W420558992,"(43.256988569906525, -2.92040166742721)",451.2729999999999,0.5000000000346816,5.499999999999993
Begona,N/A,N5056328910,"(43.2541211, -2.9149326)",491.1969999999999,39.00000000004958,2.842170943040401e-14
Ibaiondo,N/A,W485363913,"(43.25997684824978, -2.9220146785419328)",595.794,0.5000000000099121,18.99999999993063
