territory,building_type,osmid,coord,distance,rise,fall
Ibaiondo,N/A,W41525574,"(43.25771234249542, -2.9221397271902023)",966.428,6.00000000002975,60.50000000007435
Ibaiondo,N/A,W485363913,"(43.25997684824978, -2.9220146785419328)",1022.6229999999999,6.000000000009926,60.500000000019845
Ibaiondo,N/A,W420558992,"(43.256988569906525, -2.92040166742721)",1101.823,8.500000000014886,49.5000000000694
