territory,building_type,osmid,coord,distance,rise,fall
Uribarri,N/A,W48045715,"(43.26461925000001, -2.912653900000001)",54.949000000000005,0.0,8.00000000004458
Uribarri,N/A,N5056355015,"(43.2646852, -2.9126594)",54.949000000000005,0.0,8.00000000004458
Uribarri,N/A,N4060532227,"(43.2648784, -2.9149249)",264.02299999999997,7.000000000079275,34.00000000006441
Uribarri,N/A,N5056356248,"(43.2663985, -2.918579)",639.8430000000001,14.500000000074337,40.499999999955435
