territory,building_type,osmid,coord,distance,rise,fall
Errekalde,amenity_school,W388280876,"(43.25316084419019, -2.9493565790141965)",900.296,37.500000000104144,114.00000000000503
Errekalde,amenity_place_of_worship,N8894270302,"(43.2542534, -2.9466821)",1080.9389999999999,29.500000000109118,129.00000000005957
Errekalde,amenity_community_centre,N4896680970,"(43.2536856, -2.9454718)",1104.104,29.50000000011407,124.00000000002485
Basurtu-Zorrotza,amenity_place_of_worship,R11227990,"(43.25576330060649, -2.947366226912851)",1308.6539999999998,30.500000000143814,131.00000000008436
Basurtu-Zorrotza,amenity_library,N10313715009,"(43.2567015, -2.9490922)",1438.482,36.50000000014873,132.00000000008924
Basurtu-Zorrotza,amenity_police,W408633232,"(43.2565796201018, -2.9493267089254327)",1438.482,36.50000000014873,132.00000000008924
