territory,building_type,osmid,coord,distance,rise,fall
Deusto,N/A,N4254043797,"(43.2711694, -2.94695)",496.93000000000006,5.000000000059448,35.00000000004954
Deusto,N/A,N5056437799,"(43.2691029, -2.9449199)",624.1600000000001,0.5000000000644036,47.50000000008916
