territory,building_type,osmid,coord,distance,rise,fall
Errekalde,N/A,N5056183351,"(43.251483, -2.9359224)",249.291,5.50000000000496,4.000000000054527
Ibaiondo,N/A,N11229801356,"(43.2538282, -2.9319814)",405.697,4.500000000079304,12.000000000019831
