territory,building_type,osmid,coord,distance,rise,fall
Errekalde,N/A,W111740255,"(43.25465516232398, -2.943640524057168)",512.464,4.500000000089209,3.500000000094161
Errekalde,N/A,N5056183351,"(43.251483, -2.9359224)",588.1279999999999,36.50000000004957,2.5000000000198312
Errekalde,N/A,N5056184623,"(43.2568371, -2.9396557)",649.7900000000001,12.500000000198249,7.000000000138769
