territory,building_type,osmid,coord,distance,rise,fall
Begona,building_train_station,W262197081,"(43.24721948941041, -2.905694544078832)",302.63800000000003,8.500000000044615,2.000000000024791
Begona,railway_subway_entrance,N5923164463,"(43.2470897, -2.9058799)",309.45300000000003,8.500000000044622,1.5000000000099192
Begona,building_train_station,W627458954,"(43.24706648377492, -2.9056005672304304)",309.45300000000003,8.500000000044622,1.5000000000099192
Begona,building_train_station,W627458976,"(43.24700044461815, -2.9057383069873937)",309.45300000000003,8.500000000044622,1.5000000000099192
Begona,tourism_hostel,R6809489,"(43.246643762497214, -2.90992181556658)",347.053,21.000000000054527,0.0
Begona,railway_subway_entrance,N5923164459,"(43.2470028, -2.9055002)",349.074,16.5000000000347,10.000000000014872
