territory,building_type,osmid,coord,distance,rise,fall
Deusto,amenity_school,W185282143,"(43.28002542818132, -2.9569323243902743)",2569.0719999999997,36.00000000015357,179.0000000000644
