territory,building_type,osmid,coord,distance,rise,fall
Abando,N/A,N1271964866,"(43.2645212, -2.9345677)",110.974,3.5000000000644036,3.552713678800501e-15
Abando,N/A,N3207631929,"(43.2618877, -2.9308223)",266.428,8.000000000054502,3.552713678800501e-15
Abando,N/A,W41688628,"(43.26399354682828, -2.9308926528671213)",379.25199999999995,12.50000000015853,5.000000000074309
Abando,N/A,W108504682,"(43.26150873360247, -2.9323193974511943)",381.836,8.000000000054502,0.9999999999801865
Abando,N/A,N4731925117,"(43.2661842, -2.9329433)",408.116,6.000000000143665,0.5000000000544986
Abando,N/A,W28211432,"(43.26554608054959, -2.93803822151696)",440.645,6.000000000118899,14.000000000074312
Abando,N/A,W96337695,"(43.25973970175266, -2.9371151663607047)",457.51599999999996,8.500000000104038,5.500000000049546
