territory,building_type,osmid,coord,distance,rise,fall
Errekalde,N/A,N9607455457,"(43.252218, -2.9481901)",806.5550000000001,49.00000000016364,115.5000000000546
