territory,building_type,osmid,coord,distance,rise,fall
Uribarri,N/A,N5056353256,"(43.2689626, -2.9250581)",883.7249999999999,12.000000000014886,131.00000000010402
Uribarri,N/A,W123440625,"(43.27407575044531, -2.920164432463072)",1026.448,87.50000000007424,0.0
Uribarri,N/A,W123440604,"(43.26872494896904, -2.9260301349397224)",1045.319,19.000000000019842,144.00000000010402
Uribarri,N/A,N9607363904,"(43.2682033, -2.9265437)",1109.18,19.000000000019842,149.0000000000842
