territory,building_type,osmid,coord,distance,rise,fall
Deusto,N/A,N5056421870,"(43.2773644, -2.9587254)",568.3599999999999,23.00000000003961,10.000000000024754
