territory,building_type,osmid,coord,distance,rise,fall
Abando,N/A,N518227646,"(43.2661789, -2.9463066)",357.90999999999997,1.3322676295501878e-14,23.500000000104038
Abando,N/A,N4761972760,"(43.2642641, -2.9429738)",480.9870000000001,4.999999999980197,11.50000000008918
Abando,N/A,N4762096882,"(43.2634, -2.9433546)",581.64,9.00000000000992,11.500000000089177
Basurtu-Zorrotza,N/A,W163195554,"(43.262640749370476, -2.9496477508797216)",637.0829999999999,9.500000000034692,4.000000000113953
Deusto,N/A,W185205688,"(43.26864835487923, -2.947859768119749)",824.3969999999999,10.500000000044594,31.000000000118902
Deusto,N/A,N5056437799,"(43.2691029, -2.9449199)",871.3010000000002,11.500000000014875,31.0000000001189
Basurtu-Zorrotza,N/A,W632988668,"(43.26125499964527, -2.950015396409132)",1026.8279999999997,16.500000000029743,15.000000000113953
