territory,building_type,osmid,coord,distance,rise,fall
Errekalde,N/A,N9607455457,"(43.252218, -2.9481901)",371.706,26.500000000014865,2.4999999999851212
Errekalde,N/A,W111740255,"(43.25465516232398, -2.943640524057168)",399.303,0.0,16.000000000074337
