territory,building_type,osmid,coord,distance,rise,fall
Ibaiondo,N/A,W404432093,"(43.25599232855877, -2.9282142750288136)",219.31300000000002,6.500000000049575,7.000000000034696
Ibaiondo,N/A,N5056088727,"(43.2562779, -2.9264049)",284.18100000000004,1.4210854715202004e-14,15.999999999990095
Ibaiondo,N/A,W375390416,"(43.25296603590128, -2.923187807157419)",425.378,3.9999999999950617,16.999999999980183
Ibaiondo,N/A,N11229801356,"(43.2538282, -2.9319814)",548.6680000000001,26.000000000094197,2.1316282072803006e-14
Ibaiondo,N/A,W108497734,"(43.25874273518262, -2.9247747311690637)",567.6990000000001,3.000000000059483,22.000000000029743
Ibaiondo,N/A,W376396126,"(43.25272399169551, -2.925878746109151)",577.543,13.500000000029758,19.000000000054534
Ibaiondo,N/A,W41525574,"(43.25771234249542, -2.9221397271902023)",667.136,3.000000000059483,18.00000000005452
