territory,building_type,osmid,coord,distance,rise,fall
Uribarri,N/A,W48045715,"(43.26461925000001, -2.912653900000001)",212.85000000000002,8.499999999955435,35.50000000013377
Uribarri,N/A,N5056355015,"(43.2646852, -2.9126594)",212.85000000000002,8.499999999955435,35.50000000013377
Uribarri,N/A,N4060532227,"(43.2648784, -2.9149249)",300.88,7.0000000000000355,53.00000000011892
Uribarri,N/A,N5056356248,"(43.2663985, -2.918579)",676.7,14.499999999995097,59.50000000000995
