territory,building_type,osmid,coord,distance,rise,fall
Deusto,amenity_school,W185206614,"(43.270374325567914, -2.9405683012120356)",375.092,0.0,48.00000000002477
Deusto,amenity_theatre,N10313700309,"(43.2696477, -2.9426557)",472.154,2.999999999950475,41.49999999991086
Deusto,amenity_place_of_worship,W112164512,"(43.272432347664996, -2.945613879322651)",513.279,18.49999999997524,46.50000000004458
Deusto,amenity_place_of_worship,N10585141905,"(43.2704473, -2.9376418)",579.336,2.5000000000396216,41.00000000000991
Deusto,tourism_hostel,N11975964770,"(43.2722749, -2.9467999)",653.742,13.500000000029715,36.50000000007924
Deusto,amenity_place_of_worship,N10585123305,"(43.2710612, -2.9375073)",710.151,18.99999999995048,41.00000000000992
