territory,building_type,osmid,coord,distance,rise,fall
Abando,N/A,N5056379164,"(43.2581887, -2.9459426)",267.49199999999996,3.499999999960359,2.0000000000148646
Basurtu-Zorrotza,N/A,N9607467466,"(43.2589548, -2.9488089)",418.87800000000004,4.4999999999950475,5.5000000000049525
Abando,N/A,N4762096882,"(43.2634, -2.9433546)",472.72,0.5000000000198206,12.000000000024777
Basurtu-Zorrotza,N/A,W163195554,"(43.262640749370476, -2.9496477508797216)",543.9209999999999,9.500000000064396,13.000000000069356
Basurtu-Zorrotza,N/A,W632988668,"(43.26125499964527, -2.950015396409132)",800.7689999999999,13.99999999997523,21.49999999998514
