territory,building_type,osmid,coord,distance,rise,fall
Otxarkoaga-Txurdinaga,railway_subway_entrance,N4060532218,"(43.2586896, -2.8998266)",375.002,7.999999999975202,36.99999999985131
Otxarkoaga-Txurdinaga,railway_subway_entrance,N4060532220,"(43.2594633, -2.9000251)",403.76200000000006,9.999999999985107,30.49999999987112
Otxarkoaga-Txurdinaga,railway_subway_entrance,N4060532217,"(43.2581194, -2.8980592)",404.178,4.263256414560601e-14,37.499999999970285
Otxarkoaga-Txurdinaga,railway_subway_entrance,N4060532211,"(43.2586152, -2.899233)",444.6790000000001,7.9999999999752305,36.99999999985131
Otxarkoaga-Txurdinaga,amenity_place_of_worship,W298482555,"(43.25976765777735, -2.9001967277689698)",466.23699999999997,13.500000000039606,33.999999999925635
Otxarkoaga-Txurdinaga,amenity_school,W201671663,"(43.25887864816436, -2.9013276240376737)",472.3090000000001,14.499999999930623,30.49999999987112
Otxarkoaga-Txurdinaga,amenity_police,N4142321404,"(43.257488, -2.8986357)",542.421,7.999999999975216,50.500000000024755
Otxarkoaga-Txurdinaga,amenity_community_centre,W164512079,"(43.25788389565486, -2.898800209428842)",542.421,7.999999999975216,50.500000000024755
Otxarkoaga-Txurdinaga,amenity_community_centre,N10539847381,"(43.2604388, -2.9011188)",559.7479999999999,21.500000000019853,27.99999999996038
