territory,building_type,osmid,coord,distance,rise,fall
Abando,N/A,W96337695,"(43.25973970175266, -2.9371151663607047)",308.519,1.000000000009905,4.499999999960359
Errekalde,N/A,N5056184623,"(43.2568371, -2.9396557)",406.758,14.00000000007929,2.5000000000346887
