territory,building_type,osmid,coord,distance,rise,fall
Abando,N/A,W28211432,"(43.26554608054959, -2.93803822151696)",292.60600000000005,20.000000000113936,10.500000000089168
Abando,N/A,N4731925117,"(43.2661842, -2.9329433)",417.19800000000004,23.00000000006935,5.329070518200751e-15
Abando,N/A,W171882527,"(43.26787786483111, -2.940565564584242)",456.12,2.500000000009907,6.999999999960374
Abando,N/A,N1271964866,"(43.2645212, -2.9345677)",554.287,23.000000000019813,1.9999999999752331
