territory,building_type,osmid,coord,distance,rise,fall
Deusto,railway_subway_entrance,N5299547436,"(43.2744156, -2.958025)",279.811,7.499999999990102,3.552713678800501e-15
Deusto,building_train_station,W378437650,"(43.27456673055102, -2.9582315021641943)",336.9579999999999,7.499999999990109,3.0000000000049596
Deusto,amenity_library,N600664788,"(43.2774399, -2.958159)",426.6990000000001,10.000000000004949,10.000000000024752
Deusto,tourism_museum,N11641427626,"(43.2783396, -2.9604649)",479.27700000000004,2.500000000039618,10.00000000004457
Deusto,amenity_place_of_worship,W41880844,"(43.27554714351943, -2.9561012625662673)",482.00600000000003,19.000000000004963,7.105427357601002e-15
Deusto,amenity_school,W133202039,"(43.27880270444211, -2.963662949818916)",552.2990000000001,3.552713678800501e-15,17.00000000002476
Deusto,amenity_place_of_worship,W290069948,"(43.278611434588655, -2.959284696139327)",573.992,5.00000000006437,10.000000000044569
Deusto,amenity_school,W46974419,"(43.275085230498796, -2.955713804783979)",588.0120000000001,21.999999999985153,7.105427357601002e-15
