territory,building_type,osmid,coord,distance,rise,fall
Deusto,N/A,N5056421870,"(43.2773644, -2.9587254)",440.78800000000007,2.999999999990088,22.000000000014847
