territory,building_type,osmid,coord,distance,rise,fall
Ibaiondo,N/A,W420558992,"(43.256988569906525, -2.92040166742721)",281.723,6.000000000014872,22.500000000054506
Ibaiondo,N/A,W41525574,"(43.25771234249542, -2.9221397271902023)",408.03099999999995,0.4999999999900808,30.500000000019806
Begona,N/A,N5056328910,"(43.2541211, -2.9149326)",498.46,27.499999999975245,1.4210854715202004e-14
Ibaiondo,N/A,W375390416,"(43.25296603590128, -2.923187807157419)",608.8050000000001,11.000000000059472,39.00000000007928
