territory,building_type,osmid,coord,distance,rise,fall
Basurtu-Zorrotza,building_public,W110382787,"(43.2776999, -2.9741186500000008)",98.173,3.50000000000495,3.5000000000049507
Basurtu-Zorrotza,amenity_place_of_worship,W300969657,"(43.27707124217174, -2.9740794720992434)",118.83200000000002,3.5000000000049507,1.1102230246251565e-15
Basurtu-Zorrotza,amenity_community_centre,N3066705390,"(43.277338, -2.9746744)",252.10500000000002,3.5000000000049507,2.999999999970294
Basurtu-Zorrotza,amenity_library,N11229807742,"(43.2774341, -2.9749112)",252.10500000000002,3.5000000000049507,2.999999999970294
Basurtu-Zorrotza,building_public,W110382852,"(43.27811346878365, -2.974880436617395)",252.10500000000002,3.5000000000049507,2.999999999970294
Basurtu-Zorrotza,building_train_station,W771882864,"(43.27774409144363, -2.972288289329312)",296.225,4.500000000009901,2.4999999999950493
Basurtu-Zorrotza,amenity_school,W251096861,"(43.27528361750021, -2.9705968204589417)",605.5830000000001,24.000000000004952,1.485500611408952e-11
