territory,building_type,osmid,coord,distance,rise,fall
Begona,N/A,N5056328910,"(43.2541211, -2.9149326)",619.5269999999998,59.50000000002479,5.500000000009919
Ibaiondo,N/A,W375390416,"(43.25296603590128, -2.923187807157419)",808.0640000000002,40.00000000021313,41.50000000019329
Ibaiondo,N/A,W376396126,"(43.25272399169551, -2.925878746109151)",1561.4309999999998,66.500000000228,60.500000000247816
