territory,building_type,osmid,coord,distance,rise,fall
Uribarri,N/A,N5056353256,"(43.2689626, -2.9250581)",171.826,0.0,48.49999999999011
Uribarri,N/A,W123440604,"(43.26872494896904, -2.9260301349397224)",365.581,27.000000000029726,81.50000000001486
Uribarri,N/A,N9607363904,"(43.2682033, -2.9265437)",429.442,27.000000000029726,86.49999999999505
