territory,building_type,osmid,coord,distance,rise,fall
Errekalde,amenity_school,W165462102,"(43.245592158361845, -2.9342422839261544)",553.221,11.000000000029758,0.0
Errekalde,amenity_school,W151417160,"(43.24855327383859, -2.941124341036385)",589.299,13.500000000133852,24.000000000074365
Ibaiondo,amenity_school,N4757644627,"(43.2481224, -2.9325122)",1172.6090000000002,25.000000000064446,25.50000000004958
Ibaiondo,amenity_place_of_worship,N4757644648,"(43.2483414, -2.9337821)",1172.6090000000002,25.000000000064446,25.50000000004958
Ibaiondo,amenity_place_of_worship,N1048012605,"(43.2484729, -2.9338091)",1489.876,40.00000000013385,45.50000000009419
