territory,building_type,osmid,coord,distance,rise,fall
Otxarkoaga-Txurdinaga,N/A,W164510985,"(43.257638496193636, -2.898318280368446)",161.024,7.4999999999008935,13.499999999940542
Otxarkoaga-Txurdinaga,N/A,N4060532217,"(43.2581194, -2.8980592)",198.775,4.499999999960366,10.500000000000014
Otxarkoaga-Txurdinaga,N/A,W164512079,"(43.25788389565486, -2.8988002094288414)",265.756,7.4999999999008935,18.50000000001984
Otxarkoaga-Txurdinaga,N/A,N4060532220,"(43.2594633, -2.9000251)",515.6389999999999,29.500000000064446,18.500000000019867
