territory,building_type,osmid,coord,distance,rise,fall
Uribarri,N/A,N4060532227,"(43.2648784, -2.9149249)",144.955,3.4999999999752376,6.000000000074316
Uribarri,N/A,W48045715,"(43.26461925000001, -2.912653900000001)",292.81600000000003,18.999999999940563,2.500000000099085
Uribarri,N/A,N5056355015,"(43.2646852, -2.9126594)",292.81600000000003,18.999999999940563,2.500000000099085
Uribarri,N/A,N5056356248,"(43.2663985, -2.918579)",514.687,14.999999999980204,16.499999999975245
Uribarri,N/A,N4508853267,"(43.2655628, -2.9205809)",558.1129999999999,3.4999999999653326,33.500000000059465
