territory,building_type,osmid,coord,distance,rise,fall
Otxarkoaga-Txurdinaga,N/A,W164510985,"(43.257638496193636, -2.898318280368446)",214.336,10.499999999980204,8.999999999980204
Otxarkoaga-Txurdinaga,N/A,N4060532217,"(43.2581194, -2.8980592)",252.087,7.500000000039677,6.000000000039677
Otxarkoaga-Txurdinaga,N/A,W164512079,"(43.25788389565486, -2.8988002094288414)",319.068,10.499999999980204,14.0000000000595
Otxarkoaga-Txurdinaga,N/A,N4060532220,"(43.2594633, -2.9000251)",568.9509999999999,32.50000000014376,14.00000000005953
