territory,building_type,osmid,coord,distance,rise,fall
Uribarri,N/A,N5056356248,"(43.2663985, -2.918579)",144.794,13.999999999965347,7.105427357601002e-15
Uribarri,N/A,N4508853267,"(43.2655628, -2.9205809)",196.39,6.999999999995055,21.500000000128807
Uribarri,N/A,W248634544,"(43.26459250062579, -2.9231745754982787)",382.237,4.499999999915794,35.00000000002477
Uribarri,N/A,N4060532227,"(43.2648784, -2.9149249)",535.597,26.999999999920767,14.000000000059465
Uribarri,N/A,N5056353256,"(43.2689626, -2.9250581)",568.5239999999999,14.999999999930655,36.50000000004458
