territory,building_type,osmid,coord,distance,rise,fall
Begona,N/A,N5056328910,"(43.2541211, -2.9149326)",367.33599999999996,0.5000000000495675,14.000000000094175
Begona,N/A,N9607391207,"(43.2500267, -2.9080084)",580.372,1.4210854715202004e-14,33.00000000004958
Begona,N/A,W305622069,"(43.25019552887615, -2.9072914369528084)",955.388,3.999999999990095,44.50000000003966
