territory,building_type,osmid,coord,distance,rise,fall
Begona,N/A,N9607391207,"(43.2500267, -2.9080084)",441.03100000000006,1.4210854715202004e-14,22.50000000003473
Begona,N/A,N5056328910,"(43.2541211, -2.9149326)",464.101,1.4999999999950404,4.500000000024798
Begona,N/A,W305622069,"(43.25019552887615, -2.9072914369528084)",945.9150000000001,8.000000000000007,38.000000000034724
