territory,building_type,osmid,coord,distance,rise,fall
Otxarkoaga-Txurdinaga,N/A,W235157481,"(43.25672274935615, -2.9070052667191253)",558.5169999999999,4.500000000024784,30.000000000000014
Otxarkoaga-Txurdinaga,N/A,N4060532216,"(43.2579448, -2.9067392)",621.9179999999999,11.000000000044608,30.000000000000014
