territory,building_type,osmid,coord,distance,rise,fall
Errekalde,N/A,N5056184623,"(43.2568371, -2.9396557)",307.287,1.9999999999950546,7.105427357601002e-15
Abando,N/A,N5056379164,"(43.2581887, -2.9459426)",458.743,2.9999999999851354,3.5000000000346887
Errekalde,N/A,W111740255,"(43.25465516232398, -2.943640524057168)",471.8929999999999,6.5000000000892015,9.000000000158586
Abando,N/A,W96337695,"(43.25973970175266, -2.9371151663607047)",618.8929999999999,2.000000000049546,15.000000000049553
