territory,building_type,osmid,coord,distance,rise,fall
Uribarri,N/A,N9607363904,"(43.2682033, -2.9265437)",255.24999999999997,0.49999999995542055,5.0000000000396305
Uribarri,N/A,N5056353256,"(43.2689626, -2.9250581)",311.935,18.000000000009905,11.500000000118877
Uribarri,N/A,W123440604,"(43.26872494896904, -2.9260301349397224)",316.85499999999996,5.499999999935611,5.0000000000396305
Uribarri,N/A,W248634544,"(43.26459250062579, -2.9231745754982787)",456.61400000000003,11.499999999980183,14.000000000084214
Uribarri,N/A,N4508853267,"(43.2655628, -2.9205809)",649.157,22.999999999940556,9.500000000069356
Abando,N/A,W41688628,"(43.26399354682828, -2.9308926528671213)",830.1860000000001,21.500000000044587,13.500000000069349
