territory,building_type,osmid,coord,distance,rise,fall
Uribarri,N/A,N5056353256,"(43.2689626, -2.9250581)",232.08099999999996,10.500000000014861,21.000000000039627
Uribarri,N/A,W123440604,"(43.26872494896904, -2.9260301349397224)",327.30299999999994,4.0000000000148574,20.50000000003467
Uribarri,N/A,N9607363904,"(43.2682033, -2.9265437)",342.6649999999999,0.0,21.500000000000004
Uribarri,N/A,N4508853267,"(43.2655628, -2.9205809)",552.2339999999999,24.000000000049543,27.500000000094136
Uribarri,N/A,W248634544,"(43.26459250062579, -2.9231745754982787)",563.175,19.000000000014857,38.500000000034674
