territory,building_type,osmid,coord,distance,rise,fall
Basurtu-Zorrotza,amenity_place_of_worship,W297437908,"(43.262797302818186, -2.962656780084932)",169.85999999999996,1.4210854715202004e-14,41.49999999997526
Basurtu-Zorrotza,tourism_hostel,W297437909,"(43.26060438475347, -2.9631934865762424)",324.25800000000004,24.999999999920732,30.999999999925706
Basurtu-Zorrotza,tourism_hostel,W52528082,"(43.26320722722957, -2.9613203976201534)",428.328,2.842170943040401e-14,76.49999999994552
Basurtu-Zorrotza,amenity_place_of_worship,W163196945,"(43.265461037844666, -2.9606482549113027)",1667.2199999999998,57.50000000009914,185.00000000005457
