territory,building_type,osmid,coord,distance,rise,fall
Deusto,N/A,W185205681,"(43.27236008339459, -2.9507221366997642)",599.2529999999999,10.499999999836582,57.499999999900936
Deusto,N/A,N4254043797,"(43.2711694, -2.94695)",831.9719999999999,11.500000000054474,80.5000000000693
