territory,building_type,osmid,coord,distance,rise,fall
Abando,N/A,W96337695,"(43.25973970175266, -2.9371151663607047)",407.489,1.000000000009905,7.000000000019817
Abando,N/A,N4762096882,"(43.2634, -2.9433546)",582.6450000000001,1.0000000000297256,7.500000000039634
Abando,N/A,W28211432,"(43.26554608054959, -2.93803822151696)",589.092,0.0,17.000000000019817
Abando,N/A,N4761972760,"(43.2642641, -2.9429738)",704.822,8.50000000003963,19.000000000079265
