territory,building_type,osmid,coord,distance,rise,fall
Deusto,amenity_school,W185282136,"(43.27572418887909, -2.948857870940447)",274.409,8.500000000084157,30.500000000202988
Deusto,amenity_place_of_worship,N707156296,"(43.274857, -2.9480119)",327.983,8.500000000084157,35.50000000010397
Deusto,amenity_place_of_worship,W112164512,"(43.272432347664996, -2.945613879322651)",600.9400000000002,6.499999999990095,104.50000000014855
Deusto,tourism_hostel,N11975964770,"(43.2722749, -2.9467999)",750.8940000000001,7.999999999990099,101.00000000012874
Deusto,railway_subway_entrance,N4952944847,"(43.2718668, -2.9487299)",833.109,8.999999999990099,101.00000000012874
