territory,building_type,osmid,coord,distance,rise,fall
Deusto,N/A,N4254043797,"(43.2711694, -2.94695)",751.7489999999999,11.500000000049528,81.49999999998515
Deusto,N/A,W185205681,"(43.27236008339459, -2.9507221366997642)",813.9370000000001,12.000000000054449,60.00000000003959
