territory,building_type,osmid,coord,distance,rise,fall
Basurtu-Zorrotza,N/A,N9607467466,"(43.2589548, -2.9488089)",244.04999999999998,4.000000000000007,2.0000000000049596
Basurtu-Zorrotza,N/A,W163195554,"(43.262640749370476, -2.9496477508797216)",281.699,3.0000000000446008,3.500000000044608
Basurtu-Zorrotza,N/A,W632988668,"(43.26125499964527, -2.950015396409132)",385.22800000000007,6.500000000044608,11.000000000049564
Basurtu-Zorrotza,N/A,W402170994,"(43.25967701277512, -2.9532145370708145)",466.168,17.999999999990088,7.5000000000247695
Abando,N/A,N5056379164,"(43.2581887, -2.9459426)",511.49699999999996,9.50000000000496,5.000000000054513
