territory,building_type,osmid,coord,distance,rise,fall
Abando,N/A,N4731925117,"(43.2661842, -2.9329433)",248.21800000000002,17.00000000009411,0.0
Abando,N/A,W28211432,"(43.26554608054959, -2.93803822151696)",482.659,22.500000000163467,19.000000000113936
Abando,N/A,N1271964866,"(43.2645212, -2.9345677)",509.562,17.500000000148606,2.500000000079261
Abando,N/A,W41688628,"(43.26399354682828, -2.9308926528671213)",727.3970000000002,25.00000000015358,6.000000000064414
