territory,building_type,osmid,coord,distance,rise,fall
Ibaiondo,N/A,N11229801356,"(43.2538282, -2.9319814)",37.916,0.0,0.0
Errekalde,N/A,N5056183351,"(43.251483, -2.9359224)",509.82800000000003,16.499999999975223,7.500000000084263
Ibaiondo,N/A,W404432093,"(43.25599232855877, -2.9282142750288136)",510.28900000000004,0.9999999999851568,27.500000000064453
