territory,building_type,osmid,coord,distance,rise,fall
Deusto,amenity_school,W185282136,"(43.27572418887909, -2.948857870940447)",797.9309999999999,3.5000000000495817,88.00000000019811
Deusto,amenity_place_of_worship,N707156296,"(43.274857, -2.9480119)",851.5049999999999,3.5000000000495817,93.00000000009909
