territory,building_type,osmid,coord,distance,rise,fall
Uribarri,N/A,N4060532227,"(43.2648784, -2.9149249)",170.939,2.1316282072803006e-14,9.000000000044615
Uribarri,N/A,W48045715,"(43.26461925000001, -2.912653900000001)",290.313,17.99999999993068,8.000000000034717
Uribarri,N/A,N5056355015,"(43.2646852, -2.9126594)",290.313,17.99999999993068,8.000000000034717
Uribarri,N/A,N5056356248,"(43.2663985, -2.918579)",334.081,0.5000000000148646,8.49999999995542
Uribarri,N/A,N4508853267,"(43.2655628, -2.9205809)",557.0010000000001,8.500000000039634,45.00000000007928
