territory,building_type,osmid,coord,distance,rise,fall
Begona,N/A,N5056328910,"(43.2541211, -2.9149326)",456.10200000000003,6.499999999990095,2.999999999995069
