territory,building_type,osmid,coord,distance,rise,fall
Uribarri,N/A,N4060532227,"(43.2648784, -2.9149249)",209.30900000000003,11.499999999980211,6.00000000007433
Uribarri,N/A,W48045715,"(43.26461925000001, -2.912653900000001)",410.4649999999999,30.499999999920767,6.00000000007433
Uribarri,N/A,N5056355015,"(43.2646852, -2.9126594)",410.4649999999999,30.499999999920767,6.00000000007433
Uribarri,N/A,N5056356248,"(43.2663985, -2.918579)",510.91999999999996,17.499999999970306,10.999999999960387
Uribarri,N/A,N4508853267,"(43.2655628, -2.9205809)",542.478,5.999999999955435,28.000000000044608
