territory,building_type,osmid,coord,distance,rise,fall
Uribarri,N/A,N5056353256,"(43.2689626, -2.9250581)",487.014,6.500000000074287,21.000000000039623
Uribarri,N/A,W123440604,"(43.26872494896904, -2.9260301349397224)",648.1660000000002,10.000000000128768,30.500000000089152
Uribarri,N/A,N9607363904,"(43.2682033, -2.9265437)",712.0270000000002,10.000000000128768,35.50000000006934
