territory,building_type,osmid,coord,distance,rise,fall
Uribarri,N/A,W48045715,"(43.26461925000001, -2.912653900000001)",617.2049999999999,23.500000000094147,59.000000000227914
Uribarri,N/A,N5056355015,"(43.2646852, -2.9126594)",617.2049999999999,23.500000000094147,59.000000000227914
Uribarri,N/A,N4060532227,"(43.2648784, -2.9149249)",727.5469999999998,13.000000000009955,67.50000000008427
