territory,building_type,osmid,coord,distance,rise,fall
Otxarkoaga-Txurdinaga,N/A,W235157481,"(43.25672274935615, -2.9070052667191253)",225.683,8.499999999975259,4.999999999945544
Otxarkoaga-Txurdinaga,N/A,N4060532216,"(43.2579448, -2.9067392)",330.219,14.999999999995097,4.999999999945558
