territory,building_type,osmid,coord,distance,rise,fall
Ibaiondo,amenity_school,W185284035,"(43.244405788428594, -2.9251938625874043)",105.97999999999999,0.0,16.5000000000595
