territory,building_type,osmid,coord,distance,rise,fall
Errekalde,N/A,N9607455457,"(43.252218, -2.9481901)",388.33599999999996,40.000000000109054,17.000000000074365
Errekalde,N/A,W111740255,"(43.25465516232398, -2.943640524057168)",483.15899999999993,1.9999999999801688,19.00000000004956
