territory,building_type,osmid,coord,distance,rise,fall
Uribarri,N/A,N9607363904,"(43.2682033, -2.9265437)",182.16400000000002,10.999999999955424,4.99999999998019
Uribarri,N/A,W123440604,"(43.26872494896904, -2.9260301349397224)",246.025,15.999999999935614,4.99999999998019
Uribarri,N/A,N5056353256,"(43.2689626, -2.9250581)",446.21200000000005,24.499999999995048,7.500000000044576
Abando,N/A,W41688628,"(43.26399354682828, -2.9308926528671213)",561.704,21.500000000044587,3.000000000009905
Uribarri,N/A,W248634544,"(43.26459250062579, -2.9231745754982787)",617.051,21.500000000049535,13.500000000094122
Abando,N/A,N4731925117,"(43.2661842, -2.9329433)",729.497,21.000000000029722,4.499999999990095
