territory,building_type,osmid,coord,distance,rise,fall
Basurtu-Zorrotza,amenity_police,W368598943,"(43.282340484756865, -2.969394480493147)",309.558,0.0,3.5000000000148495
Basurtu-Zorrotza,building_public,W110382787,"(43.2776999, -2.9741186500000008)",422.72299999999996,3.50000000000495,6.500000000019803
Basurtu-Zorrotza,amenity_place_of_worship,W300969657,"(43.27707124217174, -2.9740794720992434)",434.041,2.4999999999752456,1.9999999999851488
Basurtu-Zorrotza,amenity_community_centre,N3066705390,"(43.277338, -2.9746744)",567.314,2.4999999999752456,4.999999999955442
Basurtu-Zorrotza,amenity_library,N11229807742,"(43.2774341, -2.9749112)",567.314,2.4999999999752456,4.999999999955442
Basurtu-Zorrotza,building_public,W110382852,"(43.27811346878365, -2.974880436617395)",567.314,2.4999999999752456,4.999999999955442
Basurtu-Zorrotza,building_train_station,W771882864,"(43.27774409144363, -2.972288289329312)",611.434,3.4999999999801967,4.499999999980197
