territory,building_type,osmid,coord,distance,rise,fall
Uribarri,amenity_school,W421480310,"(43.271711224908586, -2.914520389183935)",125.80599999999998,2.000000000034703,6.000000000064375
Uribarri,building_public,W162445376,"(43.273080655467695, -2.9178267306692462)",250.264,7.999999999935625,0.0
Uribarri,amenity_place_of_worship,N10646887705,"(43.2737192, -2.9192088)",402.469,4.000000000005031,0.9999999999356817
Uribarri,building_public,W162445381,"(43.27320069223098, -2.9188288684242503)",402.469,4.000000000005031,0.9999999999356817
Uribarri,building_public,W162445382,"(43.27365287653539, -2.918721467738693)",402.469,4.000000000005031,0.9999999999356817
,amenity_school,W162448171,"(43.274472044140566, -2.919543897158748)",425.99,9.500000000074294,0.0
Uribarri,railway_subway_entrance,N5318330528,"(43.2741801, -2.9200627)",501.58700000000005,9.500000000074294,5.500000000005002
Uribarri,building_train_station,W123440625,"(43.274075750445306, -2.920164432463072)",501.58700000000005,9.500000000074294,5.500000000005002
