territory,building_type,osmid,coord,distance,rise,fall
Errekalde,N/A,N5056184623,"(43.2568371, -2.9396557)",395.861,3.000000000000007,0.0
Abando,N/A,N5056379164,"(43.2581887, -2.9459426)",472.35400000000004,5.499999999965304,5.000000000009898
Errekalde,N/A,W111740255,"(43.25465516232398, -2.943640524057168)",607.7889999999999,7.500000000094161,9.000000000158586
Abando,N/A,W96337695,"(43.25973970175266, -2.9371151663607047)",652.329,3.0000000000545057,15.000000000049553
Basurtu-Zorrotza,N/A,N9607467466,"(43.2589548, -2.9488089)",657.8800000000001,5.999999999975223,7.999999999975216
