territory,building_type,osmid,coord,distance,rise,fall
Abando,N/A,N1271964866,"(43.2645212, -2.9345677)",161.05900000000003,3.500000000064407,2.9999999999950546
Abando,N/A,N3207631929,"(43.2618877, -2.9308223)",216.34300000000002,5.000000000059451,0.0
Abando,N/A,W108504682,"(43.26150873360247, -2.9323193974511943)",331.75100000000003,5.000000000059451,0.999999999980183
Abando,N/A,W41688628,"(43.26399354682828, -2.9308926528671213)",416.2289999999999,9.500000000163482,5.000000000074309
Abando,N/A,W96337695,"(43.25973970175266, -2.9371151663607047)",432.82899999999995,8.500000000104034,8.50000000004459
Abando,N/A,N4731925117,"(43.2661842, -2.9329433)",458.201,6.000000000143668,3.5000000000495497
Abando,N/A,W28211432,"(43.26554608054959, -2.93803822151696)",490.72999999999996,6.000000000118902,17.000000000069363
Abando,N/A,W44016098,"(43.261229928011566, -2.929048100639934)",534.857,8.00000000011891,0.5000000000346887
