territory,building_type,osmid,coord,distance,rise,fall
Uribarri,N/A,N5056356248,"(43.2663985, -2.918579)",210.34799999999998,14.49999999998515,19.499999999900922
Uribarri,N/A,N4508853267,"(43.2655628, -2.9205809)",281.69,0.0,33.500000000014865
Uribarri,N/A,W248634544,"(43.26459250062579, -2.9231745754982787)",467.99800000000005,7.105427357601002e-15,49.499999999990095
Uribarri,N/A,N5056353256,"(43.2689626, -2.9250581)",605.7509999999999,9.5,49.99999999999504
