territory,building_type,osmid,coord,distance,rise,fall
Ibaiondo,N/A,W375390416,"(43.25296603590128, -2.923187807157419)",140.786,10.500000000069388,0.5000000000396483
Ibaiondo,N/A,N5056088727,"(43.2562779, -2.9264049)",349.19100000000003,8.500000000094166,1.5000000000693863
Ibaiondo,N/A,W420558992,"(43.256988569906525, -2.92040166742721)",401.87199999999996,26.50000000005452,5.000000000044604
Ibaiondo,N/A,W41525574,"(43.25771234249542, -2.9221397271902023)",408.76800000000003,15.000000000143721,7.000000000123897
Ibaiondo,N/A,W404432093,"(43.25599232855877, -2.9282142750288136)",437.41700000000003,23.00000000009417,0.5000000000644267
Ibaiondo,N/A,W376396126,"(43.25272399169551, -2.925878746109151)",894.1529999999999,37.00000000008426,19.500000000094175
