territory,building_type,osmid,coord,distance,rise,fall
Abando,N/A,W110895854,"(43.26092919682561, -2.9269453237882157)",154.886,0.0,2.0000000000891838
Abando,N/A,W28776478,"(43.259963913422865, -2.9284384320288925)",290.867,2.5000000000743263,2.00000000011892
Abando,N/A,W44113519,"(43.25993749738077, -2.9264652360563534)",303.083,0.0,8.000000000059458
Abando,N/A,W44016098,"(43.261229928011566, -2.929048100639934)",377.269,7.000000000074323,2.0000000000891873
Uribarri,N/A,W248634544,"(43.26459250062579, -2.9231745754982787)",389.88,11.499999999980185,20.000000000069363
Abando,N/A,W41688628,"(43.26399354682828, -2.9308926528671213)",478.5969999999999,5.000000000079272,3.0000000000891838
Abando,N/A,N3207631929,"(43.2618877, -2.9308223)",514.998,4.500000000049546,2.00000000008918
Ibaiondo,N/A,W108497734,"(43.25874273518262, -2.9247747311690637)",561.531,8.00000000001982,21.000000000049546
Ibaiondo,N/A,W485363913,"(43.25997684824978, -2.9220146785419328)",582.982,11.500000000054506,20.500000000074323
