territory,building_type,osmid,coord,distance,rise,fall
Ibaiondo,N/A,W41525574,"(43.25771234249542, -2.9221397271902023)",95.32900000000001,0.0,6.5000000000842455
Ibaiondo,N/A,W420558992,"(43.256988569906525, -2.92040166742721)",235.95800000000003,13.499999999990088,6.500000000084242
Ibaiondo,N/A,W108497734,"(43.25874273518262, -2.9247747311690637)",334.73400000000004,3.5000000000297327,14.000000000089202
Ibaiondo,N/A,W485363913,"(43.25997684824978, -2.9220146785419328)",434.02199999999993,0.5000000000644214,7.000000000113982
Ibaiondo,N/A,W375390416,"(43.25296603590128, -2.923187807157419)",441.071,10.500000000069392,15.000000000143721
Ibaiondo,N/A,N5056088727,"(43.2562779, -2.9264049)",555.075,9.000000000059472,16.500000000138762
Ibaiondo,N/A,W404432093,"(43.25599232855877, -2.9282142750288136)",647.849,19.00000000007434,11.00000000014867
