territory,building_type,osmid,coord,distance,rise,fall
Errekalde,amenity_school,W389713153,"(43.245199613671275, -2.9490884363509653)",600.344,34.50000000009916,22.000000000024798
Errekalde,amenity_school,W138709160,"(43.2507197898228, -2.945235337346584)",602.429,1.0000000000396554,37.50000000005455
