territory,building_type,osmid,coord,distance,rise,fall
Deusto,amenity_place_of_worship,W112164512,"(43.272432347664996, -2.945613879322651)",279.76899999999995,2.1316282072803006e-14,39.50000000006936
Deusto,tourism_hostel,N11975964770,"(43.2722749, -2.9467999)",440.04799999999994,5.000000000019835,39.50000000006936
Deusto,railway_subway_entrance,N4952944847,"(43.2718668, -2.9487299)",564.4789999999999,6.00000000004955,39.50000000009908
Deusto,shop_mall,W174293196,"(43.27145723476136, -2.9487516219122725)",636.663,5.500000000084217,43.5000000000248
Deusto,amenity_place_of_worship,N707156296,"(43.274857, -2.9480119)",653.1559999999998,57.00000000012377,25.500000000054463
Deusto,amenity_school,W185206614,"(43.270374325567914, -2.9405683012120356)",686.4939999999998,2.842170943040401e-14,59.50000000002479
Deusto,amenity_theatre,N10313700309,"(43.2696477, -2.9426557)",742.7739999999999,0.5000000000644071,50.5000000000248
