territory,building_type,osmid,coord,distance,rise,fall
Uribarri,N/A,N5056356248,"(43.2663985, -2.918579)",126.74799999999999,0.0,15.999999999905867
Uribarri,N/A,N4508853267,"(43.2655628, -2.9205809)",361.48800000000006,1.4210854715202004e-14,44.500000000004974
Uribarri,N/A,N4060532227,"(43.2648784, -2.9149249)",417.996,8.000000000004988,25.000000000014893
Uribarri,N/A,W248634544,"(43.26459250062579, -2.9231745754982787)",601.6800000000002,1.4210854715202004e-14,60.499999999980204
