territory,building_type,osmid,coord,distance,rise,fall
Begona,N/A,W305622069,"(43.25019552887615, -2.9072914369528084)",681.984,6.499999999970271,26.500000000000014
Begona,N/A,N9607391207,"(43.2500267, -2.9080084)",684.597,9.500000000034689,22.000000000064432
