territory,building_type,osmid,coord,distance,rise,fall
Abando,N/A,N5056379164,"(43.2581887, -2.9459426)",90.53899999999999,1.000000000009912,0.0
Basurtu-Zorrotza,N/A,N9607467466,"(43.2589548, -2.9488089)",401.18600000000004,4.000000000084242,5.500000000029729
Errekalde,N/A,W111740255,"(43.25465516232398, -2.943640524057168)",481.53000000000003,9.500000000064425,10.500000000074344
Basurtu-Zorrotza,N/A,W632988668,"(43.26125499964527, -2.950015396409132)",922.7240000000002,12.50000000013381,20.5000000000793
