territory,building_type,osmid,coord,distance,rise,fall
Errekalde,N/A,N9607455457,"(43.252218, -2.9481901)",255.036,37.000000000104095,13.000000000069406
Errekalde,N/A,W111740255,"(43.25465516232398, -2.943640524057168)",439.02199999999993,4.959588295605499e-12,16.00000000007435
