territory,building_type,osmid,coord,distance,rise,fall
Abando,N/A,W171882527,"(43.26787786483111, -2.940565564584242)",272.70799999999997,2.4999999999851408,3.4999999999554214
Abando,N/A,W28211432,"(43.26554608054959, -2.93803822151696)",278.04,21.500000000118888,8.500000000113936
Abando,N/A,N4731925117,"(43.2661842, -2.9329433)",519.6360000000001,37.00000000012879,10.500000000079257
Abando,N/A,N1271964866,"(43.2645212, -2.9345677)",539.721,24.50000000002477,8.881784197001252e-16
