territory,building_type,osmid,coord,distance,rise,fall
Errekalde,N/A,N9607455457,"(43.252218, -2.9481901)",367.76499999999993,34.000000000143764,16.000000000104116
Errekalde,N/A,W301165234,"(43.24714070207488, -2.9509802354261194)",658.787,77.00000000011404,9.500000000084313
