territory,building_type,osmid,coord,distance,rise,fall
Uribarri,amenity_community_centre,W305271005,"(43.270738722696414, -2.925986104858365)",441.508,1.4210854715202004e-14,88.50000000009413
Uribarri,amenity_place_of_worship,W921796689,"(43.26976245924279, -2.926139445224046)",650.95,7.500000000014886,114.00000000003965
Uribarri,amenity_police,W185207502,"(43.2709757152328, -2.9296242042266636)",996.29,22.499999999915815,122.99999999996535
Uribarri,building_train_station,W123440625,"(43.274075750445306, -2.920164432463072)",1232.5660000000003,107.0000000001188,12.49999999999011
