territory,building_type,osmid,coord,distance,rise,fall
Basurtu-Zorrotza,amenity_school,W138646173,"(43.273658206322374, -2.9724287872498514)",341.658,6.000000000034664,10.000000000039616
Basurtu-Zorrotza,amenity_community_centre,N6983084986,"(43.2739283, -2.9746927)",494.5009999999999,4.000000000044569,22.50000000006438
Basurtu-Zorrotza,amenity_school,W251096861,"(43.27528361750021, -2.9705968204589417)",609.8880000000001,8.499999999960394,10.499999999995055
Basurtu-Zorrotza,amenity_place_of_worship,W300969657,"(43.27707124217174, -2.9740794720992434)",685.2379999999998,8.000000000039616,30.500000000059423
Basurtu-Zorrotza,amenity_community_centre,N3066705390,"(43.277338, -2.9746744)",863.4909999999999,8.000000000039616,33.500000000029715
Basurtu-Zorrotza,amenity_library,N11229807742,"(43.2774341, -2.9749112)",863.4909999999999,8.000000000039616,33.500000000029715
Basurtu-Zorrotza,amenity_school,W251096855,"(43.27190400890658, -2.968858584144567)",892.2839999999998,65.00000000008916,22.00000000009906
