territory,building_type,osmid,coord,distance,rise,fall
Errekalde,amenity_school,W388280876,"(43.25316084419019, -2.9493565790141965)",53.25999999999999,0.0,1.4210854715202004e-14
Errekalde,amenity_school,W138709160,"(43.2507197898228, -2.945235337346584)",373.942,23.00000000007931,37.000000000064446
Errekalde,amenity_place_of_worship,N8894270302,"(43.2542534, -2.9466821)",379.20400000000006,7.105427357601002e-15,23.00000000004958
Errekalde,amenity_community_centre,N4896680970,"(43.2536856, -2.9454718)",439.632,4.959588295605499e-12,18.00000000001488
Basurtu-Zorrotza,amenity_place_of_worship,R11227990,"(43.25576330060649, -2.947366226912851)",606.919,1.000000000034703,25.000000000074365
Errekalde,railway_subway_entrance,N4541084182,"(43.2547373, -2.9438461)",648.4949999999999,4.959588295605499e-12,30.000000000099135
Errekalde,building_train_station,W111740255,"(43.25465516232399, -2.943640524057168)",648.4949999999999,4.959588295605499e-12,30.000000000099135
Basurtu-Zorrotza,amenity_library,N10313715009,"(43.2567015, -2.9490922)",753.8250000000002,6.000000000044608,25.00000000008427
Basurtu-Zorrotza,amenity_police,W408633232,"(43.2565796201018, -2.9493267089254327)",753.8250000000002,6.000000000044608,25.00000000008427
