territory,building_type,osmid,coord,distance,rise,fall
Errekalde,N/A,W41415573,"(43.24640784978145, -2.937495477469789)",797.2679999999998,1.4210854715202004e-14,62.0000000001091
