territory,building_type,osmid,coord,distance,rise,fall
Basurtu-Zorrotza,N/A,W402170994,"(43.25967701277512, -2.9532145370708145)",810.9099999999999,1.4210854715202004e-14,74.00000000016848
