territory,building_type,osmid,coord,distance,rise,fall
Uribarri,N/A,N5056356248,"(43.2663985, -2.918579)",409.34800000000007,4.000000000005002,42.499999999960394
Uribarri,N/A,N4060532227,"(43.2648784, -2.9149249)",543.253,12.000000000009962,51.50000000006939
Uribarri,N/A,N4508853267,"(43.2655628, -2.9205809)",571.999,19.00000000002973,86.00000000008421
