territory,building_type,osmid,coord,distance,rise,fall
Begona,N/A,N5056328910,"(43.2541211, -2.9149326)",366.702,26.000000000034703,7.105427357601002e-15
Ibaiondo,N/A,W420558992,"(43.256988569906525, -2.92040166742721)",429.565,11.000000000109047,29.000000000089216
Ibaiondo,N/A,W375390416,"(43.25296603590128, -2.923187807157419)",788.9580000000002,31.500000000228003,61.00000000018835
