territory,building_type,osmid,coord,distance,rise,fall
Basurtu-Zorrotza,amenity_police,W368598943,"(43.282340484756865, -2.969394480493147)",0.0,0.0,0.0
Deusto,amenity_place_of_worship,W70038638,"(43.285056100487196, -2.965406009084892)",6410.988,65.50000000030704,58.500000000277325
