territory,building_type,osmid,coord,distance,rise,fall
Errekalde,amenity_school,W389713153,"(43.245199613671275, -2.9490884363509653)",511.34299999999996,20.500000000133866,22.000000000024798
Errekalde,amenity_school,W138709160,"(43.2507197898228, -2.945235337346584)",642.8699999999999,1.0000000000396554,51.500000000019845
