territory,building_type,osmid,coord,distance,rise,fall
Ibaiondo,amenity_school,W41577094,"(43.25438112441693, -2.9219242749036556)",719.248,22.50000000013381,22.000000000163556
Ibaiondo,building_train_station,W25320637,"(43.25400683264739, -2.9214724811831636)",770.404,22.500000000133813,33.5000000001586
Ibaiondo,amenity_place_of_worship,W165888796,"(43.253559247122105, -2.920482768908343)",850.527,28.000000000104077,33.000000000232944
Ibaiondo,tourism_museum,R2727759,"(43.253335664807004, -2.9207208313355193)",936.537,28.000000000104077,33.000000000232944
Ibaiondo,amenity_police,W165645785,"(43.24968056605251, -2.9245496912078623)",1085.1360000000002,66.00000000006445,15.00000000007931
Ibaiondo,amenity_school,W201679887,"(43.25314905033093, -2.917902836711677)",1261.176,64.50000000022797,39.50000000028747
Begona,amenity_school,W40347964,"(43.25155120263126, -2.917310261009466)",1272.693,72.50000000021313,38.00000000024783
Begona,amenity_school,W40347954,"(43.25086874686762, -2.9168277398567413)",1442.139,81.0000000002379,38.00000000024783
