territory,building_type,osmid,coord,distance,rise,fall
Uribarri,N/A,N9607363904,"(43.2682033, -2.9265437)",246.073,11.999999999955422,4.99999999998019
Uribarri,N/A,W123440604,"(43.26872494896904, -2.9260301349397224)",291.258,11.999999999955422,0.0
Uribarri,N/A,N5056353256,"(43.2689626, -2.9250581)",514.024,23.499999999960373,5.500000000009905
Abando,N/A,W41688628,"(43.26399354682828, -2.9308926528671213)",651.602,26.500000000064396,7.000000000029715
Abando,N/A,N4731925117,"(43.2661842, -2.9329433)",748.999,22.500000000000007,4.999999999960384
