territory,building_type,osmid,coord,distance,rise,fall
Deusto,N/A,N5056421870,"(43.2773644, -2.9587254)",396.0350000000001,10.000000000004949,11.999999999999993
