territory,building_type,osmid,coord,distance,rise,fall
Errekalde,amenity_school,W389713153,"(43.245199613671275, -2.9490884363509653)",560.79,18.499999999866134,7.999999999762011
Errekalde,amenity_place_of_worship,W891085786,"(43.24306962047523, -2.9489897404357173)",698.783,32.499999999766985,7.999999999762011
