territory,building_type,osmid,coord,distance,rise,fall
Errekalde,N/A,W301165234,"(43.24714070207488, -2.9509802354261194)",294.424,45.49999999994053,8.4999999999703
Errekalde,N/A,N9607455457,"(43.252218, -2.9481901)",513.048,35.99999999993061,48.49999999995046
