territory,building_type,osmid,coord,distance,rise,fall
Errekalde,amenity_school,W138709160,"(43.2507197898228, -2.945235337346584)",339.297,1.0000000000396483,14.999999999940513
Errekalde,amenity_school,W388280876,"(43.25316084419019, -2.9493565790141965)",422.8179999999999,17.500000000188365,17.50000000010411
Errekalde,amenity_school,W302863499,"(43.249161518689874, -2.9419338912957236)",656.7869999999999,25.00000000001984,14.99999999998019
Errekalde,amenity_school,W389713153,"(43.245199613671275, -2.9490884363509653)",727.036,44.5000000001785,9.49999999999011
