territory,building_type,osmid,coord,distance,rise,fall
Errekalde,N/A,N5056183351,"(43.251483, -2.9359224)",408.48699999999997,24.00000000010408,7.435119186993688e-11
Ibaiondo,N/A,N11229801356,"(43.2538282, -2.9319814)",542.472,25.000000000123897,9.999999999985128
Errekalde,N/A,N5056184623,"(43.2568371, -2.9396557)",603.2119999999999,4.50000000004956,8.999999999990088
