territory,building_type,osmid,coord,distance,rise,fall
Errekalde,N/A,W111740255,"(43.25465516232398, -2.943640524057168)",238.476,0.0,10.500000000074337
Abando,N/A,N5056379164,"(43.2581887, -2.9459426)",245.89000000000004,1.4210854715202004e-14,8.50000000005452
Basurtu-Zorrotza,N/A,N9607467466,"(43.2589548, -2.9488089)",621.0770000000001,3.0000000000495675,14.000000000059472
Errekalde,N/A,N5056184623,"(43.2568371, -2.9396557)",674.581,3.500000000024798,9.500000000034703
