territory,building_type,osmid,coord,distance,rise,fall
Uribarri,N/A,W48045715,"(43.26461925000001, -2.912653900000001)",235.535,29.000000000034703,31.50000000021798
Uribarri,N/A,N5056355015,"(43.2646852, -2.9126594)",235.535,29.000000000034703,31.50000000021798
Uribarri,N/A,N4060532227,"(43.2648784, -2.9149249)",356.14,3.499999999975266,25.0000000000991
Uribarri,N/A,N5056356248,"(43.2663985, -2.918579)",725.8720000000002,14.999999999980233,35.50000000000003
