territory,building_type,osmid,coord,distance,rise,fall
Begona,N/A,N5056328910,"(43.2541211, -2.9149326)",367.33599999999996,0.5000000000495675,14.000000000094175
