territory,building_type,osmid,coord,distance,rise,fall
Errekalde,amenity_school,W389713153,"(43.245199613671275, -2.9490884363509653)",643.235,55.50000000013388,88.5
