territory,building_type,osmid,coord,distance,rise,fall
Deusto,N/A,N4254043797,"(43.2711694, -2.94695)",1074.1809999999998,30.000000000108958,100.00000000003962
