territory,building_type,osmid,coord,distance,rise,fall
Errekalde,N/A,N9607455457,"(43.252218, -2.9481901)",187.14299999999997,19.500000000054527,16.000000000104095
