territory,building_type,osmid,coord,distance,rise,fall
Basurtu-Zorrotza,amenity_place_of_worship,W163196945,"(43.265461037844666, -2.9606482549113027)",198.99800000000005,33.00000000008421,9.000000000054488
Basurtu-Zorrotza,tourism_hostel,W52528082,"(43.26320722722957, -2.9613203976201534)",1632.2700000000004,144.5000000002725,69.50000000023284
Basurtu-Zorrotza,amenity_place_of_worship,W297437908,"(43.262797302818186, -2.962656780084932)",1766.4840000000002,176.5000000001635,66.50000000015363
Deusto,amenity_community_centre,N6777788085,"(43.2672525, -2.9597383)",2793.66,20.500000000188226,23.00000000018823
Deusto,amenity_theatre,N3696895644,"(43.2673338, -2.9604465)",2811.4300000000003,20.500000000188226,23.00000000018823
Deusto,amenity_place_of_worship,N9652033547,"(43.2685894, -2.9604807)",3024.3460000000005,21.00000000019813,23.500000000193182
Deusto,amenity_place_of_worship,W176664325,"(43.268567154157736, -2.9604612424344765)",3024.3460000000005,21.00000000019813,23.500000000193182
Deusto,amenity_community_centre,W254514789,"(43.26956430038033, -2.96173829084464)",3190.7189999999996,22.50000000020804,25.50000000020804
Deusto,amenity_arts_centre,W176679093,"(43.26780294167776, -2.960577805719317)",3199.646,21.000000000208036,23.500000000203087
