territory,building_type,osmid,coord,distance,rise,fall
Otxarkoaga-Txurdinaga,N/A,W164510985,"(43.257638496193636, -2.898318280368446)",245.44600000000003,10.499999999980204,9.99999999995542
Otxarkoaga-Txurdinaga,N/A,N4060532217,"(43.2581194, -2.8980592)",283.19699999999995,7.500000000039677,7.000000000014893
Otxarkoaga-Txurdinaga,N/A,W164512079,"(43.25788389565486, -2.8988002094288414)",350.178,10.499999999980204,15.000000000034717
Otxarkoaga-Txurdinaga,N/A,N4060532220,"(43.2594633, -2.9000251)",600.0609999999999,32.50000000014376,15.000000000034746
