territory,building_type,osmid,coord,distance,rise,fall
Deusto,amenity_place_of_worship,W112164512,"(43.272432347664996, -2.945613879322651)",233.59999999999997,1.4210854715202004e-14,25.500000000138673
Deusto,tourism_hostel,N11975964770,"(43.2722749, -2.9467999)",393.87899999999996,5.000000000019828,25.500000000138673
Deusto,railway_subway_entrance,N4952944847,"(43.2718668, -2.9487299)",518.31,6.000000000049543,25.50000000016839
Deusto,shop_mall,N4262153026,"(43.2711079, -2.9487353)",590.494,5.50000000008421,29.50000000009411
Deusto,shop_mall,W174293196,"(43.27145723476136, -2.9487516219122725)",590.494,5.50000000008421,29.50000000009411
Deusto,amenity_school,W185206614,"(43.270374325567914, -2.9405683012120356)",640.3249999999999,2.1316282072803006e-14,45.50000000009411
Deusto,amenity_theatre,N10313700309,"(43.2696477, -2.9426557)",696.605,0.5000000000644,36.500000000094104
Deusto,amenity_place_of_worship,N707156296,"(43.274857, -2.9480119)",699.345,55.00000000000493,9.500000000004945
Deusto,amenity_community_centre,N12035542894,"(43.2692724, -2.9469505)",705.6329999999998,5.000000000059451,46.50000000008916
