territory,building_type,osmid,coord,distance,rise,fall
Begona,N/A,N9607391207,"(43.2500267, -2.9080084)",0.0,0.0,0.0
Begona,N/A,W305622069,"(43.25019552887615, -2.9072914369528084)",519.9770000000001,7.499999999955392,14.999999999955392
