territory,building_type,osmid,coord,distance,rise,fall
Otxarkoaga-Txurdinaga,N/A,N4060532220,"(43.2594633, -2.9000251)",393.91400000000004,8.500000000049596,15.999999999935625
Otxarkoaga-Txurdinaga,N/A,N4060532216,"(43.2579448, -2.9067392)",509.3189999999999,0.5000000000693916,33.99999999998019
Otxarkoaga-Txurdinaga,N/A,W164512079,"(43.25788389565486, -2.8988002094288414)",540.1410000000001,6.500000000039705,36.00000000008926
Otxarkoaga-Txurdinaga,N/A,W235157481,"(43.25672274935615, -2.9070052667191253)",631.2339999999999,2.842170943040401e-14,39.99999999993065
Otxarkoaga-Txurdinaga,N/A,W164510985,"(43.257638496193636, -2.898318280368446)",644.873,11.500000000119002,36.00000000008926
Otxarkoaga-Txurdinaga,N/A,N4060532217,"(43.2581194, -2.8980592)",721.2080000000001,11.500000000119016,36.00000000008927
