territory,building_type,osmid,coord,distance,rise,fall
Errekalde,amenity_school,W388280876,"(43.25316084419019, -2.9493565790141965)",383.447,7.999999999995033,58.00000000005948
Errekalde,amenity_school,W138709160,"(43.2507197898228, -2.945235337346584)",434.12300000000005,0.0,64.00000000004957
Errekalde,amenity_place_of_worship,N8894270302,"(43.2542534, -2.9466821)",564.0899999999999,7.105427357601002e-15,73.00000000011403
Errekalde,amenity_community_centre,N4896680970,"(43.2536856, -2.9454718)",587.255,4.959588295605499e-12,68.00000000007931
