territory,building_type,osmid,coord,distance,rise,fall
Ibaiondo,N/A,W375390416,"(43.25296603590128, -2.923187807157419)",860.3410000000001,10.500000000034703,63.000000000064446
Ibaiondo,N/A,W376396126,"(43.25272399169551, -2.925878746109151)",888.47,11.500000000034724,56.50000000010412
