territory,building_type,osmid,coord,distance,rise,fall
Errekalde,N/A,W111740255,"(43.25465516232398, -2.943640524057168)",363.82199999999995,3.5000000000346887,1.5000000000545128
Errekalde,N/A,N5056184623,"(43.2568371, -2.9396557)",576.3269999999999,12.500000000178424,6.0000000001338165
Errekalde,N/A,N5056183351,"(43.251483, -2.9359224)",608.4,35.00000000001488,1.4210854715202004e-14
