territory,building_type,osmid,coord,distance,rise,fall
Deusto,amenity_school,W185282136,"(43.27572418887909, -2.948857870940447)",287.13800000000003,8.500000000084157,10.000000000183192
Deusto,amenity_place_of_worship,N707156296,"(43.274857, -2.9480119)",340.71200000000005,8.500000000084157,15.000000000084171
Deusto,amenity_place_of_worship,W112164512,"(43.272432347664996, -2.945613879322651)",592.2130000000001,10.499999999970314,88.00000000010897
Deusto,tourism_hostel,N11975964770,"(43.2722749, -2.9467999)",752.4920000000001,15.499999999990127,88.00000000010897
