territory,building_type,osmid,coord,distance,rise,fall
Errekalde,N/A,N5056184623,"(43.2568371, -2.9396557)",418.524,2.5000000000495675,8.500000000074337
Errekalde,N/A,N5056183351,"(43.251483, -2.9359224)",595.631,24.00000000010408,1.5000000001585931
Ibaiondo,N/A,N11229801356,"(43.2538282, -2.9319814)",658.089,25.000000000133824,11.500000000079297
