territory,building_type,osmid,coord,distance,rise,fall
Errekalde,N/A,W301165234,"(43.24714070207488, -2.9509802354261194)",357.1909999999999,63.99999999999507,43.49999999990089
Errekalde,N/A,N9607455457,"(43.252218, -2.9481901)",387.801,19.500000000054555,48.49999999995046
