territory,building_type,osmid,coord,distance,rise,fall
Uribarri,N/A,N5056356248,"(43.2663985, -2.918579)",266.466,0.5000000000148503,20.00000000002474
Uribarri,N/A,N4060532227,"(43.2648784, -2.9149249)",290.45,8.000000000004974,28.500000000118902
Uribarri,N/A,W48045715,"(43.26461925000001, -2.912653900000001)",455.14900000000006,17.999999999930708,19.50000000010408
Uribarri,N/A,N5056355015,"(43.2646852, -2.9126594)",455.14900000000006,17.999999999930708,19.50000000010408
Uribarri,N/A,N4508853267,"(43.2655628, -2.9205809)",489.3860000000001,8.50000000003962,56.5000000001486
