territory,building_type,osmid,coord,distance,rise,fall
Uribarri,N/A,N5056353256,"(43.2689626, -2.9250581)",315.54900000000004,18.50000000003467,20.000000000054477
Uribarri,N/A,W248634544,"(43.26459250062579, -2.9231745754982787)",354.109,7.000000000029729,17.500000000044594
Uribarri,N/A,N9607363904,"(43.2682033, -2.9265437)",369.913,3.9999999999950546,16.4999999999901
Uribarri,N/A,W123440604,"(43.26872494896904, -2.9260301349397224)",410.77099999999996,12.000000000034667,19.50000000004952
Uribarri,N/A,N4508853267,"(43.2655628, -2.9205809)",437.671,10.99999999995542,5.499999999995055
Uribarri,N/A,N5056356248,"(43.2663985, -2.918579)",474.988,34.00000000005946,0.0
