territory,building_type,osmid,coord,distance,rise,fall
Errekalde,amenity_place_of_worship,W891085786,"(43.24306962047523, -2.9489897404357173)",824.082,13.99999999990085,28.99999999984631
