territory,building_type,osmid,coord,distance,rise,fall
Uribarri,N/A,W48045715,"(43.26461925000001, -2.912653900000001)",183.512,0.0,39.50000000010898
Uribarri,N/A,N5056355015,"(43.2646852, -2.9126594)",183.512,0.0,39.50000000010898
Uribarri,N/A,N4060532227,"(43.2648784, -2.9149249)",392.58600000000007,7.000000000079275,65.50000000012881
Uribarri,N/A,N5056356248,"(43.2663985, -2.918579)",768.4060000000001,14.500000000074337,72.00000000001984
