territory,building_type,osmid,coord,distance,rise,fall
Otxarkoaga-Txurdinaga,amenity_community_centre,W386847400,"(43.26560640049439, -2.906940411091095)",101.016,15.500000000009948,0.0
Uribarri,amenity_school,W185282106,"(43.26352870570346, -2.908070959437656)",333.94100000000003,19.000000000109026,41.00000000005451
Uribarri,amenity_place_of_worship,N610953374,"(43.2654928, -2.9109833)",896.4279999999999,50.50000000023289,133.5000000003022
Uribarri,amenity_school,W48052362,"(43.26640023315709, -2.9103926848917308)",1012.1229999999999,74.50000000018332,133.5000000003022
Otxarkoaga-Txurdinaga,amenity_school,W201506082,"(43.262555357753975, -2.9054812365975407)",1435.8640000000003,57.000000000069406,121.99999999993562
