territory,building_type,osmid,coord,distance,rise,fall
Uribarri,N/A,W48045715,"(43.26461925000001, -2.912653900000001)",171.615,0.0,29.500000000039634
Uribarri,N/A,N5056355015,"(43.2646852, -2.9126594)",171.615,0.0,29.500000000039634
Uribarri,N/A,N4060532227,"(43.2648784, -2.9149249)",405.05300000000005,7.0000000000792895,55.50000000005948
