territory,building_type,osmid,coord,distance,rise,fall
Otxarkoaga-Txurdinaga,N/A,W164510985,"(43.257638496193636, -2.898318280368446)",184.40500000000003,10.499999999970271,0.0
Otxarkoaga-Txurdinaga,N/A,N4060532217,"(43.2581194, -2.8980592)",259.312,10.499999999970285,1.4210854715202004e-14
Otxarkoaga-Txurdinaga,N/A,W164512079,"(43.25788389565486, -2.8988002094288414)",289.137,10.499999999970271,5.000000000079297
Otxarkoaga-Txurdinaga,N/A,N4060532220,"(43.2594633, -2.9000251)",539.02,32.500000000133824,5.000000000079325
