territory,building_type,osmid,coord,distance,rise,fall
Errekalde,N/A,W301165234,"(43.24714070207488, -2.9509802354261194)",290.2339999999999,39.99999999994549,8.000000000039691
Errekalde,N/A,N9607455457,"(43.252218, -2.9481901)",570.663,31.499999999930637,49.00000000001492
