territory,building_type,osmid,coord,distance,rise,fall
Uribarri,N/A,N4060532227,"(43.2648784, -2.9149249)",86.409,3.4999999999752376,3.4999999999752305
Uribarri,N/A,W48045715,"(43.26461925000001, -2.912653900000001)",197.409,18.999999999940563,0.0
Uribarri,N/A,N5056355015,"(43.2646852, -2.9126594)",197.409,18.999999999940563,0.0
Uribarri,N/A,N5056356248,"(43.2663985, -2.918579)",468.40800000000013,15.500000000084228,14.499999999980183
Uribarri,N/A,N4508853267,"(43.2655628, -2.9205809)",593.846,3.499999999965347,30.999999999960394
