territory,building_type,osmid,coord,distance,rise,fall
Uribarri,N/A,N4060532227,"(43.2648784, -2.9149249)",120.46,8.99999999999011,6.000000000074316
Uribarri,N/A,W48045715,"(43.26461925000001, -2.912653900000001)",321.61599999999993,27.999999999930665,6.000000000074316
Uribarri,N/A,N5056355015,"(43.2646852, -2.9126594)",321.61599999999993,27.999999999930665,6.000000000074316
Uribarri,N/A,N5056356248,"(43.2663985, -2.918579)",474.488,14.999999999980204,10.999999999960373
Uribarri,N/A,N4508853267,"(43.2655628, -2.9205809)",517.914,3.4999999999653326,28.000000000044594
