territory,building_type,osmid,coord,distance,rise,fall
Basurtu-Zorrotza,N/A,W402170994,"(43.25967701277512, -2.9532145370708145)",448.158,9.999999999925684,11.999999999985143
Basurtu-Zorrotza,N/A,N5056200430,"(43.2613693, -2.9628267)",832.9099999999999,100.49999999990591,14.999999999950518
