territory,building_type,osmid,coord,distance,rise,fall
Abando,N/A,N5056379164,"(43.2581887, -2.9459426)",141.48600000000002,1.5000000000148788,2.0000000000148788
Errekalde,N/A,W111740255,"(43.25465516232398, -2.943640524057168)",481.2289999999999,5.000000000094154,7.500000000113985
Basurtu-Zorrotza,N/A,N9607467466,"(43.2589548, -2.9488089)",516.673,4.500000000064432,7.500000000019831
Errekalde,N/A,N5056184623,"(43.2568371, -2.9396557)",523.6569999999999,5.500000000024777,3.499999999980176
