territory,building_type,osmid,coord,distance,rise,fall
Ibaiondo,N/A,W397099000,"(43.24088752072248, -2.9244925413981497)",293.431,12.500000000044631,2.9752200703114795e-11
