territory,building_type,osmid,coord,distance,rise,fall
Deusto,N/A,N5056421870,"(43.2773644, -2.9587254)",426.971,13.999999999970294,1.5000000000099014
Deusto,N/A,W290069950,"(43.280414549918596, -2.9601837787502543)",725.556,17.000000000103963,9.500000000118819
Deusto,N/A,N10308519810,"(43.2812493, -2.9624445)",803.3389999999999,12.000000000069312,13.00000000011882
