territory,building_type,osmid,coord,distance,rise,fall
Ibaiondo,amenity_police,W165645785,"(43.24968056605251, -2.9245496912078623)",63.708,3.966249551012879e-11,0.0
Ibaiondo,amenity_place_of_worship,W53661749,"(43.251866677604006, -2.9290643617025647)",312.668,3.5000000000049667,15.000000000000007
Ibaiondo,amenity_school,W53668485,"(43.248961862530635, -2.930066135495643)",425.2219999999999,7.0000000000297575,6.5000000000396625
Ibaiondo,building_train_station,W53663165,"(43.25037057733663, -2.9304763387603403)",522.3919999999999,15.0000000000149,18.499999999995076
Ibaiondo,railway_subway_entrance,N4904749312,"(43.2502989, -2.9305713)",529.3989999999999,15.0000000000149,18.499999999995076
Ibaiondo,amenity_school,W53764581,"(43.24903243466212, -2.9317237114605668)",583.3439999999999,9.000000000034703,6.5000000000396625
Ibaiondo,amenity_theatre,W314579101,"(43.25253967996139, -2.928209723690653)",620.953,4.500000000004981,35.00000000005454
Ibaiondo,amenity_school,W165645783,"(43.25405003153166, -2.927189817999719)",851.324,9.000000000054541,48.500000000059494
