territory,building_type,osmid,coord,distance,rise,fall
Basurtu-Zorrotza,N/A,N11229807742,"(43.2774341, -2.9749112)",516.789,3.9999999999950484,19.999999999990095
Basurtu-Zorrotza,N/A,W151883539,"(43.27856405785909, -2.9750882996142076)",560.2239999999999,4.00000000000495,19.999999999990095
