territory,building_type,osmid,coord,distance,rise,fall
Otxarkoaga-Txurdinaga,N/A,N4060532217,"(43.2581194, -2.8980592)",86.843,0.0,7.000000000029729
Otxarkoaga-Txurdinaga,N/A,W164510985,"(43.257638496193636, -2.898318280368446)",163.178,1.4210854715202004e-14,7.000000000029743
Otxarkoaga-Txurdinaga,N/A,W164512079,"(43.25788389565486, -2.8988002094288414)",267.90999999999997,1.4210854715202004e-14,12.00000000010904
Otxarkoaga-Txurdinaga,N/A,N4060532220,"(43.2594633, -2.9000251)",517.7929999999999,22.000000000163567,12.000000000109068
