territory,building_type,osmid,coord,distance,rise,fall
Basurtu-Zorrotza,amenity_place_of_worship,W301694701,"(43.25652086676977, -2.957615550547145)",148.45999999999998,24.999999999841435,0.0
Basurtu-Zorrotza,amenity_community_centre,W301694691,"(43.25639843254374, -2.9578756320078523)",201.41700000000003,45.49999999992072,0.0
Basurtu-Zorrotza,building_train_station,W402170994,"(43.25967701277512, -2.9532145370708145)",692.5909999999999,1.4210854715202004e-14,57.000000000143714
Basurtu-Zorrotza,railway_subway_entrance,N4944875063,"(43.2594993, -2.9525533)",697.9049999999999,2.500000000000007,59.500000000143714
Basurtu-Zorrotza,railway_subway_entrance,N4944875070,"(43.2600187, -2.9537148)",759.1259999999999,18.999999999980197,78.00000000009912
