territory,building_type,osmid,coord,distance,rise,fall
Ibaiondo,N/A,W420558992,"(43.256988569906525, -2.92040166742721)",190.46500000000003,6.0000000000148646,14.000000000054513
Ibaiondo,N/A,W41525574,"(43.25771234249542, -2.9221397271902023)",318.837,0.0,21.50000000002974
Ibaiondo,N/A,W375390416,"(43.25296603590128, -2.923187807157419)",589.61,11.000000000059472,30.500000000079297
Begona,N/A,N5056328910,"(43.2541211, -2.9149326)",589.718,35.99999999997524,2.1316282072803006e-14
Ibaiondo,N/A,W485363913,"(43.25997684824978, -2.9220146785419328)",657.53,0.5000000000644214,22.000000000059476
