territory,building_type,osmid,coord,distance,rise,fall
Errekalde,N/A,W41415573,"(43.24640784978145, -2.937495477469789)",1335.696,16.999999999965283,132.50000000008924
