territory,building_type,osmid,coord,distance,rise,fall
Deusto,N/A,N4254043797,"(43.2711694, -2.94695)",245.34900000000002,8.000000000034667,2.5000000000445723
Deusto,N/A,W185205688,"(43.26864835487923, -2.947859768119749)",318.433,5.329070518200751e-15,12.500000000014861
Deusto,N/A,N5056437799,"(43.2691029, -2.9449199)",497.185,3.5000000000396234,15.000000000084196
Deusto,N/A,W185205681,"(43.27236008339459, -2.9507221366997642)",605.4410000000003,28.999999999955435,1.5000000000148574
