territory,building_type,osmid,coord,distance,rise,fall
Begona,tourism_hostel,R6809489,"(43.246643762497214, -2.90992181556658)",107.45800000000001,6.0,0.0
Begona,building_train_station,W262197081,"(43.24721948941041, -2.905694544078832)",291.38100000000003,0.0,8.500000000034703
Begona,railway_subway_entrance,N5923164463,"(43.2470897, -2.9058799)",298.196,7.105427357601002e-15,8.000000000019831
Begona,building_train_station,W627458954,"(43.24706648377492, -2.9056005672304304)",298.196,7.105427357601002e-15,8.000000000019831
Begona,building_train_station,W627458976,"(43.24700044461815, -2.9057383069873937)",298.196,7.105427357601002e-15,8.000000000019831
Begona,railway_subway_entrance,N5923164459,"(43.2470028, -2.9055002)",337.817,7.999999999990084,16.500000000024784
Begona,amenity_school,W419249921,"(43.247898820477886, -2.9140790959457936)",473.2270000000001,13.500000000074373,0.5000000000842846
