territory,building_type,osmid,coord,distance,rise,fall
Basurtu-Zorrotza,N/A,N11229807742,"(43.2774341, -2.9749112)",1220.442,5.999999999990095,7.999999999995044
Basurtu-Zorrotza,N/A,W151883539,"(43.27856405785909, -2.9750882996142076)",1263.877,5.9999999999999964,7.999999999995044
