territory,building_type,osmid,coord,distance,rise,fall
Basurtu-Zorrotza,N/A,N11229807742,"(43.2774341, -2.9749112)",442.203,2.4999999999752456,4.499999999970294
Basurtu-Zorrotza,N/A,W151883539,"(43.27856405785909, -2.9750882996142076)",485.638,2.499999999985147,4.499999999970294
