territory,building_type,osmid,coord,distance,rise,fall
Otxarkoaga-Txurdinaga,N/A,N4060532216,"(43.2579448, -2.9067392)",556.851,4.263256414560601e-14,39.99999999989599
Otxarkoaga-Txurdinaga,N/A,N4060532220,"(43.2594633, -2.9000251)",605.946,17.999999999985207,31.999999999856385
