territory,building_type,osmid,coord,distance,rise,fall
Begona,N/A,N9607391207,"(43.2500267, -2.9080084)",329.23299999999995,20.000000000024805,0.5000000000446363
Begona,N/A,W305622069,"(43.25019552887615, -2.9072914369528084)",371.01,11.999999999980197,2.842170943040401e-14
