territory,building_type,osmid,coord,distance,rise,fall
Ibaiondo,N/A,N11229801356,"(43.2538282, -2.9319814)",265.839,9.000000000074358,0.9999999999851426
Ibaiondo,N/A,W376396126,"(43.25272399169551, -2.925878746109151)",404.267,1.4210854715202004e-14,23.50000000002975
Ibaiondo,N/A,W404432093,"(43.25599232855877, -2.9282142750288136)",422.288,7.500000000039655,26.000000000029736
Ibaiondo,N/A,N5056088727,"(43.2562779, -2.9264049)",598.4259999999999,4.500000000049575,38.50000000004462
Errekalde,N/A,N5056183351,"(43.251483, -2.9359224)",691.3460000000001,26.50000000003471,9.500000000054534
