territory,building_type,osmid,coord,distance,rise,fall
Basurtu-Zorrotza,N/A,W163196945,"(43.26546103784467, -2.9606482549113027)",39.018,15.500000000044585,0.0
Basurtu-Zorrotza,N/A,N5056200430,"(43.2613693, -2.9628267)",1544.738,162.00000000005946,42.000000000054555
