territory,building_type,osmid,coord,distance,rise,fall
Deusto,amenity_school,W185282136,"(43.27572418887909, -2.948857870940447)",198.575,3.500000000049525,15.499999999970314
Deusto,amenity_place_of_worship,N707156296,"(43.274857, -2.9480119)",252.149,3.500000000049525,20.499999999871292
Deusto,amenity_library,N10575964741,"(43.2724615, -2.9507625)",674.5509999999999,3.4999999999703064,67.49999999985643
Deusto,amenity_police,W185205676,"(43.2730320456833, -2.9532225738516544)",709.9329999999998,1.4210854715202004e-14,73.99999999985644
Deusto,amenity_library,N10308512109,"(43.2723012, -2.9505157)",846.2939999999999,1.4210854715202004e-14,86.49999999995546
Deusto,amenity_school,N1759584097,"(43.2722245, -2.9510542)",866.177,3.467803821877169e-11,84.99999999998023
Deusto,tourism_hostel,N11975964770,"(43.2722749, -2.9467999)",905.9949999999999,6.4999999999554525,89.49999999989605
Deusto,railway_subway_entrance,N4952944847,"(43.2718668, -2.9487299)",934.9219999999999,3.0000000000000178,84.99999999994061
Deusto,railway_subway_entrance,N571805608,"(43.2718219, -2.9494558)",941.23,1.5000000000148717,86.49999999995546
