territory,building_type,osmid,coord,distance,rise,fall
Deusto,N/A,N4254043797,"(43.2711694, -2.94695)",268.503,5.000000000059433,5.999999999940581
Deusto,N/A,N5056437799,"(43.2691029, -2.9449199)",395.73300000000006,0.5000000000643894,18.499999999980204
Deusto,N/A,W185205681,"(43.27236008339459, -2.9507221366997642)",559.548,21.000000000069335,0.0
Deusto,N/A,W185205688,"(43.26864835487923, -2.947859768119749)",560.9889999999999,5.000000000069344,23.999999999955442
