territory,building_type,osmid,coord,distance,rise,fall
Deusto,N/A,N5056421870,"(43.2773644, -2.9587254)",308.514,10.500000000029708,0.5000000000297078
Deusto,N/A,W290069950,"(43.280414549918596, -2.9601837787502543)",347.627,6.500000000039606,1.500000000014854
Deusto,N/A,N10308519810,"(43.2812493, -2.9624445)",444.87,1.7763568394002505e-15,3.500000000009903
