territory,building_type,osmid,coord,distance,rise,fall
Ibaiondo,amenity_school,W185284035,"(43.244405788428594, -2.9251938625874043)",140.691,0.0,6.499999999945459
Ibaiondo,building_train_station,W453719236,"(43.24045334541864, -2.924084942378229)",619.7969999999999,29.000000000054552,24.5000000000248
