territory,building_type,osmid,coord,distance,rise,fall
Errekalde,N/A,N5056183351,"(43.251483, -2.9359224)",0.0,0.0,0.0
Ibaiondo,N/A,N11229801356,"(43.2538282, -2.9319814)",547.744,7.500000000084263,16.499999999975223
