territory,building_type,osmid,coord,distance,rise,fall
Begona,building_train_station,W262197081,"(43.24721948941041, -2.905694544078832)",480.831,5.000000000044622,27.500000000039677
Begona,railway_subway_entrance,N5923164463,"(43.2470897, -2.9058799)",487.646,5.000000000044629,27.000000000024805
Begona,building_train_station,W627458954,"(43.24706648377492, -2.9056005672304304)",487.646,5.000000000044629,27.000000000024805
Begona,building_train_station,W627458976,"(43.24700044461815, -2.9057383069873937)",487.646,5.000000000044629,27.000000000024805
Begona,railway_subway_entrance,N5923164459,"(43.2470028, -2.9055002)",627.945,13.000000000034714,35.500000000029765
Otxarkoaga-Txurdinaga,amenity_school,W298580885,"(43.252145781885545, -2.9041002912407294)",1062.3899999999999,39.500000000054555,21.000000000009962
