territory,building_type,osmid,coord,distance,rise,fall
Ibaiondo,N/A,W397099000,"(43.24088752072248, -2.9244925413981497)",1398.9629999999997,12.500000000044631,116.50000000004464
