territory,building_type,osmid,coord,distance,rise,fall
Errekalde,amenity_school,W165462102,"(43.245592158361845, -2.9342422839261544)",242.584,1.4210854715202004e-14,14.000000000034703
Ibaiondo,amenity_school,N4757644627,"(43.2481224, -2.9325122)",445.34200000000004,0.0,25.50000000004958
Ibaiondo,amenity_place_of_worship,N4757644648,"(43.2483414, -2.9337821)",445.34200000000004,0.0,25.50000000004958
