territory,building_type,osmid,coord,distance,rise,fall
Deusto,N/A,N10308519810,"(43.2812493, -2.9624445)",276.52199999999993,2.4999999999901017,1.7763568394002505e-15
Deusto,N/A,W290069950,"(43.280414549918596, -2.9601837787502543)",614.9259999999999,13.500000000059405,2.5000000000346514
