territory,building_type,osmid,coord,distance,rise,fall
Uribarri,N/A,N5056356248,"(43.2663985, -2.918579)",222.446,1.4210854715202004e-14,15.999999999905882
Uribarri,N/A,N4508853267,"(43.2655628, -2.9205809)",405.53200000000004,1.4210854715202004e-14,44.500000000004974
Uribarri,N/A,N4060532227,"(43.2648784, -2.9149249)",408.89099999999996,8.000000000004988,25.000000000014893
