territory,building_type,osmid,coord,distance,rise,fall
Begona,building_train_station,W262197081,"(43.24721948941041, -2.905694544078832)",165.17400000000004,0.0,7.500000000024791
Begona,railway_subway_entrance,N5923164463,"(43.2470897, -2.9058799)",171.98900000000003,7.105427357601002e-15,7.000000000009919
Begona,building_train_station,W627458954,"(43.24706648377492, -2.9056005672304304)",171.98900000000003,7.105427357601002e-15,7.000000000009919
Begona,building_train_station,W627458976,"(43.24700044461815, -2.9057383069873937)",171.98900000000003,7.105427357601002e-15,7.000000000009919
Begona,tourism_hostel,R6809489,"(43.246643762497214, -2.90992181556658)",282.041,8.500000000034717,1.500000000024805
Begona,railway_subway_entrance,N5923164459,"(43.2470028, -2.9055002)",312.288,7.9999999999900915,15.500000000014879
Begona,railway_subway_entrance,N506170042,"(43.2506056, -2.9114436)",531.606,39.00000000011402,8.500000000114028
Begona,railway_subway_entrance,N506170049,"(43.2507365, -2.9105707)",532.2429999999999,34.000000000004995,3.5000000000000426
Begona,amenity_school,W178937537,"(43.25131112995326, -2.9102872678264795)",550.954,34.000000000004995,0.5000000000446505
