territory,building_type,osmid,coord,distance,rise,fall
Ibaiondo,N/A,W420558992,"(43.256988569906525, -2.92040166742721)",63.184,5.499999999955399,4.5000000000049525
Ibaiondo,N/A,W41525574,"(43.25771234249542, -2.9221397271902023)",186.02,0.0,12.500000000039645
Ibaiondo,N/A,W108497734,"(43.25874273518262, -2.9247747311690637)",445.002,0.5000000000198206,17.00000000003469
Ibaiondo,N/A,W375390416,"(43.25296603590128, -2.923187807157419)",466.32000000000005,10.500000000069392,21.00000000009912
Ibaiondo,N/A,W485363913,"(43.25997684824978, -2.9220146785419328)",524.713,0.5000000000644214,13.000000000069381
Ibaiondo,N/A,N5056088727,"(43.2562779, -2.9264049)",632.787,13.00000000002479,26.50000000005948
