territory,building_type,osmid,coord,distance,rise,fall
Abando,N/A,N4762096882,"(43.2634, -2.9433546)",248.47600000000003,8.500000000059451,4.500000000039634
Abando,N/A,N4761972760,"(43.2642641, -2.9429738)",259.555,7.500000000009905,7.5000000000198135
Abando,N/A,W28211432,"(43.26554608054959, -2.93803822151696)",517.428,6.000000000039634,12.500000000029726
Abando,N/A,W171882527,"(43.26787786483111, -2.940565564584242)",545.2620000000002,2.972644352894349e-11,20.49999999999505
