territory,building_type,osmid,coord,distance,rise,fall
Basurtu-Zorrotza,N/A,N11229807742,"(43.2774341, -2.9749112)",466.534,2.9999999999603926,2.999999999970294
Basurtu-Zorrotza,N/A,W151883539,"(43.27856405785909, -2.9750882996142076)",509.969,2.999999999970294,2.999999999970294
