territory,building_type,osmid,coord,distance,rise,fall
Basurtu-Zorrotza,amenity_police,W61650845,"(43.25483560908443, -2.9622720539357044)",654.7369999999999,34.00000000004957,7.500000000128864
Basurtu-Zorrotza,amenity_police,W404633890,"(43.254956017399024, -2.962172628386112)",654.7369999999999,34.00000000004957,7.500000000128864
Basurtu-Zorrotza,tourism_hostel,W297437909,"(43.26060438475347, -2.9631934865762424)",656.357,0.0,32.00000000004957
Basurtu-Zorrotza,amenity_place_of_worship,W297437908,"(43.262797302818186, -2.962656780084932)",684.246,4.263256414560601e-14,67.50000000001988
Basurtu-Zorrotza,amenity_community_centre,W301694691,"(43.25639843254374, -2.9578756320078523)",897.6089999999999,3.000000000009919,37.0
Basurtu-Zorrotza,amenity_place_of_worship,W301694701,"(43.25652086676977, -2.957615550547145)",1051.3029999999999,3.0000000000099334,57.5000000000793
