territory,building_type,osmid,coord,distance,rise,fall
Otxarkoaga-Txurdinaga,railway_subway_entrance,N4060532218,"(43.2586896, -2.8998266)",323.26599999999996,2.842170943040401e-14,25.499999999920746
Otxarkoaga-Txurdinaga,railway_subway_entrance,N4060532220,"(43.2594633, -2.9000251)",352.026,2.0000000000099334,18.999999999940556
Otxarkoaga-Txurdinaga,amenity_place_of_worship,W298482555,"(43.25976765777735, -2.9001967277689698)",356.105,2.842170943040401e-14,16.999999999930665
Otxarkoaga-Txurdinaga,railway_subway_entrance,N4060532211,"(43.2586152, -2.899233)",392.943,5.684341886080802e-14,25.499999999920746
Otxarkoaga-Txurdinaga,amenity_school,W201671663,"(43.25887864816436, -2.9013276240376737)",420.573,6.499999999955449,18.999999999940556
Otxarkoaga-Txurdinaga,amenity_community_centre,N10539847381,"(43.2604388, -2.9011188)",432.99899999999997,13.500000000044608,16.500000000029743
Otxarkoaga-Txurdinaga,railway_subway_entrance,N4060532217,"(43.2581194, -2.8980592)",437.70399999999995,0.4999999999951399,34.50000000000999
Otxarkoaga-Txurdinaga,amenity_police,N4142321404,"(43.257488, -2.8986357)",490.685,4.263256414560601e-14,39.00000000009419
Otxarkoaga-Txurdinaga,amenity_community_centre,W164512079,"(43.25788389565486, -2.898800209428842)",490.685,4.263256414560601e-14,39.00000000009419
