territory,building_type,osmid,coord,distance,rise,fall
Basurtu-Zorrotza,amenity_school,W138646173,"(43.273658206322374, -2.9724287872498514)",272.36199999999997,0.5000000000049489,8.499999999950475
Basurtu-Zorrotza,amenity_school,W251096861,"(43.27528361750021, -2.9705968204589417)",327.44,1.4999999999653468,7.499999999940581
Basurtu-Zorrotza,amenity_school,W251096855,"(43.27190400890658, -2.968858584144567)",344.462,39.00000000004954,1.4210854715202004e-14
Basurtu-Zorrotza,amenity_community_centre,N6983084986,"(43.2739283, -2.9746927)",586.5489999999999,4.500000000014854,26.999999999975234
Basurtu-Zorrotza,amenity_place_of_worship,W300969657,"(43.27707124217174, -2.9740794720992434)",669.075,1.00000000001981,27.49999999998019
Basurtu-Zorrotza,building_train_station,W771882864,"(43.27774409144363, -2.972288289329312)",746.0489999999999,1.500000000009909,29.49999999996038
