territory,building_type,osmid,coord,distance,rise,fall
Uribarri,N/A,N5056356248,"(43.2663985, -2.918579)",476.458,6.000000000024784,57.999999999950475
Uribarri,N/A,W162445376,"(43.273080655467716, -2.9178267306692467)",1342.6760000000002,136.49999999999514,13.499999999970385
