territory,building_type,osmid,coord,distance,rise,fall
Ibaiondo,building_train_station,W453719236,"(43.24045334541864, -2.924084942378229)",244.46599999999998,11.500000000000004,11.000000000049592
Ibaiondo,amenity_school,W185284035,"(43.244405788428594, -2.9251938625874043)",319.108,11.500000000029754,22.000000000054552
Ibaiondo,amenity_school,W185282998,"(43.2405881821674, -2.921607513021208)",419.908,6.4999999999999964,17.00000000005455
