territory,building_type,osmid,coord,distance,rise,fall
Otxarkoaga-Txurdinaga,N/A,N4060532220,"(43.2594633, -2.9000251)",413.8620000000001,8.500000000049582,18.99999999996534
Otxarkoaga-Txurdinaga,N/A,N4060532216,"(43.2579448, -2.9067392)",533.5519999999999,0.5000000000693916,37.00000000000992
Otxarkoaga-Txurdinaga,N/A,W164512079,"(43.25788389565486, -2.8988002094288414)",560.089,6.500000000039691,39.00000000011897
Otxarkoaga-Txurdinaga,N/A,W235157481,"(43.25672274935615, -2.9070052667191253)",651.1819999999999,1.4210854715202004e-14,42.999999999960366
Otxarkoaga-Txurdinaga,N/A,W164510985,"(43.257638496193636, -2.898318280368446)",664.821,11.500000000118987,39.00000000011897
Otxarkoaga-Txurdinaga,N/A,N4060532217,"(43.2581194, -2.8980592)",741.1560000000001,11.500000000119002,39.00000000011899
