territory,building_type,osmid,coord,distance,rise,fall
Basurtu-Zorrotza,amenity_police,W61650845,"(43.25483560908443, -2.9622720539357044)",641.0609999999999,38.50000000004954,9.500000000094161
Basurtu-Zorrotza,amenity_police,W404633890,"(43.254956017399024, -2.962172628386112)",641.0609999999999,38.50000000004954,9.500000000094161
Basurtu-Zorrotza,amenity_community_centre,W301694691,"(43.25639843254374, -2.9578756320078523)",788.136,10.999999999985135,42.49999999994054
Basurtu-Zorrotza,tourism_hostel,W297437909,"(43.26060438475347, -2.9631934865762424)",926.4749999999999,2.5000000000347598,32.00000000004965
Basurtu-Zorrotza,amenity_place_of_worship,W301694701,"(43.25652086676977, -2.957615550547145)",941.83,10.99999999998515,63.00000000001984
