territory,building_type,osmid,coord,distance,rise,fall
Errekalde,N/A,N5056183351,"(43.251483, -2.9359224)",628.726,4.499999999995012,22.000000000029715
Errekalde,N/A,W41415573,"(43.24640784978145, -2.937495477469789)",1377.9230000000002,28.500000000009905,37.500000000084285
