territory,building_type,osmid,coord,distance,rise,fall
Deusto,amenity_school,W185206614,"(43.270374325567914, -2.9405683012120356)",548.607,0.0,50.49999999998019
Deusto,amenity_place_of_worship,N10585141905,"(43.2704473, -2.9376418)",749.73,2.5000000000396216,43.49999999996533
Deusto,amenity_place_of_worship,N10585123305,"(43.2710612, -2.9375073)",880.545,18.99999999995048,43.49999999996534
Uribarri,amenity_school,W366043792,"(43.273305835815265, -2.933150779060532)",2128.32,121.49999999996541,36.999999999925784
