territory,building_type,osmid,coord,distance,rise,fall
Deusto,N/A,N5056421870,"(43.2773644, -2.9587254)",178.70499999999998,3.4999999999900986,9.500000000029708
Deusto,N/A,W290069950,"(43.280414549918596, -2.9601837787502543)",583.7760000000001,7.000000000069312,18.00000000008417
