territory,building_type,osmid,coord,distance,rise,fall
Errekalde,N/A,N5056184623,"(43.2568371, -2.9396557)",184.932,2.500000000009905,0.5000000000396341
Errekalde,N/A,W111740255,"(43.25465516232398, -2.943640524057168)",369.566,3.5000000000346887,6.00000000012885
Abando,N/A,N5056379164,"(43.2581887, -2.9459426)",598.538,6.500000000034682,7.0000000001090115
Abando,N/A,W96337695,"(43.25973970175266, -2.9371151663607047)",844.802,2.5000000000495533,15.500000000074337
