territory,building_type,osmid,coord,distance,rise,fall
Errekalde,amenity_school,W388280876,"(43.25316084419019, -2.9493565790141965)",208.66599999999997,7.0000000000148646,4.5
Errekalde,amenity_place_of_worship,N8894270302,"(43.2542534, -2.9466821)",534.6100000000001,7.000000000014872,27.500000000049567
Errekalde,amenity_community_centre,N4896680970,"(43.2536856, -2.9454718)",595.038,7.000000000019824,22.500000000014865
Basurtu-Zorrotza,amenity_place_of_worship,R11227990,"(43.25576330060649, -2.947366226912851)",762.325,8.000000000049567,29.50000000007435
Errekalde,railway_subway_entrance,N4541084182,"(43.2547373, -2.9438461)",803.9010000000001,7.000000000019824,34.50000000009912
Errekalde,building_train_station,W111740255,"(43.25465516232399, -2.943640524057168)",803.9010000000001,7.000000000019824,34.50000000009912
Basurtu-Zorrotza,amenity_library,N10313715009,"(43.2567015, -2.9490922)",909.2310000000002,13.000000000059472,29.500000000084256
Basurtu-Zorrotza,amenity_police,W408633232,"(43.2565796201018, -2.9493267089254327)",909.2310000000002,13.000000000059472,29.500000000084256
