territory,building_type,osmid,coord,distance,rise,fall
Deusto,N/A,N5056421870,"(43.2773644, -2.9587254)",250.65,5.5000000000000036,0.0
Deusto,N/A,W290069950,"(43.280414549918596, -2.9601837787502543)",609.426,9.500000000029706,9.00000000000495
Deusto,N/A,N10308519810,"(43.2812493, -2.9624445)",690.4730000000001,2.999999999990104,11.0
