territory,building_type,osmid,coord,distance,rise,fall
Errekalde,N/A,W111740255,"(43.25465516232398, -2.943640524057168)",336.93699999999995,7.000000000084256,10.00000000010408
Errekalde,N/A,N5056184623,"(43.2568371, -2.9396557)",768.0000000000001,11.500000000143729,10.00000000009912
Errekalde,N/A,N9607455457,"(43.252218, -2.9481901)",818.5120000000001,54.50000000016854,17.500000000084285
