territory,building_type,osmid,coord,distance,rise,fall
Uribarri,N/A,N5056356248,"(43.2663985, -2.918579)",309.79900000000004,1.4210854715202004e-14,19.99999999991084
Uribarri,N/A,N4508853267,"(43.2655628, -2.9205809)",488.347,1.4210854715202004e-14,48.50000000000993
Uribarri,N/A,N4060532227,"(43.2648784, -2.9149249)",496.244,8.000000000004988,29.000000000019853
