territory,building_type,osmid,coord,distance,rise,fall
Errekalde,amenity_school,W302863499,"(43.249161518689874, -2.9419338912957236)",228.412,1.0000000000396483,3.966249551012879e-11
Errekalde,amenity_school,W138709160,"(43.2507197898228, -2.945235337346584)",427.16200000000003,1.4210854715202004e-14,22.999999999940542
Errekalde,amenity_school,W151417160,"(43.24855327383859, -2.941124341036385)",563.978,25.000000000004952,20.499999999980183
Errekalde,amenity_school,W331883965,"(43.25126608491348, -2.9388108819696117)",599.137,9.500000000009905,33.00000000000496
Errekalde,railway_subway_entrance,N4541079485,"(43.2540911, -2.9419025)",709.644,4.4999999999851354,42.499999999960366
Errekalde,amenity_community_centre,N5702888919,"(43.2532538, -2.9385299)",755.348,8.000000000049575,38.99999999998019
