territory,building_type,osmid,coord,distance,rise,fall
Uribarri,N/A,W123440604,"(43.26872494896904, -2.9260301349397224)",300.812,30.50000000012877,28.500000000113918
Uribarri,N/A,N9607363904,"(43.2682033, -2.9265437)",311.135,26.500000000034664,29.5
Uribarri,N/A,N5056353256,"(43.2689626, -2.9250581)",349.43,36.50000000009905,28.500000000089145
