territory,building_type,osmid,coord,distance,rise,fall
Basurtu-Zorrotza,N/A,W402170994,"(43.25967701277512, -2.9532145370708145)",371.294,13.500000000009912,5.500000000009912
Basurtu-Zorrotza,N/A,W163195554,"(43.262640749370476, -2.9496477508797216)",441.57599999999996,6.000000000054513,9.000000000019838
Basurtu-Zorrotza,N/A,N9607467466,"(43.2589548, -2.9488089)",469.36600000000004,7.500000000039648,8.00000000000992
Basurtu-Zorrotza,N/A,W632988668,"(43.26125499964527, -2.950015396409132)",551.25,9.000000000019838,15.999999999990113
