territory,building_type,osmid,coord,distance,rise,fall
Uribarri,N/A,W48045715,"(43.26461925000001, -2.912653900000001)",532.015,17.500000000128807,108.00000000029227
Uribarri,N/A,N5056355015,"(43.2646852, -2.9126594)",532.015,17.500000000128807,108.00000000029227
