territory,building_type,osmid,coord,distance,rise,fall
Deusto,amenity_school,W185282136,"(43.27572418887909, -2.948857870940447)",551.645,13.00000000012875,44.500000000163425
Deusto,amenity_place_of_worship,N707156296,"(43.274857, -2.9480119)",605.2189999999999,13.00000000012875,49.500000000064404
Deusto,amenity_place_of_worship,W112164512,"(43.272432347664996, -2.945613879322651)",878.1760000000002,11.000000000034689,118.50000000010898
Deusto,tourism_hostel,N11975964770,"(43.2722749, -2.9467999)",1028.13,12.500000000034692,115.00000000008917
