territory,building_type,osmid,coord,distance,rise,fall
Errekalde,N/A,W301165234,"(43.24714070207488, -2.9509802354261194)",385.0379999999999,35.00000000000004,43.49999999990089
Errekalde,N/A,N9607455457,"(43.252218, -2.9481901)",443.46,19.500000000054584,77.49999999994552
