territory,building_type,osmid,coord,distance,rise,fall
Ibaiondo,N/A,N5056088727,"(43.2562779, -2.9264049)",92.763,0.0,1.499999999995044
Ibaiondo,N/A,W108497734,"(43.25874273518262, -2.9247747311690637)",387.168,0.4999999999554028,4.999999999930626
Ibaiondo,N/A,W404432093,"(43.25599232855877, -2.9282142750288136)",388.87,15.999999999990102,1.9999999999801865
Ibaiondo,N/A,W41525574,"(43.25771234249542, -2.9221397271902023)",608.7090000000001,2.499999999930626,2.999999999930626
Abando,N/A,W110895854,"(43.26092919682561, -2.9269453237882157)",632.088,14.000000000059472,7.500000000094154
Abando,N/A,W44113519,"(43.25993749738077, -2.9264652360563534)",689.1329999999999,12.500000000104063,12.000000000109019
Abando,N/A,W28776478,"(43.259963913422865, -2.9284384320288925)",794.7719999999999,16.5000000001338,7.50000000012389
Ibaiondo,N/A,W376396126,"(43.25272399169551, -2.925878746109151)",890.2989999999999,29.50000000001984,20.500000000049578
