territory,building_type,osmid,coord,distance,rise,fall
Basurtu-Zorrotza,N/A,W163195554,"(43.262640749370476, -2.9496477508797216)",309.57,3.000000000044608,9.500000000064432
Basurtu-Zorrotza,N/A,N9607467466,"(43.2589548, -2.9488089)",401.29,4.50000000002975,8.50000000005452
Basurtu-Zorrotza,N/A,W632988668,"(43.26125499964527, -2.950015396409132)",419.244,6.000000000009933,16.500000000034706
Basurtu-Zorrotza,N/A,W402170994,"(43.25967701277512, -2.9532145370708145)",543.02,14.500000000034703,10.000000000089202
