territory,building_type,osmid,coord,distance,rise,fall
Errekalde,N/A,W41415573,"(43.24640784978145, -2.937495477469789)",835.8219999999999,0.0,45.00000000009422
