territory,building_type,osmid,coord,distance,rise,fall
Errekalde,N/A,W111740255,"(43.25465516232398, -2.943640524057168)",381.5009999999999,1.9999999999801688,15.500000000024762
Errekalde,N/A,N9607455457,"(43.252218, -2.9481901)",417.93699999999995,42.5000000001735,16.000000000114014
