territory,building_type,osmid,coord,distance,rise,fall
Deusto,N/A,N4254043797,"(43.2711694, -2.94695)",253.31099999999998,5.00000000005943,0.5000000000346674
Deusto,N/A,N5056437799,"(43.2691029, -2.9449199)",308.564,1.9809931472991593e-11,12.500000000029715
Deusto,N/A,W185205688,"(43.26864835487923, -2.947859768119749)",531.409,5.00000000006934,18.500000000049532
