territory,building_type,osmid,coord,distance,rise,fall
Abando,N/A,N4762096882,"(43.2634, -2.9433546)",463.49800000000005,9.50000000006441,11.00000000001982
Basurtu-Zorrotza,N/A,W163195554,"(43.262640749370476, -2.9496477508797216)",500.0880000000001,16.500000000069384,10.000000000024798
Abando,N/A,N518227646,"(43.2661789, -2.9463066)",580.779,8.500000000143679,31.000000000123862
Abando,N/A,N4761972760,"(43.2642641, -2.9429738)",581.1410000000001,12.000000000024784,17.50000000000992
Basurtu-Zorrotza,N/A,N9607467466,"(43.2589548, -2.9488089)",674.6260000000001,20.50000000002479,11.49999999998515
Basurtu-Zorrotza,N/A,W632988668,"(43.26125499964527, -2.950015396409132)",889.833,23.500000000064436,21.000000000024798
