territory,building_type,osmid,coord,distance,rise,fall
Deusto,N/A,W185205681,"(43.27236008339459, -2.9507221366997642)",704.5160000000001,15.499999999990102,27.000000000009912
