territory,building_type,osmid,coord,distance,rise,fall
Abando,N/A,N4762096882,"(43.2634, -2.9433546)",157.25500000000002,0.0,4.500000000039634
Abando,N/A,N4761972760,"(43.2642641, -2.9429738)",279.432,7.500000000009905,16.000000000079265
Abando,N/A,W28211432,"(43.26554608054959, -2.93803822151696)",537.305,6.000000000039634,21.000000000089177
Abando,N/A,N518227646,"(43.2661789, -2.9463066)",611.4870000000001,2.6645352591003757e-15,25.50000000006441
