territory,building_type,osmid,coord,distance,rise,fall
Uribarri,N/A,N5056356248,"(43.2663985, -2.918579)",622.7360000000001,6.000000000024784,69.99999999997526
Uribarri,N/A,W123440625,"(43.27407575044531, -2.920164432463072)",1381.6900000000005,128.50000000019804,21.500000000064418
Uribarri,N/A,W162445376,"(43.273080655467716, -2.9178267306692467)",1444.6650000000004,132.50000000006443,21.500000000064475
