territory,building_type,osmid,coord,distance,rise,fall
Deusto,N/A,N5056421870,"(43.2773644, -2.9587254)",543.6390000000001,19.000000000039613,2.500000000044561
Deusto,N/A,N10308519810,"(43.2812493, -2.9624445)",643.274,5.500000000029704,2.500000000044554
Deusto,N/A,W290069950,"(43.280414549918596, -2.9601837787502543)",663.775,14.000000000079208,2.500000000059406
