territory,building_type,osmid,coord,distance,rise,fall
Ibaiondo,N/A,W376396126,"(43.25272399169551, -2.925878746109151)",984.4599999999999,4.000000000029765,50.00000000005454
