territory,building_type,osmid,coord,distance,rise,fall
Otxarkoaga-Txurdinaga,N/A,W235157481,"(43.25672274935615, -2.9070052667191253)",381.399,9.499999999995055,5.500000000004988
Otxarkoaga-Txurdinaga,N/A,N4060532216,"(43.2579448, -2.9067392)",485.93500000000006,16.000000000014893,5.500000000005002
