territory,building_type,osmid,coord,distance,rise,fall
Begona,N/A,N9607391207,"(43.2500267, -2.9080084)",605.3830000000002,19.50000000006446,12.000000000029772
