territory,building_type,osmid,coord,distance,rise,fall
Deusto,amenity_place_of_worship,N707156296,"(43.274857, -2.9480119)",232.127,15.000000000064361,0.0
Deusto,amenity_school,W185282136,"(43.27572418887909, -2.948857870940447)",285.701,19.99999999996534,0.0
Deusto,amenity_place_of_worship,W112164512,"(43.272432347664996, -2.945613879322651)",414.4190000000001,6.499999999990095,62.500000000064375
Deusto,tourism_hostel,N11975964770,"(43.2722749, -2.9467999)",564.373,7.999999999990099,59.000000000044565
Deusto,railway_subway_entrance,N4952944847,"(43.2718668, -2.9487299)",646.588,8.999999999990099,59.000000000044565
Deusto,railway_subway_entrance,N571805608,"(43.2718219, -2.9494558)",714.112,8.999999999990099,62.000000000044565
Deusto,shop_mall,W174293196,"(43.27145723476136, -2.9487516219122725)",730.646,8.999999999990099,63.49999999993562
Deusto,amenity_library,N10308512109,"(43.2723012, -2.9505157)",763.91,7.99999999996038,62.5000000000297
