territory,building_type,osmid,coord,distance,rise,fall
Basurtu-Zorrotza,amenity_place_of_worship,W301694701,"(43.25652086676977, -2.957615550547145)",201.127,3.500000000099149,1.4210854715202004e-14
Basurtu-Zorrotza,amenity_community_centre,W301694691,"(43.25639843254374, -2.9578756320078523)",209.28499999999997,24.00000000017843,1.4210854715202004e-14
Basurtu-Zorrotza,amenity_police,W61650845,"(43.25483560908443, -2.9622720539357044)",1098.9950000000001,102.50000000018335,18.000000000094147
Basurtu-Zorrotza,amenity_police,W404633890,"(43.254956017399024, -2.962172628386112)",1098.9950000000001,102.50000000018335,18.000000000094147
