territory,building_type,osmid,coord,distance,rise,fall
Uribarri,N/A,W48045715,"(43.26461925000001, -2.912653900000001)",479.611,17.500000000128807,83.00000000034184
Uribarri,N/A,N5056355015,"(43.2646852, -2.9126594)",479.611,17.500000000128807,83.00000000034184
Uribarri,N/A,N4060532227,"(43.2648784, -2.9149249)",713.231,24.500000000208082,109.00000000036167
