territory,building_type,osmid,coord,distance,rise,fall
Otxarkoaga-Txurdinaga,N/A,W164510985,"(43.257638496193636, -2.898318280368446)",176.42600000000002,10.499999999980204,8.99999999998019
Otxarkoaga-Txurdinaga,N/A,N4060532217,"(43.2581194, -2.8980592)",214.177,7.500000000039677,6.0000000000396625
Otxarkoaga-Txurdinaga,N/A,W164512079,"(43.25788389565486, -2.8988002094288414)",281.158,10.499999999980204,14.000000000059487
Otxarkoaga-Txurdinaga,N/A,N4060532220,"(43.2594633, -2.9000251)",531.0409999999999,32.50000000014376,14.000000000059515
