territory,building_type,osmid,coord,distance,rise,fall
Deusto,amenity_community_centre,W254514789,"(43.26956430038033, -2.96173829084464)",454.903,3.5000000000495253,5.000000000054477
Deusto,amenity_place_of_worship,N9652033547,"(43.2685894, -2.9604807)",635.4630000000001,5.50000000007429,6.500000000074289
Deusto,amenity_place_of_worship,W176664325,"(43.268567154157736, -2.9604612424344765)",635.4630000000001,5.50000000007429,6.500000000074289
Basurtu-Zorrotza,amenity_school,W251096855,"(43.27190400890658, -2.968858584144567)",5556.364,180.00000000054484,112.00000000055476
