territory,building_type,osmid,coord,distance,rise,fall
Begona,N/A,N5056328910,"(43.2541211, -2.9149326)",541.1119999999999,9.49999999999011,5.5000000000297575
Begona,N/A,N9607391207,"(43.2500267, -2.9080084)",567.8980000000001,13.000000000064475,28.500000000109083
Begona,N/A,W305622069,"(43.25019552887615, -2.9072914369528084)",991.715,18.000000000034696,41.000000000079304
