territory,building_type,osmid,coord,distance,rise,fall
Basurtu-Zorrotza,N/A,W163195554,"(43.262640749370476, -2.9496477508797216)",631.1229999999998,26.500000000014857,0.0
Basurtu-Zorrotza,N/A,W632988668,"(43.26125499964527, -2.950015396409132)",1008.3899999999998,33.50000000000495,10.999999999995044
