territory,building_type,osmid,coord,distance,rise,fall
Basurtu-Zorrotza,tourism_hostel,W297437909,"(43.26060438475347, -2.9631934865762424)",261.546,63.99999999997026,4.00000000000496
Basurtu-Zorrotza,amenity_place_of_worship,W297437908,"(43.262797302818186, -2.962656780084932)",315.989,33.99999999991084,9.499999999915815
Basurtu-Zorrotza,tourism_hostel,W52528082,"(43.26320722722957, -2.9613203976201534)",371.581,15.000000000004945,25.49999999998016
