territory,building_type,osmid,coord,distance,rise,fall
Begona,N/A,N5056328910,"(43.2541211, -2.9149326)",343.097,14.999999999925663,1.4210854715202004e-14
Ibaiondo,N/A,W420558992,"(43.256988569906525, -2.92040166742721)",392.93399999999997,0.0,29.000000000089216
Ibaiondo,N/A,W41525574,"(43.25771234249542, -2.9221397271902023)",580.8139999999999,0.0,42.50000000007931
Ibaiondo,N/A,W375390416,"(43.25296603590128, -2.923187807157419)",752.3270000000001,20.500000000118956,61.00000000018835
