territory,building_type,osmid,coord,distance,rise,fall
Ibaiondo,N/A,W41525574,"(43.25771234249542, -2.9221397271902023)",625.78,1.4210854715202004e-14,30.4999999999802
Begona,N/A,N5056328910,"(43.2541211, -2.9149326)",631.869,39.50000000009419,12.50000000006942
Ibaiondo,N/A,W420558992,"(43.256988569906525, -2.92040166742721)",643.302,0.5000000000346958,17.50000000002479
Ibaiondo,N/A,W485363913,"(43.25997684824978, -2.9220146785419328)",787.823,0.5000000000099263,30.999999999955428
