territory,building_type,osmid,coord,distance,rise,fall
Ibaiondo,amenity_school,W185282998,"(43.2405881821674, -2.921607513021208)",117.59200000000001,0.0,1.5000000000099156
Ibaiondo,building_train_station,W453719236,"(43.24045334541864, -2.924084942378229)",181.781,9.499999999995048,0.0
Ibaiondo,amenity_school,W185284035,"(43.244405788428594, -2.9251938625874043)",563.268,12.000000000019835,13.499999999999996
Begona,amenity_school,W41376548,"(43.24403972070166, -2.918266302456059)",1554.2350000000001,34.99999999986614,22.999999999895884
