territory,building_type,osmid,coord,distance,rise,fall
Errekalde,N/A,N5056183351,"(43.251483, -2.9359224)",243.966,16.000000000089216,7.435119186993688e-11
Ibaiondo,N/A,N11229801356,"(43.2538282, -2.9319814)",432.889,19.000000000143736,12.000000000019831
Errekalde,N/A,N5056184623,"(43.2568371, -2.9396557)",768.9319999999999,4.50000000004956,17.000000000004952
