territory,building_type,osmid,coord,distance,rise,fall
Basurtu-Zorrotza,N/A,W402170994,"(43.25967701277512, -2.9532145370708145)",741.8000000000001,8.49999999988107,73.5
