territory,building_type,osmid,coord,distance,rise,fall
Errekalde,N/A,N5056183351,"(43.251483, -2.9359224)",479.33,21.500000000109054,24.500000000138797
Ibaiondo,N/A,N11229801356,"(43.2538282, -2.9319814)",555.892,5.5000000001288925,17.500000000049596
Ibaiondo,N/A,W376396126,"(43.25272399169551, -2.925878746109151)",821.5039999999999,1.0000000000347242,44.50000000007438
