territory,building_type,osmid,coord,distance,rise,fall
Ibaiondo,N/A,N11229801356,"(43.2538282, -2.9319814)",254.828,3.5000000000396625,1.4210854715202004e-14
Ibaiondo,N/A,W404432093,"(43.25599232855877, -2.9282142750288136)",348.747,2.999999999990088,26.000000000029736
Ibaiondo,N/A,W376396126,"(43.25272399169551, -2.925878746109151)",415.39699999999993,0.0,28.000000000079304
Ibaiondo,N/A,N5056088727,"(43.2562779, -2.9264049)",524.885,7.105427357601002e-15,38.50000000004462
