territory,building_type,osmid,coord,distance,rise,fall
Otxarkoaga-Txurdinaga,N/A,N4060532217,"(43.2581194, -2.8980592)",120.424,2.842170943040401e-14,14.000000000094161
Otxarkoaga-Txurdinaga,N/A,W164510985,"(43.257638496193636, -2.898318280368446)",180.729,4.263256414560601e-14,14.000000000094175
Otxarkoaga-Txurdinaga,N/A,W164512079,"(43.25788389565486, -2.8988002094288414)",285.461,4.263256414560601e-14,19.000000000173472
Otxarkoaga-Txurdinaga,N/A,N4060532220,"(43.2594633, -2.9000251)",365.376,10.000000000054513,7.000000000064418
