territory,building_type,osmid,coord,distance,rise,fall
Abando,N/A,W108504682,"(43.26150873360247, -2.9323193974511943)",130.125,0.5000000000148646,1.4999999999999964
Abando,N/A,N3207631929,"(43.2618877, -2.9308223)",245.53300000000002,1.4999999999950475,1.4999999999999964
Abando,N/A,N1271964866,"(43.2645212, -2.9345677)",368.435,5.500000000118909,10.000000000113957
Abando,N/A,W44016098,"(43.261229928011566, -2.929048100639934)",408.679,5.500000000099099,3.000000000079279
Abando,N/A,W96337695,"(43.25973970175266, -2.9371151663607047)",426.609,3.000000000064407,8.000000000069363
Abando,N/A,W41688628,"(43.26399354682828, -2.9308926528671213)",447.50999999999993,7.00000000013376,7.500000000108987
Abando,N/A,W28776478,"(43.259963913422865, -2.9284384320288925)",480.09099999999995,5.500000000099099,7.500000000109008
