territory,building_type,osmid,coord,distance,rise,fall
Uribarri,N/A,W48045715,"(43.26461925000001, -2.912653900000001)",452.23900000000003,16.500000000044565,52.000000000178304
Uribarri,N/A,N5056355015,"(43.2646852, -2.9126594)",452.23900000000003,16.500000000044565,52.000000000178304
Uribarri,N/A,N4060532227,"(43.2648784, -2.9149249)",613.1169999999997,4.499999999975209,59.0000000000495
