territory,building_type,osmid,coord,distance,rise,fall
Abando,N/A,N5056379164,"(43.2581887, -2.9459426)",348.25999999999993,1.4999999999752305,10.0000000000446
Basurtu-Zorrotza,N/A,N9607467466,"(43.2589548, -2.9488089)",492.975,3.0000000000247837,14.000000000049553
Errekalde,N/A,W111740255,"(43.25465516232398, -2.943640524057168)",516.771,5.000000000044608,15.50000000013381
Errekalde,N/A,N9607455457,"(43.252218, -2.9481901)",729.8250000000002,35.00000000008427,5.500000000069392
