territory,building_type,osmid,coord,distance,rise,fall
Ibaiondo,N/A,W404432093,"(43.25599232855877, -2.9282142750288136)",202.18,2.000000000000014,4.500000000009919
Ibaiondo,N/A,N11229801356,"(43.2538282, -2.9319814)",449.88100000000003,28.00000000007435,4.00000000000496
Ibaiondo,N/A,N5056088727,"(43.2562779, -2.9264049)",456.699,1.0658141036401503e-14,18.000000000014875
Abando,N/A,W28776478,"(43.259963913422865, -2.9284384320288925)",659.1460000000001,0.49999999999008793,8.0
