territory,building_type,osmid,coord,distance,rise,fall
Basurtu-Zorrotza,N/A,W402170994,"(43.25967701277512, -2.9532145370708145)",488.22299999999996,13.499999999950461,9.5
Basurtu-Zorrotza,N/A,W163195554,"(43.262640749370476, -2.9496477508797216)",941.194,14.999999999975252,21.999999999990116
Basurtu-Zorrotza,N/A,W632988668,"(43.26125499964527, -2.950015396409132)",1050.868,17.999999999940577,28.99999999996039
