territory,building_type,osmid,coord,distance,rise,fall
Ibaiondo,N/A,W485363913,"(43.25997684824978, -2.9220146785419328)",302.7389999999999,7.500000000044594,2.0000000000842277
Uribarri,N/A,W248634544,"(43.26459250062579, -2.9231745754982787)",332.648,8.999999999985137,3.0000000000941345
Ibaiondo,N/A,W108497734,"(43.25874273518262, -2.9247747311690637)",439.99299999999994,7.500000000044595,6.000000000094138
Uribarri,N/A,N4508853267,"(43.2655628, -2.9205809)",566.8670000000001,24.999999999960366,3.0000000000941345
Abando,N/A,W110895854,"(43.26092919682561, -2.9269453237882157)",570.6509999999998,18.49999999998514,6.00000000009414
Ibaiondo,N/A,W41525574,"(43.25771234249542, -2.9221397271902023)",571.7779999999998,8.00000000007433,2.500000000148649
Abando,N/A,W44113519,"(43.25993749738077, -2.9264652360563534)",627.6959999999998,17.00000000002973,10.500000000109004
