territory,building_type,osmid,coord,distance,rise,fall
Abando,N/A,N4761972760,"(43.2642641, -2.9429738)",19.557000000000002,0.0,3.552713678800501e-15
Abando,N/A,N4762096882,"(43.2634, -2.9433546)",144.05700000000002,4.0000000000297256,3.552713678800501e-15
Abando,N/A,N518227646,"(43.2661789, -2.9463066)",334.022,2.6645352591003757e-15,16.999999999995048
Abando,N/A,W171882527,"(43.26787786483111, -2.940565564584242)",472.123,4.956923760346399e-12,20.499999999960377
Abando,N/A,W28211432,"(43.26554608054959, -2.93803822151696)",585.8090000000001,6.000000000039634,12.50000000001982
