territory,building_type,osmid,coord,distance,rise,fall
Abando,N/A,N4731925117,"(43.2661842, -2.9329433)",201.484,12.500000000069349,0.0
Abando,N/A,W28211432,"(43.26554608054959, -2.93803822151696)",407.983,18.000000000138705,19.000000000113936
Abando,N/A,N1271964866,"(43.2645212, -2.9345677)",461.783,11.500000000059437,1.000000000014854
Abando,N/A,W41688628,"(43.26399354682828, -2.9308926528671213)",680.6630000000001,20.500000000128818,6.000000000064414
