territory,building_type,osmid,coord,distance,rise,fall
Otxarkoaga-Txurdinaga,N/A,N4060532220,"(43.2594633, -2.9000251)",262.856,2.000000000009905,4.999999999925677
Otxarkoaga-Txurdinaga,N/A,W164512079,"(43.25788389565486, -2.8988002094288414)",407.19300000000004,1.4210854715202004e-14,25.00000000007931
Otxarkoaga-Txurdinaga,N/A,W164510985,"(43.257638496193636, -2.898318280368446)",511.92500000000007,5.000000000079311,25.00000000007931
Otxarkoaga-Txurdinaga,N/A,N4060532217,"(43.2581194, -2.8980592)",523.533,11.999999999990138,31.999999999990138
