territory,building_type,osmid,coord,distance,rise,fall
Uribarri,N/A,N4060532227,"(43.2648784, -2.9149249)",250.829,11.499999999975245,10.000000000059458
Uribarri,N/A,W48045715,"(43.26461925000001, -2.912653900000001)",451.985,30.4999999999158,10.000000000059458
Uribarri,N/A,N5056355015,"(43.2646852, -2.9126594)",451.985,30.4999999999158,10.000000000059458
Uribarri,N/A,N5056356248,"(43.2663985, -2.918579)",562.746,14.999999999980218,12.499999999960394
Uribarri,N/A,N4508853267,"(43.2655628, -2.9205809)",594.304,3.499999999965347,29.500000000044615
