territory,building_type,osmid,coord,distance,rise,fall
Uribarri,N/A,N4060532227,"(43.2648784, -2.9149249)",170.15500000000003,8.99999999999011,6.00000000007433
Uribarri,N/A,W48045715,"(43.26461925000001, -2.912653900000001)",371.311,27.999999999930665,6.00000000007433
Uribarri,N/A,N5056355015,"(43.2646852, -2.9126594)",371.311,27.999999999930665,6.00000000007433
Uribarri,N/A,N5056356248,"(43.2663985, -2.918579)",471.766,14.999999999980204,10.999999999960387
Uribarri,N/A,N4508853267,"(43.2655628, -2.9205809)",503.324,3.4999999999653326,28.000000000044608
