territory,building_type,osmid,coord,distance,rise,fall
Deusto,N/A,N5056421870,"(43.2773644, -2.9587254)",338.7180000000001,7.999999999995055,5.499999999980201
Deusto,N/A,W290069950,"(43.280414549918596, -2.9601837787502543)",407.9100000000001,6.500000000039604,8.999999999999998
Deusto,N/A,N10308519810,"(43.2812493, -2.9624445)",551.41,5.329070518200751e-15,10.999999999995051
