territory,building_type,osmid,coord,distance,rise,fall
Errekalde,amenity_school,W388280876,"(43.25316084419019, -2.9493565790141965)",0.0,0.0,0.0
Errekalde,amenity_place_of_worship,N8894270302,"(43.2542534, -2.9466821)",325.9440000000001,7.105427357601002e-15,23.000000000049567
Errekalde,amenity_community_centre,N4896680970,"(43.2536856, -2.9454718)",386.372,4.959588295605499e-12,18.000000000014865
Errekalde,amenity_school,W138709160,"(43.2507197898228, -2.945235337346584)",404.96500000000003,14.500000000069406,28.500000000054527
Basurtu-Zorrotza,amenity_place_of_worship,R11227990,"(43.25576330060649, -2.947366226912851)",553.659,1.000000000034703,25.00000000007435
Errekalde,railway_subway_entrance,N4541084182,"(43.2547373, -2.9438461)",595.2349999999999,4.959588295605499e-12,30.00000000009912
Errekalde,building_train_station,W111740255,"(43.25465516232399, -2.943640524057168)",595.2349999999999,4.959588295605499e-12,30.00000000009912
Basurtu-Zorrotza,amenity_library,N10313715009,"(43.2567015, -2.9490922)",700.5650000000002,6.000000000044608,25.000000000084256
Basurtu-Zorrotza,amenity_police,W408633232,"(43.2565796201018, -2.9493267089254327)",700.5650000000002,6.000000000044608,25.000000000084256
