territory,building_type,osmid,coord,distance,rise,fall
Deusto,amenity_school,W185206614,"(43.270374325567914, -2.9405683012120356)",656.8840000000001,1.4210854715202004e-14,50.499999999980204
Deusto,amenity_place_of_worship,N10585141905,"(43.2704473, -2.9376418)",858.0070000000001,2.500000000039636,43.49999999996535
Deusto,amenity_place_of_worship,N10585123305,"(43.2710612, -2.9375073)",988.822,18.999999999950493,43.499999999965354
Uribarri,amenity_school,W366043792,"(43.273305835815265, -2.933150779060532)",2608.963,176.9999999999901,92.49999999995052
