territory,building_type,osmid,coord,distance,rise,fall
Begona,N/A,N5056328910,"(43.2541211, -2.9149326)",847.779,51.00000000017843,20.00000000010904
Ibaiondo,N/A,W375390416,"(43.25296603590128, -2.923187807157419)",1364.2409999999998,56.500000000312276,81.00000000023792
