territory,building_type,osmid,coord,distance,rise,fall
Uribarri,N/A,W162445376,"(43.273080655467716, -2.9178267306692467)",498.165,11.999999999965354,4.500000000005002
