territory,building_type,osmid,coord,distance,rise,fall
Ibaiondo,amenity_police,W165645785,"(43.24968056605251, -2.9245496912078623)",1126.498,25.000000000118987,13.500000000069406
Ibaiondo,amenity_school,W185284035,"(43.244405788428594, -2.9251938625874043)",1241.9240000000004,18.00000000006449,65.00000000004961
