territory,building_type,osmid,coord,distance,rise,fall
Errekalde,amenity_school,W138709160,"(43.2507197898228, -2.945235337346584)",46.393,0.0,3.0000000000049596
Errekalde,amenity_community_centre,N4896680970,"(43.2536856, -2.9454718)",318.291,4.959588295605499e-12,7.000000000034703
Errekalde,amenity_school,W388280876,"(43.25316084419019, -2.9493565790141965)",358.572,25.500000000049567,14.500000000069406
Errekalde,amenity_place_of_worship,N8894270302,"(43.2542534, -2.9466821)",463.22600000000006,14.500000000004967,26.500000000074365
Errekalde,amenity_school,W302863499,"(43.249161518689874, -2.9419338912957236)",526.067,24.000000000034717,3.0000000000991633
Errekalde,railway_subway_entrance,N4541084182,"(43.2547373, -2.9438461)",527.154,4.959588295605499e-12,19.00000000011896
Errekalde,building_train_station,W111740255,"(43.25465516232399, -2.943640524057168)",527.154,4.959588295605499e-12,19.00000000011896
Errekalde,railway_subway_entrance,N4541079485,"(43.2540911, -2.9419025)",704.2579999999999,1.0000000000792966,19.00000000011896
Errekalde,amenity_school,W151417160,"(43.24855327383859, -2.941124341036385)",828.5399999999998,41.49999999994549,16.99999999998515
