territory,building_type,osmid,coord,distance,rise,fall
Deusto,amenity_place_of_worship,N707156296,"(43.274857, -2.9480119)",589.7429999999999,23.000000000163368,24.00000000007921
Deusto,amenity_place_of_worship,W112164512,"(43.272432347664996, -2.945613879322651)",841.2439999999999,25.000000000049525,97.000000000104
Deusto,tourism_hostel,N11975964770,"(43.2722749, -2.9467999)",1001.5229999999999,30.00000000006934,97.000000000104
,amenity_school,W366043794,"(43.279343628497756, -2.9411614017314194)",2140.042,112.00000000007434,65.50000000004466
