territory,building_type,osmid,coord,distance,rise,fall
Deusto,amenity_place_of_worship,N10585141905,"(43.2704473, -2.9376418)",1462.005,21.000000000089116,132.0000000000495
Deusto,amenity_place_of_worship,N10585123305,"(43.2710612, -2.9375073)",1592.8200000000002,37.49999999999997,132.0000000000495
Uribarri,amenity_school,W366043792,"(43.273305835815265, -2.933150779060532)",3199.2119999999995,149.99999999988614,135.49999999988125
