territory,building_type,osmid,coord,distance,rise,fall
Abando,N/A,W108504682,"(43.26150873360247, -2.9323193974511943)",0.0,0.0,0.0
Abando,N/A,N3207631929,"(43.2618877, -2.9308223)",115.408,0.999999999980183,0.0
Abando,N/A,W44016098,"(43.261229928011566, -2.929048100639934)",278.55400000000003,5.000000000084235,1.5000000000792824
Abando,N/A,W41688628,"(43.26399354682828, -2.9308926528671213)",328.139,3.5000000000445866,3.0000000000346816
Abando,N/A,W28776478,"(43.259963913422865, -2.9284384320288925)",349.966,5.000000000084235,6.0000000001090115
Abando,N/A,W96337695,"(43.25973970175266, -2.9371151663607047)",479.82700000000006,2.500000000054495,6.500000000074319
Abando,N/A,N1271964866,"(43.2645212, -2.9345677)",492.81,4.50000000004459,8.000000000054506
Abando,N/A,W110895854,"(43.26092919682561, -2.9269453237882157)",512.65,5.000000000113971,8.500000000183338
Abando,N/A,W44113519,"(43.25993749738077, -2.9264652360563534)",585.2360000000001,5.0000000001139675,14.500000000153609
