territory,building_type,osmid,coord,distance,rise,fall
Begona,N/A,N9607391207,"(43.2500267, -2.9080084)",364.22499999999997,16.500000000084277,15.500000000049589
Begona,N/A,W305622069,"(43.25019552887615, -2.9072914369528084)",716.5740000000001,14.000000000029736,20.499999999995048
