territory,building_type,osmid,coord,distance,rise,fall
Deusto,amenity_school,W133202039,"(43.27880270444211, -2.963662949818916)",495.0779999999999,13.000000000059414,15.000000000099027
Deusto,amenity_library,N600664788,"(43.2774399, -2.958159)",529.166,17.49999999991583,2.4999999999504876
Deusto,railway_subway_entrance,N5299547436,"(43.2744156, -2.958025)",537.85,25.499999999980197,3.0000000000049543
Deusto,tourism_museum,N11641427626,"(43.2783396, -2.9604649)",550.741,20.500000000044558,13.00000000006437
Deusto,amenity_school,W133202037,"(43.27953188152901, -2.964044809587376)",559.722,15.000000000064365,15.000000000099027
Deusto,building_train_station,W378437650,"(43.27456673055102, -2.9582315021641943)",594.9970000000001,25.499999999980204,6.00000000000991
Deusto,amenity_place_of_worship,W290069948,"(43.278611434588655, -2.959284696139327)",648.873,23.00000000006931,13.00000000006437
Deusto,railway_subway_entrance,N571803298,"(43.2799418, -2.9621471)",660.5889999999999,17.500000000099018,13.000000000113879
Deusto,railway_subway_entrance,N571803299,"(43.2800193, -2.9618836)",696.55,17.500000000099018,14.000000000123778
