territory,building_type,osmid,coord,distance,rise,fall
Begona,N/A,N5056328910,"(43.2541211, -2.9149326)",843.3890000000001,45.00000000015864,20.50000000020821
