territory,building_type,osmid,coord,distance,rise,fall
Uribarri,N/A,W162445376,"(43.273080655467716, -2.9178267306692467)",250.264,7.999999999935625,0.0
Uribarri,N/A,W123440625,"(43.27407575044531, -2.920164432463072)",501.58700000000005,9.500000000074294,5.500000000005002
