territory,building_type,osmid,coord,distance,rise,fall
Uribarri,N/A,W123440604,"(43.26872494896904, -2.9260301349397224)",105.25,3.9999999999603766,0.0
Uribarri,N/A,N9607363904,"(43.2682033, -2.9265437)",116.925,3.9999999999603766,4.99999999998019
Uribarri,N/A,N5056353256,"(43.2689626, -2.9250581)",328.01599999999996,15.499999999965329,5.500000000009905
