territory,building_type,osmid,coord,distance,rise,fall
Otxarkoaga-Txurdinaga,railway_subway_entrance,N4060532217,"(43.2581194, -2.8980592)",374.34799999999996,3.000000000054527,5.50000000014866
Otxarkoaga-Txurdinaga,amenity_police,N4142321404,"(43.257488, -2.8986357)",425.23499999999996,3.000000000054513,10.500000000227942
Otxarkoaga-Txurdinaga,amenity_community_centre,W164512079,"(43.25788389565486, -2.898800209428842)",425.23499999999996,3.000000000054513,10.500000000227942
Otxarkoaga-Txurdinaga,railway_subway_entrance,N4060532211,"(43.2586152, -2.899233)",573.659,16.50000000022797,10.500000000227942
Otxarkoaga-Txurdinaga,railway_subway_entrance,N4060532218,"(43.2586896, -2.8998266)",592.654,16.500000000227956,10.500000000227956
Otxarkoaga-Txurdinaga,railway_subway_entrance,N4060532220,"(43.2594633, -2.9000251)",675.1179999999999,25.000000000218066,10.50000000022797
Otxarkoaga-Txurdinaga,amenity_place_of_worship,W298482555,"(43.25976765777735, -2.9001967277689698)",744.4590000000001,25.00000000021805,10.50000000022797
Otxarkoaga-Txurdinaga,amenity_school,W412907935,"(43.25645432758394, -2.8990564410893485)",888.0339999999999,9.50000000007934,18.000000000153662
