territory,building_type,osmid,coord,distance,rise,fall
Ibaiondo,amenity_school,N4757644627,"(43.2481224, -2.9325122)",284.948,3.470290721452329e-11,3.5000000000396767
Ibaiondo,amenity_place_of_worship,N4757644648,"(43.2483414, -2.9337821)",284.948,3.470290721452329e-11,3.5000000000396767
Ibaiondo,amenity_school,W53764581,"(43.24903243466212, -2.9317237114605668)",396.058,1.4210854715202004e-14,16.99999999998515
Errekalde,amenity_school,W165462102,"(43.245592158361845, -2.9342422839261544)",553.206,22.000000000044622,14.000000000034703
Ibaiondo,amenity_school,W53668485,"(43.248961862530635, -2.930066135495643)",554.1800000000001,1.4210854715202004e-14,18.999999999990095
Ibaiondo,amenity_place_of_worship,N1048012605,"(43.2484729, -2.9338091)",554.208,7.499999999980176,15.999999999960352
Ibaiondo,building_train_station,W53663165,"(43.25037057733663, -2.9304763387603403)",683.538,1.9999999999454872,24.99999999990584
Ibaiondo,railway_subway_entrance,N4904749312,"(43.2502989, -2.9305713)",690.545,1.9999999999454872,24.99999999990584
