territory,building_type,osmid,coord,distance,rise,fall
Abando,N/A,W96337695,"(43.25973970175266, -2.9371151663607047)",326.06100000000004,1.500000000039634,4.5000000000297256
Abando,N/A,W108504682,"(43.26150873360247, -2.9323193974511943)",468.0040000000001,3.0000000000743263,2.0000000000445937
Errekalde,N/A,N5056184623,"(43.2568371, -2.9396557)",518.768,13.500000000104084,1.5000000000991207
