territory,building_type,osmid,coord,distance,rise,fall
Errekalde,N/A,N5056183351,"(43.251483, -2.9359224)",816.0720000000001,4.499999999995012,30.99999999999997
Errekalde,N/A,W41415573,"(43.24640784978145, -2.937495477469789)",1565.2690000000002,28.500000000009905,46.50000000005454
