territory,building_type,osmid,coord,distance,rise,fall
Uribarri,N/A,N5056356248,"(43.2663985, -2.918579)",282.61,6.0000000000247695,34.49999999991084
Uribarri,N/A,N4508853267,"(43.2655628, -2.9205809)",416.414,0.0,56.999999999985164
Uribarri,N/A,W162445376,"(43.273080655467716, -2.9178267306692467)",1506.6440000000005,155.50000000008427,9.000000000019895
