territory,building_type,osmid,coord,distance,rise,fall
Ibaiondo,building_train_station,W453719236,"(43.24045334541864, -2.924084942378229)",193.093,11.500000000000004,8.000000000019838
Ibaiondo,amenity_school,W185284035,"(43.244405788428594, -2.9251938625874043)",363.935,11.500000000029754,19.000000000024798
Ibaiondo,amenity_school,W185282998,"(43.2405881821674, -2.921607513021208)",368.53499999999997,6.4999999999999964,14.000000000024794
