territory,building_type,osmid,coord,distance,rise,fall
Otxarkoaga-Txurdinaga,N/A,N4060532216,"(43.2579448, -2.9067392)",121.072,9.00000000002477,9.50000000002477
Otxarkoaga-Txurdinaga,N/A,W235157481,"(43.25672274935615, -2.9070052667191253)",250.406,9.00000000002477,16.000000000044594
