territory,building_type,osmid,coord,distance,rise,fall
Basurtu-Zorrotza,N/A,N5056200430,"(43.2613693, -2.9628267)",278.10400000000004,52.49999999989103,9.499999999915815
Basurtu-Zorrotza,N/A,W163196945,"(43.26546103784467, -2.9606482549113027)",1277.2419999999995,48.00000000018333,109.50000000016848
