territory,building_type,osmid,coord,distance,rise,fall
Uribarri,N/A,N5056356248,"(43.2663985, -2.918579)",136.076,0.0,13.499999999980176
Uribarri,N/A,N4060532227,"(43.2648784, -2.9149249)",319.347,8.000000000004974,22.500000000089187
Uribarri,N/A,N4508853267,"(43.2655628, -2.9205809)",362.6,2.842170943040401e-14,42.0000000000793
Uribarri,N/A,W48045715,"(43.26461925000001, -2.912653900000001)",537.984,27.49999999996041,23.000000000104066
Uribarri,N/A,N5056355015,"(43.2646852, -2.9126594)",537.984,27.49999999996041,23.000000000104066
