territory,building_type,osmid,coord,distance,rise,fall
Abando,N/A,W96337695,"(43.25973970175266, -2.9371151663607047)",108.34,1.000000000009905,3.4999999999999964
Abando,N/A,W108504682,"(43.26150873360247, -2.9323193974511943)",371.487,3.0000000000743228,1.50000000004459
Abando,N/A,N3207631929,"(43.2618877, -2.9308223)",486.89500000000004,4.000000000054506,1.50000000004459
Errekalde,N/A,N5056184623,"(43.2568371, -2.9396557)",643.1999999999999,16.499999999980204,3.999999999975241
