territory,building_type,osmid,coord,distance,rise,fall
Basurtu-Zorrotza,amenity_place_of_worship,W300969657,"(43.27707124217174, -2.9740794720992434)",74.709,0.0,6.500000000039609
Basurtu-Zorrotza,building_public,W110382787,"(43.2776999, -2.9741186500000008)",170.58400000000003,8.881784197001252e-16,10.00000000004456
Basurtu-Zorrotza,amenity_community_centre,N3066705390,"(43.277338, -2.9746744)",252.96200000000002,8.881784197001252e-16,9.500000000009903
Basurtu-Zorrotza,amenity_library,N11229807742,"(43.2774341, -2.9749112)",252.96200000000002,8.881784197001252e-16,9.500000000009903
Basurtu-Zorrotza,building_public,W110382852,"(43.27811346878365, -2.974880436617395)",252.96200000000002,8.881784197001252e-16,9.500000000009903
Basurtu-Zorrotza,amenity_community_centre,N6983084986,"(43.2739283, -2.9746927)",291.40500000000003,3.999999999980197,6.500000000019808
Basurtu-Zorrotza,building_train_station,W771882864,"(43.27774409144363, -2.972288289329312)",297.082,1.000000000004952,9.000000000034658
Basurtu-Zorrotza,amenity_school,W251096861,"(43.27528361750021, -2.9705968204589417)",417.536,14.49999999996039,0.5000000000148539
Basurtu-Zorrotza,amenity_school,W138646173,"(43.273658206322374, -2.9724287872498514)",430.21500000000003,19.999999999980197,8.000000000004952
