territory,building_type,osmid,coord,distance,rise,fall
Ibaiondo,N/A,W485363913,"(43.25997684824978, -2.9220146785419328)",220.223,11.500000000054506,1.7763568394002505e-15
Ibaiondo,N/A,W108497734,"(43.25874273518262, -2.9247747311690637)",243.77599999999998,8.00000000001982,0.49999999997522515
Abando,N/A,W110895854,"(43.26092919682561, -2.9269453237882157)",261.53700000000003,18.499999999985135,0.0
Abando,N/A,W44113519,"(43.25993749738077, -2.9264652360563534)",318.58200000000005,17.00000000002973,4.5000000000148646
Ibaiondo,N/A,W41525574,"(43.25771234249542, -2.9221397271902023)",398.495,12.000000000039641,0.5000000000198224
Abando,N/A,W28776478,"(43.259963913422865, -2.9284384320288925)",424.221,21.00000000005946,2.973621349156019e-11
Abando,N/A,W44016098,"(43.261229928011566, -2.929048100639934)",512.137,25.500000000089198,2.9743318918917794e-11
Ibaiondo,N/A,W420558992,"(43.256988569906525, -2.92040166742721)",588.54,25.500000000029733,0.5000000000198224
Ibaiondo,N/A,N5056088727,"(43.2562779, -2.9264049)",672.519,13.500000000024777,3.0000000000000018
