territory,building_type,osmid,coord,distance,rise,fall
Uribarri,N/A,W48045715,"(43.26461925000001, -2.912653900000001)",274.256,15.500000000044594,31.50000000021798
Uribarri,N/A,N5056355015,"(43.2646852, -2.9126594)",274.256,15.500000000044594,31.50000000021798
Uribarri,N/A,N4060532227,"(43.2648784, -2.9149249)",464.36600000000004,3.4999999999752376,38.50000000008918
