territory,building_type,osmid,coord,distance,rise,fall
Begona,N/A,N9607391207,"(43.2500267, -2.9080084)",487.52600000000007,9.000000000059515,20.00000000007934
Begona,N/A,W305622069,"(43.25019552887615, -2.9072914369528084)",934.214,25.000000000123926,43.50000000014375
