territory,building_type,osmid,coord,distance,rise,fall
Abando,N/A,N1271964866,"(43.2645212, -2.9345677)",161.31799999999998,3.500000000034678,1.4999999999752305
Abando,N/A,N3207631929,"(43.2618877, -2.9308223)",349.533,8.000000000054502,1.500000000004956
Abando,N/A,W108504682,"(43.26150873360247, -2.9323193974511943)",405.995,10.500000000128814,5.000000000059451
Abando,N/A,W96337695,"(43.25973970175266, -2.9371151663607047)",417.10099999999994,7.000000000099082,5.500000000049543
Abando,N/A,W28211432,"(43.26554608054959, -2.93803822151696)",419.31699999999995,2.500000000054495,12.000000000014861
Abando,N/A,N4731925117,"(43.2661842, -2.9329433)",458.46000000000004,6.000000000113939,2.0000000000297256
Abando,N/A,W41688628,"(43.26399354682828, -2.9308926528671213)",505.0599999999999,16.000000000193207,10.000000000113939
