territory,building_type,osmid,coord,distance,rise,fall
Basurtu-Zorrotza,railway_subway_entrance,N4944875070,"(43.2600187, -2.9537148)",615.334,25.999999999990102,20.500000000009912
Basurtu-Zorrotza,tourism_hostel,W52528082,"(43.26320722722957, -2.9613203976201534)",768.2840000000001,59.500000000049546,18.000000000029708
Basurtu-Zorrotza,amenity_place_of_worship,W163196945,"(43.265461037844666, -2.9606482549113027)",789.397,50.50000000018827,60.00000000017837
Basurtu-Zorrotza,building_train_station,W163196919,"(43.26433534839249, -2.955077952360856)",809.782,23.500000000113964,51.50000000010405
Basurtu-Zorrotza,building_train_station,W163196944,"(43.26431167828029, -2.9553483053682954)",809.782,23.500000000113964,51.50000000010405
Basurtu-Zorrotza,tourism_hostel,W297437909,"(43.26060438475347, -2.9631934865762424)",848.055,121.5,9.500000000039641
Basurtu-Zorrotza,amenity_place_of_worship,W297437908,"(43.262797302818186, -2.962656780084932)",902.4979999999999,91.49999999994057,14.999999999950496
