territory,building_type,osmid,coord,distance,rise,fall
Basurtu-Zorrotza,N/A,W163196945,"(43.26546103784467, -2.9606482549113027)",89.593,24.50000000006935,9.000000000024768
