territory,building_type,osmid,coord,distance,rise,fall
Ibaiondo,N/A,W375390416,"(43.25296603590128, -2.923187807157419)",223.96499999999997,9.50000000001983,2.99999999998513
Ibaiondo,N/A,W376396126,"(43.25272399169551, -2.925878746109151)",980.1709999999998,33.00000000004958,19.00000000005454
