territory,building_type,osmid,coord,distance,rise,fall
Abando,N/A,N5056379164,"(43.2581887, -2.9459426)",233.45200000000003,1.000000000009912,4.000000000019824
Basurtu-Zorrotza,N/A,N9607467466,"(43.2589548, -2.9488089)",319.927,6.441780442401068e-11,5.500000000029729
Basurtu-Zorrotza,N/A,W402170994,"(43.25967701277512, -2.9532145370708145)",455.549,11.50000000009912,8.500000000094161
Basurtu-Zorrotza,N/A,W632988668,"(43.26125499964527, -2.950015396409132)",832.9889999999999,11.000000000074344,23.00000000003966
