territory,building_type,osmid,coord,distance,rise,fall
Begona,N/A,N5056328910,"(43.2541211, -2.9149326)",622.8399999999999,17.999999999995055,3.5000000000148788
