territory,building_type,osmid,coord,distance,rise,fall
Abando,N/A,W171882527,"(43.26787786483111, -2.940565564584242)",199.83100000000002,0.5000000000049534,2.4999999999653273
Abando,N/A,W28211432,"(43.26554608054959, -2.93803822151696)",245.66000000000003,14.000000000074305,2.000000000059446
Abando,N/A,N1271964866,"(43.2645212, -2.9345677)",529.76,23.500000000034674,4.440892098500626e-16
Abando,N/A,N4731925117,"(43.2661842, -2.9329433)",560.658,36.0000000001387,10.50000000007926
Abando,N/A,N4761972760,"(43.2642641, -2.9429738)",659.0200000000002,23.000000000014865,4.500000000019821
