territory,building_type,osmid,coord,distance,rise,fall
Abando,N/A,N4762096882,"(43.2634, -2.9433546)",326.708,3.000000000019817,5.000000000019821
Basurtu-Zorrotza,N/A,W163195554,"(43.262640749370476, -2.9496477508797216)",363.2980000000001,10.00000000002479,4.000000000024798
Abando,N/A,N518227646,"(43.2661789, -2.9463066)",443.989,2.0000000000990843,25.000000000123862
Abando,N/A,N4761972760,"(43.2642641, -2.9429738)",444.351,5.49999999998019,11.50000000000992
Basurtu-Zorrotza,N/A,N9607467466,"(43.2589548, -2.9488089)",537.836,13.999999999980197,5.49999999998515
Abando,N/A,N5056379164,"(43.2581887, -2.9459426)",548.695,14.000000000000014,3.0000000000495675
Basurtu-Zorrotza,N/A,W632988668,"(43.26125499964527, -2.950015396409132)",753.0430000000001,17.000000000019842,15.000000000024798
