territory,building_type,osmid,coord,distance,rise,fall
Ibaiondo,building_train_station,W453719236,"(43.24045334541864, -2.924084942378229)",69.566,7.0000000000000036,0.0
Ibaiondo,amenity_school,W185282998,"(43.2405881821674, -2.921607513021208)",136.077,0.0,4.00000000000496
Ibaiondo,amenity_school,W185284035,"(43.244405788428594, -2.9251938625874043)",550.308,14.500000000024798,18.500000000000004
