territory,building_type,osmid,coord,distance,rise,fall
Uribarri,amenity_school,W421480310,"(43.271711224908586, -2.914520389183935)",137.973,0.0,4.500000000004945
Uribarri,building_public,W162445376,"(43.273080655467695, -2.9178267306692462)",498.165,11.999999999965354,4.500000000005002
