territory,building_type,osmid,coord,distance,rise,fall
Abando,N/A,N3207631929,"(43.2618877, -2.9308223)",0.0,0.0,0.0
Abando,N/A,W108504682,"(43.26150873360247, -2.9323193974511943)",115.408,0.0,0.999999999980183
Abando,N/A,W41688628,"(43.26399354682828, -2.9308926528671213)",212.731,2.5000000000644036,3.0000000000346816
Abando,N/A,W44016098,"(43.261229928011566, -2.929048100639934)",318.514,3.000000000059458,0.5000000000346887
Abando,N/A,N1271964866,"(43.2645212, -2.9345677)",377.402,3.500000000064407,8.000000000054506
Abando,N/A,W28776478,"(43.259963913422865, -2.9284384320288925)",389.926,3.000000000059458,5.000000000064418
Abando,N/A,W110895854,"(43.26092919682561, -2.9269453237882157)",424.585,3.552713678800501e-15,4.500000000049553
Abando,N/A,N4731925117,"(43.2661842, -2.9329433)",646.075,6.500000000113943,9.000000000079275
