territory,building_type,osmid,coord,distance,rise,fall
Errekalde,N/A,W111740255,"(43.25465516232398, -2.943640524057168)",369.9719999999999,3.000000000019824,12.00000000009912
Abando,N/A,N5056379164,"(43.2581887, -2.9459426)",473.061,3.5000000000793037,10.500000000138769
Errekalde,N/A,N9607455457,"(43.252218, -2.9481901)",560.343,33.00000000005949,2.000000000034703
Basurtu-Zorrotza,N/A,N9607467466,"(43.2589548, -2.9488089)",677.702,6.000000000024784,15.500000000039648
