territory,building_type,osmid,coord,distance,rise,fall
Uribarri,N/A,N5056356248,"(43.2663985, -2.918579)",201.748,14.49999999998515,19.499999999900922
Uribarri,N/A,N4508853267,"(43.2655628, -2.9205809)",290.28999999999996,0.0,33.500000000014865
Uribarri,N/A,W248634544,"(43.26459250062579, -2.9231745754982787)",459.398,7.105427357601002e-15,49.499999999990095
Uribarri,N/A,N4060532227,"(43.2648784, -2.9149249)",581.4869999999999,18.999999999995083,25.000000000014893
Uribarri,N/A,N5056353256,"(43.2689626, -2.9250581)",612.632,26.50000000005449,67.00000000004952
