territory,building_type,osmid,coord,distance,rise,fall
Deusto,amenity_school,W185282136,"(43.27572418887909, -2.948857870940447)",1079.3149999999998,20.00000000012382,85.50000000019811
Deusto,amenity_place_of_worship,N707156296,"(43.274857, -2.9480119)",1132.889,20.00000000012382,90.50000000009909
