territory,building_type,osmid,coord,distance,rise,fall
Errekalde,N/A,W111740255,"(43.25465516232398, -2.943640524057168)",104.437,0.0,3.000000000019824
Abando,N/A,N5056379164,"(43.2581887, -2.9459426)",424.46799999999996,7.500000000054527,8.50000000005452
Errekalde,N/A,N9607455457,"(43.252218, -2.9481901)",657.837,37.000000000089216,4.959588295605499e-12
