territory,building_type,osmid,coord,distance,rise,fall
Errekalde,N/A,W301165234,"(43.24714070207488, -2.9509802354261194)",400.5759999999999,64.4999999999901,60.50000000004465
Errekalde,N/A,N9607455457,"(43.252218, -2.9481901)",412.356,19.500000000054527,65.00000000009916
