territory,building_type,osmid,coord,distance,rise,fall
Ibaiondo,N/A,W375390416,"(43.25296603590128, -2.923187807157419)",640.4000000000001,32.00000000015365,22.500000000133813
Ibaiondo,N/A,W376396126,"(43.25272399169551, -2.925878746109151)",1393.767,58.50000000016852,41.50000000018834
