territory,building_type,osmid,coord,distance,rise,fall
Errekalde,amenity_school,W138709160,"(43.2507197898228, -2.945235337346584)",372.685,4.000000000019853,12.999999999935582
Errekalde,amenity_community_centre,N4896680970,"(43.2536856, -2.9454718)",558.75,6.500000000049589,19.499999999990102
Errekalde,amenity_school,W302863499,"(43.249161518689874, -2.9419338912957236)",583.4649999999999,27.00000000003967,12.000000000014886
Errekalde,amenity_place_of_worship,N8894270302,"(43.2542534, -2.9466821)",718.3230000000001,9.000000000074365,27.000000000054534
Errekalde,railway_subway_entrance,N4541084182,"(43.2547373, -2.9438461)",761.4269999999998,6.000000000000014,31.000000000024784
Errekalde,building_train_station,W111740255,"(43.25465516232399, -2.943640524057168)",761.4269999999998,6.000000000000014,31.000000000024784
Errekalde,amenity_school,W151417160,"(43.24855327383859, -2.941124341036385)",822.7589999999999,41.000000000000014,22.499999999950447
Errekalde,amenity_school,W331883965,"(43.25126608491348, -2.9388108819696117)",857.9179999999999,25.500000000004967,34.99999999997522
Errekalde,railway_subway_entrance,N4541079485,"(43.2540911, -2.9419025)",938.5309999999998,7.000000000074351,31.000000000024784
