territory,building_type,osmid,coord,distance,rise,fall
Otxarkoaga-Txurdinaga,N/A,N4060532220,"(43.2594633, -2.9000251)",371.733,2.0000000000099476,14.9999999999158
Otxarkoaga-Txurdinaga,N/A,N4060532217,"(43.2581194, -2.8980592)",508.343,4.000000000024855,34.000000000014936
Otxarkoaga-Txurdinaga,N/A,W164512079,"(43.25788389565486, -2.8988002094288414)",525.9680000000001,5.684341886080802e-14,35.000000000069434
Otxarkoaga-Txurdinaga,N/A,W164510985,"(43.257638496193636, -2.898318280368446)",568.6480000000001,4.000000000024869,34.00000000001495
