territory,building_type,osmid,coord,distance,rise,fall
Deusto,amenity_community_centre,W254514789,"(43.26956430038033, -2.96173829084464)",514.402,4.000000000079239,5.000000000054477
Deusto,amenity_theatre,N3696895644,"(43.2673338, -2.9604465)",664.201,6.00000000009905,6.500000000074289
Deusto,amenity_place_of_worship,N9652033547,"(43.2685894, -2.9604807)",694.9619999999999,6.000000000104003,6.500000000074289
Deusto,amenity_place_of_worship,W176664325,"(43.268567154157736, -2.9604612424344765)",694.9619999999999,6.000000000104003,6.500000000074289
Deusto,amenity_arts_centre,W176679093,"(43.26780294167776, -2.960577805719317)",870.2619999999998,6.000000000113909,6.500000000084195
