territory,building_type,osmid,coord,distance,rise,fall
Deusto,amenity_school,W185282136,"(43.27572418887909, -2.948857870940447)",214.443,3.500000000049525,15.499999999970314
Deusto,amenity_place_of_worship,N707156296,"(43.274857, -2.9480119)",268.017,3.500000000049525,20.499999999871292
Deusto,amenity_library,N10575964741,"(43.2724615, -2.9507625)",690.4190000000001,3.4999999999703064,67.49999999985643
Deusto,amenity_police,W185205676,"(43.2730320456833, -2.9532225738516544)",725.8009999999999,1.4210854715202004e-14,73.99999999985644
Deusto,amenity_library,N10308512109,"(43.2723012, -2.9505157)",862.162,1.4210854715202004e-14,86.49999999995546
Deusto,amenity_school,N1759584097,"(43.2722245, -2.9510542)",882.0450000000002,3.467803821877169e-11,84.99999999998023
