territory,building_type,osmid,coord,distance,rise,fall
Uribarri,N/A,W48045715,"(43.26461925000001, -2.912653900000001)",302.32300000000004,12.500000000094133,20.500000000138712
Uribarri,N/A,N5056355015,"(43.2646852, -2.9126594)",302.32300000000004,12.500000000094133,20.500000000138712
Uribarri,N/A,N4060532227,"(43.2648784, -2.9149249)",390.35300000000007,11.000000000138733,38.00000000012387
Uribarri,N/A,N5056356248,"(43.2663985, -2.918579)",766.173,18.500000000133795,44.50000000001489
