territory,building_type,osmid,coord,distance,rise,fall
Errekalde,amenity_school,W138709160,"(43.2507197898228, -2.945235337346584)",134.525,3.000000000044608,3.0000000000049596
Errekalde,amenity_community_centre,N4896680970,"(43.2536856, -2.9454718)",230.159,4.959588295605499e-12,3.999999999990095
Errekalde,amenity_school,W388280876,"(43.25316084419019, -2.9493565790141965)",271.337,14.00000000002477,0.0
Errekalde,amenity_place_of_worship,N8894270302,"(43.2542534, -2.9466821)",375.99100000000004,2.9999999999801688,12.00000000000496
Errekalde,railway_subway_entrance,N4541084182,"(43.2547373, -2.9438461)",439.02199999999993,4.959588295605499e-12,16.00000000007435
Errekalde,building_train_station,W111740255,"(43.25465516232399, -2.943640524057168)",439.02199999999993,4.959588295605499e-12,16.00000000007435
Basurtu-Zorrotza,amenity_place_of_worship,R11227990,"(43.25576330060649, -2.947366226912851)",603.706,4.0000000000148646,14.000000000029743
Errekalde,railway_subway_entrance,N4541079485,"(43.2540911, -2.9419025)",616.1259999999999,1.0000000000792966,16.00000000007435
