territory,building_type,osmid,coord,distance,rise,fall
Uribarri,N/A,N5056356248,"(43.2663985, -2.918579)",622.7360000000001,6.000000000024784,69.99999999997526
Uribarri,N/A,N4508853267,"(43.2655628, -2.9205809)",756.5400000000001,1.4210854715202004e-14,92.50000000004958
Uribarri,N/A,N5056353256,"(43.2689626, -2.9250581)",774.9119999999999,4.500000000000014,104.00000000002977
Uribarri,N/A,W123440625,"(43.27407575044531, -2.920164432463072)",1381.6900000000005,128.50000000019804,21.500000000064418
Uribarri,N/A,W162445376,"(43.273080655467716, -2.9178267306692467)",1444.6650000000004,132.50000000006443,21.500000000064475
