territory,building_type,osmid,coord,distance,rise,fall
Basurtu-Zorrotza,amenity_school,W251096855,"(43.27190400890658, -2.968858584144567)",306.556,26.99999999999011,0.0
Basurtu-Zorrotza,amenity_school,W138646173,"(43.273658206322374, -2.9724287872498514)",354.802,1.9999999999653397,21.999999999970285
Basurtu-Zorrotza,amenity_school,W251096861,"(43.27528361750021, -2.9705968204589417)",594.2410000000001,11.999999999935635,29.99999999997029
Basurtu-Zorrotza,amenity_community_centre,N6983084986,"(43.2739283, -2.9746927)",668.989,5.999999999975245,40.49999999999504
