territory,building_type,osmid,coord,distance,rise,fall
Errekalde,amenity_school,W389713153,"(43.245199613671275, -2.9490884363509653)",649.16,21.000000000198327,22.000000000024798
Errekalde,amenity_school,W388280876,"(43.25316084419019, -2.9493565790141965)",649.441,10.999999999970278,46.999999999900886
Errekalde,amenity_school,W138709160,"(43.2507197898228, -2.945235337346584)",654.292,19.50000000017849,69.50000000009422
