territory,building_type,osmid,coord,distance,rise,fall
Errekalde,N/A,W111740255,"(43.25465516232398, -2.943640524057168)",514.3019999999999,12.000000000044615,21.500000000099128
Errekalde,N/A,N9607455457,"(43.252218, -2.9481901)",525.443,35.50000000003965,4.999999999990081
Abando,N/A,N5056379164,"(43.2581887, -2.9459426)",617.3910000000001,12.500000000104095,20.000000000138776
