territory,building_type,osmid,coord,distance,rise,fall
Errekalde,N/A,W111740255,"(43.25465516232398, -2.943640524057168)",519.031,11.500000000069384,28.000000000113992
Errekalde,N/A,N9607455457,"(43.252218, -2.9481901)",691.059,46.50000000014375,23.000000000084277
