territory,building_type,osmid,coord,distance,rise,fall
Uribarri,N/A,W48045715,"(43.26461925000001, -2.912653900000001)",283.54699999999997,14.500000000014893,44.00000000015855
Uribarri,N/A,N5056355015,"(43.2646852, -2.9126594)",283.54699999999997,14.500000000014893,44.00000000015855
Uribarri,N/A,N4060532227,"(43.2648784, -2.9149249)",517.1669999999999,21.50000000009417,70.00000000017837
