territory,building_type,osmid,coord,distance,rise,fall
Otxarkoaga-Txurdinaga,N/A,N4060532217,"(43.2581194, -2.8980592)",474.67299999999994,4.000000000004988,33.50000000001985
Otxarkoaga-Txurdinaga,N/A,W164510985,"(43.257638496193636, -2.898318280368446)",492.475,6.999999999871193,36.49999999988606
Otxarkoaga-Txurdinaga,N/A,W164512079,"(43.25788389565486, -2.8988002094288414)",597.207,6.999999999871193,41.499999999965354
Otxarkoaga-Txurdinaga,N/A,N4060532220,"(43.2594633, -2.9000251)",601.8159999999999,15.499999999960323,27.99999999989096
