territory,building_type,osmid,coord,distance,rise,fall
Errekalde,N/A,N5056184623,"(43.2568371, -2.9396557)",252.045,3.5000000000247837,0.0
Errekalde,N/A,W111740255,"(43.25465516232398, -2.943640524057168)",395.39,6.500000000089194,7.500000000128843
Abando,N/A,N5056379164,"(43.2581887, -2.9459426)",409.966,4.5000000000148574,3.5000000000346745
Abando,N/A,W96337695,"(43.25973970175266, -2.9371151663607047)",670.5149999999999,3.5000000000792824,15.000000000049553
