territory,building_type,osmid,coord,distance,rise,fall
Begona,amenity_school,W419249921,"(43.247898820477886, -2.9140790959457936)",36.833,0.0,0.5000000000842775
Begona,amenity_school,W302871940,"(43.24857120737572, -2.9140678663974113)",234.47199999999995,0.0,2.5000000001387974
Begona,tourism_hostel,R6809489,"(43.246643762497214, -2.90992181556658)",328.93600000000004,7.105427357601002e-15,7.5000000000743725
Begona,railway_subway_entrance,N506170042,"(43.2506056, -2.9114436)",393.292,18.000000000039677,2.0000000001239613
Begona,railway_subway_entrance,N506170049,"(43.2507365, -2.9105707)",507.8550000000001,21.00000000000003,5.000000000079353
Begona,amenity_school,W178937537,"(43.25131112995326, -2.9102872678264795)",526.566,21.00000000000003,2.0000000001239613
Begona,amenity_place_of_worship,W40111977,"(43.25102796813039, -2.916214065107912)",650.1959999999998,31.000000000074365,15.500000000183434
Begona,amenity_school,W40347954,"(43.25086874686762, -2.9168277398567413)",710.857,28.500000000118952,15.000000000178453
