territory,building_type,osmid,coord,distance,rise,fall
Deusto,railway_subway_entrance,N5299547436,"(43.2744156, -2.958025)",56.49399999999999,0.0,1.5000000000247624
Deusto,building_train_station,W378437650,"(43.27456673055102, -2.9582315021641943)",113.64099999999999,7.105427357601002e-15,4.5000000000297184
Deusto,amenity_place_of_worship,W41880844,"(43.27554714351943, -2.9561012625662673)",285.31,11.500000000014857,1.5000000000247624
Deusto,amenity_school,W46974419,"(43.275085230498796, -2.955713804783979)",391.31600000000003,14.499999999995048,1.5000000000247624
Deusto,amenity_police,W185205676,"(43.2730320456833, -2.9532225738516544)",456.208,12.500000000049518,3.5000000000792326
Deusto,amenity_theatre,N10315485009,"(43.2718672, -2.9532544)",509.98300000000006,6.000000000044565,7.000000000069328
Deusto,amenity_library,N600664788,"(43.2774399, -2.958159)",533.1940000000001,10.999999999985143,20.000000000019806
