territory,building_type,osmid,coord,distance,rise,fall
Abando,N/A,W171882527,"(43.26787786483111, -2.940565564584242)",218.027,1.0000000000396274,6.500000000000001
Abando,N/A,W28211432,"(43.26554608054959, -2.93803822151696)",236.28000000000003,10.500000000074307,2.000000000059446
Abando,N/A,N1271964866,"(43.2645212, -2.9345677)",527.817,20.000000000034674,0.0
Abando,N/A,N4761972760,"(43.2642641, -2.9429738)",534.4860000000001,14.999999999995051,7.105427357601002e-15
Abando,N/A,N4731925117,"(43.2661842, -2.9329433)",566.99,32.5000000001387,10.50000000007926
