territory,building_type,osmid,coord,distance,rise,fall
Uribarri,N/A,W48045715,"(43.26461925000001, -2.912653900000001)",402.88599999999997,8.999999999900908,53.49999999999007
Uribarri,N/A,N5056355015,"(43.2646852, -2.9126594)",402.88599999999997,8.999999999900908,53.49999999999007
Uribarri,N/A,N4060532227,"(43.2648784, -2.9149249)",636.3240000000001,15.999999999980197,79.50000000000992
