territory,building_type,osmid,coord,distance,rise,fall
Deusto,amenity_school,W185282136,"(43.27572418887909, -2.948857870940447)",325.70000000000005,8.500000000084157,19.000000000178233
Deusto,amenity_place_of_worship,N707156296,"(43.274857, -2.9480119)",379.27400000000006,8.500000000084157,24.00000000007921
Deusto,amenity_place_of_worship,W112164512,"(43.272432347664996, -2.945613879322651)",630.7750000000001,10.499999999970314,97.000000000104
Deusto,tourism_hostel,N11975964770,"(43.2722749, -2.9467999)",791.0540000000001,15.499999999990127,97.000000000104
