territory,building_type,osmid,coord,distance,rise,fall
Ibaiondo,N/A,N11229801356,"(43.2538282, -2.9319814)",570.7660000000001,8.500000000158643,16.500000000064468
Ibaiondo,N/A,W376396126,"(43.25272399169551, -2.925878746109151)",705.0619999999999,1.0000000000000213,40.5000000000248
Ibaiondo,N/A,W375390416,"(43.25296603590128, -2.923187807157419)",767.383,0.0,46.99999999998512
