territory,building_type,osmid,coord,distance,rise,fall
Otxarkoaga-Txurdinaga,amenity_community_centre,W386847400,"(43.26560640049439, -2.906940411091095)",744.788,21.500000000014893,67.50000000008424
Uribarri,amenity_school,W48052362,"(43.26640023315709, -2.9103926848917308)",1373.5120000000002,59.00000000017337,179.50000000037159
