territory,building_type,osmid,coord,distance,rise,fall
Otxarkoaga-Txurdinaga,amenity_school,W185282109,"(43.25366521738261, -2.906609666855828)",148.916,1.5000000000099334,1.4210854715202004e-14
Otxarkoaga-Txurdinaga,amenity_police,W622325546,"(43.25530218844108, -2.9063156895208095)",396.4909999999999,14.000000000044672,4.263256414560601e-14
Otxarkoaga-Txurdinaga,amenity_police,W622325547,"(43.255334209706184, -2.906310598872137)",396.4909999999999,14.000000000044672,4.263256414560601e-14
Otxarkoaga-Txurdinaga,amenity_school,W298580885,"(43.252145781885545, -2.9041002912407294)",412.701,19.500000000094154,7.500000000039634
Otxarkoaga-Txurdinaga,amenity_school,W185282107,"(43.25387952593527, -2.9081157892491385)",420.48900000000003,9.500000000039684,5.499999999990109
Otxarkoaga-Txurdinaga,amenity_police,W622325548,"(43.255404083652344, -2.906858896330697)",505.159,14.000000000044658,3.0000000000000284
Begona,railway_subway_entrance,N506170049,"(43.2507365, -2.9105707)",810.0580000000001,27.500000000019853,18.499999999975238
Begona,amenity_school,W178937537,"(43.25131112995326, -2.9102872678264795)",828.7690000000001,27.500000000019853,15.500000000019845
Begona,amenity_place_of_worship,W40401013,"(43.25326081015326, -2.910998703291393)",891.349,34.000000000074415,7.5000000000446505
