territory,building_type,osmid,coord,distance,rise,fall
Otxarkoaga-Txurdinaga,N/A,N4060532220,"(43.2594633, -2.9000251)",585.4460000000001,8.50000000004961,24.49999999992575
Otxarkoaga-Txurdinaga,N/A,N4060532216,"(43.2579448, -2.9067392)",621.879,8.999999999945487,50.999999999846395
Otxarkoaga-Txurdinaga,N/A,W164512079,"(43.25788389565486, -2.8988002094288414)",731.6730000000001,6.500000000039719,44.50000000007938
Otxarkoaga-Txurdinaga,N/A,N4060532217,"(43.2581194, -2.8980592)",912.7400000000001,11.50000000011903,44.500000000079396
