territory,building_type,osmid,coord,distance,rise,fall
Begona,N/A,N5056328910,"(43.2541211, -2.9149326)",573.1279999999999,23.50000000006446,5.5000000000297575
