territory,building_type,osmid,coord,distance,rise,fall
Errekalde,amenity_school,W388280876,"(43.25316084419019, -2.9493565790141965)",879.185,62.50000000009917,114.000000000005
Errekalde,amenity_place_of_worship,N8894270302,"(43.2542534, -2.9466821)",1059.8280000000002,54.500000000104144,129.00000000005952
Basurtu-Zorrotza,amenity_place_of_worship,R11227990,"(43.25576330060649, -2.947366226912851)",1287.5430000000001,55.50000000013884,131.0000000000843
Basurtu-Zorrotza,amenity_library,N10313715009,"(43.2567015, -2.9490922)",1396.6769999999997,36.50000000014869,107.00000000009416
Basurtu-Zorrotza,amenity_police,W408633232,"(43.2565796201018, -2.9493267089254327)",1396.6769999999997,36.50000000014869,107.00000000009416
