territory,building_type,osmid,coord,distance,rise,fall
Errekalde,N/A,N9607455457,"(43.252218, -2.9481901)",639.5279999999999,40.00000000010906,29.00000000004959
Errekalde,N/A,W111740255,"(43.25465516232398, -2.943640524057168)",711.5389999999999,11.500000000069392,40.500000000114
