territory,building_type,osmid,coord,distance,rise,fall
Abando,N/A,W41688628,"(43.26399354682828, -2.9308926528671213)",237.80599999999998,5.000000000079268,0.0
Abando,N/A,W110895854,"(43.26092919682561, -2.9269453237882157)",337.10600000000005,5.500000000109004,4.500000000109008
Abando,N/A,W44016098,"(43.261229928011566, -2.929048100639934)",374.53700000000003,8.000000000074326,1.0658141036401503e-14
Abando,N/A,N3207631929,"(43.2618877, -2.9308223)",397.686,5.50000000004955,3.552713678800501e-15
Abando,N/A,W28776478,"(43.259963913422865, -2.9284384320288925)",409.487,8.000000000183324,4.500000000138737
Abando,N/A,W44113519,"(43.25993749738077, -2.9264652360563534)",444.999,5.500000000109001,10.500000000079279
Abando,N/A,W108504682,"(43.26150873360247, -2.9323193974511943)",507.525,9.500000000153594,5.000000000084231
Uribarri,N/A,W248634544,"(43.26459250062579, -2.9231745754982787)",549.3679999999999,11.499999999980183,16.999999999980183
