territory,building_type,osmid,coord,distance,rise,fall
Abando,N/A,N5056379164,"(43.2581887, -2.9459426)",265.364,3.499999999960359,2.0000000000148646
Basurtu-Zorrotza,N/A,N9607467466,"(43.2589548, -2.9488089)",416.75,4.4999999999950475,5.5000000000049525
Abando,N/A,N4762096882,"(43.2634, -2.9433546)",462.12800000000004,0.5000000000198206,12.000000000024777
Basurtu-Zorrotza,N/A,W163195554,"(43.262640749370476, -2.9496477508797216)",554.5129999999999,9.500000000064396,13.000000000069356
Abando,N/A,N4761972760,"(43.2642641, -2.9429738)",586.628,0.5000000000198206,16.000000000054502
Basurtu-Zorrotza,N/A,W632988668,"(43.26125499964527, -2.950015396409132)",811.361,13.99999999997523,21.49999999998514
