territory,building_type,osmid,coord,distance,rise,fall
Begona,N/A,N9607391207,"(43.2500267, -2.9080084)",509.28200000000004,5.000000000054534,3.0000000000644462
Otxarkoaga-Txurdinaga,N/A,W235157481,"(43.25672274935615, -2.9070052667191253)",739.1639999999999,25.499999999975266,3.4999999999703135
Begona,N/A,W305622069,"(43.25019552887615, -2.9072914369528084)",931.502,7.999999999945494,13.499999999955406
