territory,building_type,osmid,coord,distance,rise,fall
Deusto,N/A,N5056421870,"(43.2773644, -2.9587254)",639.5809999999999,17.00000000000495,11.500000000029708
