territory,building_type,osmid,coord,distance,rise,fall
Otxarkoaga-Txurdinaga,N/A,N4060532217,"(43.2581194, -2.8980592)",71.176,0.0,17.000000000059458
Otxarkoaga-Txurdinaga,N/A,W164510985,"(43.257638496193636, -2.898318280368446)",147.511,1.4210854715202004e-14,17.000000000059472
Otxarkoaga-Txurdinaga,N/A,W164512079,"(43.25788389565486, -2.8988002094288414)",252.243,1.4210854715202004e-14,22.00000000013877
Otxarkoaga-Txurdinaga,N/A,N4060532220,"(43.2594633, -2.9000251)",502.12600000000003,22.000000000163567,22.000000000138797
