territory,building_type,osmid,coord,distance,rise,fall
Uribarri,N/A,W248634544,"(43.26459250062579, -2.9231745754982787)",273.217,3.552713678800501e-15,7.500000000049546
Uribarri,N/A,N9607363904,"(43.2682033, -2.9265437)",397.88300000000004,0.49999999995542055,9.999999999985143
Uribarri,N/A,N5056353256,"(43.2689626, -2.9250581)",421.117,11.000000000004952,9.500000000059437
Uribarri,N/A,N4508853267,"(43.2655628, -2.9205809)",458.231,15.99999999997523,7.500000000049543
Uribarri,N/A,W123440604,"(43.26872494896904, -2.9260301349397224)",459.48800000000006,5.499999999935611,9.999999999985143
Uribarri,N/A,N5056356248,"(43.2663985, -2.918579)",569.755,37.000000000024784,0.0
