territory,building_type,osmid,coord,distance,rise,fall
Uribarri,N/A,W123440604,"(43.26872494896904, -2.9260301349397224)",125.14000000000001,4.0000000000148574,0.0
Uribarri,N/A,N9607363904,"(43.2682033, -2.9265437)",140.502,0.0,0.9999999999653326
Uribarri,N/A,N5056353256,"(43.2689626, -2.9250581)",157.57399999999998,17.50000000005448,7.500000000044576
Uribarri,N/A,W248634544,"(43.26459250062579, -2.9231745754982787)",589.308,26.00000000005448,25.000000000039634
Uribarri,N/A,N4508853267,"(43.2655628, -2.9205809)",641.9069999999999,36.000000000039634,19.000000000049553
