date,hour_of_day,osmid,subarea,help_convined,help_independent,rank
2024-07-01,5,N4060532227,Uribarri,25,25,1
2024-07-01,5,N4060532217,Otxarkoaga-Txurdinaga,10,10,1
2024-07-01,5,W485363913,Ibaiondo,7,7,1
2024-07-01,5,N4508853267,Uribarri,4,4,2
2024-07-01,5,W28776478,Abando,3,3,1
2024-07-01,5,N4060532216,Otxarkoaga-Txurdinaga,2,2,2
2024-07-01,6,N4060532227,Uribarri,25,25,1
2024-07-01,6,N4060532217,Otxarkoaga-Txurdinaga,10,10,1
2024-07-01,6,W485363913,Ibaiondo,7,7,1
2024-07-01,6,N4508853267,Uribarri,4,4,2
2024-07-01,6,N5056379164,Abando,3,3,1
2024-07-01,6,N5301954699,Basurtu-Zorrotza,3,3,1
2024-07-01,6,W28776478,Abando,3,3,2
2024-07-01,6,W44113519,Abando,3,3,3
2024-07-01,6,N4060532216,Otxarkoaga-Txurdinaga,2,2,2
2024-07-01,7,N4060532227,Uribarri,25,25,1
2024-07-01,7,N4060532217,Otxarkoaga-Txurdinaga,10,10,1
2024-07-01,7,W485363913,Ibaiondo,7,7,1
2024-07-01,7,N4508853267,Uribarri,4,4,2
2024-07-01,7,N5056379164,Abando,3,3,1
2024-07-01,7,N5301954699,Basurtu-Zorrotza,3,3,1
2024-07-01,7,W28776478,Abando,3,3,2
2024-07-01,7,W44113519,Abando,3,3,3
2024-07-01,7,N4060532216,Otxarkoaga-Txurdinaga,2,2,2
2024-07-01,8,N4060532227,Uribarri,25,25,1
2024-07-01,8,N5056355015,Uribarri,15,15,2
2024-07-01,8,N4060532217,Otxarkoaga-Txurdinaga,10,10,1
2024-07-01,8,N5056356248,Uribarri,10,10,3
2024-07-01,8,W485363913,Ibaiondo,7,7,1
2024-07-01,8,W164510985,Otxarkoaga-Txurdinaga,4,8,2
2024-07-01,8,N4508853267,Uribarri,4,4,4
2024-07-01,8,N4254043797,Deusto,3,3,1
2024-07-01,8,N5056379164,Abando,3,3,1
2024-07-01,8,N5056437799,Deusto,3,3,2
2024-07-01,8,N5301954699,Basurtu-Zorrotza,3,3,1
2024-07-01,8,W28776478,Abando,3,3,2
2024-07-01,8,W44113519,Abando,3,3,3
2024-07-01,8,N4060532216,Otxarkoaga-Txurdinaga,2,2,3
2024-07-01,8,N5056184623,Errekalde,2,2,1
2024-07-01,8,W123440604,Uribarri,2,2,5
2024-07-01,8,W123440625,Uribarri,1,1,6
2024-07-01,9,W108497734,Ibaiondo,41,41,1
2024-07-01,9,N4060532227,Uribarri,25,25,1
2024-07-01,9,W110895854,Abando,19,19,1
2024-07-01,9,W48045715,Uribarri,15,15,2
2024-07-01,9,W108504682,Abando,14,14,2
2024-07-01,9,N9607467466,Basurtu-Zorrotza,11,11,1
2024-07-01,9,N4060532217,Otxarkoaga-Txurdinaga,10,10,1
2024-07-01,9,N5056356248,Uribarri,10,10,3
2024-07-01,9,W420558992,Ibaiondo,8,8,2
2024-07-01,9,N9607455457,Errekalde,7,7,1
2024-07-01,9,W485363913,Ibaiondo,7,7,3
2024-07-01,9,N4761972760,Abando,6,6,3
2024-07-01,9,W235157481,Otxarkoaga-Txurdinaga,6,6,2
2024-07-01,9,N5056328910,Begona,5,5,1
2024-07-01,9,N9607363904,Uribarri,5,5,4
2024-07-01,9,W96337695,Abando,5,5,4
2024-07-01,9,W164510985,Otxarkoaga-Txurdinaga,4,8,3
2024-07-01,9,N4508853267,Uribarri,4,4,5
2024-07-01,9,N9607391207,Begona,4,4,2
2024-07-01,9,N11229807742,Basurtu-Zorrotza,3,3,2
2024-07-01,9,N4254043797,Deusto,3,3,1
2024-07-01,9,N4731925117,Abando,3,3,5
2024-07-01,9,N5056379164,Abando,3,3,6
2024-07-01,9,N5056437799,Deusto,3,3,2
2024-07-01,9,N5301954699,Basurtu-Zorrotza,3,3,3
2024-07-01,9,W28776478,Abando,3,3,7
2024-07-01,9,W44113519,Abando,3,3,8
2024-07-01,9,N10308519810,Deusto,2,2,3
2024-07-01,9,N5056183351,Errekalde,2,2,2
2024-07-01,9,N5056184623,Errekalde,2,2,3
2024-07-01,9,W164512079,Otxarkoaga-Txurdinaga,2,2,4
2024-07-01,9,N4060532216,Otxarkoaga-Txurdinaga,1,2,5
2024-07-01,9,N5056088727,Ibaiondo,1,1,4
2024-07-01,9,W123440625,Uribarri,1,1,6
2024-07-01,10,W108497734,Ibaiondo,41,41,1
2024-07-01,10,N4060532227,Uribarri,25,25,1
2024-07-01,10,W110895854,Abando,19,19,1
2024-07-01,10,W48045715,Uribarri,15,15,2
2024-07-01,10,W108504682,Abando,14,14,2
2024-07-01,10,N9607467466,Basurtu-Zorrotza,11,11,1
2024-07-01,10,N4060532217,Otxarkoaga-Txurdinaga,10,10,1
2024-07-01,10,N5056356248,Uribarri,10,10,3
2024-07-01,10,W28211432,Abando,9,9,3
2024-07-01,10,W44016098,Abando,9,9,4
2024-07-01,10,W420558992,Ibaiondo,8,8,2
2024-07-01,10,N9607455457,Errekalde,7,7,1
2024-07-01,10,W404432093,Ibaiondo,7,7,3
2024-07-01,10,W485363913,Ibaiondo,7,7,4
2024-07-01,10,N4761972760,Abando,6,6,5
2024-07-01,10,W235157481,Otxarkoaga-Txurdinaga,6,6,2
2024-07-01,10,N5056328910,Begona,5,5,1
2024-07-01,10,N9607363904,Uribarri,5,5,4
2024-07-01,10,W96337695,Abando,5,5,6
2024-07-01,10,W164510985,Otxarkoaga-Txurdinaga,4,8,3
2024-07-01,10,W41525574,Ibaiondo,4,5,5
2024-07-01,10,N4508853267,Uribarri,4,4,5
2024-07-01,10,N9607391207,Begona,4,4,2
2024-07-01,10,N11229807742,Basurtu-Zorrotza,3,3,2
2024-07-01,10,N4254043797,Deusto,3,3,1
2024-07-01,10,N4731925117,Abando,3,3,7
2024-07-01,10,N5056379164,Abando,3,3,8
2024-07-01,10,N5056437799,Deusto,3,3,2
2024-07-01,10,N5301954699,Basurtu-Zorrotza,3,3,3
2024-07-01,10,W44113519,Abando,3,3,9
2024-07-01,10,N10308519810,Deusto,2,2,3
2024-07-01,10,N5056183351,Errekalde,2,2,2
2024-07-01,10,N5056184623,Errekalde,2,2,3
2024-07-01,10,W164512079,Otxarkoaga-Txurdinaga,2,2,4
2024-07-01,10,N4060532216,Otxarkoaga-Txurdinaga,1,2,5
2024-07-01,10,N5056088727,Ibaiondo,1,1,6
2024-07-01,10,W123440625,Uribarri,1,1,6
2024-07-01,11,W108497734,Ibaiondo,41,41,1
2024-07-01,11,N4060532227,Uribarri,25,25,1
2024-07-01,11,W110895854,Abando,19,19,1
2024-07-01,11,N5056355015,Uribarri,15,15,2
2024-07-01,11,W108504682,Abando,14,14,2
2024-07-01,11,N9607467466,Basurtu-Zorrotza,11,11,1
2024-07-01,11,N4060532217,Otxarkoaga-Txurdinaga,10,10,1
2024-07-01,11,N5056356248,Uribarri,10,10,3
2024-07-01,11,W163196945,Basurtu-Zorrotza,10,10,2
2024-07-01,11,N4762096882,Abando,9,9,3
2024-07-01,11,W28211432,Abando,9,9,4
2024-07-01,11,W44016098,Abando,9,9,5
2024-07-01,11,W420558992,Ibaiondo,8,8,2
2024-07-01,11,N9607455457,Errekalde,7,7,1
2024-07-01,11,W404432093,Ibaiondo,7,7,3
2024-07-01,11,W485363913,Ibaiondo,7,7,4
2024-07-01,11,N4761972760,Abando,6,6,6
2024-07-01,11,W235157481,Otxarkoaga-Txurdinaga,6,6,2
2024-07-01,11,N5056328910,Begona,5,5,1
2024-07-01,11,N9607363904,Uribarri,5,5,4
2024-07-01,11,W96337695,Abando,5,5,7
2024-07-01,11,W164510985,Otxarkoaga-Txurdinaga,4,8,3
2024-07-01,11,W41525574,Ibaiondo,4,5,5
2024-07-01,11,N4508853267,Uribarri,4,4,5
2024-07-01,11,N9607391207,Begona,4,4,2
2024-07-01,11,N11229807742,Basurtu-Zorrotza,3,3,3
2024-07-01,11,N4254043797,Deusto,3,3,1
2024-07-01,11,N4731925117,Abando,3,3,8
2024-07-01,11,N5056379164,Abando,3,3,9
2024-07-01,11,N5056437799,Deusto,3,3,2
2024-07-01,11,N5301954699,Basurtu-Zorrotza,3,3,4
2024-07-01,11,W44113519,Abando,3,3,10
2024-07-01,11,N10308519810,Deusto,2,2,3
2024-07-01,11,N5056183351,Errekalde,2,2,2
2024-07-01,11,N5056184623,Errekalde,2,2,3
2024-07-01,11,W164512079,Otxarkoaga-Txurdinaga,2,2,4
2024-07-01,11,N4060532216,Otxarkoaga-Txurdinaga,1,2,5
2024-07-01,11,N5056088727,Ibaiondo,1,1,6
2024-07-01,11,W123440625,Uribarri,1,1,6
2024-07-01,12,W108497734,Ibaiondo,41,41,1
2024-07-01,12,N4060532227,Uribarri,25,25,1
2024-07-01,12,W110895854,Abando,19,19,1
2024-07-01,12,N5056355015,Uribarri,15,15,2
2024-07-01,12,W108504682,Abando,14,14,2
2024-07-01,12,N9607467466,Basurtu-Zorrotza,11,11,1
2024-07-01,12,N4060532217,Otxarkoaga-Txurdinaga,10,10,1
2024-07-01,12,N5056356248,Uribarri,10,10,3
2024-07-01,12,W163196945,Basurtu-Zorrotza,10,10,2
2024-07-01,12,N4762096882,Abando,9,9,3
2024-07-01,12,W28211432,Abando,9,9,4
2024-07-01,12,W44016098,Abando,9,9,5
2024-07-01,12,W420558992,Ibaiondo,8,8,2
2024-07-01,12,N9607455457,Errekalde,7,7,1
2024-07-01,12,W404432093,Ibaiondo,7,7,3
2024-07-01,12,W485363913,Ibaiondo,7,7,4
2024-07-01,12,N4761972760,Abando,6,6,6
2024-07-01,12,W235157481,Otxarkoaga-Txurdinaga,6,6,2
2024-07-01,12,N5056328910,Begona,5,5,1
2024-07-01,12,N9607363904,Uribarri,5,5,4
2024-07-01,12,W96337695,Abando,5,5,7
2024-07-01,12,W164510985,Otxarkoaga-Txurdinaga,4,8,3
2024-07-01,12,W41525574,Ibaiondo,4,5,5
2024-07-01,12,N4508853267,Uribarri,4,4,5
2024-07-01,12,N9607391207,Begona,4,4,2
2024-07-01,12,N11229807742,Basurtu-Zorrotza,3,3,3
2024-07-01,12,N4254043797,Deusto,3,3,1
2024-07-01,12,N4731925117,Abando,3,3,8
2024-07-01,12,N5056379164,Abando,3,3,9
2024-07-01,12,N5056437799,Deusto,3,3,2
2024-07-01,12,N5301954699,Basurtu-Zorrotza,3,3,4
2024-07-01,12,W44113519,Abando,3,3,10
2024-07-01,12,N10308519810,Deusto,2,2,3
2024-07-01,12,N5056183351,Errekalde,2,2,2
2024-07-01,12,N5056184623,Errekalde,2,2,3
2024-07-01,12,W164512079,Otxarkoaga-Txurdinaga,2,2,4
2024-07-01,12,N4060532216,Otxarkoaga-Txurdinaga,1,2,5
2024-07-01,12,N5056088727,Ibaiondo,1,1,6
2024-07-01,12,W123440625,Uribarri,1,1,6
2024-07-01,13,W108497734,Ibaiondo,41,41,1
2024-07-01,13,N4060532227,Uribarri,25,25,1
2024-07-01,13,W110895854,Abando,19,19,1
2024-07-01,13,N5056355015,Uribarri,15,15,2
2024-07-01,13,W108504682,Abando,14,14,2
2024-07-01,13,N9607467466,Basurtu-Zorrotza,11,11,1
2024-07-01,13,N4060532217,Otxarkoaga-Txurdinaga,10,10,1
2024-07-01,13,N5056356248,Uribarri,10,10,3
2024-07-01,13,W163196945,Basurtu-Zorrotza,10,10,2
2024-07-01,13,N4762096882,Abando,9,9,3
2024-07-01,13,W28211432,Abando,9,9,4
2024-07-01,13,W44016098,Abando,9,9,5
2024-07-01,13,W420558992,Ibaiondo,8,8,2
2024-07-01,13,N9607455457,Errekalde,7,7,1
2024-07-01,13,W404432093,Ibaiondo,7,7,3
2024-07-01,13,W485363913,Ibaiondo,7,7,4
2024-07-01,13,N4761972760,Abando,6,6,6
2024-07-01,13,W235157481,Otxarkoaga-Txurdinaga,6,6,2
2024-07-01,13,N5056328910,Begona,5,5,1
2024-07-01,13,N9607363904,Uribarri,5,5,4
2024-07-01,13,W96337695,Abando,5,5,7
2024-07-01,13,W164510985,Otxarkoaga-Txurdinaga,4,8,3
2024-07-01,13,N4508853267,Uribarri,4,4,5
2024-07-01,13,N9607391207,Begona,4,4,2
2024-07-01,13,N11229807742,Basurtu-Zorrotza,3,3,3
2024-07-01,13,N4254043797,Deusto,3,3,1
2024-07-01,13,N4731925117,Abando,3,3,8
2024-07-01,13,N5056379164,Abando,3,3,9
2024-07-01,13,N5056437799,Deusto,3,3,2
2024-07-01,13,N5301954699,Basurtu-Zorrotza,3,3,4
2024-07-01,13,W44113519,Abando,3,3,10
2024-07-01,13,N10308519810,Deusto,2,2,3
2024-07-01,13,N5056183351,Errekalde,2,2,2
2024-07-01,13,N5056184623,Errekalde,2,2,3
2024-07-01,13,W164512079,Otxarkoaga-Txurdinaga,2,2,4
2024-07-01,13,N4060532216,Otxarkoaga-Txurdinaga,1,2,5
2024-07-01,13,N5056088727,Ibaiondo,1,1,5
2024-07-01,13,W123440625,Uribarri,1,1,6
2024-07-01,14,W108497734,Ibaiondo,41,41,1
2024-07-01,14,N4060532227,Uribarri,25,25,1
2024-07-01,14,W110895854,Abando,19,19,1
2024-07-01,14,N5056355015,Uribarri,15,15,2
2024-07-01,14,W108504682,Abando,14,14,2
2024-07-01,14,N4060532217,Otxarkoaga-Txurdinaga,10,10,1
2024-07-01,14,N5056356248,Uribarri,10,10,3
2024-07-01,14,N4762096882,Abando,9,9,3
2024-07-01,14,W28211432,Abando,9,9,4
2024-07-01,14,W44016098,Abando,9,9,5
2024-07-01,14,W404432093,Ibaiondo,7,7,2
2024-07-01,14,W485363913,Ibaiondo,7,7,3
2024-07-01,14,N4761972760,Abando,6,6,6
2024-07-01,14,W96337695,Abando,5,5,7
2024-07-01,14,W164510985,Otxarkoaga-Txurdinaga,4,8,2
2024-07-01,14,N4508853267,Uribarri,4,4,4
2024-07-01,14,N9607391207,Begona,4,4,1
2024-07-01,14,N4254043797,Deusto,3,3,1
2024-07-01,14,N5056379164,Abando,3,3,8
2024-07-01,14,N5056437799,Deusto,3,3,2
2024-07-01,14,N5301954699,Basurtu-Zorrotza,3,3,1
2024-07-01,14,W44113519,Abando,3,3,9
2024-07-01,14,N4060532216,Otxarkoaga-Txurdinaga,2,2,3
2024-07-01,14,N5056184623,Errekalde,2,2,1
2024-07-01,14,W123440604,Uribarri,2,2,5
2024-07-01,14,W123440625,Uribarri,1,1,6
2024-07-01,15,W108497734,Ibaiondo,41,41,1
2024-07-01,15,N4060532227,Uribarri,25,25,1
2024-07-01,15,W110895854,Abando,19,19,1
2024-07-01,15,W108504682,Abando,14,14,2
2024-07-01,15,N4060532217,Otxarkoaga-Txurdinaga,10,10,1
2024-07-01,15,W28211432,Abando,9,9,3
2024-07-01,15,W44016098,Abando,9,9,4
2024-07-01,15,W404432093,Ibaiondo,7,7,2
2024-07-01,15,W485363913,Ibaiondo,7,7,3
2024-07-01,15,W96337695,Abando,5,5,5
2024-07-01,15,N4508853267,Uribarri,4,4,2
2024-07-01,15,N9607391207,Begona,4,4,1
2024-07-01,15,N5056379164,Abando,3,3,6
2024-07-01,15,N5301954699,Basurtu-Zorrotza,3,3,1
2024-07-01,15,W44113519,Abando,3,3,7
2024-07-01,15,N4060532216,Otxarkoaga-Txurdinaga,2,2,2
2024-07-01,15,W123440604,Uribarri,2,2,3
2024-07-01,15,W123440625,Uribarri,1,1,4
2024-07-01,16,W108497734,Ibaiondo,41,41,1
2024-07-01,16,N4060532227,Uribarri,25,25,1
2024-07-01,16,W110895854,Abando,19,19,1
2024-07-01,16,W108504682,Abando,14,14,2
2024-07-01,16,N4060532217,Otxarkoaga-Txurdinaga,10,10,1
2024-07-01,16,W28211432,Abando,9,9,3
2024-07-01,16,W44016098,Abando,9,9,4
2024-07-01,16,W404432093,Ibaiondo,7,7,2
2024-07-01,16,W485363913,Ibaiondo,7,7,3
2024-07-01,16,N5056200430,Basurtu-Zorrotza,6,6,1
2024-07-01,16,W301165234,Errekalde,6,6,1
2024-07-01,16,W96337695,Abando,5,5,5
2024-07-01,16,N4508853267,Uribarri,4,4,2
2024-07-01,16,N9607391207,Begona,4,4,1
2024-07-01,16,N5056379164,Abando,3,3,6
2024-07-01,16,N5301954699,Basurtu-Zorrotza,3,3,2
2024-07-01,16,W44113519,Abando,3,3,7
2024-07-01,16,N4060532216,Otxarkoaga-Txurdinaga,2,2,2
2024-07-01,16,W123440604,Uribarri,2,2,3
2024-07-01,16,W123440625,Uribarri,1,1,4
2024-07-01,17,W108497734,Ibaiondo,41,41,1
2024-07-01,17,N4060532227,Uribarri,25,25,1
2024-07-01,17,W110895854,Abando,19,19,1
2024-07-01,17,W108504682,Abando,14,14,2
2024-07-01,17,N4060532217,Otxarkoaga-Txurdinaga,10,10,1
2024-07-01,17,W28211432,Abando,9,9,3
2024-07-01,17,W44016098,Abando,9,9,4
2024-07-01,17,W404432093,Ibaiondo,7,7,2
2024-07-01,17,W485363913,Ibaiondo,7,7,3
2024-07-01,17,N5056200430,Basurtu-Zorrotza,6,6,1
2024-07-01,17,W301165234,Errekalde,6,6,1
2024-07-01,17,W96337695,Abando,5,5,5
2024-07-01,17,N4508853267,Uribarri,4,4,2
2024-07-01,17,N9607391207,Begona,4,4,1
2024-07-01,17,N5056379164,Abando,3,3,6
2024-07-01,17,N5301954699,Basurtu-Zorrotza,3,3,2
2024-07-01,17,W44113519,Abando,3,3,7
2024-07-01,17,N4060532216,Otxarkoaga-Txurdinaga,2,2,2
2024-07-01,17,W123440604,Uribarri,2,2,3
2024-07-01,17,N5056421870,Deusto,1,1,1
2024-07-01,17,W123440625,Uribarri,1,1,4
2024-07-01,18,W108497734,Ibaiondo,41,41,1
2024-07-01,18,N4060532227,Uribarri,25,25,1
2024-07-01,18,W108504682,Abando,14,14,1
2024-07-01,18,N4060532217,Otxarkoaga-Txurdinaga,10,10,1
2024-07-01,18,W163196945,Basurtu-Zorrotza,10,10,1
2024-07-01,18,N4762096882,Abando,9,9,2
2024-07-01,18,W28211432,Abando,9,9,3
2024-07-01,18,W44016098,Abando,9,9,4
2024-07-01,18,W404432093,Ibaiondo,7,7,2
2024-07-01,18,W485363913,Ibaiondo,7,7,3
2024-07-01,18,N5056200430,Basurtu-Zorrotza,6,6,2
2024-07-01,18,W301165234,Errekalde,6,6,1
2024-07-01,18,W41525574,Ibaiondo,5,5,4
2024-07-01,18,W96337695,Abando,5,5,5
2024-07-01,18,N4508853267,Uribarri,4,4,2
2024-07-01,18,N9607391207,Begona,4,4,1
2024-07-01,18,N5056379164,Abando,3,3,6
2024-07-01,18,N5301954699,Basurtu-Zorrotza,3,3,3
2024-07-01,18,W44113519,Abando,3,3,7
2024-07-01,18,N4060532216,Otxarkoaga-Txurdinaga,2,2,2
2024-07-01,18,W123440604,Uribarri,2,2,3
2024-07-01,18,N5056421870,Deusto,1,1,1
2024-07-01,18,W123440625,Uribarri,1,1,4
2024-07-01,19,W108497734,Ibaiondo,41,41,1
2024-07-01,19,N4060532227,Uribarri,25,25,1
2024-07-01,19,W108504682,Abando,14,14,1
2024-07-01,19,N4060532217,Otxarkoaga-Txurdinaga,10,10,1
2024-07-01,19,W163196945,Basurtu-Zorrotza,10,10,1
2024-07-01,19,N4762096882,Abando,9,9,2
2024-07-01,19,W28211432,Abando,9,9,3
2024-07-01,19,W44016098,Abando,9,9,4
2024-07-01,19,W404432093,Ibaiondo,7,7,2
2024-07-01,19,W485363913,Ibaiondo,7,7,3
2024-07-01,19,N5056200430,Basurtu-Zorrotza,6,6,2
2024-07-01,19,W301165234,Errekalde,6,6,1
2024-07-01,19,W41525574,Ibaiondo,5,5,4
2024-07-01,19,W96337695,Abando,5,5,5
2024-07-01,19,N4508853267,Uribarri,4,4,2
2024-07-01,19,N9607391207,Begona,4,4,1
2024-07-01,19,N5056379164,Abando,3,3,6
2024-07-01,19,N5301954699,Basurtu-Zorrotza,3,3,3
2024-07-01,19,W44113519,Abando,3,3,7
2024-07-01,19,N4060532216,Otxarkoaga-Txurdinaga,2,2,2
2024-07-01,19,W123440604,Uribarri,2,2,3
2024-07-01,19,N5056421870,Deusto,1,1,1
2024-07-01,19,W123440625,Uribarri,1,1,4
2024-07-01,20,N4060532227,Uribarri,25,25,1
2024-07-01,20,N4060532217,Otxarkoaga-Txurdinaga,10,10,1
2024-07-01,20,N4762096882,Abando,9,9,1
2024-07-01,20,W28211432,Abando,9,9,2
2024-07-01,20,W44016098,Abando,9,9,3
2024-07-01,20,W404432093,Ibaiondo,7,7,1
2024-07-01,20,W485363913,Ibaiondo,7,7,2
2024-07-01,20,N5056200430,Basurtu-Zorrotza,6,6,1
2024-07-01,20,W301165234,Errekalde,6,6,1
2024-07-01,20,W96337695,Abando,5,5,4
2024-07-01,20,N4508853267,Uribarri,4,4,2
2024-07-01,20,N5056379164,Abando,3,3,5
2024-07-01,20,N5301954699,Basurtu-Zorrotza,3,3,2
2024-07-01,20,W44113519,Abando,3,3,6
2024-07-01,20,N4060532216,Otxarkoaga-Txurdinaga,2,2,2
2024-07-01,20,W123440604,Uribarri,2,2,3
2024-07-01,20,N5056421870,Deusto,1,1,1
2024-07-01,20,W123440625,Uribarri,1,1,4
2024-07-01,21,N4060532227,Uribarri,25,25,1
2024-07-01,21,N4060532217,Otxarkoaga-Txurdinaga,10,10,1
2024-07-01,21,W44016098,Abando,9,9,1
2024-07-01,21,W485363913,Ibaiondo,7,7,1
2024-07-01,21,N5056200430,Basurtu-Zorrotza,6,6,1
2024-07-01,21,W96337695,Abando,5,5,2
2024-07-01,21,N4508853267,Uribarri,4,4,2
2024-07-01,21,N5056379164,Abando,3,3,3
2024-07-01,21,N5301954699,Basurtu-Zorrotza,3,3,2
2024-07-01,21,W44113519,Abando,3,3,4
2024-07-01,21,N4060532216,Otxarkoaga-Txurdinaga,2,2,2
2024-07-01,21,W123440604,Uribarri,2,2,3
2024-07-01,21,N5056421870,Deusto,1,1,1
2024-07-01,21,W123440625,Uribarri,1,1,4
2024-07-01,22,N4060532227,Uribarri,25,25,1
2024-07-01,22,N4060532217,Otxarkoaga-Txurdinaga,10,10,1
2024-07-01,22,W485363913,Ibaiondo,7,7,1
2024-07-01,22,N4508853267,Uribarri,4,4,2
2024-07-01,22,N5056379164,Abando,3,3,1
2024-07-01,22,N5301954699,Basurtu-Zorrotza,3,3,1
2024-07-01,22,W28776478,Abando,3,3,2
2024-07-01,22,W44113519,Abando,3,3,3
2024-07-01,22,N4060532216,Otxarkoaga-Txurdinaga,2,2,2
2024-07-01,22,W123440604,Uribarri,2,2,3
2024-07-01,22,W123440625,Uribarri,1,1,4
2024-07-01,23,N4060532227,Uribarri,25,25,1
2024-07-01,23,N4060532217,Otxarkoaga-Txurdinaga,10,10,1
2024-07-01,23,W485363913,Ibaiondo,7,7,1
2024-07-01,23,N4508853267,Uribarri,4,4,2
2024-07-01,23,N5056379164,Abando,3,3,1
2024-07-01,23,N5301954699,Basurtu-Zorrotza,3,3,1
2024-07-01,23,W28776478,Abando,3,3,2
2024-07-01,23,W44113519,Abando,3,3,3
2024-07-01,23,N4060532216,Otxarkoaga-Txurdinaga,2,2,2
2024-07-02,5,N4060532227,Uribarri,25,25,1
2024-07-02,5,N4060532217,Otxarkoaga-Txurdinaga,10,10,1
2024-07-02,5,W485363913,Ibaiondo,7,7,1
2024-07-02,5,N4508853267,Uribarri,4,4,2
2024-07-02,5,W28776478,Abando,3,3,1
2024-07-02,5,N4060532216,Otxarkoaga-Txurdinaga,2,2,2
2024-07-02,6,N4060532227,Uribarri,25,25,1
2024-07-02,6,N4060532217,Otxarkoaga-Txurdinaga,10,10,1
2024-07-02,6,W485363913,Ibaiondo,7,7,1
2024-07-02,6,N4508853267,Uribarri,4,4,2
2024-07-02,6,N5056379164,Abando,3,3,1
2024-07-02,6,N5301954699,Basurtu-Zorrotza,3,3,1
2024-07-02,6,W28776478,Abando,3,3,2
2024-07-02,6,W44113519,Abando,3,3,3
2024-07-02,6,N4060532216,Otxarkoaga-Txurdinaga,2,2,2
2024-07-02,7,N4060532227,Uribarri,25,25,1
2024-07-02,7,N4060532217,Otxarkoaga-Txurdinaga,10,10,1
2024-07-02,7,W485363913,Ibaiondo,7,7,1
2024-07-02,7,N4508853267,Uribarri,4,4,2
2024-07-02,7,N5056379164,Abando,3,3,1
2024-07-02,7,N5301954699,Basurtu-Zorrotza,3,3,1
2024-07-02,7,W28776478,Abando,3,3,2
2024-07-02,7,W44113519,Abando,3,3,3
2024-07-02,7,N4060532216,Otxarkoaga-Txurdinaga,2,2,2
2024-07-02,8,N4060532227,Uribarri,25,25,1
2024-07-02,8,N5056355015,Uribarri,15,15,2
2024-07-02,8,N4060532217,Otxarkoaga-Txurdinaga,10,10,1
2024-07-02,8,N5056356248,Uribarri,10,10,3
2024-07-02,8,W485363913,Ibaiondo,7,7,1
2024-07-02,8,W164510985,Otxarkoaga-Txurdinaga,4,8,2
2024-07-02,8,N4508853267,Uribarri,4,4,4
2024-07-02,8,N4254043797,Deusto,3,3,1
2024-07-02,8,N5056379164,Abando,3,3,1
2024-07-02,8,N5056437799,Deusto,3,3,2
2024-07-02,8,N5301954699,Basurtu-Zorrotza,3,3,1
2024-07-02,8,W28776478,Abando,3,3,2
2024-07-02,8,W44113519,Abando,3,3,3
2024-07-02,8,N4060532216,Otxarkoaga-Txurdinaga,2,2,3
2024-07-02,8,N5056184623,Errekalde,2,2,1
2024-07-02,8,W123440604,Uribarri,2,2,5
2024-07-02,8,W41688628,Abando,2,2,4
2024-07-02,8,W123440625,Uribarri,1,1,6
2024-07-02,9,W108497734,Ibaiondo,41,41,1
2024-07-02,9,N4060532227,Uribarri,25,25,1
2024-07-02,9,W110895854,Abando,19,19,1
2024-07-02,9,N5056355015,Uribarri,15,15,2
2024-07-02,9,W108504682,Abando,14,14,2
2024-07-02,9,N9607467466,Basurtu-Zorrotza,11,11,1
2024-07-02,9,N4060532217,Otxarkoaga-Txurdinaga,10,10,1
2024-07-02,9,N5056356248,Uribarri,10,10,3
2024-07-02,9,W420558992,Ibaiondo,8,8,2
2024-07-02,9,N9607455457,Errekalde,7,7,1
2024-07-02,9,W485363913,Ibaiondo,7,7,3
2024-07-02,9,N4761972760,Abando,6,6,3
2024-07-02,9,W235157481,Otxarkoaga-Txurdinaga,6,6,2
2024-07-02,9,N5056328910,Begona,5,5,1
2024-07-02,9,N9607363904,Uribarri,5,5,4
2024-07-02,9,W96337695,Abando,5,5,4
2024-07-02,9,W164510985,Otxarkoaga-Txurdinaga,4,8,3
2024-07-02,9,N4508853267,Uribarri,4,4,5
2024-07-02,9,N9607391207,Begona,4,4,2
2024-07-02,9,W375390416,Ibaiondo,4,4,4
2024-07-02,9,N11229807742,Basurtu-Zorrotza,3,3,2
2024-07-02,9,N4254043797,Deusto,3,3,1
2024-07-02,9,N4731925117,Abando,3,3,5
2024-07-02,9,N5056379164,Abando,3,3,6
2024-07-02,9,N5056437799,Deusto,3,3,2
2024-07-02,9,N5301954699,Basurtu-Zorrotza,3,3,3
2024-07-02,9,W28776478,Abando,3,3,7
2024-07-02,9,W44113519,Abando,3,3,8
2024-07-02,9,N10308519810,Deusto,2,2,3
2024-07-02,9,N5056183351,Errekalde,2,2,2
2024-07-02,9,N5056184623,Errekalde,2,2,3
2024-07-02,9,W164512079,Otxarkoaga-Txurdinaga,2,2,4
2024-07-02,9,W41688628,Abando,2,2,9
2024-07-02,9,N4060532216,Otxarkoaga-Txurdinaga,1,2,5
2024-07-02,9,N5056088727,Ibaiondo,1,1,5
2024-07-02,9,W123440625,Uribarri,1,1,6
2024-07-02,10,W108497734,Ibaiondo,41,41,1
2024-07-02,10,N4060532227,Uribarri,25,25,1
2024-07-02,10,W110895854,Abando,19,19,1
2024-07-02,10,N5056355015,Uribarri,15,15,2
2024-07-02,10,W108504682,Abando,14,14,2
2024-07-02,10,N9607467466,Basurtu-Zorrotza,11,11,1
2024-07-02,10,N4060532217,Otxarkoaga-Txurdinaga,10,10,1
2024-07-02,10,N5056356248,Uribarri,10,10,3
2024-07-02,10,W44016098,Abando,9,9,3
2024-07-02,10,W420558992,Ibaiondo,8,8,2
2024-07-02,10,N9607455457,Errekalde,7,7,1
2024-07-02,10,W485363913,Ibaiondo,7,7,3
2024-07-02,10,N4761972760,Abando,6,6,4
2024-07-02,10,W235157481,Otxarkoaga-Txurdinaga,6,6,2
2024-07-02,10,N1271964866,Abando,5,5,5
2024-07-02,10,N5056328910,Begona,5,5,1
2024-07-02,10,N9607363904,Uribarri,5,5,4
2024-07-02,10,W96337695,Abando,5,5,6
2024-07-02,10,W164510985,Otxarkoaga-Txurdinaga,4,8,3
2024-07-02,10,W41525574,Ibaiondo,4,5,4
2024-07-02,10,N4508853267,Uribarri,4,4,5
2024-07-02,10,N9607391207,Begona,4,4,2
2024-07-02,10,W375390416,Ibaiondo,4,4,5
2024-07-02,10,N11229807742,Basurtu-Zorrotza,3,3,2
2024-07-02,10,N4254043797,Deusto,3,3,1
2024-07-02,10,N4731925117,Abando,3,3,7
2024-07-02,10,N5056379164,Abando,3,3,8
2024-07-02,10,N5056437799,Deusto,3,3,2
2024-07-02,10,N5301954699,Basurtu-Zorrotza,3,3,3
2024-07-02,10,W44113519,Abando,3,3,9
2024-07-02,10,N10308519810,Deusto,2,2,3
2024-07-02,10,N5056183351,Errekalde,2,2,2
2024-07-02,10,N5056184623,Errekalde,2,2,3
2024-07-02,10,W164512079,Otxarkoaga-Txurdinaga,2,2,4
2024-07-02,10,W41688628,Abando,2,2,10
2024-07-02,10,N4060532216,Otxarkoaga-Txurdinaga,1,2,5
2024-07-02,10,N5056088727,Ibaiondo,1,1,6
2024-07-02,10,W123440625,Uribarri,1,1,6
2024-07-02,11,W108497734,Ibaiondo,41,41,1
2024-07-02,11,N4060532227,Uribarri,25,25,1
2024-07-02,11,N3207631929,Abando,19,19,1
2024-07-02,11,W110895854,Abando,19,19,2
2024-07-02,11,N5056355015,Uribarri,15,15,2
2024-07-02,11,W108504682,Abando,13,14,3
2024-07-02,11,N9607467466,Basurtu-Zorrotza,11,11,1
2024-07-02,11,N4060532217,Otxarkoaga-Txurdinaga,10,10,1
2024-07-02,11,N5056356248,Uribarri,10,10,3
2024-07-02,11,W163196945,Basurtu-Zorrotza,10,10,2
2024-07-02,11,N4762096882,Abando,9,9,4
2024-07-02,11,W44016098,Abando,9,9,5
2024-07-02,11,W420558992,Ibaiondo,8,8,2
2024-07-02,11,N9607455457,Errekalde,7,7,1
2024-07-02,11,W485363913,Ibaiondo,7,7,3
2024-07-02,11,N4761972760,Abando,6,6,6
2024-07-02,11,W235157481,Otxarkoaga-Txurdinaga,6,6,2
2024-07-02,11,N1271964866,Abando,5,5,7
2024-07-02,11,N5056328910,Begona,5,5,1
2024-07-02,11,N518227646,Abando,5,5,8
2024-07-02,11,N9607363904,Uribarri,5,5,4
2024-07-02,11,W96337695,Abando,5,5,9
2024-07-02,11,W164510985,Otxarkoaga-Txurdinaga,4,8,3
2024-07-02,11,W41525574,Ibaiondo,4,5,4
2024-07-02,11,N4508853267,Uribarri,4,4,5
2024-07-02,11,N9607391207,Begona,4,4,2
2024-07-02,11,W375390416,Ibaiondo,4,4,5
2024-07-02,11,N11229807742,Basurtu-Zorrotza,3,3,3
2024-07-02,11,N4254043797,Deusto,3,3,1
2024-07-02,11,N4731925117,Abando,3,3,10
2024-07-02,11,N5056379164,Abando,3,3,11
2024-07-02,11,N5056437799,Deusto,3,3,2
2024-07-02,11,N5301954699,Basurtu-Zorrotza,3,3,4
2024-07-02,11,W44113519,Abando,3,3,12
2024-07-02,11,N10308519810,Deusto,2,2,3
2024-07-02,11,N5056183351,Errekalde,2,2,2
2024-07-02,11,N5056184623,Errekalde,2,2,3
2024-07-02,11,W164512079,Otxarkoaga-Txurdinaga,2,2,4
2024-07-02,11,W41688628,Abando,2,2,13
2024-07-02,11,N4060532216,Otxarkoaga-Txurdinaga,1,2,5
2024-07-02,11,N5056088727,Ibaiondo,1,1,6
2024-07-02,11,W123440625,Uribarri,1,1,6
2024-07-02,12,W108497734,Ibaiondo,41,41,1
2024-07-02,12,N4060532227,Uribarri,25,25,1
2024-07-02,12,N3207631929,Abando,19,19,1
2024-07-02,12,W110895854,Abando,19,19,2
2024-07-02,12,N5056355015,Uribarri,15,15,2
2024-07-02,12,W108504682,Abando,13,14,3
2024-07-02,12,N9607467466,Basurtu-Zorrotza,11,11,1
2024-07-02,12,N4060532217,Otxarkoaga-Txurdinaga,10,10,1
2024-07-02,12,N5056356248,Uribarri,10,10,3
2024-07-02,12,W163196945,Basurtu-Zorrotza,10,10,2
2024-07-02,12,N4762096882,Abando,9,9,4
2024-07-02,12,W44016098,Abando,9,9,5
2024-07-02,12,W420558992,Ibaiondo,8,8,2
2024-07-02,12,N9607455457,Errekalde,7,7,1
2024-07-02,12,W485363913,Ibaiondo,7,7,3
2024-07-02,12,N4761972760,Abando,6,6,6
2024-07-02,12,W235157481,Otxarkoaga-Txurdinaga,6,6,2
2024-07-02,12,N1271964866,Abando,5,5,7
2024-07-02,12,N5056328910,Begona,5,5,1
2024-07-02,12,N518227646,Abando,5,5,8
2024-07-02,12,N9607363904,Uribarri,5,5,4
2024-07-02,12,W96337695,Abando,5,5,9
2024-07-02,12,W164510985,Otxarkoaga-Txurdinaga,4,8,3
2024-07-02,12,W41525574,Ibaiondo,4,5,4
2024-07-02,12,N4508853267,Uribarri,4,4,5
2024-07-02,12,N9607391207,Begona,4,4,2
2024-07-02,12,W375390416,Ibaiondo,4,4,5
2024-07-02,12,N11229807742,Basurtu-Zorrotza,3,3,3
2024-07-02,12,N4254043797,Deusto,3,3,1
2024-07-02,12,N4731925117,Abando,3,3,10
2024-07-02,12,N5056379164,Abando,3,3,11
2024-07-02,12,N5056437799,Deusto,3,3,2
2024-07-02,12,N5301954699,Basurtu-Zorrotza,3,3,4
2024-07-02,12,W44113519,Abando,3,3,12
2024-07-02,12,N10308519810,Deusto,2,2,3
2024-07-02,12,N5056183351,Errekalde,2,2,2
2024-07-02,12,N5056184623,Errekalde,2,2,3
2024-07-02,12,W164512079,Otxarkoaga-Txurdinaga,2,2,4
2024-07-02,12,W41688628,Abando,2,2,13
2024-07-02,12,N4060532216,Otxarkoaga-Txurdinaga,1,2,5
2024-07-02,12,N5056088727,Ibaiondo,1,1,6
2024-07-02,12,W123440625,Uribarri,1,1,6
2024-07-02,13,W108497734,Ibaiondo,41,41,1
2024-07-02,13,N4060532227,Uribarri,25,25,1
2024-07-02,13,N3207631929,Abando,19,19,1
2024-07-02,13,W110895854,Abando,19,19,2
2024-07-02,13,W48045715,Uribarri,15,15,2
2024-07-02,13,W108504682,Abando,13,14,3
2024-07-02,13,N9607467466,Basurtu-Zorrotza,11,11,1
2024-07-02,13,N4060532217,Otxarkoaga-Txurdinaga,10,10,1
2024-07-02,13,N5056356248,Uribarri,10,10,3
2024-07-02,13,W163196945,Basurtu-Zorrotza,10,10,2
2024-07-02,13,N4762096882,Abando,9,9,4
2024-07-02,13,W44016098,Abando,9,9,5
2024-07-02,13,W420558992,Ibaiondo,8,8,2
2024-07-02,13,N9607455457,Errekalde,7,7,1
2024-07-02,13,W485363913,Ibaiondo,7,7,3
2024-07-02,13,N4761972760,Abando,6,6,6
2024-07-02,13,W235157481,Otxarkoaga-Txurdinaga,6,6,2
2024-07-02,13,N1271964866,Abando,5,5,7
2024-07-02,13,N5056328910,Begona,5,5,1
2024-07-02,13,N518227646,Abando,5,5,8
2024-07-02,13,N9607363904,Uribarri,5,5,4
2024-07-02,13,W96337695,Abando,5,5,9
2024-07-02,13,W164510985,Otxarkoaga-Txurdinaga,4,8,3
2024-07-02,13,N4508853267,Uribarri,4,4,5
2024-07-02,13,N9607391207,Begona,4,4,2
2024-07-02,13,W375390416,Ibaiondo,4,4,4
2024-07-02,13,N11229807742,Basurtu-Zorrotza,3,3,3
2024-07-02,13,N4254043797,Deusto,3,3,1
2024-07-02,13,N4731925117,Abando,3,3,10
2024-07-02,13,N5056379164,Abando,3,3,11
2024-07-02,13,N5056437799,Deusto,3,3,2
2024-07-02,13,N5301954699,Basurtu-Zorrotza,3,3,4
2024-07-02,13,W44113519,Abando,3,3,12
2024-07-02,13,N10308519810,Deusto,2,2,3
2024-07-02,13,N5056183351,Errekalde,2,2,2
2024-07-02,13,N5056184623,Errekalde,2,2,3
2024-07-02,13,W164512079,Otxarkoaga-Txurdinaga,2,2,4
2024-07-02,13,W41688628,Abando,2,2,13
2024-07-02,13,N4060532216,Otxarkoaga-Txurdinaga,1,2,5
2024-07-02,13,N5056088727,Ibaiondo,1,1,5
2024-07-02,13,W123440625,Uribarri,1,1,6
2024-07-02,14,W108497734,Ibaiondo,41,41,1
2024-07-02,14,N4060532227,Uribarri,25,25,1
2024-07-02,14,N3207631929,Abando,19,19,1
2024-07-02,14,W110895854,Abando,19,19,2
2024-07-02,14,N5056355015,Uribarri,15,15,2
2024-07-02,14,W108504682,Abando,13,14,3
2024-07-02,14,N4060532217,Otxarkoaga-Txurdinaga,10,10,1
2024-07-02,14,N5056356248,Uribarri,10,10,3
2024-07-02,14,N4762096882,Abando,9,9,4
2024-07-02,14,W44016098,Abando,9,9,5
2024-07-02,14,W485363913,Ibaiondo,7,7,2
2024-07-02,14,N4761972760,Abando,6,6,6
2024-07-02,14,N1271964866,Abando,5,5,7
2024-07-02,14,N518227646,Abando,5,5,8
2024-07-02,14,W96337695,Abando,5,5,9
2024-07-02,14,W164510985,Otxarkoaga-Txurdinaga,4,8,2
2024-07-02,14,N4508853267,Uribarri,4,4,4
2024-07-02,14,N9607391207,Begona,4,4,1
2024-07-02,14,W375390416,Ibaiondo,4,4,3
2024-07-02,14,N4254043797,Deusto,3,3,1
2024-07-02,14,N5056379164,Abando,3,3,10
2024-07-02,14,N5056437799,Deusto,3,3,2
2024-07-02,14,N5301954699,Basurtu-Zorrotza,3,3,1
2024-07-02,14,W44113519,Abando,3,3,11
2024-07-02,14,N4060532216,Otxarkoaga-Txurdinaga,2,2,3
2024-07-02,14,N5056184623,Errekalde,2,2,1
2024-07-02,14,W123440604,Uribarri,2,2,5
2024-07-02,14,W41688628,Abando,2,2,12
2024-07-02,14,W123440625,Uribarri,1,1,6
2024-07-02,15,W108497734,Ibaiondo,41,41,1
2024-07-02,15,N4060532227,Uribarri,25,25,1
2024-07-02,15,W110895854,Abando,19,19,1
2024-07-02,15,W108504682,Abando,14,14,2
2024-07-02,15,N4060532217,Otxarkoaga-Txurdinaga,10,10,1
2024-07-02,15,W44016098,Abando,9,9,3
2024-07-02,15,W485363913,Ibaiondo,7,7,2
2024-07-02,15,N518227646,Abando,5,5,4
2024-07-02,15,W96337695,Abando,5,5,5
2024-07-02,15,N4508853267,Uribarri,4,4,2
2024-07-02,15,N9607391207,Begona,4,4,1
2024-07-02,15,W375390416,Ibaiondo,4,4,3
2024-07-02,15,N5056379164,Abando,3,3,6
2024-07-02,15,N5301954699,Basurtu-Zorrotza,3,3,1
2024-07-02,15,W44113519,Abando,3,3,7
2024-07-02,15,N4060532216,Otxarkoaga-Txurdinaga,2,2,2
2024-07-02,15,W123440604,Uribarri,2,2,3
2024-07-02,15,W123440625,Uribarri,1,1,4
2024-07-02,16,W108497734,Ibaiondo,41,41,1
2024-07-02,16,N4060532227,Uribarri,25,25,1
2024-07-02,16,N3207631929,Abando,19,19,1
2024-07-02,16,W110895854,Abando,19,19,2
2024-07-02,16,W108504682,Abando,13,14,3
2024-07-02,16,N4060532217,Otxarkoaga-Txurdinaga,10,10,1
2024-07-02,16,W44016098,Abando,9,9,4
2024-07-02,16,W485363913,Ibaiondo,7,7,2
2024-07-02,16,N5056200430,Basurtu-Zorrotza,6,6,1
2024-07-02,16,W301165234,Errekalde,6,6,1
2024-07-02,16,N518227646,Abando,5,5,5
2024-07-02,16,W96337695,Abando,5,5,6
2024-07-02,16,N4508853267,Uribarri,4,4,2
2024-07-02,16,N9607391207,Begona,4,4,1
2024-07-02,16,W375390416,Ibaiondo,4,4,3
2024-07-02,16,N5056379164,Abando,3,3,7
2024-07-02,16,N5301954699,Basurtu-Zorrotza,3,3,2
2024-07-02,16,W44113519,Abando,3,3,8
2024-07-02,16,N4060532216,Otxarkoaga-Txurdinaga,2,2,2
2024-07-02,16,W123440604,Uribarri,2,2,3
2024-07-02,16,W123440625,Uribarri,1,1,4
2024-07-02,17,W108497734,Ibaiondo,41,41,1
2024-07-02,17,N4060532227,Uribarri,25,25,1
2024-07-02,17,N3207631929,Abando,19,19,1
2024-07-02,17,W110895854,Abando,19,19,2
2024-07-02,17,W108504682,Abando,13,14,3
2024-07-02,17,N4060532217,Otxarkoaga-Txurdinaga,10,10,1
2024-07-02,17,W44016098,Abando,9,9,4
2024-07-02,17,W485363913,Ibaiondo,7,7,2
2024-07-02,17,N5056200430,Basurtu-Zorrotza,6,6,1
2024-07-02,17,W301165234,Errekalde,6,6,1
2024-07-02,17,N518227646,Abando,5,5,5
2024-07-02,17,W96337695,Abando,5,5,6
2024-07-02,17,N4508853267,Uribarri,4,4,2
2024-07-02,17,N9607391207,Begona,4,4,1
2024-07-02,17,W375390416,Ibaiondo,4,4,3
2024-07-02,17,N5056379164,Abando,3,3,7
2024-07-02,17,N5301954699,Basurtu-Zorrotza,3,3,2
2024-07-02,17,W44113519,Abando,3,3,8
2024-07-02,17,N4060532216,Otxarkoaga-Txurdinaga,2,2,2
2024-07-02,17,W123440604,Uribarri,2,2,3
2024-07-02,17,N5056421870,Deusto,1,1,1
2024-07-02,17,W123440625,Uribarri,1,1,4
2024-07-02,18,W108497734,Ibaiondo,41,41,1
2024-07-02,18,N4060532227,Uribarri,25,25,1
2024-07-02,18,N3207631929,Abando,19,19,1
2024-07-02,18,W108504682,Abando,13,14,2
2024-07-02,18,N4060532217,Otxarkoaga-Txurdinaga,10,10,1
2024-07-02,18,W163196945,Basurtu-Zorrotza,10,10,1
2024-07-02,18,N4762096882,Abando,9,9,3
2024-07-02,18,W44016098,Abando,9,9,4
2024-07-02,18,W485363913,Ibaiondo,7,7,2
2024-07-02,18,N5056200430,Basurtu-Zorrotza,6,6,2
2024-07-02,18,W301165234,Errekalde,6,6,1
2024-07-02,18,N1271964866,Abando,5,5,5
2024-07-02,18,N518227646,Abando,5,5,6
2024-07-02,18,W41525574,Ibaiondo,5,5,3
2024-07-02,18,W96337695,Abando,5,5,7
2024-07-02,18,N4508853267,Uribarri,4,4,2
2024-07-02,18,N9607391207,Begona,4,4,1
2024-07-02,18,W375390416,Ibaiondo,4,4,4
2024-07-02,18,N5056379164,Abando,3,3,8
2024-07-02,18,N5301954699,Basurtu-Zorrotza,3,3,3
2024-07-02,18,W44113519,Abando,3,3,9
2024-07-02,18,N4060532216,Otxarkoaga-Txurdinaga,2,2,2
2024-07-02,18,W123440604,Uribarri,2,2,3
2024-07-02,18,N5056421870,Deusto,1,1,1
2024-07-02,18,W123440625,Uribarri,1,1,4
2024-07-02,19,W108497734,Ibaiondo,41,41,1
2024-07-02,19,N4060532227,Uribarri,25,25,1
2024-07-02,19,N3207631929,Abando,19,19,1
2024-07-02,19,W108504682,Abando,13,14,2
2024-07-02,19,N4060532217,Otxarkoaga-Txurdinaga,10,10,1
2024-07-02,19,W163196945,Basurtu-Zorrotza,10,10,1
2024-07-02,19,N4762096882,Abando,9,9,3
2024-07-02,19,W44016098,Abando,9,9,4
2024-07-02,19,W485363913,Ibaiondo,7,7,2
2024-07-02,19,N5056200430,Basurtu-Zorrotza,6,6,2
2024-07-02,19,W301165234,Errekalde,6,6,1
2024-07-02,19,N1271964866,Abando,5,5,5
2024-07-02,19,N518227646,Abando,5,5,6
2024-07-02,19,W41525574,Ibaiondo,5,5,3
2024-07-02,19,W96337695,Abando,5,5,7
2024-07-02,19,N4508853267,Uribarri,4,4,2
2024-07-02,19,N9607391207,Begona,4,4,1
2024-07-02,19,W375390416,Ibaiondo,4,4,4
2024-07-02,19,N5056379164,Abando,3,3,8
2024-07-02,19,N5301954699,Basurtu-Zorrotza,3,3,3
2024-07-02,19,W44113519,Abando,3,3,9
2024-07-02,19,N4060532216,Otxarkoaga-Txurdinaga,2,2,2
2024-07-02,19,W123440604,Uribarri,2,2,3
2024-07-02,19,N5056421870,Deusto,1,1,1
2024-07-02,19,W123440625,Uribarri,1,1,4
2024-07-02,20,N4060532227,Uribarri,25,25,1
2024-07-02,20,N3207631929,Abando,19,19,1
2024-07-02,20,N4060532217,Otxarkoaga-Txurdinaga,10,10,1
2024-07-02,20,N4762096882,Abando,9,9,2
2024-07-02,20,W44016098,Abando,9,9,3
2024-07-02,20,W485363913,Ibaiondo,7,7,1
2024-07-02,20,N5056200430,Basurtu-Zorrotza,6,6,1
2024-07-02,20,W301165234,Errekalde,6,6,1
2024-07-02,20,N1271964866,Abando,5,5,4
2024-07-02,20,W96337695,Abando,5,5,5
2024-07-02,20,N4508853267,Uribarri,4,4,2
2024-07-02,20,W375390416,Ibaiondo,4,4,2
2024-07-02,20,N5056379164,Abando,3,3,6
2024-07-02,20,N5301954699,Basurtu-Zorrotza,3,3,2
2024-07-02,20,W44113519,Abando,3,3,7
2024-07-02,20,N4060532216,Otxarkoaga-Txurdinaga,2,2,2
2024-07-02,20,W123440604,Uribarri,2,2,3
2024-07-02,20,N5056421870,Deusto,1,1,1
2024-07-02,20,W123440625,Uribarri,1,1,4
2024-07-02,21,N4060532227,Uribarri,25,25,1
2024-07-02,21,N4060532217,Otxarkoaga-Txurdinaga,10,10,1
2024-07-02,21,W44016098,Abando,9,9,1
2024-07-02,21,W485363913,Ibaiondo,7,7,1
2024-07-02,21,N5056200430,Basurtu-Zorrotza,6,6,1
2024-07-02,21,W96337695,Abando,5,5,2
2024-07-02,21,N4508853267,Uribarri,4,4,2
2024-07-02,21,W375390416,Ibaiondo,4,4,2
2024-07-02,21,N5056379164,Abando,3,3,3
2024-07-02,21,N5301954699,Basurtu-Zorrotza,3,3,2
2024-07-02,21,W44113519,Abando,3,3,4
2024-07-02,21,N4060532216,Otxarkoaga-Txurdinaga,2,2,2
2024-07-02,21,W123440604,Uribarri,2,2,3
2024-07-02,21,N5056421870,Deusto,1,1,1
2024-07-02,21,W123440625,Uribarri,1,1,4
2024-07-02,22,N4060532227,Uribarri,25,25,1
2024-07-02,22,N4060532217,Otxarkoaga-Txurdinaga,10,10,1
2024-07-02,22,W485363913,Ibaiondo,7,7,1
2024-07-02,22,N4508853267,Uribarri,4,4,2
2024-07-02,22,N5056379164,Abando,3,3,1
2024-07-02,22,N5301954699,Basurtu-Zorrotza,3,3,1
2024-07-02,22,W28776478,Abando,3,3,2
2024-07-02,22,W44113519,Abando,3,3,3
2024-07-02,22,N4060532216,Otxarkoaga-Txurdinaga,2,2,2
2024-07-02,22,W123440604,Uribarri,2,2,3
2024-07-02,22,W123440625,Uribarri,1,1,4
2024-07-02,23,N4060532227,Uribarri,25,25,1
2024-07-02,23,N4060532217,Otxarkoaga-Txurdinaga,10,10,1
2024-07-02,23,W485363913,Ibaiondo,7,7,1
2024-07-02,23,N4508853267,Uribarri,4,4,2
2024-07-02,23,N5056379164,Abando,3,3,1
2024-07-02,23,N5301954699,Basurtu-Zorrotza,3,3,1
2024-07-02,23,W28776478,Abando,3,3,2
2024-07-02,23,W44113519,Abando,3,3,3
2024-07-02,23,N4060532216,Otxarkoaga-Txurdinaga,2,2,2
2024-07-03,5,N4060532227,Uribarri,25,25,1
2024-07-03,5,N4060532217,Otxarkoaga-Txurdinaga,10,10,1
2024-07-03,5,W485363913,Ibaiondo,7,7,1
2024-07-03,5,N4508853267,Uribarri,4,4,2
2024-07-03,5,W28776478,Abando,3,3,1
2024-07-03,5,N4060532216,Otxarkoaga-Txurdinaga,2,2,2
2024-07-03,6,N4060532227,Uribarri,25,25,1
2024-07-03,6,N4060532217,Otxarkoaga-Txurdinaga,10,10,1
2024-07-03,6,W485363913,Ibaiondo,7,7,1
2024-07-03,6,N4508853267,Uribarri,4,4,2
2024-07-03,6,N5056379164,Abando,3,3,1
2024-07-03,6,N5301954699,Basurtu-Zorrotza,3,3,1
2024-07-03,6,W28776478,Abando,3,3,2
2024-07-03,6,W44113519,Abando,3,3,3
2024-07-03,6,N4060532216,Otxarkoaga-Txurdinaga,2,2,2
2024-07-03,7,N4060532227,Uribarri,25,25,1
2024-07-03,7,N4060532217,Otxarkoaga-Txurdinaga,10,10,1
2024-07-03,7,W485363913,Ibaiondo,7,7,1
2024-07-03,7,N4508853267,Uribarri,4,4,2
2024-07-03,7,N5056379164,Abando,3,3,1
2024-07-03,7,N5301954699,Basurtu-Zorrotza,3,3,1
2024-07-03,7,W28776478,Abando,3,3,2
2024-07-03,7,W44113519,Abando,3,3,3
2024-07-03,7,N4060532216,Otxarkoaga-Txurdinaga,2,2,2
2024-07-03,8,N4060532227,Uribarri,25,25,1
2024-07-03,8,N5056355015,Uribarri,15,15,2
2024-07-03,8,N4060532217,Otxarkoaga-Txurdinaga,10,10,1
2024-07-03,8,N5056356248,Uribarri,10,10,3
2024-07-03,8,W485363913,Ibaiondo,7,7,1
2024-07-03,8,W164510985,Otxarkoaga-Txurdinaga,4,8,2
2024-07-03,8,N4508853267,Uribarri,4,4,4
2024-07-03,8,N4254043797,Deusto,3,3,1
2024-07-03,8,N5056379164,Abando,3,3,1
2024-07-03,8,N5056437799,Deusto,3,3,2
2024-07-03,8,N5301954699,Basurtu-Zorrotza,3,3,1
2024-07-03,8,W28776478,Abando,3,3,2
2024-07-03,8,W44113519,Abando,3,3,3
2024-07-03,8,N4060532216,Otxarkoaga-Txurdinaga,2,2,3
2024-07-03,8,N5056184623,Errekalde,2,2,1
2024-07-03,8,W123440604,Uribarri,2,2,5
2024-07-03,8,W41688628,Abando,2,2,4
2024-07-03,8,W123440625,Uribarri,1,1,6
2024-07-03,9,W108497734,Ibaiondo,41,41,1
2024-07-03,9,N4060532227,Uribarri,25,25,1
2024-07-03,9,W110895854,Abando,19,19,1
2024-07-03,9,N5056355015,Uribarri,15,15,2
2024-07-03,9,W108504682,Abando,14,14,2
2024-07-03,9,N9607467466,Basurtu-Zorrotza,11,11,1
2024-07-03,9,N4060532217,Otxarkoaga-Txurdinaga,10,10,1
2024-07-03,9,N5056356248,Uribarri,10,10,3
2024-07-03,9,W420558992,Ibaiondo,8,8,2
2024-07-03,9,N9607455457,Errekalde,7,7,1
2024-07-03,9,W485363913,Ibaiondo,7,7,3
2024-07-03,9,N4761972760,Abando,6,6,3
2024-07-03,9,W235157481,Otxarkoaga-Txurdinaga,6,6,2
2024-07-03,9,N5056328910,Begona,5,5,1
2024-07-03,9,N9607363904,Uribarri,5,5,4
2024-07-03,9,W96337695,Abando,5,5,4
2024-07-03,9,W164510985,Otxarkoaga-Txurdinaga,4,8,3
2024-07-03,9,N4508853267,Uribarri,4,4,5
2024-07-03,9,N9607391207,Begona,4,4,2
2024-07-03,9,W375390416,Ibaiondo,4,4,4
2024-07-03,9,N11229807742,Basurtu-Zorrotza,3,3,2
2024-07-03,9,N4254043797,Deusto,3,3,1
2024-07-03,9,N4731925117,Abando,3,3,5
2024-07-03,9,N5056379164,Abando,3,3,6
2024-07-03,9,N5056437799,Deusto,3,3,2
2024-07-03,9,N5301954699,Basurtu-Zorrotza,3,3,3
2024-07-03,9,W28776478,Abando,3,3,7
2024-07-03,9,W44113519,Abando,3,3,8
2024-07-03,9,N10308519810,Deusto,2,2,3
2024-07-03,9,N5056183351,Errekalde,2,2,2
2024-07-03,9,N5056184623,Errekalde,2,2,3
2024-07-03,9,W164512079,Otxarkoaga-Txurdinaga,2,2,4
2024-07-03,9,W41688628,Abando,2,2,9
2024-07-03,9,N4060532216,Otxarkoaga-Txurdinaga,1,2,5
2024-07-03,9,N5056088727,Ibaiondo,1,1,5
2024-07-03,9,W123440625,Uribarri,1,1,6
2024-07-03,10,W108497734,Ibaiondo,41,41,1
2024-07-03,10,N4060532227,Uribarri,25,25,1
2024-07-03,10,W110895854,Abando,19,19,1
2024-07-03,10,W48045715,Uribarri,15,15,2
2024-07-03,10,W108504682,Abando,14,14,2
2024-07-03,10,N9607467466,Basurtu-Zorrotza,11,11,1
2024-07-03,10,N4060532217,Otxarkoaga-Txurdinaga,10,10,1
2024-07-03,10,N5056356248,Uribarri,10,10,3
2024-07-03,10,W28211432,Abando,9,9,3
2024-07-03,10,W44016098,Abando,9,9,4
2024-07-03,10,W420558992,Ibaiondo,8,8,2
2024-07-03,10,N9607455457,Errekalde,7,7,1
2024-07-03,10,W404432093,Ibaiondo,7,7,3
2024-07-03,10,W485363913,Ibaiondo,7,7,4
2024-07-03,10,N4761972760,Abando,6,6,5
2024-07-03,10,W235157481,Otxarkoaga-Txurdinaga,6,6,2
2024-07-03,10,N1271964866,Abando,5,5,6
2024-07-03,10,N5056328910,Begona,5,5,1
2024-07-03,10,N9607363904,Uribarri,5,5,4
2024-07-03,10,W96337695,Abando,5,5,7
2024-07-03,10,W164510985,Otxarkoaga-Txurdinaga,4,8,3
2024-07-03,10,W41525574,Ibaiondo,4,5,5
2024-07-03,10,N4508853267,Uribarri,4,4,5
2024-07-03,10,N9607391207,Begona,4,4,2
2024-07-03,10,W375390416,Ibaiondo,4,4,6
2024-07-03,10,N11229807742,Basurtu-Zorrotza,3,3,2
2024-07-03,10,N4254043797,Deusto,3,3,1
2024-07-03,10,N4731925117,Abando,3,3,8
2024-07-03,10,N5056379164,Abando,3,3,9
2024-07-03,10,N5056437799,Deusto,3,3,2
2024-07-03,10,N5301954699,Basurtu-Zorrotza,3,3,3
2024-07-03,10,W44113519,Abando,3,3,10
2024-07-03,10,N10308519810,Deusto,2,2,3
2024-07-03,10,N5056183351,Errekalde,2,2,2
2024-07-03,10,N5056184623,Errekalde,2,2,3
2024-07-03,10,W164512079,Otxarkoaga-Txurdinaga,2,2,4
2024-07-03,10,W41688628,Abando,2,2,11
2024-07-03,10,N4060532216,Otxarkoaga-Txurdinaga,1,2,5
2024-07-03,10,N5056088727,Ibaiondo,1,1,7
2024-07-03,10,W123440625,Uribarri,1,1,6
2024-07-03,11,W108497734,Ibaiondo,41,41,1
2024-07-03,11,N4060532227,Uribarri,25,25,1
2024-07-03,11,N3207631929,Abando,19,19,1
2024-07-03,11,W110895854,Abando,19,19,2
2024-07-03,11,N5056355015,Uribarri,15,15,2
2024-07-03,11,W108504682,Abando,13,14,3
2024-07-03,11,N9607467466,Basurtu-Zorrotza,11,11,1
2024-07-03,11,N4060532217,Otxarkoaga-Txurdinaga,10,10,1
2024-07-03,11,N5056356248,Uribarri,10,10,3
2024-07-03,11,W163196945,Basurtu-Zorrotza,10,10,2
2024-07-03,11,N4762096882,Abando,9,9,4
2024-07-03,11,W28211432,Abando,9,9,5
2024-07-03,11,W44016098,Abando,9,9,6
2024-07-03,11,W420558992,Ibaiondo,8,8,2
2024-07-03,11,N9607455457,Errekalde,7,7,1
2024-07-03,11,W404432093,Ibaiondo,7,7,3
2024-07-03,11,W485363913,Ibaiondo,7,7,4
2024-07-03,11,N4761972760,Abando,6,6,7
2024-07-03,11,W235157481,Otxarkoaga-Txurdinaga,6,6,2
2024-07-03,11,N1271964866,Abando,5,5,8
2024-07-03,11,N5056328910,Begona,5,5,1
2024-07-03,11,N518227646,Abando,5,5,9
2024-07-03,11,N9607363904,Uribarri,5,5,4
2024-07-03,11,W96337695,Abando,5,5,10
2024-07-03,11,W164510985,Otxarkoaga-Txurdinaga,4,8,3
2024-07-03,11,W41525574,Ibaiondo,4,5,5
2024-07-03,11,N4508853267,Uribarri,4,4,5
2024-07-03,11,N9607391207,Begona,4,4,2
2024-07-03,11,W375390416,Ibaiondo,4,4,6
2024-07-03,11,N11229807742,Basurtu-Zorrotza,3,3,3
2024-07-03,11,N4254043797,Deusto,3,3,1
2024-07-03,11,N4731925117,Abando,3,3,11
2024-07-03,11,N5056379164,Abando,3,3,12
2024-07-03,11,N5056437799,Deusto,3,3,2
2024-07-03,11,N5301954699,Basurtu-Zorrotza,3,3,4
2024-07-03,11,W44113519,Abando,3,3,13
2024-07-03,11,N10308519810,Deusto,2,2,3
2024-07-03,11,N5056183351,Errekalde,2,2,2
2024-07-03,11,N5056184623,Errekalde,2,2,3
2024-07-03,11,W164512079,Otxarkoaga-Txurdinaga,2,2,4
2024-07-03,11,W41688628,Abando,2,2,14
2024-07-03,11,N4060532216,Otxarkoaga-Txurdinaga,1,2,5
2024-07-03,11,N5056088727,Ibaiondo,1,1,7
2024-07-03,11,W123440625,Uribarri,1,1,6
2024-07-03,12,W108497734,Ibaiondo,41,41,1
2024-07-03,12,N4060532227,Uribarri,25,25,1
2024-07-03,12,N3207631929,Abando,19,19,1
2024-07-03,12,W110895854,Abando,19,19,2
2024-07-03,12,N5056355015,Uribarri,15,15,2
2024-07-03,12,W108504682,Abando,13,14,3
2024-07-03,12,N9607467466,Basurtu-Zorrotza,11,11,1
2024-07-03,12,N4060532217,Otxarkoaga-Txurdinaga,10,10,1
2024-07-03,12,N5056356248,Uribarri,10,10,3
2024-07-03,12,W163196945,Basurtu-Zorrotza,10,10,2
2024-07-03,12,N4762096882,Abando,9,9,4
2024-07-03,12,W28211432,Abando,9,9,5
2024-07-03,12,W44016098,Abando,9,9,6
2024-07-03,12,W420558992,Ibaiondo,8,8,2
2024-07-03,12,N9607455457,Errekalde,7,7,1
2024-07-03,12,W404432093,Ibaiondo,7,7,3
2024-07-03,12,W485363913,Ibaiondo,7,7,4
2024-07-03,12,N4761972760,Abando,6,6,7
2024-07-03,12,W235157481,Otxarkoaga-Txurdinaga,6,6,2
2024-07-03,12,N1271964866,Abando,5,5,8
2024-07-03,12,N5056328910,Begona,5,5,1
2024-07-03,12,N518227646,Abando,5,5,9
2024-07-03,12,N9607363904,Uribarri,5,5,4
2024-07-03,12,W96337695,Abando,5,5,10
2024-07-03,12,W164510985,Otxarkoaga-Txurdinaga,4,8,3
2024-07-03,12,W41525574,Ibaiondo,4,5,5
2024-07-03,12,N4508853267,Uribarri,4,4,5
2024-07-03,12,N9607391207,Begona,4,4,2
2024-07-03,12,W375390416,Ibaiondo,4,4,6
2024-07-03,12,N11229807742,Basurtu-Zorrotza,3,3,3
2024-07-03,12,N4254043797,Deusto,3,3,1
2024-07-03,12,N4731925117,Abando,3,3,11
2024-07-03,12,N5056379164,Abando,3,3,12
2024-07-03,12,N5056437799,Deusto,3,3,2
2024-07-03,12,N5301954699,Basurtu-Zorrotza,3,3,4
2024-07-03,12,W44113519,Abando,3,3,13
2024-07-03,12,N10308519810,Deusto,2,2,3
2024-07-03,12,N5056183351,Errekalde,2,2,2
2024-07-03,12,N5056184623,Errekalde,2,2,3
2024-07-03,12,W164512079,Otxarkoaga-Txurdinaga,2,2,4
2024-07-03,12,W41688628,Abando,2,2,14
2024-07-03,12,N4060532216,Otxarkoaga-Txurdinaga,1,2,5
2024-07-03,12,N5056088727,Ibaiondo,1,1,7
2024-07-03,12,W123440625,Uribarri,1,1,6
2024-07-03,13,W108497734,Ibaiondo,41,41,1
2024-07-03,13,N4060532227,Uribarri,25,25,1
2024-07-03,13,N3207631929,Abando,19,19,1
2024-07-03,13,W110895854,Abando,19,19,2
2024-07-03,13,N5056355015,Uribarri,15,15,2
2024-07-03,13,W108504682,Abando,13,14,3
2024-07-03,13,N9607467466,Basurtu-Zorrotza,11,11,1
2024-07-03,13,N4060532217,Otxarkoaga-Txurdinaga,10,10,1
2024-07-03,13,N5056356248,Uribarri,10,10,3
2024-07-03,13,W163196945,Basurtu-Zorrotza,10,10,2
2024-07-03,13,N4762096882,Abando,9,9,4
2024-07-03,13,W28211432,Abando,9,9,5
2024-07-03,13,W44016098,Abando,9,9,6
2024-07-03,13,W420558992,Ibaiondo,8,8,2
2024-07-03,13,N9607455457,Errekalde,7,7,1
2024-07-03,13,W404432093,Ibaiondo,7,7,3
2024-07-03,13,W485363913,Ibaiondo,7,7,4
2024-07-03,13,N4761972760,Abando,6,6,7
2024-07-03,13,W235157481,Otxarkoaga-Txurdinaga,6,6,2
2024-07-03,13,N1271964866,Abando,5,5,8
2024-07-03,13,N5056328910,Begona,5,5,1
2024-07-03,13,N518227646,Abando,5,5,9
2024-07-03,13,N9607363904,Uribarri,5,5,4
2024-07-03,13,W96337695,Abando,5,5,10
2024-07-03,13,W164510985,Otxarkoaga-Txurdinaga,4,8,3
2024-07-03,13,N4508853267,Uribarri,4,4,5
2024-07-03,13,N9607391207,Begona,4,4,2
2024-07-03,13,W375390416,Ibaiondo,4,4,5
2024-07-03,13,N11229807742,Basurtu-Zorrotza,3,3,3
2024-07-03,13,N4254043797,Deusto,3,3,1
2024-07-03,13,N4731925117,Abando,3,3,11
2024-07-03,13,N5056379164,Abando,3,3,12
2024-07-03,13,N5056437799,Deusto,3,3,2
2024-07-03,13,N5301954699,Basurtu-Zorrotza,3,3,4
2024-07-03,13,W44113519,Abando,3,3,13
2024-07-03,13,N10308519810,Deusto,2,2,3
2024-07-03,13,N5056183351,Errekalde,2,2,2
2024-07-03,13,N5056184623,Errekalde,2,2,3
2024-07-03,13,W164512079,Otxarkoaga-Txurdinaga,2,2,4
2024-07-03,13,W41688628,Abando,2,2,14
2024-07-03,13,N4060532216,Otxarkoaga-Txurdinaga,1,2,5
2024-07-03,13,N5056088727,Ibaiondo,1,1,6
2024-07-03,13,W123440625,Uribarri,1,1,6
2024-07-03,14,W108497734,Ibaiondo,41,41,1
2024-07-03,14,N4060532227,Uribarri,25,25,1
2024-07-03,14,N3207631929,Abando,19,19,1
2024-07-03,14,W110895854,Abando,19,19,2
2024-07-03,14,N5056355015,Uribarri,15,15,2
2024-07-03,14,W108504682,Abando,13,14,3
2024-07-03,14,N4060532217,Otxarkoaga-Txurdinaga,10,10,1
2024-07-03,14,N5056356248,Uribarri,10,10,3
2024-07-03,14,N4762096882,Abando,9,9,4
2024-07-03,14,W28211432,Abando,9,9,5
2024-07-03,14,W44016098,Abando,9,9,6
2024-07-03,14,W404432093,Ibaiondo,7,7,2
2024-07-03,14,W485363913,Ibaiondo,7,7,3
2024-07-03,14,N4761972760,Abando,6,6,7
2024-07-03,14,N1271964866,Abando,5,5,8
2024-07-03,14,N518227646,Abando,5,5,9
2024-07-03,14,W96337695,Abando,5,5,10
2024-07-03,14,W164510985,Otxarkoaga-Txurdinaga,4,8,2
2024-07-03,14,N4508853267,Uribarri,4,4,4
2024-07-03,14,N9607391207,Begona,4,4,1
2024-07-03,14,W375390416,Ibaiondo,4,4,4
2024-07-03,14,N4254043797,Deusto,3,3,1
2024-07-03,14,N5056379164,Abando,3,3,11
2024-07-03,14,N5056437799,Deusto,3,3,2
2024-07-03,14,N5301954699,Basurtu-Zorrotza,3,3,1
2024-07-03,14,W44113519,Abando,3,3,12
2024-07-03,14,N4060532216,Otxarkoaga-Txurdinaga,2,2,3
2024-07-03,14,N5056184623,Errekalde,2,2,1
2024-07-03,14,W123440604,Uribarri,2,2,5
2024-07-03,14,W41688628,Abando,2,2,13
2024-07-03,14,W123440625,Uribarri,1,1,6
2024-07-03,15,W108497734,Ibaiondo,41,41,1
2024-07-03,15,N4060532227,Uribarri,25,25,1
2024-07-03,15,W110895854,Abando,19,19,1
2024-07-03,15,W108504682,Abando,14,14,2
2024-07-03,15,N4060532217,Otxarkoaga-Txurdinaga,10,10,1
2024-07-03,15,W28211432,Abando,9,9,3
2024-07-03,15,W44016098,Abando,9,9,4
2024-07-03,15,W404432093,Ibaiondo,7,7,2
2024-07-03,15,W485363913,Ibaiondo,7,7,3
2024-07-03,15,N518227646,Abando,5,5,5
2024-07-03,15,W96337695,Abando,5,5,6
2024-07-03,15,N4508853267,Uribarri,4,4,2
2024-07-03,15,N9607391207,Begona,4,4,1
2024-07-03,15,W375390416,Ibaiondo,4,4,4
2024-07-03,15,N5056379164,Abando,3,3,7
2024-07-03,15,N5301954699,Basurtu-Zorrotza,3,3,1
2024-07-03,15,W44113519,Abando,3,3,8
2024-07-03,15,N4060532216,Otxarkoaga-Txurdinaga,2,2,2
2024-07-03,15,W123440604,Uribarri,2,2,3
2024-07-03,15,W123440625,Uribarri,1,1,4
2024-07-03,16,W108497734,Ibaiondo,41,41,1
2024-07-03,16,N4060532227,Uribarri,25,25,1
2024-07-03,16,N3207631929,Abando,19,19,1
2024-07-03,16,W110895854,Abando,19,19,2
2024-07-03,16,W108504682,Abando,13,14,3
2024-07-03,16,N4060532217,Otxarkoaga-Txurdinaga,10,10,1
2024-07-03,16,W28211432,Abando,9,9,4
2024-07-03,16,W44016098,Abando,9,9,5
2024-07-03,16,W404432093,Ibaiondo,7,7,2
2024-07-03,16,W485363913,Ibaiondo,7,7,3
2024-07-03,16,N5056200430,Basurtu-Zorrotza,6,6,1
2024-07-03,16,W301165234,Errekalde,6,6,1
2024-07-03,16,N518227646,Abando,5,5,6
2024-07-03,16,W96337695,Abando,5,5,7
2024-07-03,16,N4508853267,Uribarri,4,4,2
2024-07-03,16,N9607391207,Begona,4,4,1
2024-07-03,16,W375390416,Ibaiondo,4,4,4
2024-07-03,16,N5056379164,Abando,3,3,8
2024-07-03,16,N5301954699,Basurtu-Zorrotza,3,3,2
2024-07-03,16,W44113519,Abando,3,3,9
2024-07-03,16,N4060532216,Otxarkoaga-Txurdinaga,2,2,2
2024-07-03,16,W123440604,Uribarri,2,2,3
2024-07-03,16,W123440625,Uribarri,1,1,4
2024-07-03,17,W108497734,Ibaiondo,41,41,1
2024-07-03,17,N4060532227,Uribarri,25,25,1
2024-07-03,17,N3207631929,Abando,19,19,1
2024-07-03,17,W110895854,Abando,19,19,2
2024-07-03,17,W108504682,Abando,13,14,3
2024-07-03,17,N4060532217,Otxarkoaga-Txurdinaga,10,10,1
2024-07-03,17,W28211432,Abando,9,9,4
2024-07-03,17,W44016098,Abando,9,9,5
2024-07-03,17,W404432093,Ibaiondo,7,7,2
2024-07-03,17,W485363913,Ibaiondo,7,7,3
2024-07-03,17,N5056200430,Basurtu-Zorrotza,6,6,1
2024-07-03,17,W301165234,Errekalde,6,6,1
2024-07-03,17,N518227646,Abando,5,5,6
2024-07-03,17,W96337695,Abando,5,5,7
2024-07-03,17,N4508853267,Uribarri,4,4,2
2024-07-03,17,N9607391207,Begona,4,4,1
2024-07-03,17,W375390416,Ibaiondo,4,4,4
2024-07-03,17,N5056379164,Abando,3,3,8
2024-07-03,17,N5301954699,Basurtu-Zorrotza,3,3,2
2024-07-03,17,W44113519,Abando,3,3,9
2024-07-03,17,N4060532216,Otxarkoaga-Txurdinaga,2,2,2
2024-07-03,17,W123440604,Uribarri,2,2,3
2024-07-03,17,N5056421870,Deusto,1,1,1
2024-07-03,17,W123440625,Uribarri,1,1,4
2024-07-03,18,W108497734,Ibaiondo,41,41,1
2024-07-03,18,N4060532227,Uribarri,25,25,1
2024-07-03,18,N3207631929,Abando,19,19,1
2024-07-03,18,W108504682,Abando,13,14,2
2024-07-03,18,N4060532217,Otxarkoaga-Txurdinaga,10,10,1
2024-07-03,18,W163196945,Basurtu-Zorrotza,10,10,1
2024-07-03,18,N4762096882,Abando,9,9,3
2024-07-03,18,W28211432,Abando,9,9,4
2024-07-03,18,W44016098,Abando,9,9,5
2024-07-03,18,W404432093,Ibaiondo,7,7,2
2024-07-03,18,W485363913,Ibaiondo,7,7,3
2024-07-03,18,N5056200430,Basurtu-Zorrotza,6,6,2
2024-07-03,18,W301165234,Errekalde,6,6,1
2024-07-03,18,N1271964866,Abando,5,5,6
2024-07-03,18,N518227646,Abando,5,5,7
2024-07-03,18,W41525574,Ibaiondo,5,5,4
2024-07-03,18,W96337695,Abando,5,5,8
2024-07-03,18,N4508853267,Uribarri,4,4,2
2024-07-03,18,N9607391207,Begona,4,4,1
2024-07-03,18,W375390416,Ibaiondo,4,4,5
2024-07-03,18,N5056379164,Abando,3,3,9
2024-07-03,18,N5301954699,Basurtu-Zorrotza,3,3,3
2024-07-03,18,W44113519,Abando,3,3,10
2024-07-03,18,N4060532216,Otxarkoaga-Txurdinaga,2,2,2
2024-07-03,18,W123440604,Uribarri,2,2,3
2024-07-03,18,N5056421870,Deusto,1,1,1
2024-07-03,18,W123440625,Uribarri,1,1,4
2024-07-03,19,W108497734,Ibaiondo,41,41,1
2024-07-03,19,N4060532227,Uribarri,25,25,1
2024-07-03,19,N3207631929,Abando,19,19,1
2024-07-03,19,W108504682,Abando,13,14,2
2024-07-03,19,N4060532217,Otxarkoaga-Txurdinaga,10,10,1
2024-07-03,19,W163196945,Basurtu-Zorrotza,10,10,1
2024-07-03,19,N4762096882,Abando,9,9,3
2024-07-03,19,W28211432,Abando,9,9,4
2024-07-03,19,W44016098,Abando,9,9,5
2024-07-03,19,W404432093,Ibaiondo,7,7,2
2024-07-03,19,W485363913,Ibaiondo,7,7,3
2024-07-03,19,N5056200430,Basurtu-Zorrotza,6,6,2
2024-07-03,19,W301165234,Errekalde,6,6,1
2024-07-03,19,N1271964866,Abando,5,5,6
2024-07-03,19,N518227646,Abando,5,5,7
2024-07-03,19,W41525574,Ibaiondo,5,5,4
2024-07-03,19,W96337695,Abando,5,5,8
2024-07-03,19,N4508853267,Uribarri,4,4,2
2024-07-03,19,N9607391207,Begona,4,4,1
2024-07-03,19,W375390416,Ibaiondo,4,4,5
2024-07-03,19,N5056379164,Abando,3,3,9
2024-07-03,19,N5301954699,Basurtu-Zorrotza,3,3,3
2024-07-03,19,W44113519,Abando,3,3,10
2024-07-03,19,N4060532216,Otxarkoaga-Txurdinaga,2,2,2
2024-07-03,19,W123440604,Uribarri,2,2,3
2024-07-03,19,N5056421870,Deusto,1,1,1
2024-07-03,19,W123440625,Uribarri,1,1,4
2024-07-03,20,N4060532227,Uribarri,25,25,1
2024-07-03,20,N3207631929,Abando,19,19,1
2024-07-03,20,N4060532217,Otxarkoaga-Txurdinaga,10,10,1
2024-07-03,20,N4762096882,Abando,9,9,2
2024-07-03,20,W28211432,Abando,9,9,3
2024-07-03,20,W44016098,Abando,9,9,4
2024-07-03,20,W404432093,Ibaiondo,7,7,1
2024-07-03,20,W485363913,Ibaiondo,7,7,2
2024-07-03,20,N5056200430,Basurtu-Zorrotza,6,6,1
2024-07-03,20,W301165234,Errekalde,6,6,1
2024-07-03,20,N1271964866,Abando,5,5,5
2024-07-03,20,W96337695,Abando,5,5,6
2024-07-03,20,N4508853267,Uribarri,4,4,2
2024-07-03,20,W375390416,Ibaiondo,4,4,3
2024-07-03,20,N5056379164,Abando,3,3,7
2024-07-03,20,N5301954699,Basurtu-Zorrotza,3,3,2
2024-07-03,20,W44113519,Abando,3,3,8
2024-07-03,20,N4060532216,Otxarkoaga-Txurdinaga,2,2,2
2024-07-03,20,W123440604,Uribarri,2,2,3
2024-07-03,20,N5056421870,Deusto,1,1,1
2024-07-03,20,W123440625,Uribarri,1,1,4
2024-07-03,21,N4060532227,Uribarri,25,25,1
2024-07-03,21,N4060532217,Otxarkoaga-Txurdinaga,10,10,1
2024-07-03,21,W44016098,Abando,9,9,1
2024-07-03,21,W485363913,Ibaiondo,7,7,1
2024-07-03,21,N5056200430,Basurtu-Zorrotza,6,6,1
2024-07-03,21,W96337695,Abando,5,5,2
2024-07-03,21,N4508853267,Uribarri,4,4,2
2024-07-03,21,W375390416,Ibaiondo,4,4,2
2024-07-03,21,N5056379164,Abando,3,3,3
2024-07-03,21,N5301954699,Basurtu-Zorrotza,3,3,2
2024-07-03,21,W44113519,Abando,3,3,4
2024-07-03,21,N4060532216,Otxarkoaga-Txurdinaga,2,2,2
2024-07-03,21,W123440604,Uribarri,2,2,3
2024-07-03,21,N5056421870,Deusto,1,1,1
2024-07-03,21,W123440625,Uribarri,1,1,4
2024-07-03,22,N4060532227,Uribarri,25,25,1
2024-07-03,22,N4060532217,Otxarkoaga-Txurdinaga,10,10,1
2024-07-03,22,W485363913,Ibaiondo,7,7,1
2024-07-03,22,N4508853267,Uribarri,4,4,2
2024-07-03,22,N5056379164,Abando,3,3,1
2024-07-03,22,N5301954699,Basurtu-Zorrotza,3,3,1
2024-07-03,22,W28776478,Abando,3,3,2
2024-07-03,22,W44113519,Abando,3,3,3
2024-07-03,22,N4060532216,Otxarkoaga-Txurdinaga,2,2,2
2024-07-03,22,W123440604,Uribarri,2,2,3
2024-07-03,22,W123440625,Uribarri,1,1,4
2024-07-03,23,N4060532227,Uribarri,25,25,1
2024-07-03,23,N4060532217,Otxarkoaga-Txurdinaga,10,10,1
2024-07-03,23,W485363913,Ibaiondo,7,7,1
2024-07-03,23,N4508853267,Uribarri,4,4,2
2024-07-03,23,N5056379164,Abando,3,3,1
2024-07-03,23,N5301954699,Basurtu-Zorrotza,3,3,1
2024-07-03,23,W28776478,Abando,3,3,2
2024-07-03,23,W44113519,Abando,3,3,3
2024-07-03,23,N4060532216,Otxarkoaga-Txurdinaga,2,2,2
2024-07-04,5,N4060532227,Uribarri,25,25,1
2024-07-04,5,N4060532217,Otxarkoaga-Txurdinaga,10,10,1
2024-07-04,5,W485363913,Ibaiondo,7,7,1
2024-07-04,5,N4508853267,Uribarri,4,4,2
2024-07-04,5,W28776478,Abando,3,3,1
2024-07-04,5,N4060532216,Otxarkoaga-Txurdinaga,2,2,2
2024-07-04,6,N4060532227,Uribarri,25,25,1
2024-07-04,6,N4060532217,Otxarkoaga-Txurdinaga,10,10,1
2024-07-04,6,W485363913,Ibaiondo,7,7,1
2024-07-04,6,N4508853267,Uribarri,4,4,2
2024-07-04,6,N5056379164,Abando,3,3,1
2024-07-04,6,N5301954699,Basurtu-Zorrotza,3,3,1
2024-07-04,6,W28776478,Abando,3,3,2
2024-07-04,6,W44113519,Abando,3,3,3
2024-07-04,6,N4060532216,Otxarkoaga-Txurdinaga,2,2,2
2024-07-04,7,N4060532227,Uribarri,25,25,1
2024-07-04,7,N4060532217,Otxarkoaga-Txurdinaga,10,10,1
2024-07-04,7,W485363913,Ibaiondo,7,7,1
2024-07-04,7,N4508853267,Uribarri,4,4,2
2024-07-04,7,N5056379164,Abando,3,3,1
2024-07-04,7,N5301954699,Basurtu-Zorrotza,3,3,1
2024-07-04,7,W28776478,Abando,3,3,2
2024-07-04,7,W44113519,Abando,3,3,3
2024-07-04,7,N4060532216,Otxarkoaga-Txurdinaga,2,2,2
2024-07-04,8,N4060532227,Uribarri,25,25,1
2024-07-04,8,N5056355015,Uribarri,15,15,2
2024-07-04,8,N4060532217,Otxarkoaga-Txurdinaga,10,10,1
2024-07-04,8,N5056356248,Uribarri,10,10,3
2024-07-04,8,W485363913,Ibaiondo,7,7,1
2024-07-04,8,W164510985,Otxarkoaga-Txurdinaga,4,8,2
2024-07-04,8,N4508853267,Uribarri,4,4,4
2024-07-04,8,N4254043797,Deusto,3,3,1
2024-07-04,8,N5056379164,Abando,3,3,1
2024-07-04,8,N5056437799,Deusto,3,3,2
2024-07-04,8,N5301954699,Basurtu-Zorrotza,3,3,1
2024-07-04,8,W28776478,Abando,3,3,2
2024-07-04,8,W44113519,Abando,3,3,3
2024-07-04,8,N4060532216,Otxarkoaga-Txurdinaga,2,2,3
2024-07-04,8,N5056184623,Errekalde,2,2,1
2024-07-04,8,W123440604,Uribarri,2,2,5
2024-07-04,8,W41688628,Abando,2,2,4
2024-07-04,8,W123440625,Uribarri,1,1,6
2024-07-04,9,W108497734,Ibaiondo,41,41,1
2024-07-04,9,N4060532227,Uribarri,25,25,1
2024-07-04,9,W110895854,Abando,19,19,1
2024-07-04,9,N5056355015,Uribarri,15,15,2
2024-07-04,9,W108504682,Abando,14,14,2
2024-07-04,9,N9607467466,Basurtu-Zorrotza,11,11,1
2024-07-04,9,N4060532217,Otxarkoaga-Txurdinaga,10,10,1
2024-07-04,9,N5056356248,Uribarri,10,10,3
2024-07-04,9,W420558992,Ibaiondo,8,8,2
2024-07-04,9,N9607455457,Errekalde,7,7,1
2024-07-04,9,W485363913,Ibaiondo,7,7,3
2024-07-04,9,N4761972760,Abando,6,6,3
2024-07-04,9,W235157481,Otxarkoaga-Txurdinaga,6,6,2
2024-07-04,9,N5056328910,Begona,5,5,1
2024-07-04,9,N9607363904,Uribarri,5,5,4
2024-07-04,9,W96337695,Abando,5,5,4
2024-07-04,9,W164510985,Otxarkoaga-Txurdinaga,4,8,3
2024-07-04,9,N4508853267,Uribarri,4,4,5
2024-07-04,9,N9607391207,Begona,4,4,2
2024-07-04,9,W375390416,Ibaiondo,4,4,4
2024-07-04,9,N11229807742,Basurtu-Zorrotza,3,3,2
2024-07-04,9,N4254043797,Deusto,3,3,1
2024-07-04,9,N4731925117,Abando,3,3,5
2024-07-04,9,N5056379164,Abando,3,3,6
2024-07-04,9,N5056437799,Deusto,3,3,2
2024-07-04,9,N5301954699,Basurtu-Zorrotza,3,3,3
2024-07-04,9,W28776478,Abando,3,3,7
2024-07-04,9,W44113519,Abando,3,3,8
2024-07-04,9,N10308519810,Deusto,2,2,3
2024-07-04,9,N5056183351,Errekalde,2,2,2
2024-07-04,9,N5056184623,Errekalde,2,2,3
2024-07-04,9,W164512079,Otxarkoaga-Txurdinaga,2,2,4
2024-07-04,9,W41688628,Abando,2,2,9
2024-07-04,9,N4060532216,Otxarkoaga-Txurdinaga,1,2,5
2024-07-04,9,N5056088727,Ibaiondo,1,1,5
2024-07-04,9,W123440625,Uribarri,1,1,6
2024-07-04,10,W108497734,Ibaiondo,41,41,1
2024-07-04,10,N4060532227,Uribarri,25,25,1
2024-07-04,10,W110895854,Abando,19,19,1
2024-07-04,10,W48045715,Uribarri,15,15,2
2024-07-04,10,W108504682,Abando,14,14,2
2024-07-04,10,N9607467466,Basurtu-Zorrotza,11,11,1
2024-07-04,10,N4060532217,Otxarkoaga-Txurdinaga,10,10,1
2024-07-04,10,N5056356248,Uribarri,10,10,3
2024-07-04,10,W28211432,Abando,9,9,3
2024-07-04,10,W44016098,Abando,9,9,4
2024-07-04,10,W420558992,Ibaiondo,8,8,2
2024-07-04,10,N9607455457,Errekalde,7,7,1
2024-07-04,10,W404432093,Ibaiondo,7,7,3
2024-07-04,10,W485363913,Ibaiondo,7,7,4
2024-07-04,10,N4761972760,Abando,6,6,5
2024-07-04,10,W235157481,Otxarkoaga-Txurdinaga,6,6,2
2024-07-04,10,N1271964866,Abando,5,5,6
2024-07-04,10,N5056328910,Begona,5,5,1
2024-07-04,10,N9607363904,Uribarri,5,5,4
2024-07-04,10,W96337695,Abando,5,5,7
2024-07-04,10,W164510985,Otxarkoaga-Txurdinaga,4,8,3
2024-07-04,10,W41525574,Ibaiondo,4,5,5
2024-07-04,10,N4508853267,Uribarri,4,4,5
2024-07-04,10,N9607391207,Begona,4,4,2
2024-07-04,10,W375390416,Ibaiondo,4,4,6
2024-07-04,10,N11229807742,Basurtu-Zorrotza,3,3,2
2024-07-04,10,N4254043797,Deusto,3,3,1
2024-07-04,10,N4731925117,Abando,3,3,8
2024-07-04,10,N5056379164,Abando,3,3,9
2024-07-04,10,N5056437799,Deusto,3,3,2
2024-07-04,10,N5301954699,Basurtu-Zorrotza,3,3,3
2024-07-04,10,W44113519,Abando,3,3,10
2024-07-04,10,N10308519810,Deusto,2,2,3
2024-07-04,10,N5056183351,Errekalde,2,2,2
2024-07-04,10,N5056184623,Errekalde,2,2,3
2024-07-04,10,W164512079,Otxarkoaga-Txurdinaga,2,2,4
2024-07-04,10,W41688628,Abando,2,2,11
2024-07-04,10,N4060532216,Otxarkoaga-Txurdinaga,1,2,5
2024-07-04,10,N5056088727,Ibaiondo,1,1,7
2024-07-04,10,W123440625,Uribarri,1,1,6
2024-07-04,11,W108497734,Ibaiondo,41,41,1
2024-07-04,11,N4060532227,Uribarri,25,25,1
2024-07-04,11,N3207631929,Abando,19,19,1
2024-07-04,11,W110895854,Abando,19,19,2
2024-07-04,11,N5056355015,Uribarri,15,15,2
2024-07-04,11,W108504682,Abando,13,14,3
2024-07-04,11,N9607467466,Basurtu-Zorrotza,11,11,1
2024-07-04,11,N4060532217,Otxarkoaga-Txurdinaga,10,10,1
2024-07-04,11,N5056356248,Uribarri,10,10,3
2024-07-04,11,W163196945,Basurtu-Zorrotza,10,10,2
2024-07-04,11,N4762096882,Abando,9,9,4
2024-07-04,11,W28211432,Abando,9,9,5
2024-07-04,11,W44016098,Abando,9,9,6
2024-07-04,11,W420558992,Ibaiondo,8,8,2
2024-07-04,11,N9607455457,Errekalde,7,7,1
2024-07-04,11,W404432093,Ibaiondo,7,7,3
2024-07-04,11,W485363913,Ibaiondo,7,7,4
2024-07-04,11,N4761972760,Abando,6,6,7
2024-07-04,11,W235157481,Otxarkoaga-Txurdinaga,6,6,2
2024-07-04,11,N1271964866,Abando,5,5,8
2024-07-04,11,N5056328910,Begona,5,5,1
2024-07-04,11,N518227646,Abando,5,5,9
2024-07-04,11,N9607363904,Uribarri,5,5,4
2024-07-04,11,W96337695,Abando,5,5,10
2024-07-04,11,W164510985,Otxarkoaga-Txurdinaga,4,8,3
2024-07-04,11,W41525574,Ibaiondo,4,5,5
2024-07-04,11,N4508853267,Uribarri,4,4,5
2024-07-04,11,N9607391207,Begona,4,4,2
2024-07-04,11,W375390416,Ibaiondo,4,4,6
2024-07-04,11,N11229807742,Basurtu-Zorrotza,3,3,3
2024-07-04,11,N4254043797,Deusto,3,3,1
2024-07-04,11,N4731925117,Abando,3,3,11
2024-07-04,11,N5056379164,Abando,3,3,12
2024-07-04,11,N5056437799,Deusto,3,3,2
2024-07-04,11,N5301954699,Basurtu-Zorrotza,3,3,4
2024-07-04,11,W44113519,Abando,3,3,13
2024-07-04,11,N10308519810,Deusto,2,2,3
2024-07-04,11,N5056183351,Errekalde,2,2,2
2024-07-04,11,N5056184623,Errekalde,2,2,3
2024-07-04,11,W164512079,Otxarkoaga-Txurdinaga,2,2,4
2024-07-04,11,W41688628,Abando,2,2,14
2024-07-04,11,N4060532216,Otxarkoaga-Txurdinaga,1,2,5
2024-07-04,11,N5056088727,Ibaiondo,1,1,7
2024-07-04,11,W123440625,Uribarri,1,1,6
2024-07-04,12,W108497734,Ibaiondo,41,41,1
2024-07-04,12,N4060532227,Uribarri,25,25,1
2024-07-04,12,N3207631929,Abando,19,19,1
2024-07-04,12,W110895854,Abando,19,19,2
2024-07-04,12,N5056355015,Uribarri,15,15,2
2024-07-04,12,W108504682,Abando,13,14,3
2024-07-04,12,N9607467466,Basurtu-Zorrotza,11,11,1
2024-07-04,12,N4060532217,Otxarkoaga-Txurdinaga,10,10,1
2024-07-04,12,N5056356248,Uribarri,10,10,3
2024-07-04,12,W163196945,Basurtu-Zorrotza,10,10,2
2024-07-04,12,N4762096882,Abando,9,9,4
2024-07-04,12,W28211432,Abando,9,9,5
2024-07-04,12,W44016098,Abando,9,9,6
2024-07-04,12,W420558992,Ibaiondo,8,8,2
2024-07-04,12,N9607455457,Errekalde,7,7,1
2024-07-04,12,W404432093,Ibaiondo,7,7,3
2024-07-04,12,W485363913,Ibaiondo,7,7,4
2024-07-04,12,N4761972760,Abando,6,6,7
2024-07-04,12,W235157481,Otxarkoaga-Txurdinaga,6,6,2
2024-07-04,12,N1271964866,Abando,5,5,8
2024-07-04,12,N5056328910,Begona,5,5,1
2024-07-04,12,N518227646,Abando,5,5,9
2024-07-04,12,N9607363904,Uribarri,5,5,4
2024-07-04,12,W96337695,Abando,5,5,10
2024-07-04,12,W164510985,Otxarkoaga-Txurdinaga,4,8,3
2024-07-04,12,W41525574,Ibaiondo,4,5,5
2024-07-04,12,N4508853267,Uribarri,4,4,5
2024-07-04,12,N9607391207,Begona,4,4,2
2024-07-04,12,W375390416,Ibaiondo,4,4,6
2024-07-04,12,N11229807742,Basurtu-Zorrotza,3,3,3
2024-07-04,12,N4254043797,Deusto,3,3,1
2024-07-04,12,N4731925117,Abando,3,3,11
2024-07-04,12,N5056379164,Abando,3,3,12
2024-07-04,12,N5056437799,Deusto,3,3,2
2024-07-04,12,N5301954699,Basurtu-Zorrotza,3,3,4
2024-07-04,12,W44113519,Abando,3,3,13
2024-07-04,12,N10308519810,Deusto,2,2,3
2024-07-04,12,N5056183351,Errekalde,2,2,2
2024-07-04,12,N5056184623,Errekalde,2,2,3
2024-07-04,12,W164512079,Otxarkoaga-Txurdinaga,2,2,4
2024-07-04,12,W41688628,Abando,2,2,14
2024-07-04,12,N4060532216,Otxarkoaga-Txurdinaga,1,2,5
2024-07-04,12,N5056088727,Ibaiondo,1,1,7
2024-07-04,12,W123440625,Uribarri,1,1,6
2024-07-04,13,W108497734,Ibaiondo,41,41,1
2024-07-04,13,N4060532227,Uribarri,25,25,1
2024-07-04,13,N3207631929,Abando,19,19,1
2024-07-04,13,W110895854,Abando,19,19,2
2024-07-04,13,N5056355015,Uribarri,15,15,2
2024-07-04,13,W108504682,Abando,13,14,3
2024-07-04,13,N9607467466,Basurtu-Zorrotza,11,11,1
2024-07-04,13,N4060532217,Otxarkoaga-Txurdinaga,10,10,1
2024-07-04,13,N5056356248,Uribarri,10,10,3
2024-07-04,13,W163196945,Basurtu-Zorrotza,10,10,2
2024-07-04,13,N4762096882,Abando,9,9,4
2024-07-04,13,W28211432,Abando,9,9,5
2024-07-04,13,W44016098,Abando,9,9,6
2024-07-04,13,W420558992,Ibaiondo,8,8,2
2024-07-04,13,N9607455457,Errekalde,7,7,1
2024-07-04,13,W404432093,Ibaiondo,7,7,3
2024-07-04,13,W485363913,Ibaiondo,7,7,4
2024-07-04,13,N4761972760,Abando,6,6,7
2024-07-04,13,W235157481,Otxarkoaga-Txurdinaga,6,6,2
2024-07-04,13,N1271964866,Abando,5,5,8
2024-07-04,13,N5056328910,Begona,5,5,1
2024-07-04,13,N518227646,Abando,5,5,9
2024-07-04,13,N9607363904,Uribarri,5,5,4
2024-07-04,13,W96337695,Abando,5,5,10
2024-07-04,13,W164510985,Otxarkoaga-Txurdinaga,4,8,3
2024-07-04,13,N4508853267,Uribarri,4,4,5
2024-07-04,13,N9607391207,Begona,4,4,2
2024-07-04,13,W375390416,Ibaiondo,4,4,5
2024-07-04,13,N11229807742,Basurtu-Zorrotza,3,3,3
2024-07-04,13,N4254043797,Deusto,3,3,1
2024-07-04,13,N4731925117,Abando,3,3,11
2024-07-04,13,N5056379164,Abando,3,3,12
2024-07-04,13,N5056437799,Deusto,3,3,2
2024-07-04,13,N5301954699,Basurtu-Zorrotza,3,3,4
2024-07-04,13,W44113519,Abando,3,3,13
2024-07-04,13,N10308519810,Deusto,2,2,3
2024-07-04,13,N5056183351,Errekalde,2,2,2
2024-07-04,13,N5056184623,Errekalde,2,2,3
2024-07-04,13,W164512079,Otxarkoaga-Txurdinaga,2,2,4
2024-07-04,13,W41688628,Abando,2,2,14
2024-07-04,13,N4060532216,Otxarkoaga-Txurdinaga,1,2,5
2024-07-04,13,N5056088727,Ibaiondo,1,1,6
2024-07-04,13,W123440625,Uribarri,1,1,6
2024-07-04,14,W108497734,Ibaiondo,41,41,1
2024-07-04,14,N4060532227,Uribarri,25,25,1
2024-07-04,14,N3207631929,Abando,19,19,1
2024-07-04,14,W110895854,Abando,19,19,2
2024-07-04,14,N5056355015,Uribarri,15,15,2
2024-07-04,14,W108504682,Abando,13,14,3
2024-07-04,14,N4060532217,Otxarkoaga-Txurdinaga,10,10,1
2024-07-04,14,N5056356248,Uribarri,10,10,3
2024-07-04,14,N4762096882,Abando,9,9,4
2024-07-04,14,W28211432,Abando,9,9,5
2024-07-04,14,W44016098,Abando,9,9,6
2024-07-04,14,W404432093,Ibaiondo,7,7,2
2024-07-04,14,W485363913,Ibaiondo,7,7,3
2024-07-04,14,N4761972760,Abando,6,6,7
2024-07-04,14,N1271964866,Abando,5,5,8
2024-07-04,14,N518227646,Abando,5,5,9
2024-07-04,14,W96337695,Abando,5,5,10
2024-07-04,14,W164510985,Otxarkoaga-Txurdinaga,4,8,2
2024-07-04,14,N4508853267,Uribarri,4,4,4
2024-07-04,14,N9607391207,Begona,4,4,1
2024-07-04,14,W375390416,Ibaiondo,4,4,4
2024-07-04,14,N4254043797,Deusto,3,3,1
2024-07-04,14,N5056379164,Abando,3,3,11
2024-07-04,14,N5056437799,Deusto,3,3,2
2024-07-04,14,N5301954699,Basurtu-Zorrotza,3,3,1
2024-07-04,14,W44113519,Abando,3,3,12
2024-07-04,14,N4060532216,Otxarkoaga-Txurdinaga,2,2,3
2024-07-04,14,N5056184623,Errekalde,2,2,1
2024-07-04,14,W123440604,Uribarri,2,2,5
2024-07-04,14,W41688628,Abando,2,2,13
2024-07-04,14,W123440625,Uribarri,1,1,6
2024-07-04,15,W108497734,Ibaiondo,41,41,1
2024-07-04,15,N4060532227,Uribarri,25,25,1
2024-07-04,15,W110895854,Abando,19,19,1
2024-07-04,15,W108504682,Abando,14,14,2
2024-07-04,15,N4060532217,Otxarkoaga-Txurdinaga,10,10,1
2024-07-04,15,W28211432,Abando,9,9,3
2024-07-04,15,W44016098,Abando,9,9,4
2024-07-04,15,W404432093,Ibaiondo,7,7,2
2024-07-04,15,W485363913,Ibaiondo,7,7,3
2024-07-04,15,N518227646,Abando,5,5,5
2024-07-04,15,W96337695,Abando,5,5,6
2024-07-04,15,N4508853267,Uribarri,4,4,2
2024-07-04,15,N9607391207,Begona,4,4,1
2024-07-04,15,W375390416,Ibaiondo,4,4,4
2024-07-04,15,N5056379164,Abando,3,3,7
2024-07-04,15,N5301954699,Basurtu-Zorrotza,3,3,1
2024-07-04,15,W44113519,Abando,3,3,8
2024-07-04,15,N4060532216,Otxarkoaga-Txurdinaga,2,2,2
2024-07-04,15,W123440604,Uribarri,2,2,3
2024-07-04,15,W123440625,Uribarri,1,1,4
2024-07-04,16,W108497734,Ibaiondo,41,41,1
2024-07-04,16,N4060532227,Uribarri,25,25,1
2024-07-04,16,N3207631929,Abando,19,19,1
2024-07-04,16,W110895854,Abando,19,19,2
2024-07-04,16,W108504682,Abando,13,14,3
2024-07-04,16,N4060532217,Otxarkoaga-Txurdinaga,10,10,1
2024-07-04,16,W28211432,Abando,9,9,4
2024-07-04,16,W44016098,Abando,9,9,5
2024-07-04,16,W404432093,Ibaiondo,7,7,2
2024-07-04,16,W485363913,Ibaiondo,7,7,3
2024-07-04,16,N5056200430,Basurtu-Zorrotza,6,6,1
2024-07-04,16,W301165234,Errekalde,6,6,1
2024-07-04,16,N518227646,Abando,5,5,6
2024-07-04,16,W96337695,Abando,5,5,7
2024-07-04,16,N4508853267,Uribarri,4,4,2
2024-07-04,16,N9607391207,Begona,4,4,1
2024-07-04,16,W375390416,Ibaiondo,4,4,4
2024-07-04,16,N5056379164,Abando,3,3,8
2024-07-04,16,N5301954699,Basurtu-Zorrotza,3,3,2
2024-07-04,16,W44113519,Abando,3,3,9
2024-07-04,16,N4060532216,Otxarkoaga-Txurdinaga,2,2,2
2024-07-04,16,W123440604,Uribarri,2,2,3
2024-07-04,16,W123440625,Uribarri,1,1,4
2024-07-04,17,W108497734,Ibaiondo,41,41,1
2024-07-04,17,N4060532227,Uribarri,25,25,1
2024-07-04,17,N3207631929,Abando,19,19,1
2024-07-04,17,W110895854,Abando,19,19,2
2024-07-04,17,W108504682,Abando,13,14,3
2024-07-04,17,N4060532217,Otxarkoaga-Txurdinaga,10,10,1
2024-07-04,17,W28211432,Abando,9,9,4
2024-07-04,17,W44016098,Abando,9,9,5
2024-07-04,17,W404432093,Ibaiondo,7,7,2
2024-07-04,17,W485363913,Ibaiondo,7,7,3
2024-07-04,17,N5056200430,Basurtu-Zorrotza,6,6,1
2024-07-04,17,W301165234,Errekalde,6,6,1
2024-07-04,17,N518227646,Abando,5,5,6
2024-07-04,17,W96337695,Abando,5,5,7
2024-07-04,17,N4508853267,Uribarri,4,4,2
2024-07-04,17,N9607391207,Begona,4,4,1
2024-07-04,17,W375390416,Ibaiondo,4,4,4
2024-07-04,17,N5056379164,Abando,3,3,8
2024-07-04,17,N5301954699,Basurtu-Zorrotza,3,3,2
2024-07-04,17,W44113519,Abando,3,3,9
2024-07-04,17,N4060532216,Otxarkoaga-Txurdinaga,2,2,2
2024-07-04,17,W123440604,Uribarri,2,2,3
2024-07-04,17,N5056421870,Deusto,1,1,1
2024-07-04,17,W123440625,Uribarri,1,1,4
2024-07-04,18,W108497734,Ibaiondo,41,41,1
2024-07-04,18,N4060532227,Uribarri,25,25,1
2024-07-04,18,N3207631929,Abando,19,19,1
2024-07-04,18,W108504682,Abando,13,14,2
2024-07-04,18,N4060532217,Otxarkoaga-Txurdinaga,10,10,1
2024-07-04,18,W163196945,Basurtu-Zorrotza,10,10,1
2024-07-04,18,N4762096882,Abando,9,9,3
2024-07-04,18,W28211432,Abando,9,9,4
2024-07-04,18,W44016098,Abando,9,9,5
2024-07-04,18,W404432093,Ibaiondo,7,7,2
2024-07-04,18,W485363913,Ibaiondo,7,7,3
2024-07-04,18,N5056200430,Basurtu-Zorrotza,6,6,2
2024-07-04,18,W301165234,Errekalde,6,6,1
2024-07-04,18,N1271964866,Abando,5,5,6
2024-07-04,18,N518227646,Abando,5,5,7
2024-07-04,18,W41525574,Ibaiondo,5,5,4
2024-07-04,18,W96337695,Abando,5,5,8
2024-07-04,18,N4508853267,Uribarri,4,4,2
2024-07-04,18,N9607391207,Begona,4,4,1
2024-07-04,18,W375390416,Ibaiondo,4,4,5
2024-07-04,18,N5056379164,Abando,3,3,9
2024-07-04,18,N5301954699,Basurtu-Zorrotza,3,3,3
2024-07-04,18,W44113519,Abando,3,3,10
2024-07-04,18,N4060532216,Otxarkoaga-Txurdinaga,2,2,2
2024-07-04,18,W123440604,Uribarri,2,2,3
2024-07-04,18,N5056421870,Deusto,1,1,1
2024-07-04,18,W123440625,Uribarri,1,1,4
2024-07-04,19,W108497734,Ibaiondo,41,41,1
2024-07-04,19,N4060532227,Uribarri,25,25,1
2024-07-04,19,N3207631929,Abando,19,19,1
2024-07-04,19,W108504682,Abando,13,14,2
2024-07-04,19,N4060532217,Otxarkoaga-Txurdinaga,10,10,1
2024-07-04,19,W163196945,Basurtu-Zorrotza,10,10,1
2024-07-04,19,N4762096882,Abando,9,9,3
2024-07-04,19,W28211432,Abando,9,9,4
2024-07-04,19,W44016098,Abando,9,9,5
2024-07-04,19,W404432093,Ibaiondo,7,7,2
2024-07-04,19,W485363913,Ibaiondo,7,7,3
2024-07-04,19,N5056200430,Basurtu-Zorrotza,6,6,2
2024-07-04,19,W301165234,Errekalde,6,6,1
2024-07-04,19,N1271964866,Abando,5,5,6
2024-07-04,19,N518227646,Abando,5,5,7
2024-07-04,19,W41525574,Ibaiondo,5,5,4
2024-07-04,19,W96337695,Abando,5,5,8
2024-07-04,19,N4508853267,Uribarri,4,4,2
2024-07-04,19,N9607391207,Begona,4,4,1
2024-07-04,19,W375390416,Ibaiondo,4,4,5
2024-07-04,19,N5056379164,Abando,3,3,9
2024-07-04,19,N5301954699,Basurtu-Zorrotza,3,3,3
2024-07-04,19,W44113519,Abando,3,3,10
2024-07-04,19,N4060532216,Otxarkoaga-Txurdinaga,2,2,2
2024-07-04,19,W123440604,Uribarri,2,2,3
2024-07-04,19,N5056421870,Deusto,1,1,1
2024-07-04,19,W123440625,Uribarri,1,1,4
2024-07-04,20,N4060532227,Uribarri,25,25,1
2024-07-04,20,N3207631929,Abando,19,19,1
2024-07-04,20,N4060532217,Otxarkoaga-Txurdinaga,10,10,1
2024-07-04,20,N4762096882,Abando,9,9,2
2024-07-04,20,W28211432,Abando,9,9,3
2024-07-04,20,W44016098,Abando,9,9,4
2024-07-04,20,W404432093,Ibaiondo,7,7,1
2024-07-04,20,W485363913,Ibaiondo,7,7,2
2024-07-04,20,N5056200430,Basurtu-Zorrotza,6,6,1
2024-07-04,20,W301165234,Errekalde,6,6,1
2024-07-04,20,N1271964866,Abando,5,5,5
2024-07-04,20,W96337695,Abando,5,5,6
2024-07-04,20,N4508853267,Uribarri,4,4,2
2024-07-04,20,W375390416,Ibaiondo,4,4,3
2024-07-04,20,N5056379164,Abando,3,3,7
2024-07-04,20,N5301954699,Basurtu-Zorrotza,3,3,2
2024-07-04,20,W44113519,Abando,3,3,8
2024-07-04,20,N4060532216,Otxarkoaga-Txurdinaga,2,2,2
2024-07-04,20,W123440604,Uribarri,2,2,3
2024-07-04,20,N5056421870,Deusto,1,1,1
2024-07-04,20,W123440625,Uribarri,1,1,4
2024-07-04,21,N4060532227,Uribarri,25,25,1
2024-07-04,21,N4060532217,Otxarkoaga-Txurdinaga,10,10,1
2024-07-04,21,W44016098,Abando,9,9,1
2024-07-04,21,W485363913,Ibaiondo,7,7,1
2024-07-04,21,N5056200430,Basurtu-Zorrotza,6,6,1
2024-07-04,21,W96337695,Abando,5,5,2
2024-07-04,21,N4508853267,Uribarri,4,4,2
2024-07-04,21,W375390416,Ibaiondo,4,4,2
2024-07-04,21,N5056379164,Abando,3,3,3
2024-07-04,21,N5301954699,Basurtu-Zorrotza,3,3,2
2024-07-04,21,W44113519,Abando,3,3,4
2024-07-04,21,N4060532216,Otxarkoaga-Txurdinaga,2,2,2
2024-07-04,21,W123440604,Uribarri,2,2,3
2024-07-04,21,N5056421870,Deusto,1,1,1
2024-07-04,21,W123440625,Uribarri,1,1,4
2024-07-04,22,N4060532227,Uribarri,25,25,1
2024-07-04,22,N4060532217,Otxarkoaga-Txurdinaga,10,10,1
2024-07-04,22,W485363913,Ibaiondo,7,7,1
2024-07-04,22,N4508853267,Uribarri,4,4,2
2024-07-04,22,N5056379164,Abando,3,3,1
2024-07-04,22,N5301954699,Basurtu-Zorrotza,3,3,1
2024-07-04,22,W28776478,Abando,3,3,2
2024-07-04,22,W44113519,Abando,3,3,3
2024-07-04,22,N4060532216,Otxarkoaga-Txurdinaga,2,2,2
2024-07-04,22,W123440604,Uribarri,2,2,3
2024-07-04,22,W123440625,Uribarri,1,1,4
2024-07-04,23,N4060532227,Uribarri,25,25,1
2024-07-04,23,N4060532217,Otxarkoaga-Txurdinaga,10,10,1
2024-07-04,23,W485363913,Ibaiondo,7,7,1
2024-07-04,23,N4508853267,Uribarri,4,4,2
2024-07-04,23,N5056379164,Abando,3,3,1
2024-07-04,23,N5301954699,Basurtu-Zorrotza,3,3,1
2024-07-04,23,W28776478,Abando,3,3,2
2024-07-04,23,W44113519,Abando,3,3,3
2024-07-04,23,N4060532216,Otxarkoaga-Txurdinaga,2,2,2
2024-07-05,5,N4060532227,Uribarri,25,25,1
2024-07-05,5,N4060532217,Otxarkoaga-Txurdinaga,10,10,1
2024-07-05,5,W485363913,Ibaiondo,7,7,1
2024-07-05,5,N4508853267,Uribarri,4,4,2
2024-07-05,5,W28776478,Abando,3,3,1
2024-07-05,5,N4060532216,Otxarkoaga-Txurdinaga,2,2,2
2024-07-05,6,N4060532227,Uribarri,25,25,1
2024-07-05,6,N4060532217,Otxarkoaga-Txurdinaga,10,10,1
2024-07-05,6,W485363913,Ibaiondo,7,7,1
2024-07-05,6,N4508853267,Uribarri,4,4,2
2024-07-05,6,N5056379164,Abando,3,3,1
2024-07-05,6,N5301954699,Basurtu-Zorrotza,3,3,1
2024-07-05,6,W28776478,Abando,3,3,2
2024-07-05,6,W44113519,Abando,3,3,3
2024-07-05,6,N4060532216,Otxarkoaga-Txurdinaga,2,2,2
2024-07-05,7,N4060532227,Uribarri,25,25,1
2024-07-05,7,N4060532217,Otxarkoaga-Txurdinaga,10,10,1
2024-07-05,7,W485363913,Ibaiondo,7,7,1
2024-07-05,7,N4508853267,Uribarri,4,4,2
2024-07-05,7,N5056379164,Abando,3,3,1
2024-07-05,7,N5301954699,Basurtu-Zorrotza,3,3,1
2024-07-05,7,W28776478,Abando,3,3,2
2024-07-05,7,W44113519,Abando,3,3,3
2024-07-05,7,N4060532216,Otxarkoaga-Txurdinaga,2,2,2
2024-07-05,8,N4060532227,Uribarri,25,25,1
2024-07-05,8,N5056355015,Uribarri,15,15,2
2024-07-05,8,N4060532217,Otxarkoaga-Txurdinaga,10,10,1
2024-07-05,8,N5056356248,Uribarri,10,10,3
2024-07-05,8,W485363913,Ibaiondo,7,7,1
2024-07-05,8,W164510985,Otxarkoaga-Txurdinaga,4,8,2
2024-07-05,8,N4508853267,Uribarri,4,4,4
2024-07-05,8,N4254043797,Deusto,3,3,1
2024-07-05,8,N5056379164,Abando,3,3,1
2024-07-05,8,N5056437799,Deusto,3,3,2
2024-07-05,8,N5301954699,Basurtu-Zorrotza,3,3,1
2024-07-05,8,W28776478,Abando,3,3,2
2024-07-05,8,W44113519,Abando,3,3,3
2024-07-05,8,N4060532216,Otxarkoaga-Txurdinaga,2,2,3
2024-07-05,8,N5056184623,Errekalde,2,2,1
2024-07-05,8,W123440604,Uribarri,2,2,5
2024-07-05,8,W41688628,Abando,2,2,4
2024-07-05,8,W123440625,Uribarri,1,1,6
2024-07-05,9,W108497734,Ibaiondo,41,41,1
2024-07-05,9,N4060532227,Uribarri,25,25,1
2024-07-05,9,W110895854,Abando,19,19,1
2024-07-05,9,N5056355015,Uribarri,15,15,2
2024-07-05,9,W108504682,Abando,14,14,2
2024-07-05,9,N9607467466,Basurtu-Zorrotza,11,11,1
2024-07-05,9,N4060532217,Otxarkoaga-Txurdinaga,10,10,1
2024-07-05,9,N5056356248,Uribarri,10,10,3
2024-07-05,9,W420558992,Ibaiondo,8,8,2
2024-07-05,9,N9607455457,Errekalde,7,7,1
2024-07-05,9,W485363913,Ibaiondo,7,7,3
2024-07-05,9,N4761972760,Abando,6,6,3
2024-07-05,9,W235157481,Otxarkoaga-Txurdinaga,6,6,2
2024-07-05,9,N5056328910,Begona,5,5,1
2024-07-05,9,N9607363904,Uribarri,5,5,4
2024-07-05,9,W96337695,Abando,5,5,4
2024-07-05,9,W164510985,Otxarkoaga-Txurdinaga,4,8,3
2024-07-05,9,N4508853267,Uribarri,4,4,5
2024-07-05,9,N9607391207,Begona,4,4,2
2024-07-05,9,W375390416,Ibaiondo,4,4,4
2024-07-05,9,N11229807742,Basurtu-Zorrotza,3,3,2
2024-07-05,9,N4254043797,Deusto,3,3,1
2024-07-05,9,N4731925117,Abando,3,3,5
2024-07-05,9,N5056379164,Abando,3,3,6
2024-07-05,9,N5056437799,Deusto,3,3,2
2024-07-05,9,N5301954699,Basurtu-Zorrotza,3,3,3
2024-07-05,9,W28776478,Abando,3,3,7
2024-07-05,9,W44113519,Abando,3,3,8
2024-07-05,9,N10308519810,Deusto,2,2,3
2024-07-05,9,N5056183351,Errekalde,2,2,2
2024-07-05,9,N5056184623,Errekalde,2,2,3
2024-07-05,9,W164512079,Otxarkoaga-Txurdinaga,2,2,4
2024-07-05,9,W41688628,Abando,2,2,9
2024-07-05,9,N4060532216,Otxarkoaga-Txurdinaga,1,2,5
2024-07-05,9,N5056088727,Ibaiondo,1,1,5
2024-07-05,9,W123440625,Uribarri,1,1,6
2024-07-05,10,W108497734,Ibaiondo,41,41,1
2024-07-05,10,N4060532227,Uribarri,25,25,1
2024-07-05,10,W110895854,Abando,19,19,1
2024-07-05,10,W48045715,Uribarri,15,15,2
2024-07-05,10,W108504682,Abando,14,14,2
2024-07-05,10,N9607467466,Basurtu-Zorrotza,11,11,1
2024-07-05,10,N4060532217,Otxarkoaga-Txurdinaga,10,10,1
2024-07-05,10,N5056356248,Uribarri,10,10,3
2024-07-05,10,W28211432,Abando,9,9,3
2024-07-05,10,W44016098,Abando,9,9,4
2024-07-05,10,W420558992,Ibaiondo,8,8,2
2024-07-05,10,N9607455457,Errekalde,7,7,1
2024-07-05,10,W404432093,Ibaiondo,7,7,3
2024-07-05,10,W485363913,Ibaiondo,7,7,4
2024-07-05,10,N4761972760,Abando,6,6,5
2024-07-05,10,W235157481,Otxarkoaga-Txurdinaga,6,6,2
2024-07-05,10,N1271964866,Abando,5,5,6
2024-07-05,10,N5056328910,Begona,5,5,1
2024-07-05,10,N9607363904,Uribarri,5,5,4
2024-07-05,10,W96337695,Abando,5,5,7
2024-07-05,10,W164510985,Otxarkoaga-Txurdinaga,4,8,3
2024-07-05,10,W41525574,Ibaiondo,4,5,5
2024-07-05,10,N4508853267,Uribarri,4,4,5
2024-07-05,10,N9607391207,Begona,4,4,2
2024-07-05,10,W375390416,Ibaiondo,4,4,6
2024-07-05,10,N11229807742,Basurtu-Zorrotza,3,3,2
2024-07-05,10,N4254043797,Deusto,3,3,1
2024-07-05,10,N4731925117,Abando,3,3,8
2024-07-05,10,N5056379164,Abando,3,3,9
2024-07-05,10,N5056437799,Deusto,3,3,2
2024-07-05,10,N5301954699,Basurtu-Zorrotza,3,3,3
2024-07-05,10,W44113519,Abando,3,3,10
2024-07-05,10,N10308519810,Deusto,2,2,3
2024-07-05,10,N5056183351,Errekalde,2,2,2
2024-07-05,10,N5056184623,Errekalde,2,2,3
2024-07-05,10,W164512079,Otxarkoaga-Txurdinaga,2,2,4
2024-07-05,10,W41688628,Abando,2,2,11
2024-07-05,10,N4060532216,Otxarkoaga-Txurdinaga,1,2,5
2024-07-05,10,N5056088727,Ibaiondo,1,1,7
2024-07-05,10,W123440625,Uribarri,1,1,6
2024-07-05,11,W108497734,Ibaiondo,41,41,1
2024-07-05,11,N4060532227,Uribarri,25,25,1
2024-07-05,11,N3207631929,Abando,19,19,1
2024-07-05,11,W110895854,Abando,19,19,2
2024-07-05,11,N5056355015,Uribarri,15,15,2
2024-07-05,11,W108504682,Abando,13,14,3
2024-07-05,11,N9607467466,Basurtu-Zorrotza,11,11,1
2024-07-05,11,N4060532217,Otxarkoaga-Txurdinaga,10,10,1
2024-07-05,11,N5056356248,Uribarri,10,10,3
2024-07-05,11,W163196945,Basurtu-Zorrotza,10,10,2
2024-07-05,11,N4762096882,Abando,9,9,4
2024-07-05,11,W28211432,Abando,9,9,5
2024-07-05,11,W44016098,Abando,9,9,6
2024-07-05,11,W420558992,Ibaiondo,8,8,2
2024-07-05,11,N9607455457,Errekalde,7,7,1
2024-07-05,11,W404432093,Ibaiondo,7,7,3
2024-07-05,11,W485363913,Ibaiondo,7,7,4
2024-07-05,11,N4761972760,Abando,6,6,7
2024-07-05,11,W235157481,Otxarkoaga-Txurdinaga,6,6,2
2024-07-05,11,N1271964866,Abando,5,5,8
2024-07-05,11,N5056328910,Begona,5,5,1
2024-07-05,11,N518227646,Abando,5,5,9
2024-07-05,11,N9607363904,Uribarri,5,5,4
2024-07-05,11,W96337695,Abando,5,5,10
2024-07-05,11,W164510985,Otxarkoaga-Txurdinaga,4,8,3
2024-07-05,11,W41525574,Ibaiondo,4,5,5
2024-07-05,11,N4508853267,Uribarri,4,4,5
2024-07-05,11,N9607391207,Begona,4,4,2
2024-07-05,11,W375390416,Ibaiondo,4,4,6
2024-07-05,11,N11229807742,Basurtu-Zorrotza,3,3,3
2024-07-05,11,N4254043797,Deusto,3,3,1
2024-07-05,11,N4731925117,Abando,3,3,11
2024-07-05,11,N5056379164,Abando,3,3,12
2024-07-05,11,N5056437799,Deusto,3,3,2
2024-07-05,11,N5301954699,Basurtu-Zorrotza,3,3,4
2024-07-05,11,W44113519,Abando,3,3,13
2024-07-05,11,N10308519810,Deusto,2,2,3
2024-07-05,11,N5056183351,Errekalde,2,2,2
2024-07-05,11,N5056184623,Errekalde,2,2,3
2024-07-05,11,W164512079,Otxarkoaga-Txurdinaga,2,2,4
2024-07-05,11,W41688628,Abando,2,2,14
2024-07-05,11,N4060532216,Otxarkoaga-Txurdinaga,1,2,5
2024-07-05,11,N5056088727,Ibaiondo,1,1,7
2024-07-05,11,W123440625,Uribarri,1,1,6
2024-07-05,12,W108497734,Ibaiondo,41,41,1
2024-07-05,12,N4060532227,Uribarri,25,25,1
2024-07-05,12,N3207631929,Abando,19,19,1
2024-07-05,12,W110895854,Abando,19,19,2
2024-07-05,12,N5056355015,Uribarri,15,15,2
2024-07-05,12,W108504682,Abando,13,14,3
2024-07-05,12,N9607467466,Basurtu-Zorrotza,11,11,1
2024-07-05,12,N4060532217,Otxarkoaga-Txurdinaga,10,10,1
2024-07-05,12,N5056356248,Uribarri,10,10,3
2024-07-05,12,W163196945,Basurtu-Zorrotza,10,10,2
2024-07-05,12,N4762096882,Abando,9,9,4
2024-07-05,12,W28211432,Abando,9,9,5
2024-07-05,12,W44016098,Abando,9,9,6
2024-07-05,12,W420558992,Ibaiondo,8,8,2
2024-07-05,12,N9607455457,Errekalde,7,7,1
2024-07-05,12,W404432093,Ibaiondo,7,7,3
2024-07-05,12,W485363913,Ibaiondo,7,7,4
2024-07-05,12,N4761972760,Abando,6,6,7
2024-07-05,12,W235157481,Otxarkoaga-Txurdinaga,6,6,2
2024-07-05,12,N1271964866,Abando,5,5,8
2024-07-05,12,N5056328910,Begona,5,5,1
2024-07-05,12,N518227646,Abando,5,5,9
2024-07-05,12,N9607363904,Uribarri,5,5,4
2024-07-05,12,W96337695,Abando,5,5,10
2024-07-05,12,W164510985,Otxarkoaga-Txurdinaga,4,8,3
2024-07-05,12,W41525574,Ibaiondo,4,5,5
2024-07-05,12,N4508853267,Uribarri,4,4,5
2024-07-05,12,N9607391207,Begona,4,4,2
2024-07-05,12,W375390416,Ibaiondo,4,4,6
2024-07-05,12,N11229807742,Basurtu-Zorrotza,3,3,3
2024-07-05,12,N4254043797,Deusto,3,3,1
2024-07-05,12,N4731925117,Abando,3,3,11
2024-07-05,12,N5056379164,Abando,3,3,12
2024-07-05,12,N5056437799,Deusto,3,3,2
2024-07-05,12,N5301954699,Basurtu-Zorrotza,3,3,4
2024-07-05,12,W44113519,Abando,3,3,13
2024-07-05,12,N10308519810,Deusto,2,2,3
2024-07-05,12,N5056183351,Errekalde,2,2,2
2024-07-05,12,N5056184623,Errekalde,2,2,3
2024-07-05,12,W164512079,Otxarkoaga-Txurdinaga,2,2,4
2024-07-05,12,W41688628,Abando,2,2,14
2024-07-05,12,N4060532216,Otxarkoaga-Txurdinaga,1,2,5
2024-07-05,12,N5056088727,Ibaiondo,1,1,7
2024-07-05,12,W123440625,Uribarri,1,1,6
2024-07-05,13,W108497734,Ibaiondo,41,41,1
2024-07-05,13,N4060532227,Uribarri,25,25,1
2024-07-05,13,N3207631929,Abando,19,19,1
2024-07-05,13,W110895854,Abando,19,19,2
2024-07-05,13,N5056355015,Uribarri,15,15,2
2024-07-05,13,W108504682,Abando,13,14,3
2024-07-05,13,N9607467466,Basurtu-Zorrotza,11,11,1
2024-07-05,13,N4060532217,Otxarkoaga-Txurdinaga,10,10,1
2024-07-05,13,N5056356248,Uribarri,10,10,3
2024-07-05,13,W163196945,Basurtu-Zorrotza,10,10,2
2024-07-05,13,N4762096882,Abando,9,9,4
2024-07-05,13,W28211432,Abando,9,9,5
2024-07-05,13,W44016098,Abando,9,9,6
2024-07-05,13,W420558992,Ibaiondo,8,8,2
2024-07-05,13,N9607455457,Errekalde,7,7,1
2024-07-05,13,W404432093,Ibaiondo,7,7,3
2024-07-05,13,W485363913,Ibaiondo,7,7,4
2024-07-05,13,N4761972760,Abando,6,6,7
2024-07-05,13,W235157481,Otxarkoaga-Txurdinaga,6,6,2
2024-07-05,13,N1271964866,Abando,5,5,8
2024-07-05,13,N5056328910,Begona,5,5,1
2024-07-05,13,N518227646,Abando,5,5,9
2024-07-05,13,N9607363904,Uribarri,5,5,4
2024-07-05,13,W96337695,Abando,5,5,10
2024-07-05,13,W164510985,Otxarkoaga-Txurdinaga,4,8,3
2024-07-05,13,N4508853267,Uribarri,4,4,5
2024-07-05,13,N9607391207,Begona,4,4,2
2024-07-05,13,W375390416,Ibaiondo,4,4,5
2024-07-05,13,N11229807742,Basurtu-Zorrotza,3,3,3
2024-07-05,13,N4254043797,Deusto,3,3,1
2024-07-05,13,N4731925117,Abando,3,3,11
2024-07-05,13,N5056379164,Abando,3,3,12
2024-07-05,13,N5056437799,Deusto,3,3,2
2024-07-05,13,N5301954699,Basurtu-Zorrotza,3,3,4
2024-07-05,13,W44113519,Abando,3,3,13
2024-07-05,13,N10308519810,Deusto,2,2,3
2024-07-05,13,N5056183351,Errekalde,2,2,2
2024-07-05,13,N5056184623,Errekalde,2,2,3
2024-07-05,13,W164512079,Otxarkoaga-Txurdinaga,2,2,4
2024-07-05,13,W41688628,Abando,2,2,14
2024-07-05,13,N4060532216,Otxarkoaga-Txurdinaga,1,2,5
2024-07-05,13,N5056088727,Ibaiondo,1,1,6
2024-07-05,13,W123440625,Uribarri,1,1,6
2024-07-05,14,W108497734,Ibaiondo,41,41,1
2024-07-05,14,N4060532227,Uribarri,25,25,1
2024-07-05,14,N3207631929,Abando,19,19,1
2024-07-05,14,W110895854,Abando,19,19,2
2024-07-05,14,N5056355015,Uribarri,15,15,2
2024-07-05,14,W108504682,Abando,13,14,3
2024-07-05,14,N4060532217,Otxarkoaga-Txurdinaga,10,10,1
2024-07-05,14,N5056356248,Uribarri,10,10,3
2024-07-05,14,N4762096882,Abando,9,9,4
2024-07-05,14,W28211432,Abando,9,9,5
2024-07-05,14,W44016098,Abando,9,9,6
2024-07-05,14,W404432093,Ibaiondo,7,7,2
2024-07-05,14,W485363913,Ibaiondo,7,7,3
2024-07-05,14,N4761972760,Abando,6,6,7
2024-07-05,14,N1271964866,Abando,5,5,8
2024-07-05,14,N518227646,Abando,5,5,9
2024-07-05,14,W96337695,Abando,5,5,10
2024-07-05,14,W164510985,Otxarkoaga-Txurdinaga,4,8,2
2024-07-05,14,N4508853267,Uribarri,4,4,4
2024-07-05,14,N9607391207,Begona,4,4,1
2024-07-05,14,W375390416,Ibaiondo,4,4,4
2024-07-05,14,N4254043797,Deusto,3,3,1
2024-07-05,14,N5056379164,Abando,3,3,11
2024-07-05,14,N5056437799,Deusto,3,3,2
2024-07-05,14,N5301954699,Basurtu-Zorrotza,3,3,1
2024-07-05,14,W44113519,Abando,3,3,12
2024-07-05,14,N4060532216,Otxarkoaga-Txurdinaga,2,2,3
2024-07-05,14,N5056184623,Errekalde,2,2,1
2024-07-05,14,W123440604,Uribarri,2,2,5
2024-07-05,14,W41688628,Abando,2,2,13
2024-07-05,14,W123440625,Uribarri,1,1,6
2024-07-05,15,W108497734,Ibaiondo,41,41,1
2024-07-05,15,N4060532227,Uribarri,25,25,1
2024-07-05,15,W110895854,Abando,19,19,1
2024-07-05,15,W108504682,Abando,14,14,2
2024-07-05,15,N4060532217,Otxarkoaga-Txurdinaga,10,10,1
2024-07-05,15,W28211432,Abando,9,9,3
2024-07-05,15,W44016098,Abando,9,9,4
2024-07-05,15,W404432093,Ibaiondo,7,7,2
2024-07-05,15,W485363913,Ibaiondo,7,7,3
2024-07-05,15,N518227646,Abando,5,5,5
2024-07-05,15,W96337695,Abando,5,5,6
2024-07-05,15,N4508853267,Uribarri,4,4,2
2024-07-05,15,N9607391207,Begona,4,4,1
2024-07-05,15,W375390416,Ibaiondo,4,4,4
2024-07-05,15,N5056379164,Abando,3,3,7
2024-07-05,15,N5301954699,Basurtu-Zorrotza,3,3,1
2024-07-05,15,W44113519,Abando,3,3,8
2024-07-05,15,N4060532216,Otxarkoaga-Txurdinaga,2,2,2
2024-07-05,15,W123440604,Uribarri,2,2,3
2024-07-05,15,W123440625,Uribarri,1,1,4
2024-07-05,16,W108497734,Ibaiondo,41,41,1
2024-07-05,16,N4060532227,Uribarri,25,25,1
2024-07-05,16,N3207631929,Abando,19,19,1
2024-07-05,16,W110895854,Abando,19,19,2
2024-07-05,16,W108504682,Abando,13,14,3
2024-07-05,16,N4060532217,Otxarkoaga-Txurdinaga,10,10,1
2024-07-05,16,W28211432,Abando,9,9,4
2024-07-05,16,W44016098,Abando,9,9,5
2024-07-05,16,W404432093,Ibaiondo,7,7,2
2024-07-05,16,W485363913,Ibaiondo,7,7,3
2024-07-05,16,N5056200430,Basurtu-Zorrotza,6,6,1
2024-07-05,16,W301165234,Errekalde,6,6,1
2024-07-05,16,N518227646,Abando,5,5,6
2024-07-05,16,W96337695,Abando,5,5,7
2024-07-05,16,N4508853267,Uribarri,4,4,2
2024-07-05,16,N9607391207,Begona,4,4,1
2024-07-05,16,W375390416,Ibaiondo,4,4,4
2024-07-05,16,N5056379164,Abando,3,3,8
2024-07-05,16,N5301954699,Basurtu-Zorrotza,3,3,2
2024-07-05,16,W44113519,Abando,3,3,9
2024-07-05,16,N4060532216,Otxarkoaga-Txurdinaga,2,2,2
2024-07-05,16,W123440604,Uribarri,2,2,3
2024-07-05,16,W123440625,Uribarri,1,1,4
2024-07-05,17,W108497734,Ibaiondo,41,41,1
2024-07-05,17,N4060532227,Uribarri,25,25,1
2024-07-05,17,N3207631929,Abando,19,19,1
2024-07-05,17,W110895854,Abando,19,19,2
2024-07-05,17,W108504682,Abando,13,14,3
2024-07-05,17,N4060532217,Otxarkoaga-Txurdinaga,10,10,1
2024-07-05,17,W28211432,Abando,9,9,4
2024-07-05,17,W44016098,Abando,9,9,5
2024-07-05,17,W404432093,Ibaiondo,7,7,2
2024-07-05,17,W485363913,Ibaiondo,7,7,3
2024-07-05,17,N5056200430,Basurtu-Zorrotza,6,6,1
2024-07-05,17,W301165234,Errekalde,6,6,1
2024-07-05,17,N518227646,Abando,5,5,6
2024-07-05,17,W96337695,Abando,5,5,7
2024-07-05,17,W164510985,Otxarkoaga-Txurdinaga,4,8,2
2024-07-05,17,N4508853267,Uribarri,4,4,2
2024-07-05,17,N9607391207,Begona,4,4,1
2024-07-05,17,W375390416,Ibaiondo,4,4,4
2024-07-05,17,N4254043797,Deusto,3,3,1
2024-07-05,17,N5056379164,Abando,3,3,8
2024-07-05,17,N5301954699,Basurtu-Zorrotza,3,3,2
2024-07-05,17,W44113519,Abando,3,3,9
2024-07-05,17,N4060532216,Otxarkoaga-Txurdinaga,2,2,3
2024-07-05,17,N5056184623,Errekalde,2,2,2
2024-07-05,17,W123440604,Uribarri,2,2,3
2024-07-05,17,N5056421870,Deusto,1,1,2
2024-07-05,17,W123440625,Uribarri,1,1,4
2024-07-05,18,W108497734,Ibaiondo,41,41,1
2024-07-05,18,N4060532227,Uribarri,25,25,1
2024-07-05,18,N3207631929,Abando,19,19,1
2024-07-05,18,W108504682,Abando,13,14,2
2024-07-05,18,N4060532217,Otxarkoaga-Txurdinaga,10,10,1
2024-07-05,18,W163196945,Basurtu-Zorrotza,10,10,1
2024-07-05,18,N4762096882,Abando,9,9,3
2024-07-05,18,W28211432,Abando,9,9,4
2024-07-05,18,W44016098,Abando,9,9,5
2024-07-05,18,W404432093,Ibaiondo,7,7,2
2024-07-05,18,W485363913,Ibaiondo,7,7,3
2024-07-05,18,N5056200430,Basurtu-Zorrotza,6,6,2
2024-07-05,18,W301165234,Errekalde,6,6,1
2024-07-05,18,N1271964866,Abando,5,5,6
2024-07-05,18,N518227646,Abando,5,5,7
2024-07-05,18,W41525574,Ibaiondo,5,5,4
2024-07-05,18,W96337695,Abando,5,5,8
2024-07-05,18,W164510985,Otxarkoaga-Txurdinaga,4,8,2
2024-07-05,18,N4508853267,Uribarri,4,4,2
2024-07-05,18,N9607391207,Begona,4,4,1
2024-07-05,18,W375390416,Ibaiondo,4,4,5
2024-07-05,18,N4254043797,Deusto,3,3,1
2024-07-05,18,N5056379164,Abando,3,3,9
2024-07-05,18,N5301954699,Basurtu-Zorrotza,3,3,3
2024-07-05,18,W44113519,Abando,3,3,10
2024-07-05,18,N4060532216,Otxarkoaga-Txurdinaga,2,2,3
2024-07-05,18,N5056184623,Errekalde,2,2,2
2024-07-05,18,W123440604,Uribarri,2,2,3
2024-07-05,18,N5056421870,Deusto,1,1,2
2024-07-05,18,W123440625,Uribarri,1,1,4
2024-07-05,19,W108497734,Ibaiondo,41,41,1
2024-07-05,19,N4060532227,Uribarri,25,25,1
2024-07-05,19,N3207631929,Abando,19,19,1
2024-07-05,19,W108504682,Abando,13,14,2
2024-07-05,19,N4060532217,Otxarkoaga-Txurdinaga,10,10,1
2024-07-05,19,W163196945,Basurtu-Zorrotza,10,10,1
2024-07-05,19,N4762096882,Abando,9,9,3
2024-07-05,19,W28211432,Abando,9,9,4
2024-07-05,19,W44016098,Abando,9,9,5
2024-07-05,19,W404432093,Ibaiondo,7,7,2
2024-07-05,19,W485363913,Ibaiondo,7,7,3
2024-07-05,19,N5056200430,Basurtu-Zorrotza,6,6,2
2024-07-05,19,W301165234,Errekalde,6,6,1
2024-07-05,19,N1271964866,Abando,5,5,6
2024-07-05,19,N518227646,Abando,5,5,7
2024-07-05,19,W41525574,Ibaiondo,5,5,4
2024-07-05,19,W96337695,Abando,5,5,8
2024-07-05,19,W164510985,Otxarkoaga-Txurdinaga,4,8,2
2024-07-05,19,N4508853267,Uribarri,4,4,2
2024-07-05,19,N9607391207,Begona,4,4,1
2024-07-05,19,W375390416,Ibaiondo,4,4,5
2024-07-05,19,N4254043797,Deusto,3,3,1
2024-07-05,19,N5056379164,Abando,3,3,9
2024-07-05,19,N5301954699,Basurtu-Zorrotza,3,3,3
2024-07-05,19,W44113519,Abando,3,3,10
2024-07-05,19,N4060532216,Otxarkoaga-Txurdinaga,2,2,3
2024-07-05,19,N5056184623,Errekalde,2,2,2
2024-07-05,19,W123440604,Uribarri,2,2,3
2024-07-05,19,N5056421870,Deusto,1,1,2
2024-07-05,19,W123440625,Uribarri,1,1,4
2024-07-05,20,N4060532227,Uribarri,25,25,1
2024-07-05,20,N3207631929,Abando,19,19,1
2024-07-05,20,N4060532217,Otxarkoaga-Txurdinaga,10,10,1
2024-07-05,20,N4762096882,Abando,9,9,2
2024-07-05,20,W28211432,Abando,9,9,3
2024-07-05,20,W44016098,Abando,9,9,4
2024-07-05,20,W404432093,Ibaiondo,7,7,1
2024-07-05,20,W485363913,Ibaiondo,7,7,2
2024-07-05,20,N5056200430,Basurtu-Zorrotza,6,6,1
2024-07-05,20,W301165234,Errekalde,6,6,1
2024-07-05,20,N1271964866,Abando,5,5,5
2024-07-05,20,W96337695,Abando,5,5,6
2024-07-05,20,W164510985,Otxarkoaga-Txurdinaga,4,8,2
2024-07-05,20,N4508853267,Uribarri,4,4,2
2024-07-05,20,W375390416,Ibaiondo,4,4,3
2024-07-05,20,N4254043797,Deusto,3,3,1
2024-07-05,20,N5056379164,Abando,3,3,7
2024-07-05,20,N5301954699,Basurtu-Zorrotza,3,3,2
2024-07-05,20,W44113519,Abando,3,3,8
2024-07-05,20,N4060532216,Otxarkoaga-Txurdinaga,2,2,3
2024-07-05,20,N5056184623,Errekalde,2,2,2
2024-07-05,20,W123440604,Uribarri,2,2,3
2024-07-05,20,N5056421870,Deusto,1,1,2
2024-07-05,20,W123440625,Uribarri,1,1,4
2024-07-05,21,N4060532227,Uribarri,25,25,1
2024-07-05,21,N4060532217,Otxarkoaga-Txurdinaga,10,10,1
2024-07-05,21,W44016098,Abando,9,9,1
2024-07-05,21,W485363913,Ibaiondo,7,7,1
2024-07-05,21,N5056200430,Basurtu-Zorrotza,6,6,1
2024-07-05,21,W96337695,Abando,5,5,2
2024-07-05,21,N4508853267,Uribarri,4,4,2
2024-07-05,21,W375390416,Ibaiondo,4,4,2
2024-07-05,21,N5056379164,Abando,3,3,3
2024-07-05,21,N5301954699,Basurtu-Zorrotza,3,3,2
2024-07-05,21,W44113519,Abando,3,3,4
2024-07-05,21,N4060532216,Otxarkoaga-Txurdinaga,2,2,2
2024-07-05,21,W123440604,Uribarri,2,2,3
2024-07-05,21,N5056421870,Deusto,1,1,1
2024-07-05,21,W123440625,Uribarri,1,1,4
2024-07-05,22,N4060532227,Uribarri,25,25,1
2024-07-05,22,N4060532217,Otxarkoaga-Txurdinaga,10,10,1
2024-07-05,22,W485363913,Ibaiondo,7,7,1
2024-07-05,22,N4508853267,Uribarri,4,4,2
2024-07-05,22,N5056379164,Abando,3,3,1
2024-07-05,22,N5301954699,Basurtu-Zorrotza,3,3,1
2024-07-05,22,W28776478,Abando,3,3,2
2024-07-05,22,W44113519,Abando,3,3,3
2024-07-05,22,N4060532216,Otxarkoaga-Txurdinaga,2,2,2
2024-07-05,22,W123440604,Uribarri,2,2,3
2024-07-05,22,W123440625,Uribarri,1,1,4
2024-07-05,23,N4060532227,Uribarri,25,25,1
2024-07-05,23,N4060532217,Otxarkoaga-Txurdinaga,10,10,1
2024-07-05,23,W485363913,Ibaiondo,7,7,1
2024-07-05,23,N4508853267,Uribarri,4,4,2
2024-07-05,23,N5056379164,Abando,3,3,1
2024-07-05,23,N5301954699,Basurtu-Zorrotza,3,3,1
2024-07-05,23,W28776478,Abando,3,3,2
2024-07-05,23,W44113519,Abando,3,3,3
2024-07-05,23,N4060532216,Otxarkoaga-Txurdinaga,2,2,2
2024-07-06,5,W28776478,Abando,3,3,1
2024-07-06,6,N4060532227,Uribarri,25,25,1
2024-07-06,6,N4060532217,Otxarkoaga-Txurdinaga,10,10,1
2024-07-06,6,W485363913,Ibaiondo,7,7,1
2024-07-06,6,N4508853267,Uribarri,4,4,2
2024-07-06,6,N5056379164,Abando,3,3,1
2024-07-06,6,N5301954699,Basurtu-Zorrotza,3,3,1
2024-07-06,6,W28776478,Abando,3,3,2
2024-07-06,6,W44113519,Abando,3,3,3
2024-07-06,6,N4060532216,Otxarkoaga-Txurdinaga,2,2,2
2024-07-06,7,N4060532227,Uribarri,25,25,1
2024-07-06,7,N4060532217,Otxarkoaga-Txurdinaga,10,10,1
2024-07-06,7,W485363913,Ibaiondo,7,7,1
2024-07-06,7,N4508853267,Uribarri,4,4,2
2024-07-06,7,N5056379164,Abando,3,3,1
2024-07-06,7,N5301954699,Basurtu-Zorrotza,3,3,1
2024-07-06,7,W28776478,Abando,3,3,2
2024-07-06,7,W44113519,Abando,3,3,3
2024-07-06,7,N4060532216,Otxarkoaga-Txurdinaga,2,2,2
2024-07-06,8,N4060532227,Uribarri,25,25,1
2024-07-06,8,N5056355015,Uribarri,15,15,2
2024-07-06,8,N4060532217,Otxarkoaga-Txurdinaga,10,10,1
2024-07-06,8,N5056356248,Uribarri,10,10,3
2024-07-06,8,W485363913,Ibaiondo,7,7,1
2024-07-06,8,W164510985,Otxarkoaga-Txurdinaga,4,8,2
2024-07-06,8,N4508853267,Uribarri,4,4,4
2024-07-06,8,N4254043797,Deusto,3,3,1
2024-07-06,8,N5056379164,Abando,3,3,1
2024-07-06,8,N5056437799,Deusto,3,3,2
2024-07-06,8,N5301954699,Basurtu-Zorrotza,3,3,1
2024-07-06,8,W28776478,Abando,3,3,2
2024-07-06,8,W44113519,Abando,3,3,3
2024-07-06,8,N4060532216,Otxarkoaga-Txurdinaga,2,2,3
2024-07-06,8,N5056184623,Errekalde,2,2,1
2024-07-06,8,W123440604,Uribarri,2,2,5
2024-07-06,8,W41688628,Abando,2,2,4
2024-07-06,8,W123440625,Uribarri,1,1,6
2024-07-06,9,N4060532227,Uribarri,25,25,1
2024-07-06,9,W110895854,Abando,19,19,1
2024-07-06,9,N5056355015,Uribarri,15,15,2
2024-07-06,9,W108504682,Abando,14,14,2
2024-07-06,9,N4060532217,Otxarkoaga-Txurdinaga,10,10,1
2024-07-06,9,N5056356248,Uribarri,10,10,3
2024-07-06,9,W485363913,Ibaiondo,7,7,1
2024-07-06,9,W96337695,Abando,5,5,3
2024-07-06,9,W164510985,Otxarkoaga-Txurdinaga,4,8,2
2024-07-06,9,N4508853267,Uribarri,4,4,4
2024-07-06,9,N4254043797,Deusto,3,3,1
2024-07-06,9,N5056379164,Abando,3,3,4
2024-07-06,9,N5056437799,Deusto,3,3,2
2024-07-06,9,N5301954699,Basurtu-Zorrotza,3,3,1
2024-07-06,9,W28776478,Abando,3,3,5
2024-07-06,9,W44113519,Abando,3,3,6
2024-07-06,9,N4060532216,Otxarkoaga-Txurdinaga,2,2,3
2024-07-06,9,N5056184623,Errekalde,2,2,1
2024-07-06,9,W123440604,Uribarri,2,2,5
2024-07-06,9,W41688628,Abando,2,2,7
2024-07-06,9,W123440625,Uribarri,1,1,6
2024-07-06,10,N4060532227,Uribarri,25,25,1
2024-07-06,10,W110895854,Abando,19,19,1
2024-07-06,10,N5056355015,Uribarri,15,15,2
2024-07-06,10,W108504682,Abando,14,14,2
2024-07-06,10,N4060532217,Otxarkoaga-Txurdinaga,10,10,1
2024-07-06,10,N5056356248,Uribarri,10,10,3
2024-07-06,10,W28211432,Abando,9,9,3
2024-07-06,10,W44016098,Abando,9,9,4
2024-07-06,10,W404432093,Ibaiondo,7,7,1
2024-07-06,10,W485363913,Ibaiondo,7,7,2
2024-07-06,10,N1271964866,Abando,5,5,5
2024-07-06,10,W41525574,Ibaiondo,5,5,3
2024-07-06,10,W96337695,Abando,5,5,6
2024-07-06,10,W164510985,Otxarkoaga-Txurdinaga,4,8,2
2024-07-06,10,N4508853267,Uribarri,4,4,4
2024-07-06,10,N4254043797,Deusto,3,3,1
2024-07-06,10,N5056379164,Abando,3,3,7
2024-07-06,10,N5056437799,Deusto,3,3,2
2024-07-06,10,N5301954699,Basurtu-Zorrotza,3,3,1
2024-07-06,10,W44113519,Abando,3,3,8
2024-07-06,10,N4060532216,Otxarkoaga-Txurdinaga,2,2,3
2024-07-06,10,N5056184623,Errekalde,2,2,1
2024-07-06,10,W123440604,Uribarri,2,2,5
2024-07-06,10,W41688628,Abando,2,2,9
2024-07-06,10,W123440625,Uribarri,1,1,6
2024-07-06,11,N4060532227,Uribarri,25,25,1
2024-07-06,11,N3207631929,Abando,19,19,1
2024-07-06,11,W110895854,Abando,19,19,2
2024-07-06,11,N5056355015,Uribarri,15,15,2
2024-07-06,11,W108504682,Abando,13,14,3
2024-07-06,11,N4060532217,Otxarkoaga-Txurdinaga,10,10,1
2024-07-06,11,N5056356248,Uribarri,10,10,3
2024-07-06,11,W163196945,Basurtu-Zorrotza,10,10,1
2024-07-06,11,N4762096882,Abando,9,9,4
2024-07-06,11,W28211432,Abando,9,9,5
2024-07-06,11,W44016098,Abando,9,9,6
2024-07-06,11,W404432093,Ibaiondo,7,7,1
2024-07-06,11,W485363913,Ibaiondo,7,7,2
2024-07-06,11,N1271964866,Abando,5,5,7
2024-07-06,11,N518227646,Abando,5,5,8
2024-07-06,11,W41525574,Ibaiondo,5,5,3
2024-07-06,11,W96337695,Abando,5,5,9
2024-07-06,11,W164510985,Otxarkoaga-Txurdinaga,4,8,2
2024-07-06,11,N4508853267,Uribarri,4,4,4
2024-07-06,11,N4254043797,Deusto,3,3,1
2024-07-06,11,N5056379164,Abando,3,3,10
2024-07-06,11,N5056437799,Deusto,3,3,2
2024-07-06,11,N5301954699,Basurtu-Zorrotza,3,3,2
2024-07-06,11,W44113519,Abando,3,3,11
2024-07-06,11,N4060532216,Otxarkoaga-Txurdinaga,2,2,3
2024-07-06,11,N5056184623,Errekalde,2,2,1
2024-07-06,11,W123440604,Uribarri,2,2,5
2024-07-06,11,W41688628,Abando,2,2,12
2024-07-06,11,W123440625,Uribarri,1,1,6
2024-07-06,12,N4060532227,Uribarri,25,25,1
2024-07-06,12,N3207631929,Abando,19,19,1
2024-07-06,12,W110895854,Abando,19,19,2
2024-07-06,12,N5056355015,Uribarri,15,15,2
2024-07-06,12,W108504682,Abando,13,14,3
2024-07-06,12,N4060532217,Otxarkoaga-Txurdinaga,10,10,1
2024-07-06,12,N5056356248,Uribarri,10,10,3
2024-07-06,12,W163196945,Basurtu-Zorrotza,10,10,1
2024-07-06,12,N4762096882,Abando,9,9,4
2024-07-06,12,W28211432,Abando,9,9,5
2024-07-06,12,W44016098,Abando,9,9,6
2024-07-06,12,W404432093,Ibaiondo,7,7,1
2024-07-06,12,W485363913,Ibaiondo,7,7,2
2024-07-06,12,N1271964866,Abando,5,5,7
2024-07-06,12,N518227646,Abando,5,5,8
2024-07-06,12,W41525574,Ibaiondo,5,5,3
2024-07-06,12,W96337695,Abando,5,5,9
2024-07-06,12,W164510985,Otxarkoaga-Txurdinaga,4,8,2
2024-07-06,12,N4508853267,Uribarri,4,4,4
2024-07-06,12,N4254043797,Deusto,3,3,1
2024-07-06,12,N5056379164,Abando,3,3,10
2024-07-06,12,N5056437799,Deusto,3,3,2
2024-07-06,12,N5301954699,Basurtu-Zorrotza,3,3,2
2024-07-06,12,W44113519,Abando,3,3,11
2024-07-06,12,N4060532216,Otxarkoaga-Txurdinaga,2,2,3
2024-07-06,12,N5056184623,Errekalde,2,2,1
2024-07-06,12,W123440604,Uribarri,2,2,5
2024-07-06,12,W41688628,Abando,2,2,12
2024-07-06,12,W123440625,Uribarri,1,1,6
2024-07-06,13,N4060532227,Uribarri,25,25,1
2024-07-06,13,N3207631929,Abando,19,19,1
2024-07-06,13,W110895854,Abando,19,19,2
2024-07-06,13,N5056355015,Uribarri,15,15,2
2024-07-06,13,W108504682,Abando,13,14,3
2024-07-06,13,N4060532217,Otxarkoaga-Txurdinaga,10,10,1
2024-07-06,13,N5056356248,Uribarri,10,10,3
2024-07-06,13,W163196945,Basurtu-Zorrotza,10,10,1
2024-07-06,13,N4762096882,Abando,9,9,4
2024-07-06,13,W28211432,Abando,9,9,5
2024-07-06,13,W44016098,Abando,9,9,6
2024-07-06,13,W404432093,Ibaiondo,7,7,1
2024-07-06,13,W485363913,Ibaiondo,7,7,2
2024-07-06,13,N1271964866,Abando,5,5,7
2024-07-06,13,N518227646,Abando,5,5,8
2024-07-06,13,W96337695,Abando,5,5,9
2024-07-06,13,W164510985,Otxarkoaga-Txurdinaga,4,8,2
2024-07-06,13,N4508853267,Uribarri,4,4,4
2024-07-06,13,N4254043797,Deusto,3,3,1
2024-07-06,13,N5056379164,Abando,3,3,10
2024-07-06,13,N5056437799,Deusto,3,3,2
2024-07-06,13,N5301954699,Basurtu-Zorrotza,3,3,2
2024-07-06,13,W44113519,Abando,3,3,11
2024-07-06,13,N4060532216,Otxarkoaga-Txurdinaga,2,2,3
2024-07-06,13,N5056184623,Errekalde,2,2,1
2024-07-06,13,W123440604,Uribarri,2,2,5
2024-07-06,13,W41688628,Abando,2,2,12
2024-07-06,13,W123440625,Uribarri,1,1,6
2024-07-06,14,N4060532227,Uribarri,25,25,1
2024-07-06,14,N3207631929,Abando,19,19,1
2024-07-06,14,W110895854,Abando,19,19,2
2024-07-06,14,N5056355015,Uribarri,15,15,2
2024-07-06,14,N4060532217,Otxarkoaga-Txurdinaga,10,10,1
2024-07-06,14,N5056356248,Uribarri,10,10,3
2024-07-06,14,N4762096882,Abando,9,9,3
2024-07-06,14,W28211432,Abando,9,9,4
2024-07-06,14,W44016098,Abando,9,9,5
2024-07-06,14,W404432093,Ibaiondo,7,7,1
2024-07-06,14,W485363913,Ibaiondo,7,7,2
2024-07-06,14,N1271964866,Abando,5,5,6
2024-07-06,14,N518227646,Abando,5,5,7
2024-07-06,14,W96337695,Abando,5,5,8
2024-07-06,14,W164510985,Otxarkoaga-Txurdinaga,4,8,2
2024-07-06,14,N4508853267,Uribarri,4,4,4
2024-07-06,14,N4254043797,Deusto,3,3,1
2024-07-06,14,N5056379164,Abando,3,3,9
2024-07-06,14,N5056437799,Deusto,3,3,2
2024-07-06,14,N5301954699,Basurtu-Zorrotza,3,3,1
2024-07-06,14,W44113519,Abando,3,3,10
2024-07-06,14,N4060532216,Otxarkoaga-Txurdinaga,2,2,3
2024-07-06,14,N5056184623,Errekalde,2,2,1
2024-07-06,14,W123440604,Uribarri,2,2,5
2024-07-06,14,W41688628,Abando,2,2,11
2024-07-06,14,W123440625,Uribarri,1,1,6
2024-07-06,15,N4060532227,Uribarri,25,25,1
2024-07-06,15,W110895854,Abando,19,19,1
2024-07-06,15,N4060532217,Otxarkoaga-Txurdinaga,10,10,1
2024-07-06,15,W28211432,Abando,9,9,2
2024-07-06,15,W44016098,Abando,9,9,3
2024-07-06,15,W404432093,Ibaiondo,7,7,1
2024-07-06,15,W485363913,Ibaiondo,7,7,2
2024-07-06,15,N518227646,Abando,5,5,4
2024-07-06,15,W96337695,Abando,5,5,5
2024-07-06,15,N4508853267,Uribarri,4,4,2
2024-07-06,15,N5056379164,Abando,3,3,6
2024-07-06,15,N5301954699,Basurtu-Zorrotza,3,3,1
2024-07-06,15,W44113519,Abando,3,3,7
2024-07-06,15,N4060532216,Otxarkoaga-Txurdinaga,2,2,2
2024-07-06,15,W123440604,Uribarri,2,2,3
2024-07-06,15,W123440625,Uribarri,1,1,4
2024-07-06,16,N4060532227,Uribarri,25,25,1
2024-07-06,16,N3207631929,Abando,19,19,1
2024-07-06,16,W110895854,Abando,19,19,2
2024-07-06,16,N4060532217,Otxarkoaga-Txurdinaga,10,10,1
2024-07-06,16,W28211432,Abando,9,9,3
2024-07-06,16,W44016098,Abando,9,9,4
2024-07-06,16,W404432093,Ibaiondo,7,7,1
2024-07-06,16,W485363913,Ibaiondo,7,7,2
2024-07-06,16,N518227646,Abando,5,5,5
2024-07-06,16,W96337695,Abando,5,5,6
2024-07-06,16,N4508853267,Uribarri,4,4,2
2024-07-06,16,N5056379164,Abando,3,3,7
2024-07-06,16,N5301954699,Basurtu-Zorrotza,3,3,1
2024-07-06,16,W44113519,Abando,3,3,8
2024-07-06,16,N4060532216,Otxarkoaga-Txurdinaga,2,2,2
2024-07-06,16,W123440604,Uribarri,2,2,3
2024-07-06,16,W123440625,Uribarri,1,1,4
2024-07-06,17,N4060532227,Uribarri,25,25,1
2024-07-06,17,N3207631929,Abando,19,19,1
2024-07-06,17,W110895854,Abando,19,19,2
2024-07-06,17,N4060532217,Otxarkoaga-Txurdinaga,10,10,1
2024-07-06,17,W28211432,Abando,9,9,3
2024-07-06,17,W44016098,Abando,9,9,4
2024-07-06,17,W404432093,Ibaiondo,7,7,1
2024-07-06,17,W485363913,Ibaiondo,7,7,2
2024-07-06,17,N518227646,Abando,5,5,5
2024-07-06,17,W96337695,Abando,5,5,6
2024-07-06,17,N4508853267,Uribarri,4,4,2
2024-07-06,17,N5056379164,Abando,3,3,7
2024-07-06,17,N5301954699,Basurtu-Zorrotza,3,3,1
2024-07-06,17,W44113519,Abando,3,3,8
2024-07-06,17,N4060532216,Otxarkoaga-Txurdinaga,2,2,2
2024-07-06,17,W123440604,Uribarri,2,2,3
2024-07-06,17,W123440625,Uribarri,1,1,4
2024-07-06,18,N4060532227,Uribarri,25,25,1
2024-07-06,18,N3207631929,Abando,19,19,1
2024-07-06,18,N4060532217,Otxarkoaga-Txurdinaga,10,10,1
2024-07-06,18,W163196945,Basurtu-Zorrotza,10,10,1
2024-07-06,18,N4762096882,Abando,9,9,2
2024-07-06,18,W28211432,Abando,9,9,3
2024-07-06,18,W44016098,Abando,9,9,4
2024-07-06,18,W404432093,Ibaiondo,7,7,1
2024-07-06,18,W485363913,Ibaiondo,7,7,2
2024-07-06,18,N1271964866,Abando,5,5,5
2024-07-06,18,N518227646,Abando,5,5,6
2024-07-06,18,W41525574,Ibaiondo,5,5,3
2024-07-06,18,W96337695,Abando,5,5,7
2024-07-06,18,N4508853267,Uribarri,4,4,2
2024-07-06,18,N5056379164,Abando,3,3,8
2024-07-06,18,N5301954699,Basurtu-Zorrotza,3,3,2
2024-07-06,18,W44113519,Abando,3,3,9
2024-07-06,18,N4060532216,Otxarkoaga-Txurdinaga,2,2,2
2024-07-06,18,W123440604,Uribarri,2,2,3
2024-07-06,18,W123440625,Uribarri,1,1,4
2024-07-06,19,N4060532227,Uribarri,25,25,1
2024-07-06,19,N3207631929,Abando,19,19,1
2024-07-06,19,N4060532217,Otxarkoaga-Txurdinaga,10,10,1
2024-07-06,19,W163196945,Basurtu-Zorrotza,10,10,1
2024-07-06,19,N4762096882,Abando,9,9,2
2024-07-06,19,W28211432,Abando,9,9,3
2024-07-06,19,W44016098,Abando,9,9,4
2024-07-06,19,W404432093,Ibaiondo,7,7,1
2024-07-06,19,W485363913,Ibaiondo,7,7,2
2024-07-06,19,N1271964866,Abando,5,5,5
2024-07-06,19,N518227646,Abando,5,5,6
2024-07-06,19,W41525574,Ibaiondo,5,5,3
2024-07-06,19,W96337695,Abando,5,5,7
2024-07-06,19,N4508853267,Uribarri,4,4,2
2024-07-06,19,N5056379164,Abando,3,3,8
2024-07-06,19,N5301954699,Basurtu-Zorrotza,3,3,2
2024-07-06,19,W44113519,Abando,3,3,9
2024-07-06,19,N4060532216,Otxarkoaga-Txurdinaga,2,2,2
2024-07-06,19,W123440604,Uribarri,2,2,3
2024-07-06,19,W123440625,Uribarri,1,1,4
2024-07-06,20,N4060532227,Uribarri,25,25,1
2024-07-06,20,N3207631929,Abando,19,19,1
2024-07-06,20,N4060532217,Otxarkoaga-Txurdinaga,10,10,1
2024-07-06,20,N4762096882,Abando,9,9,2
2024-07-06,20,W28211432,Abando,9,9,3
2024-07-06,20,W44016098,Abando,9,9,4
2024-07-06,20,W404432093,Ibaiondo,7,7,1
2024-07-06,20,W485363913,Ibaiondo,7,7,2
2024-07-06,20,N1271964866,Abando,5,5,5
2024-07-06,20,W96337695,Abando,5,5,6
2024-07-06,20,N4508853267,Uribarri,4,4,2
2024-07-06,20,N5056379164,Abando,3,3,7
2024-07-06,20,N5301954699,Basurtu-Zorrotza,3,3,1
2024-07-06,20,W44113519,Abando,3,3,8
2024-07-06,20,N4060532216,Otxarkoaga-Txurdinaga,2,2,2
2024-07-06,20,W123440604,Uribarri,2,2,3
2024-07-06,20,W123440625,Uribarri,1,1,4
2024-07-06,21,N4060532227,Uribarri,25,25,1
2024-07-06,21,N4060532217,Otxarkoaga-Txurdinaga,10,10,1
2024-07-06,21,W44016098,Abando,9,9,1
2024-07-06,21,W485363913,Ibaiondo,7,7,1
2024-07-06,21,W96337695,Abando,5,5,2
2024-07-06,21,N4508853267,Uribarri,4,4,2
2024-07-06,21,N5056379164,Abando,3,3,3
2024-07-06,21,N5301954699,Basurtu-Zorrotza,3,3,1
2024-07-06,21,W44113519,Abando,3,3,4
2024-07-06,21,N4060532216,Otxarkoaga-Txurdinaga,2,2,2
2024-07-06,21,W123440604,Uribarri,2,2,3
2024-07-06,21,W123440625,Uribarri,1,1,4
2024-07-06,22,N4060532227,Uribarri,25,25,1
2024-07-06,22,N4060532217,Otxarkoaga-Txurdinaga,10,10,1
2024-07-06,22,W485363913,Ibaiondo,7,7,1
2024-07-06,22,N4508853267,Uribarri,4,4,2
2024-07-06,22,N5056379164,Abando,3,3,1
2024-07-06,22,N5301954699,Basurtu-Zorrotza,3,3,1
2024-07-06,22,W28776478,Abando,3,3,2
2024-07-06,22,W44113519,Abando,3,3,3
2024-07-06,22,N4060532216,Otxarkoaga-Txurdinaga,2,2,2
2024-07-06,22,W123440604,Uribarri,2,2,3
2024-07-06,22,W123440625,Uribarri,1,1,4
2024-07-06,23,N4060532227,Uribarri,25,25,1
2024-07-06,23,N4060532217,Otxarkoaga-Txurdinaga,10,10,1
2024-07-06,23,W485363913,Ibaiondo,7,7,1
2024-07-06,23,N4508853267,Uribarri,4,4,2
2024-07-06,23,N5056379164,Abando,3,3,1
2024-07-06,23,N5301954699,Basurtu-Zorrotza,3,3,1
2024-07-06,23,W28776478,Abando,3,3,2
2024-07-06,23,W44113519,Abando,3,3,3
2024-07-06,23,N4060532216,Otxarkoaga-Txurdinaga,2,2,2
2024-07-07,0,N4060532227,Uribarri,25,25,1
2024-07-07,0,N4060532217,Otxarkoaga-Txurdinaga,10,10,1
2024-07-07,0,W485363913,Ibaiondo,7,7,1
2024-07-07,0,N4508853267,Uribarri,4,4,2
2024-07-07,0,N4060532216,Otxarkoaga-Txurdinaga,2,2,2
2024-07-07,1,N4060532227,Uribarri,25,25,1
2024-07-07,1,N4060532217,Otxarkoaga-Txurdinaga,10,10,1
2024-07-07,1,W485363913,Ibaiondo,7,7,1
2024-07-07,1,N4508853267,Uribarri,4,4,2
2024-07-07,1,N4060532216,Otxarkoaga-Txurdinaga,2,2,2
2024-07-07,2,N4060532227,Uribarri,25,25,1
2024-07-07,2,N4060532217,Otxarkoaga-Txurdinaga,10,10,1
2024-07-07,2,W485363913,Ibaiondo,7,7,1
2024-07-07,2,N4508853267,Uribarri,4,4,2
2024-07-07,2,N4060532216,Otxarkoaga-Txurdinaga,2,2,2
2024-07-07,3,N4060532227,Uribarri,25,25,1
2024-07-07,3,N4060532217,Otxarkoaga-Txurdinaga,10,10,1
2024-07-07,3,W485363913,Ibaiondo,7,7,1
2024-07-07,3,N4508853267,Uribarri,4,4,2
2024-07-07,3,N4060532216,Otxarkoaga-Txurdinaga,2,2,2
2024-07-07,4,N4060532227,Uribarri,25,25,1
2024-07-07,4,N4060532217,Otxarkoaga-Txurdinaga,10,10,1
2024-07-07,4,W485363913,Ibaiondo,7,7,1
2024-07-07,4,N4508853267,Uribarri,4,4,2
2024-07-07,4,N4060532216,Otxarkoaga-Txurdinaga,2,2,2
2024-07-07,5,N4060532227,Uribarri,25,25,1
2024-07-07,5,N4060532217,Otxarkoaga-Txurdinaga,10,10,1
2024-07-07,5,W485363913,Ibaiondo,7,7,1
2024-07-07,5,N4508853267,Uribarri,4,4,2
2024-07-07,5,W28776478,Abando,3,3,1
2024-07-07,5,N4060532216,Otxarkoaga-Txurdinaga,2,2,2
2024-07-07,6,N4060532227,Uribarri,25,25,1
2024-07-07,6,N4060532217,Otxarkoaga-Txurdinaga,10,10,1
2024-07-07,6,W485363913,Ibaiondo,7,7,1
2024-07-07,6,N4508853267,Uribarri,4,4,2
2024-07-07,6,N5056379164,Abando,3,3,1
2024-07-07,6,N5301954699,Basurtu-Zorrotza,3,3,1
2024-07-07,6,W28776478,Abando,3,3,2
2024-07-07,6,W44113519,Abando,3,3,3
2024-07-07,6,N4060532216,Otxarkoaga-Txurdinaga,2,2,2
2024-07-07,7,N4060532227,Uribarri,25,25,1
2024-07-07,7,N4060532217,Otxarkoaga-Txurdinaga,10,10,1
2024-07-07,7,W485363913,Ibaiondo,7,7,1
2024-07-07,7,N4508853267,Uribarri,4,4,2
2024-07-07,7,N5056379164,Abando,3,3,1
2024-07-07,7,N5301954699,Basurtu-Zorrotza,3,3,1
2024-07-07,7,W28776478,Abando,3,3,2
2024-07-07,7,W44113519,Abando,3,3,3
2024-07-07,7,N4060532216,Otxarkoaga-Txurdinaga,2,2,2
2024-07-07,8,N4060532227,Uribarri,25,25,1
2024-07-07,8,N4060532217,Otxarkoaga-Txurdinaga,10,10,1
2024-07-07,8,W485363913,Ibaiondo,7,7,1
2024-07-07,8,N4508853267,Uribarri,4,4,2
2024-07-07,8,N5056379164,Abando,3,3,1
2024-07-07,8,N5301954699,Basurtu-Zorrotza,3,3,1
2024-07-07,8,W28776478,Abando,3,3,2
2024-07-07,8,W44113519,Abando,3,3,3
2024-07-07,8,N4060532216,Otxarkoaga-Txurdinaga,2,2,2
2024-07-07,8,W123440604,Uribarri,2,2,3
2024-07-07,8,W123440625,Uribarri,1,1,4
2024-07-07,9,N4060532227,Uribarri,25,25,1
2024-07-07,9,N4060532217,Otxarkoaga-Txurdinaga,10,10,1
2024-07-07,9,W485363913,Ibaiondo,7,7,1
2024-07-07,9,W96337695,Abando,5,5,1
2024-07-07,9,N4508853267,Uribarri,4,4,2
2024-07-07,9,N5056379164,Abando,3,3,2
2024-07-07,9,N5301954699,Basurtu-Zorrotza,3,3,1
2024-07-07,9,W28776478,Abando,3,3,3
2024-07-07,9,W44113519,Abando,3,3,4
2024-07-07,9,N4060532216,Otxarkoaga-Txurdinaga,2,2,2
2024-07-07,9,W123440604,Uribarri,2,2,3
2024-07-07,9,W123440625,Uribarri,1,1,4
2024-07-07,10,N4060532227,Uribarri,25,25,1
2024-07-07,10,N4060532217,Otxarkoaga-Txurdinaga,10,10,1
2024-07-07,10,W28211432,Abando,9,9,1
2024-07-07,10,W404432093,Ibaiondo,7,7,1
2024-07-07,10,W485363913,Ibaiondo,7,7,2
2024-07-07,10,N1271964866,Abando,5,5,2
2024-07-07,10,W41525574,Ibaiondo,5,5,3
2024-07-07,10,W96337695,Abando,5,5,3
2024-07-07,10,N4508853267,Uribarri,4,4,2
2024-07-07,10,N5056379164,Abando,3,3,4
2024-07-07,10,N5301954699,Basurtu-Zorrotza,3,3,1
2024-07-07,10,W28776478,Abando,3,3,5
2024-07-07,10,W44113519,Abando,3,3,6
2024-07-07,10,N4060532216,Otxarkoaga-Txurdinaga,2,2,2
2024-07-07,10,W123440604,Uribarri,2,2,3
2024-07-07,10,W123440625,Uribarri,1,1,4
2024-07-07,11,N4060532227,Uribarri,25,25,1
2024-07-07,11,N3207631929,Abando,19,19,1
2024-07-07,11,N4060532217,Otxarkoaga-Txurdinaga,10,10,1
2024-07-07,11,W163196945,Basurtu-Zorrotza,10,10,1
2024-07-07,11,N4762096882,Abando,9,9,2
2024-07-07,11,W28211432,Abando,9,9,3
2024-07-07,11,W404432093,Ibaiondo,7,7,1
2024-07-07,11,W485363913,Ibaiondo,7,7,2
2024-07-07,11,N1271964866,Abando,5,5,4
2024-07-07,11,N518227646,Abando,5,5,5
2024-07-07,11,W41525574,Ibaiondo,5,5,3
2024-07-07,11,W96337695,Abando,5,5,6
2024-07-07,11,N4508853267,Uribarri,4,4,2
2024-07-07,11,N5056379164,Abando,3,3,7
2024-07-07,11,N5301954699,Basurtu-Zorrotza,3,3,2
2024-07-07,11,W28776478,Abando,3,3,8
2024-07-07,11,W44113519,Abando,3,3,9
2024-07-07,11,N4060532216,Otxarkoaga-Txurdinaga,2,2,2
2024-07-07,11,W123440604,Uribarri,2,2,3
2024-07-07,11,W123440625,Uribarri,1,1,4
2024-07-07,12,N4060532227,Uribarri,25,25,1
2024-07-07,12,N3207631929,Abando,19,19,1
2024-07-07,12,N4060532217,Otxarkoaga-Txurdinaga,10,10,1
2024-07-07,12,W163196945,Basurtu-Zorrotza,10,10,1
2024-07-07,12,N4762096882,Abando,9,9,2
2024-07-07,12,W28211432,Abando,9,9,3
2024-07-07,12,W404432093,Ibaiondo,7,7,1
2024-07-07,12,W485363913,Ibaiondo,7,7,2
2024-07-07,12,N1271964866,Abando,5,5,4
2024-07-07,12,N518227646,Abando,5,5,5
2024-07-07,12,W41525574,Ibaiondo,5,5,3
2024-07-07,12,W96337695,Abando,5,5,6
2024-07-07,12,N4508853267,Uribarri,4,4,2
2024-07-07,12,N5056379164,Abando,3,3,7
2024-07-07,12,N5301954699,Basurtu-Zorrotza,3,3,2
2024-07-07,12,W28776478,Abando,3,3,8
2024-07-07,12,W44113519,Abando,3,3,9
2024-07-07,12,N4060532216,Otxarkoaga-Txurdinaga,2,2,2
2024-07-07,12,W123440604,Uribarri,2,2,3
2024-07-07,12,W123440625,Uribarri,1,1,4
2024-07-07,13,N4060532227,Uribarri,25,25,1
2024-07-07,13,N3207631929,Abando,19,19,1
2024-07-07,13,N4060532217,Otxarkoaga-Txurdinaga,10,10,1
2024-07-07,13,W163196945,Basurtu-Zorrotza,10,10,1
2024-07-07,13,N4762096882,Abando,9,9,2
2024-07-07,13,W28211432,Abando,9,9,3
2024-07-07,13,W404432093,Ibaiondo,7,7,1
2024-07-07,13,W485363913,Ibaiondo,7,7,2
2024-07-07,13,N1271964866,Abando,5,5,4
2024-07-07,13,N518227646,Abando,5,5,5
2024-07-07,13,W96337695,Abando,5,5,6
2024-07-07,13,N4508853267,Uribarri,4,4,2
2024-07-07,13,N5056379164,Abando,3,3,7
2024-07-07,13,N5301954699,Basurtu-Zorrotza,3,3,2
2024-07-07,13,W28776478,Abando,3,3,8
2024-07-07,13,W44113519,Abando,3,3,9
2024-07-07,13,N4060532216,Otxarkoaga-Txurdinaga,2,2,2
2024-07-07,13,W123440604,Uribarri,2,2,3
2024-07-07,13,W123440625,Uribarri,1,1,4
2024-07-07,14,N4060532227,Uribarri,25,25,1
2024-07-07,14,N3207631929,Abando,19,19,1
2024-07-07,14,N4060532217,Otxarkoaga-Txurdinaga,10,10,1
2024-07-07,14,N4762096882,Abando,9,9,2
2024-07-07,14,W28211432,Abando,9,9,3
2024-07-07,14,W404432093,Ibaiondo,7,7,1
2024-07-07,14,W485363913,Ibaiondo,7,7,2
2024-07-07,14,N1271964866,Abando,5,5,4
2024-07-07,14,N518227646,Abando,5,5,5
2024-07-07,14,W96337695,Abando,5,5,6
2024-07-07,14,N4508853267,Uribarri,4,4,2
2024-07-07,14,N5056379164,Abando,3,3,7
2024-07-07,14,N5301954699,Basurtu-Zorrotza,3,3,1
2024-07-07,14,W28776478,Abando,3,3,8
2024-07-07,14,W44113519,Abando,3,3,9
2024-07-07,14,N4060532216,Otxarkoaga-Txurdinaga,2,2,2
2024-07-07,14,W123440604,Uribarri,2,2,3
2024-07-07,14,W123440625,Uribarri,1,1,4
2024-07-07,15,N4060532227,Uribarri,25,25,1
2024-07-07,15,N4060532217,Otxarkoaga-Txurdinaga,10,10,1
2024-07-07,15,W28211432,Abando,9,9,1
2024-07-07,15,W404432093,Ibaiondo,7,7,1
2024-07-07,15,W485363913,Ibaiondo,7,7,2
2024-07-07,15,N518227646,Abando,5,5,2
2024-07-07,15,W96337695,Abando,5,5,3
2024-07-07,15,N4508853267,Uribarri,4,4,2
2024-07-07,15,N5056379164,Abando,3,3,4
2024-07-07,15,N5301954699,Basurtu-Zorrotza,3,3,1
2024-07-07,15,W28776478,Abando,3,3,5
2024-07-07,15,W44113519,Abando,3,3,6
2024-07-07,15,N4060532216,Otxarkoaga-Txurdinaga,2,2,2
2024-07-07,15,W123440604,Uribarri,2,2,3
2024-07-07,15,W123440625,Uribarri,1,1,4
2024-07-07,16,N4060532227,Uribarri,25,25,1
2024-07-07,16,N4060532217,Otxarkoaga-Txurdinaga,10,10,1
2024-07-07,16,W485363913,Ibaiondo,7,7,1
2024-07-07,16,N518227646,Abando,5,5,1
2024-07-07,16,W96337695,Abando,5,5,2
2024-07-07,16,N4508853267,Uribarri,4,4,2
2024-07-07,16,N5056379164,Abando,3,3,3
2024-07-07,16,N5301954699,Basurtu-Zorrotza,3,3,1
2024-07-07,16,W28776478,Abando,3,3,4
2024-07-07,16,W44113519,Abando,3,3,5
2024-07-07,16,N4060532216,Otxarkoaga-Txurdinaga,2,2,2
2024-07-07,16,W123440604,Uribarri,2,2,3
2024-07-07,16,W123440625,Uribarri,1,1,4
2024-07-07,17,N4060532227,Uribarri,25,25,1
2024-07-07,17,N4060532217,Otxarkoaga-Txurdinaga,10,10,1
2024-07-07,17,W485363913,Ibaiondo,7,7,1
2024-07-07,17,N518227646,Abando,5,5,1
2024-07-07,17,W96337695,Abando,5,5,2
2024-07-07,17,N4508853267,Uribarri,4,4,2
2024-07-07,17,N5056379164,Abando,3,3,3
2024-07-07,17,N5301954699,Basurtu-Zorrotza,3,3,1
2024-07-07,17,W28776478,Abando,3,3,4
2024-07-07,17,W44113519,Abando,3,3,5
2024-07-07,17,N4060532216,Otxarkoaga-Txurdinaga,2,2,2
2024-07-07,17,W123440604,Uribarri,2,2,3
2024-07-07,17,W123440625,Uribarri,1,1,4
2024-07-07,18,N4060532227,Uribarri,25,25,1
2024-07-07,18,N4060532217,Otxarkoaga-Txurdinaga,10,10,1
2024-07-07,18,W163196945,Basurtu-Zorrotza,10,10,1
2024-07-07,18,N4762096882,Abando,9,9,1
2024-07-07,18,W485363913,Ibaiondo,7,7,1
2024-07-07,18,N518227646,Abando,5,5,2
2024-07-07,18,W41525574,Ibaiondo,5,5,2
2024-07-07,18,W96337695,Abando,5,5,3
2024-07-07,18,N4508853267,Uribarri,4,4,2
2024-07-07,18,N5056379164,Abando,3,3,4
2024-07-07,18,N5301954699,Basurtu-Zorrotza,3,3,2
2024-07-07,18,W28776478,Abando,3,3,5
2024-07-07,18,W44113519,Abando,3,3,6
2024-07-07,18,N4060532216,Otxarkoaga-Txurdinaga,2,2,2
2024-07-07,18,W123440604,Uribarri,2,2,3
2024-07-07,18,W123440625,Uribarri,1,1,4
2024-07-07,19,N4060532227,Uribarri,25,25,1
2024-07-07,19,N4060532217,Otxarkoaga-Txurdinaga,10,10,1
2024-07-07,19,W163196945,Basurtu-Zorrotza,10,10,1
2024-07-07,19,N4762096882,Abando,9,9,1
2024-07-07,19,W485363913,Ibaiondo,7,7,1
2024-07-07,19,N518227646,Abando,5,5,2
2024-07-07,19,W41525574,Ibaiondo,5,5,2
2024-07-07,19,W96337695,Abando,5,5,3
2024-07-07,19,N4508853267,Uribarri,4,4,2
2024-07-07,19,N5056379164,Abando,3,3,4
2024-07-07,19,N5301954699,Basurtu-Zorrotza,3,3,2
2024-07-07,19,W28776478,Abando,3,3,5
2024-07-07,19,W44113519,Abando,3,3,6
2024-07-07,19,N4060532216,Otxarkoaga-Txurdinaga,2,2,2
2024-07-07,19,W123440604,Uribarri,2,2,3
2024-07-07,19,W123440625,Uribarri,1,1,4
2024-07-07,20,N4060532227,Uribarri,25,25,1
2024-07-07,20,N4060532217,Otxarkoaga-Txurdinaga,10,10,1
2024-07-07,20,N4762096882,Abando,9,9,1
2024-07-07,20,W485363913,Ibaiondo,7,7,1
2024-07-07,20,W96337695,Abando,5,5,2
2024-07-07,20,N4508853267,Uribarri,4,4,2
2024-07-07,20,N5056379164,Abando,3,3,3
2024-07-07,20,N5301954699,Basurtu-Zorrotza,3,3,1
2024-07-07,20,W28776478,Abando,3,3,4
2024-07-07,20,W44113519,Abando,3,3,5
2024-07-07,20,N4060532216,Otxarkoaga-Txurdinaga,2,2,2
2024-07-07,20,W123440604,Uribarri,2,2,3
2024-07-07,20,W123440625,Uribarri,1,1,4
2024-07-07,21,N4060532227,Uribarri,25,25,1
2024-07-07,21,N4060532217,Otxarkoaga-Txurdinaga,10,10,1
2024-07-07,21,W485363913,Ibaiondo,7,7,1
2024-07-07,21,W96337695,Abando,5,5,1
2024-07-07,21,N4508853267,Uribarri,4,4,2
2024-07-07,21,N5056379164,Abando,3,3,2
2024-07-07,21,N5301954699,Basurtu-Zorrotza,3,3,1
2024-07-07,21,W28776478,Abando,3,3,3
2024-07-07,21,W44113519,Abando,3,3,4
2024-07-07,21,N4060532216,Otxarkoaga-Txurdinaga,2,2,2
2024-07-07,21,W123440604,Uribarri,2,2,3
2024-07-07,21,W123440625,Uribarri,1,1,4
2024-07-07,22,N4060532227,Uribarri,25,25,1
2024-07-07,22,N4060532217,Otxarkoaga-Txurdinaga,10,10,1
2024-07-07,22,W485363913,Ibaiondo,7,7,1
2024-07-07,22,N4508853267,Uribarri,4,4,2
2024-07-07,22,N5056379164,Abando,3,3,1
2024-07-07,22,N5301954699,Basurtu-Zorrotza,3,3,1
2024-07-07,22,W28776478,Abando,3,3,2
2024-07-07,22,W44113519,Abando,3,3,3
2024-07-07,22,N4060532216,Otxarkoaga-Txurdinaga,2,2,2
2024-07-07,22,W123440604,Uribarri,2,2,3
2024-07-07,22,W123440625,Uribarri,1,1,4
2024-07-07,23,N4060532227,Uribarri,25,25,1
2024-07-07,23,N4060532217,Otxarkoaga-Txurdinaga,10,10,1
2024-07-07,23,W485363913,Ibaiondo,7,7,1
2024-07-07,23,N4508853267,Uribarri,4,4,2
2024-07-07,23,N5056379164,Abando,3,3,1
2024-07-07,23,N5301954699,Basurtu-Zorrotza,3,3,1
2024-07-07,23,W28776478,Abando,3,3,2
2024-07-07,23,W44113519,Abando,3,3,3
2024-07-07,23,N4060532216,Otxarkoaga-Txurdinaga,2,2,2
