date,hour_of_day,osmid,subarea,help_convined,help_independent,rank
2024-03-25,5,N4060532227,Uribarri,25,25,1
2024-03-25,5,N4060532217,Otxarkoaga-Txurdinaga,10,10,1
2024-03-25,5,W485363913,Ibaiondo,7,7,1
2024-03-25,5,N4508853267,Uribarri,4,4,2
2024-03-25,5,W28776478,Abando,3,3,1
2024-03-25,5,N4060532216,Otxarkoaga-Txurdinaga,2,2,2
2024-03-25,6,N4060532227,Uribarri,25,25,1
2024-03-25,6,N4060532217,Otxarkoaga-Txurdinaga,10,10,1
2024-03-25,6,W485363913,Ibaiondo,7,7,1
2024-03-25,6,N4508853267,Uribarri,4,4,2
2024-03-25,6,N5056379164,Abando,3,3,1
2024-03-25,6,N5301954699,Basurtu-Zorrotza,3,3,1
2024-03-25,6,W28776478,Abando,3,3,2
2024-03-25,6,W44113519,Abando,3,3,3
2024-03-25,6,N4060532216,Otxarkoaga-Txurdinaga,2,2,2
2024-03-25,7,N4060532227,Uribarri,25,25,1
2024-03-25,7,N4060532217,Otxarkoaga-Txurdinaga,10,10,1
2024-03-25,7,W485363913,Ibaiondo,7,7,1
2024-03-25,7,N4508853267,Uribarri,4,4,2
2024-03-25,7,N5056379164,Abando,3,3,1
2024-03-25,7,N5301954699,Basurtu-Zorrotza,3,3,1
2024-03-25,7,W28776478,Abando,3,3,2
2024-03-25,7,W44113519,Abando,3,3,3
2024-03-25,7,N4060532216,Otxarkoaga-Txurdinaga,2,2,2
2024-03-25,8,N4060532227,Uribarri,25,25,1
2024-03-25,8,N5056355015,Uribarri,15,15,2
2024-03-25,8,N4060532217,Otxarkoaga-Txurdinaga,10,10,1
2024-03-25,8,N5056356248,Uribarri,10,10,3
2024-03-25,8,W485363913,Ibaiondo,7,7,1
2024-03-25,8,W164510985,Otxarkoaga-Txurdinaga,4,8,2
2024-03-25,8,N4508853267,Uribarri,4,4,4
2024-03-25,8,W185205688,Deusto,4,4,1
2024-03-25,8,N4254043797,Deusto,3,3,2
2024-03-25,8,N5056379164,Abando,3,3,1
2024-03-25,8,N5056437799,Deusto,3,3,3
2024-03-25,8,N5301954699,Basurtu-Zorrotza,3,3,1
2024-03-25,8,W28776478,Abando,3,3,2
2024-03-25,8,W397099000,Ibaiondo,3,3,2
2024-03-25,8,W44113519,Abando,3,3,3
2024-03-25,8,N4060532216,Otxarkoaga-Txurdinaga,2,2,3
2024-03-25,8,N5056184623,Errekalde,2,2,1
2024-03-25,8,W123440604,Uribarri,2,2,5
2024-03-25,8,W290069950,Deusto,2,2,4
2024-03-25,8,W41415573,Errekalde,2,2,2
2024-03-25,8,W41688628,Abando,2,2,4
2024-03-25,8,W123440625,Uribarri,1,1,6
2024-03-25,8,W162445376,Uribarri,1,1,7
2024-03-25,8,W305622069,Begona,1,1,1
2024-03-25,8,W376396126,Ibaiondo,1,1,3
2024-03-25,9,W108497734,Ibaiondo,41,41,1
2024-03-25,9,N4060532227,Uribarri,25,25,1
2024-03-25,9,W110895854,Abando,19,19,1
2024-03-25,9,N5056355015,Uribarri,15,15,2
2024-03-25,9,W108504682,Abando,14,14,2
2024-03-25,9,N9607467466,Basurtu-Zorrotza,11,11,1
2024-03-25,9,N4060532217,Otxarkoaga-Txurdinaga,10,10,1
2024-03-25,9,N5056356248,Uribarri,10,10,3
2024-03-25,9,N11229801356,Ibaiondo,8,8,2
2024-03-25,9,W420558992,Ibaiondo,8,8,3
2024-03-25,9,N9607455457,Errekalde,7,7,1
2024-03-25,9,W485363913,Ibaiondo,7,7,4
2024-03-25,9,N4761972760,Abando,6,6,3
2024-03-25,9,W235157481,Otxarkoaga-Txurdinaga,6,6,2
2024-03-25,9,N5056328910,Begona,5,5,1
2024-03-25,9,N9607363904,Uribarri,5,5,4
2024-03-25,9,W96337695,Abando,5,5,4
2024-03-25,9,W164510985,Otxarkoaga-Txurdinaga,4,8,3
2024-03-25,9,N4508853267,Uribarri,4,4,5
2024-03-25,9,N9607391207,Begona,4,4,2
2024-03-25,9,W185205688,Deusto,4,4,1
2024-03-25,9,N11229807742,Basurtu-Zorrotza,3,3,2
2024-03-25,9,N4254043797,Deusto,3,3,2
2024-03-25,9,N4731925117,Abando,3,3,5
2024-03-25,9,N5056379164,Abando,3,3,6
2024-03-25,9,N5056437799,Deusto,3,3,3
2024-03-25,9,N5301954699,Basurtu-Zorrotza,3,3,3
2024-03-25,9,W28776478,Abando,3,3,7
2024-03-25,9,W397099000,Ibaiondo,3,3,5
2024-03-25,9,W44113519,Abando,3,3,8
2024-03-25,9,N10308519810,Deusto,2,2,4
2024-03-25,9,N5056183351,Errekalde,2,2,2
2024-03-25,9,N5056184623,Errekalde,2,2,3
2024-03-25,9,W164512079,Otxarkoaga-Txurdinaga,2,2,4
2024-03-25,9,W290069950,Deusto,2,2,5
2024-03-25,9,W41415573,Errekalde,2,2,4
2024-03-25,9,W41688628,Abando,2,2,9
2024-03-25,9,N4060532216,Otxarkoaga-Txurdinaga,1,2,5
2024-03-25,9,N5056088727,Ibaiondo,1,1,6
2024-03-25,9,N5056421870,Deusto,1,1,6
2024-03-25,9,W123440625,Uribarri,1,1,6
2024-03-25,9,W162445376,Uribarri,1,1,7
2024-03-25,9,W305622069,Begona,1,1,3
2024-03-25,9,W376396126,Ibaiondo,1,1,7
2024-03-25,10,W108497734,Ibaiondo,41,41,1
2024-03-25,10,N4060532227,Uribarri,25,25,1
2024-03-25,10,W110895854,Abando,19,19,1
2024-03-25,10,N5056355015,Uribarri,15,15,2
2024-03-25,10,W108504682,Abando,14,14,2
2024-03-25,10,N9607467466,Basurtu-Zorrotza,11,11,1
2024-03-25,10,N4060532217,Otxarkoaga-Txurdinaga,10,10,1
2024-03-25,10,N5056356248,Uribarri,10,10,3
2024-03-25,10,W28211432,Abando,9,9,3
2024-03-25,10,W44016098,Abando,9,9,4
2024-03-25,10,N11229801356,Ibaiondo,8,8,2
2024-03-25,10,W420558992,Ibaiondo,8,8,3
2024-03-25,10,N9607455457,Errekalde,7,7,1
2024-03-25,10,W404432093,Ibaiondo,7,7,4
2024-03-25,10,W485363913,Ibaiondo,7,7,5
2024-03-25,10,N4761972760,Abando,6,6,5
2024-03-25,10,W235157481,Otxarkoaga-Txurdinaga,6,6,2
2024-03-25,10,N5056328910,Begona,5,5,1
2024-03-25,10,N9607363904,Uribarri,5,5,4
2024-03-25,10,W96337695,Abando,5,5,6
2024-03-25,10,W164510985,Otxarkoaga-Txurdinaga,4,8,3
2024-03-25,10,W41525574,Ibaiondo,4,5,6
2024-03-25,10,N4508853267,Uribarri,4,4,5
2024-03-25,10,N9607391207,Begona,4,4,2
2024-03-25,10,W185205688,Deusto,4,4,1
2024-03-25,10,N11229807742,Basurtu-Zorrotza,3,3,2
2024-03-25,10,N4254043797,Deusto,3,3,2
2024-03-25,10,N4731925117,Abando,3,3,7
2024-03-25,10,N5056379164,Abando,3,3,8
2024-03-25,10,N5056437799,Deusto,3,3,3
2024-03-25,10,N5301954699,Basurtu-Zorrotza,3,3,3
2024-03-25,10,W397099000,Ibaiondo,3,3,7
2024-03-25,10,W44113519,Abando,3,3,9
2024-03-25,10,N10308519810,Deusto,2,2,4
2024-03-25,10,N5056183351,Errekalde,2,2,2
2024-03-25,10,N5056184623,Errekalde,2,2,3
2024-03-25,10,W164512079,Otxarkoaga-Txurdinaga,2,2,4
2024-03-25,10,W290069950,Deusto,2,2,5
2024-03-25,10,W41415573,Errekalde,2,2,4
2024-03-25,10,W41688628,Abando,2,2,10
2024-03-25,10,N4060532216,Otxarkoaga-Txurdinaga,1,2,5
2024-03-25,10,N5056088727,Ibaiondo,1,1,8
2024-03-25,10,N5056421870,Deusto,1,1,6
2024-03-25,10,W123440625,Uribarri,1,1,6
2024-03-25,10,W162445376,Uribarri,1,1,7
2024-03-25,10,W305622069,Begona,1,1,3
2024-03-25,10,W376396126,Ibaiondo,1,1,9
2024-03-25,11,W108497734,Ibaiondo,41,41,1
2024-03-25,11,N4060532227,Uribarri,25,25,1
2024-03-25,11,W110895854,Abando,19,19,1
2024-03-25,11,N5056355015,Uribarri,15,15,2
2024-03-25,11,W108504682,Abando,14,14,2
2024-03-25,11,N9607467466,Basurtu-Zorrotza,11,11,1
2024-03-25,11,N4060532217,Otxarkoaga-Txurdinaga,10,10,1
2024-03-25,11,N5056356248,Uribarri,10,10,3
2024-03-25,11,W163196945,Basurtu-Zorrotza,10,10,2
2024-03-25,11,N4762096882,Abando,9,9,3
2024-03-25,11,W28211432,Abando,9,9,4
2024-03-25,11,W44016098,Abando,9,9,5
2024-03-25,11,N11229801356,Ibaiondo,8,8,2
2024-03-25,11,W420558992,Ibaiondo,8,8,3
2024-03-25,11,N9607455457,Errekalde,7,7,1
2024-03-25,11,W404432093,Ibaiondo,7,7,4
2024-03-25,11,W485363913,Ibaiondo,7,7,5
2024-03-25,11,N4761972760,Abando,6,6,6
2024-03-25,11,W235157481,Otxarkoaga-Txurdinaga,6,6,2
2024-03-25,11,N5056328910,Begona,5,5,1
2024-03-25,11,N9607363904,Uribarri,5,5,4
2024-03-25,11,W96337695,Abando,5,5,7
2024-03-25,11,W164510985,Otxarkoaga-Txurdinaga,4,8,3
2024-03-25,11,W41525574,Ibaiondo,4,5,6
2024-03-25,11,N4508853267,Uribarri,4,4,5
2024-03-25,11,N9607391207,Begona,4,4,2
2024-03-25,11,W185205688,Deusto,4,4,1
2024-03-25,11,N11229807742,Basurtu-Zorrotza,3,3,3
2024-03-25,11,N4254043797,Deusto,3,3,2
2024-03-25,11,N4731925117,Abando,3,3,8
2024-03-25,11,N5056379164,Abando,3,3,9
2024-03-25,11,N5056437799,Deusto,3,3,3
2024-03-25,11,N5301954699,Basurtu-Zorrotza,3,3,4
2024-03-25,11,W397099000,Ibaiondo,3,3,7
2024-03-25,11,W44113519,Abando,3,3,10
2024-03-25,11,N10308519810,Deusto,2,2,4
2024-03-25,11,N5056183351,Errekalde,2,2,2
2024-03-25,11,N5056184623,Errekalde,2,2,3
2024-03-25,11,W164512079,Otxarkoaga-Txurdinaga,2,2,4
2024-03-25,11,W290069950,Deusto,2,2,5
2024-03-25,11,W41415573,Errekalde,2,2,4
2024-03-25,11,W41688628,Abando,2,2,11
2024-03-25,11,N4060532216,Otxarkoaga-Txurdinaga,1,2,5
2024-03-25,11,N5056088727,Ibaiondo,1,1,8
2024-03-25,11,N5056421870,Deusto,1,1,6
2024-03-25,11,W123440625,Uribarri,1,1,6
2024-03-25,11,W162445376,Uribarri,1,1,7
2024-03-25,11,W305622069,Begona,1,1,3
2024-03-25,11,W376396126,Ibaiondo,1,1,9
2024-03-25,12,W108497734,Ibaiondo,41,41,1
2024-03-25,12,N4060532227,Uribarri,25,25,1
2024-03-25,12,W110895854,Abando,19,19,1
2024-03-25,12,N5056355015,Uribarri,15,15,2
2024-03-25,12,W108504682,Abando,14,14,2
2024-03-25,12,N9607467466,Basurtu-Zorrotza,11,11,1
2024-03-25,12,N4060532217,Otxarkoaga-Txurdinaga,10,10,1
2024-03-25,12,N5056356248,Uribarri,10,10,3
2024-03-25,12,W163196945,Basurtu-Zorrotza,10,10,2
2024-03-25,12,N4762096882,Abando,9,9,3
2024-03-25,12,W28211432,Abando,9,9,4
2024-03-25,12,W44016098,Abando,9,9,5
2024-03-25,12,N11229801356,Ibaiondo,8,8,2
2024-03-25,12,W420558992,Ibaiondo,8,8,3
2024-03-25,12,N9607455457,Errekalde,7,7,1
2024-03-25,12,W404432093,Ibaiondo,7,7,4
2024-03-25,12,W485363913,Ibaiondo,7,7,5
2024-03-25,12,N4761972760,Abando,6,6,6
2024-03-25,12,W235157481,Otxarkoaga-Txurdinaga,6,6,2
2024-03-25,12,N5056328910,Begona,5,5,1
2024-03-25,12,N9607363904,Uribarri,5,5,4
2024-03-25,12,W96337695,Abando,5,5,7
2024-03-25,12,W164510985,Otxarkoaga-Txurdinaga,4,8,3
2024-03-25,12,W41525574,Ibaiondo,4,5,6
2024-03-25,12,N4508853267,Uribarri,4,4,5
2024-03-25,12,N9607391207,Begona,4,4,2
2024-03-25,12,W185205688,Deusto,4,4,1
2024-03-25,12,N11229807742,Basurtu-Zorrotza,3,3,3
2024-03-25,12,N4254043797,Deusto,3,3,2
2024-03-25,12,N4731925117,Abando,3,3,8
2024-03-25,12,N5056379164,Abando,3,3,9
2024-03-25,12,N5056437799,Deusto,3,3,3
2024-03-25,12,N5301954699,Basurtu-Zorrotza,3,3,4
2024-03-25,12,W397099000,Ibaiondo,3,3,7
2024-03-25,12,W44113519,Abando,3,3,10
2024-03-25,12,N10308519810,Deusto,2,2,4
2024-03-25,12,N5056183351,Errekalde,2,2,2
2024-03-25,12,N5056184623,Errekalde,2,2,3
2024-03-25,12,W164512079,Otxarkoaga-Txurdinaga,2,2,4
2024-03-25,12,W290069950,Deusto,2,2,5
2024-03-25,12,W41415573,Errekalde,2,2,4
2024-03-25,12,W41688628,Abando,2,2,11
2024-03-25,12,N4060532216,Otxarkoaga-Txurdinaga,1,2,5
2024-03-25,12,N5056088727,Ibaiondo,1,1,8
2024-03-25,12,N5056421870,Deusto,1,1,6
2024-03-25,12,W123440625,Uribarri,1,1,6
2024-03-25,12,W162445376,Uribarri,1,1,7
2024-03-25,12,W305622069,Begona,1,1,3
2024-03-25,12,W376396126,Ibaiondo,1,1,9
2024-03-25,13,W108497734,Ibaiondo,41,41,1
2024-03-25,13,N4060532227,Uribarri,25,25,1
2024-03-25,13,W110895854,Abando,19,19,1
2024-03-25,13,N5056355015,Uribarri,15,15,2
2024-03-25,13,W108504682,Abando,14,14,2
2024-03-25,13,N9607467466,Basurtu-Zorrotza,11,11,1
2024-03-25,13,N4060532217,Otxarkoaga-Txurdinaga,10,10,1
2024-03-25,13,N5056356248,Uribarri,10,10,3
2024-03-25,13,W163196945,Basurtu-Zorrotza,10,10,2
2024-03-25,13,N4762096882,Abando,9,9,3
2024-03-25,13,W28211432,Abando,9,9,4
2024-03-25,13,W44016098,Abando,9,9,5
2024-03-25,13,N11229801356,Ibaiondo,8,8,2
2024-03-25,13,W420558992,Ibaiondo,8,8,3
2024-03-25,13,N9607455457,Errekalde,7,7,1
2024-03-25,13,W404432093,Ibaiondo,7,7,4
2024-03-25,13,W485363913,Ibaiondo,7,7,5
2024-03-25,13,N4761972760,Abando,6,6,6
2024-03-25,13,W235157481,Otxarkoaga-Txurdinaga,6,6,2
2024-03-25,13,N5056328910,Begona,5,5,1
2024-03-25,13,N9607363904,Uribarri,5,5,4
2024-03-25,13,W96337695,Abando,5,5,7
2024-03-25,13,W164510985,Otxarkoaga-Txurdinaga,4,8,3
2024-03-25,13,N4508853267,Uribarri,4,4,5
2024-03-25,13,N9607391207,Begona,4,4,2
2024-03-25,13,W185205688,Deusto,4,4,1
2024-03-25,13,N11229807742,Basurtu-Zorrotza,3,3,3
2024-03-25,13,N4254043797,Deusto,3,3,2
2024-03-25,13,N4731925117,Abando,3,3,8
2024-03-25,13,N5056379164,Abando,3,3,9
2024-03-25,13,N5056437799,Deusto,3,3,3
2024-03-25,13,N5301954699,Basurtu-Zorrotza,3,3,4
2024-03-25,13,W397099000,Ibaiondo,3,3,6
2024-03-25,13,W44113519,Abando,3,3,10
2024-03-25,13,N10308519810,Deusto,2,2,4
2024-03-25,13,N5056183351,Errekalde,2,2,2
2024-03-25,13,N5056184623,Errekalde,2,2,3
2024-03-25,13,W164512079,Otxarkoaga-Txurdinaga,2,2,4
2024-03-25,13,W290069950,Deusto,2,2,5
2024-03-25,13,W41415573,Errekalde,2,2,4
2024-03-25,13,W41688628,Abando,2,2,11
2024-03-25,13,N4060532216,Otxarkoaga-Txurdinaga,1,2,5
2024-03-25,13,N5056088727,Ibaiondo,1,1,7
2024-03-25,13,N5056421870,Deusto,1,1,6
2024-03-25,13,W123440625,Uribarri,1,1,6
2024-03-25,13,W162445376,Uribarri,1,1,7
2024-03-25,13,W305622069,Begona,1,1,3
2024-03-25,13,W376396126,Ibaiondo,1,1,8
2024-03-25,14,W108497734,Ibaiondo,41,41,1
2024-03-25,14,N4060532227,Uribarri,25,25,1
2024-03-25,14,W110895854,Abando,19,19,1
2024-03-25,14,W48045715,Uribarri,15,15,2
2024-03-25,14,W108504682,Abando,14,14,2
2024-03-25,14,N9607467466,Basurtu-Zorrotza,11,11,1
2024-03-25,14,N4060532217,Otxarkoaga-Txurdinaga,10,10,1
2024-03-25,14,N5056356248,Uribarri,10,10,3
2024-03-25,14,N4762096882,Abando,9,9,3
2024-03-25,14,W28211432,Abando,9,9,4
2024-03-25,14,W44016098,Abando,9,9,5
2024-03-25,14,N11229801356,Ibaiondo,8,8,2
2024-03-25,14,W420558992,Ibaiondo,8,8,3
2024-03-25,14,N9607455457,Errekalde,7,7,1
2024-03-25,14,W404432093,Ibaiondo,7,7,4
2024-03-25,14,W485363913,Ibaiondo,7,7,5
2024-03-25,14,N4761972760,Abando,6,6,6
2024-03-25,14,W235157481,Otxarkoaga-Txurdinaga,6,6,2
2024-03-25,14,N5056328910,Begona,5,5,1
2024-03-25,14,N9607363904,Uribarri,5,5,4
2024-03-25,14,W96337695,Abando,5,5,7
2024-03-25,14,W164510985,Otxarkoaga-Txurdinaga,4,8,3
2024-03-25,14,N4508853267,Uribarri,4,4,5
2024-03-25,14,N9607391207,Begona,4,4,2
2024-03-25,14,W185205688,Deusto,4,4,1
2024-03-25,14,N11229807742,Basurtu-Zorrotza,3,3,2
2024-03-25,14,N4254043797,Deusto,3,3,2
2024-03-25,14,N4731925117,Abando,3,3,8
2024-03-25,14,N5056379164,Abando,3,3,9
2024-03-25,14,N5056437799,Deusto,3,3,3
2024-03-25,14,N5301954699,Basurtu-Zorrotza,3,3,3
2024-03-25,14,W397099000,Ibaiondo,3,3,6
2024-03-25,14,W44113519,Abando,3,3,10
2024-03-25,14,N10308519810,Deusto,2,2,4
2024-03-25,14,N5056183351,Errekalde,2,2,2
2024-03-25,14,N5056184623,Errekalde,2,2,3
2024-03-25,14,W164512079,Otxarkoaga-Txurdinaga,2,2,4
2024-03-25,14,W290069950,Deusto,2,2,5
2024-03-25,14,W41415573,Errekalde,2,2,4
2024-03-25,14,W41688628,Abando,2,2,11
2024-03-25,14,N4060532216,Otxarkoaga-Txurdinaga,1,2,5
2024-03-25,14,N5056088727,Ibaiondo,1,1,7
2024-03-25,14,N5056421870,Deusto,1,1,6
2024-03-25,14,W123440625,Uribarri,1,1,6
2024-03-25,14,W162445376,Uribarri,1,1,7
2024-03-25,14,W305622069,Begona,1,1,3
2024-03-25,14,W376396126,Ibaiondo,1,1,8
2024-03-25,15,W108497734,Ibaiondo,41,41,1
2024-03-25,15,N4060532227,Uribarri,25,25,1
2024-03-25,15,W110895854,Abando,19,19,1
2024-03-25,15,W48045715,Uribarri,15,15,2
2024-03-25,15,W108504682,Abando,14,14,2
2024-03-25,15,N9607467466,Basurtu-Zorrotza,11,11,1
2024-03-25,15,N4060532217,Otxarkoaga-Txurdinaga,10,10,1
2024-03-25,15,W28211432,Abando,9,9,3
2024-03-25,15,W44016098,Abando,9,9,4
2024-03-25,15,N11229801356,Ibaiondo,8,8,2
2024-03-25,15,W420558992,Ibaiondo,8,8,3
2024-03-25,15,N9607455457,Errekalde,7,7,1
2024-03-25,15,W404432093,Ibaiondo,7,7,4
2024-03-25,15,W485363913,Ibaiondo,7,7,5
2024-03-25,15,N4761972760,Abando,6,6,5
2024-03-25,15,W235157481,Otxarkoaga-Txurdinaga,6,6,2
2024-03-25,15,N5056328910,Begona,5,5,1
2024-03-25,15,N9607363904,Uribarri,5,5,3
2024-03-25,15,W96337695,Abando,5,5,6
2024-03-25,15,N4508853267,Uribarri,4,4,4
2024-03-25,15,N9607391207,Begona,4,4,2
2024-03-25,15,W185205688,Deusto,4,4,1
2024-03-25,15,N11229807742,Basurtu-Zorrotza,3,3,2
2024-03-25,15,N4731925117,Abando,3,3,7
2024-03-25,15,N5056379164,Abando,3,3,8
2024-03-25,15,N5301954699,Basurtu-Zorrotza,3,3,3
2024-03-25,15,W397099000,Ibaiondo,3,3,6
2024-03-25,15,W44113519,Abando,3,3,9
2024-03-25,15,N5056183351,Errekalde,2,2,2
2024-03-25,15,W164512079,Otxarkoaga-Txurdinaga,2,2,3
2024-03-25,15,W290069950,Deusto,2,2,2
2024-03-25,15,W41415573,Errekalde,2,2,3
2024-03-25,15,N4060532216,Otxarkoaga-Txurdinaga,1,2,4
2024-03-25,15,N5056088727,Ibaiondo,1,1,7
2024-03-25,15,N5056421870,Deusto,1,1,3
2024-03-25,15,W123440625,Uribarri,1,1,5
2024-03-25,15,W162445376,Uribarri,1,1,6
2024-03-25,15,W305622069,Begona,1,1,3
2024-03-25,15,W376396126,Ibaiondo,1,1,8
2024-03-25,16,W108497734,Ibaiondo,41,41,1
2024-03-25,16,N4060532227,Uribarri,25,25,1
2024-03-25,16,W110895854,Abando,19,19,1
2024-03-25,16,W48045715,Uribarri,15,15,2
2024-03-25,16,W108504682,Abando,14,14,2
2024-03-25,16,N9607467466,Basurtu-Zorrotza,11,11,1
2024-03-25,16,N4060532217,Otxarkoaga-Txurdinaga,10,10,1
2024-03-25,16,W28211432,Abando,9,9,3
2024-03-25,16,W44016098,Abando,9,9,4
2024-03-25,16,N11229801356,Ibaiondo,8,8,2
2024-03-25,16,W420558992,Ibaiondo,8,8,3
2024-03-25,16,N9607455457,Errekalde,7,7,1
2024-03-25,16,W404432093,Ibaiondo,7,7,4
2024-03-25,16,W485363913,Ibaiondo,7,7,5
2024-03-25,16,N4761972760,Abando,6,6,5
2024-03-25,16,N5056200430,Basurtu-Zorrotza,6,6,2
2024-03-25,16,W235157481,Otxarkoaga-Txurdinaga,6,6,2
2024-03-25,16,W301165234,Errekalde,6,6,2
2024-03-25,16,N5056328910,Begona,5,5,1
2024-03-25,16,N9607363904,Uribarri,5,5,3
2024-03-25,16,W96337695,Abando,5,5,6
2024-03-25,16,N4508853267,Uribarri,4,4,4
2024-03-25,16,N9607391207,Begona,4,4,2
2024-03-25,16,W185205688,Deusto,4,4,1
2024-03-25,16,N11229807742,Basurtu-Zorrotza,3,3,3
2024-03-25,16,N4731925117,Abando,3,3,7
2024-03-25,16,N5056379164,Abando,3,3,8
2024-03-25,16,N5301954699,Basurtu-Zorrotza,3,3,4
2024-03-25,16,W397099000,Ibaiondo,3,3,6
2024-03-25,16,W44113519,Abando,3,3,9
2024-03-25,16,N5056183351,Errekalde,2,2,3
2024-03-25,16,W164512079,Otxarkoaga-Txurdinaga,2,2,3
2024-03-25,16,W290069950,Deusto,2,2,2
2024-03-25,16,W41415573,Errekalde,2,2,4
2024-03-25,16,N4060532216,Otxarkoaga-Txurdinaga,1,2,4
2024-03-25,16,N5056088727,Ibaiondo,1,1,7
2024-03-25,16,N5056421870,Deusto,1,1,3
2024-03-25,16,W123440625,Uribarri,1,1,5
2024-03-25,16,W162445376,Uribarri,1,1,6
2024-03-25,16,W305622069,Begona,1,1,3
2024-03-25,16,W376396126,Ibaiondo,1,1,8
2024-03-25,17,W108497734,Ibaiondo,41,41,1
2024-03-25,17,N4060532227,Uribarri,25,25,1
2024-03-25,17,W110895854,Abando,19,19,1
2024-03-25,17,W48045715,Uribarri,15,15,2
2024-03-25,17,W108504682,Abando,14,14,2
2024-03-25,17,N9607467466,Basurtu-Zorrotza,11,11,1
2024-03-25,17,N4060532217,Otxarkoaga-Txurdinaga,10,10,1
2024-03-25,17,N5056356248,Uribarri,10,10,3
2024-03-25,17,W28211432,Abando,9,9,3
2024-03-25,17,W44016098,Abando,9,9,4
2024-03-25,17,N11229801356,Ibaiondo,8,8,2
2024-03-25,17,W420558992,Ibaiondo,8,8,3
2024-03-25,17,N9607455457,Errekalde,7,7,1
2024-03-25,17,W404432093,Ibaiondo,7,7,4
2024-03-25,17,W485363913,Ibaiondo,7,7,5
2024-03-25,17,N5056200430,Basurtu-Zorrotza,6,6,2
2024-03-25,17,W235157481,Otxarkoaga-Txurdinaga,6,6,2
2024-03-25,17,W301165234,Errekalde,6,6,2
2024-03-25,17,N5056328910,Begona,5,5,1
2024-03-25,17,N9607363904,Uribarri,5,5,4
2024-03-25,17,W96337695,Abando,5,5,5
2024-03-25,17,W164510985,Otxarkoaga-Txurdinaga,4,8,3
2024-03-25,17,N4508853267,Uribarri,4,4,5
2024-03-25,17,N9607391207,Begona,4,4,2
2024-03-25,17,W185205688,Deusto,4,4,1
2024-03-25,17,N11229807742,Basurtu-Zorrotza,3,3,3
2024-03-25,17,N4254043797,Deusto,3,3,2
2024-03-25,17,N4731925117,Abando,3,3,6
2024-03-25,17,N5056379164,Abando,3,3,7
2024-03-25,17,N5301954699,Basurtu-Zorrotza,3,3,4
2024-03-25,17,W397099000,Ibaiondo,3,3,6
2024-03-25,17,W44113519,Abando,3,3,8
2024-03-25,17,N5056183351,Errekalde,2,2,3
2024-03-25,17,N5056184623,Errekalde,2,2,4
2024-03-25,17,W164512079,Otxarkoaga-Txurdinaga,2,2,4
2024-03-25,17,W290069950,Deusto,2,2,3
2024-03-25,17,W41415573,Errekalde,2,2,5
2024-03-25,17,N4060532216,Otxarkoaga-Txurdinaga,1,2,5
2024-03-25,17,N5056088727,Ibaiondo,1,1,7
2024-03-25,17,N5056421870,Deusto,1,1,4
2024-03-25,17,W123440625,Uribarri,1,1,6
2024-03-25,17,W162445376,Uribarri,1,1,7
2024-03-25,17,W305622069,Begona,1,1,3
2024-03-25,17,W376396126,Ibaiondo,1,1,8
2024-03-25,18,W108497734,Ibaiondo,41,41,1
2024-03-25,18,N4060532227,Uribarri,25,25,1
2024-03-25,18,W48045715,Uribarri,15,15,2
2024-03-25,18,W108504682,Abando,14,14,1
2024-03-25,18,N9607467466,Basurtu-Zorrotza,11,11,1
2024-03-25,18,N4060532217,Otxarkoaga-Txurdinaga,10,10,1
2024-03-25,18,N5056356248,Uribarri,10,10,3
2024-03-25,18,W163196945,Basurtu-Zorrotza,10,10,2
2024-03-25,18,N4762096882,Abando,9,9,2
2024-03-25,18,W28211432,Abando,9,9,3
2024-03-25,18,W44016098,Abando,9,9,4
2024-03-25,18,N11229801356,Ibaiondo,8,8,2
2024-03-25,18,W420558992,Ibaiondo,8,8,3
2024-03-25,18,N9607455457,Errekalde,7,7,1
2024-03-25,18,W404432093,Ibaiondo,7,7,4
2024-03-25,18,W485363913,Ibaiondo,7,7,5
2024-03-25,18,N5056200430,Basurtu-Zorrotza,6,6,3
2024-03-25,18,W235157481,Otxarkoaga-Txurdinaga,6,6,2
2024-03-25,18,W301165234,Errekalde,6,6,2
2024-03-25,18,N5056328910,Begona,5,5,1
2024-03-25,18,N9607363904,Uribarri,5,5,4
2024-03-25,18,W96337695,Abando,5,5,5
2024-03-25,18,W164510985,Otxarkoaga-Txurdinaga,4,8,3
2024-03-25,18,W41525574,Ibaiondo,4,5,6
2024-03-25,18,N4508853267,Uribarri,4,4,5
2024-03-25,18,N9607391207,Begona,4,4,2
2024-03-25,18,W185205688,Deusto,4,4,1
2024-03-25,18,N11229807742,Basurtu-Zorrotza,3,3,4
2024-03-25,18,N4254043797,Deusto,3,3,2
2024-03-25,18,N4731925117,Abando,3,3,6
2024-03-25,18,N5056379164,Abando,3,3,7
2024-03-25,18,N5301954699,Basurtu-Zorrotza,3,3,5
2024-03-25,18,W397099000,Ibaiondo,3,3,7
2024-03-25,18,W44113519,Abando,3,3,8
2024-03-25,18,N5056183351,Errekalde,2,2,3
2024-03-25,18,N5056184623,Errekalde,2,2,4
2024-03-25,18,W164512079,Otxarkoaga-Txurdinaga,2,2,4
2024-03-25,18,W290069950,Deusto,2,2,3
2024-03-25,18,W41415573,Errekalde,2,2,5
2024-03-25,18,N4060532216,Otxarkoaga-Txurdinaga,1,2,5
2024-03-25,18,N5056088727,Ibaiondo,1,1,8
2024-03-25,18,N5056421870,Deusto,1,1,4
2024-03-25,18,W123440625,Uribarri,1,1,6
2024-03-25,18,W162445376,Uribarri,1,1,7
2024-03-25,18,W305622069,Begona,1,1,3
2024-03-25,18,W376396126,Ibaiondo,1,1,9
2024-03-25,19,W108497734,Ibaiondo,41,41,1
2024-03-25,19,N4060532227,Uribarri,25,25,1
2024-03-25,19,W48045715,Uribarri,15,15,2
2024-03-25,19,W108504682,Abando,14,14,1
2024-03-25,19,N9607467466,Basurtu-Zorrotza,11,11,1
2024-03-25,19,N4060532217,Otxarkoaga-Txurdinaga,10,10,1
2024-03-25,19,N5056356248,Uribarri,10,10,3
2024-03-25,19,W163196945,Basurtu-Zorrotza,10,10,2
2024-03-25,19,N4762096882,Abando,9,9,2
2024-03-25,19,W28211432,Abando,9,9,3
2024-03-25,19,W44016098,Abando,9,9,4
2024-03-25,19,N11229801356,Ibaiondo,8,8,2
2024-03-25,19,W420558992,Ibaiondo,8,8,3
2024-03-25,19,N9607455457,Errekalde,7,7,1
2024-03-25,19,W404432093,Ibaiondo,7,7,4
2024-03-25,19,W485363913,Ibaiondo,7,7,5
2024-03-25,19,N5056200430,Basurtu-Zorrotza,6,6,3
2024-03-25,19,W235157481,Otxarkoaga-Txurdinaga,6,6,2
2024-03-25,19,W301165234,Errekalde,6,6,2
2024-03-25,19,N5056328910,Begona,5,5,1
2024-03-25,19,N9607363904,Uribarri,5,5,4
2024-03-25,19,W96337695,Abando,5,5,5
2024-03-25,19,W164510985,Otxarkoaga-Txurdinaga,4,8,3
2024-03-25,19,W41525574,Ibaiondo,4,5,6
2024-03-25,19,N4508853267,Uribarri,4,4,5
2024-03-25,19,N9607391207,Begona,4,4,2
2024-03-25,19,W185205688,Deusto,4,4,1
2024-03-25,19,N11229807742,Basurtu-Zorrotza,3,3,4
2024-03-25,19,N4254043797,Deusto,3,3,2
2024-03-25,19,N4731925117,Abando,3,3,6
2024-03-25,19,N5056379164,Abando,3,3,7
2024-03-25,19,N5301954699,Basurtu-Zorrotza,3,3,5
2024-03-25,19,W397099000,Ibaiondo,3,3,7
2024-03-25,19,W44113519,Abando,3,3,8
2024-03-25,19,N5056183351,Errekalde,2,2,3
2024-03-25,19,N5056184623,Errekalde,2,2,4
2024-03-25,19,W164512079,Otxarkoaga-Txurdinaga,2,2,4
2024-03-25,19,W290069950,Deusto,2,2,3
2024-03-25,19,W41415573,Errekalde,2,2,5
2024-03-25,19,N4060532216,Otxarkoaga-Txurdinaga,1,2,5
2024-03-25,19,N5056088727,Ibaiondo,1,1,8
2024-03-25,19,N5056421870,Deusto,1,1,4
2024-03-25,19,W123440625,Uribarri,1,1,6
2024-03-25,19,W162445376,Uribarri,1,1,7
2024-03-25,19,W305622069,Begona,1,1,3
2024-03-25,19,W376396126,Ibaiondo,1,1,9
2024-03-25,20,W108497734,Ibaiondo,41,41,1
2024-03-25,20,N4060532227,Uribarri,25,25,1
2024-03-25,20,W48045715,Uribarri,15,15,2
2024-03-25,20,W108504682,Abando,14,14,1
2024-03-25,20,N9607467466,Basurtu-Zorrotza,11,11,1
2024-03-25,20,N4060532217,Otxarkoaga-Txurdinaga,10,10,1
2024-03-25,20,N5056356248,Uribarri,10,10,3
2024-03-25,20,N4762096882,Abando,9,9,2
2024-03-25,20,W28211432,Abando,9,9,3
2024-03-25,20,W44016098,Abando,9,9,4
2024-03-25,20,N11229801356,Ibaiondo,8,8,2
2024-03-25,20,W420558992,Ibaiondo,8,8,3
2024-03-25,20,N9607455457,Errekalde,7,7,1
2024-03-25,20,W404432093,Ibaiondo,7,7,4
2024-03-25,20,W485363913,Ibaiondo,7,7,5
2024-03-25,20,N5056200430,Basurtu-Zorrotza,6,6,2
2024-03-25,20,W235157481,Otxarkoaga-Txurdinaga,6,6,2
2024-03-25,20,W301165234,Errekalde,6,6,2
2024-03-25,20,N5056328910,Begona,5,5,1
2024-03-25,20,N9607363904,Uribarri,5,5,4
2024-03-25,20,W96337695,Abando,5,5,5
2024-03-25,20,N4508853267,Uribarri,4,4,5
2024-03-25,20,N9607391207,Begona,4,4,2
2024-03-25,20,W185205688,Deusto,4,4,1
2024-03-25,20,N11229807742,Basurtu-Zorrotza,3,3,3
2024-03-25,20,N4254043797,Deusto,3,3,2
2024-03-25,20,N4731925117,Abando,3,3,6
2024-03-25,20,N5056379164,Abando,3,3,7
2024-03-25,20,N5301954699,Basurtu-Zorrotza,3,3,4
2024-03-25,20,W397099000,Ibaiondo,3,3,6
2024-03-25,20,W44113519,Abando,3,3,8
2024-03-25,20,N5056183351,Errekalde,2,2,3
2024-03-25,20,N5056184623,Errekalde,2,2,4
2024-03-25,20,W164512079,Otxarkoaga-Txurdinaga,2,2,3
2024-03-25,20,W290069950,Deusto,2,2,3
2024-03-25,20,W41415573,Errekalde,2,2,5
2024-03-25,20,N4060532216,Otxarkoaga-Txurdinaga,1,2,4
2024-03-25,20,N5056088727,Ibaiondo,1,1,7
2024-03-25,20,N5056421870,Deusto,1,1,4
2024-03-25,20,W123440625,Uribarri,1,1,6
2024-03-25,20,W162445376,Uribarri,1,1,7
2024-03-25,20,W305622069,Begona,1,1,3
2024-03-25,20,W376396126,Ibaiondo,1,1,8
2024-03-25,21,N4060532227,Uribarri,25,25,1
2024-03-25,21,W48045715,Uribarri,15,15,2
2024-03-25,21,N9607467466,Basurtu-Zorrotza,11,11,1
2024-03-25,21,N4060532217,Otxarkoaga-Txurdinaga,10,10,1
2024-03-25,21,W44016098,Abando,9,9,1
2024-03-25,21,N11229801356,Ibaiondo,8,8,1
2024-03-25,21,W420558992,Ibaiondo,8,8,2
2024-03-25,21,N9607455457,Errekalde,7,7,1
2024-03-25,21,W485363913,Ibaiondo,7,7,3
2024-03-25,21,N5056200430,Basurtu-Zorrotza,6,6,2
2024-03-25,21,W235157481,Otxarkoaga-Txurdinaga,6,6,2
2024-03-25,21,W301165234,Errekalde,6,6,2
2024-03-25,21,N5056328910,Begona,5,5,1
2024-03-25,21,N9607363904,Uribarri,5,5,3
2024-03-25,21,W96337695,Abando,5,5,2
2024-03-25,21,N4508853267,Uribarri,4,4,4
2024-03-25,21,N9607391207,Begona,4,4,2
2024-03-25,21,W185205688,Deusto,4,4,1
2024-03-25,21,N11229807742,Basurtu-Zorrotza,3,3,3
2024-03-25,21,N4731925117,Abando,3,3,3
2024-03-25,21,N5056379164,Abando,3,3,4
2024-03-25,21,N5301954699,Basurtu-Zorrotza,3,3,4
2024-03-25,21,W397099000,Ibaiondo,3,3,4
2024-03-25,21,W44113519,Abando,3,3,5
2024-03-25,21,N5056183351,Errekalde,2,2,3
2024-03-25,21,W164512079,Otxarkoaga-Txurdinaga,2,2,3
2024-03-25,21,W290069950,Deusto,2,2,2
2024-03-25,21,W41415573,Errekalde,2,2,4
2024-03-25,21,N4060532216,Otxarkoaga-Txurdinaga,1,2,4
2024-03-25,21,N5056088727,Ibaiondo,1,1,5
2024-03-25,21,N5056421870,Deusto,1,1,3
2024-03-25,21,W123440625,Uribarri,1,1,5
2024-03-25,21,W162445376,Uribarri,1,1,6
2024-03-25,21,W305622069,Begona,1,1,3
2024-03-25,21,W376396126,Ibaiondo,1,1,6
2024-03-25,22,N4060532227,Uribarri,25,25,1
2024-03-25,22,N4060532217,Otxarkoaga-Txurdinaga,10,10,1
2024-03-25,22,W485363913,Ibaiondo,7,7,1
2024-03-25,22,N4508853267,Uribarri,4,4,2
2024-03-25,22,N5056379164,Abando,3,3,1
2024-03-25,22,N5301954699,Basurtu-Zorrotza,3,3,1
2024-03-25,22,W28776478,Abando,3,3,2
2024-03-25,22,W397099000,Ibaiondo,3,3,2
2024-03-25,22,W44113519,Abando,3,3,3
2024-03-25,22,N4060532216,Otxarkoaga-Txurdinaga,2,2,2
2024-03-25,22,W123440604,Uribarri,2,2,3
2024-03-25,22,W164512079,Otxarkoaga-Txurdinaga,2,2,3
2024-03-25,22,W290069950,Deusto,2,2,1
2024-03-25,22,W123440625,Uribarri,1,1,4
2024-03-25,22,W162445376,Uribarri,1,1,5
2024-03-25,23,N4060532227,Uribarri,25,25,1
2024-03-25,23,N4060532217,Otxarkoaga-Txurdinaga,10,10,1
2024-03-25,23,W485363913,Ibaiondo,7,7,1
2024-03-25,23,N4508853267,Uribarri,4,4,2
2024-03-25,23,N5056379164,Abando,3,3,1
2024-03-25,23,N5301954699,Basurtu-Zorrotza,3,3,1
2024-03-25,23,W28776478,Abando,3,3,2
2024-03-25,23,W44113519,Abando,3,3,3
2024-03-25,23,N4060532216,Otxarkoaga-Txurdinaga,2,2,2
2024-03-26,5,N4060532227,Uribarri,25,25,1
2024-03-26,5,N4060532217,Otxarkoaga-Txurdinaga,10,10,1
2024-03-26,5,W485363913,Ibaiondo,7,7,1
2024-03-26,5,N4508853267,Uribarri,4,4,2
2024-03-26,5,W28776478,Abando,3,3,1
2024-03-26,5,N4060532216,Otxarkoaga-Txurdinaga,2,2,2
2024-03-26,6,N4060532227,Uribarri,25,25,1
2024-03-26,6,N4060532217,Otxarkoaga-Txurdinaga,10,10,1
2024-03-26,6,W485363913,Ibaiondo,7,7,1
2024-03-26,6,N4508853267,Uribarri,4,4,2
2024-03-26,6,N5056379164,Abando,3,3,1
2024-03-26,6,N5301954699,Basurtu-Zorrotza,3,3,1
2024-03-26,6,W28776478,Abando,3,3,2
2024-03-26,6,W44113519,Abando,3,3,3
2024-03-26,6,N4060532216,Otxarkoaga-Txurdinaga,2,2,2
2024-03-26,7,N4060532227,Uribarri,25,25,1
2024-03-26,7,N4060532217,Otxarkoaga-Txurdinaga,10,10,1
2024-03-26,7,W485363913,Ibaiondo,7,7,1
2024-03-26,7,N4508853267,Uribarri,4,4,2
2024-03-26,7,N5056379164,Abando,3,3,1
2024-03-26,7,N5301954699,Basurtu-Zorrotza,3,3,1
2024-03-26,7,W28776478,Abando,3,3,2
2024-03-26,7,W44113519,Abando,3,3,3
2024-03-26,7,N4060532216,Otxarkoaga-Txurdinaga,2,2,2
2024-03-26,8,N4060532227,Uribarri,25,25,1
2024-03-26,8,N5056355015,Uribarri,15,15,2
2024-03-26,8,N4060532217,Otxarkoaga-Txurdinaga,10,10,1
2024-03-26,8,N5056356248,Uribarri,10,10,3
2024-03-26,8,W485363913,Ibaiondo,7,7,1
2024-03-26,8,W164510985,Otxarkoaga-Txurdinaga,4,8,2
2024-03-26,8,N4508853267,Uribarri,4,4,4
2024-03-26,8,W185205688,Deusto,4,4,1
2024-03-26,8,N4254043797,Deusto,3,3,2
2024-03-26,8,N5056379164,Abando,3,3,1
2024-03-26,8,N5056437799,Deusto,3,3,3
2024-03-26,8,N5301954699,Basurtu-Zorrotza,3,3,1
2024-03-26,8,W28776478,Abando,3,3,2
2024-03-26,8,W397099000,Ibaiondo,3,3,2
2024-03-26,8,W44113519,Abando,3,3,3
2024-03-26,8,N4060532216,Otxarkoaga-Txurdinaga,2,2,3
2024-03-26,8,N5056184623,Errekalde,2,2,1
2024-03-26,8,W123440604,Uribarri,2,2,5
2024-03-26,8,W290069950,Deusto,2,2,4
2024-03-26,8,W41415573,Errekalde,2,2,2
2024-03-26,8,W41688628,Abando,2,2,4
2024-03-26,8,W123440625,Uribarri,1,1,6
2024-03-26,8,W162445376,Uribarri,1,1,7
2024-03-26,8,W305622069,Begona,1,1,1
2024-03-26,8,W376396126,Ibaiondo,1,1,3
2024-03-26,9,W108497734,Ibaiondo,41,41,1
2024-03-26,9,N4060532227,Uribarri,25,25,1
2024-03-26,9,W110895854,Abando,19,19,1
2024-03-26,9,W48045715,Uribarri,15,15,2
2024-03-26,9,W108504682,Abando,14,14,2
2024-03-26,9,N9607467466,Basurtu-Zorrotza,11,11,1
2024-03-26,9,N4060532217,Otxarkoaga-Txurdinaga,10,10,1
2024-03-26,9,N5056356248,Uribarri,10,10,3
2024-03-26,9,N11229801356,Ibaiondo,8,8,2
2024-03-26,9,W420558992,Ibaiondo,8,8,3
2024-03-26,9,N9607455457,Errekalde,7,7,1
2024-03-26,9,W485363913,Ibaiondo,7,7,4
2024-03-26,9,N4761972760,Abando,6,6,3
2024-03-26,9,W235157481,Otxarkoaga-Txurdinaga,6,6,2
2024-03-26,9,N5056328910,Begona,5,5,1
2024-03-26,9,N9607363904,Uribarri,5,5,4
2024-03-26,9,W96337695,Abando,5,5,4
2024-03-26,9,W164510985,Otxarkoaga-Txurdinaga,4,8,3
2024-03-26,9,N4508853267,Uribarri,4,4,5
2024-03-26,9,N9607391207,Begona,4,4,2
2024-03-26,9,W185205688,Deusto,4,4,1
2024-03-26,9,W375390416,Ibaiondo,4,4,5
2024-03-26,9,N11229807742,Basurtu-Zorrotza,3,3,2
2024-03-26,9,N4254043797,Deusto,3,3,2
2024-03-26,9,N4731925117,Abando,3,3,5
2024-03-26,9,N5056379164,Abando,3,3,6
2024-03-26,9,N5056437799,Deusto,3,3,3
2024-03-26,9,N5301954699,Basurtu-Zorrotza,3,3,3
2024-03-26,9,W28776478,Abando,3,3,7
2024-03-26,9,W397099000,Ibaiondo,3,3,6
2024-03-26,9,W44113519,Abando,3,3,8
2024-03-26,9,N10308519810,Deusto,2,2,4
2024-03-26,9,N5056183351,Errekalde,2,2,2
2024-03-26,9,N5056184623,Errekalde,2,2,3
2024-03-26,9,W164512079,Otxarkoaga-Txurdinaga,2,2,4
2024-03-26,9,W290069950,Deusto,2,2,5
2024-03-26,9,W41415573,Errekalde,2,2,4
2024-03-26,9,W41688628,Abando,2,2,9
2024-03-26,9,N4060532216,Otxarkoaga-Txurdinaga,1,2,5
2024-03-26,9,N5056088727,Ibaiondo,1,1,7
2024-03-26,9,N5056421870,Deusto,1,1,6
2024-03-26,9,W123440625,Uribarri,1,1,6
2024-03-26,9,W162445376,Uribarri,1,1,7
2024-03-26,9,W305622069,Begona,1,1,3
2024-03-26,9,W376396126,Ibaiondo,1,1,8
2024-03-26,10,W108497734,Ibaiondo,41,41,1
2024-03-26,10,N4060532227,Uribarri,25,25,1
2024-03-26,10,W110895854,Abando,19,19,1
2024-03-26,10,N5056355015,Uribarri,15,15,2
2024-03-26,10,W108504682,Abando,14,14,2
2024-03-26,10,N9607467466,Basurtu-Zorrotza,11,11,1
2024-03-26,10,N4060532217,Otxarkoaga-Txurdinaga,10,10,1
2024-03-26,10,N5056356248,Uribarri,10,10,3
2024-03-26,10,W44016098,Abando,9,9,3
2024-03-26,10,N11229801356,Ibaiondo,8,8,2
2024-03-26,10,W420558992,Ibaiondo,8,8,3
2024-03-26,10,N9607455457,Errekalde,7,7,1
2024-03-26,10,W485363913,Ibaiondo,7,7,4
2024-03-26,10,N4761972760,Abando,6,6,4
2024-03-26,10,W235157481,Otxarkoaga-Txurdinaga,6,6,2
2024-03-26,10,N1271964866,Abando,5,5,5
2024-03-26,10,N5056328910,Begona,5,5,1
2024-03-26,10,N9607363904,Uribarri,5,5,4
2024-03-26,10,W96337695,Abando,5,5,6
2024-03-26,10,W164510985,Otxarkoaga-Txurdinaga,4,8,3
2024-03-26,10,W41525574,Ibaiondo,4,5,5
2024-03-26,10,N4508853267,Uribarri,4,4,5
2024-03-26,10,N9607391207,Begona,4,4,2
2024-03-26,10,W185205688,Deusto,4,4,1
2024-03-26,10,W375390416,Ibaiondo,4,4,6
2024-03-26,10,N11229807742,Basurtu-Zorrotza,3,3,2
2024-03-26,10,N4254043797,Deusto,3,3,2
2024-03-26,10,N4731925117,Abando,3,3,7
2024-03-26,10,N5056379164,Abando,3,3,8
2024-03-26,10,N5056437799,Deusto,3,3,3
2024-03-26,10,N5301954699,Basurtu-Zorrotza,3,3,3
2024-03-26,10,W397099000,Ibaiondo,3,3,7
2024-03-26,10,W44113519,Abando,3,3,9
2024-03-26,10,N10308519810,Deusto,2,2,4
2024-03-26,10,N5056183351,Errekalde,2,2,2
2024-03-26,10,N5056184623,Errekalde,2,2,3
2024-03-26,10,W164512079,Otxarkoaga-Txurdinaga,2,2,4
2024-03-26,10,W290069950,Deusto,2,2,5
2024-03-26,10,W41415573,Errekalde,2,2,4
2024-03-26,10,W41688628,Abando,2,2,10
2024-03-26,10,N4060532216,Otxarkoaga-Txurdinaga,1,2,5
2024-03-26,10,N5056088727,Ibaiondo,1,1,8
2024-03-26,10,N5056421870,Deusto,1,1,6
2024-03-26,10,W123440625,Uribarri,1,1,6
2024-03-26,10,W162445376,Uribarri,1,1,7
2024-03-26,10,W305622069,Begona,1,1,3
2024-03-26,10,W376396126,Ibaiondo,1,1,9
2024-03-26,11,W108497734,Ibaiondo,41,41,1
2024-03-26,11,N4060532227,Uribarri,25,25,1
2024-03-26,11,N3207631929,Abando,19,19,1
2024-03-26,11,W110895854,Abando,19,19,2
2024-03-26,11,N5056355015,Uribarri,15,15,2
2024-03-26,11,W108504682,Abando,13,14,3
2024-03-26,11,N9607467466,Basurtu-Zorrotza,11,11,1
2024-03-26,11,N4060532217,Otxarkoaga-Txurdinaga,10,10,1
2024-03-26,11,N5056356248,Uribarri,10,10,3
2024-03-26,11,W163196945,Basurtu-Zorrotza,10,10,2
2024-03-26,11,N4762096882,Abando,9,9,4
2024-03-26,11,W44016098,Abando,9,9,5
2024-03-26,11,N11229801356,Ibaiondo,8,8,2
2024-03-26,11,W420558992,Ibaiondo,8,8,3
2024-03-26,11,N9607455457,Errekalde,7,7,1
2024-03-26,11,W485363913,Ibaiondo,7,7,4
2024-03-26,11,N4761972760,Abando,6,6,6
2024-03-26,11,W235157481,Otxarkoaga-Txurdinaga,6,6,2
2024-03-26,11,N1271964866,Abando,5,5,7
2024-03-26,11,N5056328910,Begona,5,5,1
2024-03-26,11,N518227646,Abando,5,5,8
2024-03-26,11,N9607363904,Uribarri,5,5,4
2024-03-26,11,W96337695,Abando,5,5,9
2024-03-26,11,W164510985,Otxarkoaga-Txurdinaga,4,8,3
2024-03-26,11,W41525574,Ibaiondo,4,5,5
2024-03-26,11,N4508853267,Uribarri,4,4,5
2024-03-26,11,N9607391207,Begona,4,4,2
2024-03-26,11,W185205688,Deusto,4,4,1
2024-03-26,11,W375390416,Ibaiondo,4,4,6
2024-03-26,11,N11229807742,Basurtu-Zorrotza,3,3,3
2024-03-26,11,N4254043797,Deusto,3,3,2
2024-03-26,11,N4731925117,Abando,3,3,10
2024-03-26,11,N5056379164,Abando,3,3,11
2024-03-26,11,N5056437799,Deusto,3,3,3
2024-03-26,11,N5301954699,Basurtu-Zorrotza,3,3,4
2024-03-26,11,W397099000,Ibaiondo,3,3,7
2024-03-26,11,W44113519,Abando,3,3,12
2024-03-26,11,N10308519810,Deusto,2,2,4
2024-03-26,11,N5056183351,Errekalde,2,2,2
2024-03-26,11,N5056184623,Errekalde,2,2,3
2024-03-26,11,W164512079,Otxarkoaga-Txurdinaga,2,2,4
2024-03-26,11,W290069950,Deusto,2,2,5
2024-03-26,11,W41415573,Errekalde,2,2,4
2024-03-26,11,W41688628,Abando,2,2,13
2024-03-26,11,N4060532216,Otxarkoaga-Txurdinaga,1,2,5
2024-03-26,11,N5056088727,Ibaiondo,1,1,8
2024-03-26,11,N5056421870,Deusto,1,1,6
2024-03-26,11,W123440625,Uribarri,1,1,6
2024-03-26,11,W162445376,Uribarri,1,1,7
2024-03-26,11,W305622069,Begona,1,1,3
2024-03-26,11,W376396126,Ibaiondo,1,1,9
2024-03-26,12,W108497734,Ibaiondo,41,41,1
2024-03-26,12,N4060532227,Uribarri,25,25,1
2024-03-26,12,N3207631929,Abando,19,19,1
2024-03-26,12,W110895854,Abando,19,19,2
2024-03-26,12,N5056355015,Uribarri,15,15,2
2024-03-26,12,W108504682,Abando,13,14,3
2024-03-26,12,N9607467466,Basurtu-Zorrotza,11,11,1
2024-03-26,12,N4060532217,Otxarkoaga-Txurdinaga,10,10,1
2024-03-26,12,N5056356248,Uribarri,10,10,3
2024-03-26,12,W163196945,Basurtu-Zorrotza,10,10,2
2024-03-26,12,N4762096882,Abando,9,9,4
2024-03-26,12,W44016098,Abando,9,9,5
2024-03-26,12,N11229801356,Ibaiondo,8,8,2
2024-03-26,12,W420558992,Ibaiondo,8,8,3
2024-03-26,12,N9607455457,Errekalde,7,7,1
2024-03-26,12,W485363913,Ibaiondo,7,7,4
2024-03-26,12,N4761972760,Abando,6,6,6
2024-03-26,12,W235157481,Otxarkoaga-Txurdinaga,6,6,2
2024-03-26,12,N1271964866,Abando,5,5,7
2024-03-26,12,N5056328910,Begona,5,5,1
2024-03-26,12,N518227646,Abando,5,5,8
2024-03-26,12,N9607363904,Uribarri,5,5,4
2024-03-26,12,W96337695,Abando,5,5,9
2024-03-26,12,W164510985,Otxarkoaga-Txurdinaga,4,8,3
2024-03-26,12,W41525574,Ibaiondo,4,5,5
2024-03-26,12,N4508853267,Uribarri,4,4,5
2024-03-26,12,N9607391207,Begona,4,4,2
2024-03-26,12,W185205688,Deusto,4,4,1
2024-03-26,12,W375390416,Ibaiondo,4,4,6
2024-03-26,12,N11229807742,Basurtu-Zorrotza,3,3,3
2024-03-26,12,N4254043797,Deusto,3,3,2
2024-03-26,12,N4731925117,Abando,3,3,10
2024-03-26,12,N5056379164,Abando,3,3,11
2024-03-26,12,N5056437799,Deusto,3,3,3
2024-03-26,12,N5301954699,Basurtu-Zorrotza,3,3,4
2024-03-26,12,W397099000,Ibaiondo,3,3,7
2024-03-26,12,W44113519,Abando,3,3,12
2024-03-26,12,N10308519810,Deusto,2,2,4
2024-03-26,12,N5056183351,Errekalde,2,2,2
2024-03-26,12,N5056184623,Errekalde,2,2,3
2024-03-26,12,W164512079,Otxarkoaga-Txurdinaga,2,2,4
2024-03-26,12,W290069950,Deusto,2,2,5
2024-03-26,12,W41415573,Errekalde,2,2,4
2024-03-26,12,W41688628,Abando,2,2,13
2024-03-26,12,N4060532216,Otxarkoaga-Txurdinaga,1,2,5
2024-03-26,12,N5056088727,Ibaiondo,1,1,8
2024-03-26,12,N5056421870,Deusto,1,1,6
2024-03-26,12,W123440625,Uribarri,1,1,6
2024-03-26,12,W162445376,Uribarri,1,1,7
2024-03-26,12,W305622069,Begona,1,1,3
2024-03-26,12,W376396126,Ibaiondo,1,1,9
2024-03-26,13,W108497734,Ibaiondo,41,41,1
2024-03-26,13,N4060532227,Uribarri,25,25,1
2024-03-26,13,N3207631929,Abando,19,19,1
2024-03-26,13,W110895854,Abando,19,19,2
2024-03-26,13,N5056355015,Uribarri,15,15,2
2024-03-26,13,W108504682,Abando,13,14,3
2024-03-26,13,N9607467466,Basurtu-Zorrotza,11,11,1
2024-03-26,13,N4060532217,Otxarkoaga-Txurdinaga,10,10,1
2024-03-26,13,N5056356248,Uribarri,10,10,3
2024-03-26,13,W163196945,Basurtu-Zorrotza,10,10,2
2024-03-26,13,N4762096882,Abando,9,9,4
2024-03-26,13,W44016098,Abando,9,9,5
2024-03-26,13,N11229801356,Ibaiondo,8,8,2
2024-03-26,13,W420558992,Ibaiondo,8,8,3
2024-03-26,13,N9607455457,Errekalde,7,7,1
2024-03-26,13,W485363913,Ibaiondo,7,7,4
2024-03-26,13,N4761972760,Abando,6,6,6
2024-03-26,13,W235157481,Otxarkoaga-Txurdinaga,6,6,2
2024-03-26,13,N1271964866,Abando,5,5,7
2024-03-26,13,N5056328910,Begona,5,5,1
2024-03-26,13,N518227646,Abando,5,5,8
2024-03-26,13,N9607363904,Uribarri,5,5,4
2024-03-26,13,W96337695,Abando,5,5,9
2024-03-26,13,W164510985,Otxarkoaga-Txurdinaga,4,8,3
2024-03-26,13,N4508853267,Uribarri,4,4,5
2024-03-26,13,N9607391207,Begona,4,4,2
2024-03-26,13,W185205688,Deusto,4,4,1
2024-03-26,13,W375390416,Ibaiondo,4,4,5
2024-03-26,13,N11229807742,Basurtu-Zorrotza,3,3,3
2024-03-26,13,N4254043797,Deusto,3,3,2
2024-03-26,13,N4731925117,Abando,3,3,10
2024-03-26,13,N5056379164,Abando,3,3,11
2024-03-26,13,N5056437799,Deusto,3,3,3
2024-03-26,13,N5301954699,Basurtu-Zorrotza,3,3,4
2024-03-26,13,W397099000,Ibaiondo,3,3,6
2024-03-26,13,W44113519,Abando,3,3,12
2024-03-26,13,N10308519810,Deusto,2,2,4
2024-03-26,13,N5056183351,Errekalde,2,2,2
2024-03-26,13,N5056184623,Errekalde,2,2,3
2024-03-26,13,W164512079,Otxarkoaga-Txurdinaga,2,2,4
2024-03-26,13,W290069950,Deusto,2,2,5
2024-03-26,13,W41415573,Errekalde,2,2,4
2024-03-26,13,W41688628,Abando,2,2,13
2024-03-26,13,N4060532216,Otxarkoaga-Txurdinaga,1,2,5
2024-03-26,13,N5056088727,Ibaiondo,1,1,7
2024-03-26,13,N5056421870,Deusto,1,1,6
2024-03-26,13,W123440625,Uribarri,1,1,6
2024-03-26,13,W162445376,Uribarri,1,1,7
2024-03-26,13,W305622069,Begona,1,1,3
2024-03-26,13,W376396126,Ibaiondo,1,1,8
2024-03-26,14,W108497734,Ibaiondo,41,41,1
2024-03-26,14,N4060532227,Uribarri,25,25,1
2024-03-26,14,N3207631929,Abando,19,19,1
2024-03-26,14,W110895854,Abando,19,19,2
2024-03-26,14,N5056355015,Uribarri,15,15,2
2024-03-26,14,W108504682,Abando,13,14,3
2024-03-26,14,N9607467466,Basurtu-Zorrotza,11,11,1
2024-03-26,14,N4060532217,Otxarkoaga-Txurdinaga,10,10,1
2024-03-26,14,N5056356248,Uribarri,10,10,3
2024-03-26,14,N4762096882,Abando,9,9,4
2024-03-26,14,W44016098,Abando,9,9,5
2024-03-26,14,N11229801356,Ibaiondo,8,8,2
2024-03-26,14,W420558992,Ibaiondo,8,8,3
2024-03-26,14,N9607455457,Errekalde,7,7,1
2024-03-26,14,W485363913,Ibaiondo,7,7,4
2024-03-26,14,N4761972760,Abando,6,6,6
2024-03-26,14,W235157481,Otxarkoaga-Txurdinaga,6,6,2
2024-03-26,14,N1271964866,Abando,5,5,7
2024-03-26,14,N5056328910,Begona,5,5,1
2024-03-26,14,N518227646,Abando,5,5,8
2024-03-26,14,N9607363904,Uribarri,5,5,4
2024-03-26,14,W96337695,Abando,5,5,9
2024-03-26,14,W164510985,Otxarkoaga-Txurdinaga,4,8,3
2024-03-26,14,N4508853267,Uribarri,4,4,5
2024-03-26,14,N9607391207,Begona,4,4,2
2024-03-26,14,W185205688,Deusto,4,4,1
2024-03-26,14,W375390416,Ibaiondo,4,4,5
2024-03-26,14,N11229807742,Basurtu-Zorrotza,3,3,2
2024-03-26,14,N4254043797,Deusto,3,3,2
2024-03-26,14,N4731925117,Abando,3,3,10
2024-03-26,14,N5056379164,Abando,3,3,11
2024-03-26,14,N5056437799,Deusto,3,3,3
2024-03-26,14,N5301954699,Basurtu-Zorrotza,3,3,3
2024-03-26,14,W397099000,Ibaiondo,3,3,6
2024-03-26,14,W44113519,Abando,3,3,12
2024-03-26,14,N10308519810,Deusto,2,2,4
2024-03-26,14,N5056183351,Errekalde,2,2,2
2024-03-26,14,N5056184623,Errekalde,2,2,3
2024-03-26,14,W164512079,Otxarkoaga-Txurdinaga,2,2,4
2024-03-26,14,W290069950,Deusto,2,2,5
2024-03-26,14,W41415573,Errekalde,2,2,4
2024-03-26,14,W41688628,Abando,2,2,13
2024-03-26,14,N4060532216,Otxarkoaga-Txurdinaga,1,2,5
2024-03-26,14,N5056088727,Ibaiondo,1,1,7
2024-03-26,14,N5056421870,Deusto,1,1,6
2024-03-26,14,W123440625,Uribarri,1,1,6
2024-03-26,14,W162445376,Uribarri,1,1,7
2024-03-26,14,W305622069,Begona,1,1,3
2024-03-26,14,W376396126,Ibaiondo,1,1,8
2024-03-26,15,W108497734,Ibaiondo,41,41,1
2024-03-26,15,N4060532227,Uribarri,25,25,1
2024-03-26,15,W110895854,Abando,19,19,1
2024-03-26,15,W48045715,Uribarri,15,15,2
2024-03-26,15,W108504682,Abando,14,14,2
2024-03-26,15,N9607467466,Basurtu-Zorrotza,11,11,1
2024-03-26,15,N4060532217,Otxarkoaga-Txurdinaga,10,10,1
2024-03-26,15,W44016098,Abando,9,9,3
2024-03-26,15,N11229801356,Ibaiondo,8,8,2
2024-03-26,15,W420558992,Ibaiondo,8,8,3
2024-03-26,15,N9607455457,Errekalde,7,7,1
2024-03-26,15,W485363913,Ibaiondo,7,7,4
2024-03-26,15,N4761972760,Abando,6,6,4
2024-03-26,15,W235157481,Otxarkoaga-Txurdinaga,6,6,2
2024-03-26,15,N5056328910,Begona,5,5,1
2024-03-26,15,N518227646,Abando,5,5,5
2024-03-26,15,N9607363904,Uribarri,5,5,3
2024-03-26,15,W96337695,Abando,5,5,6
2024-03-26,15,N4508853267,Uribarri,4,4,4
2024-03-26,15,N9607391207,Begona,4,4,2
2024-03-26,15,W185205688,Deusto,4,4,1
2024-03-26,15,W375390416,Ibaiondo,4,4,5
2024-03-26,15,N11229807742,Basurtu-Zorrotza,3,3,2
2024-03-26,15,N4731925117,Abando,3,3,7
2024-03-26,15,N5056379164,Abando,3,3,8
2024-03-26,15,N5301954699,Basurtu-Zorrotza,3,3,3
2024-03-26,15,W397099000,Ibaiondo,3,3,6
2024-03-26,15,W44113519,Abando,3,3,9
2024-03-26,15,N5056183351,Errekalde,2,2,2
2024-03-26,15,W164512079,Otxarkoaga-Txurdinaga,2,2,3
2024-03-26,15,W290069950,Deusto,2,2,2
2024-03-26,15,W41415573,Errekalde,2,2,3
2024-03-26,15,N4060532216,Otxarkoaga-Txurdinaga,1,2,4
2024-03-26,15,N5056088727,Ibaiondo,1,1,7
2024-03-26,15,N5056421870,Deusto,1,1,3
2024-03-26,15,W123440625,Uribarri,1,1,5
2024-03-26,15,W162445376,Uribarri,1,1,6
2024-03-26,15,W305622069,Begona,1,1,3
2024-03-26,15,W376396126,Ibaiondo,1,1,8
2024-03-26,16,W108497734,Ibaiondo,41,41,1
2024-03-26,16,N4060532227,Uribarri,25,25,1
2024-03-26,16,N3207631929,Abando,19,19,1
2024-03-26,16,W110895854,Abando,19,19,2
2024-03-26,16,W48045715,Uribarri,15,15,2
2024-03-26,16,W108504682,Abando,13,14,3
2024-03-26,16,N9607467466,Basurtu-Zorrotza,11,11,1
2024-03-26,16,N4060532217,Otxarkoaga-Txurdinaga,10,10,1
2024-03-26,16,W44016098,Abando,9,9,4
2024-03-26,16,N11229801356,Ibaiondo,8,8,2
2024-03-26,16,W420558992,Ibaiondo,8,8,3
2024-03-26,16,N9607455457,Errekalde,7,7,1
2024-03-26,16,W485363913,Ibaiondo,7,7,4
2024-03-26,16,N4761972760,Abando,6,6,5
2024-03-26,16,N5056200430,Basurtu-Zorrotza,6,6,2
2024-03-26,16,W235157481,Otxarkoaga-Txurdinaga,6,6,2
2024-03-26,16,W301165234,Errekalde,6,6,2
2024-03-26,16,N5056328910,Begona,5,5,1
2024-03-26,16,N518227646,Abando,5,5,6
2024-03-26,16,N9607363904,Uribarri,5,5,3
2024-03-26,16,W96337695,Abando,5,5,7
2024-03-26,16,N4508853267,Uribarri,4,4,4
2024-03-26,16,N9607391207,Begona,4,4,2
2024-03-26,16,W185205688,Deusto,4,4,1
2024-03-26,16,W375390416,Ibaiondo,4,4,5
2024-03-26,16,N11229807742,Basurtu-Zorrotza,3,3,3
2024-03-26,16,N4731925117,Abando,3,3,8
2024-03-26,16,N5056379164,Abando,3,3,9
2024-03-26,16,N5301954699,Basurtu-Zorrotza,3,3,4
2024-03-26,16,W397099000,Ibaiondo,3,3,6
2024-03-26,16,W44113519,Abando,3,3,10
2024-03-26,16,N5056183351,Errekalde,2,2,3
2024-03-26,16,W164512079,Otxarkoaga-Txurdinaga,2,2,3
2024-03-26,16,W290069950,Deusto,2,2,2
2024-03-26,16,W41415573,Errekalde,2,2,4
2024-03-26,16,N4060532216,Otxarkoaga-Txurdinaga,1,2,4
2024-03-26,16,N5056088727,Ibaiondo,1,1,7
2024-03-26,16,N5056421870,Deusto,1,1,3
2024-03-26,16,W123440625,Uribarri,1,1,5
2024-03-26,16,W162445376,Uribarri,1,1,6
2024-03-26,16,W305622069,Begona,1,1,3
2024-03-26,16,W376396126,Ibaiondo,1,1,8
2024-03-26,17,W108497734,Ibaiondo,41,41,1
2024-03-26,17,N4060532227,Uribarri,25,25,1
2024-03-26,17,N3207631929,Abando,19,19,1
2024-03-26,17,W110895854,Abando,19,19,2
2024-03-26,17,W48045715,Uribarri,15,15,2
2024-03-26,17,W108504682,Abando,13,14,3
2024-03-26,17,N9607467466,Basurtu-Zorrotza,11,11,1
2024-03-26,17,N4060532217,Otxarkoaga-Txurdinaga,10,10,1
2024-03-26,17,N5056356248,Uribarri,10,10,3
2024-03-26,17,W44016098,Abando,9,9,4
2024-03-26,17,N11229801356,Ibaiondo,8,8,2
2024-03-26,17,W420558992,Ibaiondo,8,8,3
2024-03-26,17,N9607455457,Errekalde,7,7,1
2024-03-26,17,W485363913,Ibaiondo,7,7,4
2024-03-26,17,N5056200430,Basurtu-Zorrotza,6,6,2
2024-03-26,17,W235157481,Otxarkoaga-Txurdinaga,6,6,2
2024-03-26,17,W301165234,Errekalde,6,6,2
2024-03-26,17,N5056328910,Begona,5,5,1
2024-03-26,17,N518227646,Abando,5,5,5
2024-03-26,17,N9607363904,Uribarri,5,5,4
2024-03-26,17,W96337695,Abando,5,5,6
2024-03-26,17,W164510985,Otxarkoaga-Txurdinaga,4,8,3
2024-03-26,17,N4508853267,Uribarri,4,4,5
2024-03-26,17,N9607391207,Begona,4,4,2
2024-03-26,17,W185205688,Deusto,4,4,1
2024-03-26,17,W375390416,Ibaiondo,4,4,5
2024-03-26,17,N11229807742,Basurtu-Zorrotza,3,3,3
2024-03-26,17,N4254043797,Deusto,3,3,2
2024-03-26,17,N4731925117,Abando,3,3,7
2024-03-26,17,N5056379164,Abando,3,3,8
2024-03-26,17,N5056437799,Deusto,3,3,3
2024-03-26,17,N5301954699,Basurtu-Zorrotza,3,3,4
2024-03-26,17,W397099000,Ibaiondo,3,3,6
2024-03-26,17,W44113519,Abando,3,3,9
2024-03-26,17,N5056183351,Errekalde,2,2,3
2024-03-26,17,N5056184623,Errekalde,2,2,4
2024-03-26,17,W164512079,Otxarkoaga-Txurdinaga,2,2,4
2024-03-26,17,W290069950,Deusto,2,2,4
2024-03-26,17,W41415573,Errekalde,2,2,5
2024-03-26,17,N4060532216,Otxarkoaga-Txurdinaga,1,2,5
2024-03-26,17,N5056088727,Ibaiondo,1,1,7
2024-03-26,17,N5056421870,Deusto,1,1,5
2024-03-26,17,W123440625,Uribarri,1,1,6
2024-03-26,17,W162445376,Uribarri,1,1,7
2024-03-26,17,W305622069,Begona,1,1,3
2024-03-26,17,W376396126,Ibaiondo,1,1,8
2024-03-26,18,W108497734,Ibaiondo,41,41,1
2024-03-26,18,N4060532227,Uribarri,25,25,1
2024-03-26,18,N3207631929,Abando,19,19,1
2024-03-26,18,W48045715,Uribarri,15,15,2
2024-03-26,18,W108504682,Abando,13,14,2
2024-03-26,18,N9607467466,Basurtu-Zorrotza,11,11,1
2024-03-26,18,N4060532217,Otxarkoaga-Txurdinaga,10,10,1
2024-03-26,18,N5056356248,Uribarri,10,10,3
2024-03-26,18,W163196945,Basurtu-Zorrotza,10,10,2
2024-03-26,18,N4762096882,Abando,9,9,3
2024-03-26,18,W44016098,Abando,9,9,4
2024-03-26,18,N11229801356,Ibaiondo,8,8,2
2024-03-26,18,W420558992,Ibaiondo,8,8,3
2024-03-26,18,N9607455457,Errekalde,7,7,1
2024-03-26,18,W485363913,Ibaiondo,7,7,4
2024-03-26,18,N5056200430,Basurtu-Zorrotza,6,6,3
2024-03-26,18,W235157481,Otxarkoaga-Txurdinaga,6,6,2
2024-03-26,18,W301165234,Errekalde,6,6,2
2024-03-26,18,N1271964866,Abando,5,5,5
2024-03-26,18,N5056328910,Begona,5,5,1
2024-03-26,18,N518227646,Abando,5,5,6
2024-03-26,18,N9607363904,Uribarri,5,5,4
2024-03-26,18,W96337695,Abando,5,5,7
2024-03-26,18,W164510985,Otxarkoaga-Txurdinaga,4,8,3
2024-03-26,18,W41525574,Ibaiondo,4,5,5
2024-03-26,18,N4508853267,Uribarri,4,4,5
2024-03-26,18,N9607391207,Begona,4,4,2
2024-03-26,18,W185205688,Deusto,4,4,1
2024-03-26,18,W375390416,Ibaiondo,4,4,6
2024-03-26,18,N11229807742,Basurtu-Zorrotza,3,3,4
2024-03-26,18,N4254043797,Deusto,3,3,2
2024-03-26,18,N4731925117,Abando,3,3,8
2024-03-26,18,N5056379164,Abando,3,3,9
2024-03-26,18,N5056437799,Deusto,3,3,3
2024-03-26,18,N5301954699,Basurtu-Zorrotza,3,3,5
2024-03-26,18,W397099000,Ibaiondo,3,3,7
2024-03-26,18,W44113519,Abando,3,3,10
2024-03-26,18,N5056183351,Errekalde,2,2,3
2024-03-26,18,N5056184623,Errekalde,2,2,4
2024-03-26,18,W164512079,Otxarkoaga-Txurdinaga,2,2,4
2024-03-26,18,W290069950,Deusto,2,2,4
2024-03-26,18,W41415573,Errekalde,2,2,5
2024-03-26,18,N4060532216,Otxarkoaga-Txurdinaga,1,2,5
2024-03-26,18,N5056088727,Ibaiondo,1,1,8
2024-03-26,18,N5056421870,Deusto,1,1,5
2024-03-26,18,W123440625,Uribarri,1,1,6
2024-03-26,18,W162445376,Uribarri,1,1,7
2024-03-26,18,W305622069,Begona,1,1,3
2024-03-26,18,W376396126,Ibaiondo,1,1,9
2024-03-26,19,W108497734,Ibaiondo,41,41,1
2024-03-26,19,N4060532227,Uribarri,25,25,1
2024-03-26,19,N3207631929,Abando,19,19,1
2024-03-26,19,W48045715,Uribarri,15,15,2
2024-03-26,19,W108504682,Abando,13,14,2
2024-03-26,19,N9607467466,Basurtu-Zorrotza,11,11,1
2024-03-26,19,N4060532217,Otxarkoaga-Txurdinaga,10,10,1
2024-03-26,19,N5056356248,Uribarri,10,10,3
2024-03-26,19,W163196945,Basurtu-Zorrotza,10,10,2
2024-03-26,19,N4762096882,Abando,9,9,3
2024-03-26,19,W44016098,Abando,9,9,4
2024-03-26,19,N11229801356,Ibaiondo,8,8,2
2024-03-26,19,W420558992,Ibaiondo,8,8,3
2024-03-26,19,N9607455457,Errekalde,7,7,1
2024-03-26,19,W485363913,Ibaiondo,7,7,4
2024-03-26,19,N5056200430,Basurtu-Zorrotza,6,6,3
2024-03-26,19,W235157481,Otxarkoaga-Txurdinaga,6,6,2
2024-03-26,19,W301165234,Errekalde,6,6,2
2024-03-26,19,N1271964866,Abando,5,5,5
2024-03-26,19,N5056328910,Begona,5,5,1
2024-03-26,19,N518227646,Abando,5,5,6
2024-03-26,19,N9607363904,Uribarri,5,5,4
2024-03-26,19,W96337695,Abando,5,5,7
2024-03-26,19,W164510985,Otxarkoaga-Txurdinaga,4,8,3
2024-03-26,19,W41525574,Ibaiondo,4,5,5
2024-03-26,19,N4508853267,Uribarri,4,4,5
2024-03-26,19,N9607391207,Begona,4,4,2
2024-03-26,19,W185205688,Deusto,4,4,1
2024-03-26,19,W375390416,Ibaiondo,4,4,6
2024-03-26,19,N11229807742,Basurtu-Zorrotza,3,3,4
2024-03-26,19,N4254043797,Deusto,3,3,2
2024-03-26,19,N4731925117,Abando,3,3,8
2024-03-26,19,N5056379164,Abando,3,3,9
2024-03-26,19,N5056437799,Deusto,3,3,3
2024-03-26,19,N5301954699,Basurtu-Zorrotza,3,3,5
2024-03-26,19,W397099000,Ibaiondo,3,3,7
2024-03-26,19,W44113519,Abando,3,3,10
2024-03-26,19,N5056183351,Errekalde,2,2,3
2024-03-26,19,N5056184623,Errekalde,2,2,4
2024-03-26,19,W164512079,Otxarkoaga-Txurdinaga,2,2,4
2024-03-26,19,W290069950,Deusto,2,2,4
2024-03-26,19,W41415573,Errekalde,2,2,5
2024-03-26,19,N4060532216,Otxarkoaga-Txurdinaga,1,2,5
2024-03-26,19,N5056088727,Ibaiondo,1,1,8
2024-03-26,19,N5056421870,Deusto,1,1,5
2024-03-26,19,W123440625,Uribarri,1,1,6
2024-03-26,19,W162445376,Uribarri,1,1,7
2024-03-26,19,W305622069,Begona,1,1,3
2024-03-26,19,W376396126,Ibaiondo,1,1,9
2024-03-26,20,W108497734,Ibaiondo,41,41,1
2024-03-26,20,N4060532227,Uribarri,25,25,1
2024-03-26,20,N3207631929,Abando,19,19,1
2024-03-26,20,W48045715,Uribarri,15,15,2
2024-03-26,20,W108504682,Abando,13,14,2
2024-03-26,20,N9607467466,Basurtu-Zorrotza,11,11,1
2024-03-26,20,N4060532217,Otxarkoaga-Txurdinaga,10,10,1
2024-03-26,20,N5056356248,Uribarri,10,10,3
2024-03-26,20,N4762096882,Abando,9,9,3
2024-03-26,20,W44016098,Abando,9,9,4
2024-03-26,20,N11229801356,Ibaiondo,8,8,2
2024-03-26,20,W420558992,Ibaiondo,8,8,3
2024-03-26,20,N9607455457,Errekalde,7,7,1
2024-03-26,20,W485363913,Ibaiondo,7,7,4
2024-03-26,20,N5056200430,Basurtu-Zorrotza,6,6,2
2024-03-26,20,W235157481,Otxarkoaga-Txurdinaga,6,6,2
2024-03-26,20,W301165234,Errekalde,6,6,2
2024-03-26,20,N1271964866,Abando,5,5,5
2024-03-26,20,N5056328910,Begona,5,5,1
2024-03-26,20,N9607363904,Uribarri,5,5,4
2024-03-26,20,W96337695,Abando,5,5,6
2024-03-26,20,N4508853267,Uribarri,4,4,5
2024-03-26,20,N9607391207,Begona,4,4,2
2024-03-26,20,W185205688,Deusto,4,4,1
2024-03-26,20,W375390416,Ibaiondo,4,4,5
2024-03-26,20,N11229807742,Basurtu-Zorrotza,3,3,3
2024-03-26,20,N4254043797,Deusto,3,3,2
2024-03-26,20,N4731925117,Abando,3,3,7
2024-03-26,20,N5056379164,Abando,3,3,8
2024-03-26,20,N5056437799,Deusto,3,3,3
2024-03-26,20,N5301954699,Basurtu-Zorrotza,3,3,4
2024-03-26,20,W397099000,Ibaiondo,3,3,6
2024-03-26,20,W44113519,Abando,3,3,9
2024-03-26,20,N5056183351,Errekalde,2,2,3
2024-03-26,20,N5056184623,Errekalde,2,2,4
2024-03-26,20,W164512079,Otxarkoaga-Txurdinaga,2,2,3
2024-03-26,20,W290069950,Deusto,2,2,4
2024-03-26,20,W41415573,Errekalde,2,2,5
2024-03-26,20,N4060532216,Otxarkoaga-Txurdinaga,1,2,4
2024-03-26,20,N5056088727,Ibaiondo,1,1,7
2024-03-26,20,N5056421870,Deusto,1,1,5
2024-03-26,20,W123440625,Uribarri,1,1,6
2024-03-26,20,W162445376,Uribarri,1,1,7
2024-03-26,20,W305622069,Begona,1,1,3
2024-03-26,20,W376396126,Ibaiondo,1,1,8
2024-03-26,21,N4060532227,Uribarri,25,25,1
2024-03-26,21,W48045715,Uribarri,15,15,2
2024-03-26,21,N9607467466,Basurtu-Zorrotza,11,11,1
2024-03-26,21,N4060532217,Otxarkoaga-Txurdinaga,10,10,1
2024-03-26,21,W44016098,Abando,9,9,1
2024-03-26,21,N11229801356,Ibaiondo,8,8,1
2024-03-26,21,W420558992,Ibaiondo,8,8,2
2024-03-26,21,N9607455457,Errekalde,7,7,1
2024-03-26,21,W485363913,Ibaiondo,7,7,3
2024-03-26,21,N5056200430,Basurtu-Zorrotza,6,6,2
2024-03-26,21,W235157481,Otxarkoaga-Txurdinaga,6,6,2
2024-03-26,21,W301165234,Errekalde,6,6,2
2024-03-26,21,N5056328910,Begona,5,5,1
2024-03-26,21,N9607363904,Uribarri,5,5,3
2024-03-26,21,W96337695,Abando,5,5,2
2024-03-26,21,N4508853267,Uribarri,4,4,4
2024-03-26,21,N9607391207,Begona,4,4,2
2024-03-26,21,W185205688,Deusto,4,4,1
2024-03-26,21,W375390416,Ibaiondo,4,4,4
2024-03-26,21,N11229807742,Basurtu-Zorrotza,3,3,3
2024-03-26,21,N4731925117,Abando,3,3,3
2024-03-26,21,N5056379164,Abando,3,3,4
2024-03-26,21,N5301954699,Basurtu-Zorrotza,3,3,4
2024-03-26,21,W397099000,Ibaiondo,3,3,5
2024-03-26,21,W44113519,Abando,3,3,5
2024-03-26,21,N5056183351,Errekalde,2,2,3
2024-03-26,21,W164512079,Otxarkoaga-Txurdinaga,2,2,3
2024-03-26,21,W290069950,Deusto,2,2,2
2024-03-26,21,W41415573,Errekalde,2,2,4
2024-03-26,21,N4060532216,Otxarkoaga-Txurdinaga,1,2,4
2024-03-26,21,N5056088727,Ibaiondo,1,1,6
2024-03-26,21,N5056421870,Deusto,1,1,3
2024-03-26,21,W123440625,Uribarri,1,1,5
2024-03-26,21,W162445376,Uribarri,1,1,6
2024-03-26,21,W305622069,Begona,1,1,3
2024-03-26,21,W376396126,Ibaiondo,1,1,7
2024-03-26,22,N4060532227,Uribarri,25,25,1
2024-03-26,22,N4060532217,Otxarkoaga-Txurdinaga,10,10,1
2024-03-26,22,W485363913,Ibaiondo,7,7,1
2024-03-26,22,N4508853267,Uribarri,4,4,2
2024-03-26,22,N5056379164,Abando,3,3,1
2024-03-26,22,N5301954699,Basurtu-Zorrotza,3,3,1
2024-03-26,22,W28776478,Abando,3,3,2
2024-03-26,22,W397099000,Ibaiondo,3,3,2
2024-03-26,22,W44113519,Abando,3,3,3
2024-03-26,22,N4060532216,Otxarkoaga-Txurdinaga,2,2,2
2024-03-26,22,W123440604,Uribarri,2,2,3
2024-03-26,22,W164512079,Otxarkoaga-Txurdinaga,2,2,3
2024-03-26,22,W290069950,Deusto,2,2,1
2024-03-26,22,W123440625,Uribarri,1,1,4
2024-03-26,22,W162445376,Uribarri,1,1,5
2024-03-26,23,N4060532227,Uribarri,25,25,1
2024-03-26,23,N4060532217,Otxarkoaga-Txurdinaga,10,10,1
2024-03-26,23,W485363913,Ibaiondo,7,7,1
2024-03-26,23,N4508853267,Uribarri,4,4,2
2024-03-26,23,N5056379164,Abando,3,3,1
2024-03-26,23,N5301954699,Basurtu-Zorrotza,3,3,1
2024-03-26,23,W28776478,Abando,3,3,2
2024-03-26,23,W44113519,Abando,3,3,3
2024-03-26,23,N4060532216,Otxarkoaga-Txurdinaga,2,2,2
2024-03-27,5,N4060532227,Uribarri,25,25,1
2024-03-27,5,N4060532217,Otxarkoaga-Txurdinaga,10,10,1
2024-03-27,5,W485363913,Ibaiondo,7,7,1
2024-03-27,5,N4508853267,Uribarri,4,4,2
2024-03-27,5,W28776478,Abando,3,3,1
2024-03-27,5,N4060532216,Otxarkoaga-Txurdinaga,2,2,2
2024-03-27,6,N4060532227,Uribarri,25,25,1
2024-03-27,6,N4060532217,Otxarkoaga-Txurdinaga,10,10,1
2024-03-27,6,W485363913,Ibaiondo,7,7,1
2024-03-27,6,N4508853267,Uribarri,4,4,2
2024-03-27,6,N5056379164,Abando,3,3,1
2024-03-27,6,N5301954699,Basurtu-Zorrotza,3,3,1
2024-03-27,6,W28776478,Abando,3,3,2
2024-03-27,6,W44113519,Abando,3,3,3
2024-03-27,6,N4060532216,Otxarkoaga-Txurdinaga,2,2,2
2024-03-27,7,N4060532227,Uribarri,25,25,1
2024-03-27,7,N4060532217,Otxarkoaga-Txurdinaga,10,10,1
2024-03-27,7,W485363913,Ibaiondo,7,7,1
2024-03-27,7,N4508853267,Uribarri,4,4,2
2024-03-27,7,N5056379164,Abando,3,3,1
2024-03-27,7,N5301954699,Basurtu-Zorrotza,3,3,1
2024-03-27,7,W28776478,Abando,3,3,2
2024-03-27,7,W44113519,Abando,3,3,3
2024-03-27,7,N4060532216,Otxarkoaga-Txurdinaga,2,2,2
2024-03-27,8,N4060532227,Uribarri,25,25,1
2024-03-27,8,N5056355015,Uribarri,15,15,2
2024-03-27,8,N4060532217,Otxarkoaga-Txurdinaga,10,10,1
2024-03-27,8,N5056356248,Uribarri,10,10,3
2024-03-27,8,W485363913,Ibaiondo,7,7,1
2024-03-27,8,W164510985,Otxarkoaga-Txurdinaga,4,8,2
2024-03-27,8,N4508853267,Uribarri,4,4,4
2024-03-27,8,W185205688,Deusto,4,4,1
2024-03-27,8,N4254043797,Deusto,3,3,2
2024-03-27,8,N5056379164,Abando,3,3,1
2024-03-27,8,N5056437799,Deusto,3,3,3
2024-03-27,8,N5301954699,Basurtu-Zorrotza,3,3,1
2024-03-27,8,W28776478,Abando,3,3,2
2024-03-27,8,W397099000,Ibaiondo,3,3,2
2024-03-27,8,W44113519,Abando,3,3,3
2024-03-27,8,N4060532216,Otxarkoaga-Txurdinaga,2,2,3
2024-03-27,8,N5056184623,Errekalde,2,2,1
2024-03-27,8,W123440604,Uribarri,2,2,5
2024-03-27,8,W290069950,Deusto,2,2,4
2024-03-27,8,W41415573,Errekalde,2,2,2
2024-03-27,8,W41688628,Abando,2,2,4
2024-03-27,8,W123440625,Uribarri,1,1,6
2024-03-27,8,W162445376,Uribarri,1,1,7
2024-03-27,8,W305622069,Begona,1,1,1
2024-03-27,8,W376396126,Ibaiondo,1,1,3
2024-03-27,9,W108497734,Ibaiondo,41,41,1
2024-03-27,9,N4060532227,Uribarri,25,25,1
2024-03-27,9,W110895854,Abando,19,19,1
2024-03-27,9,W48045715,Uribarri,15,15,2
2024-03-27,9,W108504682,Abando,14,14,2
2024-03-27,9,N9607467466,Basurtu-Zorrotza,11,11,1
2024-03-27,9,N4060532217,Otxarkoaga-Txurdinaga,10,10,1
2024-03-27,9,N5056356248,Uribarri,10,10,3
2024-03-27,9,N11229801356,Ibaiondo,8,8,2
2024-03-27,9,W420558992,Ibaiondo,8,8,3
2024-03-27,9,N9607455457,Errekalde,7,7,1
2024-03-27,9,W485363913,Ibaiondo,7,7,4
2024-03-27,9,N4761972760,Abando,6,6,3
2024-03-27,9,W235157481,Otxarkoaga-Txurdinaga,6,6,2
2024-03-27,9,N5056328910,Begona,5,5,1
2024-03-27,9,N9607363904,Uribarri,5,5,4
2024-03-27,9,W96337695,Abando,5,5,4
2024-03-27,9,W164510985,Otxarkoaga-Txurdinaga,4,8,3
2024-03-27,9,N4508853267,Uribarri,4,4,5
2024-03-27,9,N9607391207,Begona,4,4,2
2024-03-27,9,W185205688,Deusto,4,4,1
2024-03-27,9,W375390416,Ibaiondo,4,4,5
2024-03-27,9,N11229807742,Basurtu-Zorrotza,3,3,2
2024-03-27,9,N4254043797,Deusto,3,3,2
2024-03-27,9,N4731925117,Abando,3,3,5
2024-03-27,9,N5056379164,Abando,3,3,6
2024-03-27,9,N5056437799,Deusto,3,3,3
2024-03-27,9,N5301954699,Basurtu-Zorrotza,3,3,3
2024-03-27,9,W28776478,Abando,3,3,7
2024-03-27,9,W397099000,Ibaiondo,3,3,6
2024-03-27,9,W44113519,Abando,3,3,8
2024-03-27,9,N10308519810,Deusto,2,2,4
2024-03-27,9,N5056183351,Errekalde,2,2,2
2024-03-27,9,N5056184623,Errekalde,2,2,3
2024-03-27,9,W164512079,Otxarkoaga-Txurdinaga,2,2,4
2024-03-27,9,W290069950,Deusto,2,2,5
2024-03-27,9,W41415573,Errekalde,2,2,4
2024-03-27,9,W41688628,Abando,2,2,9
2024-03-27,9,N4060532216,Otxarkoaga-Txurdinaga,1,2,5
2024-03-27,9,N5056088727,Ibaiondo,1,1,7
2024-03-27,9,N5056421870,Deusto,1,1,6
2024-03-27,9,W123440625,Uribarri,1,1,6
2024-03-27,9,W162445376,Uribarri,1,1,7
2024-03-27,9,W305622069,Begona,1,1,3
2024-03-27,9,W376396126,Ibaiondo,1,1,8
2024-03-27,10,W108497734,Ibaiondo,41,41,1
2024-03-27,10,N4060532227,Uribarri,25,25,1
2024-03-27,10,W110895854,Abando,19,19,1
2024-03-27,10,N5056355015,Uribarri,15,15,2
2024-03-27,10,W108504682,Abando,14,14,2
2024-03-27,10,N9607467466,Basurtu-Zorrotza,11,11,1
2024-03-27,10,N4060532217,Otxarkoaga-Txurdinaga,10,10,1
2024-03-27,10,N5056356248,Uribarri,10,10,3
2024-03-27,10,W28211432,Abando,9,9,3
2024-03-27,10,W44016098,Abando,9,9,4
2024-03-27,10,N11229801356,Ibaiondo,8,8,2
2024-03-27,10,W420558992,Ibaiondo,8,8,3
2024-03-27,10,N9607455457,Errekalde,7,7,1
2024-03-27,10,W404432093,Ibaiondo,7,7,4
2024-03-27,10,W485363913,Ibaiondo,7,7,5
2024-03-27,10,N4761972760,Abando,6,6,5
2024-03-27,10,W235157481,Otxarkoaga-Txurdinaga,6,6,2
2024-03-27,10,N1271964866,Abando,5,5,6
2024-03-27,10,N5056328910,Begona,5,5,1
2024-03-27,10,N9607363904,Uribarri,5,5,4
2024-03-27,10,W96337695,Abando,5,5,7
2024-03-27,10,W164510985,Otxarkoaga-Txurdinaga,4,8,3
2024-03-27,10,W41525574,Ibaiondo,4,5,6
2024-03-27,10,N4508853267,Uribarri,4,4,5
2024-03-27,10,N9607391207,Begona,4,4,2
2024-03-27,10,W185205688,Deusto,4,4,1
2024-03-27,10,W375390416,Ibaiondo,4,4,7
2024-03-27,10,N11229807742,Basurtu-Zorrotza,3,3,2
2024-03-27,10,N4254043797,Deusto,3,3,2
2024-03-27,10,N4731925117,Abando,3,3,8
2024-03-27,10,N5056379164,Abando,3,3,9
2024-03-27,10,N5056437799,Deusto,3,3,3
2024-03-27,10,N5301954699,Basurtu-Zorrotza,3,3,3
2024-03-27,10,W397099000,Ibaiondo,3,3,8
2024-03-27,10,W44113519,Abando,3,3,10
2024-03-27,10,N10308519810,Deusto,2,2,4
2024-03-27,10,N5056183351,Errekalde,2,2,2
2024-03-27,10,N5056184623,Errekalde,2,2,3
2024-03-27,10,W164512079,Otxarkoaga-Txurdinaga,2,2,4
2024-03-27,10,W290069950,Deusto,2,2,5
2024-03-27,10,W41415573,Errekalde,2,2,4
2024-03-27,10,W41688628,Abando,2,2,11
2024-03-27,10,N4060532216,Otxarkoaga-Txurdinaga,1,2,5
2024-03-27,10,N5056088727,Ibaiondo,1,1,9
2024-03-27,10,N5056421870,Deusto,1,1,6
2024-03-27,10,W123440625,Uribarri,1,1,6
2024-03-27,10,W162445376,Uribarri,1,1,7
2024-03-27,10,W305622069,Begona,1,1,3
2024-03-27,10,W376396126,Ibaiondo,1,1,10
2024-03-27,11,W108497734,Ibaiondo,41,41,1
2024-03-27,11,N4060532227,Uribarri,25,25,1
2024-03-27,11,N3207631929,Abando,19,19,1
2024-03-27,11,W110895854,Abando,19,19,2
2024-03-27,11,N5056355015,Uribarri,15,15,2
2024-03-27,11,W108504682,Abando,13,14,3
2024-03-27,11,N9607467466,Basurtu-Zorrotza,11,11,1
2024-03-27,11,N4060532217,Otxarkoaga-Txurdinaga,10,10,1
2024-03-27,11,N5056356248,Uribarri,10,10,3
2024-03-27,11,W163196945,Basurtu-Zorrotza,10,10,2
2024-03-27,11,N4762096882,Abando,9,9,4
2024-03-27,11,W28211432,Abando,9,9,5
2024-03-27,11,W44016098,Abando,9,9,6
2024-03-27,11,N11229801356,Ibaiondo,8,8,2
2024-03-27,11,W420558992,Ibaiondo,8,8,3
2024-03-27,11,N9607455457,Errekalde,7,7,1
2024-03-27,11,W404432093,Ibaiondo,7,7,4
2024-03-27,11,W485363913,Ibaiondo,7,7,5
2024-03-27,11,N4761972760,Abando,6,6,7
2024-03-27,11,W235157481,Otxarkoaga-Txurdinaga,6,6,2
2024-03-27,11,N1271964866,Abando,5,5,8
2024-03-27,11,N5056328910,Begona,5,5,1
2024-03-27,11,N518227646,Abando,5,5,9
2024-03-27,11,N9607363904,Uribarri,5,5,4
2024-03-27,11,W96337695,Abando,5,5,10
2024-03-27,11,W164510985,Otxarkoaga-Txurdinaga,4,8,3
2024-03-27,11,W41525574,Ibaiondo,4,5,6
2024-03-27,11,N4508853267,Uribarri,4,4,5
2024-03-27,11,N9607391207,Begona,4,4,2
2024-03-27,11,W185205688,Deusto,4,4,1
2024-03-27,11,W375390416,Ibaiondo,4,4,7
2024-03-27,11,N11229807742,Basurtu-Zorrotza,3,3,3
2024-03-27,11,N4254043797,Deusto,3,3,2
2024-03-27,11,N4731925117,Abando,3,3,11
2024-03-27,11,N5056379164,Abando,3,3,12
2024-03-27,11,N5056437799,Deusto,3,3,3
2024-03-27,11,N5301954699,Basurtu-Zorrotza,3,3,4
2024-03-27,11,W397099000,Ibaiondo,3,3,8
2024-03-27,11,W44113519,Abando,3,3,13
2024-03-27,11,N10308519810,Deusto,2,2,4
2024-03-27,11,N5056183351,Errekalde,2,2,2
2024-03-27,11,N5056184623,Errekalde,2,2,3
2024-03-27,11,W164512079,Otxarkoaga-Txurdinaga,2,2,4
2024-03-27,11,W290069950,Deusto,2,2,5
2024-03-27,11,W41415573,Errekalde,2,2,4
2024-03-27,11,W41688628,Abando,2,2,14
2024-03-27,11,N4060532216,Otxarkoaga-Txurdinaga,1,2,5
2024-03-27,11,N5056088727,Ibaiondo,1,1,9
2024-03-27,11,N5056421870,Deusto,1,1,6
2024-03-27,11,W123440625,Uribarri,1,1,6
2024-03-27,11,W162445376,Uribarri,1,1,7
2024-03-27,11,W305622069,Begona,1,1,3
2024-03-27,11,W376396126,Ibaiondo,1,1,10
2024-03-27,12,W108497734,Ibaiondo,41,41,1
2024-03-27,12,N4060532227,Uribarri,25,25,1
2024-03-27,12,N3207631929,Abando,19,19,1
2024-03-27,12,W110895854,Abando,19,19,2
2024-03-27,12,N5056355015,Uribarri,15,15,2
2024-03-27,12,W108504682,Abando,13,14,3
2024-03-27,12,N9607467466,Basurtu-Zorrotza,11,11,1
2024-03-27,12,N4060532217,Otxarkoaga-Txurdinaga,10,10,1
2024-03-27,12,N5056356248,Uribarri,10,10,3
2024-03-27,12,W163196945,Basurtu-Zorrotza,10,10,2
2024-03-27,12,N4762096882,Abando,9,9,4
2024-03-27,12,W28211432,Abando,9,9,5
2024-03-27,12,W44016098,Abando,9,9,6
2024-03-27,12,N11229801356,Ibaiondo,8,8,2
2024-03-27,12,W420558992,Ibaiondo,8,8,3
2024-03-27,12,N9607455457,Errekalde,7,7,1
2024-03-27,12,W404432093,Ibaiondo,7,7,4
2024-03-27,12,W485363913,Ibaiondo,7,7,5
2024-03-27,12,N4761972760,Abando,6,6,7
2024-03-27,12,W235157481,Otxarkoaga-Txurdinaga,6,6,2
2024-03-27,12,N1271964866,Abando,5,5,8
2024-03-27,12,N5056328910,Begona,5,5,1
2024-03-27,12,N518227646,Abando,5,5,9
2024-03-27,12,N9607363904,Uribarri,5,5,4
2024-03-27,12,W96337695,Abando,5,5,10
2024-03-27,12,W164510985,Otxarkoaga-Txurdinaga,4,8,3
2024-03-27,12,W41525574,Ibaiondo,4,5,6
2024-03-27,12,N4508853267,Uribarri,4,4,5
2024-03-27,12,N9607391207,Begona,4,4,2
2024-03-27,12,W185205688,Deusto,4,4,1
2024-03-27,12,W375390416,Ibaiondo,4,4,7
2024-03-27,12,N11229807742,Basurtu-Zorrotza,3,3,3
2024-03-27,12,N4254043797,Deusto,3,3,2
2024-03-27,12,N4731925117,Abando,3,3,11
2024-03-27,12,N5056379164,Abando,3,3,12
2024-03-27,12,N5056437799,Deusto,3,3,3
2024-03-27,12,N5301954699,Basurtu-Zorrotza,3,3,4
2024-03-27,12,W397099000,Ibaiondo,3,3,8
2024-03-27,12,W44113519,Abando,3,3,13
2024-03-27,12,N10308519810,Deusto,2,2,4
2024-03-27,12,N5056183351,Errekalde,2,2,2
2024-03-27,12,N5056184623,Errekalde,2,2,3
2024-03-27,12,W164512079,Otxarkoaga-Txurdinaga,2,2,4
2024-03-27,12,W290069950,Deusto,2,2,5
2024-03-27,12,W41415573,Errekalde,2,2,4
2024-03-27,12,W41688628,Abando,2,2,14
2024-03-27,12,N4060532216,Otxarkoaga-Txurdinaga,1,2,5
2024-03-27,12,N5056088727,Ibaiondo,1,1,9
2024-03-27,12,N5056421870,Deusto,1,1,6
2024-03-27,12,W123440625,Uribarri,1,1,6
2024-03-27,12,W162445376,Uribarri,1,1,7
2024-03-27,12,W305622069,Begona,1,1,3
2024-03-27,12,W376396126,Ibaiondo,1,1,10
2024-03-27,13,W108497734,Ibaiondo,41,41,1
2024-03-27,13,N4060532227,Uribarri,25,25,1
2024-03-27,13,N3207631929,Abando,19,19,1
2024-03-27,13,W110895854,Abando,19,19,2
2024-03-27,13,W48045715,Uribarri,15,15,2
2024-03-27,13,W108504682,Abando,13,14,3
2024-03-27,13,N9607467466,Basurtu-Zorrotza,11,11,1
2024-03-27,13,N4060532217,Otxarkoaga-Txurdinaga,10,10,1
2024-03-27,13,N5056356248,Uribarri,10,10,3
2024-03-27,13,W163196945,Basurtu-Zorrotza,10,10,2
2024-03-27,13,N4762096882,Abando,9,9,4
2024-03-27,13,W28211432,Abando,9,9,5
2024-03-27,13,W44016098,Abando,9,9,6
2024-03-27,13,N11229801356,Ibaiondo,8,8,2
2024-03-27,13,W420558992,Ibaiondo,8,8,3
2024-03-27,13,N9607455457,Errekalde,7,7,1
2024-03-27,13,W404432093,Ibaiondo,7,7,4
2024-03-27,13,W485363913,Ibaiondo,7,7,5
2024-03-27,13,N4761972760,Abando,6,6,7
2024-03-27,13,W235157481,Otxarkoaga-Txurdinaga,6,6,2
2024-03-27,13,N1271964866,Abando,5,5,8
2024-03-27,13,N5056328910,Begona,5,5,1
2024-03-27,13,N518227646,Abando,5,5,9
2024-03-27,13,N9607363904,Uribarri,5,5,4
2024-03-27,13,W96337695,Abando,5,5,10
2024-03-27,13,W164510985,Otxarkoaga-Txurdinaga,4,8,3
2024-03-27,13,N4508853267,Uribarri,4,4,5
2024-03-27,13,N9607391207,Begona,4,4,2
2024-03-27,13,W185205688,Deusto,4,4,1
2024-03-27,13,W375390416,Ibaiondo,4,4,6
2024-03-27,13,N11229807742,Basurtu-Zorrotza,3,3,3
2024-03-27,13,N4254043797,Deusto,3,3,2
2024-03-27,13,N4731925117,Abando,3,3,11
2024-03-27,13,N5056379164,Abando,3,3,12
2024-03-27,13,N5056437799,Deusto,3,3,3
2024-03-27,13,N5301954699,Basurtu-Zorrotza,3,3,4
2024-03-27,13,W397099000,Ibaiondo,3,3,7
2024-03-27,13,W44113519,Abando,3,3,13
2024-03-27,13,N10308519810,Deusto,2,2,4
2024-03-27,13,N5056183351,Errekalde,2,2,2
2024-03-27,13,N5056184623,Errekalde,2,2,3
2024-03-27,13,W164512079,Otxarkoaga-Txurdinaga,2,2,4
2024-03-27,13,W290069950,Deusto,2,2,5
2024-03-27,13,W41415573,Errekalde,2,2,4
2024-03-27,13,W41688628,Abando,2,2,14
2024-03-27,13,N4060532216,Otxarkoaga-Txurdinaga,1,2,5
2024-03-27,13,N5056088727,Ibaiondo,1,1,8
2024-03-27,13,N5056421870,Deusto,1,1,6
2024-03-27,13,W123440625,Uribarri,1,1,6
2024-03-27,13,W162445376,Uribarri,1,1,7
2024-03-27,13,W305622069,Begona,1,1,3
2024-03-27,13,W376396126,Ibaiondo,1,1,9
2024-03-27,14,W108497734,Ibaiondo,41,41,1
2024-03-27,14,N4060532227,Uribarri,25,25,1
2024-03-27,14,N3207631929,Abando,19,19,1
2024-03-27,14,W110895854,Abando,19,19,2
2024-03-27,14,N5056355015,Uribarri,15,15,2
2024-03-27,14,W108504682,Abando,13,14,3
2024-03-27,14,N9607467466,Basurtu-Zorrotza,11,11,1
2024-03-27,14,N4060532217,Otxarkoaga-Txurdinaga,10,10,1
2024-03-27,14,N5056356248,Uribarri,10,10,3
2024-03-27,14,N4762096882,Abando,9,9,4
2024-03-27,14,W28211432,Abando,9,9,5
2024-03-27,14,W44016098,Abando,9,9,6
2024-03-27,14,N11229801356,Ibaiondo,8,8,2
2024-03-27,14,W420558992,Ibaiondo,8,8,3
2024-03-27,14,N9607455457,Errekalde,7,7,1
2024-03-27,14,W404432093,Ibaiondo,7,7,4
2024-03-27,14,W485363913,Ibaiondo,7,7,5
2024-03-27,14,N4761972760,Abando,6,6,7
2024-03-27,14,W235157481,Otxarkoaga-Txurdinaga,6,6,2
2024-03-27,14,N1271964866,Abando,5,5,8
2024-03-27,14,N5056328910,Begona,5,5,1
2024-03-27,14,N518227646,Abando,5,5,9
2024-03-27,14,N9607363904,Uribarri,5,5,4
2024-03-27,14,W96337695,Abando,5,5,10
2024-03-27,14,W164510985,Otxarkoaga-Txurdinaga,4,8,3
2024-03-27,14,N4508853267,Uribarri,4,4,5
2024-03-27,14,N9607391207,Begona,4,4,2
2024-03-27,14,W185205688,Deusto,4,4,1
2024-03-27,14,W375390416,Ibaiondo,4,4,6
2024-03-27,14,N11229807742,Basurtu-Zorrotza,3,3,2
2024-03-27,14,N4254043797,Deusto,3,3,2
2024-03-27,14,N4731925117,Abando,3,3,11
2024-03-27,14,N5056379164,Abando,3,3,12
2024-03-27,14,N5056437799,Deusto,3,3,3
2024-03-27,14,N5301954699,Basurtu-Zorrotza,3,3,3
2024-03-27,14,W397099000,Ibaiondo,3,3,7
2024-03-27,14,W44113519,Abando,3,3,13
2024-03-27,14,N10308519810,Deusto,2,2,4
2024-03-27,14,N5056183351,Errekalde,2,2,2
2024-03-27,14,N5056184623,Errekalde,2,2,3
2024-03-27,14,W164512079,Otxarkoaga-Txurdinaga,2,2,4
2024-03-27,14,W290069950,Deusto,2,2,5
2024-03-27,14,W41415573,Errekalde,2,2,4
2024-03-27,14,W41688628,Abando,2,2,14
2024-03-27,14,N4060532216,Otxarkoaga-Txurdinaga,1,2,5
2024-03-27,14,N5056088727,Ibaiondo,1,1,8
2024-03-27,14,N5056421870,Deusto,1,1,6
2024-03-27,14,W123440625,Uribarri,1,1,6
2024-03-27,14,W162445376,Uribarri,1,1,7
2024-03-27,14,W305622069,Begona,1,1,3
2024-03-27,14,W376396126,Ibaiondo,1,1,9
2024-03-27,15,W108497734,Ibaiondo,41,41,1
2024-03-27,15,N4060532227,Uribarri,25,25,1
2024-03-27,15,W110895854,Abando,19,19,1
2024-03-27,15,W48045715,Uribarri,15,15,2
2024-03-27,15,W108504682,Abando,14,14,2
2024-03-27,15,N9607467466,Basurtu-Zorrotza,11,11,1
2024-03-27,15,N4060532217,Otxarkoaga-Txurdinaga,10,10,1
2024-03-27,15,W28211432,Abando,9,9,3
2024-03-27,15,W44016098,Abando,9,9,4
2024-03-27,15,N11229801356,Ibaiondo,8,8,2
2024-03-27,15,W420558992,Ibaiondo,8,8,3
2024-03-27,15,N9607455457,Errekalde,7,7,1
2024-03-27,15,W404432093,Ibaiondo,7,7,4
2024-03-27,15,W485363913,Ibaiondo,7,7,5
2024-03-27,15,N4761972760,Abando,6,6,5
2024-03-27,15,W235157481,Otxarkoaga-Txurdinaga,6,6,2
2024-03-27,15,N5056328910,Begona,5,5,1
2024-03-27,15,N518227646,Abando,5,5,6
2024-03-27,15,N9607363904,Uribarri,5,5,3
2024-03-27,15,W96337695,Abando,5,5,7
2024-03-27,15,N4508853267,Uribarri,4,4,4
2024-03-27,15,N9607391207,Begona,4,4,2
2024-03-27,15,W185205688,Deusto,4,4,1
2024-03-27,15,W375390416,Ibaiondo,4,4,6
2024-03-27,15,N11229807742,Basurtu-Zorrotza,3,3,2
2024-03-27,15,N4731925117,Abando,3,3,8
2024-03-27,15,N5056379164,Abando,3,3,9
2024-03-27,15,N5301954699,Basurtu-Zorrotza,3,3,3
2024-03-27,15,W397099000,Ibaiondo,3,3,7
2024-03-27,15,W44113519,Abando,3,3,10
2024-03-27,15,N5056183351,Errekalde,2,2,2
2024-03-27,15,W164512079,Otxarkoaga-Txurdinaga,2,2,3
2024-03-27,15,W290069950,Deusto,2,2,2
2024-03-27,15,W41415573,Errekalde,2,2,3
2024-03-27,15,N4060532216,Otxarkoaga-Txurdinaga,1,2,4
2024-03-27,15,N5056088727,Ibaiondo,1,1,8
2024-03-27,15,N5056421870,Deusto,1,1,3
2024-03-27,15,W123440625,Uribarri,1,1,5
2024-03-27,15,W162445376,Uribarri,1,1,6
2024-03-27,15,W305622069,Begona,1,1,3
2024-03-27,15,W376396126,Ibaiondo,1,1,9
2024-03-27,16,W108497734,Ibaiondo,41,41,1
2024-03-27,16,N4060532227,Uribarri,25,25,1
2024-03-27,16,N3207631929,Abando,19,19,1
2024-03-27,16,W110895854,Abando,19,19,2
2024-03-27,16,W48045715,Uribarri,15,15,2
2024-03-27,16,W108504682,Abando,13,14,3
2024-03-27,16,N9607467466,Basurtu-Zorrotza,11,11,1
2024-03-27,16,N4060532217,Otxarkoaga-Txurdinaga,10,10,1
2024-03-27,16,W28211432,Abando,9,9,4
2024-03-27,16,W44016098,Abando,9,9,5
2024-03-27,16,N11229801356,Ibaiondo,8,8,2
2024-03-27,16,W420558992,Ibaiondo,8,8,3
2024-03-27,16,N9607455457,Errekalde,7,7,1
2024-03-27,16,W404432093,Ibaiondo,7,7,4
2024-03-27,16,W485363913,Ibaiondo,7,7,5
2024-03-27,16,N4761972760,Abando,6,6,6
2024-03-27,16,N5056200430,Basurtu-Zorrotza,6,6,2
2024-03-27,16,W235157481,Otxarkoaga-Txurdinaga,6,6,2
2024-03-27,16,W301165234,Errekalde,6,6,2
2024-03-27,16,N5056328910,Begona,5,5,1
2024-03-27,16,N518227646,Abando,5,5,7
2024-03-27,16,N9607363904,Uribarri,5,5,3
2024-03-27,16,W96337695,Abando,5,5,8
2024-03-27,16,N4508853267,Uribarri,4,4,4
2024-03-27,16,N9607391207,Begona,4,4,2
2024-03-27,16,W185205688,Deusto,4,4,1
2024-03-27,16,W375390416,Ibaiondo,4,4,6
2024-03-27,16,N11229807742,Basurtu-Zorrotza,3,3,3
2024-03-27,16,N4731925117,Abando,3,3,9
2024-03-27,16,N5056379164,Abando,3,3,10
2024-03-27,16,N5301954699,Basurtu-Zorrotza,3,3,4
2024-03-27,16,W397099000,Ibaiondo,3,3,7
2024-03-27,16,W44113519,Abando,3,3,11
2024-03-27,16,N5056183351,Errekalde,2,2,3
2024-03-27,16,W164512079,Otxarkoaga-Txurdinaga,2,2,3
2024-03-27,16,W290069950,Deusto,2,2,2
2024-03-27,16,W41415573,Errekalde,2,2,4
2024-03-27,16,N4060532216,Otxarkoaga-Txurdinaga,1,2,4
2024-03-27,16,N5056088727,Ibaiondo,1,1,8
2024-03-27,16,N5056421870,Deusto,1,1,3
2024-03-27,16,W123440625,Uribarri,1,1,5
2024-03-27,16,W162445376,Uribarri,1,1,6
2024-03-27,16,W305622069,Begona,1,1,3
2024-03-27,16,W376396126,Ibaiondo,1,1,9
2024-03-27,17,W108497734,Ibaiondo,41,41,1
2024-03-27,17,N4060532227,Uribarri,25,25,1
2024-03-27,17,N3207631929,Abando,19,19,1
2024-03-27,17,W110895854,Abando,19,19,2
2024-03-27,17,N5056355015,Uribarri,15,15,2
2024-03-27,17,W108504682,Abando,13,14,3
2024-03-27,17,N9607467466,Basurtu-Zorrotza,11,11,1
2024-03-27,17,N4060532217,Otxarkoaga-Txurdinaga,10,10,1
2024-03-27,17,N5056356248,Uribarri,10,10,3
2024-03-27,17,W28211432,Abando,9,9,4
2024-03-27,17,W44016098,Abando,9,9,5
2024-03-27,17,N11229801356,Ibaiondo,8,8,2
2024-03-27,17,W420558992,Ibaiondo,8,8,3
2024-03-27,17,N9607455457,Errekalde,7,7,1
2024-03-27,17,W404432093,Ibaiondo,7,7,4
2024-03-27,17,W485363913,Ibaiondo,7,7,5
2024-03-27,17,N5056200430,Basurtu-Zorrotza,6,6,2
2024-03-27,17,W235157481,Otxarkoaga-Txurdinaga,6,6,2
2024-03-27,17,W301165234,Errekalde,6,6,2
2024-03-27,17,N5056328910,Begona,5,5,1
2024-03-27,17,N518227646,Abando,5,5,6
2024-03-27,17,N9607363904,Uribarri,5,5,4
2024-03-27,17,W96337695,Abando,5,5,7
2024-03-27,17,W164510985,Otxarkoaga-Txurdinaga,4,8,3
2024-03-27,17,N4508853267,Uribarri,4,4,5
2024-03-27,17,N9607391207,Begona,4,4,2
2024-03-27,17,W185205688,Deusto,4,4,1
2024-03-27,17,W375390416,Ibaiondo,4,4,6
2024-03-27,17,N11229807742,Basurtu-Zorrotza,3,3,3
2024-03-27,17,N4254043797,Deusto,3,3,2
2024-03-27,17,N4731925117,Abando,3,3,8
2024-03-27,17,N5056379164,Abando,3,3,9
2024-03-27,17,N5301954699,Basurtu-Zorrotza,3,3,4
2024-03-27,17,W397099000,Ibaiondo,3,3,7
2024-03-27,17,W44113519,Abando,3,3,10
2024-03-27,17,N5056183351,Errekalde,2,2,3
2024-03-27,17,N5056184623,Errekalde,2,2,4
2024-03-27,17,W164512079,Otxarkoaga-Txurdinaga,2,2,4
2024-03-27,17,W290069950,Deusto,2,2,3
2024-03-27,17,W41415573,Errekalde,2,2,5
2024-03-27,17,N4060532216,Otxarkoaga-Txurdinaga,1,2,5
2024-03-27,17,N5056088727,Ibaiondo,1,1,8
2024-03-27,17,N5056421870,Deusto,1,1,4
2024-03-27,17,W123440625,Uribarri,1,1,6
2024-03-27,17,W162445376,Uribarri,1,1,7
2024-03-27,17,W305622069,Begona,1,1,3
2024-03-27,17,W376396126,Ibaiondo,1,1,9
2024-03-27,18,W108497734,Ibaiondo,41,41,1
2024-03-27,18,N4060532227,Uribarri,25,25,1
2024-03-27,18,N3207631929,Abando,19,19,1
2024-03-27,18,N5056355015,Uribarri,15,15,2
2024-03-27,18,W108504682,Abando,13,14,2
2024-03-27,18,N9607467466,Basurtu-Zorrotza,11,11,1
2024-03-27,18,N4060532217,Otxarkoaga-Txurdinaga,10,10,1
2024-03-27,18,N5056356248,Uribarri,10,10,3
2024-03-27,18,W163196945,Basurtu-Zorrotza,10,10,2
2024-03-27,18,N4762096882,Abando,9,9,3
2024-03-27,18,W28211432,Abando,9,9,4
2024-03-27,18,W44016098,Abando,9,9,5
2024-03-27,18,N11229801356,Ibaiondo,8,8,2
2024-03-27,18,W420558992,Ibaiondo,8,8,3
2024-03-27,18,N9607455457,Errekalde,7,7,1
2024-03-27,18,W404432093,Ibaiondo,7,7,4
2024-03-27,18,W485363913,Ibaiondo,7,7,5
2024-03-27,18,N5056200430,Basurtu-Zorrotza,6,6,3
2024-03-27,18,W235157481,Otxarkoaga-Txurdinaga,6,6,2
2024-03-27,18,W301165234,Errekalde,6,6,2
2024-03-27,18,N1271964866,Abando,5,5,6
2024-03-27,18,N5056328910,Begona,5,5,1
2024-03-27,18,N518227646,Abando,5,5,7
2024-03-27,18,N9607363904,Uribarri,5,5,4
2024-03-27,18,W96337695,Abando,5,5,8
2024-03-27,18,W164510985,Otxarkoaga-Txurdinaga,4,8,3
2024-03-27,18,W41525574,Ibaiondo,4,5,6
2024-03-27,18,N4508853267,Uribarri,4,4,5
2024-03-27,18,N9607391207,Begona,4,4,2
2024-03-27,18,W185205688,Deusto,4,4,1
2024-03-27,18,W375390416,Ibaiondo,4,4,7
2024-03-27,18,N11229807742,Basurtu-Zorrotza,3,3,4
2024-03-27,18,N4254043797,Deusto,3,3,2
2024-03-27,18,N4731925117,Abando,3,3,9
2024-03-27,18,N5056379164,Abando,3,3,10
2024-03-27,18,N5301954699,Basurtu-Zorrotza,3,3,5
2024-03-27,18,W397099000,Ibaiondo,3,3,8
2024-03-27,18,W44113519,Abando,3,3,11
2024-03-27,18,N5056183351,Errekalde,2,2,3
2024-03-27,18,N5056184623,Errekalde,2,2,4
2024-03-27,18,W164512079,Otxarkoaga-Txurdinaga,2,2,4
2024-03-27,18,W290069950,Deusto,2,2,3
2024-03-27,18,W41415573,Errekalde,2,2,5
2024-03-27,18,N4060532216,Otxarkoaga-Txurdinaga,1,2,5
2024-03-27,18,N5056088727,Ibaiondo,1,1,9
2024-03-27,18,N5056421870,Deusto,1,1,4
2024-03-27,18,W123440625,Uribarri,1,1,6
2024-03-27,18,W162445376,Uribarri,1,1,7
2024-03-27,18,W305622069,Begona,1,1,3
2024-03-27,18,W376396126,Ibaiondo,1,1,10
2024-03-27,19,W108497734,Ibaiondo,41,41,1
2024-03-27,19,N4060532227,Uribarri,25,25,1
2024-03-27,19,N3207631929,Abando,19,19,1
2024-03-27,19,N5056355015,Uribarri,15,15,2
2024-03-27,19,W108504682,Abando,13,14,2
2024-03-27,19,N9607467466,Basurtu-Zorrotza,11,11,1
2024-03-27,19,N4060532217,Otxarkoaga-Txurdinaga,10,10,1
2024-03-27,19,N5056356248,Uribarri,10,10,3
2024-03-27,19,W163196945,Basurtu-Zorrotza,10,10,2
2024-03-27,19,N4762096882,Abando,9,9,3
2024-03-27,19,W28211432,Abando,9,9,4
2024-03-27,19,W44016098,Abando,9,9,5
2024-03-27,19,N11229801356,Ibaiondo,8,8,2
2024-03-27,19,W420558992,Ibaiondo,8,8,3
2024-03-27,19,N9607455457,Errekalde,7,7,1
2024-03-27,19,W404432093,Ibaiondo,7,7,4
2024-03-27,19,W485363913,Ibaiondo,7,7,5
2024-03-27,19,N5056200430,Basurtu-Zorrotza,6,6,3
2024-03-27,19,W235157481,Otxarkoaga-Txurdinaga,6,6,2
2024-03-27,19,W301165234,Errekalde,6,6,2
2024-03-27,19,N1271964866,Abando,5,5,6
2024-03-27,19,N5056328910,Begona,5,5,1
2024-03-27,19,N518227646,Abando,5,5,7
2024-03-27,19,N9607363904,Uribarri,5,5,4
2024-03-27,19,W96337695,Abando,5,5,8
2024-03-27,19,W164510985,Otxarkoaga-Txurdinaga,4,8,3
2024-03-27,19,W41525574,Ibaiondo,4,5,6
2024-03-27,19,N4508853267,Uribarri,4,4,5
2024-03-27,19,N9607391207,Begona,4,4,2
2024-03-27,19,W185205688,Deusto,4,4,1
2024-03-27,19,W375390416,Ibaiondo,4,4,7
2024-03-27,19,N11229807742,Basurtu-Zorrotza,3,3,4
2024-03-27,19,N4254043797,Deusto,3,3,2
2024-03-27,19,N4731925117,Abando,3,3,9
2024-03-27,19,N5056379164,Abando,3,3,10
2024-03-27,19,N5301954699,Basurtu-Zorrotza,3,3,5
2024-03-27,19,W397099000,Ibaiondo,3,3,8
2024-03-27,19,W44113519,Abando,3,3,11
2024-03-27,19,N5056183351,Errekalde,2,2,3
2024-03-27,19,N5056184623,Errekalde,2,2,4
2024-03-27,19,W164512079,Otxarkoaga-Txurdinaga,2,2,4
2024-03-27,19,W290069950,Deusto,2,2,3
2024-03-27,19,W41415573,Errekalde,2,2,5
2024-03-27,19,N4060532216,Otxarkoaga-Txurdinaga,1,2,5
2024-03-27,19,N5056088727,Ibaiondo,1,1,9
2024-03-27,19,N5056421870,Deusto,1,1,4
2024-03-27,19,W123440625,Uribarri,1,1,6
2024-03-27,19,W162445376,Uribarri,1,1,7
2024-03-27,19,W305622069,Begona,1,1,3
2024-03-27,19,W376396126,Ibaiondo,1,1,10
2024-03-27,20,W108497734,Ibaiondo,41,41,1
2024-03-27,20,N4060532227,Uribarri,25,25,1
2024-03-27,20,N3207631929,Abando,19,19,1
2024-03-27,20,N5056355015,Uribarri,15,15,2
2024-03-27,20,W108504682,Abando,13,14,2
2024-03-27,20,N9607467466,Basurtu-Zorrotza,11,11,1
2024-03-27,20,N4060532217,Otxarkoaga-Txurdinaga,10,10,1
2024-03-27,20,N5056356248,Uribarri,10,10,3
2024-03-27,20,N4762096882,Abando,9,9,3
2024-03-27,20,W28211432,Abando,9,9,4
2024-03-27,20,W44016098,Abando,9,9,5
2024-03-27,20,N11229801356,Ibaiondo,8,8,2
2024-03-27,20,W420558992,Ibaiondo,8,8,3
2024-03-27,20,N9607455457,Errekalde,7,7,1
2024-03-27,20,W404432093,Ibaiondo,7,7,4
2024-03-27,20,W485363913,Ibaiondo,7,7,5
2024-03-27,20,N5056200430,Basurtu-Zorrotza,6,6,2
2024-03-27,20,W235157481,Otxarkoaga-Txurdinaga,6,6,2
2024-03-27,20,W301165234,Errekalde,6,6,2
2024-03-27,20,N1271964866,Abando,5,5,6
2024-03-27,20,N5056328910,Begona,5,5,1
2024-03-27,20,N9607363904,Uribarri,5,5,4
2024-03-27,20,W96337695,Abando,5,5,7
2024-03-27,20,N4508853267,Uribarri,4,4,5
2024-03-27,20,N9607391207,Begona,4,4,2
2024-03-27,20,W185205688,Deusto,4,4,1
2024-03-27,20,W375390416,Ibaiondo,4,4,6
2024-03-27,20,N11229807742,Basurtu-Zorrotza,3,3,3
2024-03-27,20,N4254043797,Deusto,3,3,2
2024-03-27,20,N4731925117,Abando,3,3,8
2024-03-27,20,N5056379164,Abando,3,3,9
2024-03-27,20,N5301954699,Basurtu-Zorrotza,3,3,4
2024-03-27,20,W397099000,Ibaiondo,3,3,7
2024-03-27,20,W44113519,Abando,3,3,10
2024-03-27,20,N5056183351,Errekalde,2,2,3
2024-03-27,20,N5056184623,Errekalde,2,2,4
2024-03-27,20,W164512079,Otxarkoaga-Txurdinaga,2,2,3
2024-03-27,20,W290069950,Deusto,2,2,3
2024-03-27,20,W41415573,Errekalde,2,2,5
2024-03-27,20,N4060532216,Otxarkoaga-Txurdinaga,1,2,4
2024-03-27,20,N5056088727,Ibaiondo,1,1,8
2024-03-27,20,N5056421870,Deusto,1,1,4
2024-03-27,20,W123440625,Uribarri,1,1,6
2024-03-27,20,W162445376,Uribarri,1,1,7
2024-03-27,20,W305622069,Begona,1,1,3
2024-03-27,20,W376396126,Ibaiondo,1,1,9
2024-03-27,21,N4060532227,Uribarri,25,25,1
2024-03-27,21,W48045715,Uribarri,15,15,2
2024-03-27,21,N9607467466,Basurtu-Zorrotza,11,11,1
2024-03-27,21,N4060532217,Otxarkoaga-Txurdinaga,10,10,1
2024-03-27,21,W44016098,Abando,9,9,1
2024-03-27,21,N11229801356,Ibaiondo,8,8,1
2024-03-27,21,W420558992,Ibaiondo,8,8,2
2024-03-27,21,N9607455457,Errekalde,7,7,1
2024-03-27,21,W485363913,Ibaiondo,7,7,3
2024-03-27,21,N5056200430,Basurtu-Zorrotza,6,6,2
2024-03-27,21,W235157481,Otxarkoaga-Txurdinaga,6,6,2
2024-03-27,21,W301165234,Errekalde,6,6,2
2024-03-27,21,N5056328910,Begona,5,5,1
2024-03-27,21,N9607363904,Uribarri,5,5,3
2024-03-27,21,W96337695,Abando,5,5,2
2024-03-27,21,N4508853267,Uribarri,4,4,4
2024-03-27,21,N9607391207,Begona,4,4,2
2024-03-27,21,W185205688,Deusto,4,4,1
2024-03-27,21,W375390416,Ibaiondo,4,4,4
2024-03-27,21,N11229807742,Basurtu-Zorrotza,3,3,3
2024-03-27,21,N4731925117,Abando,3,3,3
2024-03-27,21,N5056379164,Abando,3,3,4
2024-03-27,21,N5301954699,Basurtu-Zorrotza,3,3,4
2024-03-27,21,W397099000,Ibaiondo,3,3,5
2024-03-27,21,W44113519,Abando,3,3,5
2024-03-27,21,N5056183351,Errekalde,2,2,3
2024-03-27,21,W164512079,Otxarkoaga-Txurdinaga,2,2,3
2024-03-27,21,W290069950,Deusto,2,2,2
2024-03-27,21,W41415573,Errekalde,2,2,4
2024-03-27,21,N4060532216,Otxarkoaga-Txurdinaga,1,2,4
2024-03-27,21,N5056088727,Ibaiondo,1,1,6
2024-03-27,21,N5056421870,Deusto,1,1,3
2024-03-27,21,W123440625,Uribarri,1,1,5
2024-03-27,21,W162445376,Uribarri,1,1,6
2024-03-27,21,W305622069,Begona,1,1,3
2024-03-27,21,W376396126,Ibaiondo,1,1,7
2024-03-27,22,N4060532227,Uribarri,25,25,1
2024-03-27,22,N4060532217,Otxarkoaga-Txurdinaga,10,10,1
2024-03-27,22,W485363913,Ibaiondo,7,7,1
2024-03-27,22,N4508853267,Uribarri,4,4,2
2024-03-27,22,N5056379164,Abando,3,3,1
2024-03-27,22,N5301954699,Basurtu-Zorrotza,3,3,1
2024-03-27,22,W28776478,Abando,3,3,2
2024-03-27,22,W397099000,Ibaiondo,3,3,2
2024-03-27,22,W44113519,Abando,3,3,3
2024-03-27,22,N4060532216,Otxarkoaga-Txurdinaga,2,2,2
2024-03-27,22,W123440604,Uribarri,2,2,3
2024-03-27,22,W164512079,Otxarkoaga-Txurdinaga,2,2,3
2024-03-27,22,W290069950,Deusto,2,2,1
2024-03-27,22,W123440625,Uribarri,1,1,4
2024-03-27,22,W162445376,Uribarri,1,1,5
2024-03-27,23,N4060532227,Uribarri,25,25,1
2024-03-27,23,N4060532217,Otxarkoaga-Txurdinaga,10,10,1
2024-03-27,23,W485363913,Ibaiondo,7,7,1
2024-03-27,23,N4508853267,Uribarri,4,4,2
2024-03-27,23,N5056379164,Abando,3,3,1
2024-03-27,23,N5301954699,Basurtu-Zorrotza,3,3,1
2024-03-27,23,W28776478,Abando,3,3,2
2024-03-27,23,W44113519,Abando,3,3,3
2024-03-27,23,N4060532216,Otxarkoaga-Txurdinaga,2,2,2
2024-03-28,5,N4060532227,Uribarri,25,25,1
2024-03-28,5,N4060532217,Otxarkoaga-Txurdinaga,10,10,1
2024-03-28,5,W485363913,Ibaiondo,7,7,1
2024-03-28,5,N4508853267,Uribarri,4,4,2
2024-03-28,5,W28776478,Abando,3,3,1
2024-03-28,5,N4060532216,Otxarkoaga-Txurdinaga,2,2,2
2024-03-28,6,N4060532227,Uribarri,25,25,1
2024-03-28,6,N4060532217,Otxarkoaga-Txurdinaga,10,10,1
2024-03-28,6,W485363913,Ibaiondo,7,7,1
2024-03-28,6,N4508853267,Uribarri,4,4,2
2024-03-28,6,N5056379164,Abando,3,3,1
2024-03-28,6,N5301954699,Basurtu-Zorrotza,3,3,1
2024-03-28,6,W28776478,Abando,3,3,2
2024-03-28,6,W44113519,Abando,3,3,3
2024-03-28,6,N4060532216,Otxarkoaga-Txurdinaga,2,2,2
2024-03-28,7,N4060532227,Uribarri,25,25,1
2024-03-28,7,N4060532217,Otxarkoaga-Txurdinaga,10,10,1
2024-03-28,7,W485363913,Ibaiondo,7,7,1
2024-03-28,7,N4508853267,Uribarri,4,4,2
2024-03-28,7,N5056379164,Abando,3,3,1
2024-03-28,7,N5301954699,Basurtu-Zorrotza,3,3,1
2024-03-28,7,W28776478,Abando,3,3,2
2024-03-28,7,W44113519,Abando,3,3,3
2024-03-28,7,N4060532216,Otxarkoaga-Txurdinaga,2,2,2
2024-03-28,8,N4060532227,Uribarri,25,25,1
2024-03-28,8,N5056355015,Uribarri,15,15,2
2024-03-28,8,N4060532217,Otxarkoaga-Txurdinaga,10,10,1
2024-03-28,8,N5056356248,Uribarri,10,10,3
2024-03-28,8,W485363913,Ibaiondo,7,7,1
2024-03-28,8,W164510985,Otxarkoaga-Txurdinaga,4,8,2
2024-03-28,8,N4508853267,Uribarri,4,4,4
2024-03-28,8,W185205688,Deusto,4,4,1
2024-03-28,8,N4254043797,Deusto,3,3,2
2024-03-28,8,N5056379164,Abando,3,3,1
2024-03-28,8,N5056437799,Deusto,3,3,3
2024-03-28,8,N5301954699,Basurtu-Zorrotza,3,3,1
2024-03-28,8,W28776478,Abando,3,3,2
2024-03-28,8,W397099000,Ibaiondo,3,3,2
2024-03-28,8,W44113519,Abando,3,3,3
2024-03-28,8,N4060532216,Otxarkoaga-Txurdinaga,2,2,3
2024-03-28,8,N5056184623,Errekalde,2,2,1
2024-03-28,8,W123440604,Uribarri,2,2,5
2024-03-28,8,W290069950,Deusto,2,2,4
2024-03-28,8,W41415573,Errekalde,2,2,2
2024-03-28,8,W41688628,Abando,2,2,4
2024-03-28,8,W123440625,Uribarri,1,1,6
2024-03-28,8,W162445376,Uribarri,1,1,7
2024-03-28,8,W305622069,Begona,1,1,1
2024-03-28,8,W376396126,Ibaiondo,1,1,3
2024-03-28,9,W108497734,Ibaiondo,41,41,1
2024-03-28,9,N4060532227,Uribarri,25,25,1
2024-03-28,9,W110895854,Abando,19,19,1
2024-03-28,9,W48045715,Uribarri,15,15,2
2024-03-28,9,W108504682,Abando,14,14,2
2024-03-28,9,N9607467466,Basurtu-Zorrotza,11,11,1
2024-03-28,9,N4060532217,Otxarkoaga-Txurdinaga,10,10,1
2024-03-28,9,N5056356248,Uribarri,10,10,3
2024-03-28,9,N11229801356,Ibaiondo,8,8,2
2024-03-28,9,W420558992,Ibaiondo,8,8,3
2024-03-28,9,N9607455457,Errekalde,7,7,1
2024-03-28,9,W485363913,Ibaiondo,7,7,4
2024-03-28,9,N4761972760,Abando,6,6,3
2024-03-28,9,W235157481,Otxarkoaga-Txurdinaga,6,6,2
2024-03-28,9,N5056328910,Begona,5,5,1
2024-03-28,9,N9607363904,Uribarri,5,5,4
2024-03-28,9,W96337695,Abando,5,5,4
2024-03-28,9,W164510985,Otxarkoaga-Txurdinaga,4,8,3
2024-03-28,9,N4508853267,Uribarri,4,4,5
2024-03-28,9,N9607391207,Begona,4,4,2
2024-03-28,9,W185205688,Deusto,4,4,1
2024-03-28,9,W375390416,Ibaiondo,4,4,5
2024-03-28,9,N11229807742,Basurtu-Zorrotza,3,3,2
2024-03-28,9,N4254043797,Deusto,3,3,2
2024-03-28,9,N4731925117,Abando,3,3,5
2024-03-28,9,N5056379164,Abando,3,3,6
2024-03-28,9,N5056437799,Deusto,3,3,3
2024-03-28,9,N5301954699,Basurtu-Zorrotza,3,3,3
2024-03-28,9,W28776478,Abando,3,3,7
2024-03-28,9,W397099000,Ibaiondo,3,3,6
2024-03-28,9,W44113519,Abando,3,3,8
2024-03-28,9,N10308519810,Deusto,2,2,4
2024-03-28,9,N5056183351,Errekalde,2,2,2
2024-03-28,9,N5056184623,Errekalde,2,2,3
2024-03-28,9,W164512079,Otxarkoaga-Txurdinaga,2,2,4
2024-03-28,9,W290069950,Deusto,2,2,5
2024-03-28,9,W41415573,Errekalde,2,2,4
2024-03-28,9,W41688628,Abando,2,2,9
2024-03-28,9,N4060532216,Otxarkoaga-Txurdinaga,1,2,5
2024-03-28,9,N5056088727,Ibaiondo,1,1,7
2024-03-28,9,N5056421870,Deusto,1,1,6
2024-03-28,9,W123440625,Uribarri,1,1,6
2024-03-28,9,W162445376,Uribarri,1,1,7
2024-03-28,9,W305622069,Begona,1,1,3
2024-03-28,9,W376396126,Ibaiondo,1,1,8
2024-03-28,10,W108497734,Ibaiondo,41,41,1
2024-03-28,10,N4060532227,Uribarri,25,25,1
2024-03-28,10,W110895854,Abando,19,19,1
2024-03-28,10,N5056355015,Uribarri,15,15,2
2024-03-28,10,W108504682,Abando,14,14,2
2024-03-28,10,N9607467466,Basurtu-Zorrotza,11,11,1
2024-03-28,10,N4060532217,Otxarkoaga-Txurdinaga,10,10,1
2024-03-28,10,N5056356248,Uribarri,10,10,3
2024-03-28,10,W28211432,Abando,9,9,3
2024-03-28,10,W44016098,Abando,9,9,4
2024-03-28,10,N11229801356,Ibaiondo,8,8,2
2024-03-28,10,W420558992,Ibaiondo,8,8,3
2024-03-28,10,N9607455457,Errekalde,7,7,1
2024-03-28,10,W404432093,Ibaiondo,7,7,4
2024-03-28,10,W485363913,Ibaiondo,7,7,5
2024-03-28,10,N4761972760,Abando,6,6,5
2024-03-28,10,W235157481,Otxarkoaga-Txurdinaga,6,6,2
2024-03-28,10,N1271964866,Abando,5,5,6
2024-03-28,10,N5056328910,Begona,5,5,1
2024-03-28,10,N9607363904,Uribarri,5,5,4
2024-03-28,10,W96337695,Abando,5,5,7
2024-03-28,10,W164510985,Otxarkoaga-Txurdinaga,4,8,3
2024-03-28,10,W41525574,Ibaiondo,4,5,6
2024-03-28,10,N4508853267,Uribarri,4,4,5
2024-03-28,10,N9607391207,Begona,4,4,2
2024-03-28,10,W185205688,Deusto,4,4,1
2024-03-28,10,W375390416,Ibaiondo,4,4,7
2024-03-28,10,N11229807742,Basurtu-Zorrotza,3,3,2
2024-03-28,10,N4254043797,Deusto,3,3,2
2024-03-28,10,N4731925117,Abando,3,3,8
2024-03-28,10,N5056379164,Abando,3,3,9
2024-03-28,10,N5056437799,Deusto,3,3,3
2024-03-28,10,N5301954699,Basurtu-Zorrotza,3,3,3
2024-03-28,10,W397099000,Ibaiondo,3,3,8
2024-03-28,10,W44113519,Abando,3,3,10
2024-03-28,10,N10308519810,Deusto,2,2,4
2024-03-28,10,N5056183351,Errekalde,2,2,2
2024-03-28,10,N5056184623,Errekalde,2,2,3
2024-03-28,10,W164512079,Otxarkoaga-Txurdinaga,2,2,4
2024-03-28,10,W290069950,Deusto,2,2,5
2024-03-28,10,W41415573,Errekalde,2,2,4
2024-03-28,10,W41688628,Abando,2,2,11
2024-03-28,10,N4060532216,Otxarkoaga-Txurdinaga,1,2,5
2024-03-28,10,N5056088727,Ibaiondo,1,1,9
2024-03-28,10,N5056421870,Deusto,1,1,6
2024-03-28,10,W123440625,Uribarri,1,1,6
2024-03-28,10,W162445376,Uribarri,1,1,7
2024-03-28,10,W305622069,Begona,1,1,3
2024-03-28,10,W376396126,Ibaiondo,1,1,10
2024-03-28,11,W108497734,Ibaiondo,41,41,1
2024-03-28,11,N4060532227,Uribarri,25,25,1
2024-03-28,11,N3207631929,Abando,19,19,1
2024-03-28,11,W110895854,Abando,19,19,2
2024-03-28,11,N5056355015,Uribarri,15,15,2
2024-03-28,11,W108504682,Abando,13,14,3
2024-03-28,11,N9607467466,Basurtu-Zorrotza,11,11,1
2024-03-28,11,N4060532217,Otxarkoaga-Txurdinaga,10,10,1
2024-03-28,11,N5056356248,Uribarri,10,10,3
2024-03-28,11,W163196945,Basurtu-Zorrotza,10,10,2
2024-03-28,11,N4762096882,Abando,9,9,4
2024-03-28,11,W28211432,Abando,9,9,5
2024-03-28,11,W44016098,Abando,9,9,6
2024-03-28,11,N11229801356,Ibaiondo,8,8,2
2024-03-28,11,W420558992,Ibaiondo,8,8,3
2024-03-28,11,N9607455457,Errekalde,7,7,1
2024-03-28,11,W404432093,Ibaiondo,7,7,4
2024-03-28,11,W485363913,Ibaiondo,7,7,5
2024-03-28,11,N4761972760,Abando,6,6,7
2024-03-28,11,W235157481,Otxarkoaga-Txurdinaga,6,6,2
2024-03-28,11,N1271964866,Abando,5,5,8
2024-03-28,11,N5056328910,Begona,5,5,1
2024-03-28,11,N518227646,Abando,5,5,9
2024-03-28,11,N9607363904,Uribarri,5,5,4
2024-03-28,11,W96337695,Abando,5,5,10
2024-03-28,11,W164510985,Otxarkoaga-Txurdinaga,4,8,3
2024-03-28,11,W41525574,Ibaiondo,4,5,6
2024-03-28,11,N4508853267,Uribarri,4,4,5
2024-03-28,11,N9607391207,Begona,4,4,2
2024-03-28,11,W185205688,Deusto,4,4,1
2024-03-28,11,W375390416,Ibaiondo,4,4,7
2024-03-28,11,N11229807742,Basurtu-Zorrotza,3,3,3
2024-03-28,11,N4254043797,Deusto,3,3,2
2024-03-28,11,N4731925117,Abando,3,3,11
2024-03-28,11,N5056379164,Abando,3,3,12
2024-03-28,11,N5056437799,Deusto,3,3,3
2024-03-28,11,N5301954699,Basurtu-Zorrotza,3,3,4
2024-03-28,11,W397099000,Ibaiondo,3,3,8
2024-03-28,11,W44113519,Abando,3,3,13
2024-03-28,11,N10308519810,Deusto,2,2,4
2024-03-28,11,N5056183351,Errekalde,2,2,2
2024-03-28,11,N5056184623,Errekalde,2,2,3
2024-03-28,11,W164512079,Otxarkoaga-Txurdinaga,2,2,4
2024-03-28,11,W290069950,Deusto,2,2,5
2024-03-28,11,W41415573,Errekalde,2,2,4
2024-03-28,11,W41688628,Abando,2,2,14
2024-03-28,11,N4060532216,Otxarkoaga-Txurdinaga,1,2,5
2024-03-28,11,N5056088727,Ibaiondo,1,1,9
2024-03-28,11,N5056421870,Deusto,1,1,6
2024-03-28,11,W123440625,Uribarri,1,1,6
2024-03-28,11,W162445376,Uribarri,1,1,7
2024-03-28,11,W305622069,Begona,1,1,3
2024-03-28,11,W376396126,Ibaiondo,1,1,10
2024-03-28,12,W108497734,Ibaiondo,41,41,1
2024-03-28,12,N4060532227,Uribarri,25,25,1
2024-03-28,12,N3207631929,Abando,19,19,1
2024-03-28,12,W110895854,Abando,19,19,2
2024-03-28,12,N5056355015,Uribarri,15,15,2
2024-03-28,12,W108504682,Abando,13,14,3
2024-03-28,12,N9607467466,Basurtu-Zorrotza,11,11,1
2024-03-28,12,N4060532217,Otxarkoaga-Txurdinaga,10,10,1
2024-03-28,12,N5056356248,Uribarri,10,10,3
2024-03-28,12,W163196945,Basurtu-Zorrotza,10,10,2
2024-03-28,12,N4762096882,Abando,9,9,4
2024-03-28,12,W28211432,Abando,9,9,5
2024-03-28,12,W44016098,Abando,9,9,6
2024-03-28,12,N11229801356,Ibaiondo,8,8,2
2024-03-28,12,W420558992,Ibaiondo,8,8,3
2024-03-28,12,N9607455457,Errekalde,7,7,1
2024-03-28,12,W404432093,Ibaiondo,7,7,4
2024-03-28,12,W485363913,Ibaiondo,7,7,5
2024-03-28,12,N4761972760,Abando,6,6,7
2024-03-28,12,W235157481,Otxarkoaga-Txurdinaga,6,6,2
2024-03-28,12,N1271964866,Abando,5,5,8
2024-03-28,12,N5056328910,Begona,5,5,1
2024-03-28,12,N518227646,Abando,5,5,9
2024-03-28,12,N9607363904,Uribarri,5,5,4
2024-03-28,12,W96337695,Abando,5,5,10
2024-03-28,12,W164510985,Otxarkoaga-Txurdinaga,4,8,3
2024-03-28,12,W41525574,Ibaiondo,4,5,6
2024-03-28,12,N4508853267,Uribarri,4,4,5
2024-03-28,12,N9607391207,Begona,4,4,2
2024-03-28,12,W185205688,Deusto,4,4,1
2024-03-28,12,W375390416,Ibaiondo,4,4,7
2024-03-28,12,N11229807742,Basurtu-Zorrotza,3,3,3
2024-03-28,12,N4254043797,Deusto,3,3,2
2024-03-28,12,N4731925117,Abando,3,3,11
2024-03-28,12,N5056379164,Abando,3,3,12
2024-03-28,12,N5056437799,Deusto,3,3,3
2024-03-28,12,N5301954699,Basurtu-Zorrotza,3,3,4
2024-03-28,12,W397099000,Ibaiondo,3,3,8
2024-03-28,12,W44113519,Abando,3,3,13
2024-03-28,12,N10308519810,Deusto,2,2,4
2024-03-28,12,N5056183351,Errekalde,2,2,2
2024-03-28,12,N5056184623,Errekalde,2,2,3
2024-03-28,12,W164512079,Otxarkoaga-Txurdinaga,2,2,4
2024-03-28,12,W290069950,Deusto,2,2,5
2024-03-28,12,W41415573,Errekalde,2,2,4
2024-03-28,12,W41688628,Abando,2,2,14
2024-03-28,12,N4060532216,Otxarkoaga-Txurdinaga,1,2,5
2024-03-28,12,N5056088727,Ibaiondo,1,1,9
2024-03-28,12,N5056421870,Deusto,1,1,6
2024-03-28,12,W123440625,Uribarri,1,1,6
2024-03-28,12,W162445376,Uribarri,1,1,7
2024-03-28,12,W305622069,Begona,1,1,3
2024-03-28,12,W376396126,Ibaiondo,1,1,10
2024-03-28,13,W108497734,Ibaiondo,41,41,1
2024-03-28,13,N4060532227,Uribarri,25,25,1
2024-03-28,13,N3207631929,Abando,19,19,1
2024-03-28,13,W110895854,Abando,19,19,2
2024-03-28,13,W48045715,Uribarri,15,15,2
2024-03-28,13,W108504682,Abando,13,14,3
2024-03-28,13,N9607467466,Basurtu-Zorrotza,11,11,1
2024-03-28,13,N4060532217,Otxarkoaga-Txurdinaga,10,10,1
2024-03-28,13,N5056356248,Uribarri,10,10,3
2024-03-28,13,W163196945,Basurtu-Zorrotza,10,10,2
2024-03-28,13,N4762096882,Abando,9,9,4
2024-03-28,13,W28211432,Abando,9,9,5
2024-03-28,13,W44016098,Abando,9,9,6
2024-03-28,13,N11229801356,Ibaiondo,8,8,2
2024-03-28,13,W420558992,Ibaiondo,8,8,3
2024-03-28,13,N9607455457,Errekalde,7,7,1
2024-03-28,13,W404432093,Ibaiondo,7,7,4
2024-03-28,13,W485363913,Ibaiondo,7,7,5
2024-03-28,13,N4761972760,Abando,6,6,7
2024-03-28,13,W235157481,Otxarkoaga-Txurdinaga,6,6,2
2024-03-28,13,N1271964866,Abando,5,5,8
2024-03-28,13,N5056328910,Begona,5,5,1
2024-03-28,13,N518227646,Abando,5,5,9
2024-03-28,13,N9607363904,Uribarri,5,5,4
2024-03-28,13,W96337695,Abando,5,5,10
2024-03-28,13,W164510985,Otxarkoaga-Txurdinaga,4,8,3
2024-03-28,13,N4508853267,Uribarri,4,4,5
2024-03-28,13,N9607391207,Begona,4,4,2
2024-03-28,13,W185205688,Deusto,4,4,1
2024-03-28,13,W375390416,Ibaiondo,4,4,6
2024-03-28,13,N11229807742,Basurtu-Zorrotza,3,3,3
2024-03-28,13,N4254043797,Deusto,3,3,2
2024-03-28,13,N4731925117,Abando,3,3,11
2024-03-28,13,N5056379164,Abando,3,3,12
2024-03-28,13,N5056437799,Deusto,3,3,3
2024-03-28,13,N5301954699,Basurtu-Zorrotza,3,3,4
2024-03-28,13,W397099000,Ibaiondo,3,3,7
2024-03-28,13,W44113519,Abando,3,3,13
2024-03-28,13,N10308519810,Deusto,2,2,4
2024-03-28,13,N5056183351,Errekalde,2,2,2
2024-03-28,13,N5056184623,Errekalde,2,2,3
2024-03-28,13,W164512079,Otxarkoaga-Txurdinaga,2,2,4
2024-03-28,13,W290069950,Deusto,2,2,5
2024-03-28,13,W41415573,Errekalde,2,2,4
2024-03-28,13,W41688628,Abando,2,2,14
2024-03-28,13,N4060532216,Otxarkoaga-Txurdinaga,1,2,5
2024-03-28,13,N5056088727,Ibaiondo,1,1,8
2024-03-28,13,N5056421870,Deusto,1,1,6
2024-03-28,13,W123440625,Uribarri,1,1,6
2024-03-28,13,W162445376,Uribarri,1,1,7
2024-03-28,13,W305622069,Begona,1,1,3
2024-03-28,13,W376396126,Ibaiondo,1,1,9
2024-03-28,14,W108497734,Ibaiondo,41,41,1
2024-03-28,14,N4060532227,Uribarri,25,25,1
2024-03-28,14,N3207631929,Abando,19,19,1
2024-03-28,14,W110895854,Abando,19,19,2
2024-03-28,14,N5056355015,Uribarri,15,15,2
2024-03-28,14,W108504682,Abando,13,14,3
2024-03-28,14,N9607467466,Basurtu-Zorrotza,11,11,1
2024-03-28,14,N4060532217,Otxarkoaga-Txurdinaga,10,10,1
2024-03-28,14,N5056356248,Uribarri,10,10,3
2024-03-28,14,N4762096882,Abando,9,9,4
2024-03-28,14,W28211432,Abando,9,9,5
2024-03-28,14,W44016098,Abando,9,9,6
2024-03-28,14,N11229801356,Ibaiondo,8,8,2
2024-03-28,14,W420558992,Ibaiondo,8,8,3
2024-03-28,14,N9607455457,Errekalde,7,7,1
2024-03-28,14,W404432093,Ibaiondo,7,7,4
2024-03-28,14,W485363913,Ibaiondo,7,7,5
2024-03-28,14,N4761972760,Abando,6,6,7
2024-03-28,14,W235157481,Otxarkoaga-Txurdinaga,6,6,2
2024-03-28,14,N1271964866,Abando,5,5,8
2024-03-28,14,N5056328910,Begona,5,5,1
2024-03-28,14,N518227646,Abando,5,5,9
2024-03-28,14,N9607363904,Uribarri,5,5,4
2024-03-28,14,W96337695,Abando,5,5,10
2024-03-28,14,W164510985,Otxarkoaga-Txurdinaga,4,8,3
2024-03-28,14,N4508853267,Uribarri,4,4,5
2024-03-28,14,N9607391207,Begona,4,4,2
2024-03-28,14,W185205688,Deusto,4,4,1
2024-03-28,14,W375390416,Ibaiondo,4,4,6
2024-03-28,14,N11229807742,Basurtu-Zorrotza,3,3,2
2024-03-28,14,N4254043797,Deusto,3,3,2
2024-03-28,14,N4731925117,Abando,3,3,11
2024-03-28,14,N5056379164,Abando,3,3,12
2024-03-28,14,N5056437799,Deusto,3,3,3
2024-03-28,14,N5301954699,Basurtu-Zorrotza,3,3,3
2024-03-28,14,W397099000,Ibaiondo,3,3,7
2024-03-28,14,W44113519,Abando,3,3,13
2024-03-28,14,N10308519810,Deusto,2,2,4
2024-03-28,14,N5056183351,Errekalde,2,2,2
2024-03-28,14,N5056184623,Errekalde,2,2,3
2024-03-28,14,W164512079,Otxarkoaga-Txurdinaga,2,2,4
2024-03-28,14,W290069950,Deusto,2,2,5
2024-03-28,14,W41415573,Errekalde,2,2,4
2024-03-28,14,W41688628,Abando,2,2,14
2024-03-28,14,N4060532216,Otxarkoaga-Txurdinaga,1,2,5
2024-03-28,14,N5056088727,Ibaiondo,1,1,8
2024-03-28,14,N5056421870,Deusto,1,1,6
2024-03-28,14,W123440625,Uribarri,1,1,6
2024-03-28,14,W162445376,Uribarri,1,1,7
2024-03-28,14,W305622069,Begona,1,1,3
2024-03-28,14,W376396126,Ibaiondo,1,1,9
2024-03-28,15,W108497734,Ibaiondo,41,41,1
2024-03-28,15,N4060532227,Uribarri,25,25,1
2024-03-28,15,W110895854,Abando,19,19,1
2024-03-28,15,W48045715,Uribarri,15,15,2
2024-03-28,15,W108504682,Abando,14,14,2
2024-03-28,15,N9607467466,Basurtu-Zorrotza,11,11,1
2024-03-28,15,N4060532217,Otxarkoaga-Txurdinaga,10,10,1
2024-03-28,15,W28211432,Abando,9,9,3
2024-03-28,15,W44016098,Abando,9,9,4
2024-03-28,15,N11229801356,Ibaiondo,8,8,2
2024-03-28,15,W420558992,Ibaiondo,8,8,3
2024-03-28,15,N9607455457,Errekalde,7,7,1
2024-03-28,15,W404432093,Ibaiondo,7,7,4
2024-03-28,15,W485363913,Ibaiondo,7,7,5
2024-03-28,15,N4761972760,Abando,6,6,5
2024-03-28,15,W235157481,Otxarkoaga-Txurdinaga,6,6,2
2024-03-28,15,N5056328910,Begona,5,5,1
2024-03-28,15,N518227646,Abando,5,5,6
2024-03-28,15,N9607363904,Uribarri,5,5,3
2024-03-28,15,W96337695,Abando,5,5,7
2024-03-28,15,N4508853267,Uribarri,4,4,4
2024-03-28,15,N9607391207,Begona,4,4,2
2024-03-28,15,W185205688,Deusto,4,4,1
2024-03-28,15,W375390416,Ibaiondo,4,4,6
2024-03-28,15,N11229807742,Basurtu-Zorrotza,3,3,2
2024-03-28,15,N4731925117,Abando,3,3,8
2024-03-28,15,N5056379164,Abando,3,3,9
2024-03-28,15,N5301954699,Basurtu-Zorrotza,3,3,3
2024-03-28,15,W397099000,Ibaiondo,3,3,7
2024-03-28,15,W44113519,Abando,3,3,10
2024-03-28,15,N5056183351,Errekalde,2,2,2
2024-03-28,15,W164512079,Otxarkoaga-Txurdinaga,2,2,3
2024-03-28,15,W290069950,Deusto,2,2,2
2024-03-28,15,W41415573,Errekalde,2,2,3
2024-03-28,15,N4060532216,Otxarkoaga-Txurdinaga,1,2,4
2024-03-28,15,N5056088727,Ibaiondo,1,1,8
2024-03-28,15,N5056421870,Deusto,1,1,3
2024-03-28,15,W123440625,Uribarri,1,1,5
2024-03-28,15,W162445376,Uribarri,1,1,6
2024-03-28,15,W305622069,Begona,1,1,3
2024-03-28,15,W376396126,Ibaiondo,1,1,9
2024-03-28,16,W108497734,Ibaiondo,41,41,1
2024-03-28,16,N4060532227,Uribarri,25,25,1
2024-03-28,16,N3207631929,Abando,19,19,1
2024-03-28,16,W110895854,Abando,19,19,2
2024-03-28,16,W48045715,Uribarri,15,15,2
2024-03-28,16,W108504682,Abando,13,14,3
2024-03-28,16,N9607467466,Basurtu-Zorrotza,11,11,1
2024-03-28,16,N4060532217,Otxarkoaga-Txurdinaga,10,10,1
2024-03-28,16,W28211432,Abando,9,9,4
2024-03-28,16,W44016098,Abando,9,9,5
2024-03-28,16,N11229801356,Ibaiondo,8,8,2
2024-03-28,16,W420558992,Ibaiondo,8,8,3
2024-03-28,16,N9607455457,Errekalde,7,7,1
2024-03-28,16,W404432093,Ibaiondo,7,7,4
2024-03-28,16,W485363913,Ibaiondo,7,7,5
2024-03-28,16,N4761972760,Abando,6,6,6
2024-03-28,16,N5056200430,Basurtu-Zorrotza,6,6,2
2024-03-28,16,W235157481,Otxarkoaga-Txurdinaga,6,6,2
2024-03-28,16,W301165234,Errekalde,6,6,2
2024-03-28,16,N5056328910,Begona,5,5,1
2024-03-28,16,N518227646,Abando,5,5,7
2024-03-28,16,N9607363904,Uribarri,5,5,3
2024-03-28,16,W96337695,Abando,5,5,8
2024-03-28,16,N4508853267,Uribarri,4,4,4
2024-03-28,16,N9607391207,Begona,4,4,2
2024-03-28,16,W185205688,Deusto,4,4,1
2024-03-28,16,W375390416,Ibaiondo,4,4,6
2024-03-28,16,N11229807742,Basurtu-Zorrotza,3,3,3
2024-03-28,16,N4731925117,Abando,3,3,9
2024-03-28,16,N5056379164,Abando,3,3,10
2024-03-28,16,N5301954699,Basurtu-Zorrotza,3,3,4
2024-03-28,16,W397099000,Ibaiondo,3,3,7
2024-03-28,16,W44113519,Abando,3,3,11
2024-03-28,16,N5056183351,Errekalde,2,2,3
2024-03-28,16,W164512079,Otxarkoaga-Txurdinaga,2,2,3
2024-03-28,16,W290069950,Deusto,2,2,2
2024-03-28,16,W41415573,Errekalde,2,2,4
2024-03-28,16,N4060532216,Otxarkoaga-Txurdinaga,1,2,4
2024-03-28,16,N5056088727,Ibaiondo,1,1,8
2024-03-28,16,N5056421870,Deusto,1,1,3
2024-03-28,16,W123440625,Uribarri,1,1,5
2024-03-28,16,W162445376,Uribarri,1,1,6
2024-03-28,16,W305622069,Begona,1,1,3
2024-03-28,16,W376396126,Ibaiondo,1,1,9
2024-03-28,17,W108497734,Ibaiondo,41,41,1
2024-03-28,17,N4060532227,Uribarri,25,25,1
2024-03-28,17,N3207631929,Abando,19,19,1
2024-03-28,17,W110895854,Abando,19,19,2
2024-03-28,17,N5056355015,Uribarri,15,15,2
2024-03-28,17,W108504682,Abando,13,14,3
2024-03-28,17,N9607467466,Basurtu-Zorrotza,11,11,1
2024-03-28,17,N4060532217,Otxarkoaga-Txurdinaga,10,10,1
2024-03-28,17,N5056356248,Uribarri,10,10,3
2024-03-28,17,W28211432,Abando,9,9,4
2024-03-28,17,W44016098,Abando,9,9,5
2024-03-28,17,N11229801356,Ibaiondo,8,8,2
2024-03-28,17,W420558992,Ibaiondo,8,8,3
2024-03-28,17,N9607455457,Errekalde,7,7,1
2024-03-28,17,W404432093,Ibaiondo,7,7,4
2024-03-28,17,W485363913,Ibaiondo,7,7,5
2024-03-28,17,N5056200430,Basurtu-Zorrotza,6,6,2
2024-03-28,17,W235157481,Otxarkoaga-Txurdinaga,6,6,2
2024-03-28,17,W301165234,Errekalde,6,6,2
2024-03-28,17,N5056328910,Begona,5,5,1
2024-03-28,17,N518227646,Abando,5,5,6
2024-03-28,17,N9607363904,Uribarri,5,5,4
2024-03-28,17,W96337695,Abando,5,5,7
2024-03-28,17,W164510985,Otxarkoaga-Txurdinaga,4,8,3
2024-03-28,17,N4508853267,Uribarri,4,4,5
2024-03-28,17,N9607391207,Begona,4,4,2
2024-03-28,17,W185205688,Deusto,4,4,1
2024-03-28,17,W375390416,Ibaiondo,4,4,6
2024-03-28,17,N11229807742,Basurtu-Zorrotza,3,3,3
2024-03-28,17,N4254043797,Deusto,3,3,2
2024-03-28,17,N4731925117,Abando,3,3,8
2024-03-28,17,N5056379164,Abando,3,3,9
2024-03-28,17,N5301954699,Basurtu-Zorrotza,3,3,4
2024-03-28,17,W397099000,Ibaiondo,3,3,7
2024-03-28,17,W44113519,Abando,3,3,10
2024-03-28,17,N5056183351,Errekalde,2,2,3
2024-03-28,17,N5056184623,Errekalde,2,2,4
2024-03-28,17,W164512079,Otxarkoaga-Txurdinaga,2,2,4
2024-03-28,17,W290069950,Deusto,2,2,3
2024-03-28,17,W41415573,Errekalde,2,2,5
2024-03-28,17,N4060532216,Otxarkoaga-Txurdinaga,1,2,5
2024-03-28,17,N5056088727,Ibaiondo,1,1,8
2024-03-28,17,N5056421870,Deusto,1,1,4
2024-03-28,17,W123440625,Uribarri,1,1,6
2024-03-28,17,W162445376,Uribarri,1,1,7
2024-03-28,17,W305622069,Begona,1,1,3
2024-03-28,17,W376396126,Ibaiondo,1,1,9
2024-03-28,18,W108497734,Ibaiondo,41,41,1
2024-03-28,18,N4060532227,Uribarri,25,25,1
2024-03-28,18,N3207631929,Abando,19,19,1
2024-03-28,18,N5056355015,Uribarri,15,15,2
2024-03-28,18,W108504682,Abando,13,14,2
2024-03-28,18,N9607467466,Basurtu-Zorrotza,11,11,1
2024-03-28,18,N4060532217,Otxarkoaga-Txurdinaga,10,10,1
2024-03-28,18,N5056356248,Uribarri,10,10,3
2024-03-28,18,W163196945,Basurtu-Zorrotza,10,10,2
2024-03-28,18,N4762096882,Abando,9,9,3
2024-03-28,18,W28211432,Abando,9,9,4
2024-03-28,18,W44016098,Abando,9,9,5
2024-03-28,18,N11229801356,Ibaiondo,8,8,2
2024-03-28,18,W420558992,Ibaiondo,8,8,3
2024-03-28,18,N9607455457,Errekalde,7,7,1
2024-03-28,18,W404432093,Ibaiondo,7,7,4
2024-03-28,18,W485363913,Ibaiondo,7,7,5
2024-03-28,18,N5056200430,Basurtu-Zorrotza,6,6,3
2024-03-28,18,W235157481,Otxarkoaga-Txurdinaga,6,6,2
2024-03-28,18,W301165234,Errekalde,6,6,2
2024-03-28,18,N1271964866,Abando,5,5,6
2024-03-28,18,N5056328910,Begona,5,5,1
2024-03-28,18,N518227646,Abando,5,5,7
2024-03-28,18,N9607363904,Uribarri,5,5,4
2024-03-28,18,W96337695,Abando,5,5,8
2024-03-28,18,W164510985,Otxarkoaga-Txurdinaga,4,8,3
2024-03-28,18,W41525574,Ibaiondo,4,5,6
2024-03-28,18,N4508853267,Uribarri,4,4,5
2024-03-28,18,N9607391207,Begona,4,4,2
2024-03-28,18,W185205688,Deusto,4,4,1
2024-03-28,18,W375390416,Ibaiondo,4,4,7
2024-03-28,18,N11229807742,Basurtu-Zorrotza,3,3,4
2024-03-28,18,N4254043797,Deusto,3,3,2
2024-03-28,18,N4731925117,Abando,3,3,9
2024-03-28,18,N5056379164,Abando,3,3,10
2024-03-28,18,N5301954699,Basurtu-Zorrotza,3,3,5
2024-03-28,18,W397099000,Ibaiondo,3,3,8
2024-03-28,18,W44113519,Abando,3,3,11
2024-03-28,18,N5056183351,Errekalde,2,2,3
2024-03-28,18,N5056184623,Errekalde,2,2,4
2024-03-28,18,W164512079,Otxarkoaga-Txurdinaga,2,2,4
2024-03-28,18,W290069950,Deusto,2,2,3
2024-03-28,18,W41415573,Errekalde,2,2,5
2024-03-28,18,N4060532216,Otxarkoaga-Txurdinaga,1,2,5
2024-03-28,18,N5056088727,Ibaiondo,1,1,9
2024-03-28,18,N5056421870,Deusto,1,1,4
2024-03-28,18,W123440625,Uribarri,1,1,6
2024-03-28,18,W162445376,Uribarri,1,1,7
2024-03-28,18,W305622069,Begona,1,1,3
2024-03-28,18,W376396126,Ibaiondo,1,1,10
2024-03-28,19,W108497734,Ibaiondo,41,41,1
2024-03-28,19,N4060532227,Uribarri,25,25,1
2024-03-28,19,N3207631929,Abando,19,19,1
2024-03-28,19,N5056355015,Uribarri,15,15,2
2024-03-28,19,W108504682,Abando,13,14,2
2024-03-28,19,N9607467466,Basurtu-Zorrotza,11,11,1
2024-03-28,19,N4060532217,Otxarkoaga-Txurdinaga,10,10,1
2024-03-28,19,N5056356248,Uribarri,10,10,3
2024-03-28,19,W163196945,Basurtu-Zorrotza,10,10,2
2024-03-28,19,N4762096882,Abando,9,9,3
2024-03-28,19,W28211432,Abando,9,9,4
2024-03-28,19,W44016098,Abando,9,9,5
2024-03-28,19,N11229801356,Ibaiondo,8,8,2
2024-03-28,19,W420558992,Ibaiondo,8,8,3
2024-03-28,19,N9607455457,Errekalde,7,7,1
2024-03-28,19,W404432093,Ibaiondo,7,7,4
2024-03-28,19,W485363913,Ibaiondo,7,7,5
2024-03-28,19,N5056200430,Basurtu-Zorrotza,6,6,3
2024-03-28,19,W235157481,Otxarkoaga-Txurdinaga,6,6,2
2024-03-28,19,W301165234,Errekalde,6,6,2
2024-03-28,19,N1271964866,Abando,5,5,6
2024-03-28,19,N5056328910,Begona,5,5,1
2024-03-28,19,N518227646,Abando,5,5,7
2024-03-28,19,N9607363904,Uribarri,5,5,4
2024-03-28,19,W96337695,Abando,5,5,8
2024-03-28,19,W164510985,Otxarkoaga-Txurdinaga,4,8,3
2024-03-28,19,W41525574,Ibaiondo,4,5,6
2024-03-28,19,N4508853267,Uribarri,4,4,5
2024-03-28,19,N9607391207,Begona,4,4,2
2024-03-28,19,W185205688,Deusto,4,4,1
2024-03-28,19,W375390416,Ibaiondo,4,4,7
2024-03-28,19,N11229807742,Basurtu-Zorrotza,3,3,4
2024-03-28,19,N4254043797,Deusto,3,3,2
2024-03-28,19,N4731925117,Abando,3,3,9
2024-03-28,19,N5056379164,Abando,3,3,10
2024-03-28,19,N5301954699,Basurtu-Zorrotza,3,3,5
2024-03-28,19,W397099000,Ibaiondo,3,3,8
2024-03-28,19,W44113519,Abando,3,3,11
2024-03-28,19,N5056183351,Errekalde,2,2,3
2024-03-28,19,N5056184623,Errekalde,2,2,4
2024-03-28,19,W164512079,Otxarkoaga-Txurdinaga,2,2,4
2024-03-28,19,W290069950,Deusto,2,2,3
2024-03-28,19,W41415573,Errekalde,2,2,5
2024-03-28,19,N4060532216,Otxarkoaga-Txurdinaga,1,2,5
2024-03-28,19,N5056088727,Ibaiondo,1,1,9
2024-03-28,19,N5056421870,Deusto,1,1,4
2024-03-28,19,W123440625,Uribarri,1,1,6
2024-03-28,19,W162445376,Uribarri,1,1,7
2024-03-28,19,W305622069,Begona,1,1,3
2024-03-28,19,W376396126,Ibaiondo,1,1,10
2024-03-28,20,W108497734,Ibaiondo,41,41,1
2024-03-28,20,N4060532227,Uribarri,25,25,1
2024-03-28,20,N3207631929,Abando,19,19,1
2024-03-28,20,N5056355015,Uribarri,15,15,2
2024-03-28,20,W108504682,Abando,13,14,2
2024-03-28,20,N9607467466,Basurtu-Zorrotza,11,11,1
2024-03-28,20,N4060532217,Otxarkoaga-Txurdinaga,10,10,1
2024-03-28,20,N5056356248,Uribarri,10,10,3
2024-03-28,20,N4762096882,Abando,9,9,3
2024-03-28,20,W28211432,Abando,9,9,4
2024-03-28,20,W44016098,Abando,9,9,5
2024-03-28,20,N11229801356,Ibaiondo,8,8,2
2024-03-28,20,W420558992,Ibaiondo,8,8,3
2024-03-28,20,N9607455457,Errekalde,7,7,1
2024-03-28,20,W404432093,Ibaiondo,7,7,4
2024-03-28,20,W485363913,Ibaiondo,7,7,5
2024-03-28,20,N5056200430,Basurtu-Zorrotza,6,6,2
2024-03-28,20,W235157481,Otxarkoaga-Txurdinaga,6,6,2
2024-03-28,20,W301165234,Errekalde,6,6,2
2024-03-28,20,N1271964866,Abando,5,5,6
2024-03-28,20,N5056328910,Begona,5,5,1
2024-03-28,20,N9607363904,Uribarri,5,5,4
2024-03-28,20,W96337695,Abando,5,5,7
2024-03-28,20,N4508853267,Uribarri,4,4,5
2024-03-28,20,N9607391207,Begona,4,4,2
2024-03-28,20,W185205688,Deusto,4,4,1
2024-03-28,20,W375390416,Ibaiondo,4,4,6
2024-03-28,20,N11229807742,Basurtu-Zorrotza,3,3,3
2024-03-28,20,N4254043797,Deusto,3,3,2
2024-03-28,20,N4731925117,Abando,3,3,8
2024-03-28,20,N5056379164,Abando,3,3,9
2024-03-28,20,N5301954699,Basurtu-Zorrotza,3,3,4
2024-03-28,20,W397099000,Ibaiondo,3,3,7
2024-03-28,20,W44113519,Abando,3,3,10
2024-03-28,20,N5056183351,Errekalde,2,2,3
2024-03-28,20,N5056184623,Errekalde,2,2,4
2024-03-28,20,W164512079,Otxarkoaga-Txurdinaga,2,2,3
2024-03-28,20,W290069950,Deusto,2,2,3
2024-03-28,20,W41415573,Errekalde,2,2,5
2024-03-28,20,N4060532216,Otxarkoaga-Txurdinaga,1,2,4
2024-03-28,20,N5056088727,Ibaiondo,1,1,8
2024-03-28,20,N5056421870,Deusto,1,1,4
2024-03-28,20,W123440625,Uribarri,1,1,6
2024-03-28,20,W162445376,Uribarri,1,1,7
2024-03-28,20,W305622069,Begona,1,1,3
2024-03-28,20,W376396126,Ibaiondo,1,1,9
2024-03-28,21,N4060532227,Uribarri,25,25,1
2024-03-28,21,W48045715,Uribarri,15,15,2
2024-03-28,21,N9607467466,Basurtu-Zorrotza,11,11,1
2024-03-28,21,N4060532217,Otxarkoaga-Txurdinaga,10,10,1
2024-03-28,21,W44016098,Abando,9,9,1
2024-03-28,21,N11229801356,Ibaiondo,8,8,1
2024-03-28,21,W420558992,Ibaiondo,8,8,2
2024-03-28,21,N9607455457,Errekalde,7,7,1
2024-03-28,21,W485363913,Ibaiondo,7,7,3
2024-03-28,21,N5056200430,Basurtu-Zorrotza,6,6,2
2024-03-28,21,W235157481,Otxarkoaga-Txurdinaga,6,6,2
2024-03-28,21,W301165234,Errekalde,6,6,2
2024-03-28,21,N5056328910,Begona,5,5,1
2024-03-28,21,N9607363904,Uribarri,5,5,3
2024-03-28,21,W96337695,Abando,5,5,2
2024-03-28,21,N4508853267,Uribarri,4,4,4
2024-03-28,21,N9607391207,Begona,4,4,2
2024-03-28,21,W185205688,Deusto,4,4,1
2024-03-28,21,W375390416,Ibaiondo,4,4,4
2024-03-28,21,N11229807742,Basurtu-Zorrotza,3,3,3
2024-03-28,21,N4731925117,Abando,3,3,3
2024-03-28,21,N5056379164,Abando,3,3,4
2024-03-28,21,N5301954699,Basurtu-Zorrotza,3,3,4
2024-03-28,21,W397099000,Ibaiondo,3,3,5
2024-03-28,21,W44113519,Abando,3,3,5
2024-03-28,21,N5056183351,Errekalde,2,2,3
2024-03-28,21,W164512079,Otxarkoaga-Txurdinaga,2,2,3
2024-03-28,21,W290069950,Deusto,2,2,2
2024-03-28,21,W41415573,Errekalde,2,2,4
2024-03-28,21,N4060532216,Otxarkoaga-Txurdinaga,1,2,4
2024-03-28,21,N5056088727,Ibaiondo,1,1,6
2024-03-28,21,N5056421870,Deusto,1,1,3
2024-03-28,21,W123440625,Uribarri,1,1,5
2024-03-28,21,W162445376,Uribarri,1,1,6
2024-03-28,21,W305622069,Begona,1,1,3
2024-03-28,21,W376396126,Ibaiondo,1,1,7
2024-03-28,22,N4060532227,Uribarri,25,25,1
2024-03-28,22,N4060532217,Otxarkoaga-Txurdinaga,10,10,1
2024-03-28,22,W485363913,Ibaiondo,7,7,1
2024-03-28,22,N4508853267,Uribarri,4,4,2
2024-03-28,22,N5056379164,Abando,3,3,1
2024-03-28,22,N5301954699,Basurtu-Zorrotza,3,3,1
2024-03-28,22,W28776478,Abando,3,3,2
2024-03-28,22,W397099000,Ibaiondo,3,3,2
2024-03-28,22,W44113519,Abando,3,3,3
2024-03-28,22,N4060532216,Otxarkoaga-Txurdinaga,2,2,2
2024-03-28,22,W123440604,Uribarri,2,2,3
2024-03-28,22,W164512079,Otxarkoaga-Txurdinaga,2,2,3
2024-03-28,22,W290069950,Deusto,2,2,1
2024-03-28,22,W123440625,Uribarri,1,1,4
2024-03-28,22,W162445376,Uribarri,1,1,5
2024-03-28,23,N4060532227,Uribarri,25,25,1
2024-03-28,23,N4060532217,Otxarkoaga-Txurdinaga,10,10,1
2024-03-28,23,W485363913,Ibaiondo,7,7,1
2024-03-28,23,N4508853267,Uribarri,4,4,2
2024-03-28,23,N5056379164,Abando,3,3,1
2024-03-28,23,N5301954699,Basurtu-Zorrotza,3,3,1
2024-03-28,23,W28776478,Abando,3,3,2
2024-03-28,23,W44113519,Abando,3,3,3
2024-03-28,23,N4060532216,Otxarkoaga-Txurdinaga,2,2,2
2024-03-29,5,N4060532227,Uribarri,25,25,1
2024-03-29,5,N4060532217,Otxarkoaga-Txurdinaga,10,10,1
2024-03-29,5,W485363913,Ibaiondo,7,7,1
2024-03-29,5,N4508853267,Uribarri,4,4,2
2024-03-29,5,W28776478,Abando,3,3,1
2024-03-29,5,N4060532216,Otxarkoaga-Txurdinaga,2,2,2
2024-03-29,6,N4060532227,Uribarri,25,25,1
2024-03-29,6,N4060532217,Otxarkoaga-Txurdinaga,10,10,1
2024-03-29,6,W485363913,Ibaiondo,7,7,1
2024-03-29,6,N4508853267,Uribarri,4,4,2
2024-03-29,6,N5056379164,Abando,3,3,1
2024-03-29,6,N5301954699,Basurtu-Zorrotza,3,3,1
2024-03-29,6,W28776478,Abando,3,3,2
2024-03-29,6,W44113519,Abando,3,3,3
2024-03-29,6,N4060532216,Otxarkoaga-Txurdinaga,2,2,2
2024-03-29,7,N4060532227,Uribarri,25,25,1
2024-03-29,7,N4060532217,Otxarkoaga-Txurdinaga,10,10,1
2024-03-29,7,W485363913,Ibaiondo,7,7,1
2024-03-29,7,N4508853267,Uribarri,4,4,2
2024-03-29,7,N5056379164,Abando,3,3,1
2024-03-29,7,N5301954699,Basurtu-Zorrotza,3,3,1
2024-03-29,7,W28776478,Abando,3,3,2
2024-03-29,7,W44113519,Abando,3,3,3
2024-03-29,7,N4060532216,Otxarkoaga-Txurdinaga,2,2,2
2024-03-29,8,N4060532227,Uribarri,25,25,1
2024-03-29,8,N5056355015,Uribarri,15,15,2
2024-03-29,8,N4060532217,Otxarkoaga-Txurdinaga,10,10,1
2024-03-29,8,N5056356248,Uribarri,10,10,3
2024-03-29,8,W485363913,Ibaiondo,7,7,1
2024-03-29,8,W164510985,Otxarkoaga-Txurdinaga,4,8,2
2024-03-29,8,N4508853267,Uribarri,4,4,4
2024-03-29,8,W185205688,Deusto,4,4,1
2024-03-29,8,N4254043797,Deusto,3,3,2
2024-03-29,8,N5056379164,Abando,3,3,1
2024-03-29,8,N5056437799,Deusto,3,3,3
2024-03-29,8,N5301954699,Basurtu-Zorrotza,3,3,1
2024-03-29,8,W28776478,Abando,3,3,2
2024-03-29,8,W397099000,Ibaiondo,3,3,2
2024-03-29,8,W44113519,Abando,3,3,3
2024-03-29,8,N4060532216,Otxarkoaga-Txurdinaga,2,2,3
2024-03-29,8,N5056184623,Errekalde,2,2,1
2024-03-29,8,W123440604,Uribarri,2,2,5
2024-03-29,8,W290069950,Deusto,2,2,4
2024-03-29,8,W41415573,Errekalde,2,2,2
2024-03-29,8,W41688628,Abando,2,2,4
2024-03-29,8,W123440625,Uribarri,1,1,6
2024-03-29,8,W162445376,Uribarri,1,1,7
2024-03-29,8,W305622069,Begona,1,1,1
2024-03-29,8,W376396126,Ibaiondo,1,1,3
2024-03-29,9,W108497734,Ibaiondo,41,41,1
2024-03-29,9,N4060532227,Uribarri,25,25,1
2024-03-29,9,W110895854,Abando,19,19,1
2024-03-29,9,W48045715,Uribarri,15,15,2
2024-03-29,9,W108504682,Abando,14,14,2
2024-03-29,9,N9607467466,Basurtu-Zorrotza,11,11,1
2024-03-29,9,N4060532217,Otxarkoaga-Txurdinaga,10,10,1
2024-03-29,9,N5056356248,Uribarri,10,10,3
2024-03-29,9,N11229801356,Ibaiondo,8,8,2
2024-03-29,9,W420558992,Ibaiondo,8,8,3
2024-03-29,9,N9607455457,Errekalde,7,7,1
2024-03-29,9,W485363913,Ibaiondo,7,7,4
2024-03-29,9,N4761972760,Abando,6,6,3
2024-03-29,9,W235157481,Otxarkoaga-Txurdinaga,6,6,2
2024-03-29,9,N5056328910,Begona,5,5,1
2024-03-29,9,N9607363904,Uribarri,5,5,4
2024-03-29,9,W96337695,Abando,5,5,4
2024-03-29,9,W164510985,Otxarkoaga-Txurdinaga,4,8,3
2024-03-29,9,N4508853267,Uribarri,4,4,5
2024-03-29,9,N9607391207,Begona,4,4,2
2024-03-29,9,W185205688,Deusto,4,4,1
2024-03-29,9,W375390416,Ibaiondo,4,4,5
2024-03-29,9,N11229807742,Basurtu-Zorrotza,3,3,2
2024-03-29,9,N4254043797,Deusto,3,3,2
2024-03-29,9,N4731925117,Abando,3,3,5
2024-03-29,9,N5056379164,Abando,3,3,6
2024-03-29,9,N5056437799,Deusto,3,3,3
2024-03-29,9,N5301954699,Basurtu-Zorrotza,3,3,3
2024-03-29,9,W28776478,Abando,3,3,7
2024-03-29,9,W397099000,Ibaiondo,3,3,6
2024-03-29,9,W44113519,Abando,3,3,8
2024-03-29,9,N10308519810,Deusto,2,2,4
2024-03-29,9,N5056183351,Errekalde,2,2,2
2024-03-29,9,N5056184623,Errekalde,2,2,3
2024-03-29,9,W164512079,Otxarkoaga-Txurdinaga,2,2,4
2024-03-29,9,W290069950,Deusto,2,2,5
2024-03-29,9,W41415573,Errekalde,2,2,4
2024-03-29,9,W41688628,Abando,2,2,9
2024-03-29,9,N4060532216,Otxarkoaga-Txurdinaga,1,2,5
2024-03-29,9,N5056088727,Ibaiondo,1,1,7
2024-03-29,9,N5056421870,Deusto,1,1,6
2024-03-29,9,W123440625,Uribarri,1,1,6
2024-03-29,9,W162445376,Uribarri,1,1,7
2024-03-29,9,W305622069,Begona,1,1,3
2024-03-29,9,W376396126,Ibaiondo,1,1,8
2024-03-29,10,W108497734,Ibaiondo,41,41,1
2024-03-29,10,N4060532227,Uribarri,25,25,1
2024-03-29,10,W110895854,Abando,19,19,1
2024-03-29,10,N5056355015,Uribarri,15,15,2
2024-03-29,10,W108504682,Abando,14,14,2
2024-03-29,10,N9607467466,Basurtu-Zorrotza,11,11,1
2024-03-29,10,N4060532217,Otxarkoaga-Txurdinaga,10,10,1
2024-03-29,10,N5056356248,Uribarri,10,10,3
2024-03-29,10,W28211432,Abando,9,9,3
2024-03-29,10,W44016098,Abando,9,9,4
2024-03-29,10,N11229801356,Ibaiondo,8,8,2
2024-03-29,10,W420558992,Ibaiondo,8,8,3
2024-03-29,10,N9607455457,Errekalde,7,7,1
2024-03-29,10,W404432093,Ibaiondo,7,7,4
2024-03-29,10,W485363913,Ibaiondo,7,7,5
2024-03-29,10,N4761972760,Abando,6,6,5
2024-03-29,10,W235157481,Otxarkoaga-Txurdinaga,6,6,2
2024-03-29,10,N1271964866,Abando,5,5,6
2024-03-29,10,N5056328910,Begona,5,5,1
2024-03-29,10,N9607363904,Uribarri,5,5,4
2024-03-29,10,W96337695,Abando,5,5,7
2024-03-29,10,W164510985,Otxarkoaga-Txurdinaga,4,8,3
2024-03-29,10,W41525574,Ibaiondo,4,5,6
2024-03-29,10,N4508853267,Uribarri,4,4,5
2024-03-29,10,N9607391207,Begona,4,4,2
2024-03-29,10,W185205688,Deusto,4,4,1
2024-03-29,10,W375390416,Ibaiondo,4,4,7
2024-03-29,10,N11229807742,Basurtu-Zorrotza,3,3,2
2024-03-29,10,N4254043797,Deusto,3,3,2
2024-03-29,10,N4731925117,Abando,3,3,8
2024-03-29,10,N5056379164,Abando,3,3,9
2024-03-29,10,N5056437799,Deusto,3,3,3
2024-03-29,10,N5301954699,Basurtu-Zorrotza,3,3,3
2024-03-29,10,W397099000,Ibaiondo,3,3,8
2024-03-29,10,W44113519,Abando,3,3,10
2024-03-29,10,N10308519810,Deusto,2,2,4
2024-03-29,10,N5056183351,Errekalde,2,2,2
2024-03-29,10,N5056184623,Errekalde,2,2,3
2024-03-29,10,W164512079,Otxarkoaga-Txurdinaga,2,2,4
2024-03-29,10,W290069950,Deusto,2,2,5
2024-03-29,10,W41415573,Errekalde,2,2,4
2024-03-29,10,W41688628,Abando,2,2,11
2024-03-29,10,N4060532216,Otxarkoaga-Txurdinaga,1,2,5
2024-03-29,10,N5056088727,Ibaiondo,1,1,9
2024-03-29,10,N5056421870,Deusto,1,1,6
2024-03-29,10,W123440625,Uribarri,1,1,6
2024-03-29,10,W162445376,Uribarri,1,1,7
2024-03-29,10,W305622069,Begona,1,1,3
2024-03-29,10,W376396126,Ibaiondo,1,1,10
2024-03-29,11,W108497734,Ibaiondo,41,41,1
2024-03-29,11,N4060532227,Uribarri,25,25,1
2024-03-29,11,N3207631929,Abando,19,19,1
2024-03-29,11,W110895854,Abando,19,19,2
2024-03-29,11,N5056355015,Uribarri,15,15,2
2024-03-29,11,W108504682,Abando,13,14,3
2024-03-29,11,N9607467466,Basurtu-Zorrotza,11,11,1
2024-03-29,11,N4060532217,Otxarkoaga-Txurdinaga,10,10,1
2024-03-29,11,N5056356248,Uribarri,10,10,3
2024-03-29,11,W163196945,Basurtu-Zorrotza,10,10,2
2024-03-29,11,N4762096882,Abando,9,9,4
2024-03-29,11,W28211432,Abando,9,9,5
2024-03-29,11,W44016098,Abando,9,9,6
2024-03-29,11,N11229801356,Ibaiondo,8,8,2
2024-03-29,11,W420558992,Ibaiondo,8,8,3
2024-03-29,11,N9607455457,Errekalde,7,7,1
2024-03-29,11,W404432093,Ibaiondo,7,7,4
2024-03-29,11,W485363913,Ibaiondo,7,7,5
2024-03-29,11,N4761972760,Abando,6,6,7
2024-03-29,11,W235157481,Otxarkoaga-Txurdinaga,6,6,2
2024-03-29,11,N1271964866,Abando,5,5,8
2024-03-29,11,N5056328910,Begona,5,5,1
2024-03-29,11,N518227646,Abando,5,5,9
2024-03-29,11,N9607363904,Uribarri,5,5,4
2024-03-29,11,W96337695,Abando,5,5,10
2024-03-29,11,W164510985,Otxarkoaga-Txurdinaga,4,8,3
2024-03-29,11,W41525574,Ibaiondo,4,5,6
2024-03-29,11,N4508853267,Uribarri,4,4,5
2024-03-29,11,N9607391207,Begona,4,4,2
2024-03-29,11,W185205688,Deusto,4,4,1
2024-03-29,11,W375390416,Ibaiondo,4,4,7
2024-03-29,11,N11229807742,Basurtu-Zorrotza,3,3,3
2024-03-29,11,N4254043797,Deusto,3,3,2
2024-03-29,11,N4731925117,Abando,3,3,11
2024-03-29,11,N5056379164,Abando,3,3,12
2024-03-29,11,N5056437799,Deusto,3,3,3
2024-03-29,11,N5301954699,Basurtu-Zorrotza,3,3,4
2024-03-29,11,W397099000,Ibaiondo,3,3,8
2024-03-29,11,W44113519,Abando,3,3,13
2024-03-29,11,N10308519810,Deusto,2,2,4
2024-03-29,11,N5056183351,Errekalde,2,2,2
2024-03-29,11,N5056184623,Errekalde,2,2,3
2024-03-29,11,W164512079,Otxarkoaga-Txurdinaga,2,2,4
2024-03-29,11,W290069950,Deusto,2,2,5
2024-03-29,11,W41415573,Errekalde,2,2,4
2024-03-29,11,W41688628,Abando,2,2,14
2024-03-29,11,N4060532216,Otxarkoaga-Txurdinaga,1,2,5
2024-03-29,11,N5056088727,Ibaiondo,1,1,9
2024-03-29,11,N5056421870,Deusto,1,1,6
2024-03-29,11,W123440625,Uribarri,1,1,6
2024-03-29,11,W162445376,Uribarri,1,1,7
2024-03-29,11,W305622069,Begona,1,1,3
2024-03-29,11,W376396126,Ibaiondo,1,1,10
2024-03-29,12,W108497734,Ibaiondo,41,41,1
2024-03-29,12,N4060532227,Uribarri,25,25,1
2024-03-29,12,N3207631929,Abando,19,19,1
2024-03-29,12,W110895854,Abando,19,19,2
2024-03-29,12,N5056355015,Uribarri,15,15,2
2024-03-29,12,W108504682,Abando,13,14,3
2024-03-29,12,N9607467466,Basurtu-Zorrotza,11,11,1
2024-03-29,12,N4060532217,Otxarkoaga-Txurdinaga,10,10,1
2024-03-29,12,N5056356248,Uribarri,10,10,3
2024-03-29,12,W163196945,Basurtu-Zorrotza,10,10,2
2024-03-29,12,N4762096882,Abando,9,9,4
2024-03-29,12,W28211432,Abando,9,9,5
2024-03-29,12,W44016098,Abando,9,9,6
2024-03-29,12,N11229801356,Ibaiondo,8,8,2
2024-03-29,12,W420558992,Ibaiondo,8,8,3
2024-03-29,12,N9607455457,Errekalde,7,7,1
2024-03-29,12,W404432093,Ibaiondo,7,7,4
2024-03-29,12,W485363913,Ibaiondo,7,7,5
2024-03-29,12,N4761972760,Abando,6,6,7
2024-03-29,12,W235157481,Otxarkoaga-Txurdinaga,6,6,2
2024-03-29,12,N1271964866,Abando,5,5,8
2024-03-29,12,N5056328910,Begona,5,5,1
2024-03-29,12,N518227646,Abando,5,5,9
2024-03-29,12,N9607363904,Uribarri,5,5,4
2024-03-29,12,W96337695,Abando,5,5,10
2024-03-29,12,W164510985,Otxarkoaga-Txurdinaga,4,8,3
2024-03-29,12,W41525574,Ibaiondo,4,5,6
2024-03-29,12,N4508853267,Uribarri,4,4,5
2024-03-29,12,N9607391207,Begona,4,4,2
2024-03-29,12,W185205688,Deusto,4,4,1
2024-03-29,12,W375390416,Ibaiondo,4,4,7
2024-03-29,12,N11229807742,Basurtu-Zorrotza,3,3,3
2024-03-29,12,N4254043797,Deusto,3,3,2
2024-03-29,12,N4731925117,Abando,3,3,11
2024-03-29,12,N5056379164,Abando,3,3,12
2024-03-29,12,N5056437799,Deusto,3,3,3
2024-03-29,12,N5301954699,Basurtu-Zorrotza,3,3,4
2024-03-29,12,W397099000,Ibaiondo,3,3,8
2024-03-29,12,W44113519,Abando,3,3,13
2024-03-29,12,N10308519810,Deusto,2,2,4
2024-03-29,12,N5056183351,Errekalde,2,2,2
2024-03-29,12,N5056184623,Errekalde,2,2,3
2024-03-29,12,W164512079,Otxarkoaga-Txurdinaga,2,2,4
2024-03-29,12,W290069950,Deusto,2,2,5
2024-03-29,12,W41415573,Errekalde,2,2,4
2024-03-29,12,W41688628,Abando,2,2,14
2024-03-29,12,N4060532216,Otxarkoaga-Txurdinaga,1,2,5
2024-03-29,12,N5056088727,Ibaiondo,1,1,9
2024-03-29,12,N5056421870,Deusto,1,1,6
2024-03-29,12,W123440625,Uribarri,1,1,6
2024-03-29,12,W162445376,Uribarri,1,1,7
2024-03-29,12,W305622069,Begona,1,1,3
2024-03-29,12,W376396126,Ibaiondo,1,1,10
2024-03-29,13,W108497734,Ibaiondo,41,41,1
2024-03-29,13,N4060532227,Uribarri,25,25,1
2024-03-29,13,N3207631929,Abando,19,19,1
2024-03-29,13,W110895854,Abando,19,19,2
2024-03-29,13,W48045715,Uribarri,15,15,2
2024-03-29,13,W108504682,Abando,13,14,3
2024-03-29,13,N9607467466,Basurtu-Zorrotza,11,11,1
2024-03-29,13,N4060532217,Otxarkoaga-Txurdinaga,10,10,1
2024-03-29,13,N5056356248,Uribarri,10,10,3
2024-03-29,13,W163196945,Basurtu-Zorrotza,10,10,2
2024-03-29,13,N4762096882,Abando,9,9,4
2024-03-29,13,W28211432,Abando,9,9,5
2024-03-29,13,W44016098,Abando,9,9,6
2024-03-29,13,N11229801356,Ibaiondo,8,8,2
2024-03-29,13,W420558992,Ibaiondo,8,8,3
2024-03-29,13,N9607455457,Errekalde,7,7,1
2024-03-29,13,W404432093,Ibaiondo,7,7,4
2024-03-29,13,W485363913,Ibaiondo,7,7,5
2024-03-29,13,N4761972760,Abando,6,6,7
2024-03-29,13,W235157481,Otxarkoaga-Txurdinaga,6,6,2
2024-03-29,13,N1271964866,Abando,5,5,8
2024-03-29,13,N5056328910,Begona,5,5,1
2024-03-29,13,N518227646,Abando,5,5,9
2024-03-29,13,N9607363904,Uribarri,5,5,4
2024-03-29,13,W96337695,Abando,5,5,10
2024-03-29,13,W164510985,Otxarkoaga-Txurdinaga,4,8,3
2024-03-29,13,N4508853267,Uribarri,4,4,5
2024-03-29,13,N9607391207,Begona,4,4,2
2024-03-29,13,W185205688,Deusto,4,4,1
2024-03-29,13,W375390416,Ibaiondo,4,4,6
2024-03-29,13,N11229807742,Basurtu-Zorrotza,3,3,3
2024-03-29,13,N4254043797,Deusto,3,3,2
2024-03-29,13,N4731925117,Abando,3,3,11
2024-03-29,13,N5056379164,Abando,3,3,12
2024-03-29,13,N5056437799,Deusto,3,3,3
2024-03-29,13,N5301954699,Basurtu-Zorrotza,3,3,4
2024-03-29,13,W397099000,Ibaiondo,3,3,7
2024-03-29,13,W44113519,Abando,3,3,13
2024-03-29,13,N10308519810,Deusto,2,2,4
2024-03-29,13,N5056183351,Errekalde,2,2,2
2024-03-29,13,N5056184623,Errekalde,2,2,3
2024-03-29,13,W164512079,Otxarkoaga-Txurdinaga,2,2,4
2024-03-29,13,W290069950,Deusto,2,2,5
2024-03-29,13,W41415573,Errekalde,2,2,4
2024-03-29,13,W41688628,Abando,2,2,14
2024-03-29,13,N4060532216,Otxarkoaga-Txurdinaga,1,2,5
2024-03-29,13,N5056088727,Ibaiondo,1,1,8
2024-03-29,13,N5056421870,Deusto,1,1,6
2024-03-29,13,W123440625,Uribarri,1,1,6
2024-03-29,13,W162445376,Uribarri,1,1,7
2024-03-29,13,W305622069,Begona,1,1,3
2024-03-29,13,W376396126,Ibaiondo,1,1,9
2024-03-29,14,W108497734,Ibaiondo,41,41,1
2024-03-29,14,N4060532227,Uribarri,25,25,1
2024-03-29,14,N3207631929,Abando,19,19,1
2024-03-29,14,W110895854,Abando,19,19,2
2024-03-29,14,N5056355015,Uribarri,15,15,2
2024-03-29,14,W108504682,Abando,13,14,3
2024-03-29,14,N9607467466,Basurtu-Zorrotza,11,11,1
2024-03-29,14,N4060532217,Otxarkoaga-Txurdinaga,10,10,1
2024-03-29,14,N5056356248,Uribarri,10,10,3
2024-03-29,14,N4762096882,Abando,9,9,4
2024-03-29,14,W28211432,Abando,9,9,5
2024-03-29,14,W44016098,Abando,9,9,6
2024-03-29,14,N11229801356,Ibaiondo,8,8,2
2024-03-29,14,W420558992,Ibaiondo,8,8,3
2024-03-29,14,N9607455457,Errekalde,7,7,1
2024-03-29,14,W404432093,Ibaiondo,7,7,4
2024-03-29,14,W485363913,Ibaiondo,7,7,5
2024-03-29,14,N4761972760,Abando,6,6,7
2024-03-29,14,W235157481,Otxarkoaga-Txurdinaga,6,6,2
2024-03-29,14,N1271964866,Abando,5,5,8
2024-03-29,14,N5056328910,Begona,5,5,1
2024-03-29,14,N518227646,Abando,5,5,9
2024-03-29,14,N9607363904,Uribarri,5,5,4
2024-03-29,14,W96337695,Abando,5,5,10
2024-03-29,14,W164510985,Otxarkoaga-Txurdinaga,4,8,3
2024-03-29,14,N4508853267,Uribarri,4,4,5
2024-03-29,14,N9607391207,Begona,4,4,2
2024-03-29,14,W185205688,Deusto,4,4,1
2024-03-29,14,W375390416,Ibaiondo,4,4,6
2024-03-29,14,N11229807742,Basurtu-Zorrotza,3,3,2
2024-03-29,14,N4254043797,Deusto,3,3,2
2024-03-29,14,N4731925117,Abando,3,3,11
2024-03-29,14,N5056379164,Abando,3,3,12
2024-03-29,14,N5056437799,Deusto,3,3,3
2024-03-29,14,N5301954699,Basurtu-Zorrotza,3,3,3
2024-03-29,14,W397099000,Ibaiondo,3,3,7
2024-03-29,14,W44113519,Abando,3,3,13
2024-03-29,14,N10308519810,Deusto,2,2,4
2024-03-29,14,N5056183351,Errekalde,2,2,2
2024-03-29,14,N5056184623,Errekalde,2,2,3
2024-03-29,14,W164512079,Otxarkoaga-Txurdinaga,2,2,4
2024-03-29,14,W290069950,Deusto,2,2,5
2024-03-29,14,W41415573,Errekalde,2,2,4
2024-03-29,14,W41688628,Abando,2,2,14
2024-03-29,14,N4060532216,Otxarkoaga-Txurdinaga,1,2,5
2024-03-29,14,N5056088727,Ibaiondo,1,1,8
2024-03-29,14,N5056421870,Deusto,1,1,6
2024-03-29,14,W123440625,Uribarri,1,1,6
2024-03-29,14,W162445376,Uribarri,1,1,7
2024-03-29,14,W305622069,Begona,1,1,3
2024-03-29,14,W376396126,Ibaiondo,1,1,9
2024-03-29,15,W108497734,Ibaiondo,41,41,1
2024-03-29,15,N4060532227,Uribarri,25,25,1
2024-03-29,15,W110895854,Abando,19,19,1
2024-03-29,15,W48045715,Uribarri,15,15,2
2024-03-29,15,W108504682,Abando,14,14,2
2024-03-29,15,N9607467466,Basurtu-Zorrotza,11,11,1
2024-03-29,15,N4060532217,Otxarkoaga-Txurdinaga,10,10,1
2024-03-29,15,W28211432,Abando,9,9,3
2024-03-29,15,W44016098,Abando,9,9,4
2024-03-29,15,N11229801356,Ibaiondo,8,8,2
2024-03-29,15,W420558992,Ibaiondo,8,8,3
2024-03-29,15,N9607455457,Errekalde,7,7,1
2024-03-29,15,W404432093,Ibaiondo,7,7,4
2024-03-29,15,W485363913,Ibaiondo,7,7,5
2024-03-29,15,W235157481,Otxarkoaga-Txurdinaga,6,6,2
2024-03-29,15,N5056328910,Begona,5,5,1
2024-03-29,15,N518227646,Abando,5,5,5
2024-03-29,15,N9607363904,Uribarri,5,5,3
2024-03-29,15,W96337695,Abando,5,5,6
2024-03-29,15,N4508853267,Uribarri,4,4,4
2024-03-29,15,N9607391207,Begona,4,4,2
2024-03-29,15,W185205688,Deusto,4,4,1
2024-03-29,15,W375390416,Ibaiondo,4,4,6
2024-03-29,15,N11229807742,Basurtu-Zorrotza,3,3,2
2024-03-29,15,N4731925117,Abando,3,3,7
2024-03-29,15,N5056379164,Abando,3,3,8
2024-03-29,15,N5301954699,Basurtu-Zorrotza,3,3,3
2024-03-29,15,W397099000,Ibaiondo,3,3,7
2024-03-29,15,W44113519,Abando,3,3,9
2024-03-29,15,N5056183351,Errekalde,2,2,2
2024-03-29,15,W164512079,Otxarkoaga-Txurdinaga,2,2,3
2024-03-29,15,W290069950,Deusto,2,2,2
2024-03-29,15,W41415573,Errekalde,2,2,3
2024-03-29,15,N4060532216,Otxarkoaga-Txurdinaga,1,2,4
2024-03-29,15,N5056088727,Ibaiondo,1,1,8
2024-03-29,15,N5056421870,Deusto,1,1,3
2024-03-29,15,W123440625,Uribarri,1,1,5
2024-03-29,15,W162445376,Uribarri,1,1,6
2024-03-29,15,W305622069,Begona,1,1,3
2024-03-29,15,W376396126,Ibaiondo,1,1,9
2024-03-29,16,W108497734,Ibaiondo,41,41,1
2024-03-29,16,N4060532227,Uribarri,25,25,1
2024-03-29,16,N3207631929,Abando,19,19,1
2024-03-29,16,W110895854,Abando,19,19,2
2024-03-29,16,W48045715,Uribarri,15,15,2
2024-03-29,16,W108504682,Abando,13,14,3
2024-03-29,16,N9607467466,Basurtu-Zorrotza,11,11,1
2024-03-29,16,N4060532217,Otxarkoaga-Txurdinaga,10,10,1
2024-03-29,16,W28211432,Abando,9,9,4
2024-03-29,16,W44016098,Abando,9,9,5
2024-03-29,16,N11229801356,Ibaiondo,8,8,2
2024-03-29,16,W420558992,Ibaiondo,8,8,3
2024-03-29,16,N9607455457,Errekalde,7,7,1
2024-03-29,16,W404432093,Ibaiondo,7,7,4
2024-03-29,16,W485363913,Ibaiondo,7,7,5
2024-03-29,16,N5056200430,Basurtu-Zorrotza,6,6,2
2024-03-29,16,W235157481,Otxarkoaga-Txurdinaga,6,6,2
2024-03-29,16,W301165234,Errekalde,6,6,2
2024-03-29,16,N5056328910,Begona,5,5,1
2024-03-29,16,N518227646,Abando,5,5,6
2024-03-29,16,N9607363904,Uribarri,5,5,3
2024-03-29,16,W96337695,Abando,5,5,7
2024-03-29,16,N4508853267,Uribarri,4,4,4
2024-03-29,16,N9607391207,Begona,4,4,2
2024-03-29,16,W185205688,Deusto,4,4,1
2024-03-29,16,W375390416,Ibaiondo,4,4,6
2024-03-29,16,N11229807742,Basurtu-Zorrotza,3,3,3
2024-03-29,16,N4731925117,Abando,3,3,8
2024-03-29,16,N5056379164,Abando,3,3,9
2024-03-29,16,N5301954699,Basurtu-Zorrotza,3,3,4
2024-03-29,16,W397099000,Ibaiondo,3,3,7
2024-03-29,16,W44113519,Abando,3,3,10
2024-03-29,16,N5056183351,Errekalde,2,2,3
2024-03-29,16,W164512079,Otxarkoaga-Txurdinaga,2,2,3
2024-03-29,16,W290069950,Deusto,2,2,2
2024-03-29,16,W41415573,Errekalde,2,2,4
2024-03-29,16,N4060532216,Otxarkoaga-Txurdinaga,1,2,4
2024-03-29,16,N5056088727,Ibaiondo,1,1,8
2024-03-29,16,N5056421870,Deusto,1,1,3
2024-03-29,16,W123440625,Uribarri,1,1,5
2024-03-29,16,W162445376,Uribarri,1,1,6
2024-03-29,16,W305622069,Begona,1,1,3
2024-03-29,16,W376396126,Ibaiondo,1,1,9
2024-03-29,17,W108497734,Ibaiondo,41,41,1
2024-03-29,17,N4060532227,Uribarri,25,25,1
2024-03-29,17,N3207631929,Abando,19,19,1
2024-03-29,17,W110895854,Abando,19,19,2
2024-03-29,17,N5056355015,Uribarri,15,15,2
2024-03-29,17,W108504682,Abando,13,14,3
2024-03-29,17,N9607467466,Basurtu-Zorrotza,11,11,1
2024-03-29,17,N4060532217,Otxarkoaga-Txurdinaga,10,10,1
2024-03-29,17,N5056356248,Uribarri,10,10,3
2024-03-29,17,W28211432,Abando,9,9,4
2024-03-29,17,W44016098,Abando,9,9,5
2024-03-29,17,N11229801356,Ibaiondo,8,8,2
2024-03-29,17,W420558992,Ibaiondo,8,8,3
2024-03-29,17,N9607455457,Errekalde,7,7,1
2024-03-29,17,W404432093,Ibaiondo,7,7,4
2024-03-29,17,W485363913,Ibaiondo,7,7,5
2024-03-29,17,N5056200430,Basurtu-Zorrotza,6,6,2
2024-03-29,17,W235157481,Otxarkoaga-Txurdinaga,6,6,2
2024-03-29,17,W301165234,Errekalde,6,6,2
2024-03-29,17,N5056328910,Begona,5,5,1
2024-03-29,17,N518227646,Abando,5,5,6
2024-03-29,17,N9607363904,Uribarri,5,5,4
2024-03-29,17,W96337695,Abando,5,5,7
2024-03-29,17,W164510985,Otxarkoaga-Txurdinaga,4,8,3
2024-03-29,17,N4508853267,Uribarri,4,4,5
2024-03-29,17,N9607391207,Begona,4,4,2
2024-03-29,17,W185205688,Deusto,4,4,1
2024-03-29,17,W375390416,Ibaiondo,4,4,6
2024-03-29,17,N11229807742,Basurtu-Zorrotza,3,3,3
2024-03-29,17,N4254043797,Deusto,3,3,2
2024-03-29,17,N4731925117,Abando,3,3,8
2024-03-29,17,N5056379164,Abando,3,3,9
2024-03-29,17,N5056437799,Deusto,3,3,3
2024-03-29,17,N5301954699,Basurtu-Zorrotza,3,3,4
2024-03-29,17,W397099000,Ibaiondo,3,3,7
2024-03-29,17,W44113519,Abando,3,3,10
2024-03-29,17,N5056183351,Errekalde,2,2,3
2024-03-29,17,N5056184623,Errekalde,2,2,4
2024-03-29,17,W164512079,Otxarkoaga-Txurdinaga,2,2,4
2024-03-29,17,W290069950,Deusto,2,2,4
2024-03-29,17,W41415573,Errekalde,2,2,5
2024-03-29,17,N4060532216,Otxarkoaga-Txurdinaga,1,2,5
2024-03-29,17,N5056088727,Ibaiondo,1,1,8
2024-03-29,17,N5056421870,Deusto,1,1,5
2024-03-29,17,W123440625,Uribarri,1,1,6
2024-03-29,17,W162445376,Uribarri,1,1,7
2024-03-29,17,W305622069,Begona,1,1,3
2024-03-29,17,W376396126,Ibaiondo,1,1,9
2024-03-29,18,W108497734,Ibaiondo,41,41,1
2024-03-29,18,N4060532227,Uribarri,25,25,1
2024-03-29,18,N3207631929,Abando,19,19,1
2024-03-29,18,W48045715,Uribarri,15,15,2
2024-03-29,18,W108504682,Abando,13,14,2
2024-03-29,18,N9607467466,Basurtu-Zorrotza,11,11,1
2024-03-29,18,N4060532217,Otxarkoaga-Txurdinaga,10,10,1
2024-03-29,18,N5056356248,Uribarri,10,10,3
2024-03-29,18,W163196945,Basurtu-Zorrotza,10,10,2
2024-03-29,18,N4762096882,Abando,9,9,3
2024-03-29,18,W28211432,Abando,9,9,4
2024-03-29,18,W44016098,Abando,9,9,5
2024-03-29,18,N11229801356,Ibaiondo,8,8,2
2024-03-29,18,W420558992,Ibaiondo,8,8,3
2024-03-29,18,N9607455457,Errekalde,7,7,1
2024-03-29,18,W404432093,Ibaiondo,7,7,4
2024-03-29,18,W485363913,Ibaiondo,7,7,5
2024-03-29,18,N5056200430,Basurtu-Zorrotza,6,6,3
2024-03-29,18,W235157481,Otxarkoaga-Txurdinaga,6,6,2
2024-03-29,18,W301165234,Errekalde,6,6,2
2024-03-29,18,N1271964866,Abando,5,5,6
2024-03-29,18,N5056328910,Begona,5,5,1
2024-03-29,18,N518227646,Abando,5,5,7
2024-03-29,18,N9607363904,Uribarri,5,5,4
2024-03-29,18,W96337695,Abando,5,5,8
2024-03-29,18,W164510985,Otxarkoaga-Txurdinaga,4,8,3
2024-03-29,18,W41525574,Ibaiondo,4,5,6
2024-03-29,18,N4508853267,Uribarri,4,4,5
2024-03-29,18,N9607391207,Begona,4,4,2
2024-03-29,18,W185205688,Deusto,4,4,1
2024-03-29,18,W375390416,Ibaiondo,4,4,7
2024-03-29,18,N11229807742,Basurtu-Zorrotza,3,3,4
2024-03-29,18,N4254043797,Deusto,3,3,2
2024-03-29,18,N4731925117,Abando,3,3,9
2024-03-29,18,N5056379164,Abando,3,3,10
2024-03-29,18,N5056437799,Deusto,3,3,3
2024-03-29,18,N5301954699,Basurtu-Zorrotza,3,3,5
2024-03-29,18,W397099000,Ibaiondo,3,3,8
2024-03-29,18,W44113519,Abando,3,3,11
2024-03-29,18,N5056183351,Errekalde,2,2,3
2024-03-29,18,N5056184623,Errekalde,2,2,4
2024-03-29,18,W164512079,Otxarkoaga-Txurdinaga,2,2,4
2024-03-29,18,W290069950,Deusto,2,2,4
2024-03-29,18,W41415573,Errekalde,2,2,5
2024-03-29,18,N4060532216,Otxarkoaga-Txurdinaga,1,2,5
2024-03-29,18,N5056088727,Ibaiondo,1,1,9
2024-03-29,18,N5056421870,Deusto,1,1,5
2024-03-29,18,W123440625,Uribarri,1,1,6
2024-03-29,18,W162445376,Uribarri,1,1,7
2024-03-29,18,W305622069,Begona,1,1,3
2024-03-29,18,W376396126,Ibaiondo,1,1,10
2024-03-29,19,W108497734,Ibaiondo,41,41,1
2024-03-29,19,N4060532227,Uribarri,25,25,1
2024-03-29,19,N3207631929,Abando,19,19,1
2024-03-29,19,W48045715,Uribarri,15,15,2
2024-03-29,19,W108504682,Abando,13,14,2
2024-03-29,19,N9607467466,Basurtu-Zorrotza,11,11,1
2024-03-29,19,N4060532217,Otxarkoaga-Txurdinaga,10,10,1
2024-03-29,19,N5056356248,Uribarri,10,10,3
2024-03-29,19,W163196945,Basurtu-Zorrotza,10,10,2
2024-03-29,19,N4762096882,Abando,9,9,3
2024-03-29,19,W28211432,Abando,9,9,4
2024-03-29,19,W44016098,Abando,9,9,5
2024-03-29,19,N11229801356,Ibaiondo,8,8,2
2024-03-29,19,W420558992,Ibaiondo,8,8,3
2024-03-29,19,N9607455457,Errekalde,7,7,1
2024-03-29,19,W404432093,Ibaiondo,7,7,4
2024-03-29,19,W485363913,Ibaiondo,7,7,5
2024-03-29,19,N5056200430,Basurtu-Zorrotza,6,6,3
2024-03-29,19,W235157481,Otxarkoaga-Txurdinaga,6,6,2
2024-03-29,19,W301165234,Errekalde,6,6,2
2024-03-29,19,N1271964866,Abando,5,5,6
2024-03-29,19,N5056328910,Begona,5,5,1
2024-03-29,19,N518227646,Abando,5,5,7
2024-03-29,19,N9607363904,Uribarri,5,5,4
2024-03-29,19,W96337695,Abando,5,5,8
2024-03-29,19,W164510985,Otxarkoaga-Txurdinaga,4,8,3
2024-03-29,19,W41525574,Ibaiondo,4,5,6
2024-03-29,19,N4508853267,Uribarri,4,4,5
2024-03-29,19,N9607391207,Begona,4,4,2
2024-03-29,19,W185205688,Deusto,4,4,1
2024-03-29,19,W375390416,Ibaiondo,4,4,7
2024-03-29,19,N11229807742,Basurtu-Zorrotza,3,3,4
2024-03-29,19,N4254043797,Deusto,3,3,2
2024-03-29,19,N4731925117,Abando,3,3,9
2024-03-29,19,N5056379164,Abando,3,3,10
2024-03-29,19,N5056437799,Deusto,3,3,3
2024-03-29,19,N5301954699,Basurtu-Zorrotza,3,3,5
2024-03-29,19,W397099000,Ibaiondo,3,3,8
2024-03-29,19,W44113519,Abando,3,3,11
2024-03-29,19,N5056183351,Errekalde,2,2,3
2024-03-29,19,N5056184623,Errekalde,2,2,4
2024-03-29,19,W164512079,Otxarkoaga-Txurdinaga,2,2,4
2024-03-29,19,W290069950,Deusto,2,2,4
2024-03-29,19,W41415573,Errekalde,2,2,5
2024-03-29,19,N4060532216,Otxarkoaga-Txurdinaga,1,2,5
2024-03-29,19,N5056088727,Ibaiondo,1,1,9
2024-03-29,19,N5056421870,Deusto,1,1,5
2024-03-29,19,W123440625,Uribarri,1,1,6
2024-03-29,19,W162445376,Uribarri,1,1,7
2024-03-29,19,W305622069,Begona,1,1,3
2024-03-29,19,W376396126,Ibaiondo,1,1,10
2024-03-29,20,W108497734,Ibaiondo,41,41,1
2024-03-29,20,N4060532227,Uribarri,25,25,1
2024-03-29,20,N3207631929,Abando,19,19,1
2024-03-29,20,N5056355015,Uribarri,15,15,2
2024-03-29,20,W108504682,Abando,13,14,2
2024-03-29,20,N9607467466,Basurtu-Zorrotza,11,11,1
2024-03-29,20,N4060532217,Otxarkoaga-Txurdinaga,10,10,1
2024-03-29,20,N5056356248,Uribarri,10,10,3
2024-03-29,20,N4762096882,Abando,9,9,3
2024-03-29,20,W28211432,Abando,9,9,4
2024-03-29,20,W44016098,Abando,9,9,5
2024-03-29,20,N11229801356,Ibaiondo,8,8,2
2024-03-29,20,W420558992,Ibaiondo,8,8,3
2024-03-29,20,N9607455457,Errekalde,7,7,1
2024-03-29,20,W404432093,Ibaiondo,7,7,4
2024-03-29,20,W485363913,Ibaiondo,7,7,5
2024-03-29,20,N5056200430,Basurtu-Zorrotza,6,6,2
2024-03-29,20,W235157481,Otxarkoaga-Txurdinaga,6,6,2
2024-03-29,20,W301165234,Errekalde,6,6,2
2024-03-29,20,N1271964866,Abando,5,5,6
2024-03-29,20,N5056328910,Begona,5,5,1
2024-03-29,20,N9607363904,Uribarri,5,5,4
2024-03-29,20,W96337695,Abando,5,5,7
2024-03-29,20,N4508853267,Uribarri,4,4,5
2024-03-29,20,N9607391207,Begona,4,4,2
2024-03-29,20,W185205688,Deusto,4,4,1
2024-03-29,20,W375390416,Ibaiondo,4,4,6
2024-03-29,20,N11229807742,Basurtu-Zorrotza,3,3,3
2024-03-29,20,N4254043797,Deusto,3,3,2
2024-03-29,20,N4731925117,Abando,3,3,8
2024-03-29,20,N5056379164,Abando,3,3,9
2024-03-29,20,N5056437799,Deusto,3,3,3
2024-03-29,20,N5301954699,Basurtu-Zorrotza,3,3,4
2024-03-29,20,W397099000,Ibaiondo,3,3,7
2024-03-29,20,W44113519,Abando,3,3,10
2024-03-29,20,N5056183351,Errekalde,2,2,3
2024-03-29,20,N5056184623,Errekalde,2,2,4
2024-03-29,20,W164512079,Otxarkoaga-Txurdinaga,2,2,3
2024-03-29,20,W290069950,Deusto,2,2,4
2024-03-29,20,W41415573,Errekalde,2,2,5
2024-03-29,20,N4060532216,Otxarkoaga-Txurdinaga,1,2,4
2024-03-29,20,N5056088727,Ibaiondo,1,1,8
2024-03-29,20,N5056421870,Deusto,1,1,5
2024-03-29,20,W123440625,Uribarri,1,1,6
2024-03-29,20,W162445376,Uribarri,1,1,7
2024-03-29,20,W305622069,Begona,1,1,3
2024-03-29,20,W376396126,Ibaiondo,1,1,9
2024-03-29,21,N4060532227,Uribarri,25,25,1
2024-03-29,21,W48045715,Uribarri,15,15,2
2024-03-29,21,N9607467466,Basurtu-Zorrotza,11,11,1
2024-03-29,21,N4060532217,Otxarkoaga-Txurdinaga,10,10,1
2024-03-29,21,W44016098,Abando,9,9,1
2024-03-29,21,N11229801356,Ibaiondo,8,8,1
2024-03-29,21,W420558992,Ibaiondo,8,8,2
2024-03-29,21,N9607455457,Errekalde,7,7,1
2024-03-29,21,W485363913,Ibaiondo,7,7,3
2024-03-29,21,N5056200430,Basurtu-Zorrotza,6,6,2
2024-03-29,21,W235157481,Otxarkoaga-Txurdinaga,6,6,2
2024-03-29,21,W301165234,Errekalde,6,6,2
2024-03-29,21,N5056328910,Begona,5,5,1
2024-03-29,21,N9607363904,Uribarri,5,5,3
2024-03-29,21,W96337695,Abando,5,5,2
2024-03-29,21,N4508853267,Uribarri,4,4,4
2024-03-29,21,N9607391207,Begona,4,4,2
2024-03-29,21,W185205688,Deusto,4,4,1
2024-03-29,21,W375390416,Ibaiondo,4,4,4
2024-03-29,21,N11229807742,Basurtu-Zorrotza,3,3,3
2024-03-29,21,N4731925117,Abando,3,3,3
2024-03-29,21,N5056379164,Abando,3,3,4
2024-03-29,21,N5301954699,Basurtu-Zorrotza,3,3,4
2024-03-29,21,W397099000,Ibaiondo,3,3,5
2024-03-29,21,W44113519,Abando,3,3,5
2024-03-29,21,N5056183351,Errekalde,2,2,3
2024-03-29,21,W164512079,Otxarkoaga-Txurdinaga,2,2,3
2024-03-29,21,W290069950,Deusto,2,2,2
2024-03-29,21,W41415573,Errekalde,2,2,4
2024-03-29,21,N4060532216,Otxarkoaga-Txurdinaga,1,2,4
2024-03-29,21,N5056088727,Ibaiondo,1,1,6
2024-03-29,21,N5056421870,Deusto,1,1,3
2024-03-29,21,W123440625,Uribarri,1,1,5
2024-03-29,21,W162445376,Uribarri,1,1,6
2024-03-29,21,W305622069,Begona,1,1,3
2024-03-29,21,W376396126,Ibaiondo,1,1,7
2024-03-29,22,N4060532227,Uribarri,25,25,1
2024-03-29,22,N4060532217,Otxarkoaga-Txurdinaga,10,10,1
2024-03-29,22,W485363913,Ibaiondo,7,7,1
2024-03-29,22,N4508853267,Uribarri,4,4,2
2024-03-29,22,N5056379164,Abando,3,3,1
2024-03-29,22,N5301954699,Basurtu-Zorrotza,3,3,1
2024-03-29,22,W28776478,Abando,3,3,2
2024-03-29,22,W397099000,Ibaiondo,3,3,2
2024-03-29,22,W44113519,Abando,3,3,3
2024-03-29,22,N4060532216,Otxarkoaga-Txurdinaga,2,2,2
2024-03-29,22,W123440604,Uribarri,2,2,3
2024-03-29,22,W164512079,Otxarkoaga-Txurdinaga,2,2,3
2024-03-29,22,W290069950,Deusto,2,2,1
2024-03-29,22,W123440625,Uribarri,1,1,4
2024-03-29,22,W162445376,Uribarri,1,1,5
2024-03-29,23,N4060532227,Uribarri,25,25,1
2024-03-29,23,N4060532217,Otxarkoaga-Txurdinaga,10,10,1
2024-03-29,23,W485363913,Ibaiondo,7,7,1
2024-03-29,23,N4508853267,Uribarri,4,4,2
2024-03-29,23,N5056379164,Abando,3,3,1
2024-03-29,23,N5301954699,Basurtu-Zorrotza,3,3,1
2024-03-29,23,W28776478,Abando,3,3,2
2024-03-29,23,W44113519,Abando,3,3,3
2024-03-29,23,N4060532216,Otxarkoaga-Txurdinaga,2,2,2
2024-03-30,5,W28776478,Abando,3,3,1
2024-03-30,6,N4060532227,Uribarri,25,25,1
2024-03-30,6,N4060532217,Otxarkoaga-Txurdinaga,10,10,1
2024-03-30,6,W485363913,Ibaiondo,7,7,1
2024-03-30,6,N4508853267,Uribarri,4,4,2
2024-03-30,6,N5056379164,Abando,3,3,1
2024-03-30,6,N5301954699,Basurtu-Zorrotza,3,3,1
2024-03-30,6,W28776478,Abando,3,3,2
2024-03-30,6,W44113519,Abando,3,3,3
2024-03-30,6,N4060532216,Otxarkoaga-Txurdinaga,2,2,2
2024-03-30,7,N4060532227,Uribarri,25,25,1
2024-03-30,7,N4060532217,Otxarkoaga-Txurdinaga,10,10,1
2024-03-30,7,W485363913,Ibaiondo,7,7,1
2024-03-30,7,N4508853267,Uribarri,4,4,2
2024-03-30,7,N5056379164,Abando,3,3,1
2024-03-30,7,N5301954699,Basurtu-Zorrotza,3,3,1
2024-03-30,7,W28776478,Abando,3,3,2
2024-03-30,7,W44113519,Abando,3,3,3
2024-03-30,7,N4060532216,Otxarkoaga-Txurdinaga,2,2,2
2024-03-30,8,N4060532227,Uribarri,25,25,1
2024-03-30,8,N5056355015,Uribarri,15,15,2
2024-03-30,8,N4060532217,Otxarkoaga-Txurdinaga,10,10,1
2024-03-30,8,N5056356248,Uribarri,10,10,3
2024-03-30,8,W485363913,Ibaiondo,7,7,1
2024-03-30,8,W164510985,Otxarkoaga-Txurdinaga,4,8,2
2024-03-30,8,N4508853267,Uribarri,4,4,4
2024-03-30,8,N4254043797,Deusto,3,3,1
2024-03-30,8,N5056379164,Abando,3,3,1
2024-03-30,8,N5056437799,Deusto,3,3,2
2024-03-30,8,N5301954699,Basurtu-Zorrotza,3,3,1
2024-03-30,8,W28776478,Abando,3,3,2
2024-03-30,8,W44113519,Abando,3,3,3
2024-03-30,8,N4060532216,Otxarkoaga-Txurdinaga,2,2,3
2024-03-30,8,N5056184623,Errekalde,2,2,1
2024-03-30,8,W123440604,Uribarri,2,2,5
2024-03-30,8,W41688628,Abando,2,2,4
2024-03-30,8,W123440625,Uribarri,1,1,6
2024-03-30,9,N4060532227,Uribarri,25,25,1
2024-03-30,9,W110895854,Abando,19,19,1
2024-03-30,9,N5056355015,Uribarri,15,15,2
2024-03-30,9,W108504682,Abando,14,14,2
2024-03-30,9,N4060532217,Otxarkoaga-Txurdinaga,10,10,1
2024-03-30,9,N5056356248,Uribarri,10,10,3
2024-03-30,9,N11229801356,Ibaiondo,8,8,1
2024-03-30,9,W420558992,Ibaiondo,8,8,2
2024-03-30,9,W485363913,Ibaiondo,7,7,3
2024-03-30,9,W96337695,Abando,5,5,3
2024-03-30,9,W164510985,Otxarkoaga-Txurdinaga,4,8,2
2024-03-30,9,N4508853267,Uribarri,4,4,4
2024-03-30,9,N9607391207,Begona,4,4,1
2024-03-30,9,W185205688,Deusto,4,4,1
2024-03-30,9,N11229807742,Basurtu-Zorrotza,3,3,1
2024-03-30,9,N4254043797,Deusto,3,3,2
2024-03-30,9,N5056379164,Abando,3,3,4
2024-03-30,9,N5056437799,Deusto,3,3,3
2024-03-30,9,N5301954699,Basurtu-Zorrotza,3,3,2
2024-03-30,9,W28776478,Abando,3,3,5
2024-03-30,9,W397099000,Ibaiondo,3,3,4
2024-03-30,9,W44113519,Abando,3,3,6
2024-03-30,9,N4060532216,Otxarkoaga-Txurdinaga,2,2,3
2024-03-30,9,N5056184623,Errekalde,2,2,1
2024-03-30,9,W123440604,Uribarri,2,2,5
2024-03-30,9,W164512079,Otxarkoaga-Txurdinaga,2,2,4
2024-03-30,9,W290069950,Deusto,2,2,4
2024-03-30,9,W41415573,Errekalde,2,2,2
2024-03-30,9,W41688628,Abando,2,2,7
2024-03-30,9,W123440625,Uribarri,1,1,6
2024-03-30,9,W162445376,Uribarri,1,1,7
2024-03-30,9,W305622069,Begona,1,1,2
2024-03-30,9,W376396126,Ibaiondo,1,1,5
2024-03-30,10,W108497734,Ibaiondo,41,41,1
2024-03-30,10,N4060532227,Uribarri,25,25,1
2024-03-30,10,W110895854,Abando,19,19,1
2024-03-30,10,N5056355015,Uribarri,15,15,2
2024-03-30,10,W108504682,Abando,14,14,2
2024-03-30,10,N4060532217,Otxarkoaga-Txurdinaga,10,10,1
2024-03-30,10,N5056356248,Uribarri,10,10,3
2024-03-30,10,W28211432,Abando,9,9,3
2024-03-30,10,W44016098,Abando,9,9,4
2024-03-30,10,N11229801356,Ibaiondo,8,8,2
2024-03-30,10,W420558992,Ibaiondo,8,8,3
2024-03-30,10,W404432093,Ibaiondo,7,7,4
2024-03-30,10,W485363913,Ibaiondo,7,7,5
2024-03-30,10,N1271964866,Abando,5,5,5
2024-03-30,10,W96337695,Abando,5,5,6
2024-03-30,10,W164510985,Otxarkoaga-Txurdinaga,4,8,2
2024-03-30,10,W41525574,Ibaiondo,4,5,6
2024-03-30,10,N4508853267,Uribarri,4,4,4
2024-03-30,10,N9607391207,Begona,4,4,1
2024-03-30,10,W185205688,Deusto,4,4,1
2024-03-30,10,N11229807742,Basurtu-Zorrotza,3,3,1
2024-03-30,10,N4254043797,Deusto,3,3,2
2024-03-30,10,N5056379164,Abando,3,3,7
2024-03-30,10,N5056437799,Deusto,3,3,3
2024-03-30,10,N5301954699,Basurtu-Zorrotza,3,3,2
2024-03-30,10,W397099000,Ibaiondo,3,3,7
2024-03-30,10,W44113519,Abando,3,3,8
2024-03-30,10,N4060532216,Otxarkoaga-Txurdinaga,2,2,3
2024-03-30,10,N5056184623,Errekalde,2,2,1
2024-03-30,10,W123440604,Uribarri,2,2,5
2024-03-30,10,W164512079,Otxarkoaga-Txurdinaga,2,2,4
2024-03-30,10,W290069950,Deusto,2,2,4
2024-03-30,10,W41415573,Errekalde,2,2,2
2024-03-30,10,W41688628,Abando,2,2,9
2024-03-30,10,W123440625,Uribarri,1,1,6
2024-03-30,10,W162445376,Uribarri,1,1,7
2024-03-30,10,W305622069,Begona,1,1,2
2024-03-30,10,W376396126,Ibaiondo,1,1,8
2024-03-30,11,W108497734,Ibaiondo,41,41,1
2024-03-30,11,N4060532227,Uribarri,25,25,1
2024-03-30,11,N3207631929,Abando,19,19,1
2024-03-30,11,W110895854,Abando,19,19,2
2024-03-30,11,N5056355015,Uribarri,15,15,2
2024-03-30,11,W108504682,Abando,13,14,3
2024-03-30,11,N4060532217,Otxarkoaga-Txurdinaga,10,10,1
2024-03-30,11,N5056356248,Uribarri,10,10,3
2024-03-30,11,W163196945,Basurtu-Zorrotza,10,10,1
2024-03-30,11,N4762096882,Abando,9,9,4
2024-03-30,11,W28211432,Abando,9,9,5
2024-03-30,11,W44016098,Abando,9,9,6
2024-03-30,11,N11229801356,Ibaiondo,8,8,2
2024-03-30,11,W420558992,Ibaiondo,8,8,3
2024-03-30,11,W404432093,Ibaiondo,7,7,4
2024-03-30,11,W485363913,Ibaiondo,7,7,5
2024-03-30,11,N1271964866,Abando,5,5,7
2024-03-30,11,N518227646,Abando,5,5,8
2024-03-30,11,W96337695,Abando,5,5,9
2024-03-30,11,W164510985,Otxarkoaga-Txurdinaga,4,8,2
2024-03-30,11,W41525574,Ibaiondo,4,5,6
2024-03-30,11,N4508853267,Uribarri,4,4,4
2024-03-30,11,N9607391207,Begona,4,4,1
2024-03-30,11,W185205688,Deusto,4,4,1
2024-03-30,11,N11229807742,Basurtu-Zorrotza,3,3,2
2024-03-30,11,N4254043797,Deusto,3,3,2
2024-03-30,11,N5056379164,Abando,3,3,10
2024-03-30,11,N5056437799,Deusto,3,3,3
2024-03-30,11,N5301954699,Basurtu-Zorrotza,3,3,3
2024-03-30,11,W397099000,Ibaiondo,3,3,7
2024-03-30,11,W44113519,Abando,3,3,11
2024-03-30,11,N4060532216,Otxarkoaga-Txurdinaga,2,2,3
2024-03-30,11,N5056184623,Errekalde,2,2,1
2024-03-30,11,W123440604,Uribarri,2,2,5
2024-03-30,11,W164512079,Otxarkoaga-Txurdinaga,2,2,4
2024-03-30,11,W290069950,Deusto,2,2,4
2024-03-30,11,W41415573,Errekalde,2,2,2
2024-03-30,11,W41688628,Abando,2,2,12
2024-03-30,11,W123440625,Uribarri,1,1,6
2024-03-30,11,W162445376,Uribarri,1,1,7
2024-03-30,11,W305622069,Begona,1,1,2
2024-03-30,11,W376396126,Ibaiondo,1,1,8
2024-03-30,12,W108497734,Ibaiondo,41,41,1
2024-03-30,12,N4060532227,Uribarri,25,25,1
2024-03-30,12,N3207631929,Abando,19,19,1
2024-03-30,12,W110895854,Abando,19,19,2
2024-03-30,12,N5056355015,Uribarri,15,15,2
2024-03-30,12,W108504682,Abando,13,14,3
2024-03-30,12,N4060532217,Otxarkoaga-Txurdinaga,10,10,1
2024-03-30,12,N5056356248,Uribarri,10,10,3
2024-03-30,12,W163196945,Basurtu-Zorrotza,10,10,1
2024-03-30,12,N4762096882,Abando,9,9,4
2024-03-30,12,W28211432,Abando,9,9,5
2024-03-30,12,W44016098,Abando,9,9,6
2024-03-30,12,N11229801356,Ibaiondo,8,8,2
2024-03-30,12,W420558992,Ibaiondo,8,8,3
2024-03-30,12,W404432093,Ibaiondo,7,7,4
2024-03-30,12,W485363913,Ibaiondo,7,7,5
2024-03-30,12,N1271964866,Abando,5,5,7
2024-03-30,12,N518227646,Abando,5,5,8
2024-03-30,12,W96337695,Abando,5,5,9
2024-03-30,12,W164510985,Otxarkoaga-Txurdinaga,4,8,2
2024-03-30,12,W41525574,Ibaiondo,4,5,6
2024-03-30,12,N4508853267,Uribarri,4,4,4
2024-03-30,12,N9607391207,Begona,4,4,1
2024-03-30,12,W185205688,Deusto,4,4,1
2024-03-30,12,N11229807742,Basurtu-Zorrotza,3,3,2
2024-03-30,12,N4254043797,Deusto,3,3,2
2024-03-30,12,N5056379164,Abando,3,3,10
2024-03-30,12,N5056437799,Deusto,3,3,3
2024-03-30,12,N5301954699,Basurtu-Zorrotza,3,3,3
2024-03-30,12,W397099000,Ibaiondo,3,3,7
2024-03-30,12,W44113519,Abando,3,3,11
2024-03-30,12,N4060532216,Otxarkoaga-Txurdinaga,2,2,3
2024-03-30,12,N5056184623,Errekalde,2,2,1
2024-03-30,12,W123440604,Uribarri,2,2,5
2024-03-30,12,W164512079,Otxarkoaga-Txurdinaga,2,2,4
2024-03-30,12,W290069950,Deusto,2,2,4
2024-03-30,12,W41415573,Errekalde,2,2,2
2024-03-30,12,W41688628,Abando,2,2,12
2024-03-30,12,W123440625,Uribarri,1,1,6
2024-03-30,12,W162445376,Uribarri,1,1,7
2024-03-30,12,W305622069,Begona,1,1,2
2024-03-30,12,W376396126,Ibaiondo,1,1,8
2024-03-30,13,W108497734,Ibaiondo,41,41,1
2024-03-30,13,N4060532227,Uribarri,25,25,1
2024-03-30,13,N3207631929,Abando,19,19,1
2024-03-30,13,W110895854,Abando,19,19,2
2024-03-30,13,N5056355015,Uribarri,15,15,2
2024-03-30,13,W108504682,Abando,13,14,3
2024-03-30,13,N4060532217,Otxarkoaga-Txurdinaga,10,10,1
2024-03-30,13,N5056356248,Uribarri,10,10,3
2024-03-30,13,W163196945,Basurtu-Zorrotza,10,10,1
2024-03-30,13,N4762096882,Abando,9,9,4
2024-03-30,13,W28211432,Abando,9,9,5
2024-03-30,13,W44016098,Abando,9,9,6
2024-03-30,13,N11229801356,Ibaiondo,8,8,2
2024-03-30,13,W420558992,Ibaiondo,8,8,3
2024-03-30,13,W404432093,Ibaiondo,7,7,4
2024-03-30,13,W485363913,Ibaiondo,7,7,5
2024-03-30,13,N1271964866,Abando,5,5,7
2024-03-30,13,N518227646,Abando,5,5,8
2024-03-30,13,W96337695,Abando,5,5,9
2024-03-30,13,W164510985,Otxarkoaga-Txurdinaga,4,8,2
2024-03-30,13,N4508853267,Uribarri,4,4,4
2024-03-30,13,N9607391207,Begona,4,4,1
2024-03-30,13,W185205688,Deusto,4,4,1
2024-03-30,13,N11229807742,Basurtu-Zorrotza,3,3,2
2024-03-30,13,N4254043797,Deusto,3,3,2
2024-03-30,13,N5056379164,Abando,3,3,10
2024-03-30,13,N5056437799,Deusto,3,3,3
2024-03-30,13,N5301954699,Basurtu-Zorrotza,3,3,3
2024-03-30,13,W397099000,Ibaiondo,3,3,6
2024-03-30,13,W44113519,Abando,3,3,11
2024-03-30,13,N4060532216,Otxarkoaga-Txurdinaga,2,2,3
2024-03-30,13,N5056184623,Errekalde,2,2,1
2024-03-30,13,W123440604,Uribarri,2,2,5
2024-03-30,13,W164512079,Otxarkoaga-Txurdinaga,2,2,4
2024-03-30,13,W290069950,Deusto,2,2,4
2024-03-30,13,W41415573,Errekalde,2,2,2
2024-03-30,13,W41688628,Abando,2,2,12
2024-03-30,13,W123440625,Uribarri,1,1,6
2024-03-30,13,W162445376,Uribarri,1,1,7
2024-03-30,13,W305622069,Begona,1,1,2
2024-03-30,13,W376396126,Ibaiondo,1,1,7
2024-03-30,14,W108497734,Ibaiondo,41,41,1
2024-03-30,14,N4060532227,Uribarri,25,25,1
2024-03-30,14,N3207631929,Abando,19,19,1
2024-03-30,14,W110895854,Abando,19,19,2
2024-03-30,14,N5056355015,Uribarri,15,15,2
2024-03-30,14,N4060532217,Otxarkoaga-Txurdinaga,10,10,1
2024-03-30,14,N5056356248,Uribarri,10,10,3
2024-03-30,14,N4762096882,Abando,9,9,3
2024-03-30,14,W28211432,Abando,9,9,4
2024-03-30,14,W44016098,Abando,9,9,5
2024-03-30,14,N11229801356,Ibaiondo,8,8,2
2024-03-30,14,W420558992,Ibaiondo,8,8,3
2024-03-30,14,W404432093,Ibaiondo,7,7,4
2024-03-30,14,W485363913,Ibaiondo,7,7,5
2024-03-30,14,N1271964866,Abando,5,5,6
2024-03-30,14,N518227646,Abando,5,5,7
2024-03-30,14,W96337695,Abando,5,5,8
2024-03-30,14,W164510985,Otxarkoaga-Txurdinaga,4,8,2
2024-03-30,14,N4508853267,Uribarri,4,4,4
2024-03-30,14,N9607391207,Begona,4,4,1
2024-03-30,14,W185205688,Deusto,4,4,1
2024-03-30,14,N11229807742,Basurtu-Zorrotza,3,3,1
2024-03-30,14,N4254043797,Deusto,3,3,2
2024-03-30,14,N5056379164,Abando,3,3,9
2024-03-30,14,N5056437799,Deusto,3,3,3
2024-03-30,14,N5301954699,Basurtu-Zorrotza,3,3,2
2024-03-30,14,W397099000,Ibaiondo,3,3,6
2024-03-30,14,W44113519,Abando,3,3,10
2024-03-30,14,N4060532216,Otxarkoaga-Txurdinaga,2,2,3
2024-03-30,14,N5056184623,Errekalde,2,2,1
2024-03-30,14,W123440604,Uribarri,2,2,5
2024-03-30,14,W164512079,Otxarkoaga-Txurdinaga,2,2,4
2024-03-30,14,W290069950,Deusto,2,2,4
2024-03-30,14,W41415573,Errekalde,2,2,2
2024-03-30,14,W41688628,Abando,2,2,11
2024-03-30,14,W123440625,Uribarri,1,1,6
2024-03-30,14,W162445376,Uribarri,1,1,7
2024-03-30,14,W305622069,Begona,1,1,2
2024-03-30,14,W376396126,Ibaiondo,1,1,7
2024-03-30,15,N4060532227,Uribarri,25,25,1
2024-03-30,15,W110895854,Abando,19,19,1
2024-03-30,15,N4060532217,Otxarkoaga-Txurdinaga,10,10,1
2024-03-30,15,W28211432,Abando,9,9,2
2024-03-30,15,W44016098,Abando,9,9,3
2024-03-30,15,W404432093,Ibaiondo,7,7,1
2024-03-30,15,W485363913,Ibaiondo,7,7,2
2024-03-30,15,N518227646,Abando,5,5,4
2024-03-30,15,W96337695,Abando,5,5,5
2024-03-30,15,N4508853267,Uribarri,4,4,2
2024-03-30,15,W185205688,Deusto,4,4,1
2024-03-30,15,N5056379164,Abando,3,3,6
2024-03-30,15,N5056437799,Deusto,3,3,2
2024-03-30,15,N5301954699,Basurtu-Zorrotza,3,3,1
2024-03-30,15,W397099000,Ibaiondo,3,3,3
2024-03-30,15,W44113519,Abando,3,3,7
2024-03-30,15,N4060532216,Otxarkoaga-Txurdinaga,2,2,2
2024-03-30,15,W123440604,Uribarri,2,2,3
2024-03-30,15,W290069950,Deusto,2,2,3
2024-03-30,15,W41415573,Errekalde,2,2,1
2024-03-30,15,W123440625,Uribarri,1,1,4
2024-03-30,15,W162445376,Uribarri,1,1,5
2024-03-30,15,W305622069,Begona,1,1,1
2024-03-30,15,W376396126,Ibaiondo,1,1,4
2024-03-30,16,N4060532227,Uribarri,25,25,1
2024-03-30,16,N3207631929,Abando,19,19,1
2024-03-30,16,W110895854,Abando,19,19,2
2024-03-30,16,N4060532217,Otxarkoaga-Txurdinaga,10,10,1
2024-03-30,16,W28211432,Abando,9,9,3
2024-03-30,16,W44016098,Abando,9,9,4
2024-03-30,16,W404432093,Ibaiondo,7,7,1
2024-03-30,16,W485363913,Ibaiondo,7,7,2
2024-03-30,16,N518227646,Abando,5,5,5
2024-03-30,16,W96337695,Abando,5,5,6
2024-03-30,16,N4508853267,Uribarri,4,4,2
2024-03-30,16,W185205688,Deusto,4,4,1
2024-03-30,16,N5056379164,Abando,3,3,7
2024-03-30,16,N5301954699,Basurtu-Zorrotza,3,3,1
2024-03-30,16,W397099000,Ibaiondo,3,3,3
2024-03-30,16,W44113519,Abando,3,3,8
2024-03-30,16,N4060532216,Otxarkoaga-Txurdinaga,2,2,2
2024-03-30,16,W123440604,Uribarri,2,2,3
2024-03-30,16,W164512079,Otxarkoaga-Txurdinaga,2,2,3
2024-03-30,16,W290069950,Deusto,2,2,2
2024-03-30,16,W41415573,Errekalde,2,2,1
2024-03-30,16,W123440625,Uribarri,1,1,4
2024-03-30,16,W162445376,Uribarri,1,1,5
2024-03-30,16,W305622069,Begona,1,1,1
2024-03-30,16,W376396126,Ibaiondo,1,1,4
2024-03-30,17,N4060532227,Uribarri,25,25,1
2024-03-30,17,N3207631929,Abando,19,19,1
2024-03-30,17,W110895854,Abando,19,19,2
2024-03-30,17,N4060532217,Otxarkoaga-Txurdinaga,10,10,1
2024-03-30,17,W28211432,Abando,9,9,3
2024-03-30,17,W44016098,Abando,9,9,4
2024-03-30,17,W404432093,Ibaiondo,7,7,1
2024-03-30,17,W485363913,Ibaiondo,7,7,2
2024-03-30,17,N518227646,Abando,5,5,5
2024-03-30,17,W96337695,Abando,5,5,6
2024-03-30,17,N4508853267,Uribarri,4,4,2
2024-03-30,17,W185205688,Deusto,4,4,1
2024-03-30,17,N5056379164,Abando,3,3,7
2024-03-30,17,N5301954699,Basurtu-Zorrotza,3,3,1
2024-03-30,17,W397099000,Ibaiondo,3,3,3
2024-03-30,17,W44113519,Abando,3,3,8
2024-03-30,17,N4060532216,Otxarkoaga-Txurdinaga,2,2,2
2024-03-30,17,W123440604,Uribarri,2,2,3
2024-03-30,17,W164512079,Otxarkoaga-Txurdinaga,2,2,3
2024-03-30,17,W290069950,Deusto,2,2,2
2024-03-30,17,W41415573,Errekalde,2,2,1
2024-03-30,17,W123440625,Uribarri,1,1,4
2024-03-30,17,W162445376,Uribarri,1,1,5
2024-03-30,17,W305622069,Begona,1,1,1
2024-03-30,17,W376396126,Ibaiondo,1,1,4
2024-03-30,18,N4060532227,Uribarri,25,25,1
2024-03-30,18,N3207631929,Abando,19,19,1
2024-03-30,18,N4060532217,Otxarkoaga-Txurdinaga,10,10,1
2024-03-30,18,W163196945,Basurtu-Zorrotza,10,10,1
2024-03-30,18,N4762096882,Abando,9,9,2
2024-03-30,18,W28211432,Abando,9,9,3
2024-03-30,18,W44016098,Abando,9,9,4
2024-03-30,18,W404432093,Ibaiondo,7,7,1
2024-03-30,18,W485363913,Ibaiondo,7,7,2
2024-03-30,18,N1271964866,Abando,5,5,5
2024-03-30,18,N518227646,Abando,5,5,6
2024-03-30,18,W41525574,Ibaiondo,5,5,3
2024-03-30,18,W96337695,Abando,5,5,7
2024-03-30,18,N4508853267,Uribarri,4,4,2
2024-03-30,18,W185205688,Deusto,4,4,1
2024-03-30,18,N5056379164,Abando,3,3,8
2024-03-30,18,N5301954699,Basurtu-Zorrotza,3,3,2
2024-03-30,18,W397099000,Ibaiondo,3,3,4
2024-03-30,18,W44113519,Abando,3,3,9
2024-03-30,18,N4060532216,Otxarkoaga-Txurdinaga,2,2,2
2024-03-30,18,W123440604,Uribarri,2,2,3
2024-03-30,18,W164512079,Otxarkoaga-Txurdinaga,2,2,3
2024-03-30,18,W290069950,Deusto,2,2,2
2024-03-30,18,W41415573,Errekalde,2,2,1
2024-03-30,18,W123440625,Uribarri,1,1,4
2024-03-30,18,W162445376,Uribarri,1,1,5
2024-03-30,18,W305622069,Begona,1,1,1
2024-03-30,18,W376396126,Ibaiondo,1,1,5
2024-03-30,19,N4060532227,Uribarri,25,25,1
2024-03-30,19,N3207631929,Abando,19,19,1
2024-03-30,19,N4060532217,Otxarkoaga-Txurdinaga,10,10,1
2024-03-30,19,W163196945,Basurtu-Zorrotza,10,10,1
2024-03-30,19,N4762096882,Abando,9,9,2
2024-03-30,19,W28211432,Abando,9,9,3
2024-03-30,19,W44016098,Abando,9,9,4
2024-03-30,19,W404432093,Ibaiondo,7,7,1
2024-03-30,19,W485363913,Ibaiondo,7,7,2
2024-03-30,19,N1271964866,Abando,5,5,5
2024-03-30,19,N518227646,Abando,5,5,6
2024-03-30,19,W41525574,Ibaiondo,5,5,3
2024-03-30,19,W96337695,Abando,5,5,7
2024-03-30,19,N4508853267,Uribarri,4,4,2
2024-03-30,19,W185205688,Deusto,4,4,1
2024-03-30,19,N5056379164,Abando,3,3,8
2024-03-30,19,N5301954699,Basurtu-Zorrotza,3,3,2
2024-03-30,19,W397099000,Ibaiondo,3,3,4
2024-03-30,19,W44113519,Abando,3,3,9
2024-03-30,19,N4060532216,Otxarkoaga-Txurdinaga,2,2,2
2024-03-30,19,W123440604,Uribarri,2,2,3
2024-03-30,19,W164512079,Otxarkoaga-Txurdinaga,2,2,3
2024-03-30,19,W290069950,Deusto,2,2,2
2024-03-30,19,W41415573,Errekalde,2,2,1
2024-03-30,19,W123440625,Uribarri,1,1,4
2024-03-30,19,W162445376,Uribarri,1,1,5
2024-03-30,19,W305622069,Begona,1,1,1
2024-03-30,19,W376396126,Ibaiondo,1,1,5
2024-03-30,20,N4060532227,Uribarri,25,25,1
2024-03-30,20,N3207631929,Abando,19,19,1
2024-03-30,20,N4060532217,Otxarkoaga-Txurdinaga,10,10,1
2024-03-30,20,N4762096882,Abando,9,9,2
2024-03-30,20,W28211432,Abando,9,9,3
2024-03-30,20,W44016098,Abando,9,9,4
2024-03-30,20,W404432093,Ibaiondo,7,7,1
2024-03-30,20,W485363913,Ibaiondo,7,7,2
2024-03-30,20,N1271964866,Abando,5,5,5
2024-03-30,20,W96337695,Abando,5,5,6
2024-03-30,20,N4508853267,Uribarri,4,4,2
2024-03-30,20,W185205688,Deusto,4,4,1
2024-03-30,20,N5056379164,Abando,3,3,7
2024-03-30,20,N5301954699,Basurtu-Zorrotza,3,3,1
2024-03-30,20,W397099000,Ibaiondo,3,3,3
2024-03-30,20,W44113519,Abando,3,3,8
2024-03-30,20,N4060532216,Otxarkoaga-Txurdinaga,2,2,2
2024-03-30,20,W123440604,Uribarri,2,2,3
2024-03-30,20,W164512079,Otxarkoaga-Txurdinaga,2,2,3
2024-03-30,20,W290069950,Deusto,2,2,2
2024-03-30,20,W41415573,Errekalde,2,2,1
2024-03-30,20,W123440625,Uribarri,1,1,4
2024-03-30,20,W162445376,Uribarri,1,1,5
2024-03-30,20,W305622069,Begona,1,1,1
2024-03-30,20,W376396126,Ibaiondo,1,1,4
2024-03-30,21,N4060532227,Uribarri,25,25,1
2024-03-30,21,N4060532217,Otxarkoaga-Txurdinaga,10,10,1
2024-03-30,21,W44016098,Abando,9,9,1
2024-03-30,21,W485363913,Ibaiondo,7,7,1
2024-03-30,21,W96337695,Abando,5,5,2
2024-03-30,21,N4508853267,Uribarri,4,4,2
2024-03-30,21,W185205688,Deusto,4,4,1
2024-03-30,21,N5056379164,Abando,3,3,3
2024-03-30,21,N5301954699,Basurtu-Zorrotza,3,3,1
2024-03-30,21,W397099000,Ibaiondo,3,3,2
2024-03-30,21,W44113519,Abando,3,3,4
2024-03-30,21,N4060532216,Otxarkoaga-Txurdinaga,2,2,2
2024-03-30,21,W123440604,Uribarri,2,2,3
2024-03-30,21,W164512079,Otxarkoaga-Txurdinaga,2,2,3
2024-03-30,21,W290069950,Deusto,2,2,2
2024-03-30,21,W41415573,Errekalde,2,2,1
2024-03-30,21,W123440625,Uribarri,1,1,4
2024-03-30,21,W162445376,Uribarri,1,1,5
2024-03-30,21,W305622069,Begona,1,1,1
2024-03-30,21,W376396126,Ibaiondo,1,1,3
2024-03-30,22,N4060532227,Uribarri,25,25,1
2024-03-30,22,N4060532217,Otxarkoaga-Txurdinaga,10,10,1
2024-03-30,22,W485363913,Ibaiondo,7,7,1
2024-03-30,22,N4508853267,Uribarri,4,4,2
2024-03-30,22,W185205688,Deusto,4,4,1
2024-03-30,22,N5056379164,Abando,3,3,1
2024-03-30,22,N5301954699,Basurtu-Zorrotza,3,3,1
2024-03-30,22,W28776478,Abando,3,3,2
2024-03-30,22,W397099000,Ibaiondo,3,3,2
2024-03-30,22,W44113519,Abando,3,3,3
2024-03-30,22,N4060532216,Otxarkoaga-Txurdinaga,2,2,2
2024-03-30,22,W123440604,Uribarri,2,2,3
2024-03-30,22,W290069950,Deusto,2,2,2
2024-03-30,22,W41415573,Errekalde,2,2,1
2024-03-30,22,W123440625,Uribarri,1,1,4
2024-03-30,22,W162445376,Uribarri,1,1,5
2024-03-30,22,W305622069,Begona,1,1,1
2024-03-30,22,W376396126,Ibaiondo,1,1,3
2024-03-30,23,N4060532227,Uribarri,25,25,1
2024-03-30,23,N4060532217,Otxarkoaga-Txurdinaga,10,10,1
2024-03-30,23,W485363913,Ibaiondo,7,7,1
2024-03-30,23,N4508853267,Uribarri,4,4,2
2024-03-30,23,N5056379164,Abando,3,3,1
2024-03-30,23,N5301954699,Basurtu-Zorrotza,3,3,1
2024-03-30,23,W28776478,Abando,3,3,2
2024-03-30,23,W44113519,Abando,3,3,3
2024-03-30,23,N4060532216,Otxarkoaga-Txurdinaga,2,2,2
2024-03-31,0,N4060532227,Uribarri,25,25,1
2024-03-31,0,N4060532217,Otxarkoaga-Txurdinaga,10,10,1
2024-03-31,0,W485363913,Ibaiondo,7,7,1
2024-03-31,0,N4508853267,Uribarri,4,4,2
2024-03-31,0,N4060532216,Otxarkoaga-Txurdinaga,2,2,2
2024-03-31,1,N4060532227,Uribarri,25,25,1
2024-03-31,1,N4060532217,Otxarkoaga-Txurdinaga,10,10,1
2024-03-31,1,W485363913,Ibaiondo,7,7,1
2024-03-31,1,N4508853267,Uribarri,4,4,2
2024-03-31,1,N4060532216,Otxarkoaga-Txurdinaga,2,2,2
2024-03-31,2,N4060532227,Uribarri,25,25,1
2024-03-31,2,N4060532217,Otxarkoaga-Txurdinaga,10,10,1
2024-03-31,2,W485363913,Ibaiondo,7,7,1
2024-03-31,2,N4508853267,Uribarri,4,4,2
2024-03-31,2,N4060532216,Otxarkoaga-Txurdinaga,2,2,2
2024-03-31,3,N4060532227,Uribarri,25,25,1
2024-03-31,3,N4060532217,Otxarkoaga-Txurdinaga,10,10,1
2024-03-31,3,W485363913,Ibaiondo,7,7,1
2024-03-31,3,N4508853267,Uribarri,4,4,2
2024-03-31,3,N4060532216,Otxarkoaga-Txurdinaga,2,2,2
2024-03-31,4,N4060532227,Uribarri,25,25,1
2024-03-31,4,N4060532217,Otxarkoaga-Txurdinaga,10,10,1
2024-03-31,4,W485363913,Ibaiondo,7,7,1
2024-03-31,4,N4508853267,Uribarri,4,4,2
2024-03-31,4,N4060532216,Otxarkoaga-Txurdinaga,2,2,2
2024-03-31,5,N4060532227,Uribarri,25,25,1
2024-03-31,5,N4060532217,Otxarkoaga-Txurdinaga,10,10,1
2024-03-31,5,W485363913,Ibaiondo,7,7,1
2024-03-31,5,N4508853267,Uribarri,4,4,2
2024-03-31,5,W28776478,Abando,3,3,1
2024-03-31,5,N4060532216,Otxarkoaga-Txurdinaga,2,2,2
2024-03-31,6,N4060532227,Uribarri,25,25,1
2024-03-31,6,N4060532217,Otxarkoaga-Txurdinaga,10,10,1
2024-03-31,6,W485363913,Ibaiondo,7,7,1
2024-03-31,6,N4508853267,Uribarri,4,4,2
2024-03-31,6,N5056379164,Abando,3,3,1
2024-03-31,6,N5301954699,Basurtu-Zorrotza,3,3,1
2024-03-31,6,W28776478,Abando,3,3,2
2024-03-31,6,W44113519,Abando,3,3,3
2024-03-31,6,N4060532216,Otxarkoaga-Txurdinaga,2,2,2
2024-03-31,7,N4060532227,Uribarri,25,25,1
2024-03-31,7,N4060532217,Otxarkoaga-Txurdinaga,10,10,1
2024-03-31,7,W485363913,Ibaiondo,7,7,1
2024-03-31,7,N4508853267,Uribarri,4,4,2
2024-03-31,7,N5056379164,Abando,3,3,1
2024-03-31,7,N5301954699,Basurtu-Zorrotza,3,3,1
2024-03-31,7,W28776478,Abando,3,3,2
2024-03-31,7,W44113519,Abando,3,3,3
2024-03-31,7,N4060532216,Otxarkoaga-Txurdinaga,2,2,2
2024-03-31,8,N4060532227,Uribarri,25,25,1
2024-03-31,8,N4060532217,Otxarkoaga-Txurdinaga,10,10,1
2024-03-31,8,W485363913,Ibaiondo,7,7,1
2024-03-31,8,N4508853267,Uribarri,4,4,2
2024-03-31,8,N5056379164,Abando,3,3,1
2024-03-31,8,N5301954699,Basurtu-Zorrotza,3,3,1
2024-03-31,8,W28776478,Abando,3,3,2
2024-03-31,8,W44113519,Abando,3,3,3
2024-03-31,8,N4060532216,Otxarkoaga-Txurdinaga,2,2,2
2024-03-31,9,N4060532227,Uribarri,25,25,1
2024-03-31,9,N4060532217,Otxarkoaga-Txurdinaga,10,10,1
2024-03-31,9,W485363913,Ibaiondo,7,7,1
2024-03-31,9,W96337695,Abando,5,5,1
2024-03-31,9,N4508853267,Uribarri,4,4,2
2024-03-31,9,W185205688,Deusto,4,4,1
2024-03-31,9,N5056379164,Abando,3,3,2
2024-03-31,9,N5301954699,Basurtu-Zorrotza,3,3,1
2024-03-31,9,W28776478,Abando,3,3,3
2024-03-31,9,W397099000,Ibaiondo,3,3,2
2024-03-31,9,W44113519,Abando,3,3,4
2024-03-31,9,N4060532216,Otxarkoaga-Txurdinaga,2,2,2
2024-03-31,9,W123440604,Uribarri,2,2,3
2024-03-31,9,W290069950,Deusto,2,2,2
2024-03-31,9,W41415573,Errekalde,2,2,1
2024-03-31,9,W123440625,Uribarri,1,1,4
2024-03-31,9,W162445376,Uribarri,1,1,5
2024-03-31,9,W305622069,Begona,1,1,1
2024-03-31,9,W376396126,Ibaiondo,1,1,3
2024-03-31,10,N4060532227,Uribarri,25,25,1
2024-03-31,10,N4060532217,Otxarkoaga-Txurdinaga,10,10,1
2024-03-31,10,W28211432,Abando,9,9,1
2024-03-31,10,W404432093,Ibaiondo,7,7,1
2024-03-31,10,W485363913,Ibaiondo,7,7,2
2024-03-31,10,N1271964866,Abando,5,5,2
2024-03-31,10,W41525574,Ibaiondo,5,5,3
2024-03-31,10,W96337695,Abando,5,5,3
2024-03-31,10,N4508853267,Uribarri,4,4,2
2024-03-31,10,W185205688,Deusto,4,4,1
2024-03-31,10,N5056379164,Abando,3,3,4
2024-03-31,10,N5301954699,Basurtu-Zorrotza,3,3,1
2024-03-31,10,W28776478,Abando,3,3,5
2024-03-31,10,W397099000,Ibaiondo,3,3,4
2024-03-31,10,W44113519,Abando,3,3,6
2024-03-31,10,N4060532216,Otxarkoaga-Txurdinaga,2,2,2
2024-03-31,10,W123440604,Uribarri,2,2,3
2024-03-31,10,W290069950,Deusto,2,2,2
2024-03-31,10,W41415573,Errekalde,2,2,1
2024-03-31,10,W123440625,Uribarri,1,1,4
2024-03-31,10,W162445376,Uribarri,1,1,5
2024-03-31,10,W305622069,Begona,1,1,1
2024-03-31,10,W376396126,Ibaiondo,1,1,5
2024-03-31,11,N4060532227,Uribarri,25,25,1
2024-03-31,11,N3207631929,Abando,19,19,1
2024-03-31,11,N4060532217,Otxarkoaga-Txurdinaga,10,10,1
2024-03-31,11,W163196945,Basurtu-Zorrotza,10,10,1
2024-03-31,11,N4762096882,Abando,9,9,2
2024-03-31,11,W28211432,Abando,9,9,3
2024-03-31,11,W404432093,Ibaiondo,7,7,1
2024-03-31,11,W485363913,Ibaiondo,7,7,2
2024-03-31,11,N1271964866,Abando,5,5,4
2024-03-31,11,N518227646,Abando,5,5,5
2024-03-31,11,W41525574,Ibaiondo,5,5,3
2024-03-31,11,W96337695,Abando,5,5,6
2024-03-31,11,N4508853267,Uribarri,4,4,2
2024-03-31,11,W185205688,Deusto,4,4,1
2024-03-31,11,N5056379164,Abando,3,3,7
2024-03-31,11,N5301954699,Basurtu-Zorrotza,3,3,2
2024-03-31,11,W28776478,Abando,3,3,8
2024-03-31,11,W397099000,Ibaiondo,3,3,4
2024-03-31,11,W44113519,Abando,3,3,9
2024-03-31,11,N4060532216,Otxarkoaga-Txurdinaga,2,2,2
2024-03-31,11,W123440604,Uribarri,2,2,3
2024-03-31,11,W290069950,Deusto,2,2,2
2024-03-31,11,W41415573,Errekalde,2,2,1
2024-03-31,11,W123440625,Uribarri,1,1,4
2024-03-31,11,W162445376,Uribarri,1,1,5
2024-03-31,11,W305622069,Begona,1,1,1
2024-03-31,11,W376396126,Ibaiondo,1,1,5
2024-03-31,12,N4060532227,Uribarri,25,25,1
2024-03-31,12,N3207631929,Abando,19,19,1
2024-03-31,12,N4060532217,Otxarkoaga-Txurdinaga,10,10,1
2024-03-31,12,W163196945,Basurtu-Zorrotza,10,10,1
2024-03-31,12,N4762096882,Abando,9,9,2
2024-03-31,12,W28211432,Abando,9,9,3
2024-03-31,12,W404432093,Ibaiondo,7,7,1
2024-03-31,12,W485363913,Ibaiondo,7,7,2
2024-03-31,12,N1271964866,Abando,5,5,4
2024-03-31,12,N518227646,Abando,5,5,5
2024-03-31,12,W41525574,Ibaiondo,5,5,3
2024-03-31,12,W96337695,Abando,5,5,6
2024-03-31,12,N4508853267,Uribarri,4,4,2
2024-03-31,12,W185205688,Deusto,4,4,1
2024-03-31,12,N5056379164,Abando,3,3,7
2024-03-31,12,N5301954699,Basurtu-Zorrotza,3,3,2
2024-03-31,12,W28776478,Abando,3,3,8
2024-03-31,12,W397099000,Ibaiondo,3,3,4
2024-03-31,12,W44113519,Abando,3,3,9
2024-03-31,12,N4060532216,Otxarkoaga-Txurdinaga,2,2,2
2024-03-31,12,W123440604,Uribarri,2,2,3
2024-03-31,12,W290069950,Deusto,2,2,2
2024-03-31,12,W41415573,Errekalde,2,2,1
2024-03-31,12,W123440625,Uribarri,1,1,4
2024-03-31,12,W162445376,Uribarri,1,1,5
2024-03-31,12,W305622069,Begona,1,1,1
2024-03-31,12,W376396126,Ibaiondo,1,1,5
2024-03-31,13,N4060532227,Uribarri,25,25,1
2024-03-31,13,N3207631929,Abando,19,19,1
2024-03-31,13,N4060532217,Otxarkoaga-Txurdinaga,10,10,1
2024-03-31,13,W163196945,Basurtu-Zorrotza,10,10,1
2024-03-31,13,N4762096882,Abando,9,9,2
2024-03-31,13,W28211432,Abando,9,9,3
2024-03-31,13,W404432093,Ibaiondo,7,7,1
2024-03-31,13,W485363913,Ibaiondo,7,7,2
2024-03-31,13,N1271964866,Abando,5,5,4
2024-03-31,13,N518227646,Abando,5,5,5
2024-03-31,13,W96337695,Abando,5,5,6
2024-03-31,13,N4508853267,Uribarri,4,4,2
2024-03-31,13,W185205688,Deusto,4,4,1
2024-03-31,13,N5056379164,Abando,3,3,7
2024-03-31,13,N5301954699,Basurtu-Zorrotza,3,3,2
2024-03-31,13,W28776478,Abando,3,3,8
2024-03-31,13,W397099000,Ibaiondo,3,3,3
2024-03-31,13,W44113519,Abando,3,3,9
2024-03-31,13,N4060532216,Otxarkoaga-Txurdinaga,2,2,2
2024-03-31,13,W123440604,Uribarri,2,2,3
2024-03-31,13,W290069950,Deusto,2,2,2
2024-03-31,13,W41415573,Errekalde,2,2,1
2024-03-31,13,W123440625,Uribarri,1,1,4
2024-03-31,13,W162445376,Uribarri,1,1,5
2024-03-31,13,W305622069,Begona,1,1,1
2024-03-31,13,W376396126,Ibaiondo,1,1,4
2024-03-31,14,N4060532227,Uribarri,25,25,1
2024-03-31,14,N3207631929,Abando,19,19,1
2024-03-31,14,N4060532217,Otxarkoaga-Txurdinaga,10,10,1
2024-03-31,14,N4762096882,Abando,9,9,2
2024-03-31,14,W28211432,Abando,9,9,3
2024-03-31,14,W404432093,Ibaiondo,7,7,1
2024-03-31,14,W485363913,Ibaiondo,7,7,2
2024-03-31,14,N1271964866,Abando,5,5,4
2024-03-31,14,N518227646,Abando,5,5,5
2024-03-31,14,W96337695,Abando,5,5,6
2024-03-31,14,N4508853267,Uribarri,4,4,2
2024-03-31,14,W185205688,Deusto,4,4,1
2024-03-31,14,N5056379164,Abando,3,3,7
2024-03-31,14,N5301954699,Basurtu-Zorrotza,3,3,1
2024-03-31,14,W28776478,Abando,3,3,8
2024-03-31,14,W397099000,Ibaiondo,3,3,3
2024-03-31,14,W44113519,Abando,3,3,9
2024-03-31,14,N4060532216,Otxarkoaga-Txurdinaga,2,2,2
2024-03-31,14,W123440604,Uribarri,2,2,3
2024-03-31,14,W290069950,Deusto,2,2,2
2024-03-31,14,W41415573,Errekalde,2,2,1
2024-03-31,14,W123440625,Uribarri,1,1,4
2024-03-31,14,W162445376,Uribarri,1,1,5
2024-03-31,14,W305622069,Begona,1,1,1
2024-03-31,14,W376396126,Ibaiondo,1,1,4
2024-03-31,15,N4060532227,Uribarri,25,25,1
2024-03-31,15,N4060532217,Otxarkoaga-Txurdinaga,10,10,1
2024-03-31,15,W28211432,Abando,9,9,1
2024-03-31,15,W404432093,Ibaiondo,7,7,1
2024-03-31,15,W485363913,Ibaiondo,7,7,2
2024-03-31,15,N518227646,Abando,5,5,2
2024-03-31,15,W96337695,Abando,5,5,3
2024-03-31,15,N4508853267,Uribarri,4,4,2
2024-03-31,15,W185205688,Deusto,4,4,1
2024-03-31,15,N5056379164,Abando,3,3,4
2024-03-31,15,N5301954699,Basurtu-Zorrotza,3,3,1
2024-03-31,15,W28776478,Abando,3,3,5
2024-03-31,15,W397099000,Ibaiondo,3,3,3
2024-03-31,15,W44113519,Abando,3,3,6
2024-03-31,15,N4060532216,Otxarkoaga-Txurdinaga,2,2,2
2024-03-31,15,W123440604,Uribarri,2,2,3
2024-03-31,15,W290069950,Deusto,2,2,2
2024-03-31,15,W41415573,Errekalde,2,2,1
2024-03-31,15,W123440625,Uribarri,1,1,4
2024-03-31,15,W162445376,Uribarri,1,1,5
2024-03-31,15,W305622069,Begona,1,1,1
2024-03-31,15,W376396126,Ibaiondo,1,1,4
2024-03-31,16,N4060532227,Uribarri,25,25,1
2024-03-31,16,N4060532217,Otxarkoaga-Txurdinaga,10,10,1
2024-03-31,16,W485363913,Ibaiondo,7,7,1
2024-03-31,16,N518227646,Abando,5,5,1
2024-03-31,16,W96337695,Abando,5,5,2
2024-03-31,16,N4508853267,Uribarri,4,4,2
2024-03-31,16,N5056379164,Abando,3,3,3
2024-03-31,16,N5301954699,Basurtu-Zorrotza,3,3,1
2024-03-31,16,W28776478,Abando,3,3,4
2024-03-31,16,W44113519,Abando,3,3,5
2024-03-31,16,N4060532216,Otxarkoaga-Txurdinaga,2,2,2
2024-03-31,16,W123440604,Uribarri,2,2,3
2024-03-31,16,W290069950,Deusto,2,2,1
2024-03-31,16,W123440625,Uribarri,1,1,4
2024-03-31,16,W162445376,Uribarri,1,1,5
2024-03-31,17,N4060532227,Uribarri,25,25,1
2024-03-31,17,N4060532217,Otxarkoaga-Txurdinaga,10,10,1
2024-03-31,17,W485363913,Ibaiondo,7,7,1
2024-03-31,17,N518227646,Abando,5,5,1
2024-03-31,17,W96337695,Abando,5,5,2
2024-03-31,17,N4508853267,Uribarri,4,4,2
2024-03-31,17,N5056379164,Abando,3,3,3
2024-03-31,17,N5301954699,Basurtu-Zorrotza,3,3,1
2024-03-31,17,W28776478,Abando,3,3,4
2024-03-31,17,W44113519,Abando,3,3,5
2024-03-31,17,N4060532216,Otxarkoaga-Txurdinaga,2,2,2
2024-03-31,17,W123440604,Uribarri,2,2,3
2024-03-31,17,W290069950,Deusto,2,2,1
2024-03-31,17,W123440625,Uribarri,1,1,4
2024-03-31,17,W162445376,Uribarri,1,1,5
2024-03-31,18,N4060532227,Uribarri,25,25,1
2024-03-31,18,N4060532217,Otxarkoaga-Txurdinaga,10,10,1
2024-03-31,18,W163196945,Basurtu-Zorrotza,10,10,1
2024-03-31,18,N4762096882,Abando,9,9,1
2024-03-31,18,W485363913,Ibaiondo,7,7,1
2024-03-31,18,N518227646,Abando,5,5,2
2024-03-31,18,W41525574,Ibaiondo,5,5,2
2024-03-31,18,W96337695,Abando,5,5,3
2024-03-31,18,N4508853267,Uribarri,4,4,2
2024-03-31,18,N5056379164,Abando,3,3,4
2024-03-31,18,N5301954699,Basurtu-Zorrotza,3,3,2
2024-03-31,18,W28776478,Abando,3,3,5
2024-03-31,18,W44113519,Abando,3,3,6
2024-03-31,18,N4060532216,Otxarkoaga-Txurdinaga,2,2,2
2024-03-31,18,W123440604,Uribarri,2,2,3
2024-03-31,18,W290069950,Deusto,2,2,1
2024-03-31,18,W123440625,Uribarri,1,1,4
2024-03-31,18,W162445376,Uribarri,1,1,5
2024-03-31,19,N4060532227,Uribarri,25,25,1
2024-03-31,19,N4060532217,Otxarkoaga-Txurdinaga,10,10,1
2024-03-31,19,W163196945,Basurtu-Zorrotza,10,10,1
2024-03-31,19,N4762096882,Abando,9,9,1
2024-03-31,19,W485363913,Ibaiondo,7,7,1
2024-03-31,19,N518227646,Abando,5,5,2
2024-03-31,19,W41525574,Ibaiondo,5,5,2
2024-03-31,19,W96337695,Abando,5,5,3
2024-03-31,19,N4508853267,Uribarri,4,4,2
2024-03-31,19,N5056379164,Abando,3,3,4
2024-03-31,19,N5301954699,Basurtu-Zorrotza,3,3,2
2024-03-31,19,W28776478,Abando,3,3,5
2024-03-31,19,W44113519,Abando,3,3,6
2024-03-31,19,N4060532216,Otxarkoaga-Txurdinaga,2,2,2
2024-03-31,19,W123440604,Uribarri,2,2,3
2024-03-31,19,W290069950,Deusto,2,2,1
2024-03-31,19,W123440625,Uribarri,1,1,4
2024-03-31,19,W162445376,Uribarri,1,1,5
2024-03-31,20,N4060532227,Uribarri,25,25,1
2024-03-31,20,N4060532217,Otxarkoaga-Txurdinaga,10,10,1
2024-03-31,20,N4762096882,Abando,9,9,1
2024-03-31,20,W485363913,Ibaiondo,7,7,1
2024-03-31,20,W96337695,Abando,5,5,2
2024-03-31,20,N4508853267,Uribarri,4,4,2
2024-03-31,20,N5056379164,Abando,3,3,3
2024-03-31,20,N5301954699,Basurtu-Zorrotza,3,3,1
2024-03-31,20,W28776478,Abando,3,3,4
2024-03-31,20,W44113519,Abando,3,3,5
2024-03-31,20,N4060532216,Otxarkoaga-Txurdinaga,2,2,2
2024-03-31,20,W123440604,Uribarri,2,2,3
2024-03-31,20,W123440625,Uribarri,1,1,4
2024-03-31,21,N4060532227,Uribarri,25,25,1
2024-03-31,21,N4060532217,Otxarkoaga-Txurdinaga,10,10,1
2024-03-31,21,W485363913,Ibaiondo,7,7,1
2024-03-31,21,W96337695,Abando,5,5,1
2024-03-31,21,N4508853267,Uribarri,4,4,2
2024-03-31,21,N5056379164,Abando,3,3,2
2024-03-31,21,N5301954699,Basurtu-Zorrotza,3,3,1
2024-03-31,21,W28776478,Abando,3,3,3
2024-03-31,21,W44113519,Abando,3,3,4
2024-03-31,21,N4060532216,Otxarkoaga-Txurdinaga,2,2,2
2024-03-31,21,W123440604,Uribarri,2,2,3
2024-03-31,21,W123440625,Uribarri,1,1,4
2024-03-31,22,N4060532227,Uribarri,25,25,1
2024-03-31,22,N4060532217,Otxarkoaga-Txurdinaga,10,10,1
2024-03-31,22,W485363913,Ibaiondo,7,7,1
2024-03-31,22,N4508853267,Uribarri,4,4,2
2024-03-31,22,N5056379164,Abando,3,3,1
2024-03-31,22,N5301954699,Basurtu-Zorrotza,3,3,1
2024-03-31,22,W28776478,Abando,3,3,2
2024-03-31,22,W44113519,Abando,3,3,3
2024-03-31,22,N4060532216,Otxarkoaga-Txurdinaga,2,2,2
2024-03-31,22,W123440604,Uribarri,2,2,3
2024-03-31,22,W123440625,Uribarri,1,1,4
2024-03-31,23,N4060532227,Uribarri,25,25,1
2024-03-31,23,N4060532217,Otxarkoaga-Txurdinaga,10,10,1
2024-03-31,23,W485363913,Ibaiondo,7,7,1
2024-03-31,23,N4508853267,Uribarri,4,4,2
2024-03-31,23,N5056379164,Abando,3,3,1
2024-03-31,23,N5301954699,Basurtu-Zorrotza,3,3,1
2024-03-31,23,W28776478,Abando,3,3,2
2024-03-31,23,W44113519,Abando,3,3,3
2024-03-31,23,N4060532216,Otxarkoaga-Txurdinaga,2,2,2
