date,hour_of_day,osmid,subarea,help_convined,help_independent,rank
2024-07-01,5,N4060532227,Uribarri,126,126,1
2024-07-01,5,W28776478,Abando,79,79,1
2024-07-01,5,N4508853267,Uribarri,68,68,2
2024-07-01,5,W485363913,Ibaiondo,60,60,1
2024-07-01,5,N4060532217,Otxarkoaga-Txurdinaga,41,41,1
2024-07-01,5,N4060532216,Otxarkoaga-Txurdinaga,39,39,2
2024-07-01,5,N5056353256,Uribarri,30,30,3
2024-07-01,5,N4060532220,Otxarkoaga-Txurdinaga,17,19,3
2024-07-01,5,W163195554,Basurtu-Zorrotza,2,2,1
2024-07-01,6,N4060532227,Uribarri,126,126,1
2024-07-01,6,W28776478,Abando,79,79,1
2024-07-01,6,N4508853267,Uribarri,68,68,2
2024-07-01,6,W485363913,Ibaiondo,60,60,1
2024-07-01,6,N5056379164,Abando,52,52,2
2024-07-01,6,N4060532217,Otxarkoaga-Txurdinaga,41,41,1
2024-07-01,6,N4060532216,Otxarkoaga-Txurdinaga,39,39,2
2024-07-01,6,N5056353256,Uribarri,30,30,3
2024-07-01,6,W111740255,Errekalde,20,28,1
2024-07-01,6,N4060532220,Otxarkoaga-Txurdinaga,17,19,3
2024-07-01,6,W44113519,Abando,9,34,3
2024-07-01,6,N5301954699,Basurtu-Zorrotza,6,6,1
2024-07-01,6,W632988668,Basurtu-Zorrotza,3,3,2
2024-07-01,6,W163195554,Basurtu-Zorrotza,2,2,3
2024-07-01,7,N4060532227,Uribarri,126,126,1
2024-07-01,7,W28776478,Abando,79,79,1
2024-07-01,7,N4508853267,Uribarri,68,68,2
2024-07-01,7,W485363913,Ibaiondo,60,60,1
2024-07-01,7,N5056379164,Abando,52,52,2
2024-07-01,7,N4060532217,Otxarkoaga-Txurdinaga,41,41,1
2024-07-01,7,N4060532216,Otxarkoaga-Txurdinaga,39,39,2
2024-07-01,7,N5056353256,Uribarri,30,30,3
2024-07-01,7,W111740255,Errekalde,20,28,1
2024-07-01,7,N4060532220,Otxarkoaga-Txurdinaga,17,19,3
2024-07-01,7,W44113519,Abando,9,34,3
2024-07-01,7,N5301954699,Basurtu-Zorrotza,6,6,1
2024-07-01,7,W632988668,Basurtu-Zorrotza,3,3,2
2024-07-01,7,W163195554,Basurtu-Zorrotza,2,2,3
2024-07-01,8,N5056355015,Uribarri,155,155,1
2024-07-01,8,N5056356248,Uribarri,139,139,2
2024-07-01,8,W28776478,Abando,79,79,1
2024-07-01,8,W485363913,Ibaiondo,60,60,1
2024-07-01,8,N5056379164,Abando,52,52,2
2024-07-01,8,N4060532217,Otxarkoaga-Txurdinaga,41,41,1
2024-07-01,8,N4060532216,Otxarkoaga-Txurdinaga,39,39,2
2024-07-01,8,N4060532227,Uribarri,37,126,3
2024-07-01,8,N4254043797,Deusto,31,31,1
2024-07-01,8,N5056184623,Errekalde,31,31,1
2024-07-01,8,N5056353256,Uribarri,30,30,4
2024-07-01,8,W123440604,Uribarri,19,27,5
2024-07-01,8,N4060532220,Otxarkoaga-Txurdinaga,17,19,3
2024-07-01,8,N5056437799,Deusto,15,24,2
2024-07-01,8,W111740255,Errekalde,14,28,2
2024-07-01,8,W44113519,Abando,9,34,3
2024-07-01,8,N5301954699,Basurtu-Zorrotza,6,6,1
2024-07-01,8,N4508853267,Uribarri,5,68,6
2024-07-01,8,W164510985,Otxarkoaga-Txurdinaga,3,41,4
2024-07-01,8,W632988668,Basurtu-Zorrotza,3,3,2
2024-07-01,8,W123440625,Uribarri,2,2,7
2024-07-01,8,W163195554,Basurtu-Zorrotza,2,2,3
2024-07-01,9,W108497734,Ibaiondo,160,160,1
2024-07-01,9,N5056355015,Uribarri,155,155,1
2024-07-01,9,N5056356248,Uribarri,139,139,2
2024-07-01,9,W108504682,Abando,97,97,1
2024-07-01,9,W110895854,Abando,69,71,2
2024-07-01,9,N11229807742,Basurtu-Zorrotza,69,69,1
2024-07-01,9,N4761972760,Abando,54,54,3
2024-07-01,9,N5056379164,Abando,52,52,4
2024-07-01,9,N4060532217,Otxarkoaga-Txurdinaga,41,41,1
2024-07-01,9,N9607467466,Basurtu-Zorrotza,40,48,2
2024-07-01,9,N4060532216,Otxarkoaga-Txurdinaga,39,39,2
2024-07-01,9,W96337695,Abando,38,40,5
2024-07-01,9,N4060532227,Uribarri,37,126,3
2024-07-01,9,W420558992,Ibaiondo,37,39,2
2024-07-01,9,N5056183351,Errekalde,37,37,1
2024-07-01,9,N9607363904,Uribarri,37,37,4
2024-07-01,9,N5056328910,Begona,36,36,1
2024-07-01,9,N4254043797,Deusto,31,31,1
2024-07-01,9,N5056088727,Ibaiondo,29,52,3
2024-07-01,9,N5056184623,Errekalde,29,31,2
2024-07-01,9,N5056353256,Uribarri,23,30,5
2024-07-01,9,N4731925117,Abando,22,22,6
2024-07-01,9,N9607391207,Begona,22,22,2
2024-07-01,9,N9607455457,Errekalde,20,20,3
2024-07-01,9,N4060532220,Otxarkoaga-Txurdinaga,17,19,3
2024-07-01,9,N10308519810,Deusto,17,17,2
2024-07-01,9,W248634544,Uribarri,16,21,6
2024-07-01,9,W485363913,Ibaiondo,15,60,4
2024-07-01,9,N5056437799,Deusto,15,24,3
2024-07-01,9,W235157481,Otxarkoaga-Txurdinaga,14,36,4
2024-07-01,9,W111740255,Errekalde,14,28,4
2024-07-01,9,W28776478,Abando,10,79,7
2024-07-01,9,N5301954699,Basurtu-Zorrotza,6,6,3
2024-07-01,9,W185205681,Deusto,5,5,4
2024-07-01,9,W164510985,Otxarkoaga-Txurdinaga,3,41,5
2024-07-01,9,W632988668,Basurtu-Zorrotza,3,3,4
2024-07-01,9,W123440625,Uribarri,2,2,7
2024-07-01,9,W164512079,Otxarkoaga-Txurdinaga,1,34,6
2024-07-01,9,W123440604,Uribarri,1,27,8
2024-07-01,9,W163195554,Basurtu-Zorrotza,1,2,5
2024-07-01,10,W108497734,Ibaiondo,160,160,1
2024-07-01,10,N5056355015,Uribarri,155,155,1
2024-07-01,10,N5056356248,Uribarri,139,139,2
2024-07-01,10,W108504682,Abando,97,97,1
2024-07-01,10,W404432093,Ibaiondo,72,72,2
2024-07-01,10,W110895854,Abando,69,71,2
2024-07-01,10,N11229807742,Basurtu-Zorrotza,69,69,1
2024-07-01,10,N4761972760,Abando,54,54,3
2024-07-01,10,N5056379164,Abando,52,52,4
2024-07-01,10,W28211432,Abando,43,43,5
2024-07-01,10,N4060532217,Otxarkoaga-Txurdinaga,41,41,1
2024-07-01,10,N9607467466,Basurtu-Zorrotza,40,48,2
2024-07-01,10,N4060532216,Otxarkoaga-Txurdinaga,39,39,2
2024-07-01,10,W96337695,Abando,38,40,6
2024-07-01,10,N4060532227,Uribarri,37,126,3
2024-07-01,10,W420558992,Ibaiondo,37,39,3
2024-07-01,10,N5056183351,Errekalde,37,37,1
2024-07-01,10,N9607363904,Uribarri,37,37,4
2024-07-01,10,N5056328910,Begona,36,36,1
2024-07-01,10,N4254043797,Deusto,31,31,1
2024-07-01,10,N5056184623,Errekalde,29,31,2
2024-07-01,10,N5056353256,Uribarri,23,30,5
2024-07-01,10,N9607391207,Begona,22,22,2
2024-07-01,10,W44016098,Abando,21,78,7
2024-07-01,10,N9607455457,Errekalde,20,20,3
2024-07-01,10,N4060532220,Otxarkoaga-Txurdinaga,17,19,3
2024-07-01,10,N10308519810,Deusto,17,17,2
2024-07-01,10,W248634544,Uribarri,16,21,6
2024-07-01,10,W485363913,Ibaiondo,15,60,4
2024-07-01,10,N5056088727,Ibaiondo,15,52,5
2024-07-01,10,N5056437799,Deusto,15,24,3
2024-07-01,10,N4731925117,Abando,15,22,8
2024-07-01,10,W235157481,Otxarkoaga-Txurdinaga,14,36,4
2024-07-01,10,W111740255,Errekalde,14,28,4
2024-07-01,10,W171882527,Abando,8,12,9
2024-07-01,10,N5301954699,Basurtu-Zorrotza,6,6,3
2024-07-01,10,W185205681,Deusto,5,5,4
2024-07-01,10,W41525574,Ibaiondo,3,114,6
2024-07-01,10,W164510985,Otxarkoaga-Txurdinaga,3,41,5
2024-07-01,10,W632988668,Basurtu-Zorrotza,3,3,4
2024-07-01,10,W123440625,Uribarri,2,2,7
2024-07-01,10,W164512079,Otxarkoaga-Txurdinaga,1,34,6
2024-07-01,10,W123440604,Uribarri,1,27,8
2024-07-01,10,W163195554,Basurtu-Zorrotza,1,2,5
2024-07-01,11,W108497734,Ibaiondo,160,160,1
2024-07-01,11,N5056355015,Uribarri,155,155,1
2024-07-01,11,N5056356248,Uribarri,139,139,2
2024-07-01,11,W108504682,Abando,97,97,1
2024-07-01,11,W404432093,Ibaiondo,72,72,2
2024-07-01,11,W110895854,Abando,69,71,2
2024-07-01,11,N11229807742,Basurtu-Zorrotza,69,69,1
2024-07-01,11,N4762096882,Abando,58,58,3
2024-07-01,11,N5056379164,Abando,52,52,4
2024-07-01,11,W28211432,Abando,43,43,5
2024-07-01,11,W164510985,Otxarkoaga-Txurdinaga,41,41,1
2024-07-01,11,N9607467466,Basurtu-Zorrotza,40,48,2
2024-07-01,11,N4060532216,Otxarkoaga-Txurdinaga,39,39,2
2024-07-01,11,W96337695,Abando,38,40,6
2024-07-01,11,N4060532227,Uribarri,37,126,3
2024-07-01,11,W420558992,Ibaiondo,37,39,3
2024-07-01,11,N5056183351,Errekalde,37,37,1
2024-07-01,11,N9607363904,Uribarri,37,37,4
2024-07-01,11,N5056328910,Begona,36,36,1
2024-07-01,11,N4254043797,Deusto,31,31,1
2024-07-01,11,N5056184623,Errekalde,29,31,2
2024-07-01,11,N5056353256,Uribarri,23,30,5
2024-07-01,11,W163196945,Basurtu-Zorrotza,23,23,3
2024-07-01,11,N9607391207,Begona,22,22,2
2024-07-01,11,W44016098,Abando,21,78,7
2024-07-01,11,N9607455457,Errekalde,20,20,3
2024-07-01,11,N10308519810,Deusto,17,17,2
2024-07-01,11,W248634544,Uribarri,16,21,6
2024-07-01,11,N4060532220,Otxarkoaga-Txurdinaga,16,19,3
2024-07-01,11,W485363913,Ibaiondo,15,60,4
2024-07-01,11,N5056088727,Ibaiondo,15,52,5
2024-07-01,11,N5056437799,Deusto,15,24,3
2024-07-01,11,N4731925117,Abando,15,22,8
2024-07-01,11,W235157481,Otxarkoaga-Txurdinaga,14,36,4
2024-07-01,11,W111740255,Errekalde,14,28,4
2024-07-01,11,W171882527,Abando,8,12,9
2024-07-01,11,N5301954699,Basurtu-Zorrotza,6,6,4
2024-07-01,11,W185205681,Deusto,5,5,4
2024-07-01,11,N4761972760,Abando,4,54,10
2024-07-01,11,N4060532217,Otxarkoaga-Txurdinaga,4,41,5
2024-07-01,11,W41525574,Ibaiondo,3,114,6
2024-07-01,11,W632988668,Basurtu-Zorrotza,3,3,5
2024-07-01,11,W123440625,Uribarri,2,2,7
2024-07-01,11,W164512079,Otxarkoaga-Txurdinaga,1,34,6
2024-07-01,11,W123440604,Uribarri,1,27,8
2024-07-01,11,W163195554,Basurtu-Zorrotza,1,2,6
2024-07-01,12,W108497734,Ibaiondo,160,160,1
2024-07-01,12,N5056355015,Uribarri,155,155,1
2024-07-01,12,N5056356248,Uribarri,139,139,2
2024-07-01,12,W108504682,Abando,97,97,1
2024-07-01,12,W404432093,Ibaiondo,72,72,2
2024-07-01,12,W110895854,Abando,69,71,2
2024-07-01,12,N11229807742,Basurtu-Zorrotza,69,69,1
2024-07-01,12,N4762096882,Abando,58,58,3
2024-07-01,12,N5056379164,Abando,52,52,4
2024-07-01,12,W28211432,Abando,43,43,5
2024-07-01,12,W164510985,Otxarkoaga-Txurdinaga,41,41,1
2024-07-01,12,N9607467466,Basurtu-Zorrotza,40,48,2
2024-07-01,12,N4060532216,Otxarkoaga-Txurdinaga,39,39,2
2024-07-01,12,W96337695,Abando,38,40,6
2024-07-01,12,N4060532227,Uribarri,37,126,3
2024-07-01,12,W420558992,Ibaiondo,37,39,3
2024-07-01,12,N5056183351,Errekalde,37,37,1
2024-07-01,12,N9607363904,Uribarri,37,37,4
2024-07-01,12,N5056328910,Begona,36,36,1
2024-07-01,12,N4254043797,Deusto,31,31,1
2024-07-01,12,N5056184623,Errekalde,29,31,2
2024-07-01,12,N5056353256,Uribarri,23,30,5
2024-07-01,12,W163196945,Basurtu-Zorrotza,23,23,3
2024-07-01,12,N9607391207,Begona,22,22,2
2024-07-01,12,W44016098,Abando,21,78,7
2024-07-01,12,N9607455457,Errekalde,20,20,3
2024-07-01,12,N10308519810,Deusto,17,17,2
2024-07-01,12,W248634544,Uribarri,16,21,6
2024-07-01,12,N4060532220,Otxarkoaga-Txurdinaga,16,19,3
2024-07-01,12,W485363913,Ibaiondo,15,60,4
2024-07-01,12,N5056088727,Ibaiondo,15,52,5
2024-07-01,12,N5056437799,Deusto,15,24,3
2024-07-01,12,N4731925117,Abando,15,22,8
2024-07-01,12,W235157481,Otxarkoaga-Txurdinaga,14,36,4
2024-07-01,12,W111740255,Errekalde,14,28,4
2024-07-01,12,W171882527,Abando,8,12,9
2024-07-01,12,N5301954699,Basurtu-Zorrotza,6,6,4
2024-07-01,12,W185205681,Deusto,5,5,4
2024-07-01,12,N4761972760,Abando,4,54,10
2024-07-01,12,N4060532217,Otxarkoaga-Txurdinaga,4,41,5
2024-07-01,12,W41525574,Ibaiondo,3,114,6
2024-07-01,12,W632988668,Basurtu-Zorrotza,3,3,5
2024-07-01,12,W123440625,Uribarri,2,2,7
2024-07-01,12,W164512079,Otxarkoaga-Txurdinaga,1,34,6
2024-07-01,12,W123440604,Uribarri,1,27,8
2024-07-01,12,W163195554,Basurtu-Zorrotza,1,2,6
2024-07-01,13,W108497734,Ibaiondo,160,160,1
2024-07-01,13,N5056355015,Uribarri,155,155,1
2024-07-01,13,N5056356248,Uribarri,139,139,2
2024-07-01,13,W108504682,Abando,97,97,1
2024-07-01,13,W404432093,Ibaiondo,72,72,2
2024-07-01,13,W110895854,Abando,69,71,2
2024-07-01,13,N11229807742,Basurtu-Zorrotza,69,69,1
2024-07-01,13,N4762096882,Abando,58,58,3
2024-07-01,13,N5056379164,Abando,52,52,4
2024-07-01,13,W28211432,Abando,43,43,5
2024-07-01,13,W164510985,Otxarkoaga-Txurdinaga,41,41,1
2024-07-01,13,N9607467466,Basurtu-Zorrotza,40,48,2
2024-07-01,13,N4060532216,Otxarkoaga-Txurdinaga,39,39,2
2024-07-01,13,W96337695,Abando,38,40,6
2024-07-01,13,N4060532227,Uribarri,37,126,3
2024-07-01,13,W420558992,Ibaiondo,37,39,3
2024-07-01,13,N5056183351,Errekalde,37,37,1
2024-07-01,13,N9607363904,Uribarri,37,37,4
2024-07-01,13,N5056328910,Begona,36,36,1
2024-07-01,13,N4254043797,Deusto,31,31,1
2024-07-01,13,N5056184623,Errekalde,29,31,2
2024-07-01,13,N5056353256,Uribarri,23,30,5
2024-07-01,13,W163196945,Basurtu-Zorrotza,23,23,3
2024-07-01,13,N9607391207,Begona,22,22,2
2024-07-01,13,W44016098,Abando,21,78,7
2024-07-01,13,N9607455457,Errekalde,20,20,3
2024-07-01,13,N10308519810,Deusto,17,17,2
2024-07-01,13,W248634544,Uribarri,16,21,6
2024-07-01,13,N4060532220,Otxarkoaga-Txurdinaga,16,19,3
2024-07-01,13,W485363913,Ibaiondo,15,60,4
2024-07-01,13,N5056088727,Ibaiondo,15,52,5
2024-07-01,13,N5056437799,Deusto,15,24,3
2024-07-01,13,N4731925117,Abando,15,22,8
2024-07-01,13,W235157481,Otxarkoaga-Txurdinaga,14,36,4
2024-07-01,13,W111740255,Errekalde,14,28,4
2024-07-01,13,W171882527,Abando,8,12,9
2024-07-01,13,N5301954699,Basurtu-Zorrotza,6,6,4
2024-07-01,13,W185205681,Deusto,5,5,4
2024-07-01,13,N4761972760,Abando,4,54,10
2024-07-01,13,N4060532217,Otxarkoaga-Txurdinaga,4,41,5
2024-07-01,13,W632988668,Basurtu-Zorrotza,3,3,5
2024-07-01,13,W123440625,Uribarri,2,2,7
2024-07-01,13,W164512079,Otxarkoaga-Txurdinaga,1,34,6
2024-07-01,13,W123440604,Uribarri,1,27,8
2024-07-01,13,W163195554,Basurtu-Zorrotza,1,2,6
2024-07-01,14,W108497734,Ibaiondo,160,160,1
2024-07-01,14,N5056355015,Uribarri,155,155,1
2024-07-01,14,N5056356248,Uribarri,139,139,2
2024-07-01,14,W108504682,Abando,97,97,1
2024-07-01,14,W404432093,Ibaiondo,72,72,2
2024-07-01,14,W110895854,Abando,69,71,2
2024-07-01,14,N4762096882,Abando,58,58,3
2024-07-01,14,N5056379164,Abando,52,52,4
2024-07-01,14,W28211432,Abando,43,43,5
2024-07-01,14,N4060532217,Otxarkoaga-Txurdinaga,41,41,1
2024-07-01,14,N4060532216,Otxarkoaga-Txurdinaga,39,39,2
2024-07-01,14,W96337695,Abando,38,40,6
2024-07-01,14,N4060532227,Uribarri,37,126,3
2024-07-01,14,N4254043797,Deusto,31,31,1
2024-07-01,14,N5056353256,Uribarri,30,30,4
2024-07-01,14,N5056184623,Errekalde,29,31,1
2024-07-01,14,N9607391207,Begona,22,22,1
2024-07-01,14,W44016098,Abando,21,78,7
2024-07-01,14,W123440604,Uribarri,19,27,5
2024-07-01,14,N4060532220,Otxarkoaga-Txurdinaga,17,19,3
2024-07-01,14,W485363913,Ibaiondo,15,60,3
2024-07-01,14,N5056437799,Deusto,15,24,2
2024-07-01,14,W111740255,Errekalde,14,28,2
2024-07-01,14,W171882527,Abando,8,12,8
2024-07-01,14,N5301954699,Basurtu-Zorrotza,6,6,1
2024-07-01,14,N4508853267,Uribarri,5,68,6
2024-07-01,14,W185205681,Deusto,5,5,3
2024-07-01,14,N4761972760,Abando,4,54,9
2024-07-01,14,W164510985,Otxarkoaga-Txurdinaga,3,41,4
2024-07-01,14,W632988668,Basurtu-Zorrotza,3,3,2
2024-07-01,14,W123440625,Uribarri,2,2,7
2024-07-01,14,W163195554,Basurtu-Zorrotza,2,2,3
2024-07-01,15,W108497734,Ibaiondo,160,160,1
2024-07-01,15,N4060532227,Uribarri,126,126,1
2024-07-01,15,W108504682,Abando,97,97,1
2024-07-01,15,W404432093,Ibaiondo,72,72,2
2024-07-01,15,W110895854,Abando,69,71,2
2024-07-01,15,N4508853267,Uribarri,68,68,2
2024-07-01,15,N5056379164,Abando,52,52,3
2024-07-01,15,W28211432,Abando,43,43,4
2024-07-01,15,N4060532217,Otxarkoaga-Txurdinaga,41,41,1
2024-07-01,15,N4060532216,Otxarkoaga-Txurdinaga,39,39,2
2024-07-01,15,W96337695,Abando,38,40,5
2024-07-01,15,N5056353256,Uribarri,30,30,3
2024-07-01,15,N9607391207,Begona,22,22,1
2024-07-01,15,W44016098,Abando,21,78,6
2024-07-01,15,W111740255,Errekalde,20,28,1
2024-07-01,15,W123440604,Uribarri,19,27,4
2024-07-01,15,N4060532220,Otxarkoaga-Txurdinaga,17,19,3
2024-07-01,15,W485363913,Ibaiondo,15,60,3
2024-07-01,15,W171882527,Abando,8,12,7
2024-07-01,15,N5301954699,Basurtu-Zorrotza,6,6,1
2024-07-01,15,W185205681,Deusto,5,5,1
2024-07-01,15,W632988668,Basurtu-Zorrotza,3,3,2
2024-07-01,15,W123440625,Uribarri,2,2,5
2024-07-01,15,W163195554,Basurtu-Zorrotza,2,2,3
2024-07-01,16,W108497734,Ibaiondo,160,160,1
2024-07-01,16,N4060532227,Uribarri,126,126,1
2024-07-01,16,W108504682,Abando,97,97,1
2024-07-01,16,W404432093,Ibaiondo,72,72,2
2024-07-01,16,W110895854,Abando,69,71,2
2024-07-01,16,N4508853267,Uribarri,68,68,2
2024-07-01,16,W301165234,Errekalde,53,53,1
2024-07-01,16,N5056379164,Abando,52,52,3
2024-07-01,16,N5056200430,Basurtu-Zorrotza,43,43,1
2024-07-01,16,W28211432,Abando,43,43,4
2024-07-01,16,N4060532217,Otxarkoaga-Txurdinaga,41,41,1
2024-07-01,16,N4060532216,Otxarkoaga-Txurdinaga,39,39,2
2024-07-01,16,W96337695,Abando,38,40,5
2024-07-01,16,N5056353256,Uribarri,30,30,3
2024-07-01,16,N9607391207,Begona,22,22,1
2024-07-01,16,W44016098,Abando,21,78,6
2024-07-01,16,W111740255,Errekalde,20,28,2
2024-07-01,16,W123440604,Uribarri,19,27,4
2024-07-01,16,N4060532220,Otxarkoaga-Txurdinaga,17,19,3
2024-07-01,16,W485363913,Ibaiondo,15,60,3
2024-07-01,16,W171882527,Abando,8,12,7
2024-07-01,16,N5301954699,Basurtu-Zorrotza,6,6,2
2024-07-01,16,W185205681,Deusto,5,5,1
2024-07-01,16,W632988668,Basurtu-Zorrotza,3,3,3
2024-07-01,16,W123440625,Uribarri,2,2,5
2024-07-01,16,W163195554,Basurtu-Zorrotza,2,2,4
2024-07-01,17,W108497734,Ibaiondo,160,160,1
2024-07-01,17,N4060532227,Uribarri,126,126,1
2024-07-01,17,W108504682,Abando,97,97,1
2024-07-01,17,W404432093,Ibaiondo,72,72,2
2024-07-01,17,W110895854,Abando,69,71,2
2024-07-01,17,N4508853267,Uribarri,68,68,2
2024-07-01,17,W301165234,Errekalde,53,53,1
2024-07-01,17,N5056379164,Abando,52,52,3
2024-07-01,17,N5056421870,Deusto,45,45,1
2024-07-01,17,N5056200430,Basurtu-Zorrotza,43,43,1
2024-07-01,17,W28211432,Abando,43,43,4
2024-07-01,17,N4060532217,Otxarkoaga-Txurdinaga,41,41,1
2024-07-01,17,N4060532216,Otxarkoaga-Txurdinaga,39,39,2
2024-07-01,17,W96337695,Abando,38,40,5
2024-07-01,17,N5056353256,Uribarri,30,30,3
2024-07-01,17,N9607391207,Begona,22,22,1
2024-07-01,17,W44016098,Abando,21,78,6
2024-07-01,17,W111740255,Errekalde,20,28,2
2024-07-01,17,W123440604,Uribarri,19,27,4
2024-07-01,17,N4060532220,Otxarkoaga-Txurdinaga,17,19,3
2024-07-01,17,W485363913,Ibaiondo,15,60,3
2024-07-01,17,W171882527,Abando,8,12,7
2024-07-01,17,N5301954699,Basurtu-Zorrotza,6,6,2
2024-07-01,17,W185205681,Deusto,5,5,2
2024-07-01,17,W632988668,Basurtu-Zorrotza,3,3,3
2024-07-01,17,W123440625,Uribarri,2,2,5
2024-07-01,17,W163195554,Basurtu-Zorrotza,2,2,4
2024-07-01,18,W108497734,Ibaiondo,160,160,1
2024-07-01,18,N4060532227,Uribarri,126,126,1
2024-07-01,18,W108504682,Abando,97,97,1
2024-07-01,18,W404432093,Ibaiondo,72,72,2
2024-07-01,18,N4508853267,Uribarri,68,68,2
2024-07-01,18,N4762096882,Abando,58,58,2
2024-07-01,18,W28776478,Abando,57,79,3
2024-07-01,18,W301165234,Errekalde,53,53,1
2024-07-01,18,N5056379164,Abando,52,52,4
2024-07-01,18,N5056421870,Deusto,45,45,1
2024-07-01,18,N5056200430,Basurtu-Zorrotza,43,43,1
2024-07-01,18,W28211432,Abando,43,43,5
2024-07-01,18,N4060532217,Otxarkoaga-Txurdinaga,41,41,1
2024-07-01,18,N4060532216,Otxarkoaga-Txurdinaga,39,39,2
2024-07-01,18,W96337695,Abando,38,40,6
2024-07-01,18,N5056353256,Uribarri,30,30,3
2024-07-01,18,W41525574,Ibaiondo,25,114,3
2024-07-01,18,W163196945,Basurtu-Zorrotza,23,23,2
2024-07-01,18,N9607391207,Begona,22,22,1
2024-07-01,18,W111740255,Errekalde,20,28,2
2024-07-01,18,W123440604,Uribarri,19,27,4
2024-07-01,18,N4060532220,Otxarkoaga-Txurdinaga,17,19,3
2024-07-01,18,W485363913,Ibaiondo,13,60,4
2024-07-01,18,W44016098,Abando,11,78,7
2024-07-01,18,W44113519,Abando,9,34,8
2024-07-01,18,W171882527,Abando,8,12,9
2024-07-01,18,N5301954699,Basurtu-Zorrotza,6,6,3
2024-07-01,18,W185205681,Deusto,5,5,2
2024-07-01,18,W632988668,Basurtu-Zorrotza,3,3,4
2024-07-01,18,W123440625,Uribarri,2,2,5
2024-07-01,18,W163195554,Basurtu-Zorrotza,2,2,5
2024-07-01,19,W108497734,Ibaiondo,160,160,1
2024-07-01,19,N4060532227,Uribarri,126,126,1
2024-07-01,19,W108504682,Abando,97,97,1
2024-07-01,19,W404432093,Ibaiondo,72,72,2
2024-07-01,19,N4508853267,Uribarri,68,68,2
2024-07-01,19,N4762096882,Abando,58,58,2
2024-07-01,19,W28776478,Abando,57,79,3
2024-07-01,19,W301165234,Errekalde,53,53,1
2024-07-01,19,N5056379164,Abando,52,52,4
2024-07-01,19,N5056421870,Deusto,45,45,1
2024-07-01,19,N5056200430,Basurtu-Zorrotza,43,43,1
2024-07-01,19,W28211432,Abando,43,43,5
2024-07-01,19,N4060532217,Otxarkoaga-Txurdinaga,41,41,1
2024-07-01,19,N4060532216,Otxarkoaga-Txurdinaga,39,39,2
2024-07-01,19,W96337695,Abando,38,40,6
2024-07-01,19,N5056353256,Uribarri,30,30,3
2024-07-01,19,W41525574,Ibaiondo,25,114,3
2024-07-01,19,W163196945,Basurtu-Zorrotza,23,23,2
2024-07-01,19,N9607391207,Begona,22,22,1
2024-07-01,19,W111740255,Errekalde,20,28,2
2024-07-01,19,W123440604,Uribarri,19,27,4
2024-07-01,19,N4060532220,Otxarkoaga-Txurdinaga,17,19,3
2024-07-01,19,W485363913,Ibaiondo,13,60,4
2024-07-01,19,W44016098,Abando,11,78,7
2024-07-01,19,W44113519,Abando,9,34,8
2024-07-01,19,W171882527,Abando,8,12,9
2024-07-01,19,N5301954699,Basurtu-Zorrotza,6,6,3
2024-07-01,19,W185205681,Deusto,5,5,2
2024-07-01,19,W632988668,Basurtu-Zorrotza,3,3,4
2024-07-01,19,W123440625,Uribarri,2,2,5
2024-07-01,19,W163195554,Basurtu-Zorrotza,2,2,5
2024-07-01,20,N4060532227,Uribarri,126,126,1
2024-07-01,20,W28776478,Abando,79,79,1
2024-07-01,20,W404432093,Ibaiondo,72,72,1
2024-07-01,20,N4508853267,Uribarri,68,68,2
2024-07-01,20,W485363913,Ibaiondo,60,60,2
2024-07-01,20,N4762096882,Abando,58,58,2
2024-07-01,20,W301165234,Errekalde,53,53,1
2024-07-01,20,N5056379164,Abando,52,52,3
2024-07-01,20,N5056421870,Deusto,45,45,1
2024-07-01,20,N5056200430,Basurtu-Zorrotza,43,43,1
2024-07-01,20,W28211432,Abando,43,43,4
2024-07-01,20,N4060532217,Otxarkoaga-Txurdinaga,41,41,1
2024-07-01,20,W96337695,Abando,40,40,5
2024-07-01,20,N4060532216,Otxarkoaga-Txurdinaga,39,39,2
2024-07-01,20,N5056353256,Uribarri,30,30,3
2024-07-01,20,W44016098,Abando,25,78,6
2024-07-01,20,W111740255,Errekalde,20,28,2
2024-07-01,20,W123440604,Uribarri,19,27,4
2024-07-01,20,N4060532220,Otxarkoaga-Txurdinaga,17,19,3
2024-07-01,20,W44113519,Abando,9,34,7
2024-07-01,20,W171882527,Abando,8,12,8
2024-07-01,20,N5301954699,Basurtu-Zorrotza,6,6,2
2024-07-01,20,W632988668,Basurtu-Zorrotza,3,3,3
2024-07-01,20,W123440625,Uribarri,2,2,5
2024-07-01,20,W163195554,Basurtu-Zorrotza,2,2,4
2024-07-01,21,N4060532227,Uribarri,126,126,1
2024-07-01,21,W28776478,Abando,79,79,1
2024-07-01,21,N4508853267,Uribarri,68,68,2
2024-07-01,21,W485363913,Ibaiondo,60,60,1
2024-07-01,21,N5056379164,Abando,52,52,2
2024-07-01,21,N5056421870,Deusto,45,45,1
2024-07-01,21,N5056200430,Basurtu-Zorrotza,43,43,1
2024-07-01,21,N4060532217,Otxarkoaga-Txurdinaga,41,41,1
2024-07-01,21,W96337695,Abando,40,40,3
2024-07-01,21,N4060532216,Otxarkoaga-Txurdinaga,39,39,2
2024-07-01,21,N5056353256,Uribarri,30,30,3
2024-07-01,21,W44016098,Abando,25,78,4
2024-07-01,21,W111740255,Errekalde,20,28,1
2024-07-01,21,W123440604,Uribarri,19,27,4
2024-07-01,21,N4060532220,Otxarkoaga-Txurdinaga,17,19,3
2024-07-01,21,W171882527,Abando,12,12,5
2024-07-01,21,W44113519,Abando,9,34,6
2024-07-01,21,N5301954699,Basurtu-Zorrotza,6,6,2
2024-07-01,21,W632988668,Basurtu-Zorrotza,3,3,3
2024-07-01,21,W123440625,Uribarri,2,2,5
2024-07-01,21,W163195554,Basurtu-Zorrotza,2,2,4
2024-07-01,22,N4060532227,Uribarri,126,126,1
2024-07-01,22,W28776478,Abando,79,79,1
2024-07-01,22,N4508853267,Uribarri,68,68,2
2024-07-01,22,W485363913,Ibaiondo,60,60,1
2024-07-01,22,N5056379164,Abando,52,52,2
2024-07-01,22,N4060532217,Otxarkoaga-Txurdinaga,41,41,1
2024-07-01,22,N4060532216,Otxarkoaga-Txurdinaga,39,39,2
2024-07-01,22,N5056353256,Uribarri,30,30,3
2024-07-01,22,W111740255,Errekalde,20,28,1
2024-07-01,22,W123440604,Uribarri,19,27,4
2024-07-01,22,N4060532220,Otxarkoaga-Txurdinaga,17,19,3
2024-07-01,22,W171882527,Abando,12,12,3
2024-07-01,22,W44113519,Abando,9,34,4
2024-07-01,22,N5301954699,Basurtu-Zorrotza,6,6,1
2024-07-01,22,W632988668,Basurtu-Zorrotza,3,3,2
2024-07-01,22,W123440625,Uribarri,2,2,5
2024-07-01,22,W163195554,Basurtu-Zorrotza,2,2,3
2024-07-01,23,N4060532227,Uribarri,126,126,1
2024-07-01,23,W28776478,Abando,79,79,1
2024-07-01,23,N4508853267,Uribarri,68,68,2
2024-07-01,23,W485363913,Ibaiondo,60,60,1
2024-07-01,23,N5056379164,Abando,52,52,2
2024-07-01,23,N4060532217,Otxarkoaga-Txurdinaga,41,41,1
2024-07-01,23,N4060532216,Otxarkoaga-Txurdinaga,39,39,2
2024-07-01,23,N5056353256,Uribarri,30,30,3
2024-07-01,23,W111740255,Errekalde,20,28,1
2024-07-01,23,N4060532220,Otxarkoaga-Txurdinaga,17,19,3
2024-07-01,23,W171882527,Abando,12,12,3
2024-07-01,23,W44113519,Abando,9,34,4
2024-07-01,23,N5301954699,Basurtu-Zorrotza,6,6,1
2024-07-01,23,W632988668,Basurtu-Zorrotza,3,3,2
2024-07-01,23,W163195554,Basurtu-Zorrotza,2,2,3
2024-07-02,5,N4060532227,Uribarri,126,126,1
2024-07-02,5,W28776478,Abando,79,79,1
2024-07-02,5,N4508853267,Uribarri,68,68,2
2024-07-02,5,W485363913,Ibaiondo,60,60,1
2024-07-02,5,N4060532217,Otxarkoaga-Txurdinaga,41,41,1
2024-07-02,5,N4060532216,Otxarkoaga-Txurdinaga,39,39,2
2024-07-02,5,N5056353256,Uribarri,30,30,3
2024-07-02,5,N4060532220,Otxarkoaga-Txurdinaga,17,19,3
2024-07-02,5,W163195554,Basurtu-Zorrotza,2,2,1
2024-07-02,6,N4060532227,Uribarri,126,126,1
2024-07-02,6,W28776478,Abando,79,79,1
2024-07-02,6,N4508853267,Uribarri,68,68,2
2024-07-02,6,W485363913,Ibaiondo,60,60,1
2024-07-02,6,N5056379164,Abando,52,52,2
2024-07-02,6,N4060532217,Otxarkoaga-Txurdinaga,41,41,1
2024-07-02,6,N4060532216,Otxarkoaga-Txurdinaga,39,39,2
2024-07-02,6,N5056353256,Uribarri,30,30,3
2024-07-02,6,W111740255,Errekalde,20,28,1
2024-07-02,6,N4060532220,Otxarkoaga-Txurdinaga,17,19,3
2024-07-02,6,W44113519,Abando,9,34,3
2024-07-02,6,N5301954699,Basurtu-Zorrotza,6,6,1
2024-07-02,6,W632988668,Basurtu-Zorrotza,3,3,2
2024-07-02,6,W163195554,Basurtu-Zorrotza,2,2,3
2024-07-02,7,N4060532227,Uribarri,126,126,1
2024-07-02,7,W28776478,Abando,79,79,1
2024-07-02,7,N4508853267,Uribarri,68,68,2
2024-07-02,7,W485363913,Ibaiondo,60,60,1
2024-07-02,7,N5056379164,Abando,52,52,2
2024-07-02,7,N4060532217,Otxarkoaga-Txurdinaga,41,41,1
2024-07-02,7,N4060532216,Otxarkoaga-Txurdinaga,39,39,2
2024-07-02,7,N5056353256,Uribarri,30,30,3
2024-07-02,7,W111740255,Errekalde,20,28,1
2024-07-02,7,N4060532220,Otxarkoaga-Txurdinaga,17,19,3
2024-07-02,7,W44113519,Abando,9,34,3
2024-07-02,7,N5301954699,Basurtu-Zorrotza,6,6,1
2024-07-02,7,W632988668,Basurtu-Zorrotza,3,3,2
2024-07-02,7,W163195554,Basurtu-Zorrotza,2,2,3
2024-07-02,8,N5056355015,Uribarri,155,155,1
2024-07-02,8,N5056356248,Uribarri,139,139,2
2024-07-02,8,W28776478,Abando,79,79,1
2024-07-02,8,W485363913,Ibaiondo,60,60,1
2024-07-02,8,N5056379164,Abando,52,52,2
2024-07-02,8,W164510985,Otxarkoaga-Txurdinaga,41,41,1
2024-07-02,8,N4060532216,Otxarkoaga-Txurdinaga,39,39,2
2024-07-02,8,N4060532227,Uribarri,37,126,3
2024-07-02,8,N4254043797,Deusto,31,31,1
2024-07-02,8,N5056184623,Errekalde,31,31,1
2024-07-02,8,N5056353256,Uribarri,30,30,4
2024-07-02,8,W41688628,Abando,25,25,3
2024-07-02,8,W123440604,Uribarri,19,27,5
2024-07-02,8,N4060532220,Otxarkoaga-Txurdinaga,16,19,3
2024-07-02,8,N5056437799,Deusto,15,24,2
2024-07-02,8,W111740255,Errekalde,14,28,2
2024-07-02,8,W44113519,Abando,9,34,4
2024-07-02,8,N5301954699,Basurtu-Zorrotza,6,6,1
2024-07-02,8,N4508853267,Uribarri,5,68,6
2024-07-02,8,N4060532217,Otxarkoaga-Txurdinaga,4,41,4
2024-07-02,8,W632988668,Basurtu-Zorrotza,3,3,2
2024-07-02,8,W123440625,Uribarri,2,2,7
2024-07-02,8,W163195554,Basurtu-Zorrotza,2,2,3
2024-07-02,9,W108497734,Ibaiondo,160,160,1
2024-07-02,9,N5056355015,Uribarri,155,155,1
2024-07-02,9,N5056356248,Uribarri,139,139,2
2024-07-02,9,W108504682,Abando,97,97,1
2024-07-02,9,W110895854,Abando,69,71,2
2024-07-02,9,N11229807742,Basurtu-Zorrotza,69,69,1
2024-07-02,9,N4761972760,Abando,54,54,3
2024-07-02,9,N5056379164,Abando,52,52,4
2024-07-02,9,W164510985,Otxarkoaga-Txurdinaga,41,41,1
2024-07-02,9,N9607467466,Basurtu-Zorrotza,40,48,2
2024-07-02,9,N4060532216,Otxarkoaga-Txurdinaga,39,39,2
2024-07-02,9,W96337695,Abando,38,40,5
2024-07-02,9,N4060532227,Uribarri,37,126,3
2024-07-02,9,W420558992,Ibaiondo,37,39,2
2024-07-02,9,N5056183351,Errekalde,37,37,1
2024-07-02,9,N9607363904,Uribarri,37,37,4
2024-07-02,9,N5056328910,Begona,36,36,1
2024-07-02,9,N4254043797,Deusto,31,31,1
2024-07-02,9,N5056088727,Ibaiondo,29,52,3
2024-07-02,9,N5056184623,Errekalde,29,31,2
2024-07-02,9,N5056353256,Uribarri,23,30,5
2024-07-02,9,N4731925117,Abando,22,22,6
2024-07-02,9,N9607391207,Begona,22,22,2
2024-07-02,9,W375390416,Ibaiondo,20,28,4
2024-07-02,9,N9607455457,Errekalde,20,20,3
2024-07-02,9,N10308519810,Deusto,17,17,2
2024-07-02,9,W248634544,Uribarri,16,21,6
2024-07-02,9,N4060532220,Otxarkoaga-Txurdinaga,16,19,3
2024-07-02,9,W485363913,Ibaiondo,15,60,5
2024-07-02,9,N5056437799,Deusto,15,24,3
2024-07-02,9,W235157481,Otxarkoaga-Txurdinaga,14,36,4
2024-07-02,9,W111740255,Errekalde,14,28,4
2024-07-02,9,W28776478,Abando,10,79,7
2024-07-02,9,W41688628,Abando,10,25,8
2024-07-02,9,N5301954699,Basurtu-Zorrotza,6,6,3
2024-07-02,9,W185205681,Deusto,5,5,4
2024-07-02,9,N4060532217,Otxarkoaga-Txurdinaga,4,41,5
2024-07-02,9,W632988668,Basurtu-Zorrotza,3,3,4
2024-07-02,9,W123440625,Uribarri,2,2,7
2024-07-02,9,W164512079,Otxarkoaga-Txurdinaga,1,34,6
2024-07-02,9,W123440604,Uribarri,1,27,8
2024-07-02,9,W163195554,Basurtu-Zorrotza,1,2,5
2024-07-02,10,W108497734,Ibaiondo,160,160,1
2024-07-02,10,N5056355015,Uribarri,155,155,1
2024-07-02,10,N5056356248,Uribarri,139,139,2
2024-07-02,10,W108504682,Abando,97,97,1
2024-07-02,10,W110895854,Abando,69,71,2
2024-07-02,10,N11229807742,Basurtu-Zorrotza,69,69,1
2024-07-02,10,N1271964866,Abando,59,74,3
2024-07-02,10,N4761972760,Abando,54,54,4
2024-07-02,10,N5056379164,Abando,52,52,5
2024-07-02,10,W164510985,Otxarkoaga-Txurdinaga,41,41,1
2024-07-02,10,N9607467466,Basurtu-Zorrotza,40,48,2
2024-07-02,10,N4060532216,Otxarkoaga-Txurdinaga,39,39,2
2024-07-02,10,W96337695,Abando,38,40,6
2024-07-02,10,N4060532227,Uribarri,37,126,3
2024-07-02,10,W420558992,Ibaiondo,37,39,2
2024-07-02,10,N5056183351,Errekalde,37,37,1
2024-07-02,10,N9607363904,Uribarri,37,37,4
2024-07-02,10,N5056328910,Begona,36,36,1
2024-07-02,10,N4254043797,Deusto,31,31,1
2024-07-02,10,N5056088727,Ibaiondo,29,52,3
2024-07-02,10,N5056184623,Errekalde,29,31,2
2024-07-02,10,N5056353256,Uribarri,23,30,5
2024-07-02,10,N9607391207,Begona,22,22,2
2024-07-02,10,W44016098,Abando,21,78,7
2024-07-02,10,W375390416,Ibaiondo,20,28,4
2024-07-02,10,N9607455457,Errekalde,20,20,3
2024-07-02,10,N10308519810,Deusto,17,17,2
2024-07-02,10,W248634544,Uribarri,16,21,6
2024-07-02,10,N4060532220,Otxarkoaga-Txurdinaga,16,19,3
2024-07-02,10,W485363913,Ibaiondo,15,60,5
2024-07-02,10,N5056437799,Deusto,15,24,3
2024-07-02,10,W235157481,Otxarkoaga-Txurdinaga,14,36,4
2024-07-02,10,W111740255,Errekalde,14,28,4
2024-07-02,10,N4731925117,Abando,13,22,8
2024-07-02,10,W171882527,Abando,12,12,9
2024-07-02,10,W41688628,Abando,7,25,10
2024-07-02,10,N5301954699,Basurtu-Zorrotza,6,6,3
2024-07-02,10,W185205681,Deusto,5,5,4
2024-07-02,10,N4060532217,Otxarkoaga-Txurdinaga,4,41,5
2024-07-02,10,W41525574,Ibaiondo,3,114,6
2024-07-02,10,W632988668,Basurtu-Zorrotza,3,3,4
2024-07-02,10,W123440625,Uribarri,2,2,7
2024-07-02,10,W164512079,Otxarkoaga-Txurdinaga,1,34,6
2024-07-02,10,W123440604,Uribarri,1,27,8
2024-07-02,10,W163195554,Basurtu-Zorrotza,1,2,5
2024-07-02,11,W108497734,Ibaiondo,160,160,1
2024-07-02,11,N5056355015,Uribarri,155,155,1
2024-07-02,11,N5056356248,Uribarri,139,139,2
2024-07-02,11,N3207631929,Abando,113,113,1
2024-07-02,11,N11229807742,Basurtu-Zorrotza,69,69,1
2024-07-02,11,W110895854,Abando,66,71,2
2024-07-02,11,N4762096882,Abando,58,58,3
2024-07-02,11,N5056379164,Abando,52,52,4
2024-07-02,11,N1271964866,Abando,49,74,5
2024-07-02,11,N4060532217,Otxarkoaga-Txurdinaga,41,41,1
2024-07-02,11,N9607467466,Basurtu-Zorrotza,40,48,2
2024-07-02,11,W96337695,Abando,40,40,6
2024-07-02,11,N4060532216,Otxarkoaga-Txurdinaga,39,39,2
2024-07-02,11,N4060532227,Uribarri,37,126,3
2024-07-02,11,W420558992,Ibaiondo,37,39,2
2024-07-02,11,N5056183351,Errekalde,37,37,1
2024-07-02,11,N9607363904,Uribarri,37,37,4
2024-07-02,11,N5056328910,Begona,36,36,1
2024-07-02,11,N4254043797,Deusto,31,31,1
2024-07-02,11,N5056088727,Ibaiondo,29,52,3
2024-07-02,11,N5056184623,Errekalde,29,31,2
2024-07-02,11,N5056353256,Uribarri,23,30,5
2024-07-02,11,W163196945,Basurtu-Zorrotza,23,23,3
2024-07-02,11,N9607391207,Begona,22,22,2
2024-07-02,11,W375390416,Ibaiondo,20,28,4
2024-07-02,11,N9607455457,Errekalde,20,20,3
2024-07-02,11,W108504682,Abando,19,97,7
2024-07-02,11,N4060532220,Otxarkoaga-Txurdinaga,17,19,3
2024-07-02,11,N10308519810,Deusto,17,17,2
2024-07-02,11,W248634544,Uribarri,16,21,6
2024-07-02,11,W485363913,Ibaiondo,15,60,5
2024-07-02,11,N5056437799,Deusto,15,24,3
2024-07-02,11,W235157481,Otxarkoaga-Txurdinaga,14,36,4
2024-07-02,11,W111740255,Errekalde,14,28,4
2024-07-02,11,N4731925117,Abando,13,22,8
2024-07-02,11,W171882527,Abando,12,12,9
2024-07-02,11,N518227646,Abando,7,20,10
2024-07-02,11,W41688628,Abando,6,25,11
2024-07-02,11,N5301954699,Basurtu-Zorrotza,6,6,4
2024-07-02,11,W185205681,Deusto,5,5,4
2024-07-02,11,W41525574,Ibaiondo,3,114,6
2024-07-02,11,W164510985,Otxarkoaga-Txurdinaga,3,41,5
2024-07-02,11,W632988668,Basurtu-Zorrotza,3,3,5
2024-07-02,11,W44016098,Abando,2,78,12
2024-07-02,11,N4761972760,Abando,2,54,13
2024-07-02,11,W123440625,Uribarri,2,2,7
2024-07-02,11,W164512079,Otxarkoaga-Txurdinaga,1,34,6
2024-07-02,11,W123440604,Uribarri,1,27,8
2024-07-02,11,W163195554,Basurtu-Zorrotza,1,2,6
2024-07-02,12,W108497734,Ibaiondo,160,160,1
2024-07-02,12,N5056355015,Uribarri,155,155,1
2024-07-02,12,N5056356248,Uribarri,139,139,2
2024-07-02,12,N3207631929,Abando,113,113,1
2024-07-02,12,N11229807742,Basurtu-Zorrotza,69,69,1
2024-07-02,12,W110895854,Abando,66,71,2
2024-07-02,12,N4762096882,Abando,58,58,3
2024-07-02,12,N5056379164,Abando,52,52,4
2024-07-02,12,N1271964866,Abando,49,74,5
2024-07-02,12,N4060532217,Otxarkoaga-Txurdinaga,41,41,1
2024-07-02,12,N9607467466,Basurtu-Zorrotza,40,48,2
2024-07-02,12,W96337695,Abando,40,40,6
2024-07-02,12,N4060532216,Otxarkoaga-Txurdinaga,39,39,2
2024-07-02,12,N4060532227,Uribarri,37,126,3
2024-07-02,12,W420558992,Ibaiondo,37,39,2
2024-07-02,12,N5056183351,Errekalde,37,37,1
2024-07-02,12,N9607363904,Uribarri,37,37,4
2024-07-02,12,N5056328910,Begona,36,36,1
2024-07-02,12,N4254043797,Deusto,31,31,1
2024-07-02,12,N5056088727,Ibaiondo,29,52,3
2024-07-02,12,N5056184623,Errekalde,29,31,2
2024-07-02,12,N5056353256,Uribarri,23,30,5
2024-07-02,12,W163196945,Basurtu-Zorrotza,23,23,3
2024-07-02,12,N9607391207,Begona,22,22,2
2024-07-02,12,W375390416,Ibaiondo,20,28,4
2024-07-02,12,N9607455457,Errekalde,20,20,3
2024-07-02,12,W108504682,Abando,19,97,7
2024-07-02,12,N4060532220,Otxarkoaga-Txurdinaga,17,19,3
2024-07-02,12,N10308519810,Deusto,17,17,2
2024-07-02,12,W248634544,Uribarri,16,21,6
2024-07-02,12,W485363913,Ibaiondo,15,60,5
2024-07-02,12,N5056437799,Deusto,15,24,3
2024-07-02,12,W235157481,Otxarkoaga-Txurdinaga,14,36,4
2024-07-02,12,W111740255,Errekalde,14,28,4
2024-07-02,12,N4731925117,Abando,13,22,8
2024-07-02,12,W171882527,Abando,12,12,9
2024-07-02,12,N518227646,Abando,7,20,10
2024-07-02,12,W41688628,Abando,6,25,11
2024-07-02,12,N5301954699,Basurtu-Zorrotza,6,6,4
2024-07-02,12,W185205681,Deusto,5,5,4
2024-07-02,12,W41525574,Ibaiondo,3,114,6
2024-07-02,12,W164510985,Otxarkoaga-Txurdinaga,3,41,5
2024-07-02,12,W632988668,Basurtu-Zorrotza,3,3,5
2024-07-02,12,W44016098,Abando,2,78,12
2024-07-02,12,N4761972760,Abando,2,54,13
2024-07-02,12,W123440625,Uribarri,2,2,7
2024-07-02,12,W164512079,Otxarkoaga-Txurdinaga,1,34,6
2024-07-02,12,W123440604,Uribarri,1,27,8
2024-07-02,12,W163195554,Basurtu-Zorrotza,1,2,6
2024-07-02,13,W108497734,Ibaiondo,160,160,1
2024-07-02,13,N5056355015,Uribarri,155,155,1
2024-07-02,13,N5056356248,Uribarri,139,139,2
2024-07-02,13,N3207631929,Abando,113,113,1
2024-07-02,13,N11229807742,Basurtu-Zorrotza,69,69,1
2024-07-02,13,W110895854,Abando,66,71,2
2024-07-02,13,N4762096882,Abando,58,58,3
2024-07-02,13,N5056379164,Abando,52,52,4
2024-07-02,13,N1271964866,Abando,49,74,5
2024-07-02,13,W164510985,Otxarkoaga-Txurdinaga,41,41,1
2024-07-02,13,N9607467466,Basurtu-Zorrotza,40,48,2
2024-07-02,13,W96337695,Abando,40,40,6
2024-07-02,13,N4060532216,Otxarkoaga-Txurdinaga,39,39,2
2024-07-02,13,N4060532227,Uribarri,37,126,3
2024-07-02,13,W420558992,Ibaiondo,37,39,2
2024-07-02,13,N5056183351,Errekalde,37,37,1
2024-07-02,13,N9607363904,Uribarri,37,37,4
2024-07-02,13,N5056328910,Begona,36,36,1
2024-07-02,13,N4254043797,Deusto,31,31,1
2024-07-02,13,N5056088727,Ibaiondo,29,52,3
2024-07-02,13,N5056184623,Errekalde,29,31,2
2024-07-02,13,N5056353256,Uribarri,23,30,5
2024-07-02,13,W163196945,Basurtu-Zorrotza,23,23,3
2024-07-02,13,N9607391207,Begona,22,22,2
2024-07-02,13,W375390416,Ibaiondo,20,28,4
2024-07-02,13,N9607455457,Errekalde,20,20,3
2024-07-02,13,W108504682,Abando,19,97,7
2024-07-02,13,N10308519810,Deusto,17,17,2
2024-07-02,13,W248634544,Uribarri,16,21,6
2024-07-02,13,N4060532220,Otxarkoaga-Txurdinaga,16,19,3
2024-07-02,13,W485363913,Ibaiondo,15,60,5
2024-07-02,13,N5056437799,Deusto,15,24,3
2024-07-02,13,W235157481,Otxarkoaga-Txurdinaga,14,36,4
2024-07-02,13,W111740255,Errekalde,14,28,4
2024-07-02,13,N4731925117,Abando,13,22,8
2024-07-02,13,W171882527,Abando,12,12,9
2024-07-02,13,N518227646,Abando,7,20,10
2024-07-02,13,W41688628,Abando,6,25,11
2024-07-02,13,N5301954699,Basurtu-Zorrotza,6,6,4
2024-07-02,13,W185205681,Deusto,5,5,4
2024-07-02,13,N4060532217,Otxarkoaga-Txurdinaga,4,41,5
2024-07-02,13,W632988668,Basurtu-Zorrotza,3,3,5
2024-07-02,13,W44016098,Abando,2,78,12
2024-07-02,13,N4761972760,Abando,2,54,13
2024-07-02,13,W123440625,Uribarri,2,2,7
2024-07-02,13,W164512079,Otxarkoaga-Txurdinaga,1,34,6
2024-07-02,13,W123440604,Uribarri,1,27,8
2024-07-02,13,W163195554,Basurtu-Zorrotza,1,2,6
2024-07-02,14,W108497734,Ibaiondo,160,160,1
2024-07-02,14,N5056355015,Uribarri,155,155,1
2024-07-02,14,N5056356248,Uribarri,139,139,2
2024-07-02,14,N3207631929,Abando,113,113,1
2024-07-02,14,W110895854,Abando,66,71,2
2024-07-02,14,N4762096882,Abando,58,58,3
2024-07-02,14,N5056379164,Abando,52,52,4
2024-07-02,14,N1271964866,Abando,49,74,5
2024-07-02,14,N4060532217,Otxarkoaga-Txurdinaga,41,41,1
2024-07-02,14,W96337695,Abando,40,40,6
2024-07-02,14,N4060532216,Otxarkoaga-Txurdinaga,39,39,2
2024-07-02,14,N4060532227,Uribarri,37,126,3
2024-07-02,14,N4254043797,Deusto,31,31,1
2024-07-02,14,N5056353256,Uribarri,30,30,4
2024-07-02,14,N5056184623,Errekalde,29,31,1
2024-07-02,14,W375390416,Ibaiondo,28,28,2
2024-07-02,14,N9607391207,Begona,22,22,1
2024-07-02,14,W108504682,Abando,19,97,7
2024-07-02,14,W123440604,Uribarri,19,27,5
2024-07-02,14,N4060532220,Otxarkoaga-Txurdinaga,17,19,3
2024-07-02,14,W485363913,Ibaiondo,15,60,3
2024-07-02,14,N5056437799,Deusto,15,24,2
2024-07-02,14,W111740255,Errekalde,14,28,2
2024-07-02,14,W171882527,Abando,12,12,8
2024-07-02,14,W41688628,Abando,7,25,9
2024-07-02,14,N518227646,Abando,7,20,10
2024-07-02,14,N5301954699,Basurtu-Zorrotza,6,6,1
2024-07-02,14,N4508853267,Uribarri,5,68,6
2024-07-02,14,W185205681,Deusto,5,5,3
2024-07-02,14,W164510985,Otxarkoaga-Txurdinaga,3,41,4
2024-07-02,14,W632988668,Basurtu-Zorrotza,3,3,2
2024-07-02,14,W44016098,Abando,2,78,11
2024-07-02,14,N4761972760,Abando,2,54,12
2024-07-02,14,W123440625,Uribarri,2,2,7
2024-07-02,14,W163195554,Basurtu-Zorrotza,2,2,3
2024-07-02,15,W108497734,Ibaiondo,160,160,1
2024-07-02,15,N4060532227,Uribarri,126,126,1
2024-07-02,15,W108504682,Abando,97,97,1
2024-07-02,15,W110895854,Abando,69,71,2
2024-07-02,15,N4508853267,Uribarri,68,68,2
2024-07-02,15,N5056379164,Abando,52,52,3
2024-07-02,15,N4060532217,Otxarkoaga-Txurdinaga,41,41,1
2024-07-02,15,N4060532216,Otxarkoaga-Txurdinaga,39,39,2
2024-07-02,15,W96337695,Abando,38,40,4
2024-07-02,15,N5056353256,Uribarri,30,30,3
2024-07-02,15,W375390416,Ibaiondo,28,28,2
2024-07-02,15,N9607391207,Begona,22,22,1
2024-07-02,15,W44016098,Abando,21,78,5
2024-07-02,15,W111740255,Errekalde,20,28,1
2024-07-02,15,N518227646,Abando,20,20,6
2024-07-02,15,W123440604,Uribarri,19,27,4
2024-07-02,15,N4060532220,Otxarkoaga-Txurdinaga,17,19,3
2024-07-02,15,W485363913,Ibaiondo,15,60,3
2024-07-02,15,W171882527,Abando,12,12,7
2024-07-02,15,N5301954699,Basurtu-Zorrotza,6,6,1
2024-07-02,15,W185205681,Deusto,5,5,1
2024-07-02,15,W632988668,Basurtu-Zorrotza,3,3,2
2024-07-02,15,W123440625,Uribarri,2,2,5
2024-07-02,15,W163195554,Basurtu-Zorrotza,2,2,3
2024-07-02,16,W108497734,Ibaiondo,160,160,1
2024-07-02,16,N4060532227,Uribarri,126,126,1
2024-07-02,16,N3207631929,Abando,113,113,1
2024-07-02,16,N4508853267,Uribarri,68,68,2
2024-07-02,16,W110895854,Abando,66,71,2
2024-07-02,16,W301165234,Errekalde,53,53,1
2024-07-02,16,N5056379164,Abando,52,52,3
2024-07-02,16,N5056200430,Basurtu-Zorrotza,43,43,1
2024-07-02,16,N4060532217,Otxarkoaga-Txurdinaga,41,41,1
2024-07-02,16,W96337695,Abando,40,40,4
2024-07-02,16,N4060532216,Otxarkoaga-Txurdinaga,39,39,2
2024-07-02,16,N5056353256,Uribarri,30,30,3
2024-07-02,16,W375390416,Ibaiondo,28,28,2
2024-07-02,16,N9607391207,Begona,22,22,1
2024-07-02,16,W111740255,Errekalde,20,28,2
2024-07-02,16,N518227646,Abando,20,20,5
2024-07-02,16,W108504682,Abando,19,97,6
2024-07-02,16,W123440604,Uribarri,19,27,4
2024-07-02,16,N4060532220,Otxarkoaga-Txurdinaga,17,19,3
2024-07-02,16,W485363913,Ibaiondo,15,60,3
2024-07-02,16,W171882527,Abando,12,12,7
2024-07-02,16,N5301954699,Basurtu-Zorrotza,6,6,2
2024-07-02,16,W185205681,Deusto,5,5,1
2024-07-02,16,W632988668,Basurtu-Zorrotza,3,3,3
2024-07-02,16,W44016098,Abando,2,78,8
2024-07-02,16,W123440625,Uribarri,2,2,5
2024-07-02,16,W163195554,Basurtu-Zorrotza,2,2,4
2024-07-02,17,W108497734,Ibaiondo,160,160,1
2024-07-02,17,N4060532227,Uribarri,126,126,1
2024-07-02,17,N3207631929,Abando,113,113,1
2024-07-02,17,N4508853267,Uribarri,68,68,2
2024-07-02,17,W110895854,Abando,66,71,2
2024-07-02,17,W301165234,Errekalde,53,53,1
2024-07-02,17,N5056379164,Abando,52,52,3
2024-07-02,17,N5056421870,Deusto,45,45,1
2024-07-02,17,N5056200430,Basurtu-Zorrotza,43,43,1
2024-07-02,17,N4060532217,Otxarkoaga-Txurdinaga,41,41,1
2024-07-02,17,W96337695,Abando,40,40,4
2024-07-02,17,N4060532216,Otxarkoaga-Txurdinaga,39,39,2
2024-07-02,17,N5056353256,Uribarri,30,30,3
2024-07-02,17,W375390416,Ibaiondo,28,28,2
2024-07-02,17,N9607391207,Begona,22,22,1
2024-07-02,17,W111740255,Errekalde,20,28,2
2024-07-02,17,N518227646,Abando,20,20,5
2024-07-02,17,W108504682,Abando,19,97,6
2024-07-02,17,W123440604,Uribarri,19,27,4
2024-07-02,17,N4060532220,Otxarkoaga-Txurdinaga,17,19,3
2024-07-02,17,W485363913,Ibaiondo,15,60,3
2024-07-02,17,W171882527,Abando,12,12,7
2024-07-02,17,N5301954699,Basurtu-Zorrotza,6,6,2
2024-07-02,17,W185205681,Deusto,5,5,2
2024-07-02,17,W632988668,Basurtu-Zorrotza,3,3,3
2024-07-02,17,W28776478,Abando,2,79,8
2024-07-02,17,W123440625,Uribarri,2,2,5
2024-07-02,17,W163195554,Basurtu-Zorrotza,2,2,4
2024-07-02,18,W108497734,Ibaiondo,160,160,1
2024-07-02,18,N4060532227,Uribarri,126,126,1
2024-07-02,18,N3207631929,Abando,113,113,1
2024-07-02,18,N4508853267,Uribarri,68,68,2
2024-07-02,18,N4762096882,Abando,58,58,2
2024-07-02,18,W301165234,Errekalde,53,53,1
2024-07-02,18,N5056379164,Abando,52,52,3
2024-07-02,18,W28776478,Abando,50,79,4
2024-07-02,18,N1271964866,Abando,49,74,5
2024-07-02,18,N5056421870,Deusto,45,45,1
2024-07-02,18,N5056200430,Basurtu-Zorrotza,43,43,1
2024-07-02,18,N4060532217,Otxarkoaga-Txurdinaga,41,41,1
2024-07-02,18,W96337695,Abando,40,40,6
2024-07-02,18,N4060532216,Otxarkoaga-Txurdinaga,39,39,2
2024-07-02,18,N5056353256,Uribarri,30,30,3
2024-07-02,18,W375390416,Ibaiondo,28,28,2
2024-07-02,18,W41525574,Ibaiondo,25,114,3
2024-07-02,18,W163196945,Basurtu-Zorrotza,23,23,2
2024-07-02,18,N9607391207,Begona,22,22,1
2024-07-02,18,W111740255,Errekalde,20,28,2
2024-07-02,18,W123440604,Uribarri,19,27,4
2024-07-02,18,N4060532220,Otxarkoaga-Txurdinaga,17,19,3
2024-07-02,18,W108504682,Abando,15,97,7
2024-07-02,18,W485363913,Ibaiondo,13,60,4
2024-07-02,18,W171882527,Abando,12,12,8
2024-07-02,18,W44113519,Abando,9,34,9
2024-07-02,18,N518227646,Abando,7,20,10
2024-07-02,18,N5301954699,Basurtu-Zorrotza,6,6,3
2024-07-02,18,W185205681,Deusto,5,5,2
2024-07-02,18,W632988668,Basurtu-Zorrotza,3,3,4
2024-07-02,18,W123440625,Uribarri,2,2,5
2024-07-02,18,W163195554,Basurtu-Zorrotza,2,2,5
2024-07-02,19,W108497734,Ibaiondo,160,160,1
2024-07-02,19,N4060532227,Uribarri,126,126,1
2024-07-02,19,N3207631929,Abando,113,113,1
2024-07-02,19,N4508853267,Uribarri,68,68,2
2024-07-02,19,N4762096882,Abando,58,58,2
2024-07-02,19,W301165234,Errekalde,53,53,1
2024-07-02,19,N5056379164,Abando,52,52,3
2024-07-02,19,W28776478,Abando,50,79,4
2024-07-02,19,N1271964866,Abando,49,74,5
2024-07-02,19,N5056421870,Deusto,45,45,1
2024-07-02,19,N5056200430,Basurtu-Zorrotza,43,43,1
2024-07-02,19,N4060532217,Otxarkoaga-Txurdinaga,41,41,1
2024-07-02,19,W96337695,Abando,40,40,6
2024-07-02,19,N4060532216,Otxarkoaga-Txurdinaga,39,39,2
2024-07-02,19,N5056353256,Uribarri,30,30,3
2024-07-02,19,W375390416,Ibaiondo,28,28,2
2024-07-02,19,W41525574,Ibaiondo,25,114,3
2024-07-02,19,W163196945,Basurtu-Zorrotza,23,23,2
2024-07-02,19,N9607391207,Begona,22,22,1
2024-07-02,19,W111740255,Errekalde,20,28,2
2024-07-02,19,W123440604,Uribarri,19,27,4
2024-07-02,19,N4060532220,Otxarkoaga-Txurdinaga,17,19,3
2024-07-02,19,W108504682,Abando,15,97,7
2024-07-02,19,W485363913,Ibaiondo,13,60,4
2024-07-02,19,W171882527,Abando,12,12,8
2024-07-02,19,W44113519,Abando,9,34,9
2024-07-02,19,N518227646,Abando,7,20,10
2024-07-02,19,N5301954699,Basurtu-Zorrotza,6,6,3
2024-07-02,19,W185205681,Deusto,5,5,2
2024-07-02,19,W632988668,Basurtu-Zorrotza,3,3,4
2024-07-02,19,W123440625,Uribarri,2,2,5
2024-07-02,19,W163195554,Basurtu-Zorrotza,2,2,5
2024-07-02,20,N4060532227,Uribarri,126,126,1
2024-07-02,20,N3207631929,Abando,113,113,1
2024-07-02,20,N4508853267,Uribarri,68,68,2
2024-07-02,20,W485363913,Ibaiondo,60,60,1
2024-07-02,20,N4762096882,Abando,58,58,2
2024-07-02,20,W301165234,Errekalde,53,53,1
2024-07-02,20,N5056379164,Abando,52,52,3
2024-07-02,20,W28776478,Abando,50,79,4
2024-07-02,20,N1271964866,Abando,49,74,5
2024-07-02,20,N5056421870,Deusto,45,45,1
2024-07-02,20,N5056200430,Basurtu-Zorrotza,43,43,1
2024-07-02,20,N4060532217,Otxarkoaga-Txurdinaga,41,41,1
2024-07-02,20,W96337695,Abando,40,40,6
2024-07-02,20,N4060532216,Otxarkoaga-Txurdinaga,39,39,2
2024-07-02,20,N5056353256,Uribarri,30,30,3
2024-07-02,20,W375390416,Ibaiondo,28,28,2
2024-07-02,20,W111740255,Errekalde,20,28,2
2024-07-02,20,W123440604,Uribarri,19,27,4
2024-07-02,20,N4060532220,Otxarkoaga-Txurdinaga,17,19,3
2024-07-02,20,W171882527,Abando,12,12,7
2024-07-02,20,W44113519,Abando,9,34,8
2024-07-02,20,N5301954699,Basurtu-Zorrotza,6,6,2
2024-07-02,20,W44016098,Abando,5,78,9
2024-07-02,20,W632988668,Basurtu-Zorrotza,3,3,3
2024-07-02,20,W123440625,Uribarri,2,2,5
2024-07-02,20,W163195554,Basurtu-Zorrotza,2,2,4
2024-07-02,21,N4060532227,Uribarri,126,126,1
2024-07-02,21,W28776478,Abando,79,79,1
2024-07-02,21,N4508853267,Uribarri,68,68,2
2024-07-02,21,W485363913,Ibaiondo,60,60,1
2024-07-02,21,N5056379164,Abando,52,52,2
2024-07-02,21,N5056421870,Deusto,45,45,1
2024-07-02,21,N5056200430,Basurtu-Zorrotza,43,43,1
2024-07-02,21,N4060532217,Otxarkoaga-Txurdinaga,41,41,1
2024-07-02,21,W96337695,Abando,40,40,3
2024-07-02,21,N4060532216,Otxarkoaga-Txurdinaga,39,39,2
2024-07-02,21,N5056353256,Uribarri,30,30,3
2024-07-02,21,W375390416,Ibaiondo,28,28,2
2024-07-02,21,W44016098,Abando,25,78,4
2024-07-02,21,W111740255,Errekalde,20,28,1
2024-07-02,21,W123440604,Uribarri,19,27,4
2024-07-02,21,N4060532220,Otxarkoaga-Txurdinaga,17,19,3
2024-07-02,21,W171882527,Abando,12,12,5
2024-07-02,21,W44113519,Abando,9,34,6
2024-07-02,21,N5301954699,Basurtu-Zorrotza,6,6,2
2024-07-02,21,W632988668,Basurtu-Zorrotza,3,3,3
2024-07-02,21,W123440625,Uribarri,2,2,5
2024-07-02,21,W163195554,Basurtu-Zorrotza,2,2,4
2024-07-02,22,N4060532227,Uribarri,126,126,1
2024-07-02,22,W28776478,Abando,79,79,1
2024-07-02,22,N4508853267,Uribarri,68,68,2
2024-07-02,22,W485363913,Ibaiondo,60,60,1
2024-07-02,22,N5056379164,Abando,52,52,2
2024-07-02,22,N4060532217,Otxarkoaga-Txurdinaga,41,41,1
2024-07-02,22,N4060532216,Otxarkoaga-Txurdinaga,39,39,2
2024-07-02,22,N5056353256,Uribarri,30,30,3
2024-07-02,22,W111740255,Errekalde,20,28,1
2024-07-02,22,W123440604,Uribarri,19,27,4
2024-07-02,22,N4060532220,Otxarkoaga-Txurdinaga,17,19,3
2024-07-02,22,W171882527,Abando,12,12,3
2024-07-02,22,W44113519,Abando,9,34,4
2024-07-02,22,N5301954699,Basurtu-Zorrotza,6,6,1
2024-07-02,22,W632988668,Basurtu-Zorrotza,3,3,2
2024-07-02,22,W123440625,Uribarri,2,2,5
2024-07-02,22,W163195554,Basurtu-Zorrotza,2,2,3
2024-07-02,23,N4060532227,Uribarri,126,126,1
2024-07-02,23,W28776478,Abando,79,79,1
2024-07-02,23,N4508853267,Uribarri,68,68,2
2024-07-02,23,W485363913,Ibaiondo,60,60,1
2024-07-02,23,N5056379164,Abando,52,52,2
2024-07-02,23,N4060532217,Otxarkoaga-Txurdinaga,41,41,1
2024-07-02,23,N4060532216,Otxarkoaga-Txurdinaga,39,39,2
2024-07-02,23,N5056353256,Uribarri,30,30,3
2024-07-02,23,W111740255,Errekalde,20,28,1
2024-07-02,23,N4060532220,Otxarkoaga-Txurdinaga,17,19,3
2024-07-02,23,W171882527,Abando,12,12,3
2024-07-02,23,W44113519,Abando,9,34,4
2024-07-02,23,N5301954699,Basurtu-Zorrotza,6,6,1
2024-07-02,23,W632988668,Basurtu-Zorrotza,3,3,2
2024-07-02,23,W163195554,Basurtu-Zorrotza,2,2,3
2024-07-03,5,N4060532227,Uribarri,126,126,1
2024-07-03,5,W28776478,Abando,79,79,1
2024-07-03,5,N4508853267,Uribarri,68,68,2
2024-07-03,5,W485363913,Ibaiondo,60,60,1
2024-07-03,5,N4060532217,Otxarkoaga-Txurdinaga,41,41,1
2024-07-03,5,N4060532216,Otxarkoaga-Txurdinaga,39,39,2
2024-07-03,5,N5056353256,Uribarri,30,30,3
2024-07-03,5,N4060532220,Otxarkoaga-Txurdinaga,17,19,3
2024-07-03,5,W163195554,Basurtu-Zorrotza,2,2,1
2024-07-03,6,N4060532227,Uribarri,126,126,1
2024-07-03,6,W28776478,Abando,79,79,1
2024-07-03,6,N4508853267,Uribarri,68,68,2
2024-07-03,6,W485363913,Ibaiondo,60,60,1
2024-07-03,6,N5056379164,Abando,52,52,2
2024-07-03,6,N4060532217,Otxarkoaga-Txurdinaga,41,41,1
2024-07-03,6,N4060532216,Otxarkoaga-Txurdinaga,39,39,2
2024-07-03,6,N5056353256,Uribarri,30,30,3
2024-07-03,6,W111740255,Errekalde,20,28,1
2024-07-03,6,N4060532220,Otxarkoaga-Txurdinaga,17,19,3
2024-07-03,6,W44113519,Abando,9,34,3
2024-07-03,6,N5301954699,Basurtu-Zorrotza,6,6,1
2024-07-03,6,W632988668,Basurtu-Zorrotza,3,3,2
2024-07-03,6,W163195554,Basurtu-Zorrotza,2,2,3
2024-07-03,7,N4060532227,Uribarri,126,126,1
2024-07-03,7,W28776478,Abando,79,79,1
2024-07-03,7,N4508853267,Uribarri,68,68,2
2024-07-03,7,W485363913,Ibaiondo,60,60,1
2024-07-03,7,N5056379164,Abando,52,52,2
2024-07-03,7,N4060532217,Otxarkoaga-Txurdinaga,41,41,1
2024-07-03,7,N4060532216,Otxarkoaga-Txurdinaga,39,39,2
2024-07-03,7,N5056353256,Uribarri,30,30,3
2024-07-03,7,W111740255,Errekalde,20,28,1
2024-07-03,7,N4060532220,Otxarkoaga-Txurdinaga,17,19,3
2024-07-03,7,W44113519,Abando,9,34,3
2024-07-03,7,N5301954699,Basurtu-Zorrotza,6,6,1
2024-07-03,7,W632988668,Basurtu-Zorrotza,3,3,2
2024-07-03,7,W163195554,Basurtu-Zorrotza,2,2,3
2024-07-03,8,N5056355015,Uribarri,155,155,1
2024-07-03,8,N5056356248,Uribarri,139,139,2
2024-07-03,8,W28776478,Abando,79,79,1
2024-07-03,8,W485363913,Ibaiondo,60,60,1
2024-07-03,8,N5056379164,Abando,52,52,2
2024-07-03,8,W164510985,Otxarkoaga-Txurdinaga,41,41,1
2024-07-03,8,N4060532216,Otxarkoaga-Txurdinaga,39,39,2
2024-07-03,8,N4060532227,Uribarri,37,126,3
2024-07-03,8,N4254043797,Deusto,31,31,1
2024-07-03,8,N5056184623,Errekalde,31,31,1
2024-07-03,8,N5056353256,Uribarri,30,30,4
2024-07-03,8,W41688628,Abando,25,25,3
2024-07-03,8,W123440604,Uribarri,19,27,5
2024-07-03,8,N4060532220,Otxarkoaga-Txurdinaga,16,19,3
2024-07-03,8,N5056437799,Deusto,15,24,2
2024-07-03,8,W111740255,Errekalde,14,28,2
2024-07-03,8,W44113519,Abando,9,34,4
2024-07-03,8,N5301954699,Basurtu-Zorrotza,6,6,1
2024-07-03,8,N4508853267,Uribarri,5,68,6
2024-07-03,8,N4060532217,Otxarkoaga-Txurdinaga,4,41,4
2024-07-03,8,W632988668,Basurtu-Zorrotza,3,3,2
2024-07-03,8,W123440625,Uribarri,2,2,7
2024-07-03,8,W163195554,Basurtu-Zorrotza,2,2,3
2024-07-03,9,W108497734,Ibaiondo,160,160,1
2024-07-03,9,N5056355015,Uribarri,155,155,1
2024-07-03,9,N5056356248,Uribarri,139,139,2
2024-07-03,9,W108504682,Abando,97,97,1
2024-07-03,9,W110895854,Abando,69,71,2
2024-07-03,9,N11229807742,Basurtu-Zorrotza,69,69,1
2024-07-03,9,N4761972760,Abando,54,54,3
2024-07-03,9,N5056379164,Abando,52,52,4
2024-07-03,9,W164510985,Otxarkoaga-Txurdinaga,41,41,1
2024-07-03,9,N9607467466,Basurtu-Zorrotza,40,48,2
2024-07-03,9,N4060532216,Otxarkoaga-Txurdinaga,39,39,2
2024-07-03,9,W96337695,Abando,38,40,5
2024-07-03,9,N4060532227,Uribarri,37,126,3
2024-07-03,9,W420558992,Ibaiondo,37,39,2
2024-07-03,9,N5056183351,Errekalde,37,37,1
2024-07-03,9,N9607363904,Uribarri,37,37,4
2024-07-03,9,N5056328910,Begona,36,36,1
2024-07-03,9,N4254043797,Deusto,31,31,1
2024-07-03,9,N5056088727,Ibaiondo,29,52,3
2024-07-03,9,N5056184623,Errekalde,29,31,2
2024-07-03,9,N5056353256,Uribarri,23,30,5
2024-07-03,9,N4731925117,Abando,22,22,6
2024-07-03,9,N9607391207,Begona,22,22,2
2024-07-03,9,W375390416,Ibaiondo,20,28,4
2024-07-03,9,N9607455457,Errekalde,20,20,3
2024-07-03,9,N10308519810,Deusto,17,17,2
2024-07-03,9,W248634544,Uribarri,16,21,6
2024-07-03,9,N4060532220,Otxarkoaga-Txurdinaga,16,19,3
2024-07-03,9,W485363913,Ibaiondo,15,60,5
2024-07-03,9,N5056437799,Deusto,15,24,3
2024-07-03,9,W235157481,Otxarkoaga-Txurdinaga,14,36,4
2024-07-03,9,W111740255,Errekalde,14,28,4
2024-07-03,9,W28776478,Abando,10,79,7
2024-07-03,9,W41688628,Abando,10,25,8
2024-07-03,9,N5301954699,Basurtu-Zorrotza,6,6,3
2024-07-03,9,W185205681,Deusto,5,5,4
2024-07-03,9,N4060532217,Otxarkoaga-Txurdinaga,4,41,5
2024-07-03,9,W632988668,Basurtu-Zorrotza,3,3,4
2024-07-03,9,W123440625,Uribarri,2,2,7
2024-07-03,9,W164512079,Otxarkoaga-Txurdinaga,1,34,6
2024-07-03,9,W123440604,Uribarri,1,27,8
2024-07-03,9,W163195554,Basurtu-Zorrotza,1,2,5
2024-07-03,10,W108497734,Ibaiondo,160,160,1
2024-07-03,10,N5056355015,Uribarri,155,155,1
2024-07-03,10,N5056356248,Uribarri,139,139,2
2024-07-03,10,W108504682,Abando,97,97,1
2024-07-03,10,W404432093,Ibaiondo,72,72,2
2024-07-03,10,W110895854,Abando,69,71,2
2024-07-03,10,N11229807742,Basurtu-Zorrotza,69,69,1
2024-07-03,10,N1271964866,Abando,59,74,3
2024-07-03,10,N4761972760,Abando,54,54,4
2024-07-03,10,N5056379164,Abando,52,52,5
2024-07-03,10,N4060532217,Otxarkoaga-Txurdinaga,41,41,1
2024-07-03,10,N9607467466,Basurtu-Zorrotza,40,48,2
2024-07-03,10,N4060532216,Otxarkoaga-Txurdinaga,39,39,2
2024-07-03,10,W96337695,Abando,38,40,6
2024-07-03,10,N4060532227,Uribarri,37,126,3
2024-07-03,10,W420558992,Ibaiondo,37,39,3
2024-07-03,10,N5056183351,Errekalde,37,37,1
2024-07-03,10,N9607363904,Uribarri,37,37,4
2024-07-03,10,N5056328910,Begona,36,36,1
2024-07-03,10,N4254043797,Deusto,31,31,1
2024-07-03,10,N5056184623,Errekalde,29,31,2
2024-07-03,10,N5056353256,Uribarri,23,30,5
2024-07-03,10,W375390416,Ibaiondo,23,28,4
2024-07-03,10,N9607391207,Begona,22,22,2
2024-07-03,10,W44016098,Abando,21,78,7
2024-07-03,10,W28211432,Abando,20,43,8
2024-07-03,10,N9607455457,Errekalde,20,20,3
2024-07-03,10,N4060532220,Otxarkoaga-Txurdinaga,17,19,3
2024-07-03,10,N10308519810,Deusto,17,17,2
2024-07-03,10,W248634544,Uribarri,16,21,6
2024-07-03,10,W485363913,Ibaiondo,15,60,5
2024-07-03,10,N5056437799,Deusto,15,24,3
2024-07-03,10,W235157481,Otxarkoaga-Txurdinaga,14,36,4
2024-07-03,10,W111740255,Errekalde,14,28,4
2024-07-03,10,N5056088727,Ibaiondo,12,52,6
2024-07-03,10,N4731925117,Abando,11,22,9
2024-07-03,10,W171882527,Abando,8,12,10
2024-07-03,10,W41688628,Abando,7,25,11
2024-07-03,10,N5301954699,Basurtu-Zorrotza,6,6,3
2024-07-03,10,W185205681,Deusto,5,5,4
2024-07-03,10,W41525574,Ibaiondo,3,114,7
2024-07-03,10,W164510985,Otxarkoaga-Txurdinaga,3,41,5
2024-07-03,10,W632988668,Basurtu-Zorrotza,3,3,4
2024-07-03,10,W123440625,Uribarri,2,2,7
2024-07-03,10,W164512079,Otxarkoaga-Txurdinaga,1,34,6
2024-07-03,10,W123440604,Uribarri,1,27,8
2024-07-03,10,W163195554,Basurtu-Zorrotza,1,2,5
2024-07-03,11,W108497734,Ibaiondo,160,160,1
2024-07-03,11,W48045715,Uribarri,155,155,1
2024-07-03,11,N5056356248,Uribarri,139,139,2
2024-07-03,11,N3207631929,Abando,113,113,1
2024-07-03,11,W404432093,Ibaiondo,72,72,2
2024-07-03,11,N11229807742,Basurtu-Zorrotza,69,69,1
2024-07-03,11,W110895854,Abando,66,71,2
2024-07-03,11,N4762096882,Abando,58,58,3
2024-07-03,11,N5056379164,Abando,52,52,4
2024-07-03,11,N1271964866,Abando,49,74,5
2024-07-03,11,W164510985,Otxarkoaga-Txurdinaga,41,41,1
2024-07-03,11,N9607467466,Basurtu-Zorrotza,40,48,2
2024-07-03,11,W96337695,Abando,40,40,6
2024-07-03,11,N4060532216,Otxarkoaga-Txurdinaga,39,39,2
2024-07-03,11,N4060532227,Uribarri,37,126,3
2024-07-03,11,W420558992,Ibaiondo,37,39,3
2024-07-03,11,N5056183351,Errekalde,37,37,1
2024-07-03,11,N9607363904,Uribarri,37,37,4
2024-07-03,11,N5056328910,Begona,36,36,1
2024-07-03,11,N4254043797,Deusto,31,31,1
2024-07-03,11,N5056184623,Errekalde,29,31,2
2024-07-03,11,N5056353256,Uribarri,23,30,5
2024-07-03,11,W375390416,Ibaiondo,23,28,4
2024-07-03,11,W163196945,Basurtu-Zorrotza,23,23,3
2024-07-03,11,N9607391207,Begona,22,22,2
2024-07-03,11,W28211432,Abando,20,43,7
2024-07-03,11,N9607455457,Errekalde,20,20,3
2024-07-03,11,W108504682,Abando,19,97,8
2024-07-03,11,N10308519810,Deusto,17,17,2
2024-07-03,11,W248634544,Uribarri,16,21,6
2024-07-03,11,N4060532220,Otxarkoaga-Txurdinaga,16,19,3
2024-07-03,11,W485363913,Ibaiondo,15,60,5
2024-07-03,11,N5056437799,Deusto,15,24,3
2024-07-03,11,W235157481,Otxarkoaga-Txurdinaga,14,36,4
2024-07-03,11,W111740255,Errekalde,14,28,4
2024-07-03,11,N5056088727,Ibaiondo,12,52,6
2024-07-03,11,N4731925117,Abando,11,22,9
2024-07-03,11,W171882527,Abando,8,12,10
2024-07-03,11,N518227646,Abando,7,20,11
2024-07-03,11,W41688628,Abando,6,25,12
2024-07-03,11,N5301954699,Basurtu-Zorrotza,6,6,4
2024-07-03,11,W185205681,Deusto,5,5,4
2024-07-03,11,N4060532217,Otxarkoaga-Txurdinaga,4,41,5
2024-07-03,11,W41525574,Ibaiondo,3,114,7
2024-07-03,11,W632988668,Basurtu-Zorrotza,3,3,5
2024-07-03,11,W28776478,Abando,2,79,13
2024-07-03,11,N4761972760,Abando,2,54,14
2024-07-03,11,W123440625,Uribarri,2,2,7
2024-07-03,11,W164512079,Otxarkoaga-Txurdinaga,1,34,6
2024-07-03,11,W123440604,Uribarri,1,27,8
2024-07-03,11,W163195554,Basurtu-Zorrotza,1,2,6
2024-07-03,12,W108497734,Ibaiondo,160,160,1
2024-07-03,12,W48045715,Uribarri,155,155,1
2024-07-03,12,N5056356248,Uribarri,139,139,2
2024-07-03,12,N3207631929,Abando,113,113,1
2024-07-03,12,W404432093,Ibaiondo,72,72,2
2024-07-03,12,N11229807742,Basurtu-Zorrotza,69,69,1
2024-07-03,12,W110895854,Abando,66,71,2
2024-07-03,12,N4762096882,Abando,58,58,3
2024-07-03,12,N5056379164,Abando,52,52,4
2024-07-03,12,N1271964866,Abando,49,74,5
2024-07-03,12,W164510985,Otxarkoaga-Txurdinaga,41,41,1
2024-07-03,12,N9607467466,Basurtu-Zorrotza,40,48,2
2024-07-03,12,W96337695,Abando,40,40,6
2024-07-03,12,N4060532216,Otxarkoaga-Txurdinaga,39,39,2
2024-07-03,12,N4060532227,Uribarri,37,126,3
2024-07-03,12,W420558992,Ibaiondo,37,39,3
2024-07-03,12,N5056183351,Errekalde,37,37,1
2024-07-03,12,N9607363904,Uribarri,37,37,4
2024-07-03,12,N5056328910,Begona,36,36,1
2024-07-03,12,N4254043797,Deusto,31,31,1
2024-07-03,12,N5056184623,Errekalde,29,31,2
2024-07-03,12,N5056353256,Uribarri,23,30,5
2024-07-03,12,W375390416,Ibaiondo,23,28,4
2024-07-03,12,W163196945,Basurtu-Zorrotza,23,23,3
2024-07-03,12,N9607391207,Begona,22,22,2
2024-07-03,12,W28211432,Abando,20,43,7
2024-07-03,12,N9607455457,Errekalde,20,20,3
2024-07-03,12,W108504682,Abando,19,97,8
2024-07-03,12,N10308519810,Deusto,17,17,2
2024-07-03,12,W248634544,Uribarri,16,21,6
2024-07-03,12,N4060532220,Otxarkoaga-Txurdinaga,16,19,3
2024-07-03,12,W485363913,Ibaiondo,15,60,5
2024-07-03,12,N5056437799,Deusto,15,24,3
2024-07-03,12,W235157481,Otxarkoaga-Txurdinaga,14,36,4
2024-07-03,12,W111740255,Errekalde,14,28,4
2024-07-03,12,N5056088727,Ibaiondo,12,52,6
2024-07-03,12,N4731925117,Abando,11,22,9
2024-07-03,12,W171882527,Abando,8,12,10
2024-07-03,12,N518227646,Abando,7,20,11
2024-07-03,12,W41688628,Abando,6,25,12
2024-07-03,12,N5301954699,Basurtu-Zorrotza,6,6,4
2024-07-03,12,W185205681,Deusto,5,5,4
2024-07-03,12,N4060532217,Otxarkoaga-Txurdinaga,4,41,5
2024-07-03,12,W41525574,Ibaiondo,3,114,7
2024-07-03,12,W632988668,Basurtu-Zorrotza,3,3,5
2024-07-03,12,W28776478,Abando,2,79,13
2024-07-03,12,N4761972760,Abando,2,54,14
2024-07-03,12,W123440625,Uribarri,2,2,7
2024-07-03,12,W164512079,Otxarkoaga-Txurdinaga,1,34,6
2024-07-03,12,W123440604,Uribarri,1,27,8
2024-07-03,12,W163195554,Basurtu-Zorrotza,1,2,6
2024-07-03,13,W108497734,Ibaiondo,160,160,1
2024-07-03,13,N5056355015,Uribarri,155,155,1
2024-07-03,13,N5056356248,Uribarri,139,139,2
2024-07-03,13,N3207631929,Abando,113,113,1
2024-07-03,13,W404432093,Ibaiondo,72,72,2
2024-07-03,13,N11229807742,Basurtu-Zorrotza,69,69,1
2024-07-03,13,W110895854,Abando,66,71,2
2024-07-03,13,N4762096882,Abando,58,58,3
2024-07-03,13,N5056379164,Abando,52,52,4
2024-07-03,13,N1271964866,Abando,49,74,5
2024-07-03,13,N4060532217,Otxarkoaga-Txurdinaga,41,41,1
2024-07-03,13,N9607467466,Basurtu-Zorrotza,40,48,2
2024-07-03,13,W96337695,Abando,40,40,6
2024-07-03,13,N4060532216,Otxarkoaga-Txurdinaga,39,39,2
2024-07-03,13,N4060532227,Uribarri,37,126,3
2024-07-03,13,W420558992,Ibaiondo,37,39,3
2024-07-03,13,N5056183351,Errekalde,37,37,1
2024-07-03,13,N9607363904,Uribarri,37,37,4
2024-07-03,13,N5056328910,Begona,36,36,1
2024-07-03,13,N4254043797,Deusto,31,31,1
2024-07-03,13,N5056184623,Errekalde,29,31,2
2024-07-03,13,N5056353256,Uribarri,23,30,5
2024-07-03,13,W375390416,Ibaiondo,23,28,4
2024-07-03,13,W163196945,Basurtu-Zorrotza,23,23,3
2024-07-03,13,N9607391207,Begona,22,22,2
2024-07-03,13,W28211432,Abando,20,43,7
2024-07-03,13,N9607455457,Errekalde,20,20,3
2024-07-03,13,W108504682,Abando,19,97,8
2024-07-03,13,N4060532220,Otxarkoaga-Txurdinaga,17,19,3
2024-07-03,13,N10308519810,Deusto,17,17,2
2024-07-03,13,W248634544,Uribarri,16,21,6
2024-07-03,13,W485363913,Ibaiondo,15,60,5
2024-07-03,13,N5056437799,Deusto,15,24,3
2024-07-03,13,W235157481,Otxarkoaga-Txurdinaga,14,36,4
2024-07-03,13,W111740255,Errekalde,14,28,4
2024-07-03,13,N5056088727,Ibaiondo,12,52,6
2024-07-03,13,N4731925117,Abando,11,22,9
2024-07-03,13,W171882527,Abando,8,12,10
2024-07-03,13,N518227646,Abando,7,20,11
2024-07-03,13,W41688628,Abando,6,25,12
2024-07-03,13,N5301954699,Basurtu-Zorrotza,6,6,4
2024-07-03,13,W185205681,Deusto,5,5,4
2024-07-03,13,W164510985,Otxarkoaga-Txurdinaga,3,41,5
2024-07-03,13,W632988668,Basurtu-Zorrotza,3,3,5
2024-07-03,13,W28776478,Abando,2,79,13
2024-07-03,13,N4761972760,Abando,2,54,14
2024-07-03,13,W123440625,Uribarri,2,2,7
2024-07-03,13,W164512079,Otxarkoaga-Txurdinaga,1,34,6
2024-07-03,13,W123440604,Uribarri,1,27,8
2024-07-03,13,W163195554,Basurtu-Zorrotza,1,2,6
2024-07-03,14,W108497734,Ibaiondo,160,160,1
2024-07-03,14,N5056355015,Uribarri,155,155,1
2024-07-03,14,N5056356248,Uribarri,139,139,2
2024-07-03,14,N3207631929,Abando,113,113,1
2024-07-03,14,W404432093,Ibaiondo,72,72,2
2024-07-03,14,W110895854,Abando,66,71,2
2024-07-03,14,N4762096882,Abando,58,58,3
2024-07-03,14,N5056379164,Abando,52,52,4
2024-07-03,14,N1271964866,Abando,49,74,5
2024-07-03,14,W164510985,Otxarkoaga-Txurdinaga,41,41,1
2024-07-03,14,W96337695,Abando,40,40,6
2024-07-03,14,N4060532216,Otxarkoaga-Txurdinaga,39,39,2
2024-07-03,14,N4060532227,Uribarri,37,126,3
2024-07-03,14,N4254043797,Deusto,31,31,1
2024-07-03,14,N5056353256,Uribarri,30,30,4
2024-07-03,14,N5056184623,Errekalde,29,31,1
2024-07-03,14,W375390416,Ibaiondo,24,28,3
2024-07-03,14,N9607391207,Begona,22,22,1
2024-07-03,14,W28211432,Abando,20,43,7
2024-07-03,14,W108504682,Abando,19,97,8
2024-07-03,14,W123440604,Uribarri,19,27,5
2024-07-03,14,N4060532220,Otxarkoaga-Txurdinaga,16,19,3
2024-07-03,14,W485363913,Ibaiondo,15,60,4
2024-07-03,14,N5056437799,Deusto,15,24,2
2024-07-03,14,W111740255,Errekalde,14,28,2
2024-07-03,14,W171882527,Abando,8,12,9
2024-07-03,14,W41688628,Abando,7,25,10
2024-07-03,14,N518227646,Abando,7,20,11
2024-07-03,14,N5301954699,Basurtu-Zorrotza,6,6,1
2024-07-03,14,N4508853267,Uribarri,5,68,6
2024-07-03,14,W185205681,Deusto,5,5,3
2024-07-03,14,N4060532217,Otxarkoaga-Txurdinaga,4,41,4
2024-07-03,14,W632988668,Basurtu-Zorrotza,3,3,2
2024-07-03,14,W28776478,Abando,2,79,12
2024-07-03,14,N4761972760,Abando,2,54,13
2024-07-03,14,W123440625,Uribarri,2,2,7
2024-07-03,14,W163195554,Basurtu-Zorrotza,2,2,3
2024-07-03,15,W108497734,Ibaiondo,160,160,1
2024-07-03,15,N4060532227,Uribarri,126,126,1
2024-07-03,15,W108504682,Abando,97,97,1
2024-07-03,15,W404432093,Ibaiondo,72,72,2
2024-07-03,15,W110895854,Abando,69,71,2
2024-07-03,15,N4508853267,Uribarri,68,68,2
2024-07-03,15,N5056379164,Abando,52,52,3
2024-07-03,15,W28211432,Abando,43,43,4
2024-07-03,15,N4060532217,Otxarkoaga-Txurdinaga,41,41,1
2024-07-03,15,N4060532216,Otxarkoaga-Txurdinaga,39,39,2
2024-07-03,15,W96337695,Abando,38,40,5
2024-07-03,15,N5056353256,Uribarri,30,30,3
2024-07-03,15,W375390416,Ibaiondo,24,28,3
2024-07-03,15,N9607391207,Begona,22,22,1
2024-07-03,15,W44016098,Abando,21,78,6
2024-07-03,15,W111740255,Errekalde,20,28,1
2024-07-03,15,N518227646,Abando,20,20,7
2024-07-03,15,W123440604,Uribarri,19,27,4
2024-07-03,15,N4060532220,Otxarkoaga-Txurdinaga,17,19,3
2024-07-03,15,W485363913,Ibaiondo,15,60,4
2024-07-03,15,W171882527,Abando,8,12,8
2024-07-03,15,N5301954699,Basurtu-Zorrotza,6,6,1
2024-07-03,15,W185205681,Deusto,5,5,1
2024-07-03,15,W632988668,Basurtu-Zorrotza,3,3,2
2024-07-03,15,W123440625,Uribarri,2,2,5
2024-07-03,15,W163195554,Basurtu-Zorrotza,2,2,3
2024-07-03,16,W108497734,Ibaiondo,160,160,1
2024-07-03,16,N4060532227,Uribarri,126,126,1
2024-07-03,16,N3207631929,Abando,113,113,1
2024-07-03,16,W404432093,Ibaiondo,72,72,2
2024-07-03,16,N4508853267,Uribarri,68,68,2
2024-07-03,16,W110895854,Abando,66,71,2
2024-07-03,16,W301165234,Errekalde,53,53,1
2024-07-03,16,N5056379164,Abando,52,52,3
2024-07-03,16,N5056200430,Basurtu-Zorrotza,43,43,1
2024-07-03,16,W28211432,Abando,43,43,4
2024-07-03,16,N4060532217,Otxarkoaga-Txurdinaga,41,41,1
2024-07-03,16,W96337695,Abando,40,40,5
2024-07-03,16,N4060532216,Otxarkoaga-Txurdinaga,39,39,2
2024-07-03,16,N5056353256,Uribarri,30,30,3
2024-07-03,16,W375390416,Ibaiondo,24,28,3
2024-07-03,16,N9607391207,Begona,22,22,1
2024-07-03,16,W111740255,Errekalde,20,28,2
2024-07-03,16,N518227646,Abando,20,20,6
2024-07-03,16,W108504682,Abando,19,97,7
2024-07-03,16,W123440604,Uribarri,19,27,4
2024-07-03,16,N4060532220,Otxarkoaga-Txurdinaga,17,19,3
2024-07-03,16,W485363913,Ibaiondo,15,60,4
2024-07-03,16,W171882527,Abando,8,12,8
2024-07-03,16,N5301954699,Basurtu-Zorrotza,6,6,2
2024-07-03,16,W185205681,Deusto,5,5,1
2024-07-03,16,W632988668,Basurtu-Zorrotza,3,3,3
2024-07-03,16,W28776478,Abando,2,79,9
2024-07-03,16,W123440625,Uribarri,2,2,5
2024-07-03,16,W163195554,Basurtu-Zorrotza,2,2,4
2024-07-03,17,W108497734,Ibaiondo,160,160,1
2024-07-03,17,N4060532227,Uribarri,126,126,1
2024-07-03,17,N3207631929,Abando,113,113,1
2024-07-03,17,W404432093,Ibaiondo,72,72,2
2024-07-03,17,N4508853267,Uribarri,68,68,2
2024-07-03,17,W110895854,Abando,66,71,2
2024-07-03,17,W301165234,Errekalde,53,53,1
2024-07-03,17,N5056379164,Abando,52,52,3
2024-07-03,17,N5056421870,Deusto,45,45,1
2024-07-03,17,N5056200430,Basurtu-Zorrotza,43,43,1
2024-07-03,17,W28211432,Abando,43,43,4
2024-07-03,17,N4060532217,Otxarkoaga-Txurdinaga,41,41,1
2024-07-03,17,W96337695,Abando,40,40,5
2024-07-03,17,N4060532216,Otxarkoaga-Txurdinaga,39,39,2
2024-07-03,17,N5056353256,Uribarri,30,30,3
2024-07-03,17,W375390416,Ibaiondo,24,28,3
2024-07-03,17,N9607391207,Begona,22,22,1
2024-07-03,17,W111740255,Errekalde,20,28,2
2024-07-03,17,N518227646,Abando,20,20,6
2024-07-03,17,W108504682,Abando,19,97,7
2024-07-03,17,W123440604,Uribarri,19,27,4
2024-07-03,17,N4060532220,Otxarkoaga-Txurdinaga,17,19,3
2024-07-03,17,W485363913,Ibaiondo,15,60,4
2024-07-03,17,W171882527,Abando,8,12,8
2024-07-03,17,N5301954699,Basurtu-Zorrotza,6,6,2
2024-07-03,17,W185205681,Deusto,5,5,2
2024-07-03,17,W632988668,Basurtu-Zorrotza,3,3,3
2024-07-03,17,W28776478,Abando,2,79,9
2024-07-03,17,W123440625,Uribarri,2,2,5
2024-07-03,17,W163195554,Basurtu-Zorrotza,2,2,4
2024-07-03,18,W108497734,Ibaiondo,160,160,1
2024-07-03,18,N4060532227,Uribarri,126,126,1
2024-07-03,18,N3207631929,Abando,113,113,1
2024-07-03,18,W404432093,Ibaiondo,72,72,2
2024-07-03,18,N4508853267,Uribarri,68,68,2
2024-07-03,18,N4762096882,Abando,58,58,2
2024-07-03,18,W301165234,Errekalde,53,53,1
2024-07-03,18,N5056379164,Abando,52,52,3
2024-07-03,18,W28776478,Abando,50,79,4
2024-07-03,18,N1271964866,Abando,49,74,5
2024-07-03,18,N5056421870,Deusto,45,45,1
2024-07-03,18,N5056200430,Basurtu-Zorrotza,43,43,1
2024-07-03,18,N4060532217,Otxarkoaga-Txurdinaga,41,41,1
2024-07-03,18,W96337695,Abando,40,40,6
2024-07-03,18,N4060532216,Otxarkoaga-Txurdinaga,39,39,2
2024-07-03,18,N5056353256,Uribarri,30,30,3
2024-07-03,18,W41525574,Ibaiondo,25,114,3
2024-07-03,18,W375390416,Ibaiondo,24,28,4
2024-07-03,18,W163196945,Basurtu-Zorrotza,23,23,2
2024-07-03,18,N9607391207,Begona,22,22,1
2024-07-03,18,W28211432,Abando,20,43,7
2024-07-03,18,W111740255,Errekalde,20,28,2
2024-07-03,18,W123440604,Uribarri,19,27,4
2024-07-03,18,N4060532220,Otxarkoaga-Txurdinaga,17,19,3
2024-07-03,18,W108504682,Abando,15,97,8
2024-07-03,18,W485363913,Ibaiondo,13,60,5
2024-07-03,18,W44113519,Abando,9,34,9
2024-07-03,18,W171882527,Abando,8,12,10
2024-07-03,18,N518227646,Abando,7,20,11
2024-07-03,18,N5301954699,Basurtu-Zorrotza,6,6,3
2024-07-03,18,W185205681,Deusto,5,5,2
2024-07-03,18,W632988668,Basurtu-Zorrotza,3,3,4
2024-07-03,18,W123440625,Uribarri,2,2,5
2024-07-03,18,W163195554,Basurtu-Zorrotza,2,2,5
2024-07-03,19,W108497734,Ibaiondo,160,160,1
2024-07-03,19,N4060532227,Uribarri,126,126,1
2024-07-03,19,N3207631929,Abando,113,113,1
2024-07-03,19,W404432093,Ibaiondo,72,72,2
2024-07-03,19,N4508853267,Uribarri,68,68,2
2024-07-03,19,N4762096882,Abando,58,58,2
2024-07-03,19,W301165234,Errekalde,53,53,1
2024-07-03,19,N5056379164,Abando,52,52,3
2024-07-03,19,W28776478,Abando,50,79,4
2024-07-03,19,N1271964866,Abando,49,74,5
2024-07-03,19,N5056421870,Deusto,45,45,1
2024-07-03,19,N5056200430,Basurtu-Zorrotza,43,43,1
2024-07-03,19,N4060532217,Otxarkoaga-Txurdinaga,41,41,1
2024-07-03,19,W96337695,Abando,40,40,6
2024-07-03,19,N4060532216,Otxarkoaga-Txurdinaga,39,39,2
2024-07-03,19,N5056353256,Uribarri,30,30,3
2024-07-03,19,W41525574,Ibaiondo,25,114,3
2024-07-03,19,W375390416,Ibaiondo,24,28,4
2024-07-03,19,W163196945,Basurtu-Zorrotza,23,23,2
2024-07-03,19,N9607391207,Begona,22,22,1
2024-07-03,19,W28211432,Abando,20,43,7
2024-07-03,19,W111740255,Errekalde,20,28,2
2024-07-03,19,W123440604,Uribarri,19,27,4
2024-07-03,19,N4060532220,Otxarkoaga-Txurdinaga,17,19,3
2024-07-03,19,W108504682,Abando,15,97,8
2024-07-03,19,W485363913,Ibaiondo,13,60,5
2024-07-03,19,W44113519,Abando,9,34,9
2024-07-03,19,W171882527,Abando,8,12,10
2024-07-03,19,N518227646,Abando,7,20,11
2024-07-03,19,N5301954699,Basurtu-Zorrotza,6,6,3
2024-07-03,19,W185205681,Deusto,5,5,2
2024-07-03,19,W632988668,Basurtu-Zorrotza,3,3,4
2024-07-03,19,W123440625,Uribarri,2,2,5
2024-07-03,19,W163195554,Basurtu-Zorrotza,2,2,5
2024-07-03,20,N4060532227,Uribarri,126,126,1
2024-07-03,20,N3207631929,Abando,113,113,1
2024-07-03,20,W404432093,Ibaiondo,72,72,1
2024-07-03,20,N4508853267,Uribarri,68,68,2
2024-07-03,20,W485363913,Ibaiondo,60,60,2
2024-07-03,20,N4762096882,Abando,58,58,2
2024-07-03,20,W301165234,Errekalde,53,53,1
2024-07-03,20,N5056379164,Abando,52,52,3
2024-07-03,20,W28776478,Abando,50,79,4
2024-07-03,20,N1271964866,Abando,49,74,5
2024-07-03,20,N5056421870,Deusto,45,45,1
2024-07-03,20,N5056200430,Basurtu-Zorrotza,43,43,1
2024-07-03,20,N4060532217,Otxarkoaga-Txurdinaga,41,41,1
2024-07-03,20,W96337695,Abando,40,40,6
2024-07-03,20,N4060532216,Otxarkoaga-Txurdinaga,39,39,2
2024-07-03,20,N5056353256,Uribarri,30,30,3
2024-07-03,20,W375390416,Ibaiondo,24,28,3
2024-07-03,20,W28211432,Abando,20,43,7
2024-07-03,20,W111740255,Errekalde,20,28,2
2024-07-03,20,W123440604,Uribarri,19,27,4
2024-07-03,20,N4060532220,Otxarkoaga-Txurdinaga,17,19,3
2024-07-03,20,W44113519,Abando,9,34,8
2024-07-03,20,W171882527,Abando,8,12,9
2024-07-03,20,N5301954699,Basurtu-Zorrotza,6,6,2
2024-07-03,20,W44016098,Abando,5,78,10
2024-07-03,20,W632988668,Basurtu-Zorrotza,3,3,3
2024-07-03,20,W123440625,Uribarri,2,2,5
2024-07-03,20,W163195554,Basurtu-Zorrotza,2,2,4
2024-07-03,21,N4060532227,Uribarri,126,126,1
2024-07-03,21,W28776478,Abando,79,79,1
2024-07-03,21,N4508853267,Uribarri,68,68,2
2024-07-03,21,W485363913,Ibaiondo,60,60,1
2024-07-03,21,N5056379164,Abando,52,52,2
2024-07-03,21,N5056421870,Deusto,45,45,1
2024-07-03,21,N5056200430,Basurtu-Zorrotza,43,43,1
2024-07-03,21,N4060532217,Otxarkoaga-Txurdinaga,41,41,1
2024-07-03,21,W96337695,Abando,40,40,3
2024-07-03,21,N4060532216,Otxarkoaga-Txurdinaga,39,39,2
2024-07-03,21,N5056353256,Uribarri,30,30,3
2024-07-03,21,W375390416,Ibaiondo,28,28,2
2024-07-03,21,W44016098,Abando,25,78,4
2024-07-03,21,W111740255,Errekalde,20,28,1
2024-07-03,21,W123440604,Uribarri,19,27,4
2024-07-03,21,N4060532220,Otxarkoaga-Txurdinaga,17,19,3
2024-07-03,21,W171882527,Abando,12,12,5
2024-07-03,21,W44113519,Abando,9,34,6
2024-07-03,21,N5301954699,Basurtu-Zorrotza,6,6,2
2024-07-03,21,W632988668,Basurtu-Zorrotza,3,3,3
2024-07-03,21,W123440625,Uribarri,2,2,5
2024-07-03,21,W163195554,Basurtu-Zorrotza,2,2,4
2024-07-03,22,N4060532227,Uribarri,126,126,1
2024-07-03,22,W28776478,Abando,79,79,1
2024-07-03,22,N4508853267,Uribarri,68,68,2
2024-07-03,22,W485363913,Ibaiondo,60,60,1
2024-07-03,22,N5056379164,Abando,52,52,2
2024-07-03,22,N4060532217,Otxarkoaga-Txurdinaga,41,41,1
2024-07-03,22,N4060532216,Otxarkoaga-Txurdinaga,39,39,2
2024-07-03,22,N5056353256,Uribarri,30,30,3
2024-07-03,22,W111740255,Errekalde,20,28,1
2024-07-03,22,W123440604,Uribarri,19,27,4
2024-07-03,22,N4060532220,Otxarkoaga-Txurdinaga,17,19,3
2024-07-03,22,W171882527,Abando,12,12,3
2024-07-03,22,W44113519,Abando,9,34,4
2024-07-03,22,N5301954699,Basurtu-Zorrotza,6,6,1
2024-07-03,22,W632988668,Basurtu-Zorrotza,3,3,2
2024-07-03,22,W123440625,Uribarri,2,2,5
2024-07-03,22,W163195554,Basurtu-Zorrotza,2,2,3
2024-07-03,23,N4060532227,Uribarri,126,126,1
2024-07-03,23,W28776478,Abando,79,79,1
2024-07-03,23,N4508853267,Uribarri,68,68,2
2024-07-03,23,W485363913,Ibaiondo,60,60,1
2024-07-03,23,N5056379164,Abando,52,52,2
2024-07-03,23,N4060532217,Otxarkoaga-Txurdinaga,41,41,1
2024-07-03,23,N4060532216,Otxarkoaga-Txurdinaga,39,39,2
2024-07-03,23,N5056353256,Uribarri,30,30,3
2024-07-03,23,W111740255,Errekalde,20,28,1
2024-07-03,23,N4060532220,Otxarkoaga-Txurdinaga,17,19,3
2024-07-03,23,W171882527,Abando,12,12,3
2024-07-03,23,W44113519,Abando,9,34,4
2024-07-03,23,N5301954699,Basurtu-Zorrotza,6,6,1
2024-07-03,23,W632988668,Basurtu-Zorrotza,3,3,2
2024-07-03,23,W163195554,Basurtu-Zorrotza,2,2,3
2024-07-04,5,N4060532227,Uribarri,126,126,1
2024-07-04,5,W28776478,Abando,79,79,1
2024-07-04,5,N4508853267,Uribarri,68,68,2
2024-07-04,5,W485363913,Ibaiondo,60,60,1
2024-07-04,5,N4060532217,Otxarkoaga-Txurdinaga,41,41,1
2024-07-04,5,N4060532216,Otxarkoaga-Txurdinaga,39,39,2
2024-07-04,5,N5056353256,Uribarri,30,30,3
2024-07-04,5,N4060532220,Otxarkoaga-Txurdinaga,17,19,3
2024-07-04,5,W163195554,Basurtu-Zorrotza,2,2,1
2024-07-04,6,N4060532227,Uribarri,126,126,1
2024-07-04,6,W28776478,Abando,79,79,1
2024-07-04,6,N4508853267,Uribarri,68,68,2
2024-07-04,6,W485363913,Ibaiondo,60,60,1
2024-07-04,6,N5056379164,Abando,52,52,2
2024-07-04,6,N4060532217,Otxarkoaga-Txurdinaga,41,41,1
2024-07-04,6,N4060532216,Otxarkoaga-Txurdinaga,39,39,2
2024-07-04,6,N5056353256,Uribarri,30,30,3
2024-07-04,6,W111740255,Errekalde,20,28,1
2024-07-04,6,N4060532220,Otxarkoaga-Txurdinaga,17,19,3
2024-07-04,6,W44113519,Abando,9,34,3
2024-07-04,6,N5301954699,Basurtu-Zorrotza,6,6,1
2024-07-04,6,W632988668,Basurtu-Zorrotza,3,3,2
2024-07-04,6,W163195554,Basurtu-Zorrotza,2,2,3
2024-07-04,7,N4060532227,Uribarri,126,126,1
2024-07-04,7,W28776478,Abando,79,79,1
2024-07-04,7,N4508853267,Uribarri,68,68,2
2024-07-04,7,W485363913,Ibaiondo,60,60,1
2024-07-04,7,N5056379164,Abando,52,52,2
2024-07-04,7,N4060532217,Otxarkoaga-Txurdinaga,41,41,1
2024-07-04,7,N4060532216,Otxarkoaga-Txurdinaga,39,39,2
2024-07-04,7,N5056353256,Uribarri,30,30,3
2024-07-04,7,W111740255,Errekalde,20,28,1
2024-07-04,7,N4060532220,Otxarkoaga-Txurdinaga,17,19,3
2024-07-04,7,W44113519,Abando,9,34,3
2024-07-04,7,N5301954699,Basurtu-Zorrotza,6,6,1
2024-07-04,7,W632988668,Basurtu-Zorrotza,3,3,2
2024-07-04,7,W163195554,Basurtu-Zorrotza,2,2,3
2024-07-04,8,N5056355015,Uribarri,155,155,1
2024-07-04,8,N5056356248,Uribarri,139,139,2
2024-07-04,8,W28776478,Abando,79,79,1
2024-07-04,8,W485363913,Ibaiondo,60,60,1
2024-07-04,8,N5056379164,Abando,52,52,2
2024-07-04,8,W164510985,Otxarkoaga-Txurdinaga,41,41,1
2024-07-04,8,N4060532216,Otxarkoaga-Txurdinaga,39,39,2
2024-07-04,8,N4060532227,Uribarri,37,126,3
2024-07-04,8,N4254043797,Deusto,31,31,1
2024-07-04,8,N5056184623,Errekalde,31,31,1
2024-07-04,8,N5056353256,Uribarri,30,30,4
2024-07-04,8,W41688628,Abando,25,25,3
2024-07-04,8,W123440604,Uribarri,19,27,5
2024-07-04,8,N4060532220,Otxarkoaga-Txurdinaga,16,19,3
2024-07-04,8,N5056437799,Deusto,15,24,2
2024-07-04,8,W111740255,Errekalde,14,28,2
2024-07-04,8,W44113519,Abando,9,34,4
2024-07-04,8,N5301954699,Basurtu-Zorrotza,6,6,1
2024-07-04,8,N4508853267,Uribarri,5,68,6
2024-07-04,8,N4060532217,Otxarkoaga-Txurdinaga,4,41,4
2024-07-04,8,W632988668,Basurtu-Zorrotza,3,3,2
2024-07-04,8,W123440625,Uribarri,2,2,7
2024-07-04,8,W163195554,Basurtu-Zorrotza,2,2,3
2024-07-04,9,W108497734,Ibaiondo,160,160,1
2024-07-04,9,N5056355015,Uribarri,155,155,1
2024-07-04,9,N5056356248,Uribarri,139,139,2
2024-07-04,9,W108504682,Abando,97,97,1
2024-07-04,9,W110895854,Abando,69,71,2
2024-07-04,9,N11229807742,Basurtu-Zorrotza,69,69,1
2024-07-04,9,N4761972760,Abando,54,54,3
2024-07-04,9,N5056379164,Abando,52,52,4
2024-07-04,9,W164510985,Otxarkoaga-Txurdinaga,41,41,1
2024-07-04,9,N9607467466,Basurtu-Zorrotza,40,48,2
2024-07-04,9,N4060532216,Otxarkoaga-Txurdinaga,39,39,2
2024-07-04,9,W96337695,Abando,38,40,5
2024-07-04,9,N4060532227,Uribarri,37,126,3
2024-07-04,9,W420558992,Ibaiondo,37,39,2
2024-07-04,9,N5056183351,Errekalde,37,37,1
2024-07-04,9,N9607363904,Uribarri,37,37,4
2024-07-04,9,N5056328910,Begona,36,36,1
2024-07-04,9,N4254043797,Deusto,31,31,1
2024-07-04,9,N5056088727,Ibaiondo,29,52,3
2024-07-04,9,N5056184623,Errekalde,29,31,2
2024-07-04,9,N5056353256,Uribarri,23,30,5
2024-07-04,9,N4731925117,Abando,22,22,6
2024-07-04,9,N9607391207,Begona,22,22,2
2024-07-04,9,W375390416,Ibaiondo,20,28,4
2024-07-04,9,N9607455457,Errekalde,20,20,3
2024-07-04,9,N10308519810,Deusto,17,17,2
2024-07-04,9,W248634544,Uribarri,16,21,6
2024-07-04,9,N4060532220,Otxarkoaga-Txurdinaga,16,19,3
2024-07-04,9,W485363913,Ibaiondo,15,60,5
2024-07-04,9,N5056437799,Deusto,15,24,3
2024-07-04,9,W235157481,Otxarkoaga-Txurdinaga,14,36,4
2024-07-04,9,W111740255,Errekalde,14,28,4
2024-07-04,9,W28776478,Abando,10,79,7
2024-07-04,9,W41688628,Abando,10,25,8
2024-07-04,9,N5301954699,Basurtu-Zorrotza,6,6,3
2024-07-04,9,W185205681,Deusto,5,5,4
2024-07-04,9,N4060532217,Otxarkoaga-Txurdinaga,4,41,5
2024-07-04,9,W632988668,Basurtu-Zorrotza,3,3,4
2024-07-04,9,W123440625,Uribarri,2,2,7
2024-07-04,9,W164512079,Otxarkoaga-Txurdinaga,1,34,6
2024-07-04,9,W123440604,Uribarri,1,27,8
2024-07-04,9,W163195554,Basurtu-Zorrotza,1,2,5
2024-07-04,10,W108497734,Ibaiondo,160,160,1
2024-07-04,10,N5056355015,Uribarri,155,155,1
2024-07-04,10,N5056356248,Uribarri,139,139,2
2024-07-04,10,W108504682,Abando,97,97,1
2024-07-04,10,W404432093,Ibaiondo,72,72,2
2024-07-04,10,W110895854,Abando,69,71,2
2024-07-04,10,N11229807742,Basurtu-Zorrotza,69,69,1
2024-07-04,10,N1271964866,Abando,59,74,3
2024-07-04,10,N4761972760,Abando,54,54,4
2024-07-04,10,N5056379164,Abando,52,52,5
2024-07-04,10,N4060532217,Otxarkoaga-Txurdinaga,41,41,1
2024-07-04,10,N9607467466,Basurtu-Zorrotza,40,48,2
2024-07-04,10,N4060532216,Otxarkoaga-Txurdinaga,39,39,2
2024-07-04,10,W96337695,Abando,38,40,6
2024-07-04,10,N4060532227,Uribarri,37,126,3
2024-07-04,10,W420558992,Ibaiondo,37,39,3
2024-07-04,10,N5056183351,Errekalde,37,37,1
2024-07-04,10,N9607363904,Uribarri,37,37,4
2024-07-04,10,N5056328910,Begona,36,36,1
2024-07-04,10,N4254043797,Deusto,31,31,1
2024-07-04,10,N5056184623,Errekalde,29,31,2
2024-07-04,10,N5056353256,Uribarri,23,30,5
2024-07-04,10,W375390416,Ibaiondo,23,28,4
2024-07-04,10,N9607391207,Begona,22,22,2
2024-07-04,10,W44016098,Abando,21,78,7
2024-07-04,10,W28211432,Abando,20,43,8
2024-07-04,10,N9607455457,Errekalde,20,20,3
2024-07-04,10,N4060532220,Otxarkoaga-Txurdinaga,17,19,3
2024-07-04,10,N10308519810,Deusto,17,17,2
2024-07-04,10,W248634544,Uribarri,16,21,6
2024-07-04,10,W485363913,Ibaiondo,15,60,5
2024-07-04,10,N5056437799,Deusto,15,24,3
2024-07-04,10,W235157481,Otxarkoaga-Txurdinaga,14,36,4
2024-07-04,10,W111740255,Errekalde,14,28,4
2024-07-04,10,N5056088727,Ibaiondo,12,52,6
2024-07-04,10,N4731925117,Abando,11,22,9
2024-07-04,10,W171882527,Abando,8,12,10
2024-07-04,10,W41688628,Abando,7,25,11
2024-07-04,10,N5301954699,Basurtu-Zorrotza,6,6,3
2024-07-04,10,W185205681,Deusto,5,5,4
2024-07-04,10,W41525574,Ibaiondo,3,114,7
2024-07-04,10,W164510985,Otxarkoaga-Txurdinaga,3,41,5
2024-07-04,10,W632988668,Basurtu-Zorrotza,3,3,4
2024-07-04,10,W123440625,Uribarri,2,2,7
2024-07-04,10,W164512079,Otxarkoaga-Txurdinaga,1,34,6
2024-07-04,10,W123440604,Uribarri,1,27,8
2024-07-04,10,W163195554,Basurtu-Zorrotza,1,2,5
2024-07-04,11,W108497734,Ibaiondo,160,160,1
2024-07-04,11,W48045715,Uribarri,155,155,1
2024-07-04,11,N5056356248,Uribarri,139,139,2
2024-07-04,11,N3207631929,Abando,113,113,1
2024-07-04,11,W404432093,Ibaiondo,72,72,2
2024-07-04,11,N11229807742,Basurtu-Zorrotza,69,69,1
2024-07-04,11,W110895854,Abando,66,71,2
2024-07-04,11,N4762096882,Abando,58,58,3
2024-07-04,11,N5056379164,Abando,52,52,4
2024-07-04,11,N1271964866,Abando,49,74,5
2024-07-04,11,W164510985,Otxarkoaga-Txurdinaga,41,41,1
2024-07-04,11,N9607467466,Basurtu-Zorrotza,40,48,2
2024-07-04,11,W96337695,Abando,40,40,6
2024-07-04,11,N4060532216,Otxarkoaga-Txurdinaga,39,39,2
2024-07-04,11,N4060532227,Uribarri,37,126,3
2024-07-04,11,W420558992,Ibaiondo,37,39,3
2024-07-04,11,N5056183351,Errekalde,37,37,1
2024-07-04,11,N9607363904,Uribarri,37,37,4
2024-07-04,11,N5056328910,Begona,36,36,1
2024-07-04,11,N4254043797,Deusto,31,31,1
2024-07-04,11,N5056184623,Errekalde,29,31,2
2024-07-04,11,N5056353256,Uribarri,23,30,5
2024-07-04,11,W375390416,Ibaiondo,23,28,4
2024-07-04,11,W163196945,Basurtu-Zorrotza,23,23,3
2024-07-04,11,N9607391207,Begona,22,22,2
2024-07-04,11,W28211432,Abando,20,43,7
2024-07-04,11,N9607455457,Errekalde,20,20,3
2024-07-04,11,W108504682,Abando,19,97,8
2024-07-04,11,N10308519810,Deusto,17,17,2
2024-07-04,11,W248634544,Uribarri,16,21,6
2024-07-04,11,N4060532220,Otxarkoaga-Txurdinaga,16,19,3
2024-07-04,11,W485363913,Ibaiondo,15,60,5
2024-07-04,11,N5056437799,Deusto,15,24,3
2024-07-04,11,W235157481,Otxarkoaga-Txurdinaga,14,36,4
2024-07-04,11,W111740255,Errekalde,14,28,4
2024-07-04,11,N5056088727,Ibaiondo,12,52,6
2024-07-04,11,N4731925117,Abando,11,22,9
2024-07-04,11,W171882527,Abando,8,12,10
2024-07-04,11,N518227646,Abando,7,20,11
2024-07-04,11,W41688628,Abando,6,25,12
2024-07-04,11,N5301954699,Basurtu-Zorrotza,6,6,4
2024-07-04,11,W185205681,Deusto,5,5,4
2024-07-04,11,N4060532217,Otxarkoaga-Txurdinaga,4,41,5
2024-07-04,11,W41525574,Ibaiondo,3,114,7
2024-07-04,11,W632988668,Basurtu-Zorrotza,3,3,5
2024-07-04,11,W28776478,Abando,2,79,13
2024-07-04,11,N4761972760,Abando,2,54,14
2024-07-04,11,W123440625,Uribarri,2,2,7
2024-07-04,11,W164512079,Otxarkoaga-Txurdinaga,1,34,6
2024-07-04,11,W123440604,Uribarri,1,27,8
2024-07-04,11,W163195554,Basurtu-Zorrotza,1,2,6
2024-07-04,12,W108497734,Ibaiondo,160,160,1
2024-07-04,12,W48045715,Uribarri,155,155,1
2024-07-04,12,N5056356248,Uribarri,139,139,2
2024-07-04,12,N3207631929,Abando,113,113,1
2024-07-04,12,W404432093,Ibaiondo,72,72,2
2024-07-04,12,N11229807742,Basurtu-Zorrotza,69,69,1
2024-07-04,12,W110895854,Abando,66,71,2
2024-07-04,12,N4762096882,Abando,58,58,3
2024-07-04,12,N5056379164,Abando,52,52,4
2024-07-04,12,N1271964866,Abando,49,74,5
2024-07-04,12,W164510985,Otxarkoaga-Txurdinaga,41,41,1
2024-07-04,12,N9607467466,Basurtu-Zorrotza,40,48,2
2024-07-04,12,W96337695,Abando,40,40,6
2024-07-04,12,N4060532216,Otxarkoaga-Txurdinaga,39,39,2
2024-07-04,12,N4060532227,Uribarri,37,126,3
2024-07-04,12,W420558992,Ibaiondo,37,39,3
2024-07-04,12,N5056183351,Errekalde,37,37,1
2024-07-04,12,N9607363904,Uribarri,37,37,4
2024-07-04,12,N5056328910,Begona,36,36,1
2024-07-04,12,N4254043797,Deusto,31,31,1
2024-07-04,12,N5056184623,Errekalde,29,31,2
2024-07-04,12,N5056353256,Uribarri,23,30,5
2024-07-04,12,W375390416,Ibaiondo,23,28,4
2024-07-04,12,W163196945,Basurtu-Zorrotza,23,23,3
2024-07-04,12,N9607391207,Begona,22,22,2
2024-07-04,12,W28211432,Abando,20,43,7
2024-07-04,12,N9607455457,Errekalde,20,20,3
2024-07-04,12,W108504682,Abando,19,97,8
2024-07-04,12,N10308519810,Deusto,17,17,2
2024-07-04,12,W248634544,Uribarri,16,21,6
2024-07-04,12,N4060532220,Otxarkoaga-Txurdinaga,16,19,3
2024-07-04,12,W485363913,Ibaiondo,15,60,5
2024-07-04,12,N5056437799,Deusto,15,24,3
2024-07-04,12,W235157481,Otxarkoaga-Txurdinaga,14,36,4
2024-07-04,12,W111740255,Errekalde,14,28,4
2024-07-04,12,N5056088727,Ibaiondo,12,52,6
2024-07-04,12,N4731925117,Abando,11,22,9
2024-07-04,12,W171882527,Abando,8,12,10
2024-07-04,12,N518227646,Abando,7,20,11
2024-07-04,12,W41688628,Abando,6,25,12
2024-07-04,12,N5301954699,Basurtu-Zorrotza,6,6,4
2024-07-04,12,W185205681,Deusto,5,5,4
2024-07-04,12,N4060532217,Otxarkoaga-Txurdinaga,4,41,5
2024-07-04,12,W41525574,Ibaiondo,3,114,7
2024-07-04,12,W632988668,Basurtu-Zorrotza,3,3,5
2024-07-04,12,W28776478,Abando,2,79,13
2024-07-04,12,N4761972760,Abando,2,54,14
2024-07-04,12,W123440625,Uribarri,2,2,7
2024-07-04,12,W164512079,Otxarkoaga-Txurdinaga,1,34,6
2024-07-04,12,W123440604,Uribarri,1,27,8
2024-07-04,12,W163195554,Basurtu-Zorrotza,1,2,6
2024-07-04,13,W108497734,Ibaiondo,160,160,1
2024-07-04,13,N5056355015,Uribarri,155,155,1
2024-07-04,13,N5056356248,Uribarri,139,139,2
2024-07-04,13,N3207631929,Abando,113,113,1
2024-07-04,13,W404432093,Ibaiondo,72,72,2
2024-07-04,13,N11229807742,Basurtu-Zorrotza,69,69,1
2024-07-04,13,W110895854,Abando,66,71,2
2024-07-04,13,N4762096882,Abando,58,58,3
2024-07-04,13,N5056379164,Abando,52,52,4
2024-07-04,13,N1271964866,Abando,49,74,5
2024-07-04,13,N4060532217,Otxarkoaga-Txurdinaga,41,41,1
2024-07-04,13,N9607467466,Basurtu-Zorrotza,40,48,2
2024-07-04,13,W96337695,Abando,40,40,6
2024-07-04,13,N4060532216,Otxarkoaga-Txurdinaga,39,39,2
2024-07-04,13,N4060532227,Uribarri,37,126,3
2024-07-04,13,W420558992,Ibaiondo,37,39,3
2024-07-04,13,N5056183351,Errekalde,37,37,1
2024-07-04,13,N9607363904,Uribarri,37,37,4
2024-07-04,13,N5056328910,Begona,36,36,1
2024-07-04,13,N4254043797,Deusto,31,31,1
2024-07-04,13,N5056184623,Errekalde,29,31,2
2024-07-04,13,N5056353256,Uribarri,23,30,5
2024-07-04,13,W375390416,Ibaiondo,23,28,4
2024-07-04,13,W163196945,Basurtu-Zorrotza,23,23,3
2024-07-04,13,N9607391207,Begona,22,22,2
2024-07-04,13,W28211432,Abando,20,43,7
2024-07-04,13,N9607455457,Errekalde,20,20,3
2024-07-04,13,W108504682,Abando,19,97,8
2024-07-04,13,N4060532220,Otxarkoaga-Txurdinaga,17,19,3
2024-07-04,13,N10308519810,Deusto,17,17,2
2024-07-04,13,W248634544,Uribarri,16,21,6
2024-07-04,13,W485363913,Ibaiondo,15,60,5
2024-07-04,13,N5056437799,Deusto,15,24,3
2024-07-04,13,W235157481,Otxarkoaga-Txurdinaga,14,36,4
2024-07-04,13,W111740255,Errekalde,14,28,4
2024-07-04,13,N5056088727,Ibaiondo,12,52,6
2024-07-04,13,N4731925117,Abando,11,22,9
2024-07-04,13,W171882527,Abando,8,12,10
2024-07-04,13,N518227646,Abando,7,20,11
2024-07-04,13,W41688628,Abando,6,25,12
2024-07-04,13,N5301954699,Basurtu-Zorrotza,6,6,4
2024-07-04,13,W185205681,Deusto,5,5,4
2024-07-04,13,W164510985,Otxarkoaga-Txurdinaga,3,41,5
2024-07-04,13,W632988668,Basurtu-Zorrotza,3,3,5
2024-07-04,13,W28776478,Abando,2,79,13
2024-07-04,13,N4761972760,Abando,2,54,14
2024-07-04,13,W123440625,Uribarri,2,2,7
2024-07-04,13,W164512079,Otxarkoaga-Txurdinaga,1,34,6
2024-07-04,13,W123440604,Uribarri,1,27,8
2024-07-04,13,W163195554,Basurtu-Zorrotza,1,2,6
2024-07-04,14,W108497734,Ibaiondo,160,160,1
2024-07-04,14,N5056355015,Uribarri,155,155,1
2024-07-04,14,N5056356248,Uribarri,139,139,2
2024-07-04,14,N3207631929,Abando,113,113,1
2024-07-04,14,W404432093,Ibaiondo,72,72,2
2024-07-04,14,W110895854,Abando,66,71,2
2024-07-04,14,N4762096882,Abando,58,58,3
2024-07-04,14,N5056379164,Abando,52,52,4
2024-07-04,14,N1271964866,Abando,49,74,5
2024-07-04,14,W164510985,Otxarkoaga-Txurdinaga,41,41,1
2024-07-04,14,W96337695,Abando,40,40,6
2024-07-04,14,N4060532216,Otxarkoaga-Txurdinaga,39,39,2
2024-07-04,14,N4060532227,Uribarri,37,126,3
2024-07-04,14,N4254043797,Deusto,31,31,1
2024-07-04,14,N5056353256,Uribarri,30,30,4
2024-07-04,14,N5056184623,Errekalde,29,31,1
2024-07-04,14,W375390416,Ibaiondo,24,28,3
2024-07-04,14,N9607391207,Begona,22,22,1
2024-07-04,14,W28211432,Abando,20,43,7
2024-07-04,14,W108504682,Abando,19,97,8
2024-07-04,14,W123440604,Uribarri,19,27,5
2024-07-04,14,N4060532220,Otxarkoaga-Txurdinaga,16,19,3
2024-07-04,14,W485363913,Ibaiondo,15,60,4
2024-07-04,14,N5056437799,Deusto,15,24,2
2024-07-04,14,W111740255,Errekalde,14,28,2
2024-07-04,14,W171882527,Abando,8,12,9
2024-07-04,14,W41688628,Abando,7,25,10
2024-07-04,14,N518227646,Abando,7,20,11
2024-07-04,14,N5301954699,Basurtu-Zorrotza,6,6,1
2024-07-04,14,N4508853267,Uribarri,5,68,6
2024-07-04,14,W185205681,Deusto,5,5,3
2024-07-04,14,N4060532217,Otxarkoaga-Txurdinaga,4,41,4
2024-07-04,14,W632988668,Basurtu-Zorrotza,3,3,2
2024-07-04,14,W28776478,Abando,2,79,12
2024-07-04,14,N4761972760,Abando,2,54,13
2024-07-04,14,W123440625,Uribarri,2,2,7
2024-07-04,14,W163195554,Basurtu-Zorrotza,2,2,3
2024-07-04,15,W108497734,Ibaiondo,160,160,1
2024-07-04,15,N4060532227,Uribarri,126,126,1
2024-07-04,15,W108504682,Abando,97,97,1
2024-07-04,15,W404432093,Ibaiondo,72,72,2
2024-07-04,15,W110895854,Abando,69,71,2
2024-07-04,15,N4508853267,Uribarri,68,68,2
2024-07-04,15,N5056379164,Abando,52,52,3
2024-07-04,15,W28211432,Abando,43,43,4
2024-07-04,15,N4060532217,Otxarkoaga-Txurdinaga,41,41,1
2024-07-04,15,N4060532216,Otxarkoaga-Txurdinaga,39,39,2
2024-07-04,15,W96337695,Abando,38,40,5
2024-07-04,15,N5056353256,Uribarri,30,30,3
2024-07-04,15,W375390416,Ibaiondo,24,28,3
2024-07-04,15,N9607391207,Begona,22,22,1
2024-07-04,15,W44016098,Abando,21,78,6
2024-07-04,15,W111740255,Errekalde,20,28,1
2024-07-04,15,N518227646,Abando,20,20,7
2024-07-04,15,W123440604,Uribarri,19,27,4
2024-07-04,15,N4060532220,Otxarkoaga-Txurdinaga,17,19,3
2024-07-04,15,W485363913,Ibaiondo,15,60,4
2024-07-04,15,W171882527,Abando,8,12,8
2024-07-04,15,N5301954699,Basurtu-Zorrotza,6,6,1
2024-07-04,15,W185205681,Deusto,5,5,1
2024-07-04,15,W632988668,Basurtu-Zorrotza,3,3,2
2024-07-04,15,W123440625,Uribarri,2,2,5
2024-07-04,15,W163195554,Basurtu-Zorrotza,2,2,3
2024-07-04,16,W108497734,Ibaiondo,160,160,1
2024-07-04,16,N4060532227,Uribarri,126,126,1
2024-07-04,16,N3207631929,Abando,113,113,1
2024-07-04,16,W404432093,Ibaiondo,72,72,2
2024-07-04,16,N4508853267,Uribarri,68,68,2
2024-07-04,16,W110895854,Abando,66,71,2
2024-07-04,16,W301165234,Errekalde,53,53,1
2024-07-04,16,N5056379164,Abando,52,52,3
2024-07-04,16,N5056200430,Basurtu-Zorrotza,43,43,1
2024-07-04,16,W28211432,Abando,43,43,4
2024-07-04,16,N4060532217,Otxarkoaga-Txurdinaga,41,41,1
2024-07-04,16,W96337695,Abando,40,40,5
2024-07-04,16,N4060532216,Otxarkoaga-Txurdinaga,39,39,2
2024-07-04,16,N5056353256,Uribarri,30,30,3
2024-07-04,16,W375390416,Ibaiondo,24,28,3
2024-07-04,16,N9607391207,Begona,22,22,1
2024-07-04,16,W111740255,Errekalde,20,28,2
2024-07-04,16,N518227646,Abando,20,20,6
2024-07-04,16,W108504682,Abando,19,97,7
2024-07-04,16,W123440604,Uribarri,19,27,4
2024-07-04,16,N4060532220,Otxarkoaga-Txurdinaga,17,19,3
2024-07-04,16,W485363913,Ibaiondo,15,60,4
2024-07-04,16,W171882527,Abando,8,12,8
2024-07-04,16,N5301954699,Basurtu-Zorrotza,6,6,2
2024-07-04,16,W185205681,Deusto,5,5,1
2024-07-04,16,W632988668,Basurtu-Zorrotza,3,3,3
2024-07-04,16,W28776478,Abando,2,79,9
2024-07-04,16,W123440625,Uribarri,2,2,5
2024-07-04,16,W163195554,Basurtu-Zorrotza,2,2,4
2024-07-04,17,W108497734,Ibaiondo,160,160,1
2024-07-04,17,N4060532227,Uribarri,126,126,1
2024-07-04,17,N3207631929,Abando,113,113,1
2024-07-04,17,W404432093,Ibaiondo,72,72,2
2024-07-04,17,N4508853267,Uribarri,68,68,2
2024-07-04,17,W110895854,Abando,66,71,2
2024-07-04,17,W301165234,Errekalde,53,53,1
2024-07-04,17,N5056379164,Abando,52,52,3
2024-07-04,17,N5056421870,Deusto,45,45,1
2024-07-04,17,N5056200430,Basurtu-Zorrotza,43,43,1
2024-07-04,17,W28211432,Abando,43,43,4
2024-07-04,17,N4060532217,Otxarkoaga-Txurdinaga,41,41,1
2024-07-04,17,W96337695,Abando,40,40,5
2024-07-04,17,N4060532216,Otxarkoaga-Txurdinaga,39,39,2
2024-07-04,17,N5056353256,Uribarri,30,30,3
2024-07-04,17,W375390416,Ibaiondo,24,28,3
2024-07-04,17,N9607391207,Begona,22,22,1
2024-07-04,17,W111740255,Errekalde,20,28,2
2024-07-04,17,N518227646,Abando,20,20,6
2024-07-04,17,W108504682,Abando,19,97,7
2024-07-04,17,W123440604,Uribarri,19,27,4
2024-07-04,17,N4060532220,Otxarkoaga-Txurdinaga,17,19,3
2024-07-04,17,W485363913,Ibaiondo,15,60,4
2024-07-04,17,W171882527,Abando,8,12,8
2024-07-04,17,N5301954699,Basurtu-Zorrotza,6,6,2
2024-07-04,17,W185205681,Deusto,5,5,2
2024-07-04,17,W632988668,Basurtu-Zorrotza,3,3,3
2024-07-04,17,W28776478,Abando,2,79,9
2024-07-04,17,W123440625,Uribarri,2,2,5
2024-07-04,17,W163195554,Basurtu-Zorrotza,2,2,4
2024-07-04,18,W108497734,Ibaiondo,160,160,1
2024-07-04,18,N4060532227,Uribarri,126,126,1
2024-07-04,18,N3207631929,Abando,113,113,1
2024-07-04,18,W404432093,Ibaiondo,72,72,2
2024-07-04,18,N4508853267,Uribarri,68,68,2
2024-07-04,18,N4762096882,Abando,58,58,2
2024-07-04,18,W301165234,Errekalde,53,53,1
2024-07-04,18,N5056379164,Abando,52,52,3
2024-07-04,18,W28776478,Abando,50,79,4
2024-07-04,18,N1271964866,Abando,49,74,5
2024-07-04,18,N5056421870,Deusto,45,45,1
2024-07-04,18,N5056200430,Basurtu-Zorrotza,43,43,1
2024-07-04,18,N4060532217,Otxarkoaga-Txurdinaga,41,41,1
2024-07-04,18,W96337695,Abando,40,40,6
2024-07-04,18,N4060532216,Otxarkoaga-Txurdinaga,39,39,2
2024-07-04,18,N5056353256,Uribarri,30,30,3
2024-07-04,18,W41525574,Ibaiondo,25,114,3
2024-07-04,18,W375390416,Ibaiondo,24,28,4
2024-07-04,18,W163196945,Basurtu-Zorrotza,23,23,2
2024-07-04,18,N9607391207,Begona,22,22,1
2024-07-04,18,W28211432,Abando,20,43,7
2024-07-04,18,W111740255,Errekalde,20,28,2
2024-07-04,18,W123440604,Uribarri,19,27,4
2024-07-04,18,N4060532220,Otxarkoaga-Txurdinaga,17,19,3
2024-07-04,18,W108504682,Abando,15,97,8
2024-07-04,18,W485363913,Ibaiondo,13,60,5
2024-07-04,18,W44113519,Abando,9,34,9
2024-07-04,18,W171882527,Abando,8,12,10
2024-07-04,18,N518227646,Abando,7,20,11
2024-07-04,18,N5301954699,Basurtu-Zorrotza,6,6,3
2024-07-04,18,W185205681,Deusto,5,5,2
2024-07-04,18,W632988668,Basurtu-Zorrotza,3,3,4
2024-07-04,18,W123440625,Uribarri,2,2,5
2024-07-04,18,W163195554,Basurtu-Zorrotza,2,2,5
2024-07-04,19,W108497734,Ibaiondo,160,160,1
2024-07-04,19,N4060532227,Uribarri,126,126,1
2024-07-04,19,N3207631929,Abando,113,113,1
2024-07-04,19,W404432093,Ibaiondo,72,72,2
2024-07-04,19,N4508853267,Uribarri,68,68,2
2024-07-04,19,N4762096882,Abando,58,58,2
2024-07-04,19,W301165234,Errekalde,53,53,1
2024-07-04,19,N5056379164,Abando,52,52,3
2024-07-04,19,W28776478,Abando,50,79,4
2024-07-04,19,N1271964866,Abando,49,74,5
2024-07-04,19,N5056421870,Deusto,45,45,1
2024-07-04,19,N5056200430,Basurtu-Zorrotza,43,43,1
2024-07-04,19,N4060532217,Otxarkoaga-Txurdinaga,41,41,1
2024-07-04,19,W96337695,Abando,40,40,6
2024-07-04,19,N4060532216,Otxarkoaga-Txurdinaga,39,39,2
2024-07-04,19,N5056353256,Uribarri,30,30,3
2024-07-04,19,W41525574,Ibaiondo,25,114,3
2024-07-04,19,W375390416,Ibaiondo,24,28,4
2024-07-04,19,W163196945,Basurtu-Zorrotza,23,23,2
2024-07-04,19,N9607391207,Begona,22,22,1
2024-07-04,19,W28211432,Abando,20,43,7
2024-07-04,19,W111740255,Errekalde,20,28,2
2024-07-04,19,W123440604,Uribarri,19,27,4
2024-07-04,19,N4060532220,Otxarkoaga-Txurdinaga,17,19,3
2024-07-04,19,W108504682,Abando,15,97,8
2024-07-04,19,W485363913,Ibaiondo,13,60,5
2024-07-04,19,W44113519,Abando,9,34,9
2024-07-04,19,W171882527,Abando,8,12,10
2024-07-04,19,N518227646,Abando,7,20,11
2024-07-04,19,N5301954699,Basurtu-Zorrotza,6,6,3
2024-07-04,19,W185205681,Deusto,5,5,2
2024-07-04,19,W632988668,Basurtu-Zorrotza,3,3,4
2024-07-04,19,W123440625,Uribarri,2,2,5
2024-07-04,19,W163195554,Basurtu-Zorrotza,2,2,5
2024-07-04,20,N4060532227,Uribarri,126,126,1
2024-07-04,20,N3207631929,Abando,113,113,1
2024-07-04,20,W404432093,Ibaiondo,72,72,1
2024-07-04,20,N4508853267,Uribarri,68,68,2
2024-07-04,20,W485363913,Ibaiondo,60,60,2
2024-07-04,20,N4762096882,Abando,58,58,2
2024-07-04,20,W301165234,Errekalde,53,53,1
2024-07-04,20,N5056379164,Abando,52,52,3
2024-07-04,20,W28776478,Abando,50,79,4
2024-07-04,20,N1271964866,Abando,49,74,5
2024-07-04,20,N5056421870,Deusto,45,45,1
2024-07-04,20,N5056200430,Basurtu-Zorrotza,43,43,1
2024-07-04,20,N4060532217,Otxarkoaga-Txurdinaga,41,41,1
2024-07-04,20,W96337695,Abando,40,40,6
2024-07-04,20,N4060532216,Otxarkoaga-Txurdinaga,39,39,2
2024-07-04,20,N5056353256,Uribarri,30,30,3
2024-07-04,20,W375390416,Ibaiondo,24,28,3
2024-07-04,20,W28211432,Abando,20,43,7
2024-07-04,20,W111740255,Errekalde,20,28,2
2024-07-04,20,W123440604,Uribarri,19,27,4
2024-07-04,20,N4060532220,Otxarkoaga-Txurdinaga,17,19,3
2024-07-04,20,W44113519,Abando,9,34,8
2024-07-04,20,W171882527,Abando,8,12,9
2024-07-04,20,N5301954699,Basurtu-Zorrotza,6,6,2
2024-07-04,20,W44016098,Abando,5,78,10
2024-07-04,20,W632988668,Basurtu-Zorrotza,3,3,3
2024-07-04,20,W123440625,Uribarri,2,2,5
2024-07-04,20,W163195554,Basurtu-Zorrotza,2,2,4
2024-07-04,21,N4060532227,Uribarri,126,126,1
2024-07-04,21,W28776478,Abando,79,79,1
2024-07-04,21,N4508853267,Uribarri,68,68,2
2024-07-04,21,W485363913,Ibaiondo,60,60,1
2024-07-04,21,N5056379164,Abando,52,52,2
2024-07-04,21,N5056421870,Deusto,45,45,1
2024-07-04,21,N5056200430,Basurtu-Zorrotza,43,43,1
2024-07-04,21,N4060532217,Otxarkoaga-Txurdinaga,41,41,1
2024-07-04,21,W96337695,Abando,40,40,3
2024-07-04,21,N4060532216,Otxarkoaga-Txurdinaga,39,39,2
2024-07-04,21,N5056353256,Uribarri,30,30,3
2024-07-04,21,W375390416,Ibaiondo,28,28,2
2024-07-04,21,W44016098,Abando,25,78,4
2024-07-04,21,W111740255,Errekalde,20,28,1
2024-07-04,21,W123440604,Uribarri,19,27,4
2024-07-04,21,N4060532220,Otxarkoaga-Txurdinaga,17,19,3
2024-07-04,21,W171882527,Abando,12,12,5
2024-07-04,21,W44113519,Abando,9,34,6
2024-07-04,21,N5301954699,Basurtu-Zorrotza,6,6,2
2024-07-04,21,W632988668,Basurtu-Zorrotza,3,3,3
2024-07-04,21,W123440625,Uribarri,2,2,5
2024-07-04,21,W163195554,Basurtu-Zorrotza,2,2,4
2024-07-04,22,N4060532227,Uribarri,126,126,1
2024-07-04,22,W28776478,Abando,79,79,1
2024-07-04,22,N4508853267,Uribarri,68,68,2
2024-07-04,22,W485363913,Ibaiondo,60,60,1
2024-07-04,22,N5056379164,Abando,52,52,2
2024-07-04,22,N4060532217,Otxarkoaga-Txurdinaga,41,41,1
2024-07-04,22,N4060532216,Otxarkoaga-Txurdinaga,39,39,2
2024-07-04,22,N5056353256,Uribarri,30,30,3
2024-07-04,22,W111740255,Errekalde,20,28,1
2024-07-04,22,W123440604,Uribarri,19,27,4
2024-07-04,22,N4060532220,Otxarkoaga-Txurdinaga,17,19,3
2024-07-04,22,W171882527,Abando,12,12,3
2024-07-04,22,W44113519,Abando,9,34,4
2024-07-04,22,N5301954699,Basurtu-Zorrotza,6,6,1
2024-07-04,22,W632988668,Basurtu-Zorrotza,3,3,2
2024-07-04,22,W123440625,Uribarri,2,2,5
2024-07-04,22,W163195554,Basurtu-Zorrotza,2,2,3
2024-07-04,23,N4060532227,Uribarri,126,126,1
2024-07-04,23,W28776478,Abando,79,79,1
2024-07-04,23,N4508853267,Uribarri,68,68,2
2024-07-04,23,W485363913,Ibaiondo,60,60,1
2024-07-04,23,N5056379164,Abando,52,52,2
2024-07-04,23,N4060532217,Otxarkoaga-Txurdinaga,41,41,1
2024-07-04,23,N4060532216,Otxarkoaga-Txurdinaga,39,39,2
2024-07-04,23,N5056353256,Uribarri,30,30,3
2024-07-04,23,W111740255,Errekalde,20,28,1
2024-07-04,23,N4060532220,Otxarkoaga-Txurdinaga,17,19,3
2024-07-04,23,W171882527,Abando,12,12,3
2024-07-04,23,W44113519,Abando,9,34,4
2024-07-04,23,N5301954699,Basurtu-Zorrotza,6,6,1
2024-07-04,23,W632988668,Basurtu-Zorrotza,3,3,2
2024-07-04,23,W163195554,Basurtu-Zorrotza,2,2,3
2024-07-05,5,N4060532227,Uribarri,126,126,1
2024-07-05,5,W28776478,Abando,79,79,1
2024-07-05,5,N4508853267,Uribarri,68,68,2
2024-07-05,5,W485363913,Ibaiondo,60,60,1
2024-07-05,5,N4060532217,Otxarkoaga-Txurdinaga,41,41,1
2024-07-05,5,N4060532216,Otxarkoaga-Txurdinaga,39,39,2
2024-07-05,5,N5056353256,Uribarri,30,30,3
2024-07-05,5,N4060532220,Otxarkoaga-Txurdinaga,17,19,3
2024-07-05,5,W163195554,Basurtu-Zorrotza,2,2,1
2024-07-05,6,N4060532227,Uribarri,126,126,1
2024-07-05,6,W28776478,Abando,79,79,1
2024-07-05,6,N4508853267,Uribarri,68,68,2
2024-07-05,6,W485363913,Ibaiondo,60,60,1
2024-07-05,6,N5056379164,Abando,52,52,2
2024-07-05,6,N4060532217,Otxarkoaga-Txurdinaga,41,41,1
2024-07-05,6,N4060532216,Otxarkoaga-Txurdinaga,39,39,2
2024-07-05,6,N5056353256,Uribarri,30,30,3
2024-07-05,6,W111740255,Errekalde,20,28,1
2024-07-05,6,N4060532220,Otxarkoaga-Txurdinaga,17,19,3
2024-07-05,6,W44113519,Abando,9,34,3
2024-07-05,6,N5301954699,Basurtu-Zorrotza,6,6,1
2024-07-05,6,W632988668,Basurtu-Zorrotza,3,3,2
2024-07-05,6,W163195554,Basurtu-Zorrotza,2,2,3
2024-07-05,7,N4060532227,Uribarri,126,126,1
2024-07-05,7,W28776478,Abando,79,79,1
2024-07-05,7,N4508853267,Uribarri,68,68,2
2024-07-05,7,W485363913,Ibaiondo,60,60,1
2024-07-05,7,N5056379164,Abando,52,52,2
2024-07-05,7,N4060532217,Otxarkoaga-Txurdinaga,41,41,1
2024-07-05,7,N4060532216,Otxarkoaga-Txurdinaga,39,39,2
2024-07-05,7,N5056353256,Uribarri,30,30,3
2024-07-05,7,W111740255,Errekalde,20,28,1
2024-07-05,7,N4060532220,Otxarkoaga-Txurdinaga,17,19,3
2024-07-05,7,W44113519,Abando,9,34,3
2024-07-05,7,N5301954699,Basurtu-Zorrotza,6,6,1
2024-07-05,7,W632988668,Basurtu-Zorrotza,3,3,2
2024-07-05,7,W163195554,Basurtu-Zorrotza,2,2,3
2024-07-05,8,N5056355015,Uribarri,155,155,1
2024-07-05,8,N5056356248,Uribarri,139,139,2
2024-07-05,8,W28776478,Abando,79,79,1
2024-07-05,8,W485363913,Ibaiondo,60,60,1
2024-07-05,8,N5056379164,Abando,52,52,2
2024-07-05,8,W164510985,Otxarkoaga-Txurdinaga,41,41,1
2024-07-05,8,N4060532216,Otxarkoaga-Txurdinaga,39,39,2
2024-07-05,8,N4060532227,Uribarri,37,126,3
2024-07-05,8,N4254043797,Deusto,31,31,1
2024-07-05,8,N5056184623,Errekalde,31,31,1
2024-07-05,8,N5056353256,Uribarri,30,30,4
2024-07-05,8,W41688628,Abando,25,25,3
2024-07-05,8,W123440604,Uribarri,19,27,5
2024-07-05,8,N4060532220,Otxarkoaga-Txurdinaga,16,19,3
2024-07-05,8,N5056437799,Deusto,15,24,2
2024-07-05,8,W111740255,Errekalde,14,28,2
2024-07-05,8,W44113519,Abando,9,34,4
2024-07-05,8,N5301954699,Basurtu-Zorrotza,6,6,1
2024-07-05,8,N4508853267,Uribarri,5,68,6
2024-07-05,8,N4060532217,Otxarkoaga-Txurdinaga,4,41,4
2024-07-05,8,W632988668,Basurtu-Zorrotza,3,3,2
2024-07-05,8,W123440625,Uribarri,2,2,7
2024-07-05,8,W163195554,Basurtu-Zorrotza,2,2,3
2024-07-05,9,W108497734,Ibaiondo,160,160,1
2024-07-05,9,N5056355015,Uribarri,155,155,1
2024-07-05,9,N5056356248,Uribarri,139,139,2
2024-07-05,9,W108504682,Abando,97,97,1
2024-07-05,9,W110895854,Abando,69,71,2
2024-07-05,9,N11229807742,Basurtu-Zorrotza,69,69,1
2024-07-05,9,N4761972760,Abando,54,54,3
2024-07-05,9,N5056379164,Abando,52,52,4
2024-07-05,9,W164510985,Otxarkoaga-Txurdinaga,41,41,1
2024-07-05,9,N9607467466,Basurtu-Zorrotza,40,48,2
2024-07-05,9,N4060532216,Otxarkoaga-Txurdinaga,39,39,2
2024-07-05,9,W96337695,Abando,38,40,5
2024-07-05,9,N4060532227,Uribarri,37,126,3
2024-07-05,9,W420558992,Ibaiondo,37,39,2
2024-07-05,9,N5056183351,Errekalde,37,37,1
2024-07-05,9,N9607363904,Uribarri,37,37,4
2024-07-05,9,N5056328910,Begona,36,36,1
2024-07-05,9,N4254043797,Deusto,31,31,1
2024-07-05,9,N5056088727,Ibaiondo,29,52,3
2024-07-05,9,N5056184623,Errekalde,29,31,2
2024-07-05,9,N5056353256,Uribarri,23,30,5
2024-07-05,9,N4731925117,Abando,22,22,6
2024-07-05,9,N9607391207,Begona,22,22,2
2024-07-05,9,W375390416,Ibaiondo,20,28,4
2024-07-05,9,N9607455457,Errekalde,20,20,3
2024-07-05,9,N10308519810,Deusto,17,17,2
2024-07-05,9,W248634544,Uribarri,16,21,6
2024-07-05,9,N4060532220,Otxarkoaga-Txurdinaga,16,19,3
2024-07-05,9,W485363913,Ibaiondo,15,60,5
2024-07-05,9,N5056437799,Deusto,15,24,3
2024-07-05,9,W235157481,Otxarkoaga-Txurdinaga,14,36,4
2024-07-05,9,W111740255,Errekalde,14,28,4
2024-07-05,9,W28776478,Abando,10,79,7
2024-07-05,9,W41688628,Abando,10,25,8
2024-07-05,9,N5301954699,Basurtu-Zorrotza,6,6,3
2024-07-05,9,W185205681,Deusto,5,5,4
2024-07-05,9,N4060532217,Otxarkoaga-Txurdinaga,4,41,5
2024-07-05,9,W632988668,Basurtu-Zorrotza,3,3,4
2024-07-05,9,W123440625,Uribarri,2,2,7
2024-07-05,9,W164512079,Otxarkoaga-Txurdinaga,1,34,6
2024-07-05,9,W123440604,Uribarri,1,27,8
2024-07-05,9,W163195554,Basurtu-Zorrotza,1,2,5
2024-07-05,10,W108497734,Ibaiondo,160,160,1
2024-07-05,10,N5056355015,Uribarri,155,155,1
2024-07-05,10,N5056356248,Uribarri,139,139,2
2024-07-05,10,W108504682,Abando,97,97,1
2024-07-05,10,W404432093,Ibaiondo,72,72,2
2024-07-05,10,W110895854,Abando,69,71,2
2024-07-05,10,N11229807742,Basurtu-Zorrotza,69,69,1
2024-07-05,10,N1271964866,Abando,59,74,3
2024-07-05,10,N4761972760,Abando,54,54,4
2024-07-05,10,N5056379164,Abando,52,52,5
2024-07-05,10,N4060532217,Otxarkoaga-Txurdinaga,41,41,1
2024-07-05,10,N9607467466,Basurtu-Zorrotza,40,48,2
2024-07-05,10,N4060532216,Otxarkoaga-Txurdinaga,39,39,2
2024-07-05,10,W96337695,Abando,38,40,6
2024-07-05,10,N4060532227,Uribarri,37,126,3
2024-07-05,10,W420558992,Ibaiondo,37,39,3
2024-07-05,10,N5056183351,Errekalde,37,37,1
2024-07-05,10,N9607363904,Uribarri,37,37,4
2024-07-05,10,N5056328910,Begona,36,36,1
2024-07-05,10,N4254043797,Deusto,31,31,1
2024-07-05,10,N5056184623,Errekalde,29,31,2
2024-07-05,10,N5056353256,Uribarri,23,30,5
2024-07-05,10,W375390416,Ibaiondo,23,28,4
2024-07-05,10,N9607391207,Begona,22,22,2
2024-07-05,10,W44016098,Abando,21,78,7
2024-07-05,10,W28211432,Abando,20,43,8
2024-07-05,10,N9607455457,Errekalde,20,20,3
2024-07-05,10,N4060532220,Otxarkoaga-Txurdinaga,17,19,3
2024-07-05,10,N10308519810,Deusto,17,17,2
2024-07-05,10,W248634544,Uribarri,16,21,6
2024-07-05,10,W485363913,Ibaiondo,15,60,5
2024-07-05,10,N5056437799,Deusto,15,24,3
2024-07-05,10,W235157481,Otxarkoaga-Txurdinaga,14,36,4
2024-07-05,10,W111740255,Errekalde,14,28,4
2024-07-05,10,N5056088727,Ibaiondo,12,52,6
2024-07-05,10,N4731925117,Abando,11,22,9
2024-07-05,10,W171882527,Abando,8,12,10
2024-07-05,10,W41688628,Abando,7,25,11
2024-07-05,10,N5301954699,Basurtu-Zorrotza,6,6,3
2024-07-05,10,W185205681,Deusto,5,5,4
2024-07-05,10,W41525574,Ibaiondo,3,114,7
2024-07-05,10,W164510985,Otxarkoaga-Txurdinaga,3,41,5
2024-07-05,10,W632988668,Basurtu-Zorrotza,3,3,4
2024-07-05,10,W123440625,Uribarri,2,2,7
2024-07-05,10,W164512079,Otxarkoaga-Txurdinaga,1,34,6
2024-07-05,10,W123440604,Uribarri,1,27,8
2024-07-05,10,W163195554,Basurtu-Zorrotza,1,2,5
2024-07-05,11,W108497734,Ibaiondo,160,160,1
2024-07-05,11,W48045715,Uribarri,155,155,1
2024-07-05,11,N5056356248,Uribarri,139,139,2
2024-07-05,11,N3207631929,Abando,113,113,1
2024-07-05,11,W404432093,Ibaiondo,72,72,2
2024-07-05,11,N11229807742,Basurtu-Zorrotza,69,69,1
2024-07-05,11,W110895854,Abando,66,71,2
2024-07-05,11,N4762096882,Abando,58,58,3
2024-07-05,11,N5056379164,Abando,52,52,4
2024-07-05,11,N1271964866,Abando,49,74,5
2024-07-05,11,W164510985,Otxarkoaga-Txurdinaga,41,41,1
2024-07-05,11,N9607467466,Basurtu-Zorrotza,40,48,2
2024-07-05,11,W96337695,Abando,40,40,6
2024-07-05,11,N4060532216,Otxarkoaga-Txurdinaga,39,39,2
2024-07-05,11,N4060532227,Uribarri,37,126,3
2024-07-05,11,W420558992,Ibaiondo,37,39,3
2024-07-05,11,N5056183351,Errekalde,37,37,1
2024-07-05,11,N9607363904,Uribarri,37,37,4
2024-07-05,11,N5056328910,Begona,36,36,1
2024-07-05,11,N4254043797,Deusto,31,31,1
2024-07-05,11,N5056184623,Errekalde,29,31,2
2024-07-05,11,N5056353256,Uribarri,23,30,5
2024-07-05,11,W375390416,Ibaiondo,23,28,4
2024-07-05,11,W163196945,Basurtu-Zorrotza,23,23,3
2024-07-05,11,N9607391207,Begona,22,22,2
2024-07-05,11,W28211432,Abando,20,43,7
2024-07-05,11,N9607455457,Errekalde,20,20,3
2024-07-05,11,W108504682,Abando,19,97,8
2024-07-05,11,N10308519810,Deusto,17,17,2
2024-07-05,11,W248634544,Uribarri,16,21,6
2024-07-05,11,N4060532220,Otxarkoaga-Txurdinaga,16,19,3
2024-07-05,11,W485363913,Ibaiondo,15,60,5
2024-07-05,11,N5056437799,Deusto,15,24,3
2024-07-05,11,W235157481,Otxarkoaga-Txurdinaga,14,36,4
2024-07-05,11,W111740255,Errekalde,14,28,4
2024-07-05,11,N5056088727,Ibaiondo,12,52,6
2024-07-05,11,N4731925117,Abando,11,22,9
2024-07-05,11,W171882527,Abando,8,12,10
2024-07-05,11,N518227646,Abando,7,20,11
2024-07-05,11,W41688628,Abando,6,25,12
2024-07-05,11,N5301954699,Basurtu-Zorrotza,6,6,4
2024-07-05,11,W185205681,Deusto,5,5,4
2024-07-05,11,N4060532217,Otxarkoaga-Txurdinaga,4,41,5
2024-07-05,11,W41525574,Ibaiondo,3,114,7
2024-07-05,11,W632988668,Basurtu-Zorrotza,3,3,5
2024-07-05,11,W28776478,Abando,2,79,13
2024-07-05,11,N4761972760,Abando,2,54,14
2024-07-05,11,W123440625,Uribarri,2,2,7
2024-07-05,11,W164512079,Otxarkoaga-Txurdinaga,1,34,6
2024-07-05,11,W123440604,Uribarri,1,27,8
2024-07-05,11,W163195554,Basurtu-Zorrotza,1,2,6
2024-07-05,12,W108497734,Ibaiondo,160,160,1
2024-07-05,12,W48045715,Uribarri,155,155,1
2024-07-05,12,N5056356248,Uribarri,139,139,2
2024-07-05,12,N3207631929,Abando,113,113,1
2024-07-05,12,W404432093,Ibaiondo,72,72,2
2024-07-05,12,N11229807742,Basurtu-Zorrotza,69,69,1
2024-07-05,12,W110895854,Abando,66,71,2
2024-07-05,12,N4762096882,Abando,58,58,3
2024-07-05,12,N5056379164,Abando,52,52,4
2024-07-05,12,N1271964866,Abando,49,74,5
2024-07-05,12,W164510985,Otxarkoaga-Txurdinaga,41,41,1
2024-07-05,12,N9607467466,Basurtu-Zorrotza,40,48,2
2024-07-05,12,W96337695,Abando,40,40,6
2024-07-05,12,N4060532216,Otxarkoaga-Txurdinaga,39,39,2
2024-07-05,12,N4060532227,Uribarri,37,126,3
2024-07-05,12,W420558992,Ibaiondo,37,39,3
2024-07-05,12,N5056183351,Errekalde,37,37,1
2024-07-05,12,N9607363904,Uribarri,37,37,4
2024-07-05,12,N5056328910,Begona,36,36,1
2024-07-05,12,N4254043797,Deusto,31,31,1
2024-07-05,12,N5056184623,Errekalde,29,31,2
2024-07-05,12,N5056353256,Uribarri,23,30,5
2024-07-05,12,W375390416,Ibaiondo,23,28,4
2024-07-05,12,W163196945,Basurtu-Zorrotza,23,23,3
2024-07-05,12,N9607391207,Begona,22,22,2
2024-07-05,12,W28211432,Abando,20,43,7
2024-07-05,12,N9607455457,Errekalde,20,20,3
2024-07-05,12,W108504682,Abando,19,97,8
2024-07-05,12,N10308519810,Deusto,17,17,2
2024-07-05,12,W248634544,Uribarri,16,21,6
2024-07-05,12,N4060532220,Otxarkoaga-Txurdinaga,16,19,3
2024-07-05,12,W485363913,Ibaiondo,15,60,5
2024-07-05,12,N5056437799,Deusto,15,24,3
2024-07-05,12,W235157481,Otxarkoaga-Txurdinaga,14,36,4
2024-07-05,12,W111740255,Errekalde,14,28,4
2024-07-05,12,N5056088727,Ibaiondo,12,52,6
2024-07-05,12,N4731925117,Abando,11,22,9
2024-07-05,12,W171882527,Abando,8,12,10
2024-07-05,12,N518227646,Abando,7,20,11
2024-07-05,12,W41688628,Abando,6,25,12
2024-07-05,12,N5301954699,Basurtu-Zorrotza,6,6,4
2024-07-05,12,W185205681,Deusto,5,5,4
2024-07-05,12,N4060532217,Otxarkoaga-Txurdinaga,4,41,5
2024-07-05,12,W41525574,Ibaiondo,3,114,7
2024-07-05,12,W632988668,Basurtu-Zorrotza,3,3,5
2024-07-05,12,W28776478,Abando,2,79,13
2024-07-05,12,N4761972760,Abando,2,54,14
2024-07-05,12,W123440625,Uribarri,2,2,7
2024-07-05,12,W164512079,Otxarkoaga-Txurdinaga,1,34,6
2024-07-05,12,W123440604,Uribarri,1,27,8
2024-07-05,12,W163195554,Basurtu-Zorrotza,1,2,6
2024-07-05,13,W108497734,Ibaiondo,160,160,1
2024-07-05,13,N5056355015,Uribarri,155,155,1
2024-07-05,13,N5056356248,Uribarri,139,139,2
2024-07-05,13,N3207631929,Abando,113,113,1
2024-07-05,13,W404432093,Ibaiondo,72,72,2
2024-07-05,13,N11229807742,Basurtu-Zorrotza,69,69,1
2024-07-05,13,W110895854,Abando,66,71,2
2024-07-05,13,N4762096882,Abando,58,58,3
2024-07-05,13,N5056379164,Abando,52,52,4
2024-07-05,13,N1271964866,Abando,49,74,5
2024-07-05,13,N4060532217,Otxarkoaga-Txurdinaga,41,41,1
2024-07-05,13,N9607467466,Basurtu-Zorrotza,40,48,2
2024-07-05,13,W96337695,Abando,40,40,6
2024-07-05,13,N4060532216,Otxarkoaga-Txurdinaga,39,39,2
2024-07-05,13,N4060532227,Uribarri,37,126,3
2024-07-05,13,W420558992,Ibaiondo,37,39,3
2024-07-05,13,N5056183351,Errekalde,37,37,1
2024-07-05,13,N9607363904,Uribarri,37,37,4
2024-07-05,13,N5056328910,Begona,36,36,1
2024-07-05,13,N4254043797,Deusto,31,31,1
2024-07-05,13,N5056184623,Errekalde,29,31,2
2024-07-05,13,N5056353256,Uribarri,23,30,5
2024-07-05,13,W375390416,Ibaiondo,23,28,4
2024-07-05,13,W163196945,Basurtu-Zorrotza,23,23,3
2024-07-05,13,N9607391207,Begona,22,22,2
2024-07-05,13,W28211432,Abando,20,43,7
2024-07-05,13,N9607455457,Errekalde,20,20,3
2024-07-05,13,W108504682,Abando,19,97,8
2024-07-05,13,N4060532220,Otxarkoaga-Txurdinaga,17,19,3
2024-07-05,13,N10308519810,Deusto,17,17,2
2024-07-05,13,W248634544,Uribarri,16,21,6
2024-07-05,13,W485363913,Ibaiondo,15,60,5
2024-07-05,13,N5056437799,Deusto,15,24,3
2024-07-05,13,W235157481,Otxarkoaga-Txurdinaga,14,36,4
2024-07-05,13,W111740255,Errekalde,14,28,4
2024-07-05,13,N5056088727,Ibaiondo,12,52,6
2024-07-05,13,N4731925117,Abando,11,22,9
2024-07-05,13,W171882527,Abando,8,12,10
2024-07-05,13,N518227646,Abando,7,20,11
2024-07-05,13,W41688628,Abando,6,25,12
2024-07-05,13,N5301954699,Basurtu-Zorrotza,6,6,4
2024-07-05,13,W185205681,Deusto,5,5,4
2024-07-05,13,W164510985,Otxarkoaga-Txurdinaga,3,41,5
2024-07-05,13,W632988668,Basurtu-Zorrotza,3,3,5
2024-07-05,13,W28776478,Abando,2,79,13
2024-07-05,13,N4761972760,Abando,2,54,14
2024-07-05,13,W123440625,Uribarri,2,2,7
2024-07-05,13,W164512079,Otxarkoaga-Txurdinaga,1,34,6
2024-07-05,13,W123440604,Uribarri,1,27,8
2024-07-05,13,W163195554,Basurtu-Zorrotza,1,2,6
2024-07-05,14,W108497734,Ibaiondo,160,160,1
2024-07-05,14,N5056355015,Uribarri,155,155,1
2024-07-05,14,N5056356248,Uribarri,139,139,2
2024-07-05,14,N3207631929,Abando,113,113,1
2024-07-05,14,W404432093,Ibaiondo,72,72,2
2024-07-05,14,W110895854,Abando,66,71,2
2024-07-05,14,N4762096882,Abando,58,58,3
2024-07-05,14,N5056379164,Abando,52,52,4
2024-07-05,14,N1271964866,Abando,49,74,5
2024-07-05,14,W164510985,Otxarkoaga-Txurdinaga,41,41,1
2024-07-05,14,W96337695,Abando,40,40,6
2024-07-05,14,N4060532216,Otxarkoaga-Txurdinaga,39,39,2
2024-07-05,14,N4060532227,Uribarri,37,126,3
2024-07-05,14,N4254043797,Deusto,31,31,1
2024-07-05,14,N5056353256,Uribarri,30,30,4
2024-07-05,14,N5056184623,Errekalde,29,31,1
2024-07-05,14,W375390416,Ibaiondo,24,28,3
2024-07-05,14,N9607391207,Begona,22,22,1
2024-07-05,14,W28211432,Abando,20,43,7
2024-07-05,14,W108504682,Abando,19,97,8
2024-07-05,14,W123440604,Uribarri,19,27,5
2024-07-05,14,N4060532220,Otxarkoaga-Txurdinaga,16,19,3
2024-07-05,14,W485363913,Ibaiondo,15,60,4
2024-07-05,14,N5056437799,Deusto,15,24,2
2024-07-05,14,W111740255,Errekalde,14,28,2
2024-07-05,14,W171882527,Abando,8,12,9
2024-07-05,14,W41688628,Abando,7,25,10
2024-07-05,14,N518227646,Abando,7,20,11
2024-07-05,14,N5301954699,Basurtu-Zorrotza,6,6,1
2024-07-05,14,N4508853267,Uribarri,5,68,6
2024-07-05,14,W185205681,Deusto,5,5,3
2024-07-05,14,N4060532217,Otxarkoaga-Txurdinaga,4,41,4
2024-07-05,14,W632988668,Basurtu-Zorrotza,3,3,2
2024-07-05,14,W28776478,Abando,2,79,12
2024-07-05,14,N4761972760,Abando,2,54,13
2024-07-05,14,W123440625,Uribarri,2,2,7
2024-07-05,14,W163195554,Basurtu-Zorrotza,2,2,3
2024-07-05,15,W108497734,Ibaiondo,160,160,1
2024-07-05,15,N4060532227,Uribarri,126,126,1
2024-07-05,15,W108504682,Abando,97,97,1
2024-07-05,15,W404432093,Ibaiondo,72,72,2
2024-07-05,15,W110895854,Abando,69,71,2
2024-07-05,15,N4508853267,Uribarri,68,68,2
2024-07-05,15,N5056379164,Abando,52,52,3
2024-07-05,15,W28211432,Abando,43,43,4
2024-07-05,15,N4060532217,Otxarkoaga-Txurdinaga,41,41,1
2024-07-05,15,N4060532216,Otxarkoaga-Txurdinaga,39,39,2
2024-07-05,15,W96337695,Abando,38,40,5
2024-07-05,15,N5056353256,Uribarri,30,30,3
2024-07-05,15,W375390416,Ibaiondo,24,28,3
2024-07-05,15,N9607391207,Begona,22,22,1
2024-07-05,15,W44016098,Abando,21,78,6
2024-07-05,15,W111740255,Errekalde,20,28,1
2024-07-05,15,N518227646,Abando,20,20,7
2024-07-05,15,W123440604,Uribarri,19,27,4
2024-07-05,15,N4060532220,Otxarkoaga-Txurdinaga,17,19,3
2024-07-05,15,W485363913,Ibaiondo,15,60,4
2024-07-05,15,W171882527,Abando,8,12,8
2024-07-05,15,N5301954699,Basurtu-Zorrotza,6,6,1
2024-07-05,15,W185205681,Deusto,5,5,1
2024-07-05,15,W632988668,Basurtu-Zorrotza,3,3,2
2024-07-05,15,W123440625,Uribarri,2,2,5
2024-07-05,15,W163195554,Basurtu-Zorrotza,2,2,3
2024-07-05,16,W108497734,Ibaiondo,160,160,1
2024-07-05,16,N4060532227,Uribarri,126,126,1
2024-07-05,16,N3207631929,Abando,113,113,1
2024-07-05,16,W404432093,Ibaiondo,72,72,2
2024-07-05,16,N4508853267,Uribarri,68,68,2
2024-07-05,16,W110895854,Abando,66,71,2
2024-07-05,16,W301165234,Errekalde,53,53,1
2024-07-05,16,N5056379164,Abando,52,52,3
2024-07-05,16,N5056200430,Basurtu-Zorrotza,43,43,1
2024-07-05,16,W28211432,Abando,43,43,4
2024-07-05,16,N4060532217,Otxarkoaga-Txurdinaga,41,41,1
2024-07-05,16,W96337695,Abando,40,40,5
2024-07-05,16,N4060532216,Otxarkoaga-Txurdinaga,39,39,2
2024-07-05,16,N5056353256,Uribarri,30,30,3
2024-07-05,16,W375390416,Ibaiondo,24,28,3
2024-07-05,16,N9607391207,Begona,22,22,1
2024-07-05,16,W111740255,Errekalde,20,28,2
2024-07-05,16,N518227646,Abando,20,20,6
2024-07-05,16,W108504682,Abando,19,97,7
2024-07-05,16,W123440604,Uribarri,19,27,4
2024-07-05,16,N4060532220,Otxarkoaga-Txurdinaga,17,19,3
2024-07-05,16,W485363913,Ibaiondo,15,60,4
2024-07-05,16,W171882527,Abando,8,12,8
2024-07-05,16,N5301954699,Basurtu-Zorrotza,6,6,2
2024-07-05,16,W185205681,Deusto,5,5,1
2024-07-05,16,W632988668,Basurtu-Zorrotza,3,3,3
2024-07-05,16,W28776478,Abando,2,79,9
2024-07-05,16,W123440625,Uribarri,2,2,5
2024-07-05,16,W163195554,Basurtu-Zorrotza,2,2,4
2024-07-05,17,W108497734,Ibaiondo,160,160,1
2024-07-05,17,N4060532227,Uribarri,126,126,1
2024-07-05,17,N3207631929,Abando,113,113,1
2024-07-05,17,W404432093,Ibaiondo,72,72,2
2024-07-05,17,N4508853267,Uribarri,68,68,2
2024-07-05,17,W110895854,Abando,66,71,2
2024-07-05,17,W301165234,Errekalde,53,53,1
2024-07-05,17,N5056379164,Abando,52,52,3
2024-07-05,17,N5056421870,Deusto,45,45,1
2024-07-05,17,N5056200430,Basurtu-Zorrotza,43,43,1
2024-07-05,17,W28211432,Abando,43,43,4
2024-07-05,17,W164510985,Otxarkoaga-Txurdinaga,41,41,1
2024-07-05,17,W96337695,Abando,40,40,5
2024-07-05,17,N4060532216,Otxarkoaga-Txurdinaga,39,39,2
2024-07-05,17,N4254043797,Deusto,31,31,2
2024-07-05,17,N5056353256,Uribarri,30,30,3
2024-07-05,17,N5056184623,Errekalde,29,31,2
2024-07-05,17,W375390416,Ibaiondo,24,28,3
2024-07-05,17,N9607391207,Begona,22,22,1
2024-07-05,17,N518227646,Abando,20,20,6
2024-07-05,17,W108504682,Abando,19,97,7
2024-07-05,17,W123440604,Uribarri,19,27,4
2024-07-05,17,N4060532220,Otxarkoaga-Txurdinaga,16,19,3
2024-07-05,17,W485363913,Ibaiondo,15,60,4
2024-07-05,17,W111740255,Errekalde,14,28,3
2024-07-05,17,W171882527,Abando,8,12,8
2024-07-05,17,N5301954699,Basurtu-Zorrotza,6,6,2
2024-07-05,17,W185205681,Deusto,5,5,3
2024-07-05,17,N4060532217,Otxarkoaga-Txurdinaga,4,41,4
2024-07-05,17,W632988668,Basurtu-Zorrotza,3,3,3
2024-07-05,17,W28776478,Abando,2,79,9
2024-07-05,17,W123440625,Uribarri,2,2,5
2024-07-05,17,W163195554,Basurtu-Zorrotza,2,2,4
2024-07-05,18,W108497734,Ibaiondo,160,160,1
2024-07-05,18,N4060532227,Uribarri,126,126,1
2024-07-05,18,N3207631929,Abando,113,113,1
2024-07-05,18,W404432093,Ibaiondo,72,72,2
2024-07-05,18,N4508853267,Uribarri,68,68,2
2024-07-05,18,N4762096882,Abando,58,58,2
2024-07-05,18,W301165234,Errekalde,53,53,1
2024-07-05,18,N5056379164,Abando,52,52,3
2024-07-05,18,W28776478,Abando,50,79,4
2024-07-05,18,N1271964866,Abando,49,74,5
2024-07-05,18,N5056421870,Deusto,45,45,1
2024-07-05,18,N5056200430,Basurtu-Zorrotza,43,43,1
2024-07-05,18,W164510985,Otxarkoaga-Txurdinaga,41,41,1
2024-07-05,18,W96337695,Abando,40,40,6
2024-07-05,18,N4060532216,Otxarkoaga-Txurdinaga,39,39,2
2024-07-05,18,N4254043797,Deusto,31,31,2
2024-07-05,18,N5056353256,Uribarri,30,30,3
2024-07-05,18,N5056184623,Errekalde,29,31,2
2024-07-05,18,W41525574,Ibaiondo,25,114,3
2024-07-05,18,W375390416,Ibaiondo,24,28,4
2024-07-05,18,W163196945,Basurtu-Zorrotza,23,23,2
2024-07-05,18,N9607391207,Begona,22,22,1
2024-07-05,18,W28211432,Abando,20,43,7
2024-07-05,18,W123440604,Uribarri,19,27,4
2024-07-05,18,N4060532220,Otxarkoaga-Txurdinaga,16,19,3
2024-07-05,18,W108504682,Abando,15,97,8
2024-07-05,18,W111740255,Errekalde,14,28,3
2024-07-05,18,W485363913,Ibaiondo,13,60,5
2024-07-05,18,W44113519,Abando,9,34,9
2024-07-05,18,W171882527,Abando,8,12,10
2024-07-05,18,N518227646,Abando,7,20,11
2024-07-05,18,N5301954699,Basurtu-Zorrotza,6,6,3
2024-07-05,18,W185205681,Deusto,5,5,3
2024-07-05,18,N4060532217,Otxarkoaga-Txurdinaga,4,41,4
2024-07-05,18,W632988668,Basurtu-Zorrotza,3,3,4
2024-07-05,18,W123440625,Uribarri,2,2,5
2024-07-05,18,W163195554,Basurtu-Zorrotza,2,2,5
2024-07-05,19,W108497734,Ibaiondo,160,160,1
2024-07-05,19,N4060532227,Uribarri,126,126,1
2024-07-05,19,N3207631929,Abando,113,113,1
2024-07-05,19,W404432093,Ibaiondo,72,72,2
2024-07-05,19,N4508853267,Uribarri,68,68,2
2024-07-05,19,N4762096882,Abando,58,58,2
2024-07-05,19,W301165234,Errekalde,53,53,1
2024-07-05,19,N5056379164,Abando,52,52,3
2024-07-05,19,W28776478,Abando,50,79,4
2024-07-05,19,N1271964866,Abando,49,74,5
2024-07-05,19,N5056421870,Deusto,45,45,1
2024-07-05,19,N5056200430,Basurtu-Zorrotza,43,43,1
2024-07-05,19,W164510985,Otxarkoaga-Txurdinaga,41,41,1
2024-07-05,19,W96337695,Abando,40,40,6
2024-07-05,19,N4060532216,Otxarkoaga-Txurdinaga,39,39,2
2024-07-05,19,N4254043797,Deusto,31,31,2
2024-07-05,19,N5056353256,Uribarri,30,30,3
2024-07-05,19,N5056184623,Errekalde,29,31,2
2024-07-05,19,W41525574,Ibaiondo,25,114,3
2024-07-05,19,W375390416,Ibaiondo,24,28,4
2024-07-05,19,W163196945,Basurtu-Zorrotza,23,23,2
2024-07-05,19,N9607391207,Begona,22,22,1
2024-07-05,19,W28211432,Abando,20,43,7
2024-07-05,19,W123440604,Uribarri,19,27,4
2024-07-05,19,N4060532220,Otxarkoaga-Txurdinaga,16,19,3
2024-07-05,19,W108504682,Abando,15,97,8
2024-07-05,19,W111740255,Errekalde,14,28,3
2024-07-05,19,W485363913,Ibaiondo,13,60,5
2024-07-05,19,W44113519,Abando,9,34,9
2024-07-05,19,W171882527,Abando,8,12,10
2024-07-05,19,N518227646,Abando,7,20,11
2024-07-05,19,N5301954699,Basurtu-Zorrotza,6,6,3
2024-07-05,19,W185205681,Deusto,5,5,3
2024-07-05,19,N4060532217,Otxarkoaga-Txurdinaga,4,41,4
2024-07-05,19,W632988668,Basurtu-Zorrotza,3,3,4
2024-07-05,19,W123440625,Uribarri,2,2,5
2024-07-05,19,W163195554,Basurtu-Zorrotza,2,2,5
2024-07-05,20,N4060532227,Uribarri,126,126,1
2024-07-05,20,N3207631929,Abando,113,113,1
2024-07-05,20,W404432093,Ibaiondo,72,72,1
2024-07-05,20,N4508853267,Uribarri,68,68,2
2024-07-05,20,W485363913,Ibaiondo,60,60,2
2024-07-05,20,N4762096882,Abando,58,58,2
2024-07-05,20,W301165234,Errekalde,53,53,1
2024-07-05,20,N5056379164,Abando,52,52,3
2024-07-05,20,W28776478,Abando,50,79,4
2024-07-05,20,N1271964866,Abando,49,74,5
2024-07-05,20,N5056421870,Deusto,45,45,1
2024-07-05,20,N5056200430,Basurtu-Zorrotza,43,43,1
2024-07-05,20,W164510985,Otxarkoaga-Txurdinaga,41,41,1
2024-07-05,20,W96337695,Abando,40,40,6
2024-07-05,20,N4060532216,Otxarkoaga-Txurdinaga,39,39,2
2024-07-05,20,N4254043797,Deusto,31,31,2
2024-07-05,20,N5056353256,Uribarri,30,30,3
2024-07-05,20,N5056184623,Errekalde,29,31,2
2024-07-05,20,W375390416,Ibaiondo,24,28,3
2024-07-05,20,W28211432,Abando,20,43,7
2024-07-05,20,W123440604,Uribarri,19,27,4
2024-07-05,20,N4060532220,Otxarkoaga-Txurdinaga,16,19,3
2024-07-05,20,W111740255,Errekalde,14,28,3
2024-07-05,20,W44113519,Abando,9,34,8
2024-07-05,20,W171882527,Abando,8,12,9
2024-07-05,20,N5301954699,Basurtu-Zorrotza,6,6,2
2024-07-05,20,W44016098,Abando,5,78,10
2024-07-05,20,N4060532217,Otxarkoaga-Txurdinaga,4,41,4
2024-07-05,20,W632988668,Basurtu-Zorrotza,3,3,3
2024-07-05,20,W123440625,Uribarri,2,2,5
2024-07-05,20,W163195554,Basurtu-Zorrotza,2,2,4
2024-07-05,21,N4060532227,Uribarri,126,126,1
2024-07-05,21,W28776478,Abando,79,79,1
2024-07-05,21,N4508853267,Uribarri,68,68,2
2024-07-05,21,W485363913,Ibaiondo,60,60,1
2024-07-05,21,N5056379164,Abando,52,52,2
2024-07-05,21,N5056421870,Deusto,45,45,1
2024-07-05,21,N5056200430,Basurtu-Zorrotza,43,43,1
2024-07-05,21,N4060532217,Otxarkoaga-Txurdinaga,41,41,1
2024-07-05,21,W96337695,Abando,40,40,3
2024-07-05,21,N4060532216,Otxarkoaga-Txurdinaga,39,39,2
2024-07-05,21,N5056353256,Uribarri,30,30,3
2024-07-05,21,W375390416,Ibaiondo,28,28,2
2024-07-05,21,W44016098,Abando,25,78,4
2024-07-05,21,W111740255,Errekalde,20,28,1
2024-07-05,21,W123440604,Uribarri,19,27,4
2024-07-05,21,N4060532220,Otxarkoaga-Txurdinaga,17,19,3
2024-07-05,21,W171882527,Abando,12,12,5
2024-07-05,21,W44113519,Abando,9,34,6
2024-07-05,21,N5301954699,Basurtu-Zorrotza,6,6,2
2024-07-05,21,W632988668,Basurtu-Zorrotza,3,3,3
2024-07-05,21,W123440625,Uribarri,2,2,5
2024-07-05,21,W163195554,Basurtu-Zorrotza,2,2,4
2024-07-05,22,N4060532227,Uribarri,126,126,1
2024-07-05,22,W28776478,Abando,79,79,1
2024-07-05,22,N4508853267,Uribarri,68,68,2
2024-07-05,22,W485363913,Ibaiondo,60,60,1
2024-07-05,22,N5056379164,Abando,52,52,2
2024-07-05,22,N4060532217,Otxarkoaga-Txurdinaga,41,41,1
2024-07-05,22,N4060532216,Otxarkoaga-Txurdinaga,39,39,2
2024-07-05,22,N5056353256,Uribarri,30,30,3
2024-07-05,22,W111740255,Errekalde,20,28,1
2024-07-05,22,W123440604,Uribarri,19,27,4
2024-07-05,22,N4060532220,Otxarkoaga-Txurdinaga,17,19,3
2024-07-05,22,W171882527,Abando,12,12,3
2024-07-05,22,W44113519,Abando,9,34,4
2024-07-05,22,N5301954699,Basurtu-Zorrotza,6,6,1
2024-07-05,22,W632988668,Basurtu-Zorrotza,3,3,2
2024-07-05,22,W123440625,Uribarri,2,2,5
2024-07-05,22,W163195554,Basurtu-Zorrotza,2,2,3
2024-07-05,23,N4060532227,Uribarri,126,126,1
2024-07-05,23,W28776478,Abando,79,79,1
2024-07-05,23,N4508853267,Uribarri,68,68,2
2024-07-05,23,W485363913,Ibaiondo,60,60,1
2024-07-05,23,N5056379164,Abando,52,52,2
2024-07-05,23,N4060532217,Otxarkoaga-Txurdinaga,41,41,1
2024-07-05,23,N4060532216,Otxarkoaga-Txurdinaga,39,39,2
2024-07-05,23,N5056353256,Uribarri,30,30,3
2024-07-05,23,W111740255,Errekalde,20,28,1
2024-07-05,23,N4060532220,Otxarkoaga-Txurdinaga,17,19,3
2024-07-05,23,W171882527,Abando,12,12,3
2024-07-05,23,W44113519,Abando,9,34,4
2024-07-05,23,N5301954699,Basurtu-Zorrotza,6,6,1
2024-07-05,23,W632988668,Basurtu-Zorrotza,3,3,2
2024-07-05,23,W163195554,Basurtu-Zorrotza,2,2,3
2024-07-06,5,W28776478,Abando,79,79,1
2024-07-06,6,N4060532227,Uribarri,126,126,1
2024-07-06,6,W28776478,Abando,79,79,1
2024-07-06,6,N4508853267,Uribarri,68,68,2
2024-07-06,6,W485363913,Ibaiondo,60,60,1
2024-07-06,6,N5056379164,Abando,52,52,2
2024-07-06,6,N4060532217,Otxarkoaga-Txurdinaga,41,41,1
2024-07-06,6,N4060532216,Otxarkoaga-Txurdinaga,39,39,2
2024-07-06,6,N5056353256,Uribarri,30,30,3
2024-07-06,6,W111740255,Errekalde,20,28,1
2024-07-06,6,N4060532220,Otxarkoaga-Txurdinaga,17,19,3
2024-07-06,6,W44113519,Abando,9,34,3
2024-07-06,6,N5301954699,Basurtu-Zorrotza,6,6,1
2024-07-06,6,W632988668,Basurtu-Zorrotza,3,3,2
2024-07-06,6,W163195554,Basurtu-Zorrotza,2,2,3
2024-07-06,7,N4060532227,Uribarri,126,126,1
2024-07-06,7,W28776478,Abando,79,79,1
2024-07-06,7,N4508853267,Uribarri,68,68,2
2024-07-06,7,W485363913,Ibaiondo,60,60,1
2024-07-06,7,N5056379164,Abando,52,52,2
2024-07-06,7,N4060532217,Otxarkoaga-Txurdinaga,41,41,1
2024-07-06,7,N4060532216,Otxarkoaga-Txurdinaga,39,39,2
2024-07-06,7,N5056353256,Uribarri,30,30,3
2024-07-06,7,W111740255,Errekalde,20,28,1
2024-07-06,7,N4060532220,Otxarkoaga-Txurdinaga,17,19,3
2024-07-06,7,W44113519,Abando,9,34,3
2024-07-06,7,N5301954699,Basurtu-Zorrotza,6,6,1
2024-07-06,7,W632988668,Basurtu-Zorrotza,3,3,2
2024-07-06,7,W163195554,Basurtu-Zorrotza,2,2,3
2024-07-06,8,N5056355015,Uribarri,155,155,1
2024-07-06,8,N5056356248,Uribarri,139,139,2
2024-07-06,8,W28776478,Abando,79,79,1
2024-07-06,8,W485363913,Ibaiondo,60,60,1
2024-07-06,8,N5056379164,Abando,52,52,2
2024-07-06,8,W164510985,Otxarkoaga-Txurdinaga,41,41,1
2024-07-06,8,N4060532216,Otxarkoaga-Txurdinaga,39,39,2
2024-07-06,8,N4060532227,Uribarri,37,126,3
2024-07-06,8,N4254043797,Deusto,31,31,1
2024-07-06,8,N5056184623,Errekalde,31,31,1
2024-07-06,8,N5056353256,Uribarri,30,30,4
2024-07-06,8,W41688628,Abando,25,25,3
2024-07-06,8,W123440604,Uribarri,19,27,5
2024-07-06,8,N4060532220,Otxarkoaga-Txurdinaga,16,19,3
2024-07-06,8,N5056437799,Deusto,15,24,2
2024-07-06,8,W111740255,Errekalde,14,28,2
2024-07-06,8,W44113519,Abando,9,34,4
2024-07-06,8,N5301954699,Basurtu-Zorrotza,6,6,1
2024-07-06,8,N4508853267,Uribarri,5,68,6
2024-07-06,8,N4060532217,Otxarkoaga-Txurdinaga,4,41,4
2024-07-06,8,W632988668,Basurtu-Zorrotza,3,3,2
2024-07-06,8,W123440625,Uribarri,2,2,7
2024-07-06,8,W163195554,Basurtu-Zorrotza,2,2,3
2024-07-06,9,N5056355015,Uribarri,155,155,1
2024-07-06,9,N5056356248,Uribarri,139,139,2
2024-07-06,9,W108504682,Abando,97,97,1
2024-07-06,9,W110895854,Abando,70,71,2
2024-07-06,9,W485363913,Ibaiondo,59,60,1
2024-07-06,9,N5056379164,Abando,52,52,3
2024-07-06,9,N4060532217,Otxarkoaga-Txurdinaga,41,41,1
2024-07-06,9,N4060532216,Otxarkoaga-Txurdinaga,39,39,2
2024-07-06,9,W96337695,Abando,38,40,4
2024-07-06,9,N4060532227,Uribarri,37,126,3
2024-07-06,9,N4254043797,Deusto,31,31,1
2024-07-06,9,N5056353256,Uribarri,30,30,4
2024-07-06,9,N5056184623,Errekalde,29,31,1
2024-07-06,9,W123440604,Uribarri,19,27,5
2024-07-06,9,N4060532220,Otxarkoaga-Txurdinaga,17,19,3
2024-07-06,9,N5056437799,Deusto,15,24,2
2024-07-06,9,W111740255,Errekalde,14,28,2
2024-07-06,9,W41688628,Abando,13,25,5
2024-07-06,9,W28776478,Abando,10,79,6
2024-07-06,9,N5301954699,Basurtu-Zorrotza,6,6,1
2024-07-06,9,N4508853267,Uribarri,5,68,6
2024-07-06,9,W164510985,Otxarkoaga-Txurdinaga,3,41,4
2024-07-06,9,W632988668,Basurtu-Zorrotza,3,3,2
2024-07-06,9,W123440625,Uribarri,2,2,7
2024-07-06,9,W163195554,Basurtu-Zorrotza,2,2,3
2024-07-06,10,N5056355015,Uribarri,155,155,1
2024-07-06,10,N5056356248,Uribarri,139,139,2
2024-07-06,10,W41525574,Ibaiondo,114,114,1
2024-07-06,10,W108504682,Abando,97,97,1
2024-07-06,10,W404432093,Ibaiondo,72,72,2
2024-07-06,10,W110895854,Abando,70,71,2
2024-07-06,10,N1271964866,Abando,59,74,3
2024-07-06,10,N5056379164,Abando,52,52,4
2024-07-06,10,N4060532217,Otxarkoaga-Txurdinaga,41,41,1
2024-07-06,10,N4060532216,Otxarkoaga-Txurdinaga,39,39,2
2024-07-06,10,W96337695,Abando,38,40,5
2024-07-06,10,N4060532227,Uribarri,37,126,3
2024-07-06,10,N4254043797,Deusto,31,31,1
2024-07-06,10,W485363913,Ibaiondo,30,60,3
2024-07-06,10,N5056353256,Uribarri,30,30,4
2024-07-06,10,N5056184623,Errekalde,29,31,1
2024-07-06,10,W44016098,Abando,21,78,6
2024-07-06,10,W28211432,Abando,20,43,7
2024-07-06,10,W123440604,Uribarri,19,27,5
2024-07-06,10,N4060532220,Otxarkoaga-Txurdinaga,17,19,3
2024-07-06,10,N5056437799,Deusto,15,24,2
2024-07-06,10,W111740255,Errekalde,14,28,2
2024-07-06,10,W41688628,Abando,8,25,8
2024-07-06,10,W171882527,Abando,8,12,9
2024-07-06,10,N5301954699,Basurtu-Zorrotza,6,6,1
2024-07-06,10,N4508853267,Uribarri,5,68,6
2024-07-06,10,W164510985,Otxarkoaga-Txurdinaga,3,41,4
2024-07-06,10,W632988668,Basurtu-Zorrotza,3,3,2
2024-07-06,10,W123440625,Uribarri,2,2,7
2024-07-06,10,W163195554,Basurtu-Zorrotza,2,2,3
2024-07-06,11,N5056355015,Uribarri,155,155,1
2024-07-06,11,N5056356248,Uribarri,139,139,2
2024-07-06,11,W41525574,Ibaiondo,114,114,1
2024-07-06,11,N3207631929,Abando,113,113,1
2024-07-06,11,W404432093,Ibaiondo,72,72,2
2024-07-06,11,W110895854,Abando,67,71,2
2024-07-06,11,N4762096882,Abando,58,58,3
2024-07-06,11,N5056379164,Abando,52,52,4
2024-07-06,11,N1271964866,Abando,49,74,5
2024-07-06,11,N4060532217,Otxarkoaga-Txurdinaga,41,41,1
2024-07-06,11,W96337695,Abando,40,40,6
2024-07-06,11,N4060532216,Otxarkoaga-Txurdinaga,39,39,2
2024-07-06,11,N4060532227,Uribarri,37,126,3
2024-07-06,11,N4254043797,Deusto,31,31,1
2024-07-06,11,W485363913,Ibaiondo,30,60,3
2024-07-06,11,N5056353256,Uribarri,30,30,4
2024-07-06,11,N5056184623,Errekalde,29,31,1
2024-07-06,11,W163196945,Basurtu-Zorrotza,23,23,1
2024-07-06,11,W28211432,Abando,20,43,7
2024-07-06,11,W108504682,Abando,19,97,8
2024-07-06,11,W123440604,Uribarri,19,27,5
2024-07-06,11,N4060532220,Otxarkoaga-Txurdinaga,17,19,3
2024-07-06,11,N5056437799,Deusto,15,24,2
2024-07-06,11,W111740255,Errekalde,14,28,2
2024-07-06,11,W171882527,Abando,8,12,9
2024-07-06,11,W41688628,Abando,7,25,10
2024-07-06,11,N518227646,Abando,7,20,11
2024-07-06,11,N5301954699,Basurtu-Zorrotza,6,6,2
2024-07-06,11,N4508853267,Uribarri,5,68,6
2024-07-06,11,W164510985,Otxarkoaga-Txurdinaga,3,41,4
2024-07-06,11,W632988668,Basurtu-Zorrotza,3,3,3
2024-07-06,11,W28776478,Abando,2,79,12
2024-07-06,11,W123440625,Uribarri,2,2,7
2024-07-06,11,W163195554,Basurtu-Zorrotza,2,2,4
2024-07-06,12,N5056355015,Uribarri,155,155,1
2024-07-06,12,N5056356248,Uribarri,139,139,2
2024-07-06,12,W41525574,Ibaiondo,114,114,1
2024-07-06,12,N3207631929,Abando,113,113,1
2024-07-06,12,W404432093,Ibaiondo,72,72,2
2024-07-06,12,W110895854,Abando,67,71,2
2024-07-06,12,N4762096882,Abando,58,58,3
2024-07-06,12,N5056379164,Abando,52,52,4
2024-07-06,12,N1271964866,Abando,49,74,5
2024-07-06,12,N4060532217,Otxarkoaga-Txurdinaga,41,41,1
2024-07-06,12,W96337695,Abando,40,40,6
2024-07-06,12,N4060532216,Otxarkoaga-Txurdinaga,39,39,2
2024-07-06,12,N4060532227,Uribarri,37,126,3
2024-07-06,12,N4254043797,Deusto,31,31,1
2024-07-06,12,W485363913,Ibaiondo,30,60,3
2024-07-06,12,N5056353256,Uribarri,30,30,4
2024-07-06,12,N5056184623,Errekalde,29,31,1
2024-07-06,12,W163196945,Basurtu-Zorrotza,23,23,1
2024-07-06,12,W28211432,Abando,20,43,7
2024-07-06,12,W108504682,Abando,19,97,8
2024-07-06,12,W123440604,Uribarri,19,27,5
2024-07-06,12,N4060532220,Otxarkoaga-Txurdinaga,17,19,3
2024-07-06,12,N5056437799,Deusto,15,24,2
2024-07-06,12,W111740255,Errekalde,14,28,2
2024-07-06,12,W171882527,Abando,8,12,9
2024-07-06,12,W41688628,Abando,7,25,10
2024-07-06,12,N518227646,Abando,7,20,11
2024-07-06,12,N5301954699,Basurtu-Zorrotza,6,6,2
2024-07-06,12,N4508853267,Uribarri,5,68,6
2024-07-06,12,W164510985,Otxarkoaga-Txurdinaga,3,41,4
2024-07-06,12,W632988668,Basurtu-Zorrotza,3,3,3
2024-07-06,12,W28776478,Abando,2,79,12
2024-07-06,12,W123440625,Uribarri,2,2,7
2024-07-06,12,W163195554,Basurtu-Zorrotza,2,2,4
2024-07-06,13,N5056355015,Uribarri,155,155,1
2024-07-06,13,N5056356248,Uribarri,139,139,2
2024-07-06,13,N3207631929,Abando,113,113,1
2024-07-06,13,W404432093,Ibaiondo,72,72,1
2024-07-06,13,W110895854,Abando,67,71,2
2024-07-06,13,W485363913,Ibaiondo,59,60,2
2024-07-06,13,N4762096882,Abando,58,58,3
2024-07-06,13,N5056379164,Abando,52,52,4
2024-07-06,13,N1271964866,Abando,49,74,5
2024-07-06,13,N4060532217,Otxarkoaga-Txurdinaga,41,41,1
2024-07-06,13,W96337695,Abando,40,40,6
2024-07-06,13,N4060532216,Otxarkoaga-Txurdinaga,39,39,2
2024-07-06,13,N4060532227,Uribarri,37,126,3
2024-07-06,13,N4254043797,Deusto,31,31,1
2024-07-06,13,N5056353256,Uribarri,30,30,4
2024-07-06,13,N5056184623,Errekalde,29,31,1
2024-07-06,13,W163196945,Basurtu-Zorrotza,23,23,1
2024-07-06,13,W28211432,Abando,20,43,7
2024-07-06,13,W108504682,Abando,19,97,8
2024-07-06,13,W123440604,Uribarri,19,27,5
2024-07-06,13,N4060532220,Otxarkoaga-Txurdinaga,17,19,3
2024-07-06,13,N5056437799,Deusto,15,24,2
2024-07-06,13,W111740255,Errekalde,14,28,2
2024-07-06,13,W171882527,Abando,8,12,9
2024-07-06,13,W41688628,Abando,7,25,10
2024-07-06,13,N518227646,Abando,7,20,11
2024-07-06,13,N5301954699,Basurtu-Zorrotza,6,6,2
2024-07-06,13,N4508853267,Uribarri,5,68,6
2024-07-06,13,W164510985,Otxarkoaga-Txurdinaga,3,41,4
2024-07-06,13,W632988668,Basurtu-Zorrotza,3,3,3
2024-07-06,13,W44016098,Abando,2,78,12
2024-07-06,13,W123440625,Uribarri,2,2,7
2024-07-06,13,W163195554,Basurtu-Zorrotza,2,2,4
2024-07-06,14,N5056355015,Uribarri,155,155,1
2024-07-06,14,N5056356248,Uribarri,139,139,2
2024-07-06,14,N3207631929,Abando,113,113,1
2024-07-06,14,W404432093,Ibaiondo,72,72,1
2024-07-06,14,W110895854,Abando,67,71,2
2024-07-06,14,W485363913,Ibaiondo,59,60,2
2024-07-06,14,N4762096882,Abando,58,58,3
2024-07-06,14,N5056379164,Abando,52,52,4
2024-07-06,14,N1271964866,Abando,49,74,5
2024-07-06,14,N4060532217,Otxarkoaga-Txurdinaga,41,41,1
2024-07-06,14,W96337695,Abando,40,40,6
2024-07-06,14,N4060532216,Otxarkoaga-Txurdinaga,39,39,2
2024-07-06,14,N4060532227,Uribarri,37,126,3
2024-07-06,14,N4254043797,Deusto,31,31,1
2024-07-06,14,N5056353256,Uribarri,30,30,4
2024-07-06,14,N5056184623,Errekalde,29,31,1
2024-07-06,14,W28211432,Abando,20,43,7
2024-07-06,14,W123440604,Uribarri,19,27,5
2024-07-06,14,N4060532220,Otxarkoaga-Txurdinaga,17,19,3
2024-07-06,14,N5056437799,Deusto,15,24,2
2024-07-06,14,W111740255,Errekalde,14,28,2
2024-07-06,14,W171882527,Abando,8,12,8
2024-07-06,14,W44016098,Abando,7,78,9
2024-07-06,14,W41688628,Abando,7,25,10
2024-07-06,14,N518227646,Abando,7,20,11
2024-07-06,14,N5301954699,Basurtu-Zorrotza,6,6,1
2024-07-06,14,N4508853267,Uribarri,5,68,6
2024-07-06,14,W28776478,Abando,4,79,12
2024-07-06,14,W164510985,Otxarkoaga-Txurdinaga,3,41,4
2024-07-06,14,W632988668,Basurtu-Zorrotza,3,3,2
2024-07-06,14,W123440625,Uribarri,2,2,7
2024-07-06,14,W163195554,Basurtu-Zorrotza,2,2,3
2024-07-06,15,N4060532227,Uribarri,126,126,1
2024-07-06,15,W28776478,Abando,79,79,1
2024-07-06,15,W404432093,Ibaiondo,72,72,1
2024-07-06,15,N4508853267,Uribarri,68,68,2
2024-07-06,15,W485363913,Ibaiondo,60,60,2
2024-07-06,15,N5056379164,Abando,52,52,2
2024-07-06,15,W28211432,Abando,43,43,3
2024-07-06,15,N4060532217,Otxarkoaga-Txurdinaga,41,41,1
2024-07-06,15,W96337695,Abando,40,40,4
2024-07-06,15,N4060532216,Otxarkoaga-Txurdinaga,39,39,2
2024-07-06,15,N5056353256,Uribarri,30,30,3
2024-07-06,15,W44016098,Abando,25,78,5
2024-07-06,15,W110895854,Abando,22,71,6
2024-07-06,15,W111740255,Errekalde,20,28,1
2024-07-06,15,N518227646,Abando,20,20,7
2024-07-06,15,W123440604,Uribarri,19,27,4
2024-07-06,15,N4060532220,Otxarkoaga-Txurdinaga,17,19,3
2024-07-06,15,W171882527,Abando,8,12,8
2024-07-06,15,N5301954699,Basurtu-Zorrotza,6,6,1
2024-07-06,15,W632988668,Basurtu-Zorrotza,3,3,2
2024-07-06,15,W123440625,Uribarri,2,2,5
2024-07-06,15,W163195554,Basurtu-Zorrotza,2,2,3
2024-07-06,16,N4060532227,Uribarri,126,126,1
2024-07-06,16,N3207631929,Abando,113,113,1
2024-07-06,16,W404432093,Ibaiondo,72,72,1
2024-07-06,16,N4508853267,Uribarri,68,68,2
2024-07-06,16,W110895854,Abando,67,71,2
2024-07-06,16,W485363913,Ibaiondo,59,60,2
2024-07-06,16,N5056379164,Abando,52,52,3
2024-07-06,16,W28211432,Abando,43,43,4
2024-07-06,16,N4060532217,Otxarkoaga-Txurdinaga,41,41,1
2024-07-06,16,W96337695,Abando,40,40,5
2024-07-06,16,N4060532216,Otxarkoaga-Txurdinaga,39,39,2
2024-07-06,16,N5056353256,Uribarri,30,30,3
2024-07-06,16,W111740255,Errekalde,20,28,1
2024-07-06,16,N518227646,Abando,20,20,6
2024-07-06,16,W123440604,Uribarri,19,27,4
2024-07-06,16,N4060532220,Otxarkoaga-Txurdinaga,17,19,3
2024-07-06,16,W171882527,Abando,8,12,7
2024-07-06,16,W44016098,Abando,7,78,8
2024-07-06,16,N5301954699,Basurtu-Zorrotza,6,6,1
2024-07-06,16,W28776478,Abando,4,79,9
2024-07-06,16,W632988668,Basurtu-Zorrotza,3,3,2
2024-07-06,16,W123440625,Uribarri,2,2,5
2024-07-06,16,W163195554,Basurtu-Zorrotza,2,2,3
2024-07-06,17,N4060532227,Uribarri,126,126,1
2024-07-06,17,N3207631929,Abando,113,113,1
2024-07-06,17,W404432093,Ibaiondo,72,72,1
2024-07-06,17,N4508853267,Uribarri,68,68,2
2024-07-06,17,W110895854,Abando,67,71,2
2024-07-06,17,W485363913,Ibaiondo,59,60,2
2024-07-06,17,N5056379164,Abando,52,52,3
2024-07-06,17,W28211432,Abando,43,43,4
2024-07-06,17,N4060532217,Otxarkoaga-Txurdinaga,41,41,1
2024-07-06,17,W96337695,Abando,40,40,5
2024-07-06,17,N4060532216,Otxarkoaga-Txurdinaga,39,39,2
2024-07-06,17,N5056353256,Uribarri,30,30,3
2024-07-06,17,W111740255,Errekalde,20,28,1
2024-07-06,17,N518227646,Abando,20,20,6
2024-07-06,17,W123440604,Uribarri,19,27,4
2024-07-06,17,N4060532220,Otxarkoaga-Txurdinaga,17,19,3
2024-07-06,17,W171882527,Abando,8,12,7
2024-07-06,17,W44016098,Abando,7,78,8
2024-07-06,17,N5301954699,Basurtu-Zorrotza,6,6,1
2024-07-06,17,W28776478,Abando,4,79,9
2024-07-06,17,W632988668,Basurtu-Zorrotza,3,3,2
2024-07-06,17,W123440625,Uribarri,2,2,5
2024-07-06,17,W163195554,Basurtu-Zorrotza,2,2,3
2024-07-06,18,N4060532227,Uribarri,126,126,1
2024-07-06,18,W41525574,Ibaiondo,114,114,1
2024-07-06,18,N3207631929,Abando,113,113,1
2024-07-06,18,W404432093,Ibaiondo,72,72,2
2024-07-06,18,N4508853267,Uribarri,68,68,2
2024-07-06,18,N4762096882,Abando,58,58,2
2024-07-06,18,N5056379164,Abando,52,52,3
2024-07-06,18,W28776478,Abando,50,79,4
2024-07-06,18,N1271964866,Abando,49,74,5
2024-07-06,18,N4060532217,Otxarkoaga-Txurdinaga,41,41,1
2024-07-06,18,W96337695,Abando,40,40,6
2024-07-06,18,N4060532216,Otxarkoaga-Txurdinaga,39,39,2
2024-07-06,18,W485363913,Ibaiondo,31,60,3
2024-07-06,18,N5056353256,Uribarri,30,30,3
2024-07-06,18,W163196945,Basurtu-Zorrotza,23,23,1
2024-07-06,18,W28211432,Abando,20,43,7
2024-07-06,18,W111740255,Errekalde,20,28,1
2024-07-06,18,W123440604,Uribarri,19,27,4
2024-07-06,18,N4060532220,Otxarkoaga-Txurdinaga,17,19,3
2024-07-06,18,W44113519,Abando,9,34,8
2024-07-06,18,W171882527,Abando,8,12,9
2024-07-06,18,N518227646,Abando,7,20,10
2024-07-06,18,N5301954699,Basurtu-Zorrotza,6,6,2
2024-07-06,18,W44016098,Abando,5,78,11
2024-07-06,18,W632988668,Basurtu-Zorrotza,3,3,3
2024-07-06,18,W123440625,Uribarri,2,2,5
2024-07-06,18,W163195554,Basurtu-Zorrotza,2,2,4
2024-07-06,19,N4060532227,Uribarri,126,126,1
2024-07-06,19,W41525574,Ibaiondo,114,114,1
2024-07-06,19,N3207631929,Abando,113,113,1
2024-07-06,19,W404432093,Ibaiondo,72,72,2
2024-07-06,19,N4508853267,Uribarri,68,68,2
2024-07-06,19,N4762096882,Abando,58,58,2
2024-07-06,19,N5056379164,Abando,52,52,3
2024-07-06,19,W28776478,Abando,50,79,4
2024-07-06,19,N1271964866,Abando,49,74,5
2024-07-06,19,N4060532217,Otxarkoaga-Txurdinaga,41,41,1
2024-07-06,19,W96337695,Abando,40,40,6
2024-07-06,19,N4060532216,Otxarkoaga-Txurdinaga,39,39,2
2024-07-06,19,W485363913,Ibaiondo,31,60,3
2024-07-06,19,N5056353256,Uribarri,30,30,3
2024-07-06,19,W163196945,Basurtu-Zorrotza,23,23,1
2024-07-06,19,W28211432,Abando,20,43,7
2024-07-06,19,W111740255,Errekalde,20,28,1
2024-07-06,19,W123440604,Uribarri,19,27,4
2024-07-06,19,N4060532220,Otxarkoaga-Txurdinaga,17,19,3
2024-07-06,19,W44113519,Abando,9,34,8
2024-07-06,19,W171882527,Abando,8,12,9
2024-07-06,19,N518227646,Abando,7,20,10
2024-07-06,19,N5301954699,Basurtu-Zorrotza,6,6,2
2024-07-06,19,W44016098,Abando,5,78,11
2024-07-06,19,W632988668,Basurtu-Zorrotza,3,3,3
2024-07-06,19,W123440625,Uribarri,2,2,5
2024-07-06,19,W163195554,Basurtu-Zorrotza,2,2,4
2024-07-06,20,N4060532227,Uribarri,126,126,1
2024-07-06,20,N3207631929,Abando,113,113,1
2024-07-06,20,W404432093,Ibaiondo,72,72,1
2024-07-06,20,N4508853267,Uribarri,68,68,2
2024-07-06,20,W485363913,Ibaiondo,60,60,2
2024-07-06,20,N4762096882,Abando,58,58,2
2024-07-06,20,N5056379164,Abando,52,52,3
2024-07-06,20,W28776478,Abando,50,79,4
2024-07-06,20,N1271964866,Abando,49,74,5
2024-07-06,20,N4060532217,Otxarkoaga-Txurdinaga,41,41,1
2024-07-06,20,W96337695,Abando,40,40,6
2024-07-06,20,N4060532216,Otxarkoaga-Txurdinaga,39,39,2
2024-07-06,20,N5056353256,Uribarri,30,30,3
2024-07-06,20,W28211432,Abando,20,43,7
2024-07-06,20,W111740255,Errekalde,20,28,1
2024-07-06,20,W123440604,Uribarri,19,27,4
2024-07-06,20,N4060532220,Otxarkoaga-Txurdinaga,17,19,3
2024-07-06,20,W44113519,Abando,9,34,8
2024-07-06,20,W171882527,Abando,8,12,9
2024-07-06,20,N5301954699,Basurtu-Zorrotza,6,6,1
2024-07-06,20,W44016098,Abando,5,78,10
2024-07-06,20,W632988668,Basurtu-Zorrotza,3,3,2
2024-07-06,20,W123440625,Uribarri,2,2,5
2024-07-06,20,W163195554,Basurtu-Zorrotza,2,2,3
2024-07-06,21,N4060532227,Uribarri,126,126,1
2024-07-06,21,W28776478,Abando,79,79,1
2024-07-06,21,N4508853267,Uribarri,68,68,2
2024-07-06,21,W485363913,Ibaiondo,60,60,1
2024-07-06,21,N5056379164,Abando,52,52,2
2024-07-06,21,N4060532217,Otxarkoaga-Txurdinaga,41,41,1
2024-07-06,21,W96337695,Abando,40,40,3
2024-07-06,21,N4060532216,Otxarkoaga-Txurdinaga,39,39,2
2024-07-06,21,N5056353256,Uribarri,30,30,3
2024-07-06,21,W44016098,Abando,25,78,4
2024-07-06,21,W111740255,Errekalde,20,28,1
2024-07-06,21,W123440604,Uribarri,19,27,4
2024-07-06,21,N4060532220,Otxarkoaga-Txurdinaga,17,19,3
2024-07-06,21,W171882527,Abando,12,12,5
2024-07-06,21,W44113519,Abando,9,34,6
2024-07-06,21,N5301954699,Basurtu-Zorrotza,6,6,1
2024-07-06,21,W632988668,Basurtu-Zorrotza,3,3,2
2024-07-06,21,W123440625,Uribarri,2,2,5
2024-07-06,21,W163195554,Basurtu-Zorrotza,2,2,3
2024-07-06,22,N4060532227,Uribarri,126,126,1
2024-07-06,22,W28776478,Abando,79,79,1
2024-07-06,22,N4508853267,Uribarri,68,68,2
2024-07-06,22,W485363913,Ibaiondo,60,60,1
2024-07-06,22,N5056379164,Abando,52,52,2
2024-07-06,22,N4060532217,Otxarkoaga-Txurdinaga,41,41,1
2024-07-06,22,N4060532216,Otxarkoaga-Txurdinaga,39,39,2
2024-07-06,22,N5056353256,Uribarri,30,30,3
2024-07-06,22,W111740255,Errekalde,20,28,1
2024-07-06,22,W123440604,Uribarri,19,27,4
2024-07-06,22,N4060532220,Otxarkoaga-Txurdinaga,17,19,3
2024-07-06,22,W171882527,Abando,12,12,3
2024-07-06,22,W44113519,Abando,9,34,4
2024-07-06,22,N5301954699,Basurtu-Zorrotza,6,6,1
2024-07-06,22,W632988668,Basurtu-Zorrotza,3,3,2
2024-07-06,22,W123440625,Uribarri,2,2,5
2024-07-06,22,W163195554,Basurtu-Zorrotza,2,2,3
2024-07-06,23,N4060532227,Uribarri,126,126,1
2024-07-06,23,W28776478,Abando,79,79,1
2024-07-06,23,N4508853267,Uribarri,68,68,2
2024-07-06,23,W485363913,Ibaiondo,60,60,1
2024-07-06,23,N5056379164,Abando,52,52,2
2024-07-06,23,N4060532217,Otxarkoaga-Txurdinaga,41,41,1
2024-07-06,23,N4060532216,Otxarkoaga-Txurdinaga,39,39,2
2024-07-06,23,N5056353256,Uribarri,30,30,3
2024-07-06,23,W111740255,Errekalde,20,28,1
2024-07-06,23,N4060532220,Otxarkoaga-Txurdinaga,17,19,3
2024-07-06,23,W171882527,Abando,12,12,3
2024-07-06,23,W44113519,Abando,9,34,4
2024-07-06,23,N5301954699,Basurtu-Zorrotza,6,6,1
2024-07-06,23,W632988668,Basurtu-Zorrotza,3,3,2
2024-07-06,23,W163195554,Basurtu-Zorrotza,2,2,3
2024-07-07,0,N4060532227,Uribarri,126,126,1
2024-07-07,0,N4508853267,Uribarri,68,68,2
2024-07-07,0,W485363913,Ibaiondo,60,60,1
2024-07-07,0,N4060532217,Otxarkoaga-Txurdinaga,41,41,1
2024-07-07,0,N4060532216,Otxarkoaga-Txurdinaga,39,39,2
2024-07-07,0,N5056353256,Uribarri,30,30,3
2024-07-07,0,N4060532220,Otxarkoaga-Txurdinaga,17,19,3
2024-07-07,0,W163195554,Basurtu-Zorrotza,2,2,1
2024-07-07,1,N4060532227,Uribarri,126,126,1
2024-07-07,1,N4508853267,Uribarri,68,68,2
2024-07-07,1,W485363913,Ibaiondo,60,60,1
2024-07-07,1,N4060532217,Otxarkoaga-Txurdinaga,41,41,1
2024-07-07,1,N4060532216,Otxarkoaga-Txurdinaga,39,39,2
2024-07-07,1,N5056353256,Uribarri,30,30,3
2024-07-07,1,N4060532220,Otxarkoaga-Txurdinaga,17,19,3
2024-07-07,1,W163195554,Basurtu-Zorrotza,2,2,1
2024-07-07,2,N4060532227,Uribarri,126,126,1
2024-07-07,2,N4508853267,Uribarri,68,68,2
2024-07-07,2,W485363913,Ibaiondo,60,60,1
2024-07-07,2,N4060532217,Otxarkoaga-Txurdinaga,41,41,1
2024-07-07,2,N4060532216,Otxarkoaga-Txurdinaga,39,39,2
2024-07-07,2,N5056353256,Uribarri,30,30,3
2024-07-07,2,N4060532220,Otxarkoaga-Txurdinaga,17,19,3
2024-07-07,2,W163195554,Basurtu-Zorrotza,2,2,1
2024-07-07,3,N4060532227,Uribarri,126,126,1
2024-07-07,3,N4508853267,Uribarri,68,68,2
2024-07-07,3,W485363913,Ibaiondo,60,60,1
2024-07-07,3,N4060532217,Otxarkoaga-Txurdinaga,41,41,1
2024-07-07,3,N4060532216,Otxarkoaga-Txurdinaga,39,39,2
2024-07-07,3,N5056353256,Uribarri,30,30,3
2024-07-07,3,N4060532220,Otxarkoaga-Txurdinaga,17,19,3
2024-07-07,3,W163195554,Basurtu-Zorrotza,2,2,1
2024-07-07,4,N4060532227,Uribarri,126,126,1
2024-07-07,4,N4508853267,Uribarri,68,68,2
2024-07-07,4,W485363913,Ibaiondo,60,60,1
2024-07-07,4,N4060532217,Otxarkoaga-Txurdinaga,41,41,1
2024-07-07,4,N4060532216,Otxarkoaga-Txurdinaga,39,39,2
2024-07-07,4,N5056353256,Uribarri,30,30,3
2024-07-07,4,N4060532220,Otxarkoaga-Txurdinaga,17,19,3
2024-07-07,4,W163195554,Basurtu-Zorrotza,2,2,1
2024-07-07,5,N4060532227,Uribarri,126,126,1
2024-07-07,5,W28776478,Abando,79,79,1
2024-07-07,5,N4508853267,Uribarri,68,68,2
2024-07-07,5,W485363913,Ibaiondo,60,60,1
2024-07-07,5,N4060532217,Otxarkoaga-Txurdinaga,41,41,1
2024-07-07,5,N4060532216,Otxarkoaga-Txurdinaga,39,39,2
2024-07-07,5,N5056353256,Uribarri,30,30,3
2024-07-07,5,N4060532220,Otxarkoaga-Txurdinaga,17,19,3
2024-07-07,5,W163195554,Basurtu-Zorrotza,2,2,1
2024-07-07,6,N4060532227,Uribarri,126,126,1
2024-07-07,6,W28776478,Abando,79,79,1
2024-07-07,6,N4508853267,Uribarri,68,68,2
2024-07-07,6,W485363913,Ibaiondo,60,60,1
2024-07-07,6,N5056379164,Abando,52,52,2
2024-07-07,6,N4060532217,Otxarkoaga-Txurdinaga,41,41,1
2024-07-07,6,N4060532216,Otxarkoaga-Txurdinaga,39,39,2
2024-07-07,6,N5056353256,Uribarri,30,30,3
2024-07-07,6,W111740255,Errekalde,20,28,1
2024-07-07,6,N4060532220,Otxarkoaga-Txurdinaga,17,19,3
2024-07-07,6,W44113519,Abando,9,34,3
2024-07-07,6,N5301954699,Basurtu-Zorrotza,6,6,1
2024-07-07,6,W632988668,Basurtu-Zorrotza,3,3,2
2024-07-07,6,W163195554,Basurtu-Zorrotza,2,2,3
2024-07-07,7,N4060532227,Uribarri,126,126,1
2024-07-07,7,W28776478,Abando,79,79,1
2024-07-07,7,N4508853267,Uribarri,68,68,2
2024-07-07,7,W485363913,Ibaiondo,60,60,1
2024-07-07,7,N5056379164,Abando,52,52,2
2024-07-07,7,N4060532217,Otxarkoaga-Txurdinaga,41,41,1
2024-07-07,7,N4060532216,Otxarkoaga-Txurdinaga,39,39,2
2024-07-07,7,N5056353256,Uribarri,30,30,3
2024-07-07,7,W111740255,Errekalde,20,28,1
2024-07-07,7,N4060532220,Otxarkoaga-Txurdinaga,17,19,3
2024-07-07,7,W44113519,Abando,9,34,3
2024-07-07,7,N5301954699,Basurtu-Zorrotza,6,6,1
2024-07-07,7,W632988668,Basurtu-Zorrotza,3,3,2
2024-07-07,7,W163195554,Basurtu-Zorrotza,2,2,3
2024-07-07,8,N4060532227,Uribarri,126,126,1
2024-07-07,8,W28776478,Abando,79,79,1
2024-07-07,8,N4508853267,Uribarri,68,68,2
2024-07-07,8,W485363913,Ibaiondo,60,60,1
2024-07-07,8,N5056379164,Abando,52,52,2
2024-07-07,8,N4060532217,Otxarkoaga-Txurdinaga,41,41,1
2024-07-07,8,N4060532216,Otxarkoaga-Txurdinaga,39,39,2
2024-07-07,8,N5056353256,Uribarri,30,30,3
2024-07-07,8,W111740255,Errekalde,20,28,1
2024-07-07,8,W123440604,Uribarri,19,27,4
2024-07-07,8,N4060532220,Otxarkoaga-Txurdinaga,17,19,3
2024-07-07,8,W44113519,Abando,9,34,3
2024-07-07,8,N5301954699,Basurtu-Zorrotza,6,6,1
2024-07-07,8,W632988668,Basurtu-Zorrotza,3,3,2
2024-07-07,8,W123440625,Uribarri,2,2,5
2024-07-07,8,W163195554,Basurtu-Zorrotza,2,2,3
2024-07-07,9,N4060532227,Uribarri,126,126,1
2024-07-07,9,W28776478,Abando,79,79,1
2024-07-07,9,N4508853267,Uribarri,68,68,2
2024-07-07,9,W485363913,Ibaiondo,60,60,1
2024-07-07,9,N5056379164,Abando,52,52,2
2024-07-07,9,N4060532217,Otxarkoaga-Txurdinaga,41,41,1
2024-07-07,9,W96337695,Abando,40,40,3
2024-07-07,9,N4060532216,Otxarkoaga-Txurdinaga,39,39,2
2024-07-07,9,N5056353256,Uribarri,30,30,3
2024-07-07,9,W111740255,Errekalde,20,28,1
2024-07-07,9,W123440604,Uribarri,19,27,4
2024-07-07,9,N4060532220,Otxarkoaga-Txurdinaga,17,19,3
2024-07-07,9,W44113519,Abando,9,34,4
2024-07-07,9,N5301954699,Basurtu-Zorrotza,6,6,1
2024-07-07,9,W632988668,Basurtu-Zorrotza,3,3,2
2024-07-07,9,W123440625,Uribarri,2,2,5
2024-07-07,9,W163195554,Basurtu-Zorrotza,2,2,3
2024-07-07,10,N4060532227,Uribarri,126,126,1
2024-07-07,10,W41525574,Ibaiondo,114,114,1
2024-07-07,10,W28776478,Abando,79,79,1
2024-07-07,10,N1271964866,Abando,74,74,2
2024-07-07,10,W404432093,Ibaiondo,72,72,2
2024-07-07,10,N4508853267,Uribarri,68,68,2
2024-07-07,10,N5056379164,Abando,52,52,3
2024-07-07,10,N4060532217,Otxarkoaga-Txurdinaga,41,41,1
2024-07-07,10,W96337695,Abando,40,40,4
2024-07-07,10,N4060532216,Otxarkoaga-Txurdinaga,39,39,2
2024-07-07,10,W485363913,Ibaiondo,31,60,3
2024-07-07,10,N5056353256,Uribarri,30,30,3
2024-07-07,10,W28211432,Abando,20,43,5
2024-07-07,10,W111740255,Errekalde,20,28,1
2024-07-07,10,W123440604,Uribarri,19,27,4
2024-07-07,10,N4060532220,Otxarkoaga-Txurdinaga,17,19,3
2024-07-07,10,W44113519,Abando,9,34,6
2024-07-07,10,N5301954699,Basurtu-Zorrotza,6,6,1
2024-07-07,10,W632988668,Basurtu-Zorrotza,3,3,2
2024-07-07,10,W123440625,Uribarri,2,2,5
2024-07-07,10,W163195554,Basurtu-Zorrotza,2,2,3
2024-07-07,11,N4060532227,Uribarri,126,126,1
2024-07-07,11,W41525574,Ibaiondo,114,114,1
2024-07-07,11,N3207631929,Abando,113,113,1
2024-07-07,11,W404432093,Ibaiondo,72,72,2
2024-07-07,11,N4508853267,Uribarri,68,68,2
2024-07-07,11,N4762096882,Abando,58,58,2
2024-07-07,11,N5056379164,Abando,52,52,3
2024-07-07,11,W28776478,Abando,50,79,4
2024-07-07,11,N1271964866,Abando,49,74,5
2024-07-07,11,N4060532217,Otxarkoaga-Txurdinaga,41,41,1
2024-07-07,11,W96337695,Abando,40,40,6
2024-07-07,11,N4060532216,Otxarkoaga-Txurdinaga,39,39,2
2024-07-07,11,W485363913,Ibaiondo,31,60,3
2024-07-07,11,N5056353256,Uribarri,30,30,3
2024-07-07,11,W163196945,Basurtu-Zorrotza,23,23,1
2024-07-07,11,W28211432,Abando,20,43,7
2024-07-07,11,W111740255,Errekalde,20,28,1
2024-07-07,11,W123440604,Uribarri,19,27,4
2024-07-07,11,N4060532220,Otxarkoaga-Txurdinaga,17,19,3
2024-07-07,11,W44113519,Abando,9,34,8
2024-07-07,11,N518227646,Abando,7,20,9
2024-07-07,11,N5301954699,Basurtu-Zorrotza,6,6,2
2024-07-07,11,W632988668,Basurtu-Zorrotza,3,3,3
2024-07-07,11,W123440625,Uribarri,2,2,5
2024-07-07,11,W163195554,Basurtu-Zorrotza,2,2,4
2024-07-07,12,N4060532227,Uribarri,126,126,1
2024-07-07,12,W41525574,Ibaiondo,114,114,1
2024-07-07,12,N3207631929,Abando,113,113,1
2024-07-07,12,W404432093,Ibaiondo,72,72,2
2024-07-07,12,N4508853267,Uribarri,68,68,2
2024-07-07,12,N4762096882,Abando,58,58,2
2024-07-07,12,N5056379164,Abando,52,52,3
2024-07-07,12,W28776478,Abando,50,79,4
2024-07-07,12,N1271964866,Abando,49,74,5
2024-07-07,12,N4060532217,Otxarkoaga-Txurdinaga,41,41,1
2024-07-07,12,W96337695,Abando,40,40,6
2024-07-07,12,N4060532216,Otxarkoaga-Txurdinaga,39,39,2
2024-07-07,12,W485363913,Ibaiondo,31,60,3
2024-07-07,12,N5056353256,Uribarri,30,30,3
2024-07-07,12,W163196945,Basurtu-Zorrotza,23,23,1
2024-07-07,12,W28211432,Abando,20,43,7
2024-07-07,12,W111740255,Errekalde,20,28,1
2024-07-07,12,W123440604,Uribarri,19,27,4
2024-07-07,12,N4060532220,Otxarkoaga-Txurdinaga,17,19,3
2024-07-07,12,W44113519,Abando,9,34,8
2024-07-07,12,W171882527,Abando,8,12,9
2024-07-07,12,N518227646,Abando,7,20,10
2024-07-07,12,N5301954699,Basurtu-Zorrotza,6,6,2
2024-07-07,12,W632988668,Basurtu-Zorrotza,3,3,3
2024-07-07,12,W123440625,Uribarri,2,2,5
2024-07-07,12,W163195554,Basurtu-Zorrotza,2,2,4
2024-07-07,13,N4060532227,Uribarri,126,126,1
2024-07-07,13,N3207631929,Abando,113,113,1
2024-07-07,13,W404432093,Ibaiondo,72,72,1
2024-07-07,13,N4508853267,Uribarri,68,68,2
2024-07-07,13,W485363913,Ibaiondo,60,60,2
2024-07-07,13,N4762096882,Abando,58,58,2
2024-07-07,13,N5056379164,Abando,52,52,3
2024-07-07,13,W28776478,Abando,50,79,4
2024-07-07,13,N1271964866,Abando,49,74,5
2024-07-07,13,N4060532217,Otxarkoaga-Txurdinaga,41,41,1
2024-07-07,13,W96337695,Abando,40,40,6
2024-07-07,13,N4060532216,Otxarkoaga-Txurdinaga,39,39,2
2024-07-07,13,N5056353256,Uribarri,30,30,3
2024-07-07,13,W163196945,Basurtu-Zorrotza,23,23,1
2024-07-07,13,W28211432,Abando,20,43,7
2024-07-07,13,W111740255,Errekalde,20,28,1
2024-07-07,13,W123440604,Uribarri,19,27,4
2024-07-07,13,N4060532220,Otxarkoaga-Txurdinaga,17,19,3
2024-07-07,13,W44113519,Abando,9,34,8
2024-07-07,13,W171882527,Abando,8,12,9
2024-07-07,13,N518227646,Abando,7,20,10
2024-07-07,13,N5301954699,Basurtu-Zorrotza,6,6,2
2024-07-07,13,W632988668,Basurtu-Zorrotza,3,3,3
2024-07-07,13,W123440625,Uribarri,2,2,5
2024-07-07,13,W163195554,Basurtu-Zorrotza,2,2,4
2024-07-07,14,N4060532227,Uribarri,126,126,1
2024-07-07,14,N3207631929,Abando,113,113,1
2024-07-07,14,W404432093,Ibaiondo,72,72,1
2024-07-07,14,N4508853267,Uribarri,68,68,2
2024-07-07,14,W485363913,Ibaiondo,60,60,2
2024-07-07,14,N4762096882,Abando,58,58,2
2024-07-07,14,N5056379164,Abando,52,52,3
2024-07-07,14,W28776478,Abando,50,79,4
2024-07-07,14,N1271964866,Abando,49,74,5
2024-07-07,14,N4060532217,Otxarkoaga-Txurdinaga,41,41,1
2024-07-07,14,W96337695,Abando,40,40,6
2024-07-07,14,N4060532216,Otxarkoaga-Txurdinaga,39,39,2
2024-07-07,14,N5056353256,Uribarri,30,30,3
2024-07-07,14,W28211432,Abando,20,43,7
2024-07-07,14,W111740255,Errekalde,20,28,1
2024-07-07,14,W123440604,Uribarri,19,27,4
2024-07-07,14,N4060532220,Otxarkoaga-Txurdinaga,17,19,3
2024-07-07,14,W44113519,Abando,9,34,8
2024-07-07,14,W171882527,Abando,8,12,9
2024-07-07,14,N518227646,Abando,7,20,10
2024-07-07,14,N5301954699,Basurtu-Zorrotza,6,6,1
2024-07-07,14,W632988668,Basurtu-Zorrotza,3,3,2
2024-07-07,14,W123440625,Uribarri,2,2,5
2024-07-07,14,W163195554,Basurtu-Zorrotza,2,2,3
2024-07-07,15,N4060532227,Uribarri,126,126,1
2024-07-07,15,W28776478,Abando,79,79,1
2024-07-07,15,W404432093,Ibaiondo,72,72,1
2024-07-07,15,N4508853267,Uribarri,68,68,2
2024-07-07,15,W485363913,Ibaiondo,60,60,2
2024-07-07,15,N5056379164,Abando,52,52,2
2024-07-07,15,W28211432,Abando,43,43,3
2024-07-07,15,N4060532217,Otxarkoaga-Txurdinaga,41,41,1
2024-07-07,15,W96337695,Abando,40,40,4
2024-07-07,15,N4060532216,Otxarkoaga-Txurdinaga,39,39,2
2024-07-07,15,N5056353256,Uribarri,30,30,3
2024-07-07,15,W111740255,Errekalde,20,28,1
2024-07-07,15,N518227646,Abando,20,20,5
2024-07-07,15,W123440604,Uribarri,19,27,4
2024-07-07,15,N4060532220,Otxarkoaga-Txurdinaga,17,19,3
2024-07-07,15,W44113519,Abando,9,34,6
2024-07-07,15,W171882527,Abando,8,12,7
2024-07-07,15,N5301954699,Basurtu-Zorrotza,6,6,1
2024-07-07,15,W632988668,Basurtu-Zorrotza,3,3,2
2024-07-07,15,W123440625,Uribarri,2,2,5
2024-07-07,15,W163195554,Basurtu-Zorrotza,2,2,3
2024-07-07,16,N4060532227,Uribarri,126,126,1
2024-07-07,16,W28776478,Abando,79,79,1
2024-07-07,16,N4508853267,Uribarri,68,68,2
2024-07-07,16,W485363913,Ibaiondo,60,60,1
2024-07-07,16,N5056379164,Abando,52,52,2
2024-07-07,16,N4060532217,Otxarkoaga-Txurdinaga,41,41,1
2024-07-07,16,W96337695,Abando,40,40,3
2024-07-07,16,N4060532216,Otxarkoaga-Txurdinaga,39,39,2
2024-07-07,16,N5056353256,Uribarri,30,30,3
2024-07-07,16,W111740255,Errekalde,20,28,1
2024-07-07,16,N518227646,Abando,20,20,4
2024-07-07,16,W123440604,Uribarri,19,27,4
2024-07-07,16,N4060532220,Otxarkoaga-Txurdinaga,17,19,3
2024-07-07,16,W171882527,Abando,12,12,5
2024-07-07,16,W44113519,Abando,9,34,6
2024-07-07,16,N5301954699,Basurtu-Zorrotza,6,6,1
2024-07-07,16,W632988668,Basurtu-Zorrotza,3,3,2
2024-07-07,16,W123440625,Uribarri,2,2,5
2024-07-07,16,W163195554,Basurtu-Zorrotza,2,2,3
2024-07-07,17,N4060532227,Uribarri,126,126,1
2024-07-07,17,W28776478,Abando,79,79,1
2024-07-07,17,N4508853267,Uribarri,68,68,2
2024-07-07,17,W485363913,Ibaiondo,60,60,1
2024-07-07,17,N5056379164,Abando,52,52,2
2024-07-07,17,N4060532217,Otxarkoaga-Txurdinaga,41,41,1
2024-07-07,17,W96337695,Abando,40,40,3
2024-07-07,17,N4060532216,Otxarkoaga-Txurdinaga,39,39,2
2024-07-07,17,N5056353256,Uribarri,30,30,3
2024-07-07,17,W111740255,Errekalde,20,28,1
2024-07-07,17,N518227646,Abando,20,20,4
2024-07-07,17,W123440604,Uribarri,19,27,4
2024-07-07,17,N4060532220,Otxarkoaga-Txurdinaga,17,19,3
2024-07-07,17,W171882527,Abando,12,12,5
2024-07-07,17,W44113519,Abando,9,34,6
2024-07-07,17,N5301954699,Basurtu-Zorrotza,6,6,1
2024-07-07,17,W632988668,Basurtu-Zorrotza,3,3,2
2024-07-07,17,W123440625,Uribarri,2,2,5
2024-07-07,17,W163195554,Basurtu-Zorrotza,2,2,3
2024-07-07,18,N4060532227,Uribarri,126,126,1
2024-07-07,18,W41525574,Ibaiondo,114,114,1
2024-07-07,18,W28776478,Abando,79,79,1
2024-07-07,18,N4508853267,Uribarri,68,68,2
2024-07-07,18,N4762096882,Abando,58,58,2
2024-07-07,18,N5056379164,Abando,52,52,3
2024-07-07,18,N4060532217,Otxarkoaga-Txurdinaga,41,41,1
2024-07-07,18,W96337695,Abando,40,40,4
2024-07-07,18,N4060532216,Otxarkoaga-Txurdinaga,39,39,2
2024-07-07,18,W485363913,Ibaiondo,31,60,2
2024-07-07,18,N5056353256,Uribarri,30,30,3
2024-07-07,18,W163196945,Basurtu-Zorrotza,23,23,1
2024-07-07,18,W111740255,Errekalde,20,28,1
2024-07-07,18,W123440604,Uribarri,19,27,4
2024-07-07,18,N4060532220,Otxarkoaga-Txurdinaga,17,19,3
2024-07-07,18,W171882527,Abando,12,12,5
2024-07-07,18,W44113519,Abando,9,34,6
2024-07-07,18,N518227646,Abando,7,20,7
2024-07-07,18,N5301954699,Basurtu-Zorrotza,6,6,2
2024-07-07,18,W632988668,Basurtu-Zorrotza,3,3,3
2024-07-07,18,W123440625,Uribarri,2,2,5
2024-07-07,18,W163195554,Basurtu-Zorrotza,2,2,4
2024-07-07,19,N4060532227,Uribarri,126,126,1
2024-07-07,19,W41525574,Ibaiondo,114,114,1
2024-07-07,19,W28776478,Abando,79,79,1
2024-07-07,19,N4508853267,Uribarri,68,68,2
2024-07-07,19,N4762096882,Abando,58,58,2
2024-07-07,19,N5056379164,Abando,52,52,3
2024-07-07,19,N4060532217,Otxarkoaga-Txurdinaga,41,41,1
2024-07-07,19,W96337695,Abando,40,40,4
2024-07-07,19,N4060532216,Otxarkoaga-Txurdinaga,39,39,2
2024-07-07,19,W485363913,Ibaiondo,31,60,2
2024-07-07,19,N5056353256,Uribarri,30,30,3
2024-07-07,19,W163196945,Basurtu-Zorrotza,23,23,1
2024-07-07,19,W111740255,Errekalde,20,28,1
2024-07-07,19,W123440604,Uribarri,19,27,4
2024-07-07,19,N4060532220,Otxarkoaga-Txurdinaga,17,19,3
2024-07-07,19,W171882527,Abando,12,12,5
2024-07-07,19,W44113519,Abando,9,34,6
2024-07-07,19,N518227646,Abando,7,20,7
2024-07-07,19,N5301954699,Basurtu-Zorrotza,6,6,2
2024-07-07,19,W632988668,Basurtu-Zorrotza,3,3,3
2024-07-07,19,W123440625,Uribarri,2,2,5
2024-07-07,19,W163195554,Basurtu-Zorrotza,2,2,4
2024-07-07,20,N4060532227,Uribarri,126,126,1
2024-07-07,20,W28776478,Abando,79,79,1
2024-07-07,20,N4508853267,Uribarri,68,68,2
2024-07-07,20,W485363913,Ibaiondo,60,60,1
2024-07-07,20,N4762096882,Abando,58,58,2
2024-07-07,20,N5056379164,Abando,52,52,3
2024-07-07,20,N4060532217,Otxarkoaga-Txurdinaga,41,41,1
2024-07-07,20,W96337695,Abando,40,40,4
2024-07-07,20,N4060532216,Otxarkoaga-Txurdinaga,39,39,2
2024-07-07,20,N5056353256,Uribarri,30,30,3
2024-07-07,20,W111740255,Errekalde,20,28,1
2024-07-07,20,W123440604,Uribarri,19,27,4
2024-07-07,20,N4060532220,Otxarkoaga-Txurdinaga,17,19,3
2024-07-07,20,W171882527,Abando,12,12,5
2024-07-07,20,W44113519,Abando,9,34,6
2024-07-07,20,N5301954699,Basurtu-Zorrotza,6,6,1
2024-07-07,20,W632988668,Basurtu-Zorrotza,3,3,2
2024-07-07,20,W123440625,Uribarri,2,2,5
2024-07-07,20,W163195554,Basurtu-Zorrotza,2,2,3
2024-07-07,21,N4060532227,Uribarri,126,126,1
2024-07-07,21,W28776478,Abando,79,79,1
2024-07-07,21,N4508853267,Uribarri,68,68,2
2024-07-07,21,W485363913,Ibaiondo,60,60,1
2024-07-07,21,N5056379164,Abando,52,52,2
2024-07-07,21,N4060532217,Otxarkoaga-Txurdinaga,41,41,1
2024-07-07,21,W96337695,Abando,40,40,3
2024-07-07,21,N4060532216,Otxarkoaga-Txurdinaga,39,39,2
2024-07-07,21,N5056353256,Uribarri,30,30,3
2024-07-07,21,W111740255,Errekalde,20,28,1
2024-07-07,21,W123440604,Uribarri,19,27,4
2024-07-07,21,N4060532220,Otxarkoaga-Txurdinaga,17,19,3
2024-07-07,21,W171882527,Abando,12,12,4
2024-07-07,21,W44113519,Abando,9,34,5
2024-07-07,21,N5301954699,Basurtu-Zorrotza,6,6,1
2024-07-07,21,W632988668,Basurtu-Zorrotza,3,3,2
2024-07-07,21,W123440625,Uribarri,2,2,5
2024-07-07,21,W163195554,Basurtu-Zorrotza,2,2,3
2024-07-07,22,N4060532227,Uribarri,126,126,1
2024-07-07,22,W28776478,Abando,79,79,1
2024-07-07,22,N4508853267,Uribarri,68,68,2
2024-07-07,22,W485363913,Ibaiondo,60,60,1
2024-07-07,22,N5056379164,Abando,52,52,2
2024-07-07,22,N4060532217,Otxarkoaga-Txurdinaga,41,41,1
2024-07-07,22,N4060532216,Otxarkoaga-Txurdinaga,39,39,2
2024-07-07,22,N5056353256,Uribarri,30,30,3
2024-07-07,22,W111740255,Errekalde,20,28,1
2024-07-07,22,W123440604,Uribarri,19,27,4
2024-07-07,22,N4060532220,Otxarkoaga-Txurdinaga,17,19,3
2024-07-07,22,W171882527,Abando,12,12,3
2024-07-07,22,W44113519,Abando,9,34,4
2024-07-07,22,N5301954699,Basurtu-Zorrotza,6,6,1
2024-07-07,22,W632988668,Basurtu-Zorrotza,3,3,2
2024-07-07,22,W123440625,Uribarri,2,2,5
2024-07-07,22,W163195554,Basurtu-Zorrotza,2,2,3
2024-07-07,23,N4060532227,Uribarri,126,126,1
2024-07-07,23,W28776478,Abando,79,79,1
2024-07-07,23,N4508853267,Uribarri,68,68,2
2024-07-07,23,W485363913,Ibaiondo,60,60,1
2024-07-07,23,N5056379164,Abando,52,52,2
2024-07-07,23,N4060532217,Otxarkoaga-Txurdinaga,41,41,1
2024-07-07,23,N4060532216,Otxarkoaga-Txurdinaga,39,39,2
2024-07-07,23,N5056353256,Uribarri,30,30,3
2024-07-07,23,W111740255,Errekalde,20,28,1
2024-07-07,23,N4060532220,Otxarkoaga-Txurdinaga,17,19,3
2024-07-07,23,W171882527,Abando,12,12,3
2024-07-07,23,W44113519,Abando,9,34,4
2024-07-07,23,N5301954699,Basurtu-Zorrotza,6,6,1
2024-07-07,23,W632988668,Basurtu-Zorrotza,3,3,2
2024-07-07,23,W163195554,Basurtu-Zorrotza,2,2,3
