date,hour_of_day,osmid,subarea,help_convined,help_independent,rank
2024-03-25,5,N4060532227,Uribarri,126,126,1
2024-03-25,5,W28776478,Abando,79,79,1
2024-03-25,5,N4508853267,Uribarri,68,68,2
2024-03-25,5,W485363913,Ibaiondo,60,60,1
2024-03-25,5,N4060532217,Otxarkoaga-Txurdinaga,41,41,1
2024-03-25,5,N4060532216,Otxarkoaga-Txurdinaga,39,39,2
2024-03-25,5,N5056353256,Uribarri,30,30,3
2024-03-25,5,N4060532220,Otxarkoaga-Txurdinaga,17,19,3
2024-03-25,5,W163195554,Basurtu-Zorrotza,2,2,1
2024-03-25,6,N4060532227,Uribarri,126,126,1
2024-03-25,6,W28776478,Abando,79,79,1
2024-03-25,6,N4508853267,Uribarri,68,68,2
2024-03-25,6,W485363913,Ibaiondo,60,60,1
2024-03-25,6,N5056379164,Abando,52,52,2
2024-03-25,6,N4060532217,Otxarkoaga-Txurdinaga,41,41,1
2024-03-25,6,N4060532216,Otxarkoaga-Txurdinaga,39,39,2
2024-03-25,6,N5056353256,Uribarri,30,30,3
2024-03-25,6,W111740255,Errekalde,20,28,1
2024-03-25,6,N4060532220,Otxarkoaga-Txurdinaga,17,19,3
2024-03-25,6,W44113519,Abando,9,34,3
2024-03-25,6,N5301954699,Basurtu-Zorrotza,6,6,1
2024-03-25,6,W632988668,Basurtu-Zorrotza,3,3,2
2024-03-25,6,W163195554,Basurtu-Zorrotza,2,2,3
2024-03-25,7,N4060532227,Uribarri,126,126,1
2024-03-25,7,W28776478,Abando,79,79,1
2024-03-25,7,N4508853267,Uribarri,68,68,2
2024-03-25,7,W485363913,Ibaiondo,60,60,1
2024-03-25,7,N5056379164,Abando,52,52,2
2024-03-25,7,N4060532217,Otxarkoaga-Txurdinaga,41,41,1
2024-03-25,7,N4060532216,Otxarkoaga-Txurdinaga,39,39,2
2024-03-25,7,N5056353256,Uribarri,30,30,3
2024-03-25,7,W111740255,Errekalde,20,28,1
2024-03-25,7,N4060532220,Otxarkoaga-Txurdinaga,17,19,3
2024-03-25,7,W44113519,Abando,9,34,3
2024-03-25,7,N5301954699,Basurtu-Zorrotza,6,6,1
2024-03-25,7,W632988668,Basurtu-Zorrotza,3,3,2
2024-03-25,7,W163195554,Basurtu-Zorrotza,2,2,3
2024-03-25,8,N5056355015,Uribarri,155,155,1
2024-03-25,8,N5056356248,Uribarri,139,139,2
2024-03-25,8,W28776478,Abando,79,79,1
2024-03-25,8,W485363913,Ibaiondo,60,60,1
2024-03-25,8,N5056379164,Abando,52,52,2
2024-03-25,8,W164510985,Otxarkoaga-Txurdinaga,41,41,1
2024-03-25,8,N4060532216,Otxarkoaga-Txurdinaga,39,39,2
2024-03-25,8,N4060532227,Uribarri,37,126,3
2024-03-25,8,N4254043797,Deusto,31,31,1
2024-03-25,8,N5056184623,Errekalde,31,31,1
2024-03-25,8,N5056353256,Uribarri,30,30,4
2024-03-25,8,W41688628,Abando,25,25,3
2024-03-25,8,W397099000,Ibaiondo,23,23,2
2024-03-25,8,W123440604,Uribarri,19,27,5
2024-03-25,8,N4060532220,Otxarkoaga-Txurdinaga,16,19,3
2024-03-25,8,N5056437799,Deusto,15,24,2
2024-03-25,8,W111740255,Errekalde,14,28,2
2024-03-25,8,W44113519,Abando,9,34,4
2024-03-25,8,W290069950,Deusto,9,9,3
2024-03-25,8,N5301954699,Basurtu-Zorrotza,6,6,1
2024-03-25,8,W41415573,Errekalde,6,6,3
2024-03-25,8,N4508853267,Uribarri,5,68,6
2024-03-25,8,W151883539,Basurtu-Zorrotza,5,5,2
2024-03-25,8,W162445376,Uribarri,5,5,7
2024-03-25,8,N4060532217,Otxarkoaga-Txurdinaga,4,41,4
2024-03-25,8,W185205688,Deusto,3,19,4
2024-03-25,8,W632988668,Basurtu-Zorrotza,3,3,3
2024-03-25,8,W163195554,Basurtu-Zorrotza,2,2,4
2024-03-25,8,W305622069,Begona,2,2,1
2024-03-25,8,W376396126,Ibaiondo,1,1,3
2024-03-25,9,W108497734,Ibaiondo,160,160,1
2024-03-25,9,N5056355015,Uribarri,155,155,1
2024-03-25,9,N5056356248,Uribarri,139,139,2
2024-03-25,9,W108504682,Abando,97,97,1
2024-03-25,9,W110895854,Abando,69,71,2
2024-03-25,9,N11229807742,Basurtu-Zorrotza,69,69,1
2024-03-25,9,N4761972760,Abando,54,54,3
2024-03-25,9,N5056379164,Abando,52,52,4
2024-03-25,9,N5056421870,Deusto,45,45,1
2024-03-25,9,N4060532217,Otxarkoaga-Txurdinaga,41,41,1
2024-03-25,9,N9607467466,Basurtu-Zorrotza,40,48,2
2024-03-25,9,N4060532216,Otxarkoaga-Txurdinaga,39,39,2
2024-03-25,9,W96337695,Abando,38,40,5
2024-03-25,9,N4060532227,Uribarri,37,126,3
2024-03-25,9,W420558992,Ibaiondo,37,39,2
2024-03-25,9,N5056183351,Errekalde,37,37,1
2024-03-25,9,N9607363904,Uribarri,37,37,4
2024-03-25,9,N5056328910,Begona,36,36,1
2024-03-25,9,N11229801356,Ibaiondo,33,36,3
2024-03-25,9,N4254043797,Deusto,31,31,2
2024-03-25,9,N5056088727,Ibaiondo,29,52,4
2024-03-25,9,N5056184623,Errekalde,29,31,2
2024-03-25,9,N5056353256,Uribarri,23,30,5
2024-03-25,9,W397099000,Ibaiondo,23,23,5
2024-03-25,9,N4731925117,Abando,22,22,6
2024-03-25,9,N9607391207,Begona,22,22,2
2024-03-25,9,N9607455457,Errekalde,20,20,3
2024-03-25,9,N4060532220,Otxarkoaga-Txurdinaga,17,19,3
2024-03-25,9,N10308519810,Deusto,17,17,3
2024-03-25,9,W248634544,Uribarri,16,21,6
2024-03-25,9,W485363913,Ibaiondo,15,60,6
2024-03-25,9,N5056437799,Deusto,15,24,4
2024-03-25,9,W235157481,Otxarkoaga-Txurdinaga,14,36,4
2024-03-25,9,W111740255,Errekalde,14,28,4
2024-03-25,9,W28776478,Abando,10,79,7
2024-03-25,9,W41688628,Abando,10,25,8
2024-03-25,9,W290069950,Deusto,6,9,5
2024-03-25,9,N5301954699,Basurtu-Zorrotza,6,6,3
2024-03-25,9,W41415573,Errekalde,6,6,5
2024-03-25,9,W162445376,Uribarri,5,5,7
2024-03-25,9,W185205681,Deusto,5,5,6
2024-03-25,9,W164510985,Otxarkoaga-Txurdinaga,3,41,5
2024-03-25,9,W185205688,Deusto,3,19,7
2024-03-25,9,W632988668,Basurtu-Zorrotza,3,3,4
2024-03-25,9,W305622069,Begona,2,2,3
2024-03-25,9,W164512079,Otxarkoaga-Txurdinaga,1,34,6
2024-03-25,9,W123440604,Uribarri,1,27,8
2024-03-25,9,W163195554,Basurtu-Zorrotza,1,2,5
2024-03-25,9,W376396126,Ibaiondo,1,1,7
2024-03-25,10,W108497734,Ibaiondo,160,160,1
2024-03-25,10,N5056355015,Uribarri,155,155,1
2024-03-25,10,N5056356248,Uribarri,139,139,2
2024-03-25,10,W108504682,Abando,97,97,1
2024-03-25,10,W404432093,Ibaiondo,72,72,2
2024-03-25,10,W110895854,Abando,69,71,2
2024-03-25,10,N11229807742,Basurtu-Zorrotza,69,69,1
2024-03-25,10,N4761972760,Abando,54,54,3
2024-03-25,10,N5056379164,Abando,52,52,4
2024-03-25,10,N5056421870,Deusto,45,45,1
2024-03-25,10,W28211432,Abando,43,43,5
2024-03-25,10,N4060532217,Otxarkoaga-Txurdinaga,41,41,1
2024-03-25,10,N9607467466,Basurtu-Zorrotza,40,48,2
2024-03-25,10,N4060532216,Otxarkoaga-Txurdinaga,39,39,2
2024-03-25,10,W96337695,Abando,38,40,6
2024-03-25,10,N4060532227,Uribarri,37,126,3
2024-03-25,10,W420558992,Ibaiondo,37,39,3
2024-03-25,10,N5056183351,Errekalde,37,37,1
2024-03-25,10,N9607363904,Uribarri,37,37,4
2024-03-25,10,N5056328910,Begona,36,36,1
2024-03-25,10,N4254043797,Deusto,31,31,2
2024-03-25,10,N11229801356,Ibaiondo,30,36,4
2024-03-25,10,N5056184623,Errekalde,29,31,2
2024-03-25,10,N5056353256,Uribarri,23,30,5
2024-03-25,10,W397099000,Ibaiondo,23,23,5
2024-03-25,10,N9607391207,Begona,22,22,2
2024-03-25,10,W44016098,Abando,21,78,7
2024-03-25,10,N9607455457,Errekalde,20,20,3
2024-03-25,10,N4060532220,Otxarkoaga-Txurdinaga,17,19,3
2024-03-25,10,N10308519810,Deusto,17,17,3
2024-03-25,10,W248634544,Uribarri,16,21,6
2024-03-25,10,W485363913,Ibaiondo,15,60,6
2024-03-25,10,N5056088727,Ibaiondo,15,52,7
2024-03-25,10,N5056437799,Deusto,15,24,4
2024-03-25,10,N4731925117,Abando,15,22,8
2024-03-25,10,W235157481,Otxarkoaga-Txurdinaga,14,36,4
2024-03-25,10,W111740255,Errekalde,14,28,4
2024-03-25,10,W41688628,Abando,10,25,9
2024-03-25,10,W171882527,Abando,8,12,10
2024-03-25,10,W290069950,Deusto,6,9,5
2024-03-25,10,N5301954699,Basurtu-Zorrotza,6,6,3
2024-03-25,10,W41415573,Errekalde,6,6,5
2024-03-25,10,W162445376,Uribarri,5,5,7
2024-03-25,10,W185205681,Deusto,5,5,6
2024-03-25,10,W41525574,Ibaiondo,3,114,8
2024-03-25,10,W164510985,Otxarkoaga-Txurdinaga,3,41,5
2024-03-25,10,W185205688,Deusto,3,19,7
2024-03-25,10,W632988668,Basurtu-Zorrotza,3,3,4
2024-03-25,10,W305622069,Begona,2,2,3
2024-03-25,10,W164512079,Otxarkoaga-Txurdinaga,1,34,6
2024-03-25,10,W123440604,Uribarri,1,27,8
2024-03-25,10,W163195554,Basurtu-Zorrotza,1,2,5
2024-03-25,10,W376396126,Ibaiondo,1,1,9
2024-03-25,11,W108497734,Ibaiondo,160,160,1
2024-03-25,11,N5056355015,Uribarri,155,155,1
2024-03-25,11,N5056356248,Uribarri,139,139,2
2024-03-25,11,W108504682,Abando,97,97,1
2024-03-25,11,W404432093,Ibaiondo,72,72,2
2024-03-25,11,W110895854,Abando,69,71,2
2024-03-25,11,N11229807742,Basurtu-Zorrotza,69,69,1
2024-03-25,11,N4762096882,Abando,58,58,3
2024-03-25,11,N5056379164,Abando,52,52,4
2024-03-25,11,N5056421870,Deusto,45,45,1
2024-03-25,11,W28211432,Abando,43,43,5
2024-03-25,11,N4060532217,Otxarkoaga-Txurdinaga,41,41,1
2024-03-25,11,N9607467466,Basurtu-Zorrotza,40,48,2
2024-03-25,11,N4060532216,Otxarkoaga-Txurdinaga,39,39,2
2024-03-25,11,W96337695,Abando,38,40,6
2024-03-25,11,N4060532227,Uribarri,37,126,3
2024-03-25,11,W420558992,Ibaiondo,37,39,3
2024-03-25,11,N5056183351,Errekalde,37,37,1
2024-03-25,11,N9607363904,Uribarri,37,37,4
2024-03-25,11,N5056328910,Begona,36,36,1
2024-03-25,11,N4254043797,Deusto,31,31,2
2024-03-25,11,N11229801356,Ibaiondo,30,36,4
2024-03-25,11,N5056184623,Errekalde,29,31,2
2024-03-25,11,N5056353256,Uribarri,23,30,5
2024-03-25,11,W163196945,Basurtu-Zorrotza,23,23,3
2024-03-25,11,W397099000,Ibaiondo,23,23,5
2024-03-25,11,N9607391207,Begona,22,22,2
2024-03-25,11,W44016098,Abando,21,78,7
2024-03-25,11,N9607455457,Errekalde,20,20,3
2024-03-25,11,N4060532220,Otxarkoaga-Txurdinaga,17,19,3
2024-03-25,11,N10308519810,Deusto,17,17,3
2024-03-25,11,W248634544,Uribarri,16,21,6
2024-03-25,11,W485363913,Ibaiondo,15,60,6
2024-03-25,11,N5056088727,Ibaiondo,15,52,7
2024-03-25,11,N5056437799,Deusto,15,24,4
2024-03-25,11,N4731925117,Abando,15,22,8
2024-03-25,11,W235157481,Otxarkoaga-Txurdinaga,14,36,4
2024-03-25,11,W111740255,Errekalde,14,28,4
2024-03-25,11,W41688628,Abando,10,25,9
2024-03-25,11,W171882527,Abando,8,12,10
2024-03-25,11,W290069950,Deusto,6,9,5
2024-03-25,11,N5301954699,Basurtu-Zorrotza,6,6,4
2024-03-25,11,W41415573,Errekalde,6,6,5
2024-03-25,11,W162445376,Uribarri,5,5,7
2024-03-25,11,W185205681,Deusto,5,5,6
2024-03-25,11,N4761972760,Abando,4,54,11
2024-03-25,11,W41525574,Ibaiondo,3,114,8
2024-03-25,11,W164510985,Otxarkoaga-Txurdinaga,3,41,5
2024-03-25,11,W185205688,Deusto,3,19,7
2024-03-25,11,W632988668,Basurtu-Zorrotza,3,3,5
2024-03-25,11,W305622069,Begona,2,2,3
2024-03-25,11,W164512079,Otxarkoaga-Txurdinaga,1,34,6
2024-03-25,11,W123440604,Uribarri,1,27,8
2024-03-25,11,W163195554,Basurtu-Zorrotza,1,2,6
2024-03-25,11,W376396126,Ibaiondo,1,1,9
2024-03-25,12,W108497734,Ibaiondo,160,160,1
2024-03-25,12,N5056355015,Uribarri,155,155,1
2024-03-25,12,N5056356248,Uribarri,139,139,2
2024-03-25,12,W108504682,Abando,97,97,1
2024-03-25,12,W404432093,Ibaiondo,72,72,2
2024-03-25,12,W110895854,Abando,69,71,2
2024-03-25,12,N11229807742,Basurtu-Zorrotza,69,69,1
2024-03-25,12,N4762096882,Abando,58,58,3
2024-03-25,12,N5056379164,Abando,52,52,4
2024-03-25,12,N5056421870,Deusto,45,45,1
2024-03-25,12,W28211432,Abando,43,43,5
2024-03-25,12,N4060532217,Otxarkoaga-Txurdinaga,41,41,1
2024-03-25,12,N9607467466,Basurtu-Zorrotza,40,48,2
2024-03-25,12,N4060532216,Otxarkoaga-Txurdinaga,39,39,2
2024-03-25,12,W96337695,Abando,38,40,6
2024-03-25,12,N4060532227,Uribarri,37,126,3
2024-03-25,12,W420558992,Ibaiondo,37,39,3
2024-03-25,12,N5056183351,Errekalde,37,37,1
2024-03-25,12,N9607363904,Uribarri,37,37,4
2024-03-25,12,N5056328910,Begona,36,36,1
2024-03-25,12,N4254043797,Deusto,31,31,2
2024-03-25,12,N11229801356,Ibaiondo,30,36,4
2024-03-25,12,N5056184623,Errekalde,29,31,2
2024-03-25,12,N5056353256,Uribarri,23,30,5
2024-03-25,12,W163196945,Basurtu-Zorrotza,23,23,3
2024-03-25,12,W397099000,Ibaiondo,23,23,5
2024-03-25,12,N9607391207,Begona,22,22,2
2024-03-25,12,W44016098,Abando,21,78,7
2024-03-25,12,N9607455457,Errekalde,20,20,3
2024-03-25,12,N4060532220,Otxarkoaga-Txurdinaga,17,19,3
2024-03-25,12,N10308519810,Deusto,17,17,3
2024-03-25,12,W248634544,Uribarri,16,21,6
2024-03-25,12,W485363913,Ibaiondo,15,60,6
2024-03-25,12,N5056088727,Ibaiondo,15,52,7
2024-03-25,12,N5056437799,Deusto,15,24,4
2024-03-25,12,N4731925117,Abando,15,22,8
2024-03-25,12,W235157481,Otxarkoaga-Txurdinaga,14,36,4
2024-03-25,12,W111740255,Errekalde,14,28,4
2024-03-25,12,W41688628,Abando,10,25,9
2024-03-25,12,W171882527,Abando,8,12,10
2024-03-25,12,W290069950,Deusto,6,9,5
2024-03-25,12,N5301954699,Basurtu-Zorrotza,6,6,4
2024-03-25,12,W41415573,Errekalde,6,6,5
2024-03-25,12,W162445376,Uribarri,5,5,7
2024-03-25,12,W185205681,Deusto,5,5,6
2024-03-25,12,N4761972760,Abando,4,54,11
2024-03-25,12,W41525574,Ibaiondo,3,114,8
2024-03-25,12,W164510985,Otxarkoaga-Txurdinaga,3,41,5
2024-03-25,12,W185205688,Deusto,3,19,7
2024-03-25,12,W632988668,Basurtu-Zorrotza,3,3,5
2024-03-25,12,W305622069,Begona,2,2,3
2024-03-25,12,W164512079,Otxarkoaga-Txurdinaga,1,34,6
2024-03-25,12,W123440604,Uribarri,1,27,8
2024-03-25,12,W163195554,Basurtu-Zorrotza,1,2,6
2024-03-25,12,W376396126,Ibaiondo,1,1,9
2024-03-25,13,W108497734,Ibaiondo,160,160,1
2024-03-25,13,N5056355015,Uribarri,155,155,1
2024-03-25,13,N5056356248,Uribarri,139,139,2
2024-03-25,13,W108504682,Abando,97,97,1
2024-03-25,13,W404432093,Ibaiondo,72,72,2
2024-03-25,13,W110895854,Abando,69,71,2
2024-03-25,13,N11229807742,Basurtu-Zorrotza,69,69,1
2024-03-25,13,N4762096882,Abando,58,58,3
2024-03-25,13,N5056379164,Abando,52,52,4
2024-03-25,13,N5056421870,Deusto,45,45,1
2024-03-25,13,W28211432,Abando,43,43,5
2024-03-25,13,N4060532217,Otxarkoaga-Txurdinaga,41,41,1
2024-03-25,13,N9607467466,Basurtu-Zorrotza,40,48,2
2024-03-25,13,N4060532216,Otxarkoaga-Txurdinaga,39,39,2
2024-03-25,13,W96337695,Abando,38,40,6
2024-03-25,13,N4060532227,Uribarri,37,126,3
2024-03-25,13,W420558992,Ibaiondo,37,39,3
2024-03-25,13,N5056183351,Errekalde,37,37,1
2024-03-25,13,N9607363904,Uribarri,37,37,4
2024-03-25,13,N5056328910,Begona,36,36,1
2024-03-25,13,N4254043797,Deusto,31,31,2
2024-03-25,13,N11229801356,Ibaiondo,30,36,4
2024-03-25,13,N5056184623,Errekalde,29,31,2
2024-03-25,13,N5056353256,Uribarri,23,30,5
2024-03-25,13,W163196945,Basurtu-Zorrotza,23,23,3
2024-03-25,13,W397099000,Ibaiondo,23,23,5
2024-03-25,13,N9607391207,Begona,22,22,2
2024-03-25,13,W44016098,Abando,21,78,7
2024-03-25,13,N9607455457,Errekalde,20,20,3
2024-03-25,13,N4060532220,Otxarkoaga-Txurdinaga,17,19,3
2024-03-25,13,N10308519810,Deusto,17,17,3
2024-03-25,13,W248634544,Uribarri,16,21,6
2024-03-25,13,W485363913,Ibaiondo,15,60,6
2024-03-25,13,N5056088727,Ibaiondo,15,52,7
2024-03-25,13,N5056437799,Deusto,15,24,4
2024-03-25,13,N4731925117,Abando,15,22,8
2024-03-25,13,W235157481,Otxarkoaga-Txurdinaga,14,36,4
2024-03-25,13,W111740255,Errekalde,14,28,4
2024-03-25,13,W41688628,Abando,10,25,9
2024-03-25,13,W171882527,Abando,8,12,10
2024-03-25,13,W290069950,Deusto,6,9,5
2024-03-25,13,N5301954699,Basurtu-Zorrotza,6,6,4
2024-03-25,13,W41415573,Errekalde,6,6,5
2024-03-25,13,W162445376,Uribarri,5,5,7
2024-03-25,13,W185205681,Deusto,5,5,6
2024-03-25,13,N4761972760,Abando,4,54,11
2024-03-25,13,W164510985,Otxarkoaga-Txurdinaga,3,41,5
2024-03-25,13,W185205688,Deusto,3,19,7
2024-03-25,13,W632988668,Basurtu-Zorrotza,3,3,5
2024-03-25,13,W305622069,Begona,2,2,3
2024-03-25,13,W164512079,Otxarkoaga-Txurdinaga,1,34,6
2024-03-25,13,W123440604,Uribarri,1,27,8
2024-03-25,13,W163195554,Basurtu-Zorrotza,1,2,6
2024-03-25,13,W376396126,Ibaiondo,1,1,8
2024-03-25,14,W108497734,Ibaiondo,160,160,1
2024-03-25,14,N5056355015,Uribarri,155,155,1
2024-03-25,14,N5056356248,Uribarri,139,139,2
2024-03-25,14,W108504682,Abando,97,97,1
2024-03-25,14,W404432093,Ibaiondo,72,72,2
2024-03-25,14,W110895854,Abando,69,71,2
2024-03-25,14,N11229807742,Basurtu-Zorrotza,69,69,1
2024-03-25,14,N4762096882,Abando,58,58,3
2024-03-25,14,N5056379164,Abando,52,52,4
2024-03-25,14,N5056421870,Deusto,45,45,1
2024-03-25,14,W28211432,Abando,43,43,5
2024-03-25,14,W164510985,Otxarkoaga-Txurdinaga,41,41,1
2024-03-25,14,N9607467466,Basurtu-Zorrotza,40,48,2
2024-03-25,14,N4060532216,Otxarkoaga-Txurdinaga,39,39,2
2024-03-25,14,W96337695,Abando,38,40,6
2024-03-25,14,N4060532227,Uribarri,37,126,3
2024-03-25,14,W420558992,Ibaiondo,37,39,3
2024-03-25,14,N5056183351,Errekalde,37,37,1
2024-03-25,14,N9607363904,Uribarri,37,37,4
2024-03-25,14,N5056328910,Begona,36,36,1
2024-03-25,14,N4254043797,Deusto,31,31,2
2024-03-25,14,N11229801356,Ibaiondo,30,36,4
2024-03-25,14,N5056184623,Errekalde,29,31,2
2024-03-25,14,N5056353256,Uribarri,23,30,5
2024-03-25,14,W397099000,Ibaiondo,23,23,5
2024-03-25,14,N9607391207,Begona,22,22,2
2024-03-25,14,W44016098,Abando,21,78,7
2024-03-25,14,N9607455457,Errekalde,20,20,3
2024-03-25,14,N10308519810,Deusto,17,17,3
2024-03-25,14,W248634544,Uribarri,16,21,6
2024-03-25,14,N4060532220,Otxarkoaga-Txurdinaga,16,19,3
2024-03-25,14,W485363913,Ibaiondo,15,60,6
2024-03-25,14,N5056088727,Ibaiondo,15,52,7
2024-03-25,14,N5056437799,Deusto,15,24,4
2024-03-25,14,N4731925117,Abando,15,22,8
2024-03-25,14,W235157481,Otxarkoaga-Txurdinaga,14,36,4
2024-03-25,14,W111740255,Errekalde,14,28,4
2024-03-25,14,W41688628,Abando,10,25,9
2024-03-25,14,W171882527,Abando,8,12,10
2024-03-25,14,W290069950,Deusto,6,9,5
2024-03-25,14,N5301954699,Basurtu-Zorrotza,6,6,3
2024-03-25,14,W41415573,Errekalde,6,6,5
2024-03-25,14,W162445376,Uribarri,5,5,7
2024-03-25,14,W185205681,Deusto,5,5,6
2024-03-25,14,N4761972760,Abando,4,54,11
2024-03-25,14,N4060532217,Otxarkoaga-Txurdinaga,4,41,5
2024-03-25,14,W185205688,Deusto,3,19,7
2024-03-25,14,W632988668,Basurtu-Zorrotza,3,3,4
2024-03-25,14,W305622069,Begona,2,2,3
2024-03-25,14,W164512079,Otxarkoaga-Txurdinaga,1,34,6
2024-03-25,14,W123440604,Uribarri,1,27,8
2024-03-25,14,W163195554,Basurtu-Zorrotza,1,2,5
2024-03-25,14,W376396126,Ibaiondo,1,1,8
2024-03-25,15,W108497734,Ibaiondo,160,160,1
2024-03-25,15,W48045715,Uribarri,155,155,1
2024-03-25,15,W108504682,Abando,97,97,1
2024-03-25,15,W404432093,Ibaiondo,72,72,2
2024-03-25,15,W110895854,Abando,69,71,2
2024-03-25,15,N11229807742,Basurtu-Zorrotza,69,69,1
2024-03-25,15,N4508853267,Uribarri,68,68,2
2024-03-25,15,N4761972760,Abando,54,54,3
2024-03-25,15,N5056379164,Abando,52,52,4
2024-03-25,15,N4060532227,Uribarri,47,126,3
2024-03-25,15,N5056421870,Deusto,45,45,1
2024-03-25,15,W28211432,Abando,43,43,5
2024-03-25,15,N4060532217,Otxarkoaga-Txurdinaga,41,41,1
2024-03-25,15,N9607467466,Basurtu-Zorrotza,40,48,2
2024-03-25,15,N4060532216,Otxarkoaga-Txurdinaga,39,39,2
2024-03-25,15,W96337695,Abando,38,40,6
2024-03-25,15,W420558992,Ibaiondo,37,39,3
2024-03-25,15,N5056183351,Errekalde,37,37,1
2024-03-25,15,N9607363904,Uribarri,37,37,4
2024-03-25,15,N5056328910,Begona,36,36,1
2024-03-25,15,N11229801356,Ibaiondo,30,36,4
2024-03-25,15,N5056353256,Uribarri,23,30,5
2024-03-25,15,W397099000,Ibaiondo,23,23,5
2024-03-25,15,N9607391207,Begona,22,22,2
2024-03-25,15,W44016098,Abando,21,78,7
2024-03-25,15,W111740255,Errekalde,20,28,2
2024-03-25,15,N9607455457,Errekalde,20,20,3
2024-03-25,15,W185205688,Deusto,19,19,2
2024-03-25,15,N4060532220,Otxarkoaga-Txurdinaga,17,19,3
2024-03-25,15,W485363913,Ibaiondo,15,60,6
2024-03-25,15,N5056088727,Ibaiondo,15,52,7
2024-03-25,15,N4731925117,Abando,15,22,8
2024-03-25,15,W235157481,Otxarkoaga-Txurdinaga,14,36,4
2024-03-25,15,W290069950,Deusto,9,9,3
2024-03-25,15,W171882527,Abando,8,12,9
2024-03-25,15,N5301954699,Basurtu-Zorrotza,6,6,3
2024-03-25,15,W41415573,Errekalde,6,6,4
2024-03-25,15,W162445376,Uribarri,5,5,6
2024-03-25,15,W185205681,Deusto,5,5,4
2024-03-25,15,W632988668,Basurtu-Zorrotza,3,3,4
2024-03-25,15,W305622069,Begona,2,2,3
2024-03-25,15,W164512079,Otxarkoaga-Txurdinaga,1,34,5
2024-03-25,15,W123440604,Uribarri,1,27,7
2024-03-25,15,W163195554,Basurtu-Zorrotza,1,2,5
2024-03-25,15,W376396126,Ibaiondo,1,1,8
2024-03-25,16,W108497734,Ibaiondo,160,160,1
2024-03-25,16,W48045715,Uribarri,155,155,1
2024-03-25,16,W108504682,Abando,97,97,1
2024-03-25,16,W404432093,Ibaiondo,72,72,2
2024-03-25,16,W110895854,Abando,69,71,2
2024-03-25,16,N11229807742,Basurtu-Zorrotza,69,69,1
2024-03-25,16,N4508853267,Uribarri,68,68,2
2024-03-25,16,N4761972760,Abando,54,54,3
2024-03-25,16,W301165234,Errekalde,53,53,1
2024-03-25,16,N5056379164,Abando,52,52,4
2024-03-25,16,N4060532227,Uribarri,47,126,3
2024-03-25,16,N5056421870,Deusto,45,45,1
2024-03-25,16,N5056200430,Basurtu-Zorrotza,43,43,2
2024-03-25,16,W28211432,Abando,43,43,5
2024-03-25,16,N4060532217,Otxarkoaga-Txurdinaga,41,41,1
2024-03-25,16,N9607467466,Basurtu-Zorrotza,40,48,3
2024-03-25,16,N4060532216,Otxarkoaga-Txurdinaga,39,39,2
2024-03-25,16,W96337695,Abando,38,40,6
2024-03-25,16,W420558992,Ibaiondo,37,39,3
2024-03-25,16,N5056183351,Errekalde,37,37,2
2024-03-25,16,N9607363904,Uribarri,37,37,4
2024-03-25,16,N5056328910,Begona,36,36,1
2024-03-25,16,N11229801356,Ibaiondo,30,36,4
2024-03-25,16,N5056353256,Uribarri,23,30,5
2024-03-25,16,W397099000,Ibaiondo,23,23,5
2024-03-25,16,N9607391207,Begona,22,22,2
2024-03-25,16,W44016098,Abando,21,78,7
2024-03-25,16,W111740255,Errekalde,20,28,3
2024-03-25,16,N9607455457,Errekalde,20,20,4
2024-03-25,16,W185205688,Deusto,19,19,2
2024-03-25,16,N4060532220,Otxarkoaga-Txurdinaga,17,19,3
2024-03-25,16,W485363913,Ibaiondo,15,60,6
2024-03-25,16,N5056088727,Ibaiondo,15,52,7
2024-03-25,16,N4731925117,Abando,15,22,8
2024-03-25,16,W235157481,Otxarkoaga-Txurdinaga,14,36,4
2024-03-25,16,W290069950,Deusto,9,9,3
2024-03-25,16,W171882527,Abando,8,12,9
2024-03-25,16,N5301954699,Basurtu-Zorrotza,6,6,4
2024-03-25,16,W41415573,Errekalde,6,6,5
2024-03-25,16,W162445376,Uribarri,5,5,6
2024-03-25,16,W185205681,Deusto,5,5,4
2024-03-25,16,W632988668,Basurtu-Zorrotza,3,3,5
2024-03-25,16,W305622069,Begona,2,2,3
2024-03-25,16,W164512079,Otxarkoaga-Txurdinaga,1,34,5
2024-03-25,16,W123440604,Uribarri,1,27,7
2024-03-25,16,W163195554,Basurtu-Zorrotza,1,2,6
2024-03-25,16,W376396126,Ibaiondo,1,1,8
2024-03-25,17,W108497734,Ibaiondo,160,160,1
2024-03-25,17,N5056355015,Uribarri,155,155,1
2024-03-25,17,N5056356248,Uribarri,139,139,2
2024-03-25,17,W108504682,Abando,97,97,1
2024-03-25,17,W404432093,Ibaiondo,72,72,2
2024-03-25,17,W110895854,Abando,69,71,2
2024-03-25,17,N11229807742,Basurtu-Zorrotza,69,69,1
2024-03-25,17,W301165234,Errekalde,53,53,1
2024-03-25,17,N5056379164,Abando,52,52,3
2024-03-25,17,N5056421870,Deusto,45,45,1
2024-03-25,17,N5056200430,Basurtu-Zorrotza,43,43,2
2024-03-25,17,W28211432,Abando,43,43,4
2024-03-25,17,N4060532217,Otxarkoaga-Txurdinaga,41,41,1
2024-03-25,17,N9607467466,Basurtu-Zorrotza,40,48,3
2024-03-25,17,N4060532216,Otxarkoaga-Txurdinaga,39,39,2
2024-03-25,17,W96337695,Abando,38,40,5
2024-03-25,17,N4060532227,Uribarri,37,126,3
2024-03-25,17,W420558992,Ibaiondo,37,39,3
2024-03-25,17,N5056183351,Errekalde,37,37,2
2024-03-25,17,N9607363904,Uribarri,37,37,4
2024-03-25,17,N5056328910,Begona,36,36,1
2024-03-25,17,N4254043797,Deusto,31,31,2
2024-03-25,17,N11229801356,Ibaiondo,30,36,4
2024-03-25,17,N5056184623,Errekalde,29,31,3
2024-03-25,17,N5056353256,Uribarri,23,30,5
2024-03-25,17,W397099000,Ibaiondo,23,23,5
2024-03-25,17,N9607391207,Begona,22,22,2
2024-03-25,17,W44016098,Abando,21,78,6
2024-03-25,17,N9607455457,Errekalde,20,20,4
2024-03-25,17,N4060532220,Otxarkoaga-Txurdinaga,17,19,3
2024-03-25,17,W485363913,Ibaiondo,15,60,6
2024-03-25,17,N5056088727,Ibaiondo,15,52,7
2024-03-25,17,N4731925117,Abando,15,22,7
2024-03-25,17,W235157481,Otxarkoaga-Txurdinaga,14,36,4
2024-03-25,17,W111740255,Errekalde,14,28,5
2024-03-25,17,W290069950,Deusto,9,9,3
2024-03-25,17,W171882527,Abando,8,12,8
2024-03-25,17,W185205688,Deusto,7,19,4
2024-03-25,17,N5301954699,Basurtu-Zorrotza,6,6,4
2024-03-25,17,W41415573,Errekalde,6,6,6
2024-03-25,17,N4508853267,Uribarri,5,68,6
2024-03-25,17,W162445376,Uribarri,5,5,7
2024-03-25,17,W185205681,Deusto,5,5,5
2024-03-25,17,W164510985,Otxarkoaga-Txurdinaga,3,41,5
2024-03-25,17,W632988668,Basurtu-Zorrotza,3,3,5
2024-03-25,17,W305622069,Begona,2,2,3
2024-03-25,17,W164512079,Otxarkoaga-Txurdinaga,1,34,6
2024-03-25,17,W123440604,Uribarri,1,27,8
2024-03-25,17,W163195554,Basurtu-Zorrotza,1,2,6
2024-03-25,17,W376396126,Ibaiondo,1,1,8
2024-03-25,18,W108497734,Ibaiondo,160,160,1
2024-03-25,18,N5056355015,Uribarri,155,155,1
2024-03-25,18,N5056356248,Uribarri,139,139,2
2024-03-25,18,W108504682,Abando,97,97,1
2024-03-25,18,W404432093,Ibaiondo,72,72,2
2024-03-25,18,N11229807742,Basurtu-Zorrotza,69,69,1
2024-03-25,18,N4762096882,Abando,58,58,2
2024-03-25,18,W28776478,Abando,57,79,3
2024-03-25,18,W301165234,Errekalde,53,53,1
2024-03-25,18,N5056379164,Abando,52,52,4
2024-03-25,18,N5056421870,Deusto,45,45,1
2024-03-25,18,N5056200430,Basurtu-Zorrotza,43,43,2
2024-03-25,18,W28211432,Abando,43,43,5
2024-03-25,18,N4060532217,Otxarkoaga-Txurdinaga,41,41,1
2024-03-25,18,N9607467466,Basurtu-Zorrotza,40,48,3
2024-03-25,18,N4060532216,Otxarkoaga-Txurdinaga,39,39,2
2024-03-25,18,W96337695,Abando,38,40,6
2024-03-25,18,N4060532227,Uribarri,37,126,3
2024-03-25,18,W420558992,Ibaiondo,37,39,3
2024-03-25,18,N5056183351,Errekalde,37,37,2
2024-03-25,18,N9607363904,Uribarri,37,37,4
2024-03-25,18,N5056328910,Begona,36,36,1
2024-03-25,18,N4254043797,Deusto,31,31,2
2024-03-25,18,N11229801356,Ibaiondo,30,36,4
2024-03-25,18,N5056184623,Errekalde,29,31,3
2024-03-25,18,N5056353256,Uribarri,23,30,5
2024-03-25,18,W163196945,Basurtu-Zorrotza,23,23,4
2024-03-25,18,W397099000,Ibaiondo,23,23,5
2024-03-25,18,N9607391207,Begona,22,22,2
2024-03-25,18,N9607455457,Errekalde,20,20,4
2024-03-25,18,N4060532220,Otxarkoaga-Txurdinaga,17,19,3
2024-03-25,18,W485363913,Ibaiondo,15,60,6
2024-03-25,18,N5056088727,Ibaiondo,15,52,7
2024-03-25,18,N4731925117,Abando,15,22,7
2024-03-25,18,W235157481,Otxarkoaga-Txurdinaga,14,36,4
2024-03-25,18,W111740255,Errekalde,14,28,5
2024-03-25,18,W44016098,Abando,11,78,8
2024-03-25,18,W44113519,Abando,9,34,9
2024-03-25,18,W290069950,Deusto,9,9,3
2024-03-25,18,W171882527,Abando,8,12,10
2024-03-25,18,W185205688,Deusto,7,19,4
2024-03-25,18,N5301954699,Basurtu-Zorrotza,6,6,5
2024-03-25,18,W41415573,Errekalde,6,6,6
2024-03-25,18,N4508853267,Uribarri,5,68,6
2024-03-25,18,W162445376,Uribarri,5,5,7
2024-03-25,18,W185205681,Deusto,5,5,5
2024-03-25,18,W41525574,Ibaiondo,3,114,8
2024-03-25,18,W164510985,Otxarkoaga-Txurdinaga,3,41,5
2024-03-25,18,W632988668,Basurtu-Zorrotza,3,3,6
2024-03-25,18,W305622069,Begona,2,2,3
2024-03-25,18,W164512079,Otxarkoaga-Txurdinaga,1,34,6
2024-03-25,18,W123440604,Uribarri,1,27,8
2024-03-25,18,W163195554,Basurtu-Zorrotza,1,2,7
2024-03-25,18,W376396126,Ibaiondo,1,1,9
2024-03-25,19,W108497734,Ibaiondo,160,160,1
2024-03-25,19,N5056355015,Uribarri,155,155,1
2024-03-25,19,N5056356248,Uribarri,139,139,2
2024-03-25,19,W108504682,Abando,97,97,1
2024-03-25,19,W404432093,Ibaiondo,72,72,2
2024-03-25,19,N11229807742,Basurtu-Zorrotza,69,69,1
2024-03-25,19,N4762096882,Abando,58,58,2
2024-03-25,19,W28776478,Abando,57,79,3
2024-03-25,19,W301165234,Errekalde,53,53,1
2024-03-25,19,N5056379164,Abando,52,52,4
2024-03-25,19,N5056421870,Deusto,45,45,1
2024-03-25,19,N5056200430,Basurtu-Zorrotza,43,43,2
2024-03-25,19,W28211432,Abando,43,43,5
2024-03-25,19,N4060532217,Otxarkoaga-Txurdinaga,41,41,1
2024-03-25,19,N9607467466,Basurtu-Zorrotza,40,48,3
2024-03-25,19,N4060532216,Otxarkoaga-Txurdinaga,39,39,2
2024-03-25,19,W96337695,Abando,38,40,6
2024-03-25,19,N4060532227,Uribarri,37,126,3
2024-03-25,19,W420558992,Ibaiondo,37,39,3
2024-03-25,19,N5056183351,Errekalde,37,37,2
2024-03-25,19,N9607363904,Uribarri,37,37,4
2024-03-25,19,N5056328910,Begona,36,36,1
2024-03-25,19,N4254043797,Deusto,31,31,2
2024-03-25,19,N11229801356,Ibaiondo,30,36,4
2024-03-25,19,N5056184623,Errekalde,29,31,3
2024-03-25,19,N5056353256,Uribarri,23,30,5
2024-03-25,19,W163196945,Basurtu-Zorrotza,23,23,4
2024-03-25,19,W397099000,Ibaiondo,23,23,5
2024-03-25,19,N9607391207,Begona,22,22,2
2024-03-25,19,N9607455457,Errekalde,20,20,4
2024-03-25,19,N4060532220,Otxarkoaga-Txurdinaga,17,19,3
2024-03-25,19,W485363913,Ibaiondo,15,60,6
2024-03-25,19,N5056088727,Ibaiondo,15,52,7
2024-03-25,19,N4731925117,Abando,15,22,7
2024-03-25,19,W235157481,Otxarkoaga-Txurdinaga,14,36,4
2024-03-25,19,W111740255,Errekalde,14,28,5
2024-03-25,19,W44016098,Abando,11,78,8
2024-03-25,19,W44113519,Abando,9,34,9
2024-03-25,19,W290069950,Deusto,9,9,3
2024-03-25,19,W171882527,Abando,8,12,10
2024-03-25,19,W185205688,Deusto,7,19,4
2024-03-25,19,N5301954699,Basurtu-Zorrotza,6,6,5
2024-03-25,19,W41415573,Errekalde,6,6,6
2024-03-25,19,N4508853267,Uribarri,5,68,6
2024-03-25,19,W162445376,Uribarri,5,5,7
2024-03-25,19,W185205681,Deusto,5,5,5
2024-03-25,19,W41525574,Ibaiondo,3,114,8
2024-03-25,19,W164510985,Otxarkoaga-Txurdinaga,3,41,5
2024-03-25,19,W632988668,Basurtu-Zorrotza,3,3,6
2024-03-25,19,W305622069,Begona,2,2,3
2024-03-25,19,W164512079,Otxarkoaga-Txurdinaga,1,34,6
2024-03-25,19,W123440604,Uribarri,1,27,8
2024-03-25,19,W163195554,Basurtu-Zorrotza,1,2,7
2024-03-25,19,W376396126,Ibaiondo,1,1,9
2024-03-25,20,W108497734,Ibaiondo,160,160,1
2024-03-25,20,N5056355015,Uribarri,155,155,1
2024-03-25,20,N5056356248,Uribarri,139,139,2
2024-03-25,20,W108504682,Abando,97,97,1
2024-03-25,20,W404432093,Ibaiondo,72,72,2
2024-03-25,20,N11229807742,Basurtu-Zorrotza,69,69,1
2024-03-25,20,N4762096882,Abando,58,58,2
2024-03-25,20,W28776478,Abando,57,79,3
2024-03-25,20,W301165234,Errekalde,53,53,1
2024-03-25,20,N5056379164,Abando,52,52,4
2024-03-25,20,N5056421870,Deusto,45,45,1
2024-03-25,20,N5056200430,Basurtu-Zorrotza,43,43,2
2024-03-25,20,W28211432,Abando,43,43,5
2024-03-25,20,N4060532217,Otxarkoaga-Txurdinaga,41,41,1
2024-03-25,20,N9607467466,Basurtu-Zorrotza,40,48,3
2024-03-25,20,N4060532216,Otxarkoaga-Txurdinaga,39,39,2
2024-03-25,20,W96337695,Abando,38,40,6
2024-03-25,20,N4060532227,Uribarri,37,126,3
2024-03-25,20,W420558992,Ibaiondo,37,39,3
2024-03-25,20,N5056183351,Errekalde,37,37,2
2024-03-25,20,N9607363904,Uribarri,37,37,4
2024-03-25,20,N5056328910,Begona,36,36,1
2024-03-25,20,N4254043797,Deusto,31,31,2
2024-03-25,20,N11229801356,Ibaiondo,30,36,4
2024-03-25,20,N5056184623,Errekalde,29,31,3
2024-03-25,20,N5056353256,Uribarri,23,30,5
2024-03-25,20,W397099000,Ibaiondo,23,23,5
2024-03-25,20,N9607391207,Begona,22,22,2
2024-03-25,20,N9607455457,Errekalde,20,20,4
2024-03-25,20,N4060532220,Otxarkoaga-Txurdinaga,17,19,3
2024-03-25,20,W485363913,Ibaiondo,15,60,6
2024-03-25,20,N5056088727,Ibaiondo,15,52,7
2024-03-25,20,N4731925117,Abando,15,22,7
2024-03-25,20,W235157481,Otxarkoaga-Txurdinaga,14,36,4
2024-03-25,20,W111740255,Errekalde,14,28,5
2024-03-25,20,W44016098,Abando,11,78,8
2024-03-25,20,W44113519,Abando,9,34,9
2024-03-25,20,W290069950,Deusto,9,9,3
2024-03-25,20,W171882527,Abando,8,12,10
2024-03-25,20,W185205688,Deusto,7,19,4
2024-03-25,20,N5301954699,Basurtu-Zorrotza,6,6,4
2024-03-25,20,W41415573,Errekalde,6,6,6
2024-03-25,20,N4508853267,Uribarri,5,68,6
2024-03-25,20,W162445376,Uribarri,5,5,7
2024-03-25,20,W185205681,Deusto,5,5,5
2024-03-25,20,W632988668,Basurtu-Zorrotza,3,3,5
2024-03-25,20,W305622069,Begona,2,2,3
2024-03-25,20,W164512079,Otxarkoaga-Txurdinaga,1,34,5
2024-03-25,20,W123440604,Uribarri,1,27,8
2024-03-25,20,W163195554,Basurtu-Zorrotza,1,2,6
2024-03-25,20,W376396126,Ibaiondo,1,1,8
2024-03-25,21,W48045715,Uribarri,155,155,1
2024-03-25,21,W28776478,Abando,79,79,1
2024-03-25,21,N11229807742,Basurtu-Zorrotza,69,69,1
2024-03-25,21,N4508853267,Uribarri,68,68,2
2024-03-25,21,W485363913,Ibaiondo,60,60,1
2024-03-25,21,W301165234,Errekalde,53,53,1
2024-03-25,21,N5056088727,Ibaiondo,52,52,2
2024-03-25,21,N5056379164,Abando,52,52,2
2024-03-25,21,N4060532227,Uribarri,47,126,3
2024-03-25,21,N5056421870,Deusto,45,45,1
2024-03-25,21,N5056200430,Basurtu-Zorrotza,43,43,2
2024-03-25,21,N4060532217,Otxarkoaga-Txurdinaga,41,41,1
2024-03-25,21,N9607467466,Basurtu-Zorrotza,40,48,3
2024-03-25,21,W96337695,Abando,40,40,3
2024-03-25,21,N4060532216,Otxarkoaga-Txurdinaga,39,39,2
2024-03-25,21,W420558992,Ibaiondo,39,39,3
2024-03-25,21,N5056183351,Errekalde,37,37,2
2024-03-25,21,N9607363904,Uribarri,37,37,4
2024-03-25,21,N5056328910,Begona,36,36,1
2024-03-25,21,N11229801356,Ibaiondo,33,36,4
2024-03-25,21,W44016098,Abando,25,78,4
2024-03-25,21,N5056353256,Uribarri,23,30,5
2024-03-25,21,W397099000,Ibaiondo,23,23,5
2024-03-25,21,N4731925117,Abando,22,22,5
2024-03-25,21,N9607391207,Begona,22,22,2
2024-03-25,21,W111740255,Errekalde,20,28,3
2024-03-25,21,N9607455457,Errekalde,20,20,4
2024-03-25,21,W185205688,Deusto,19,19,2
2024-03-25,21,N4060532220,Otxarkoaga-Txurdinaga,17,19,3
2024-03-25,21,W235157481,Otxarkoaga-Txurdinaga,14,36,4
2024-03-25,21,W171882527,Abando,12,12,6
2024-03-25,21,W44113519,Abando,9,34,7
2024-03-25,21,W290069950,Deusto,9,9,3
2024-03-25,21,N5301954699,Basurtu-Zorrotza,6,6,4
2024-03-25,21,W41415573,Errekalde,6,6,5
2024-03-25,21,W162445376,Uribarri,5,5,6
2024-03-25,21,W185205681,Deusto,5,5,4
2024-03-25,21,W632988668,Basurtu-Zorrotza,3,3,5
2024-03-25,21,W305622069,Begona,2,2,3
2024-03-25,21,W164512079,Otxarkoaga-Txurdinaga,1,34,5
2024-03-25,21,W123440604,Uribarri,1,27,7
2024-03-25,21,W163195554,Basurtu-Zorrotza,1,2,6
2024-03-25,21,W376396126,Ibaiondo,1,1,6
2024-03-25,22,N4060532227,Uribarri,126,126,1
2024-03-25,22,W28776478,Abando,79,79,1
2024-03-25,22,N4508853267,Uribarri,68,68,2
2024-03-25,22,W485363913,Ibaiondo,60,60,1
2024-03-25,22,N5056379164,Abando,52,52,2
2024-03-25,22,N4060532217,Otxarkoaga-Txurdinaga,41,41,1
2024-03-25,22,N4060532216,Otxarkoaga-Txurdinaga,39,39,2
2024-03-25,22,N5056353256,Uribarri,30,30,3
2024-03-25,22,W397099000,Ibaiondo,23,23,2
2024-03-25,22,W111740255,Errekalde,20,28,1
2024-03-25,22,W123440604,Uribarri,19,27,4
2024-03-25,22,N4060532220,Otxarkoaga-Txurdinaga,17,19,3
2024-03-25,22,W171882527,Abando,12,12,3
2024-03-25,22,W44113519,Abando,9,34,4
2024-03-25,22,W290069950,Deusto,9,9,1
2024-03-25,22,N5301954699,Basurtu-Zorrotza,6,6,1
2024-03-25,22,W151883539,Basurtu-Zorrotza,5,5,2
2024-03-25,22,W162445376,Uribarri,5,5,5
2024-03-25,22,W632988668,Basurtu-Zorrotza,3,3,3
2024-03-25,22,W163195554,Basurtu-Zorrotza,2,2,4
2024-03-25,22,W164512079,Otxarkoaga-Txurdinaga,1,34,4
2024-03-25,23,N4060532227,Uribarri,126,126,1
2024-03-25,23,W28776478,Abando,79,79,1
2024-03-25,23,N4508853267,Uribarri,68,68,2
2024-03-25,23,W485363913,Ibaiondo,60,60,1
2024-03-25,23,N5056379164,Abando,52,52,2
2024-03-25,23,N4060532217,Otxarkoaga-Txurdinaga,41,41,1
2024-03-25,23,N4060532216,Otxarkoaga-Txurdinaga,39,39,2
2024-03-25,23,N5056353256,Uribarri,30,30,3
2024-03-25,23,W111740255,Errekalde,20,28,1
2024-03-25,23,N4060532220,Otxarkoaga-Txurdinaga,17,19,3
2024-03-25,23,W171882527,Abando,12,12,3
2024-03-25,23,W44113519,Abando,9,34,4
2024-03-25,23,N5301954699,Basurtu-Zorrotza,6,6,1
2024-03-25,23,W632988668,Basurtu-Zorrotza,3,3,2
2024-03-25,23,W163195554,Basurtu-Zorrotza,2,2,3
2024-03-26,5,N4060532227,Uribarri,126,126,1
2024-03-26,5,W28776478,Abando,79,79,1
2024-03-26,5,N4508853267,Uribarri,68,68,2
2024-03-26,5,W485363913,Ibaiondo,60,60,1
2024-03-26,5,N4060532217,Otxarkoaga-Txurdinaga,41,41,1
2024-03-26,5,N4060532216,Otxarkoaga-Txurdinaga,39,39,2
2024-03-26,5,N5056353256,Uribarri,30,30,3
2024-03-26,5,N4060532220,Otxarkoaga-Txurdinaga,17,19,3
2024-03-26,5,W163195554,Basurtu-Zorrotza,2,2,1
2024-03-26,6,N4060532227,Uribarri,126,126,1
2024-03-26,6,W28776478,Abando,79,79,1
2024-03-26,6,N4508853267,Uribarri,68,68,2
2024-03-26,6,W485363913,Ibaiondo,60,60,1
2024-03-26,6,N5056379164,Abando,52,52,2
2024-03-26,6,N4060532217,Otxarkoaga-Txurdinaga,41,41,1
2024-03-26,6,N4060532216,Otxarkoaga-Txurdinaga,39,39,2
2024-03-26,6,N5056353256,Uribarri,30,30,3
2024-03-26,6,W111740255,Errekalde,20,28,1
2024-03-26,6,N4060532220,Otxarkoaga-Txurdinaga,17,19,3
2024-03-26,6,W44113519,Abando,9,34,3
2024-03-26,6,N5301954699,Basurtu-Zorrotza,6,6,1
2024-03-26,6,W632988668,Basurtu-Zorrotza,3,3,2
2024-03-26,6,W163195554,Basurtu-Zorrotza,2,2,3
2024-03-26,7,N4060532227,Uribarri,126,126,1
2024-03-26,7,W28776478,Abando,79,79,1
2024-03-26,7,N4508853267,Uribarri,68,68,2
2024-03-26,7,W485363913,Ibaiondo,60,60,1
2024-03-26,7,N5056379164,Abando,52,52,2
2024-03-26,7,N4060532217,Otxarkoaga-Txurdinaga,41,41,1
2024-03-26,7,N4060532216,Otxarkoaga-Txurdinaga,39,39,2
2024-03-26,7,N5056353256,Uribarri,30,30,3
2024-03-26,7,W111740255,Errekalde,20,28,1
2024-03-26,7,N4060532220,Otxarkoaga-Txurdinaga,17,19,3
2024-03-26,7,W44113519,Abando,9,34,3
2024-03-26,7,N5301954699,Basurtu-Zorrotza,6,6,1
2024-03-26,7,W632988668,Basurtu-Zorrotza,3,3,2
2024-03-26,7,W163195554,Basurtu-Zorrotza,2,2,3
2024-03-26,8,N5056355015,Uribarri,155,155,1
2024-03-26,8,N5056356248,Uribarri,139,139,2
2024-03-26,8,W28776478,Abando,79,79,1
2024-03-26,8,W485363913,Ibaiondo,60,60,1
2024-03-26,8,N5056379164,Abando,52,52,2
2024-03-26,8,W164510985,Otxarkoaga-Txurdinaga,41,41,1
2024-03-26,8,N4060532216,Otxarkoaga-Txurdinaga,39,39,2
2024-03-26,8,N4060532227,Uribarri,37,126,3
2024-03-26,8,N4254043797,Deusto,31,31,1
2024-03-26,8,N5056184623,Errekalde,31,31,1
2024-03-26,8,N5056353256,Uribarri,30,30,4
2024-03-26,8,W41688628,Abando,25,25,3
2024-03-26,8,W397099000,Ibaiondo,23,23,2
2024-03-26,8,W123440604,Uribarri,19,27,5
2024-03-26,8,N4060532220,Otxarkoaga-Txurdinaga,16,19,3
2024-03-26,8,N5056437799,Deusto,15,24,2
2024-03-26,8,W111740255,Errekalde,14,28,2
2024-03-26,8,W44113519,Abando,9,34,4
2024-03-26,8,W290069950,Deusto,9,9,3
2024-03-26,8,N5301954699,Basurtu-Zorrotza,6,6,1
2024-03-26,8,W41415573,Errekalde,6,6,3
2024-03-26,8,N4508853267,Uribarri,5,68,6
2024-03-26,8,W151883539,Basurtu-Zorrotza,5,5,2
2024-03-26,8,W162445376,Uribarri,5,5,7
2024-03-26,8,N4060532217,Otxarkoaga-Txurdinaga,4,41,4
2024-03-26,8,W185205688,Deusto,3,19,4
2024-03-26,8,W632988668,Basurtu-Zorrotza,3,3,3
2024-03-26,8,W163195554,Basurtu-Zorrotza,2,2,4
2024-03-26,8,W305622069,Begona,2,2,1
2024-03-26,8,W376396126,Ibaiondo,1,1,3
2024-03-26,9,W108497734,Ibaiondo,160,160,1
2024-03-26,9,N5056355015,Uribarri,155,155,1
2024-03-26,9,N5056356248,Uribarri,139,139,2
2024-03-26,9,W108504682,Abando,97,97,1
2024-03-26,9,W110895854,Abando,69,71,2
2024-03-26,9,N11229807742,Basurtu-Zorrotza,69,69,1
2024-03-26,9,N4761972760,Abando,54,54,3
2024-03-26,9,N5056379164,Abando,52,52,4
2024-03-26,9,N5056421870,Deusto,45,45,1
2024-03-26,9,W164510985,Otxarkoaga-Txurdinaga,41,41,1
2024-03-26,9,N9607467466,Basurtu-Zorrotza,40,48,2
2024-03-26,9,N4060532216,Otxarkoaga-Txurdinaga,39,39,2
2024-03-26,9,W96337695,Abando,38,40,5
2024-03-26,9,N4060532227,Uribarri,37,126,3
2024-03-26,9,W420558992,Ibaiondo,37,39,2
2024-03-26,9,N5056183351,Errekalde,37,37,1
2024-03-26,9,N9607363904,Uribarri,37,37,4
2024-03-26,9,N5056328910,Begona,36,36,1
2024-03-26,9,N11229801356,Ibaiondo,33,36,3
2024-03-26,9,N4254043797,Deusto,31,31,2
2024-03-26,9,N5056088727,Ibaiondo,29,52,4
2024-03-26,9,N5056184623,Errekalde,29,31,2
2024-03-26,9,N5056353256,Uribarri,23,30,5
2024-03-26,9,W397099000,Ibaiondo,23,23,5
2024-03-26,9,N4731925117,Abando,22,22,6
2024-03-26,9,N9607391207,Begona,22,22,2
2024-03-26,9,W375390416,Ibaiondo,20,28,6
2024-03-26,9,N9607455457,Errekalde,20,20,3
2024-03-26,9,N10308519810,Deusto,17,17,3
2024-03-26,9,W248634544,Uribarri,16,21,6
2024-03-26,9,N4060532220,Otxarkoaga-Txurdinaga,16,19,3
2024-03-26,9,W485363913,Ibaiondo,15,60,7
2024-03-26,9,N5056437799,Deusto,15,24,4
2024-03-26,9,W235157481,Otxarkoaga-Txurdinaga,14,36,4
2024-03-26,9,W111740255,Errekalde,14,28,4
2024-03-26,9,W28776478,Abando,10,79,7
2024-03-26,9,W41688628,Abando,10,25,8
2024-03-26,9,W290069950,Deusto,6,9,5
2024-03-26,9,N5301954699,Basurtu-Zorrotza,6,6,3
2024-03-26,9,W41415573,Errekalde,6,6,5
2024-03-26,9,W162445376,Uribarri,5,5,7
2024-03-26,9,W185205681,Deusto,5,5,6
2024-03-26,9,N4060532217,Otxarkoaga-Txurdinaga,4,41,5
2024-03-26,9,W185205688,Deusto,3,19,7
2024-03-26,9,W632988668,Basurtu-Zorrotza,3,3,4
2024-03-26,9,W305622069,Begona,2,2,3
2024-03-26,9,W164512079,Otxarkoaga-Txurdinaga,1,34,6
2024-03-26,9,W123440604,Uribarri,1,27,8
2024-03-26,9,W163195554,Basurtu-Zorrotza,1,2,5
2024-03-26,9,W376396126,Ibaiondo,1,1,8
2024-03-26,10,W108497734,Ibaiondo,160,160,1
2024-03-26,10,N5056355015,Uribarri,155,155,1
2024-03-26,10,N5056356248,Uribarri,139,139,2
2024-03-26,10,W108504682,Abando,97,97,1
2024-03-26,10,W110895854,Abando,69,71,2
2024-03-26,10,N11229807742,Basurtu-Zorrotza,69,69,1
2024-03-26,10,N1271964866,Abando,59,74,3
2024-03-26,10,N4761972760,Abando,54,54,4
2024-03-26,10,N5056379164,Abando,52,52,5
2024-03-26,10,N5056421870,Deusto,45,45,1
2024-03-26,10,N4060532217,Otxarkoaga-Txurdinaga,41,41,1
2024-03-26,10,N9607467466,Basurtu-Zorrotza,40,48,2
2024-03-26,10,N4060532216,Otxarkoaga-Txurdinaga,39,39,2
2024-03-26,10,W96337695,Abando,38,40,6
2024-03-26,10,N4060532227,Uribarri,37,126,3
2024-03-26,10,W420558992,Ibaiondo,37,39,2
2024-03-26,10,N5056183351,Errekalde,37,37,1
2024-03-26,10,N9607363904,Uribarri,37,37,4
2024-03-26,10,N5056328910,Begona,36,36,1
2024-03-26,10,N11229801356,Ibaiondo,33,36,3
2024-03-26,10,N4254043797,Deusto,31,31,2
2024-03-26,10,N5056088727,Ibaiondo,29,52,4
2024-03-26,10,N5056184623,Errekalde,29,31,2
2024-03-26,10,N5056353256,Uribarri,23,30,5
2024-03-26,10,W397099000,Ibaiondo,23,23,5
2024-03-26,10,N9607391207,Begona,22,22,2
2024-03-26,10,W44016098,Abando,21,78,7
2024-03-26,10,W375390416,Ibaiondo,20,28,6
2024-03-26,10,N9607455457,Errekalde,20,20,3
2024-03-26,10,N4060532220,Otxarkoaga-Txurdinaga,17,19,3
2024-03-26,10,N10308519810,Deusto,17,17,3
2024-03-26,10,W248634544,Uribarri,16,21,6
2024-03-26,10,W485363913,Ibaiondo,15,60,7
2024-03-26,10,N5056437799,Deusto,15,24,4
2024-03-26,10,W235157481,Otxarkoaga-Txurdinaga,14,36,4
2024-03-26,10,W111740255,Errekalde,14,28,4
2024-03-26,10,N4731925117,Abando,13,22,8
2024-03-26,10,W171882527,Abando,12,12,9
2024-03-26,10,W41688628,Abando,7,25,10
2024-03-26,10,W290069950,Deusto,6,9,5
2024-03-26,10,N5301954699,Basurtu-Zorrotza,6,6,3
2024-03-26,10,W41415573,Errekalde,6,6,5
2024-03-26,10,W162445376,Uribarri,5,5,7
2024-03-26,10,W185205681,Deusto,5,5,6
2024-03-26,10,W41525574,Ibaiondo,3,114,8
2024-03-26,10,W164510985,Otxarkoaga-Txurdinaga,3,41,5
2024-03-26,10,W185205688,Deusto,3,19,7
2024-03-26,10,W632988668,Basurtu-Zorrotza,3,3,4
2024-03-26,10,W305622069,Begona,2,2,3
2024-03-26,10,W164512079,Otxarkoaga-Txurdinaga,1,34,6
2024-03-26,10,W123440604,Uribarri,1,27,8
2024-03-26,10,W163195554,Basurtu-Zorrotza,1,2,5
2024-03-26,10,W376396126,Ibaiondo,1,1,9
2024-03-26,11,W108497734,Ibaiondo,160,160,1
2024-03-26,11,N5056355015,Uribarri,155,155,1
2024-03-26,11,N5056356248,Uribarri,139,139,2
2024-03-26,11,N3207631929,Abando,113,113,1
2024-03-26,11,N11229807742,Basurtu-Zorrotza,69,69,1
2024-03-26,11,W110895854,Abando,66,71,2
2024-03-26,11,N4762096882,Abando,58,58,3
2024-03-26,11,N5056379164,Abando,52,52,4
2024-03-26,11,N1271964866,Abando,49,74,5
2024-03-26,11,N5056421870,Deusto,45,45,1
2024-03-26,11,W164510985,Otxarkoaga-Txurdinaga,41,41,1
2024-03-26,11,N9607467466,Basurtu-Zorrotza,40,48,2
2024-03-26,11,W96337695,Abando,40,40,6
2024-03-26,11,N4060532216,Otxarkoaga-Txurdinaga,39,39,2
2024-03-26,11,N4060532227,Uribarri,37,126,3
2024-03-26,11,W420558992,Ibaiondo,37,39,2
2024-03-26,11,N5056183351,Errekalde,37,37,1
2024-03-26,11,N9607363904,Uribarri,37,37,4
2024-03-26,11,N5056328910,Begona,36,36,1
2024-03-26,11,N11229801356,Ibaiondo,33,36,3
2024-03-26,11,N4254043797,Deusto,31,31,2
2024-03-26,11,N5056088727,Ibaiondo,29,52,4
2024-03-26,11,N5056184623,Errekalde,29,31,2
2024-03-26,11,N5056353256,Uribarri,23,30,5
2024-03-26,11,W163196945,Basurtu-Zorrotza,23,23,3
2024-03-26,11,W397099000,Ibaiondo,23,23,5
2024-03-26,11,N9607391207,Begona,22,22,2
2024-03-26,11,W375390416,Ibaiondo,20,28,6
2024-03-26,11,N9607455457,Errekalde,20,20,3
2024-03-26,11,W108504682,Abando,19,97,7
2024-03-26,11,N10308519810,Deusto,17,17,3
2024-03-26,11,W248634544,Uribarri,16,21,6
2024-03-26,11,N4060532220,Otxarkoaga-Txurdinaga,16,19,3
2024-03-26,11,W485363913,Ibaiondo,15,60,7
2024-03-26,11,N5056437799,Deusto,15,24,4
2024-03-26,11,W235157481,Otxarkoaga-Txurdinaga,14,36,4
2024-03-26,11,W111740255,Errekalde,14,28,4
2024-03-26,11,N4731925117,Abando,13,22,8
2024-03-26,11,W171882527,Abando,12,12,9
2024-03-26,11,N518227646,Abando,7,20,10
2024-03-26,11,W41688628,Abando,6,25,11
2024-03-26,11,W290069950,Deusto,6,9,5
2024-03-26,11,N5301954699,Basurtu-Zorrotza,6,6,4
2024-03-26,11,W41415573,Errekalde,6,6,5
2024-03-26,11,W162445376,Uribarri,5,5,7
2024-03-26,11,W185205681,Deusto,5,5,6
2024-03-26,11,N4060532217,Otxarkoaga-Txurdinaga,4,41,5
2024-03-26,11,W41525574,Ibaiondo,3,114,8
2024-03-26,11,W185205688,Deusto,3,19,7
2024-03-26,11,W632988668,Basurtu-Zorrotza,3,3,5
2024-03-26,11,W28776478,Abando,2,79,12
2024-03-26,11,N4761972760,Abando,2,54,13
2024-03-26,11,W305622069,Begona,2,2,3
2024-03-26,11,W164512079,Otxarkoaga-Txurdinaga,1,34,6
2024-03-26,11,W123440604,Uribarri,1,27,8
2024-03-26,11,W163195554,Basurtu-Zorrotza,1,2,6
2024-03-26,11,W376396126,Ibaiondo,1,1,9
2024-03-26,12,W108497734,Ibaiondo,160,160,1
2024-03-26,12,N5056355015,Uribarri,155,155,1
2024-03-26,12,N5056356248,Uribarri,139,139,2
2024-03-26,12,N3207631929,Abando,113,113,1
2024-03-26,12,N11229807742,Basurtu-Zorrotza,69,69,1
2024-03-26,12,W110895854,Abando,66,71,2
2024-03-26,12,N4762096882,Abando,58,58,3
2024-03-26,12,N5056379164,Abando,52,52,4
2024-03-26,12,N1271964866,Abando,49,74,5
2024-03-26,12,N5056421870,Deusto,45,45,1
2024-03-26,12,W164510985,Otxarkoaga-Txurdinaga,41,41,1
2024-03-26,12,N9607467466,Basurtu-Zorrotza,40,48,2
2024-03-26,12,W96337695,Abando,40,40,6
2024-03-26,12,N4060532216,Otxarkoaga-Txurdinaga,39,39,2
2024-03-26,12,N4060532227,Uribarri,37,126,3
2024-03-26,12,W420558992,Ibaiondo,37,39,2
2024-03-26,12,N5056183351,Errekalde,37,37,1
2024-03-26,12,N9607363904,Uribarri,37,37,4
2024-03-26,12,N5056328910,Begona,36,36,1
2024-03-26,12,N11229801356,Ibaiondo,33,36,3
2024-03-26,12,N4254043797,Deusto,31,31,2
2024-03-26,12,N5056088727,Ibaiondo,29,52,4
2024-03-26,12,N5056184623,Errekalde,29,31,2
2024-03-26,12,N5056353256,Uribarri,23,30,5
2024-03-26,12,W163196945,Basurtu-Zorrotza,23,23,3
2024-03-26,12,W397099000,Ibaiondo,23,23,5
2024-03-26,12,N9607391207,Begona,22,22,2
2024-03-26,12,W375390416,Ibaiondo,20,28,6
2024-03-26,12,N9607455457,Errekalde,20,20,3
2024-03-26,12,W108504682,Abando,19,97,7
2024-03-26,12,N10308519810,Deusto,17,17,3
2024-03-26,12,W248634544,Uribarri,16,21,6
2024-03-26,12,N4060532220,Otxarkoaga-Txurdinaga,16,19,3
2024-03-26,12,W485363913,Ibaiondo,15,60,7
2024-03-26,12,N5056437799,Deusto,15,24,4
2024-03-26,12,W235157481,Otxarkoaga-Txurdinaga,14,36,4
2024-03-26,12,W111740255,Errekalde,14,28,4
2024-03-26,12,N4731925117,Abando,13,22,8
2024-03-26,12,W171882527,Abando,12,12,9
2024-03-26,12,N518227646,Abando,7,20,10
2024-03-26,12,W41688628,Abando,6,25,11
2024-03-26,12,W290069950,Deusto,6,9,5
2024-03-26,12,N5301954699,Basurtu-Zorrotza,6,6,4
2024-03-26,12,W41415573,Errekalde,6,6,5
2024-03-26,12,W162445376,Uribarri,5,5,7
2024-03-26,12,W185205681,Deusto,5,5,6
2024-03-26,12,N4060532217,Otxarkoaga-Txurdinaga,4,41,5
2024-03-26,12,W41525574,Ibaiondo,3,114,8
2024-03-26,12,W185205688,Deusto,3,19,7
2024-03-26,12,W632988668,Basurtu-Zorrotza,3,3,5
2024-03-26,12,W28776478,Abando,2,79,12
2024-03-26,12,N4761972760,Abando,2,54,13
2024-03-26,12,W305622069,Begona,2,2,3
2024-03-26,12,W164512079,Otxarkoaga-Txurdinaga,1,34,6
2024-03-26,12,W123440604,Uribarri,1,27,8
2024-03-26,12,W163195554,Basurtu-Zorrotza,1,2,6
2024-03-26,12,W376396126,Ibaiondo,1,1,9
2024-03-26,13,W108497734,Ibaiondo,160,160,1
2024-03-26,13,N5056355015,Uribarri,155,155,1
2024-03-26,13,N5056356248,Uribarri,139,139,2
2024-03-26,13,N3207631929,Abando,113,113,1
2024-03-26,13,N11229807742,Basurtu-Zorrotza,69,69,1
2024-03-26,13,W110895854,Abando,66,71,2
2024-03-26,13,N4762096882,Abando,58,58,3
2024-03-26,13,N5056379164,Abando,52,52,4
2024-03-26,13,N1271964866,Abando,49,74,5
2024-03-26,13,N5056421870,Deusto,45,45,1
2024-03-26,13,N4060532217,Otxarkoaga-Txurdinaga,41,41,1
2024-03-26,13,N9607467466,Basurtu-Zorrotza,40,48,2
2024-03-26,13,W96337695,Abando,40,40,6
2024-03-26,13,N4060532216,Otxarkoaga-Txurdinaga,39,39,2
2024-03-26,13,N4060532227,Uribarri,37,126,3
2024-03-26,13,W420558992,Ibaiondo,37,39,2
2024-03-26,13,N5056183351,Errekalde,37,37,1
2024-03-26,13,N9607363904,Uribarri,37,37,4
2024-03-26,13,N5056328910,Begona,36,36,1
2024-03-26,13,N11229801356,Ibaiondo,33,36,3
2024-03-26,13,N4254043797,Deusto,31,31,2
2024-03-26,13,N5056088727,Ibaiondo,29,52,4
2024-03-26,13,N5056184623,Errekalde,29,31,2
2024-03-26,13,N5056353256,Uribarri,23,30,5
2024-03-26,13,W163196945,Basurtu-Zorrotza,23,23,3
2024-03-26,13,W397099000,Ibaiondo,23,23,5
2024-03-26,13,N9607391207,Begona,22,22,2
2024-03-26,13,W375390416,Ibaiondo,20,28,6
2024-03-26,13,N9607455457,Errekalde,20,20,3
2024-03-26,13,W108504682,Abando,19,97,7
2024-03-26,13,N4060532220,Otxarkoaga-Txurdinaga,17,19,3
2024-03-26,13,N10308519810,Deusto,17,17,3
2024-03-26,13,W248634544,Uribarri,16,21,6
2024-03-26,13,W485363913,Ibaiondo,15,60,7
2024-03-26,13,N5056437799,Deusto,15,24,4
2024-03-26,13,W235157481,Otxarkoaga-Txurdinaga,14,36,4
2024-03-26,13,W111740255,Errekalde,14,28,4
2024-03-26,13,N4731925117,Abando,13,22,8
2024-03-26,13,W171882527,Abando,12,12,9
2024-03-26,13,N518227646,Abando,7,20,10
2024-03-26,13,W41688628,Abando,6,25,11
2024-03-26,13,W290069950,Deusto,6,9,5
2024-03-26,13,N5301954699,Basurtu-Zorrotza,6,6,4
2024-03-26,13,W41415573,Errekalde,6,6,5
2024-03-26,13,W162445376,Uribarri,5,5,7
2024-03-26,13,W185205681,Deusto,5,5,6
2024-03-26,13,W164510985,Otxarkoaga-Txurdinaga,3,41,5
2024-03-26,13,W185205688,Deusto,3,19,7
2024-03-26,13,W632988668,Basurtu-Zorrotza,3,3,5
2024-03-26,13,W44016098,Abando,2,78,12
2024-03-26,13,N4761972760,Abando,2,54,13
2024-03-26,13,W305622069,Begona,2,2,3
2024-03-26,13,W164512079,Otxarkoaga-Txurdinaga,1,34,6
2024-03-26,13,W123440604,Uribarri,1,27,8
2024-03-26,13,W163195554,Basurtu-Zorrotza,1,2,6
2024-03-26,13,W376396126,Ibaiondo,1,1,8
2024-03-26,14,W108497734,Ibaiondo,160,160,1
2024-03-26,14,N5056355015,Uribarri,155,155,1
2024-03-26,14,N5056356248,Uribarri,139,139,2
2024-03-26,14,N3207631929,Abando,113,113,1
2024-03-26,14,N11229807742,Basurtu-Zorrotza,69,69,1
2024-03-26,14,W110895854,Abando,66,71,2
2024-03-26,14,N4762096882,Abando,58,58,3
2024-03-26,14,N5056379164,Abando,52,52,4
2024-03-26,14,N1271964866,Abando,49,74,5
2024-03-26,14,N5056421870,Deusto,45,45,1
2024-03-26,14,W164510985,Otxarkoaga-Txurdinaga,41,41,1
2024-03-26,14,N9607467466,Basurtu-Zorrotza,40,48,2
2024-03-26,14,W96337695,Abando,40,40,6
2024-03-26,14,N4060532216,Otxarkoaga-Txurdinaga,39,39,2
2024-03-26,14,N4060532227,Uribarri,37,126,3
2024-03-26,14,W420558992,Ibaiondo,37,39,2
2024-03-26,14,N5056183351,Errekalde,37,37,1
2024-03-26,14,N9607363904,Uribarri,37,37,4
2024-03-26,14,N5056328910,Begona,36,36,1
2024-03-26,14,N11229801356,Ibaiondo,33,36,3
2024-03-26,14,N4254043797,Deusto,31,31,2
2024-03-26,14,N5056088727,Ibaiondo,29,52,4
2024-03-26,14,N5056184623,Errekalde,29,31,2
2024-03-26,14,N5056353256,Uribarri,23,30,5
2024-03-26,14,W397099000,Ibaiondo,23,23,5
2024-03-26,14,N9607391207,Begona,22,22,2
2024-03-26,14,W375390416,Ibaiondo,20,28,6
2024-03-26,14,N9607455457,Errekalde,20,20,3
2024-03-26,14,W108504682,Abando,19,97,7
2024-03-26,14,N10308519810,Deusto,17,17,3
2024-03-26,14,W248634544,Uribarri,16,21,6
2024-03-26,14,N4060532220,Otxarkoaga-Txurdinaga,16,19,3
2024-03-26,14,W485363913,Ibaiondo,15,60,7
2024-03-26,14,N5056437799,Deusto,15,24,4
2024-03-26,14,W235157481,Otxarkoaga-Txurdinaga,14,36,4
2024-03-26,14,W111740255,Errekalde,14,28,4
2024-03-26,14,N4731925117,Abando,13,22,8
2024-03-26,14,W171882527,Abando,12,12,9
2024-03-26,14,N518227646,Abando,7,20,10
2024-03-26,14,W41688628,Abando,6,25,11
2024-03-26,14,W290069950,Deusto,6,9,5
2024-03-26,14,N5301954699,Basurtu-Zorrotza,6,6,3
2024-03-26,14,W41415573,Errekalde,6,6,5
2024-03-26,14,W162445376,Uribarri,5,5,7
2024-03-26,14,W185205681,Deusto,5,5,6
2024-03-26,14,N4060532217,Otxarkoaga-Txurdinaga,4,41,5
2024-03-26,14,W185205688,Deusto,3,19,7
2024-03-26,14,W632988668,Basurtu-Zorrotza,3,3,4
2024-03-26,14,W44016098,Abando,2,78,12
2024-03-26,14,N4761972760,Abando,2,54,13
2024-03-26,14,W305622069,Begona,2,2,3
2024-03-26,14,W164512079,Otxarkoaga-Txurdinaga,1,34,6
2024-03-26,14,W123440604,Uribarri,1,27,8
2024-03-26,14,W163195554,Basurtu-Zorrotza,1,2,5
2024-03-26,14,W376396126,Ibaiondo,1,1,8
2024-03-26,15,W108497734,Ibaiondo,160,160,1
2024-03-26,15,W48045715,Uribarri,155,155,1
2024-03-26,15,W108504682,Abando,97,97,1
2024-03-26,15,W110895854,Abando,69,71,2
2024-03-26,15,N11229807742,Basurtu-Zorrotza,69,69,1
2024-03-26,15,N4508853267,Uribarri,68,68,2
2024-03-26,15,N4761972760,Abando,54,54,3
2024-03-26,15,N5056379164,Abando,52,52,4
2024-03-26,15,N4060532227,Uribarri,47,126,3
2024-03-26,15,N5056421870,Deusto,45,45,1
2024-03-26,15,N4060532217,Otxarkoaga-Txurdinaga,41,41,1
2024-03-26,15,N9607467466,Basurtu-Zorrotza,40,48,2
2024-03-26,15,N4060532216,Otxarkoaga-Txurdinaga,39,39,2
2024-03-26,15,W96337695,Abando,38,40,5
2024-03-26,15,W420558992,Ibaiondo,37,39,2
2024-03-26,15,N5056183351,Errekalde,37,37,1
2024-03-26,15,N9607363904,Uribarri,37,37,4
2024-03-26,15,N5056328910,Begona,36,36,1
2024-03-26,15,N11229801356,Ibaiondo,33,36,3
2024-03-26,15,N5056088727,Ibaiondo,29,52,4
2024-03-26,15,N5056353256,Uribarri,23,30,5
2024-03-26,15,W397099000,Ibaiondo,23,23,5
2024-03-26,15,N4731925117,Abando,22,22,6
2024-03-26,15,N9607391207,Begona,22,22,2
2024-03-26,15,W44016098,Abando,21,78,7
2024-03-26,15,W111740255,Errekalde,20,28,2
2024-03-26,15,W375390416,Ibaiondo,20,28,6
2024-03-26,15,N9607455457,Errekalde,20,20,3
2024-03-26,15,W185205688,Deusto,19,19,2
2024-03-26,15,N4060532220,Otxarkoaga-Txurdinaga,17,19,3
2024-03-26,15,W485363913,Ibaiondo,15,60,7
2024-03-26,15,W235157481,Otxarkoaga-Txurdinaga,14,36,4
2024-03-26,15,W171882527,Abando,12,12,8
2024-03-26,15,W290069950,Deusto,9,9,3
2024-03-26,15,N518227646,Abando,6,20,9
2024-03-26,15,N5301954699,Basurtu-Zorrotza,6,6,3
2024-03-26,15,W41415573,Errekalde,6,6,4
2024-03-26,15,W162445376,Uribarri,5,5,6
2024-03-26,15,W185205681,Deusto,5,5,4
2024-03-26,15,W632988668,Basurtu-Zorrotza,3,3,4
2024-03-26,15,W305622069,Begona,2,2,3
2024-03-26,15,W164512079,Otxarkoaga-Txurdinaga,1,34,5
2024-03-26,15,W123440604,Uribarri,1,27,7
2024-03-26,15,W163195554,Basurtu-Zorrotza,1,2,5
2024-03-26,15,W376396126,Ibaiondo,1,1,8
2024-03-26,16,W108497734,Ibaiondo,160,160,1
2024-03-26,16,W48045715,Uribarri,155,155,1
2024-03-26,16,N3207631929,Abando,113,113,1
2024-03-26,16,N11229807742,Basurtu-Zorrotza,69,69,1
2024-03-26,16,N4508853267,Uribarri,68,68,2
2024-03-26,16,W110895854,Abando,66,71,2
2024-03-26,16,N4761972760,Abando,54,54,3
2024-03-26,16,W301165234,Errekalde,53,53,1
2024-03-26,16,N5056379164,Abando,52,52,4
2024-03-26,16,N4060532227,Uribarri,47,126,3
2024-03-26,16,N5056421870,Deusto,45,45,1
2024-03-26,16,N5056200430,Basurtu-Zorrotza,43,43,2
2024-03-26,16,N4060532217,Otxarkoaga-Txurdinaga,41,41,1
2024-03-26,16,N9607467466,Basurtu-Zorrotza,40,48,3
2024-03-26,16,W96337695,Abando,40,40,5
2024-03-26,16,N4060532216,Otxarkoaga-Txurdinaga,39,39,2
2024-03-26,16,W420558992,Ibaiondo,37,39,2
2024-03-26,16,N5056183351,Errekalde,37,37,2
2024-03-26,16,N9607363904,Uribarri,37,37,4
2024-03-26,16,N5056328910,Begona,36,36,1
2024-03-26,16,N11229801356,Ibaiondo,33,36,3
2024-03-26,16,N5056088727,Ibaiondo,29,52,4
2024-03-26,16,N5056353256,Uribarri,23,30,5
2024-03-26,16,W397099000,Ibaiondo,23,23,5
2024-03-26,16,N4731925117,Abando,22,22,6
2024-03-26,16,N9607391207,Begona,22,22,2
2024-03-26,16,W111740255,Errekalde,20,28,3
2024-03-26,16,W375390416,Ibaiondo,20,28,6
2024-03-26,16,N9607455457,Errekalde,20,20,4
2024-03-26,16,W108504682,Abando,19,97,7
2024-03-26,16,W185205688,Deusto,19,19,2
2024-03-26,16,N4060532220,Otxarkoaga-Txurdinaga,17,19,3
2024-03-26,16,W485363913,Ibaiondo,15,60,7
2024-03-26,16,W235157481,Otxarkoaga-Txurdinaga,14,36,4
2024-03-26,16,W171882527,Abando,12,12,8
2024-03-26,16,W290069950,Deusto,9,9,3
2024-03-26,16,N518227646,Abando,6,20,9
2024-03-26,16,N5301954699,Basurtu-Zorrotza,6,6,4
2024-03-26,16,W41415573,Errekalde,6,6,5
2024-03-26,16,W162445376,Uribarri,5,5,6
2024-03-26,16,W185205681,Deusto,5,5,4
2024-03-26,16,W632988668,Basurtu-Zorrotza,3,3,5
2024-03-26,16,W28776478,Abando,2,79,10
2024-03-26,16,W305622069,Begona,2,2,3
2024-03-26,16,W164512079,Otxarkoaga-Txurdinaga,1,34,5
2024-03-26,16,W123440604,Uribarri,1,27,7
2024-03-26,16,W163195554,Basurtu-Zorrotza,1,2,6
2024-03-26,16,W376396126,Ibaiondo,1,1,8
2024-03-26,17,W108497734,Ibaiondo,160,160,1
2024-03-26,17,N5056355015,Uribarri,155,155,1
2024-03-26,17,N5056356248,Uribarri,139,139,2
2024-03-26,17,N3207631929,Abando,113,113,1
2024-03-26,17,N11229807742,Basurtu-Zorrotza,69,69,1
2024-03-26,17,W110895854,Abando,66,71,2
2024-03-26,17,W301165234,Errekalde,53,53,1
2024-03-26,17,N5056379164,Abando,52,52,3
2024-03-26,17,N5056421870,Deusto,45,45,1
2024-03-26,17,N5056200430,Basurtu-Zorrotza,43,43,2
2024-03-26,17,N4060532217,Otxarkoaga-Txurdinaga,41,41,1
2024-03-26,17,N9607467466,Basurtu-Zorrotza,40,48,3
2024-03-26,17,W96337695,Abando,40,40,4
2024-03-26,17,N4060532216,Otxarkoaga-Txurdinaga,39,39,2
2024-03-26,17,N4060532227,Uribarri,37,126,3
2024-03-26,17,W420558992,Ibaiondo,37,39,2
2024-03-26,17,N5056183351,Errekalde,37,37,2
2024-03-26,17,N9607363904,Uribarri,37,37,4
2024-03-26,17,N5056328910,Begona,36,36,1
2024-03-26,17,N11229801356,Ibaiondo,33,36,3
2024-03-26,17,N4254043797,Deusto,31,31,2
2024-03-26,17,N5056088727,Ibaiondo,29,52,4
2024-03-26,17,N5056184623,Errekalde,29,31,3
2024-03-26,17,N5056353256,Uribarri,23,30,5
2024-03-26,17,W397099000,Ibaiondo,23,23,5
2024-03-26,17,N4731925117,Abando,22,22,5
2024-03-26,17,N9607391207,Begona,22,22,2
2024-03-26,17,W375390416,Ibaiondo,20,28,6
2024-03-26,17,N518227646,Abando,20,20,6
2024-03-26,17,N9607455457,Errekalde,20,20,4
2024-03-26,17,W108504682,Abando,19,97,7
2024-03-26,17,N4060532220,Otxarkoaga-Txurdinaga,17,19,3
2024-03-26,17,W485363913,Ibaiondo,15,60,7
2024-03-26,17,N5056437799,Deusto,15,24,3
2024-03-26,17,W235157481,Otxarkoaga-Txurdinaga,14,36,4
2024-03-26,17,W111740255,Errekalde,14,28,5
2024-03-26,17,W171882527,Abando,12,12,8
2024-03-26,17,W290069950,Deusto,9,9,4
2024-03-26,17,N5301954699,Basurtu-Zorrotza,6,6,4
2024-03-26,17,W41415573,Errekalde,6,6,6
2024-03-26,17,N4508853267,Uribarri,5,68,6
2024-03-26,17,W162445376,Uribarri,5,5,7
2024-03-26,17,W185205681,Deusto,5,5,5
2024-03-26,17,W164510985,Otxarkoaga-Txurdinaga,3,41,5
2024-03-26,17,W185205688,Deusto,3,19,6
2024-03-26,17,W632988668,Basurtu-Zorrotza,3,3,5
2024-03-26,17,W28776478,Abando,2,79,9
2024-03-26,17,W305622069,Begona,2,2,3
2024-03-26,17,W164512079,Otxarkoaga-Txurdinaga,1,34,6
2024-03-26,17,W123440604,Uribarri,1,27,8
2024-03-26,17,W163195554,Basurtu-Zorrotza,1,2,6
2024-03-26,17,W376396126,Ibaiondo,1,1,8
2024-03-26,18,W108497734,Ibaiondo,160,160,1
2024-03-26,18,N5056355015,Uribarri,155,155,1
2024-03-26,18,N5056356248,Uribarri,139,139,2
2024-03-26,18,N3207631929,Abando,113,113,1
2024-03-26,18,N11229807742,Basurtu-Zorrotza,69,69,1
2024-03-26,18,N4762096882,Abando,58,58,2
2024-03-26,18,W301165234,Errekalde,53,53,1
2024-03-26,18,N5056379164,Abando,52,52,3
2024-03-26,18,W28776478,Abando,50,79,4
2024-03-26,18,N1271964866,Abando,49,74,5
2024-03-26,18,N5056421870,Deusto,45,45,1
2024-03-26,18,N5056200430,Basurtu-Zorrotza,43,43,2
2024-03-26,18,N4060532217,Otxarkoaga-Txurdinaga,41,41,1
2024-03-26,18,N9607467466,Basurtu-Zorrotza,40,48,3
2024-03-26,18,W96337695,Abando,40,40,6
2024-03-26,18,N4060532216,Otxarkoaga-Txurdinaga,39,39,2
2024-03-26,18,N4060532227,Uribarri,37,126,3
2024-03-26,18,W420558992,Ibaiondo,37,39,2
2024-03-26,18,N5056183351,Errekalde,37,37,2
2024-03-26,18,N9607363904,Uribarri,37,37,4
2024-03-26,18,N5056328910,Begona,36,36,1
2024-03-26,18,N11229801356,Ibaiondo,33,36,3
2024-03-26,18,N4254043797,Deusto,31,31,2
2024-03-26,18,N5056088727,Ibaiondo,29,52,4
2024-03-26,18,N5056184623,Errekalde,29,31,3
2024-03-26,18,N5056353256,Uribarri,23,30,5
2024-03-26,18,W163196945,Basurtu-Zorrotza,23,23,4
2024-03-26,18,W397099000,Ibaiondo,23,23,5
2024-03-26,18,N9607391207,Begona,22,22,2
2024-03-26,18,W375390416,Ibaiondo,20,28,6
2024-03-26,18,N9607455457,Errekalde,20,20,4
2024-03-26,18,N4060532220,Otxarkoaga-Txurdinaga,17,19,3
2024-03-26,18,W108504682,Abando,15,97,7
2024-03-26,18,W485363913,Ibaiondo,15,60,7
2024-03-26,18,N5056437799,Deusto,15,24,3
2024-03-26,18,W235157481,Otxarkoaga-Txurdinaga,14,36,4
2024-03-26,18,W111740255,Errekalde,14,28,5
2024-03-26,18,N4731925117,Abando,13,22,8
2024-03-26,18,W171882527,Abando,12,12,9
2024-03-26,18,W44113519,Abando,9,34,10
2024-03-26,18,W290069950,Deusto,9,9,4
2024-03-26,18,N518227646,Abando,7,20,11
2024-03-26,18,N5301954699,Basurtu-Zorrotza,6,6,5
2024-03-26,18,W41415573,Errekalde,6,6,6
2024-03-26,18,N4508853267,Uribarri,5,68,6
2024-03-26,18,W162445376,Uribarri,5,5,7
2024-03-26,18,W185205681,Deusto,5,5,5
2024-03-26,18,W41525574,Ibaiondo,3,114,8
2024-03-26,18,W164510985,Otxarkoaga-Txurdinaga,3,41,5
2024-03-26,18,W185205688,Deusto,3,19,6
2024-03-26,18,W632988668,Basurtu-Zorrotza,3,3,6
2024-03-26,18,W305622069,Begona,2,2,3
2024-03-26,18,W164512079,Otxarkoaga-Txurdinaga,1,34,6
2024-03-26,18,W123440604,Uribarri,1,27,8
2024-03-26,18,W163195554,Basurtu-Zorrotza,1,2,7
2024-03-26,18,W376396126,Ibaiondo,1,1,9
2024-03-26,19,W108497734,Ibaiondo,160,160,1
2024-03-26,19,N5056355015,Uribarri,155,155,1
2024-03-26,19,N5056356248,Uribarri,139,139,2
2024-03-26,19,N3207631929,Abando,113,113,1
2024-03-26,19,N11229807742,Basurtu-Zorrotza,69,69,1
2024-03-26,19,N4762096882,Abando,58,58,2
2024-03-26,19,W301165234,Errekalde,53,53,1
2024-03-26,19,N5056379164,Abando,52,52,3
2024-03-26,19,W28776478,Abando,50,79,4
2024-03-26,19,N1271964866,Abando,49,74,5
2024-03-26,19,N5056421870,Deusto,45,45,1
2024-03-26,19,N5056200430,Basurtu-Zorrotza,43,43,2
2024-03-26,19,N4060532217,Otxarkoaga-Txurdinaga,41,41,1
2024-03-26,19,N9607467466,Basurtu-Zorrotza,40,48,3
2024-03-26,19,W96337695,Abando,40,40,6
2024-03-26,19,N4060532216,Otxarkoaga-Txurdinaga,39,39,2
2024-03-26,19,N4060532227,Uribarri,37,126,3
2024-03-26,19,W420558992,Ibaiondo,37,39,2
2024-03-26,19,N5056183351,Errekalde,37,37,2
2024-03-26,19,N9607363904,Uribarri,37,37,4
2024-03-26,19,N5056328910,Begona,36,36,1
2024-03-26,19,N11229801356,Ibaiondo,33,36,3
2024-03-26,19,N4254043797,Deusto,31,31,2
2024-03-26,19,N5056088727,Ibaiondo,29,52,4
2024-03-26,19,N5056184623,Errekalde,29,31,3
2024-03-26,19,N5056353256,Uribarri,23,30,5
2024-03-26,19,W163196945,Basurtu-Zorrotza,23,23,4
2024-03-26,19,W397099000,Ibaiondo,23,23,5
2024-03-26,19,N9607391207,Begona,22,22,2
2024-03-26,19,W375390416,Ibaiondo,20,28,6
2024-03-26,19,N9607455457,Errekalde,20,20,4
2024-03-26,19,N4060532220,Otxarkoaga-Txurdinaga,17,19,3
2024-03-26,19,W108504682,Abando,15,97,7
2024-03-26,19,W485363913,Ibaiondo,15,60,7
2024-03-26,19,N5056437799,Deusto,15,24,3
2024-03-26,19,W235157481,Otxarkoaga-Txurdinaga,14,36,4
2024-03-26,19,W111740255,Errekalde,14,28,5
2024-03-26,19,N4731925117,Abando,13,22,8
2024-03-26,19,W171882527,Abando,12,12,9
2024-03-26,19,W44113519,Abando,9,34,10
2024-03-26,19,W290069950,Deusto,9,9,4
2024-03-26,19,N518227646,Abando,7,20,11
2024-03-26,19,N5301954699,Basurtu-Zorrotza,6,6,5
2024-03-26,19,W41415573,Errekalde,6,6,6
2024-03-26,19,N4508853267,Uribarri,5,68,6
2024-03-26,19,W162445376,Uribarri,5,5,7
2024-03-26,19,W185205681,Deusto,5,5,5
2024-03-26,19,W41525574,Ibaiondo,3,114,8
2024-03-26,19,W164510985,Otxarkoaga-Txurdinaga,3,41,5
2024-03-26,19,W185205688,Deusto,3,19,6
2024-03-26,19,W632988668,Basurtu-Zorrotza,3,3,6
2024-03-26,19,W305622069,Begona,2,2,3
2024-03-26,19,W164512079,Otxarkoaga-Txurdinaga,1,34,6
2024-03-26,19,W123440604,Uribarri,1,27,8
2024-03-26,19,W163195554,Basurtu-Zorrotza,1,2,7
2024-03-26,19,W376396126,Ibaiondo,1,1,9
2024-03-26,20,W108497734,Ibaiondo,160,160,1
2024-03-26,20,N5056355015,Uribarri,155,155,1
2024-03-26,20,N5056356248,Uribarri,139,139,2
2024-03-26,20,N3207631929,Abando,113,113,1
2024-03-26,20,N11229807742,Basurtu-Zorrotza,69,69,1
2024-03-26,20,N4762096882,Abando,58,58,2
2024-03-26,20,W301165234,Errekalde,53,53,1
2024-03-26,20,N5056379164,Abando,52,52,3
2024-03-26,20,W28776478,Abando,50,79,4
2024-03-26,20,N1271964866,Abando,49,74,5
2024-03-26,20,N5056421870,Deusto,45,45,1
2024-03-26,20,N5056200430,Basurtu-Zorrotza,43,43,2
2024-03-26,20,N4060532217,Otxarkoaga-Txurdinaga,41,41,1
2024-03-26,20,N9607467466,Basurtu-Zorrotza,40,48,3
2024-03-26,20,W96337695,Abando,40,40,6
2024-03-26,20,N4060532216,Otxarkoaga-Txurdinaga,39,39,2
2024-03-26,20,N4060532227,Uribarri,37,126,3
2024-03-26,20,W420558992,Ibaiondo,37,39,2
2024-03-26,20,N5056183351,Errekalde,37,37,2
2024-03-26,20,N9607363904,Uribarri,37,37,4
2024-03-26,20,N5056328910,Begona,36,36,1
2024-03-26,20,N11229801356,Ibaiondo,33,36,3
2024-03-26,20,N4254043797,Deusto,31,31,2
2024-03-26,20,N5056088727,Ibaiondo,29,52,4
2024-03-26,20,N5056184623,Errekalde,29,31,3
2024-03-26,20,N5056353256,Uribarri,23,30,5
2024-03-26,20,W397099000,Ibaiondo,23,23,5
2024-03-26,20,N9607391207,Begona,22,22,2
2024-03-26,20,W375390416,Ibaiondo,20,28,6
2024-03-26,20,N9607455457,Errekalde,20,20,4
2024-03-26,20,N4060532220,Otxarkoaga-Txurdinaga,17,19,3
2024-03-26,20,W108504682,Abando,15,97,7
2024-03-26,20,W485363913,Ibaiondo,15,60,7
2024-03-26,20,N5056437799,Deusto,15,24,3
2024-03-26,20,W235157481,Otxarkoaga-Txurdinaga,14,36,4
2024-03-26,20,W111740255,Errekalde,14,28,5
2024-03-26,20,N4731925117,Abando,13,22,8
2024-03-26,20,W171882527,Abando,12,12,9
2024-03-26,20,W44113519,Abando,9,34,10
2024-03-26,20,W290069950,Deusto,9,9,4
2024-03-26,20,N5301954699,Basurtu-Zorrotza,6,6,4
2024-03-26,20,W41415573,Errekalde,6,6,6
2024-03-26,20,N4508853267,Uribarri,5,68,6
2024-03-26,20,W162445376,Uribarri,5,5,7
2024-03-26,20,W185205681,Deusto,5,5,5
2024-03-26,20,W185205688,Deusto,3,19,6
2024-03-26,20,W632988668,Basurtu-Zorrotza,3,3,5
2024-03-26,20,W305622069,Begona,2,2,3
2024-03-26,20,W164512079,Otxarkoaga-Txurdinaga,1,34,5
2024-03-26,20,W123440604,Uribarri,1,27,8
2024-03-26,20,W163195554,Basurtu-Zorrotza,1,2,6
2024-03-26,20,W376396126,Ibaiondo,1,1,8
2024-03-26,21,W48045715,Uribarri,155,155,1
2024-03-26,21,W28776478,Abando,79,79,1
2024-03-26,21,N11229807742,Basurtu-Zorrotza,69,69,1
2024-03-26,21,N4508853267,Uribarri,68,68,2
2024-03-26,21,W485363913,Ibaiondo,60,60,1
2024-03-26,21,W301165234,Errekalde,53,53,1
2024-03-26,21,N5056088727,Ibaiondo,52,52,2
2024-03-26,21,N5056379164,Abando,52,52,2
2024-03-26,21,N4060532227,Uribarri,47,126,3
2024-03-26,21,N5056421870,Deusto,45,45,1
2024-03-26,21,N5056200430,Basurtu-Zorrotza,43,43,2
2024-03-26,21,N4060532217,Otxarkoaga-Txurdinaga,41,41,1
2024-03-26,21,N9607467466,Basurtu-Zorrotza,40,48,3
2024-03-26,21,W96337695,Abando,40,40,3
2024-03-26,21,N4060532216,Otxarkoaga-Txurdinaga,39,39,2
2024-03-26,21,W420558992,Ibaiondo,39,39,3
2024-03-26,21,N5056183351,Errekalde,37,37,2
2024-03-26,21,N9607363904,Uribarri,37,37,4
2024-03-26,21,N5056328910,Begona,36,36,1
2024-03-26,21,N11229801356,Ibaiondo,33,36,4
2024-03-26,21,W44016098,Abando,25,78,4
2024-03-26,21,N5056353256,Uribarri,23,30,5
2024-03-26,21,W397099000,Ibaiondo,23,23,5
2024-03-26,21,N4731925117,Abando,22,22,5
2024-03-26,21,N9607391207,Begona,22,22,2
2024-03-26,21,W111740255,Errekalde,20,28,3
2024-03-26,21,W375390416,Ibaiondo,20,28,6
2024-03-26,21,N9607455457,Errekalde,20,20,4
2024-03-26,21,W185205688,Deusto,19,19,2
2024-03-26,21,N4060532220,Otxarkoaga-Txurdinaga,17,19,3
2024-03-26,21,W235157481,Otxarkoaga-Txurdinaga,14,36,4
2024-03-26,21,W171882527,Abando,12,12,6
2024-03-26,21,W44113519,Abando,9,34,7
2024-03-26,21,W290069950,Deusto,9,9,3
2024-03-26,21,N5301954699,Basurtu-Zorrotza,6,6,4
2024-03-26,21,W41415573,Errekalde,6,6,5
2024-03-26,21,W162445376,Uribarri,5,5,6
2024-03-26,21,W185205681,Deusto,5,5,4
2024-03-26,21,W632988668,Basurtu-Zorrotza,3,3,5
2024-03-26,21,W305622069,Begona,2,2,3
2024-03-26,21,W164512079,Otxarkoaga-Txurdinaga,1,34,5
2024-03-26,21,W123440604,Uribarri,1,27,7
2024-03-26,21,W163195554,Basurtu-Zorrotza,1,2,6
2024-03-26,21,W376396126,Ibaiondo,1,1,7
2024-03-26,22,N4060532227,Uribarri,126,126,1
2024-03-26,22,W28776478,Abando,79,79,1
2024-03-26,22,N4508853267,Uribarri,68,68,2
2024-03-26,22,W485363913,Ibaiondo,60,60,1
2024-03-26,22,N5056379164,Abando,52,52,2
2024-03-26,22,N4060532217,Otxarkoaga-Txurdinaga,41,41,1
2024-03-26,22,N4060532216,Otxarkoaga-Txurdinaga,39,39,2
2024-03-26,22,N5056353256,Uribarri,30,30,3
2024-03-26,22,W397099000,Ibaiondo,23,23,2
2024-03-26,22,W111740255,Errekalde,20,28,1
2024-03-26,22,W123440604,Uribarri,19,27,4
2024-03-26,22,N4060532220,Otxarkoaga-Txurdinaga,17,19,3
2024-03-26,22,W171882527,Abando,12,12,3
2024-03-26,22,W44113519,Abando,9,34,4
2024-03-26,22,W290069950,Deusto,9,9,1
2024-03-26,22,N5301954699,Basurtu-Zorrotza,6,6,1
2024-03-26,22,W151883539,Basurtu-Zorrotza,5,5,2
2024-03-26,22,W162445376,Uribarri,5,5,5
2024-03-26,22,W632988668,Basurtu-Zorrotza,3,3,3
2024-03-26,22,W163195554,Basurtu-Zorrotza,2,2,4
2024-03-26,22,W164512079,Otxarkoaga-Txurdinaga,1,34,4
2024-03-26,23,N4060532227,Uribarri,126,126,1
2024-03-26,23,W28776478,Abando,79,79,1
2024-03-26,23,N4508853267,Uribarri,68,68,2
2024-03-26,23,W485363913,Ibaiondo,60,60,1
2024-03-26,23,N5056379164,Abando,52,52,2
2024-03-26,23,N4060532217,Otxarkoaga-Txurdinaga,41,41,1
2024-03-26,23,N4060532216,Otxarkoaga-Txurdinaga,39,39,2
2024-03-26,23,N5056353256,Uribarri,30,30,3
2024-03-26,23,W111740255,Errekalde,20,28,1
2024-03-26,23,N4060532220,Otxarkoaga-Txurdinaga,17,19,3
2024-03-26,23,W171882527,Abando,12,12,3
2024-03-26,23,W44113519,Abando,9,34,4
2024-03-26,23,N5301954699,Basurtu-Zorrotza,6,6,1
2024-03-26,23,W632988668,Basurtu-Zorrotza,3,3,2
2024-03-26,23,W163195554,Basurtu-Zorrotza,2,2,3
2024-03-27,5,N4060532227,Uribarri,126,126,1
2024-03-27,5,W28776478,Abando,79,79,1
2024-03-27,5,N4508853267,Uribarri,68,68,2
2024-03-27,5,W485363913,Ibaiondo,60,60,1
2024-03-27,5,N4060532217,Otxarkoaga-Txurdinaga,41,41,1
2024-03-27,5,N4060532216,Otxarkoaga-Txurdinaga,39,39,2
2024-03-27,5,N5056353256,Uribarri,30,30,3
2024-03-27,5,N4060532220,Otxarkoaga-Txurdinaga,17,19,3
2024-03-27,5,W163195554,Basurtu-Zorrotza,2,2,1
2024-03-27,6,N4060532227,Uribarri,126,126,1
2024-03-27,6,W28776478,Abando,79,79,1
2024-03-27,6,N4508853267,Uribarri,68,68,2
2024-03-27,6,W485363913,Ibaiondo,60,60,1
2024-03-27,6,N5056379164,Abando,52,52,2
2024-03-27,6,N4060532217,Otxarkoaga-Txurdinaga,41,41,1
2024-03-27,6,N4060532216,Otxarkoaga-Txurdinaga,39,39,2
2024-03-27,6,N5056353256,Uribarri,30,30,3
2024-03-27,6,W111740255,Errekalde,20,28,1
2024-03-27,6,N4060532220,Otxarkoaga-Txurdinaga,17,19,3
2024-03-27,6,W44113519,Abando,9,34,3
2024-03-27,6,N5301954699,Basurtu-Zorrotza,6,6,1
2024-03-27,6,W632988668,Basurtu-Zorrotza,3,3,2
2024-03-27,6,W163195554,Basurtu-Zorrotza,2,2,3
2024-03-27,7,N4060532227,Uribarri,126,126,1
2024-03-27,7,W28776478,Abando,79,79,1
2024-03-27,7,N4508853267,Uribarri,68,68,2
2024-03-27,7,W485363913,Ibaiondo,60,60,1
2024-03-27,7,N5056379164,Abando,52,52,2
2024-03-27,7,N4060532217,Otxarkoaga-Txurdinaga,41,41,1
2024-03-27,7,N4060532216,Otxarkoaga-Txurdinaga,39,39,2
2024-03-27,7,N5056353256,Uribarri,30,30,3
2024-03-27,7,W111740255,Errekalde,20,28,1
2024-03-27,7,N4060532220,Otxarkoaga-Txurdinaga,17,19,3
2024-03-27,7,W44113519,Abando,9,34,3
2024-03-27,7,N5301954699,Basurtu-Zorrotza,6,6,1
2024-03-27,7,W632988668,Basurtu-Zorrotza,3,3,2
2024-03-27,7,W163195554,Basurtu-Zorrotza,2,2,3
2024-03-27,8,N5056355015,Uribarri,155,155,1
2024-03-27,8,N5056356248,Uribarri,139,139,2
2024-03-27,8,W28776478,Abando,79,79,1
2024-03-27,8,W485363913,Ibaiondo,60,60,1
2024-03-27,8,N5056379164,Abando,52,52,2
2024-03-27,8,W164510985,Otxarkoaga-Txurdinaga,41,41,1
2024-03-27,8,N4060532216,Otxarkoaga-Txurdinaga,39,39,2
2024-03-27,8,N4060532227,Uribarri,37,126,3
2024-03-27,8,N4254043797,Deusto,31,31,1
2024-03-27,8,N5056184623,Errekalde,31,31,1
2024-03-27,8,N5056353256,Uribarri,30,30,4
2024-03-27,8,W41688628,Abando,25,25,3
2024-03-27,8,W397099000,Ibaiondo,23,23,2
2024-03-27,8,W123440604,Uribarri,19,27,5
2024-03-27,8,N4060532220,Otxarkoaga-Txurdinaga,16,19,3
2024-03-27,8,N5056437799,Deusto,15,24,2
2024-03-27,8,W111740255,Errekalde,14,28,2
2024-03-27,8,W44113519,Abando,9,34,4
2024-03-27,8,W290069950,Deusto,9,9,3
2024-03-27,8,N5301954699,Basurtu-Zorrotza,6,6,1
2024-03-27,8,W41415573,Errekalde,6,6,3
2024-03-27,8,N4508853267,Uribarri,5,68,6
2024-03-27,8,W151883539,Basurtu-Zorrotza,5,5,2
2024-03-27,8,W162445376,Uribarri,5,5,7
2024-03-27,8,N4060532217,Otxarkoaga-Txurdinaga,4,41,4
2024-03-27,8,W185205688,Deusto,3,19,4
2024-03-27,8,W632988668,Basurtu-Zorrotza,3,3,3
2024-03-27,8,W163195554,Basurtu-Zorrotza,2,2,4
2024-03-27,8,W305622069,Begona,2,2,1
2024-03-27,8,W376396126,Ibaiondo,1,1,3
2024-03-27,9,W108497734,Ibaiondo,160,160,1
2024-03-27,9,N5056355015,Uribarri,155,155,1
2024-03-27,9,N5056356248,Uribarri,139,139,2
2024-03-27,9,W108504682,Abando,97,97,1
2024-03-27,9,W110895854,Abando,69,71,2
2024-03-27,9,N11229807742,Basurtu-Zorrotza,69,69,1
2024-03-27,9,N4761972760,Abando,54,54,3
2024-03-27,9,N5056379164,Abando,52,52,4
2024-03-27,9,N5056421870,Deusto,45,45,1
2024-03-27,9,W164510985,Otxarkoaga-Txurdinaga,41,41,1
2024-03-27,9,N9607467466,Basurtu-Zorrotza,40,48,2
2024-03-27,9,N4060532216,Otxarkoaga-Txurdinaga,39,39,2
2024-03-27,9,W96337695,Abando,38,40,5
2024-03-27,9,N4060532227,Uribarri,37,126,3
2024-03-27,9,W420558992,Ibaiondo,37,39,2
2024-03-27,9,N5056183351,Errekalde,37,37,1
2024-03-27,9,N9607363904,Uribarri,37,37,4
2024-03-27,9,N5056328910,Begona,36,36,1
2024-03-27,9,N11229801356,Ibaiondo,33,36,3
2024-03-27,9,N4254043797,Deusto,31,31,2
2024-03-27,9,N5056088727,Ibaiondo,29,52,4
2024-03-27,9,N5056184623,Errekalde,29,31,2
2024-03-27,9,N5056353256,Uribarri,23,30,5
2024-03-27,9,W397099000,Ibaiondo,23,23,5
2024-03-27,9,N4731925117,Abando,22,22,6
2024-03-27,9,N9607391207,Begona,22,22,2
2024-03-27,9,W375390416,Ibaiondo,20,28,6
2024-03-27,9,N9607455457,Errekalde,20,20,3
2024-03-27,9,N10308519810,Deusto,17,17,3
2024-03-27,9,W248634544,Uribarri,16,21,6
2024-03-27,9,N4060532220,Otxarkoaga-Txurdinaga,16,19,3
2024-03-27,9,W485363913,Ibaiondo,15,60,7
2024-03-27,9,N5056437799,Deusto,15,24,4
2024-03-27,9,W235157481,Otxarkoaga-Txurdinaga,14,36,4
2024-03-27,9,W111740255,Errekalde,14,28,4
2024-03-27,9,W28776478,Abando,10,79,7
2024-03-27,9,W41688628,Abando,10,25,8
2024-03-27,9,W290069950,Deusto,6,9,5
2024-03-27,9,N5301954699,Basurtu-Zorrotza,6,6,3
2024-03-27,9,W41415573,Errekalde,6,6,5
2024-03-27,9,W162445376,Uribarri,5,5,7
2024-03-27,9,W185205681,Deusto,5,5,6
2024-03-27,9,N4060532217,Otxarkoaga-Txurdinaga,4,41,5
2024-03-27,9,W185205688,Deusto,3,19,7
2024-03-27,9,W632988668,Basurtu-Zorrotza,3,3,4
2024-03-27,9,W305622069,Begona,2,2,3
2024-03-27,9,W164512079,Otxarkoaga-Txurdinaga,1,34,6
2024-03-27,9,W123440604,Uribarri,1,27,8
2024-03-27,9,W163195554,Basurtu-Zorrotza,1,2,5
2024-03-27,9,W376396126,Ibaiondo,1,1,8
2024-03-27,10,W108497734,Ibaiondo,160,160,1
2024-03-27,10,N5056355015,Uribarri,155,155,1
2024-03-27,10,N5056356248,Uribarri,139,139,2
2024-03-27,10,W108504682,Abando,97,97,1
2024-03-27,10,W404432093,Ibaiondo,72,72,2
2024-03-27,10,W110895854,Abando,69,71,2
2024-03-27,10,N11229807742,Basurtu-Zorrotza,69,69,1
2024-03-27,10,N1271964866,Abando,59,74,3
2024-03-27,10,N4761972760,Abando,54,54,4
2024-03-27,10,N5056379164,Abando,52,52,5
2024-03-27,10,N5056421870,Deusto,45,45,1
2024-03-27,10,N4060532217,Otxarkoaga-Txurdinaga,41,41,1
2024-03-27,10,N9607467466,Basurtu-Zorrotza,40,48,2
2024-03-27,10,N4060532216,Otxarkoaga-Txurdinaga,39,39,2
2024-03-27,10,W96337695,Abando,38,40,6
2024-03-27,10,N4060532227,Uribarri,37,126,3
2024-03-27,10,W420558992,Ibaiondo,37,39,3
2024-03-27,10,N5056183351,Errekalde,37,37,1
2024-03-27,10,N9607363904,Uribarri,37,37,4
2024-03-27,10,N5056328910,Begona,36,36,1
2024-03-27,10,N4254043797,Deusto,31,31,2
2024-03-27,10,N11229801356,Ibaiondo,30,36,4
2024-03-27,10,N5056184623,Errekalde,29,31,2
2024-03-27,10,N5056353256,Uribarri,23,30,5
2024-03-27,10,W375390416,Ibaiondo,23,28,5
2024-03-27,10,W397099000,Ibaiondo,23,23,6
2024-03-27,10,N9607391207,Begona,22,22,2
2024-03-27,10,W44016098,Abando,21,78,7
2024-03-27,10,W28211432,Abando,20,43,8
2024-03-27,10,N9607455457,Errekalde,20,20,3
2024-03-27,10,N4060532220,Otxarkoaga-Txurdinaga,17,19,3
2024-03-27,10,N10308519810,Deusto,17,17,3
2024-03-27,10,W248634544,Uribarri,16,21,6
2024-03-27,10,W485363913,Ibaiondo,15,60,7
2024-03-27,10,N5056437799,Deusto,15,24,4
2024-03-27,10,W235157481,Otxarkoaga-Txurdinaga,14,36,4
2024-03-27,10,W111740255,Errekalde,14,28,4
2024-03-27,10,N5056088727,Ibaiondo,12,52,8
2024-03-27,10,N4731925117,Abando,11,22,9
2024-03-27,10,W171882527,Abando,8,12,10
2024-03-27,10,W41688628,Abando,7,25,11
2024-03-27,10,W290069950,Deusto,6,9,5
2024-03-27,10,N5301954699,Basurtu-Zorrotza,6,6,3
2024-03-27,10,W41415573,Errekalde,6,6,5
2024-03-27,10,W162445376,Uribarri,5,5,7
2024-03-27,10,W185205681,Deusto,5,5,6
2024-03-27,10,W41525574,Ibaiondo,3,114,9
2024-03-27,10,W164510985,Otxarkoaga-Txurdinaga,3,41,5
2024-03-27,10,W185205688,Deusto,3,19,7
2024-03-27,10,W632988668,Basurtu-Zorrotza,3,3,4
2024-03-27,10,W305622069,Begona,2,2,3
2024-03-27,10,W164512079,Otxarkoaga-Txurdinaga,1,34,6
2024-03-27,10,W123440604,Uribarri,1,27,8
2024-03-27,10,W163195554,Basurtu-Zorrotza,1,2,5
2024-03-27,10,W376396126,Ibaiondo,1,1,10
2024-03-27,11,W108497734,Ibaiondo,160,160,1
2024-03-27,11,N5056355015,Uribarri,155,155,1
2024-03-27,11,N5056356248,Uribarri,139,139,2
2024-03-27,11,N3207631929,Abando,113,113,1
2024-03-27,11,W404432093,Ibaiondo,72,72,2
2024-03-27,11,N11229807742,Basurtu-Zorrotza,69,69,1
2024-03-27,11,W110895854,Abando,66,71,2
2024-03-27,11,N4762096882,Abando,58,58,3
2024-03-27,11,N5056379164,Abando,52,52,4
2024-03-27,11,N1271964866,Abando,49,74,5
2024-03-27,11,N5056421870,Deusto,45,45,1
2024-03-27,11,N4060532217,Otxarkoaga-Txurdinaga,41,41,1
2024-03-27,11,N9607467466,Basurtu-Zorrotza,40,48,2
2024-03-27,11,W96337695,Abando,40,40,6
2024-03-27,11,N4060532216,Otxarkoaga-Txurdinaga,39,39,2
2024-03-27,11,N4060532227,Uribarri,37,126,3
2024-03-27,11,W420558992,Ibaiondo,37,39,3
2024-03-27,11,N5056183351,Errekalde,37,37,1
2024-03-27,11,N9607363904,Uribarri,37,37,4
2024-03-27,11,N5056328910,Begona,36,36,1
2024-03-27,11,N4254043797,Deusto,31,31,2
2024-03-27,11,N11229801356,Ibaiondo,30,36,4
2024-03-27,11,N5056184623,Errekalde,29,31,2
2024-03-27,11,N5056353256,Uribarri,23,30,5
2024-03-27,11,W375390416,Ibaiondo,23,28,5
2024-03-27,11,W163196945,Basurtu-Zorrotza,23,23,3
2024-03-27,11,W397099000,Ibaiondo,23,23,6
2024-03-27,11,N9607391207,Begona,22,22,2
2024-03-27,11,W28211432,Abando,20,43,7
2024-03-27,11,N9607455457,Errekalde,20,20,3
2024-03-27,11,W108504682,Abando,19,97,8
2024-03-27,11,N4060532220,Otxarkoaga-Txurdinaga,17,19,3
2024-03-27,11,N10308519810,Deusto,17,17,3
2024-03-27,11,W248634544,Uribarri,16,21,6
2024-03-27,11,W485363913,Ibaiondo,15,60,7
2024-03-27,11,N5056437799,Deusto,15,24,4
2024-03-27,11,W235157481,Otxarkoaga-Txurdinaga,14,36,4
2024-03-27,11,W111740255,Errekalde,14,28,4
2024-03-27,11,N5056088727,Ibaiondo,12,52,8
2024-03-27,11,N4731925117,Abando,11,22,9
2024-03-27,11,W171882527,Abando,8,12,10
2024-03-27,11,N518227646,Abando,7,20,11
2024-03-27,11,W41688628,Abando,6,25,12
2024-03-27,11,W290069950,Deusto,6,9,5
2024-03-27,11,N5301954699,Basurtu-Zorrotza,6,6,4
2024-03-27,11,W41415573,Errekalde,6,6,5
2024-03-27,11,W162445376,Uribarri,5,5,7
2024-03-27,11,W185205681,Deusto,5,5,6
2024-03-27,11,W41525574,Ibaiondo,3,114,9
2024-03-27,11,W164510985,Otxarkoaga-Txurdinaga,3,41,5
2024-03-27,11,W185205688,Deusto,3,19,7
2024-03-27,11,W632988668,Basurtu-Zorrotza,3,3,5
2024-03-27,11,W28776478,Abando,2,79,13
2024-03-27,11,N4761972760,Abando,2,54,14
2024-03-27,11,W305622069,Begona,2,2,3
2024-03-27,11,W164512079,Otxarkoaga-Txurdinaga,1,34,6
2024-03-27,11,W123440604,Uribarri,1,27,8
2024-03-27,11,W163195554,Basurtu-Zorrotza,1,2,6
2024-03-27,11,W376396126,Ibaiondo,1,1,10
2024-03-27,12,W108497734,Ibaiondo,160,160,1
2024-03-27,12,N5056355015,Uribarri,155,155,1
2024-03-27,12,N5056356248,Uribarri,139,139,2
2024-03-27,12,N3207631929,Abando,113,113,1
2024-03-27,12,W404432093,Ibaiondo,72,72,2
2024-03-27,12,N11229807742,Basurtu-Zorrotza,69,69,1
2024-03-27,12,W110895854,Abando,66,71,2
2024-03-27,12,N4762096882,Abando,58,58,3
2024-03-27,12,N5056379164,Abando,52,52,4
2024-03-27,12,N1271964866,Abando,49,74,5
2024-03-27,12,N5056421870,Deusto,45,45,1
2024-03-27,12,N4060532217,Otxarkoaga-Txurdinaga,41,41,1
2024-03-27,12,N9607467466,Basurtu-Zorrotza,40,48,2
2024-03-27,12,W96337695,Abando,40,40,6
2024-03-27,12,N4060532216,Otxarkoaga-Txurdinaga,39,39,2
2024-03-27,12,N4060532227,Uribarri,37,126,3
2024-03-27,12,W420558992,Ibaiondo,37,39,3
2024-03-27,12,N5056183351,Errekalde,37,37,1
2024-03-27,12,N9607363904,Uribarri,37,37,4
2024-03-27,12,N5056328910,Begona,36,36,1
2024-03-27,12,N4254043797,Deusto,31,31,2
2024-03-27,12,N11229801356,Ibaiondo,30,36,4
2024-03-27,12,N5056184623,Errekalde,29,31,2
2024-03-27,12,N5056353256,Uribarri,23,30,5
2024-03-27,12,W375390416,Ibaiondo,23,28,5
2024-03-27,12,W163196945,Basurtu-Zorrotza,23,23,3
2024-03-27,12,W397099000,Ibaiondo,23,23,6
2024-03-27,12,N9607391207,Begona,22,22,2
2024-03-27,12,W28211432,Abando,20,43,7
2024-03-27,12,N9607455457,Errekalde,20,20,3
2024-03-27,12,W108504682,Abando,19,97,8
2024-03-27,12,N4060532220,Otxarkoaga-Txurdinaga,17,19,3
2024-03-27,12,N10308519810,Deusto,17,17,3
2024-03-27,12,W248634544,Uribarri,16,21,6
2024-03-27,12,W485363913,Ibaiondo,15,60,7
2024-03-27,12,N5056437799,Deusto,15,24,4
2024-03-27,12,W235157481,Otxarkoaga-Txurdinaga,14,36,4
2024-03-27,12,W111740255,Errekalde,14,28,4
2024-03-27,12,N5056088727,Ibaiondo,12,52,8
2024-03-27,12,N4731925117,Abando,11,22,9
2024-03-27,12,W171882527,Abando,8,12,10
2024-03-27,12,N518227646,Abando,7,20,11
2024-03-27,12,W41688628,Abando,6,25,12
2024-03-27,12,W290069950,Deusto,6,9,5
2024-03-27,12,N5301954699,Basurtu-Zorrotza,6,6,4
2024-03-27,12,W41415573,Errekalde,6,6,5
2024-03-27,12,W162445376,Uribarri,5,5,7
2024-03-27,12,W185205681,Deusto,5,5,6
2024-03-27,12,W41525574,Ibaiondo,3,114,9
2024-03-27,12,W164510985,Otxarkoaga-Txurdinaga,3,41,5
2024-03-27,12,W185205688,Deusto,3,19,7
2024-03-27,12,W632988668,Basurtu-Zorrotza,3,3,5
2024-03-27,12,W28776478,Abando,2,79,13
2024-03-27,12,N4761972760,Abando,2,54,14
2024-03-27,12,W305622069,Begona,2,2,3
2024-03-27,12,W164512079,Otxarkoaga-Txurdinaga,1,34,6
2024-03-27,12,W123440604,Uribarri,1,27,8
2024-03-27,12,W163195554,Basurtu-Zorrotza,1,2,6
2024-03-27,12,W376396126,Ibaiondo,1,1,10
2024-03-27,13,W108497734,Ibaiondo,160,160,1
2024-03-27,13,N5056355015,Uribarri,155,155,1
2024-03-27,13,N5056356248,Uribarri,139,139,2
2024-03-27,13,N3207631929,Abando,113,113,1
2024-03-27,13,W404432093,Ibaiondo,72,72,2
2024-03-27,13,N11229807742,Basurtu-Zorrotza,69,69,1
2024-03-27,13,W110895854,Abando,66,71,2
2024-03-27,13,N4762096882,Abando,58,58,3
2024-03-27,13,N5056379164,Abando,52,52,4
2024-03-27,13,N1271964866,Abando,49,74,5
2024-03-27,13,N5056421870,Deusto,45,45,1
2024-03-27,13,N4060532217,Otxarkoaga-Txurdinaga,41,41,1
2024-03-27,13,N9607467466,Basurtu-Zorrotza,40,48,2
2024-03-27,13,W96337695,Abando,40,40,6
2024-03-27,13,N4060532216,Otxarkoaga-Txurdinaga,39,39,2
2024-03-27,13,N4060532227,Uribarri,37,126,3
2024-03-27,13,W420558992,Ibaiondo,37,39,3
2024-03-27,13,N5056183351,Errekalde,37,37,1
2024-03-27,13,N9607363904,Uribarri,37,37,4
2024-03-27,13,N5056328910,Begona,36,36,1
2024-03-27,13,N4254043797,Deusto,31,31,2
2024-03-27,13,N11229801356,Ibaiondo,30,36,4
2024-03-27,13,N5056184623,Errekalde,29,31,2
2024-03-27,13,N5056353256,Uribarri,23,30,5
2024-03-27,13,W375390416,Ibaiondo,23,28,5
2024-03-27,13,W163196945,Basurtu-Zorrotza,23,23,3
2024-03-27,13,W397099000,Ibaiondo,23,23,6
2024-03-27,13,N9607391207,Begona,22,22,2
2024-03-27,13,W28211432,Abando,20,43,7
2024-03-27,13,N9607455457,Errekalde,20,20,3
2024-03-27,13,W108504682,Abando,19,97,8
2024-03-27,13,N4060532220,Otxarkoaga-Txurdinaga,17,19,3
2024-03-27,13,N10308519810,Deusto,17,17,3
2024-03-27,13,W248634544,Uribarri,16,21,6
2024-03-27,13,W485363913,Ibaiondo,15,60,7
2024-03-27,13,N5056437799,Deusto,15,24,4
2024-03-27,13,W235157481,Otxarkoaga-Txurdinaga,14,36,4
2024-03-27,13,W111740255,Errekalde,14,28,4
2024-03-27,13,N5056088727,Ibaiondo,12,52,8
2024-03-27,13,N4731925117,Abando,11,22,9
2024-03-27,13,W171882527,Abando,8,12,10
2024-03-27,13,N518227646,Abando,7,20,11
2024-03-27,13,W41688628,Abando,6,25,12
2024-03-27,13,W290069950,Deusto,6,9,5
2024-03-27,13,N5301954699,Basurtu-Zorrotza,6,6,4
2024-03-27,13,W41415573,Errekalde,6,6,5
2024-03-27,13,W162445376,Uribarri,5,5,7
2024-03-27,13,W185205681,Deusto,5,5,6
2024-03-27,13,W164510985,Otxarkoaga-Txurdinaga,3,41,5
2024-03-27,13,W185205688,Deusto,3,19,7
2024-03-27,13,W632988668,Basurtu-Zorrotza,3,3,5
2024-03-27,13,W44016098,Abando,2,78,13
2024-03-27,13,N4761972760,Abando,2,54,14
2024-03-27,13,W305622069,Begona,2,2,3
2024-03-27,13,W164512079,Otxarkoaga-Txurdinaga,1,34,6
2024-03-27,13,W123440604,Uribarri,1,27,8
2024-03-27,13,W163195554,Basurtu-Zorrotza,1,2,6
2024-03-27,13,W376396126,Ibaiondo,1,1,9
2024-03-27,14,W108497734,Ibaiondo,160,160,1
2024-03-27,14,N5056355015,Uribarri,155,155,1
2024-03-27,14,N5056356248,Uribarri,139,139,2
2024-03-27,14,N3207631929,Abando,113,113,1
2024-03-27,14,W404432093,Ibaiondo,72,72,2
2024-03-27,14,N11229807742,Basurtu-Zorrotza,69,69,1
2024-03-27,14,W110895854,Abando,66,71,2
2024-03-27,14,N4762096882,Abando,58,58,3
2024-03-27,14,N5056379164,Abando,52,52,4
2024-03-27,14,N1271964866,Abando,49,74,5
2024-03-27,14,N5056421870,Deusto,45,45,1
2024-03-27,14,N4060532217,Otxarkoaga-Txurdinaga,41,41,1
2024-03-27,14,N9607467466,Basurtu-Zorrotza,40,48,2
2024-03-27,14,W96337695,Abando,40,40,6
2024-03-27,14,N4060532216,Otxarkoaga-Txurdinaga,39,39,2
2024-03-27,14,N4060532227,Uribarri,37,126,3
2024-03-27,14,W420558992,Ibaiondo,37,39,3
2024-03-27,14,N5056183351,Errekalde,37,37,1
2024-03-27,14,N9607363904,Uribarri,37,37,4
2024-03-27,14,N5056328910,Begona,36,36,1
2024-03-27,14,N4254043797,Deusto,31,31,2
2024-03-27,14,N11229801356,Ibaiondo,30,36,4
2024-03-27,14,N5056184623,Errekalde,29,31,2
2024-03-27,14,N5056353256,Uribarri,23,30,5
2024-03-27,14,W375390416,Ibaiondo,23,28,5
2024-03-27,14,W397099000,Ibaiondo,23,23,6
2024-03-27,14,N9607391207,Begona,22,22,2
2024-03-27,14,W28211432,Abando,20,43,7
2024-03-27,14,N9607455457,Errekalde,20,20,3
2024-03-27,14,W108504682,Abando,19,97,8
2024-03-27,14,N4060532220,Otxarkoaga-Txurdinaga,17,19,3
2024-03-27,14,N10308519810,Deusto,17,17,3
2024-03-27,14,W248634544,Uribarri,16,21,6
2024-03-27,14,W485363913,Ibaiondo,15,60,7
2024-03-27,14,N5056437799,Deusto,15,24,4
2024-03-27,14,W235157481,Otxarkoaga-Txurdinaga,14,36,4
2024-03-27,14,W111740255,Errekalde,14,28,4
2024-03-27,14,N5056088727,Ibaiondo,12,52,8
2024-03-27,14,N4731925117,Abando,11,22,9
2024-03-27,14,W171882527,Abando,8,12,10
2024-03-27,14,N518227646,Abando,7,20,11
2024-03-27,14,W41688628,Abando,6,25,12
2024-03-27,14,W290069950,Deusto,6,9,5
2024-03-27,14,N5301954699,Basurtu-Zorrotza,6,6,3
2024-03-27,14,W41415573,Errekalde,6,6,5
2024-03-27,14,W162445376,Uribarri,5,5,7
2024-03-27,14,W185205681,Deusto,5,5,6
2024-03-27,14,W164510985,Otxarkoaga-Txurdinaga,3,41,5
2024-03-27,14,W185205688,Deusto,3,19,7
2024-03-27,14,W632988668,Basurtu-Zorrotza,3,3,4
2024-03-27,14,W44016098,Abando,2,78,13
2024-03-27,14,N4761972760,Abando,2,54,14
2024-03-27,14,W305622069,Begona,2,2,3
2024-03-27,14,W164512079,Otxarkoaga-Txurdinaga,1,34,6
2024-03-27,14,W123440604,Uribarri,1,27,8
2024-03-27,14,W163195554,Basurtu-Zorrotza,1,2,5
2024-03-27,14,W376396126,Ibaiondo,1,1,9
2024-03-27,15,W108497734,Ibaiondo,160,160,1
2024-03-27,15,W48045715,Uribarri,155,155,1
2024-03-27,15,W108504682,Abando,97,97,1
2024-03-27,15,W404432093,Ibaiondo,72,72,2
2024-03-27,15,W110895854,Abando,69,71,2
2024-03-27,15,N11229807742,Basurtu-Zorrotza,69,69,1
2024-03-27,15,N4508853267,Uribarri,68,68,2
2024-03-27,15,N4761972760,Abando,54,54,3
2024-03-27,15,N5056379164,Abando,52,52,4
2024-03-27,15,N4060532227,Uribarri,47,126,3
2024-03-27,15,N5056421870,Deusto,45,45,1
2024-03-27,15,W28211432,Abando,43,43,5
2024-03-27,15,N4060532217,Otxarkoaga-Txurdinaga,41,41,1
2024-03-27,15,N9607467466,Basurtu-Zorrotza,40,48,2
2024-03-27,15,N4060532216,Otxarkoaga-Txurdinaga,39,39,2
2024-03-27,15,W96337695,Abando,38,40,6
2024-03-27,15,W420558992,Ibaiondo,37,39,3
2024-03-27,15,N5056183351,Errekalde,37,37,1
2024-03-27,15,N9607363904,Uribarri,37,37,4
2024-03-27,15,N5056328910,Begona,36,36,1
2024-03-27,15,N11229801356,Ibaiondo,30,36,4
2024-03-27,15,N5056353256,Uribarri,23,30,5
2024-03-27,15,W375390416,Ibaiondo,23,28,5
2024-03-27,15,W397099000,Ibaiondo,23,23,6
2024-03-27,15,N9607391207,Begona,22,22,2
2024-03-27,15,W44016098,Abando,21,78,7
2024-03-27,15,W111740255,Errekalde,20,28,2
2024-03-27,15,N9607455457,Errekalde,20,20,3
2024-03-27,15,W185205688,Deusto,19,19,2
2024-03-27,15,N4060532220,Otxarkoaga-Txurdinaga,17,19,3
2024-03-27,15,W485363913,Ibaiondo,15,60,7
2024-03-27,15,N4731925117,Abando,15,22,8
2024-03-27,15,W235157481,Otxarkoaga-Txurdinaga,14,36,4
2024-03-27,15,N5056088727,Ibaiondo,12,52,8
2024-03-27,15,W290069950,Deusto,9,9,3
2024-03-27,15,W171882527,Abando,8,12,9
2024-03-27,15,N518227646,Abando,6,20,10
2024-03-27,15,N5301954699,Basurtu-Zorrotza,6,6,3
2024-03-27,15,W41415573,Errekalde,6,6,4
2024-03-27,15,W162445376,Uribarri,5,5,6
2024-03-27,15,W185205681,Deusto,5,5,4
2024-03-27,15,W632988668,Basurtu-Zorrotza,3,3,4
2024-03-27,15,W305622069,Begona,2,2,3
2024-03-27,15,W164512079,Otxarkoaga-Txurdinaga,1,34,5
2024-03-27,15,W123440604,Uribarri,1,27,7
2024-03-27,15,W163195554,Basurtu-Zorrotza,1,2,5
2024-03-27,15,W376396126,Ibaiondo,1,1,9
2024-03-27,16,W108497734,Ibaiondo,160,160,1
2024-03-27,16,W48045715,Uribarri,155,155,1
2024-03-27,16,N3207631929,Abando,113,113,1
2024-03-27,16,W404432093,Ibaiondo,72,72,2
2024-03-27,16,N11229807742,Basurtu-Zorrotza,69,69,1
2024-03-27,16,N4508853267,Uribarri,68,68,2
2024-03-27,16,W110895854,Abando,66,71,2
2024-03-27,16,N4761972760,Abando,54,54,3
2024-03-27,16,W301165234,Errekalde,53,53,1
2024-03-27,16,N5056379164,Abando,52,52,4
2024-03-27,16,N4060532227,Uribarri,47,126,3
2024-03-27,16,N5056421870,Deusto,45,45,1
2024-03-27,16,N5056200430,Basurtu-Zorrotza,43,43,2
2024-03-27,16,W28211432,Abando,43,43,5
2024-03-27,16,N4060532217,Otxarkoaga-Txurdinaga,41,41,1
2024-03-27,16,N9607467466,Basurtu-Zorrotza,40,48,3
2024-03-27,16,W96337695,Abando,40,40,6
2024-03-27,16,N4060532216,Otxarkoaga-Txurdinaga,39,39,2
2024-03-27,16,W420558992,Ibaiondo,37,39,3
2024-03-27,16,N5056183351,Errekalde,37,37,2
2024-03-27,16,N9607363904,Uribarri,37,37,4
2024-03-27,16,N5056328910,Begona,36,36,1
2024-03-27,16,N11229801356,Ibaiondo,30,36,4
2024-03-27,16,N5056353256,Uribarri,23,30,5
2024-03-27,16,W375390416,Ibaiondo,23,28,5
2024-03-27,16,W397099000,Ibaiondo,23,23,6
2024-03-27,16,N9607391207,Begona,22,22,2
2024-03-27,16,W111740255,Errekalde,20,28,3
2024-03-27,16,N9607455457,Errekalde,20,20,4
2024-03-27,16,W108504682,Abando,19,97,7
2024-03-27,16,W185205688,Deusto,19,19,2
2024-03-27,16,N4060532220,Otxarkoaga-Txurdinaga,17,19,3
2024-03-27,16,W485363913,Ibaiondo,15,60,7
2024-03-27,16,N4731925117,Abando,15,22,8
2024-03-27,16,W235157481,Otxarkoaga-Txurdinaga,14,36,4
2024-03-27,16,N5056088727,Ibaiondo,12,52,8
2024-03-27,16,W290069950,Deusto,9,9,3
2024-03-27,16,W171882527,Abando,8,12,9
2024-03-27,16,N518227646,Abando,6,20,10
2024-03-27,16,N5301954699,Basurtu-Zorrotza,6,6,4
2024-03-27,16,W41415573,Errekalde,6,6,5
2024-03-27,16,W162445376,Uribarri,5,5,6
2024-03-27,16,W185205681,Deusto,5,5,4
2024-03-27,16,W632988668,Basurtu-Zorrotza,3,3,5
2024-03-27,16,W44016098,Abando,2,78,11
2024-03-27,16,W305622069,Begona,2,2,3
2024-03-27,16,W164512079,Otxarkoaga-Txurdinaga,1,34,5
2024-03-27,16,W123440604,Uribarri,1,27,7
2024-03-27,16,W163195554,Basurtu-Zorrotza,1,2,6
2024-03-27,16,W376396126,Ibaiondo,1,1,9
2024-03-27,17,W108497734,Ibaiondo,160,160,1
2024-03-27,17,N5056355015,Uribarri,155,155,1
2024-03-27,17,N5056356248,Uribarri,139,139,2
2024-03-27,17,N3207631929,Abando,113,113,1
2024-03-27,17,W404432093,Ibaiondo,72,72,2
2024-03-27,17,N11229807742,Basurtu-Zorrotza,69,69,1
2024-03-27,17,W110895854,Abando,66,71,2
2024-03-27,17,W301165234,Errekalde,53,53,1
2024-03-27,17,N5056379164,Abando,52,52,3
2024-03-27,17,N5056421870,Deusto,45,45,1
2024-03-27,17,N5056200430,Basurtu-Zorrotza,43,43,2
2024-03-27,17,W28211432,Abando,43,43,4
2024-03-27,17,N4060532217,Otxarkoaga-Txurdinaga,41,41,1
2024-03-27,17,N9607467466,Basurtu-Zorrotza,40,48,3
2024-03-27,17,W96337695,Abando,40,40,5
2024-03-27,17,N4060532216,Otxarkoaga-Txurdinaga,39,39,2
2024-03-27,17,N4060532227,Uribarri,37,126,3
2024-03-27,17,W420558992,Ibaiondo,37,39,3
2024-03-27,17,N5056183351,Errekalde,37,37,2
2024-03-27,17,N9607363904,Uribarri,37,37,4
2024-03-27,17,N5056328910,Begona,36,36,1
2024-03-27,17,N4254043797,Deusto,31,31,2
2024-03-27,17,N11229801356,Ibaiondo,30,36,4
2024-03-27,17,N5056184623,Errekalde,29,31,3
2024-03-27,17,N5056353256,Uribarri,23,30,5
2024-03-27,17,W375390416,Ibaiondo,23,28,5
2024-03-27,17,W397099000,Ibaiondo,23,23,6
2024-03-27,17,N9607391207,Begona,22,22,2
2024-03-27,17,N518227646,Abando,20,20,6
2024-03-27,17,N9607455457,Errekalde,20,20,4
2024-03-27,17,W108504682,Abando,19,97,7
2024-03-27,17,N4060532220,Otxarkoaga-Txurdinaga,17,19,3
2024-03-27,17,W485363913,Ibaiondo,15,60,7
2024-03-27,17,N4731925117,Abando,15,22,8
2024-03-27,17,W235157481,Otxarkoaga-Txurdinaga,14,36,4
2024-03-27,17,W111740255,Errekalde,14,28,5
2024-03-27,17,N5056088727,Ibaiondo,12,52,8
2024-03-27,17,W290069950,Deusto,9,9,3
2024-03-27,17,W171882527,Abando,8,12,9
2024-03-27,17,W185205688,Deusto,7,19,4
2024-03-27,17,N5301954699,Basurtu-Zorrotza,6,6,4
2024-03-27,17,W41415573,Errekalde,6,6,6
2024-03-27,17,N4508853267,Uribarri,5,68,6
2024-03-27,17,W162445376,Uribarri,5,5,7
2024-03-27,17,W185205681,Deusto,5,5,5
2024-03-27,17,W164510985,Otxarkoaga-Txurdinaga,3,41,5
2024-03-27,17,W632988668,Basurtu-Zorrotza,3,3,5
2024-03-27,17,W44016098,Abando,2,78,10
2024-03-27,17,W305622069,Begona,2,2,3
2024-03-27,17,W164512079,Otxarkoaga-Txurdinaga,1,34,6
2024-03-27,17,W123440604,Uribarri,1,27,8
2024-03-27,17,W163195554,Basurtu-Zorrotza,1,2,6
2024-03-27,17,W376396126,Ibaiondo,1,1,9
2024-03-27,18,W108497734,Ibaiondo,160,160,1
2024-03-27,18,W48045715,Uribarri,155,155,1
2024-03-27,18,N5056356248,Uribarri,139,139,2
2024-03-27,18,N3207631929,Abando,113,113,1
2024-03-27,18,W404432093,Ibaiondo,72,72,2
2024-03-27,18,N11229807742,Basurtu-Zorrotza,69,69,1
2024-03-27,18,N4762096882,Abando,58,58,2
2024-03-27,18,W301165234,Errekalde,53,53,1
2024-03-27,18,N5056379164,Abando,52,52,3
2024-03-27,18,W28776478,Abando,50,79,4
2024-03-27,18,N1271964866,Abando,49,74,5
2024-03-27,18,N5056421870,Deusto,45,45,1
2024-03-27,18,N5056200430,Basurtu-Zorrotza,43,43,2
2024-03-27,18,W164510985,Otxarkoaga-Txurdinaga,41,41,1
2024-03-27,18,N9607467466,Basurtu-Zorrotza,40,48,3
2024-03-27,18,W96337695,Abando,40,40,6
2024-03-27,18,N4060532216,Otxarkoaga-Txurdinaga,39,39,2
2024-03-27,18,N4060532227,Uribarri,37,126,3
2024-03-27,18,W420558992,Ibaiondo,37,39,3
2024-03-27,18,N5056183351,Errekalde,37,37,2
2024-03-27,18,N9607363904,Uribarri,37,37,4
2024-03-27,18,N5056328910,Begona,36,36,1
2024-03-27,18,N4254043797,Deusto,31,31,2
2024-03-27,18,N11229801356,Ibaiondo,30,36,4
2024-03-27,18,N5056184623,Errekalde,29,31,3
2024-03-27,18,N5056353256,Uribarri,23,30,5
2024-03-27,18,W375390416,Ibaiondo,23,28,5
2024-03-27,18,W163196945,Basurtu-Zorrotza,23,23,4
2024-03-27,18,W397099000,Ibaiondo,23,23,6
2024-03-27,18,N9607391207,Begona,22,22,2
2024-03-27,18,W28211432,Abando,20,43,7
2024-03-27,18,N9607455457,Errekalde,20,20,4
2024-03-27,18,N4060532220,Otxarkoaga-Txurdinaga,16,19,3
2024-03-27,18,W108504682,Abando,15,97,8
2024-03-27,18,W485363913,Ibaiondo,15,60,7
2024-03-27,18,W235157481,Otxarkoaga-Txurdinaga,14,36,4
2024-03-27,18,W111740255,Errekalde,14,28,5
2024-03-27,18,N5056088727,Ibaiondo,12,52,8
2024-03-27,18,N4731925117,Abando,11,22,9
2024-03-27,18,W44113519,Abando,9,34,10
2024-03-27,18,W290069950,Deusto,9,9,3
2024-03-27,18,W171882527,Abando,8,12,11
2024-03-27,18,N518227646,Abando,7,20,12
2024-03-27,18,W185205688,Deusto,7,19,4
2024-03-27,18,N5301954699,Basurtu-Zorrotza,6,6,5
2024-03-27,18,W41415573,Errekalde,6,6,6
2024-03-27,18,N4508853267,Uribarri,5,68,6
2024-03-27,18,W162445376,Uribarri,5,5,7
2024-03-27,18,W185205681,Deusto,5,5,5
2024-03-27,18,N4060532217,Otxarkoaga-Txurdinaga,4,41,5
2024-03-27,18,W41525574,Ibaiondo,3,114,9
2024-03-27,18,W632988668,Basurtu-Zorrotza,3,3,6
2024-03-27,18,W305622069,Begona,2,2,3
2024-03-27,18,W164512079,Otxarkoaga-Txurdinaga,1,34,6
2024-03-27,18,W123440604,Uribarri,1,27,8
2024-03-27,18,W163195554,Basurtu-Zorrotza,1,2,7
2024-03-27,18,W376396126,Ibaiondo,1,1,10
2024-03-27,19,W108497734,Ibaiondo,160,160,1
2024-03-27,19,W48045715,Uribarri,155,155,1
2024-03-27,19,N5056356248,Uribarri,139,139,2
2024-03-27,19,N3207631929,Abando,113,113,1
2024-03-27,19,W404432093,Ibaiondo,72,72,2
2024-03-27,19,N11229807742,Basurtu-Zorrotza,69,69,1
2024-03-27,19,N4762096882,Abando,58,58,2
2024-03-27,19,W301165234,Errekalde,53,53,1
2024-03-27,19,N5056379164,Abando,52,52,3
2024-03-27,19,W28776478,Abando,50,79,4
2024-03-27,19,N1271964866,Abando,49,74,5
2024-03-27,19,N5056421870,Deusto,45,45,1
2024-03-27,19,N5056200430,Basurtu-Zorrotza,43,43,2
2024-03-27,19,W164510985,Otxarkoaga-Txurdinaga,41,41,1
2024-03-27,19,N9607467466,Basurtu-Zorrotza,40,48,3
2024-03-27,19,W96337695,Abando,40,40,6
2024-03-27,19,N4060532216,Otxarkoaga-Txurdinaga,39,39,2
2024-03-27,19,N4060532227,Uribarri,37,126,3
2024-03-27,19,W420558992,Ibaiondo,37,39,3
2024-03-27,19,N5056183351,Errekalde,37,37,2
2024-03-27,19,N9607363904,Uribarri,37,37,4
2024-03-27,19,N5056328910,Begona,36,36,1
2024-03-27,19,N4254043797,Deusto,31,31,2
2024-03-27,19,N11229801356,Ibaiondo,30,36,4
2024-03-27,19,N5056184623,Errekalde,29,31,3
2024-03-27,19,N5056353256,Uribarri,23,30,5
2024-03-27,19,W375390416,Ibaiondo,23,28,5
2024-03-27,19,W163196945,Basurtu-Zorrotza,23,23,4
2024-03-27,19,W397099000,Ibaiondo,23,23,6
2024-03-27,19,N9607391207,Begona,22,22,2
2024-03-27,19,W28211432,Abando,20,43,7
2024-03-27,19,N9607455457,Errekalde,20,20,4
2024-03-27,19,N4060532220,Otxarkoaga-Txurdinaga,16,19,3
2024-03-27,19,W108504682,Abando,15,97,8
2024-03-27,19,W485363913,Ibaiondo,15,60,7
2024-03-27,19,W235157481,Otxarkoaga-Txurdinaga,14,36,4
2024-03-27,19,W111740255,Errekalde,14,28,5
2024-03-27,19,N5056088727,Ibaiondo,12,52,8
2024-03-27,19,N4731925117,Abando,11,22,9
2024-03-27,19,W44113519,Abando,9,34,10
2024-03-27,19,W290069950,Deusto,9,9,3
2024-03-27,19,W171882527,Abando,8,12,11
2024-03-27,19,N518227646,Abando,7,20,12
2024-03-27,19,W185205688,Deusto,7,19,4
2024-03-27,19,N5301954699,Basurtu-Zorrotza,6,6,5
2024-03-27,19,W41415573,Errekalde,6,6,6
2024-03-27,19,N4508853267,Uribarri,5,68,6
2024-03-27,19,W162445376,Uribarri,5,5,7
2024-03-27,19,W185205681,Deusto,5,5,5
2024-03-27,19,N4060532217,Otxarkoaga-Txurdinaga,4,41,5
2024-03-27,19,W41525574,Ibaiondo,3,114,9
2024-03-27,19,W632988668,Basurtu-Zorrotza,3,3,6
2024-03-27,19,W305622069,Begona,2,2,3
2024-03-27,19,W164512079,Otxarkoaga-Txurdinaga,1,34,6
2024-03-27,19,W123440604,Uribarri,1,27,8
2024-03-27,19,W163195554,Basurtu-Zorrotza,1,2,7
2024-03-27,19,W376396126,Ibaiondo,1,1,10
2024-03-27,20,W108497734,Ibaiondo,160,160,1
2024-03-27,20,W48045715,Uribarri,155,155,1
2024-03-27,20,N5056356248,Uribarri,139,139,2
2024-03-27,20,N3207631929,Abando,113,113,1
2024-03-27,20,W404432093,Ibaiondo,72,72,2
2024-03-27,20,N11229807742,Basurtu-Zorrotza,69,69,1
2024-03-27,20,N4762096882,Abando,58,58,2
2024-03-27,20,W301165234,Errekalde,53,53,1
2024-03-27,20,N5056379164,Abando,52,52,3
2024-03-27,20,W28776478,Abando,50,79,4
2024-03-27,20,N1271964866,Abando,49,74,5
2024-03-27,20,N5056421870,Deusto,45,45,1
2024-03-27,20,N5056200430,Basurtu-Zorrotza,43,43,2
2024-03-27,20,N4060532217,Otxarkoaga-Txurdinaga,41,41,1
2024-03-27,20,N9607467466,Basurtu-Zorrotza,40,48,3
2024-03-27,20,W96337695,Abando,40,40,6
2024-03-27,20,N4060532216,Otxarkoaga-Txurdinaga,39,39,2
2024-03-27,20,N4060532227,Uribarri,37,126,3
2024-03-27,20,W420558992,Ibaiondo,37,39,3
2024-03-27,20,N5056183351,Errekalde,37,37,2
2024-03-27,20,N9607363904,Uribarri,37,37,4
2024-03-27,20,N5056328910,Begona,36,36,1
2024-03-27,20,N4254043797,Deusto,31,31,2
2024-03-27,20,N11229801356,Ibaiondo,30,36,4
2024-03-27,20,N5056184623,Errekalde,29,31,3
2024-03-27,20,N5056353256,Uribarri,23,30,5
2024-03-27,20,W375390416,Ibaiondo,23,28,5
2024-03-27,20,W397099000,Ibaiondo,23,23,6
2024-03-27,20,N9607391207,Begona,22,22,2
2024-03-27,20,W28211432,Abando,20,43,7
2024-03-27,20,N9607455457,Errekalde,20,20,4
2024-03-27,20,N4060532220,Otxarkoaga-Txurdinaga,17,19,3
2024-03-27,20,W108504682,Abando,15,97,8
2024-03-27,20,W485363913,Ibaiondo,15,60,7
2024-03-27,20,W235157481,Otxarkoaga-Txurdinaga,14,36,4
2024-03-27,20,W111740255,Errekalde,14,28,5
2024-03-27,20,N5056088727,Ibaiondo,12,52,8
2024-03-27,20,N4731925117,Abando,11,22,9
2024-03-27,20,W44113519,Abando,9,34,10
2024-03-27,20,W290069950,Deusto,9,9,3
2024-03-27,20,W171882527,Abando,8,12,11
2024-03-27,20,W185205688,Deusto,7,19,4
2024-03-27,20,N5301954699,Basurtu-Zorrotza,6,6,4
2024-03-27,20,W41415573,Errekalde,6,6,6
2024-03-27,20,N4508853267,Uribarri,5,68,6
2024-03-27,20,W162445376,Uribarri,5,5,7
2024-03-27,20,W185205681,Deusto,5,5,5
2024-03-27,20,W632988668,Basurtu-Zorrotza,3,3,5
2024-03-27,20,W305622069,Begona,2,2,3
2024-03-27,20,W164512079,Otxarkoaga-Txurdinaga,1,34,5
2024-03-27,20,W123440604,Uribarri,1,27,8
2024-03-27,20,W163195554,Basurtu-Zorrotza,1,2,6
2024-03-27,20,W376396126,Ibaiondo,1,1,9
2024-03-27,21,W48045715,Uribarri,155,155,1
2024-03-27,21,W28776478,Abando,79,79,1
2024-03-27,21,N11229807742,Basurtu-Zorrotza,69,69,1
2024-03-27,21,N4508853267,Uribarri,68,68,2
2024-03-27,21,W485363913,Ibaiondo,60,60,1
2024-03-27,21,W301165234,Errekalde,53,53,1
2024-03-27,21,N5056088727,Ibaiondo,52,52,2
2024-03-27,21,N5056379164,Abando,52,52,2
2024-03-27,21,N4060532227,Uribarri,47,126,3
2024-03-27,21,N5056421870,Deusto,45,45,1
2024-03-27,21,N5056200430,Basurtu-Zorrotza,43,43,2
2024-03-27,21,N4060532217,Otxarkoaga-Txurdinaga,41,41,1
2024-03-27,21,N9607467466,Basurtu-Zorrotza,40,48,3
2024-03-27,21,W96337695,Abando,40,40,3
2024-03-27,21,N4060532216,Otxarkoaga-Txurdinaga,39,39,2
2024-03-27,21,W420558992,Ibaiondo,39,39,3
2024-03-27,21,N5056183351,Errekalde,37,37,2
2024-03-27,21,N9607363904,Uribarri,37,37,4
2024-03-27,21,N5056328910,Begona,36,36,1
2024-03-27,21,N11229801356,Ibaiondo,33,36,4
2024-03-27,21,W44016098,Abando,25,78,4
2024-03-27,21,N5056353256,Uribarri,23,30,5
2024-03-27,21,W397099000,Ibaiondo,23,23,5
2024-03-27,21,N4731925117,Abando,22,22,5
2024-03-27,21,N9607391207,Begona,22,22,2
2024-03-27,21,W111740255,Errekalde,20,28,3
2024-03-27,21,W375390416,Ibaiondo,20,28,6
2024-03-27,21,N9607455457,Errekalde,20,20,4
2024-03-27,21,W185205688,Deusto,19,19,2
2024-03-27,21,N4060532220,Otxarkoaga-Txurdinaga,17,19,3
2024-03-27,21,W235157481,Otxarkoaga-Txurdinaga,14,36,4
2024-03-27,21,W171882527,Abando,12,12,6
2024-03-27,21,W44113519,Abando,9,34,7
2024-03-27,21,W290069950,Deusto,9,9,3
2024-03-27,21,N5301954699,Basurtu-Zorrotza,6,6,4
2024-03-27,21,W41415573,Errekalde,6,6,5
2024-03-27,21,W162445376,Uribarri,5,5,6
2024-03-27,21,W185205681,Deusto,5,5,4
2024-03-27,21,W632988668,Basurtu-Zorrotza,3,3,5
2024-03-27,21,W305622069,Begona,2,2,3
2024-03-27,21,W164512079,Otxarkoaga-Txurdinaga,1,34,5
2024-03-27,21,W123440604,Uribarri,1,27,7
2024-03-27,21,W163195554,Basurtu-Zorrotza,1,2,6
2024-03-27,21,W376396126,Ibaiondo,1,1,7
2024-03-27,22,N4060532227,Uribarri,126,126,1
2024-03-27,22,W28776478,Abando,79,79,1
2024-03-27,22,N4508853267,Uribarri,68,68,2
2024-03-27,22,W485363913,Ibaiondo,60,60,1
2024-03-27,22,N5056379164,Abando,52,52,2
2024-03-27,22,N4060532217,Otxarkoaga-Txurdinaga,41,41,1
2024-03-27,22,N4060532216,Otxarkoaga-Txurdinaga,39,39,2
2024-03-27,22,N5056353256,Uribarri,30,30,3
2024-03-27,22,W397099000,Ibaiondo,23,23,2
2024-03-27,22,W111740255,Errekalde,20,28,1
2024-03-27,22,W123440604,Uribarri,19,27,4
2024-03-27,22,N4060532220,Otxarkoaga-Txurdinaga,17,19,3
2024-03-27,22,W171882527,Abando,12,12,3
2024-03-27,22,W44113519,Abando,9,34,4
2024-03-27,22,W290069950,Deusto,9,9,1
2024-03-27,22,N5301954699,Basurtu-Zorrotza,6,6,1
2024-03-27,22,W151883539,Basurtu-Zorrotza,5,5,2
2024-03-27,22,W162445376,Uribarri,5,5,5
2024-03-27,22,W632988668,Basurtu-Zorrotza,3,3,3
2024-03-27,22,W163195554,Basurtu-Zorrotza,2,2,4
2024-03-27,22,W164512079,Otxarkoaga-Txurdinaga,1,34,4
2024-03-27,23,N4060532227,Uribarri,126,126,1
2024-03-27,23,W28776478,Abando,79,79,1
2024-03-27,23,N4508853267,Uribarri,68,68,2
2024-03-27,23,W485363913,Ibaiondo,60,60,1
2024-03-27,23,N5056379164,Abando,52,52,2
2024-03-27,23,N4060532217,Otxarkoaga-Txurdinaga,41,41,1
2024-03-27,23,N4060532216,Otxarkoaga-Txurdinaga,39,39,2
2024-03-27,23,N5056353256,Uribarri,30,30,3
2024-03-27,23,W111740255,Errekalde,20,28,1
2024-03-27,23,N4060532220,Otxarkoaga-Txurdinaga,17,19,3
2024-03-27,23,W171882527,Abando,12,12,3
2024-03-27,23,W44113519,Abando,9,34,4
2024-03-27,23,N5301954699,Basurtu-Zorrotza,6,6,1
2024-03-27,23,W632988668,Basurtu-Zorrotza,3,3,2
2024-03-27,23,W163195554,Basurtu-Zorrotza,2,2,3
2024-03-28,5,N4060532227,Uribarri,126,126,1
2024-03-28,5,W28776478,Abando,79,79,1
2024-03-28,5,N4508853267,Uribarri,68,68,2
2024-03-28,5,W485363913,Ibaiondo,60,60,1
2024-03-28,5,N4060532217,Otxarkoaga-Txurdinaga,41,41,1
2024-03-28,5,N4060532216,Otxarkoaga-Txurdinaga,39,39,2
2024-03-28,5,N5056353256,Uribarri,30,30,3
2024-03-28,5,N4060532220,Otxarkoaga-Txurdinaga,17,19,3
2024-03-28,5,W163195554,Basurtu-Zorrotza,2,2,1
2024-03-28,6,N4060532227,Uribarri,126,126,1
2024-03-28,6,W28776478,Abando,79,79,1
2024-03-28,6,N4508853267,Uribarri,68,68,2
2024-03-28,6,W485363913,Ibaiondo,60,60,1
2024-03-28,6,N5056379164,Abando,52,52,2
2024-03-28,6,N4060532217,Otxarkoaga-Txurdinaga,41,41,1
2024-03-28,6,N4060532216,Otxarkoaga-Txurdinaga,39,39,2
2024-03-28,6,N5056353256,Uribarri,30,30,3
2024-03-28,6,W111740255,Errekalde,20,28,1
2024-03-28,6,N4060532220,Otxarkoaga-Txurdinaga,17,19,3
2024-03-28,6,W44113519,Abando,9,34,3
2024-03-28,6,N5301954699,Basurtu-Zorrotza,6,6,1
2024-03-28,6,W632988668,Basurtu-Zorrotza,3,3,2
2024-03-28,6,W163195554,Basurtu-Zorrotza,2,2,3
2024-03-28,7,N4060532227,Uribarri,126,126,1
2024-03-28,7,W28776478,Abando,79,79,1
2024-03-28,7,N4508853267,Uribarri,68,68,2
2024-03-28,7,W485363913,Ibaiondo,60,60,1
2024-03-28,7,N5056379164,Abando,52,52,2
2024-03-28,7,N4060532217,Otxarkoaga-Txurdinaga,41,41,1
2024-03-28,7,N4060532216,Otxarkoaga-Txurdinaga,39,39,2
2024-03-28,7,N5056353256,Uribarri,30,30,3
2024-03-28,7,W111740255,Errekalde,20,28,1
2024-03-28,7,N4060532220,Otxarkoaga-Txurdinaga,17,19,3
2024-03-28,7,W44113519,Abando,9,34,3
2024-03-28,7,N5301954699,Basurtu-Zorrotza,6,6,1
2024-03-28,7,W632988668,Basurtu-Zorrotza,3,3,2
2024-03-28,7,W163195554,Basurtu-Zorrotza,2,2,3
2024-03-28,8,N5056355015,Uribarri,155,155,1
2024-03-28,8,N5056356248,Uribarri,139,139,2
2024-03-28,8,W28776478,Abando,79,79,1
2024-03-28,8,W485363913,Ibaiondo,60,60,1
2024-03-28,8,N5056379164,Abando,52,52,2
2024-03-28,8,W164510985,Otxarkoaga-Txurdinaga,41,41,1
2024-03-28,8,N4060532216,Otxarkoaga-Txurdinaga,39,39,2
2024-03-28,8,N4060532227,Uribarri,37,126,3
2024-03-28,8,N4254043797,Deusto,31,31,1
2024-03-28,8,N5056184623,Errekalde,31,31,1
2024-03-28,8,N5056353256,Uribarri,30,30,4
2024-03-28,8,W41688628,Abando,25,25,3
2024-03-28,8,W397099000,Ibaiondo,23,23,2
2024-03-28,8,W123440604,Uribarri,19,27,5
2024-03-28,8,N4060532220,Otxarkoaga-Txurdinaga,16,19,3
2024-03-28,8,N5056437799,Deusto,15,24,2
2024-03-28,8,W111740255,Errekalde,14,28,2
2024-03-28,8,W44113519,Abando,9,34,4
2024-03-28,8,W290069950,Deusto,9,9,3
2024-03-28,8,N5301954699,Basurtu-Zorrotza,6,6,1
2024-03-28,8,W41415573,Errekalde,6,6,3
2024-03-28,8,N4508853267,Uribarri,5,68,6
2024-03-28,8,W151883539,Basurtu-Zorrotza,5,5,2
2024-03-28,8,W162445376,Uribarri,5,5,7
2024-03-28,8,N4060532217,Otxarkoaga-Txurdinaga,4,41,4
2024-03-28,8,W185205688,Deusto,3,19,4
2024-03-28,8,W632988668,Basurtu-Zorrotza,3,3,3
2024-03-28,8,W163195554,Basurtu-Zorrotza,2,2,4
2024-03-28,8,W305622069,Begona,2,2,1
2024-03-28,8,W376396126,Ibaiondo,1,1,3
2024-03-28,9,W108497734,Ibaiondo,160,160,1
2024-03-28,9,N5056355015,Uribarri,155,155,1
2024-03-28,9,N5056356248,Uribarri,139,139,2
2024-03-28,9,W108504682,Abando,97,97,1
2024-03-28,9,W110895854,Abando,69,71,2
2024-03-28,9,N11229807742,Basurtu-Zorrotza,69,69,1
2024-03-28,9,N4761972760,Abando,54,54,3
2024-03-28,9,N5056379164,Abando,52,52,4
2024-03-28,9,N5056421870,Deusto,45,45,1
2024-03-28,9,W164510985,Otxarkoaga-Txurdinaga,41,41,1
2024-03-28,9,N9607467466,Basurtu-Zorrotza,40,48,2
2024-03-28,9,N4060532216,Otxarkoaga-Txurdinaga,39,39,2
2024-03-28,9,W96337695,Abando,38,40,5
2024-03-28,9,N4060532227,Uribarri,37,126,3
2024-03-28,9,W420558992,Ibaiondo,37,39,2
2024-03-28,9,N5056183351,Errekalde,37,37,1
2024-03-28,9,N9607363904,Uribarri,37,37,4
2024-03-28,9,N5056328910,Begona,36,36,1
2024-03-28,9,N11229801356,Ibaiondo,33,36,3
2024-03-28,9,N4254043797,Deusto,31,31,2
2024-03-28,9,N5056088727,Ibaiondo,29,52,4
2024-03-28,9,N5056184623,Errekalde,29,31,2
2024-03-28,9,N5056353256,Uribarri,23,30,5
2024-03-28,9,W397099000,Ibaiondo,23,23,5
2024-03-28,9,N4731925117,Abando,22,22,6
2024-03-28,9,N9607391207,Begona,22,22,2
2024-03-28,9,W375390416,Ibaiondo,20,28,6
2024-03-28,9,N9607455457,Errekalde,20,20,3
2024-03-28,9,N10308519810,Deusto,17,17,3
2024-03-28,9,W248634544,Uribarri,16,21,6
2024-03-28,9,N4060532220,Otxarkoaga-Txurdinaga,16,19,3
2024-03-28,9,W485363913,Ibaiondo,15,60,7
2024-03-28,9,N5056437799,Deusto,15,24,4
2024-03-28,9,W235157481,Otxarkoaga-Txurdinaga,14,36,4
2024-03-28,9,W111740255,Errekalde,14,28,4
2024-03-28,9,W28776478,Abando,10,79,7
2024-03-28,9,W41688628,Abando,10,25,8
2024-03-28,9,W290069950,Deusto,6,9,5
2024-03-28,9,N5301954699,Basurtu-Zorrotza,6,6,3
2024-03-28,9,W41415573,Errekalde,6,6,5
2024-03-28,9,W162445376,Uribarri,5,5,7
2024-03-28,9,W185205681,Deusto,5,5,6
2024-03-28,9,N4060532217,Otxarkoaga-Txurdinaga,4,41,5
2024-03-28,9,W185205688,Deusto,3,19,7
2024-03-28,9,W632988668,Basurtu-Zorrotza,3,3,4
2024-03-28,9,W305622069,Begona,2,2,3
2024-03-28,9,W164512079,Otxarkoaga-Txurdinaga,1,34,6
2024-03-28,9,W123440604,Uribarri,1,27,8
2024-03-28,9,W163195554,Basurtu-Zorrotza,1,2,5
2024-03-28,9,W376396126,Ibaiondo,1,1,8
2024-03-28,10,W108497734,Ibaiondo,160,160,1
2024-03-28,10,N5056355015,Uribarri,155,155,1
2024-03-28,10,N5056356248,Uribarri,139,139,2
2024-03-28,10,W108504682,Abando,97,97,1
2024-03-28,10,W404432093,Ibaiondo,72,72,2
2024-03-28,10,W110895854,Abando,69,71,2
2024-03-28,10,N11229807742,Basurtu-Zorrotza,69,69,1
2024-03-28,10,N1271964866,Abando,59,74,3
2024-03-28,10,N4761972760,Abando,54,54,4
2024-03-28,10,N5056379164,Abando,52,52,5
2024-03-28,10,N5056421870,Deusto,45,45,1
2024-03-28,10,N4060532217,Otxarkoaga-Txurdinaga,41,41,1
2024-03-28,10,N9607467466,Basurtu-Zorrotza,40,48,2
2024-03-28,10,N4060532216,Otxarkoaga-Txurdinaga,39,39,2
2024-03-28,10,W96337695,Abando,38,40,6
2024-03-28,10,N4060532227,Uribarri,37,126,3
2024-03-28,10,W420558992,Ibaiondo,37,39,3
2024-03-28,10,N5056183351,Errekalde,37,37,1
2024-03-28,10,N9607363904,Uribarri,37,37,4
2024-03-28,10,N5056328910,Begona,36,36,1
2024-03-28,10,N4254043797,Deusto,31,31,2
2024-03-28,10,N11229801356,Ibaiondo,30,36,4
2024-03-28,10,N5056184623,Errekalde,29,31,2
2024-03-28,10,N5056353256,Uribarri,23,30,5
2024-03-28,10,W375390416,Ibaiondo,23,28,5
2024-03-28,10,W397099000,Ibaiondo,23,23,6
2024-03-28,10,N9607391207,Begona,22,22,2
2024-03-28,10,W44016098,Abando,21,78,7
2024-03-28,10,W28211432,Abando,20,43,8
2024-03-28,10,N9607455457,Errekalde,20,20,3
2024-03-28,10,N4060532220,Otxarkoaga-Txurdinaga,17,19,3
2024-03-28,10,N10308519810,Deusto,17,17,3
2024-03-28,10,W248634544,Uribarri,16,21,6
2024-03-28,10,W485363913,Ibaiondo,15,60,7
2024-03-28,10,N5056437799,Deusto,15,24,4
2024-03-28,10,W235157481,Otxarkoaga-Txurdinaga,14,36,4
2024-03-28,10,W111740255,Errekalde,14,28,4
2024-03-28,10,N5056088727,Ibaiondo,12,52,8
2024-03-28,10,N4731925117,Abando,11,22,9
2024-03-28,10,W171882527,Abando,8,12,10
2024-03-28,10,W41688628,Abando,7,25,11
2024-03-28,10,W290069950,Deusto,6,9,5
2024-03-28,10,N5301954699,Basurtu-Zorrotza,6,6,3
2024-03-28,10,W41415573,Errekalde,6,6,5
2024-03-28,10,W162445376,Uribarri,5,5,7
2024-03-28,10,W185205681,Deusto,5,5,6
2024-03-28,10,W41525574,Ibaiondo,3,114,9
2024-03-28,10,W164510985,Otxarkoaga-Txurdinaga,3,41,5
2024-03-28,10,W185205688,Deusto,3,19,7
2024-03-28,10,W632988668,Basurtu-Zorrotza,3,3,4
2024-03-28,10,W305622069,Begona,2,2,3
2024-03-28,10,W164512079,Otxarkoaga-Txurdinaga,1,34,6
2024-03-28,10,W123440604,Uribarri,1,27,8
2024-03-28,10,W163195554,Basurtu-Zorrotza,1,2,5
2024-03-28,10,W376396126,Ibaiondo,1,1,10
2024-03-28,11,W108497734,Ibaiondo,160,160,1
2024-03-28,11,N5056355015,Uribarri,155,155,1
2024-03-28,11,N5056356248,Uribarri,139,139,2
2024-03-28,11,N3207631929,Abando,113,113,1
2024-03-28,11,W404432093,Ibaiondo,72,72,2
2024-03-28,11,N11229807742,Basurtu-Zorrotza,69,69,1
2024-03-28,11,W110895854,Abando,66,71,2
2024-03-28,11,N4762096882,Abando,58,58,3
2024-03-28,11,N5056379164,Abando,52,52,4
2024-03-28,11,N1271964866,Abando,49,74,5
2024-03-28,11,N5056421870,Deusto,45,45,1
2024-03-28,11,N4060532217,Otxarkoaga-Txurdinaga,41,41,1
2024-03-28,11,N9607467466,Basurtu-Zorrotza,40,48,2
2024-03-28,11,W96337695,Abando,40,40,6
2024-03-28,11,N4060532216,Otxarkoaga-Txurdinaga,39,39,2
2024-03-28,11,N4060532227,Uribarri,37,126,3
2024-03-28,11,W420558992,Ibaiondo,37,39,3
2024-03-28,11,N5056183351,Errekalde,37,37,1
2024-03-28,11,N9607363904,Uribarri,37,37,4
2024-03-28,11,N5056328910,Begona,36,36,1
2024-03-28,11,N4254043797,Deusto,31,31,2
2024-03-28,11,N11229801356,Ibaiondo,30,36,4
2024-03-28,11,N5056184623,Errekalde,29,31,2
2024-03-28,11,N5056353256,Uribarri,23,30,5
2024-03-28,11,W375390416,Ibaiondo,23,28,5
2024-03-28,11,W163196945,Basurtu-Zorrotza,23,23,3
2024-03-28,11,W397099000,Ibaiondo,23,23,6
2024-03-28,11,N9607391207,Begona,22,22,2
2024-03-28,11,W28211432,Abando,20,43,7
2024-03-28,11,N9607455457,Errekalde,20,20,3
2024-03-28,11,W108504682,Abando,19,97,8
2024-03-28,11,N4060532220,Otxarkoaga-Txurdinaga,17,19,3
2024-03-28,11,N10308519810,Deusto,17,17,3
2024-03-28,11,W248634544,Uribarri,16,21,6
2024-03-28,11,W485363913,Ibaiondo,15,60,7
2024-03-28,11,N5056437799,Deusto,15,24,4
2024-03-28,11,W235157481,Otxarkoaga-Txurdinaga,14,36,4
2024-03-28,11,W111740255,Errekalde,14,28,4
2024-03-28,11,N5056088727,Ibaiondo,12,52,8
2024-03-28,11,N4731925117,Abando,11,22,9
2024-03-28,11,W171882527,Abando,8,12,10
2024-03-28,11,N518227646,Abando,7,20,11
2024-03-28,11,W41688628,Abando,6,25,12
2024-03-28,11,W290069950,Deusto,6,9,5
2024-03-28,11,N5301954699,Basurtu-Zorrotza,6,6,4
2024-03-28,11,W41415573,Errekalde,6,6,5
2024-03-28,11,W162445376,Uribarri,5,5,7
2024-03-28,11,W185205681,Deusto,5,5,6
2024-03-28,11,W41525574,Ibaiondo,3,114,9
2024-03-28,11,W164510985,Otxarkoaga-Txurdinaga,3,41,5
2024-03-28,11,W185205688,Deusto,3,19,7
2024-03-28,11,W632988668,Basurtu-Zorrotza,3,3,5
2024-03-28,11,W28776478,Abando,2,79,13
2024-03-28,11,N4761972760,Abando,2,54,14
2024-03-28,11,W305622069,Begona,2,2,3
2024-03-28,11,W164512079,Otxarkoaga-Txurdinaga,1,34,6
2024-03-28,11,W123440604,Uribarri,1,27,8
2024-03-28,11,W163195554,Basurtu-Zorrotza,1,2,6
2024-03-28,11,W376396126,Ibaiondo,1,1,10
2024-03-28,12,W108497734,Ibaiondo,160,160,1
2024-03-28,12,N5056355015,Uribarri,155,155,1
2024-03-28,12,N5056356248,Uribarri,139,139,2
2024-03-28,12,N3207631929,Abando,113,113,1
2024-03-28,12,W404432093,Ibaiondo,72,72,2
2024-03-28,12,N11229807742,Basurtu-Zorrotza,69,69,1
2024-03-28,12,W110895854,Abando,66,71,2
2024-03-28,12,N4762096882,Abando,58,58,3
2024-03-28,12,N5056379164,Abando,52,52,4
2024-03-28,12,N1271964866,Abando,49,74,5
2024-03-28,12,N5056421870,Deusto,45,45,1
2024-03-28,12,N4060532217,Otxarkoaga-Txurdinaga,41,41,1
2024-03-28,12,N9607467466,Basurtu-Zorrotza,40,48,2
2024-03-28,12,W96337695,Abando,40,40,6
2024-03-28,12,N4060532216,Otxarkoaga-Txurdinaga,39,39,2
2024-03-28,12,N4060532227,Uribarri,37,126,3
2024-03-28,12,W420558992,Ibaiondo,37,39,3
2024-03-28,12,N5056183351,Errekalde,37,37,1
2024-03-28,12,N9607363904,Uribarri,37,37,4
2024-03-28,12,N5056328910,Begona,36,36,1
2024-03-28,12,N4254043797,Deusto,31,31,2
2024-03-28,12,N11229801356,Ibaiondo,30,36,4
2024-03-28,12,N5056184623,Errekalde,29,31,2
2024-03-28,12,N5056353256,Uribarri,23,30,5
2024-03-28,12,W375390416,Ibaiondo,23,28,5
2024-03-28,12,W163196945,Basurtu-Zorrotza,23,23,3
2024-03-28,12,W397099000,Ibaiondo,23,23,6
2024-03-28,12,N9607391207,Begona,22,22,2
2024-03-28,12,W28211432,Abando,20,43,7
2024-03-28,12,N9607455457,Errekalde,20,20,3
2024-03-28,12,W108504682,Abando,19,97,8
2024-03-28,12,N4060532220,Otxarkoaga-Txurdinaga,17,19,3
2024-03-28,12,N10308519810,Deusto,17,17,3
2024-03-28,12,W248634544,Uribarri,16,21,6
2024-03-28,12,W485363913,Ibaiondo,15,60,7
2024-03-28,12,N5056437799,Deusto,15,24,4
2024-03-28,12,W235157481,Otxarkoaga-Txurdinaga,14,36,4
2024-03-28,12,W111740255,Errekalde,14,28,4
2024-03-28,12,N5056088727,Ibaiondo,12,52,8
2024-03-28,12,N4731925117,Abando,11,22,9
2024-03-28,12,W171882527,Abando,8,12,10
2024-03-28,12,N518227646,Abando,7,20,11
2024-03-28,12,W41688628,Abando,6,25,12
2024-03-28,12,W290069950,Deusto,6,9,5
2024-03-28,12,N5301954699,Basurtu-Zorrotza,6,6,4
2024-03-28,12,W41415573,Errekalde,6,6,5
2024-03-28,12,W162445376,Uribarri,5,5,7
2024-03-28,12,W185205681,Deusto,5,5,6
2024-03-28,12,W41525574,Ibaiondo,3,114,9
2024-03-28,12,W164510985,Otxarkoaga-Txurdinaga,3,41,5
2024-03-28,12,W185205688,Deusto,3,19,7
2024-03-28,12,W632988668,Basurtu-Zorrotza,3,3,5
2024-03-28,12,W28776478,Abando,2,79,13
2024-03-28,12,N4761972760,Abando,2,54,14
2024-03-28,12,W305622069,Begona,2,2,3
2024-03-28,12,W164512079,Otxarkoaga-Txurdinaga,1,34,6
2024-03-28,12,W123440604,Uribarri,1,27,8
2024-03-28,12,W163195554,Basurtu-Zorrotza,1,2,6
2024-03-28,12,W376396126,Ibaiondo,1,1,10
2024-03-28,13,W108497734,Ibaiondo,160,160,1
2024-03-28,13,N5056355015,Uribarri,155,155,1
2024-03-28,13,N5056356248,Uribarri,139,139,2
2024-03-28,13,N3207631929,Abando,113,113,1
2024-03-28,13,W404432093,Ibaiondo,72,72,2
2024-03-28,13,N11229807742,Basurtu-Zorrotza,69,69,1
2024-03-28,13,W110895854,Abando,66,71,2
2024-03-28,13,N4762096882,Abando,58,58,3
2024-03-28,13,N5056379164,Abando,52,52,4
2024-03-28,13,N1271964866,Abando,49,74,5
2024-03-28,13,N5056421870,Deusto,45,45,1
2024-03-28,13,N4060532217,Otxarkoaga-Txurdinaga,41,41,1
2024-03-28,13,N9607467466,Basurtu-Zorrotza,40,48,2
2024-03-28,13,W96337695,Abando,40,40,6
2024-03-28,13,N4060532216,Otxarkoaga-Txurdinaga,39,39,2
2024-03-28,13,N4060532227,Uribarri,37,126,3
2024-03-28,13,W420558992,Ibaiondo,37,39,3
2024-03-28,13,N5056183351,Errekalde,37,37,1
2024-03-28,13,N9607363904,Uribarri,37,37,4
2024-03-28,13,N5056328910,Begona,36,36,1
2024-03-28,13,N4254043797,Deusto,31,31,2
2024-03-28,13,N11229801356,Ibaiondo,30,36,4
2024-03-28,13,N5056184623,Errekalde,29,31,2
2024-03-28,13,N5056353256,Uribarri,23,30,5
2024-03-28,13,W375390416,Ibaiondo,23,28,5
2024-03-28,13,W163196945,Basurtu-Zorrotza,23,23,3
2024-03-28,13,W397099000,Ibaiondo,23,23,6
2024-03-28,13,N9607391207,Begona,22,22,2
2024-03-28,13,W28211432,Abando,20,43,7
2024-03-28,13,N9607455457,Errekalde,20,20,3
2024-03-28,13,W108504682,Abando,19,97,8
2024-03-28,13,N4060532220,Otxarkoaga-Txurdinaga,17,19,3
2024-03-28,13,N10308519810,Deusto,17,17,3
2024-03-28,13,W248634544,Uribarri,16,21,6
2024-03-28,13,W485363913,Ibaiondo,15,60,7
2024-03-28,13,N5056437799,Deusto,15,24,4
2024-03-28,13,W235157481,Otxarkoaga-Txurdinaga,14,36,4
2024-03-28,13,W111740255,Errekalde,14,28,4
2024-03-28,13,N5056088727,Ibaiondo,12,52,8
2024-03-28,13,N4731925117,Abando,11,22,9
2024-03-28,13,W171882527,Abando,8,12,10
2024-03-28,13,N518227646,Abando,7,20,11
2024-03-28,13,W41688628,Abando,6,25,12
2024-03-28,13,W290069950,Deusto,6,9,5
2024-03-28,13,N5301954699,Basurtu-Zorrotza,6,6,4
2024-03-28,13,W41415573,Errekalde,6,6,5
2024-03-28,13,W162445376,Uribarri,5,5,7
2024-03-28,13,W185205681,Deusto,5,5,6
2024-03-28,13,W164510985,Otxarkoaga-Txurdinaga,3,41,5
2024-03-28,13,W185205688,Deusto,3,19,7
2024-03-28,13,W632988668,Basurtu-Zorrotza,3,3,5
2024-03-28,13,W44016098,Abando,2,78,13
2024-03-28,13,N4761972760,Abando,2,54,14
2024-03-28,13,W305622069,Begona,2,2,3
2024-03-28,13,W164512079,Otxarkoaga-Txurdinaga,1,34,6
2024-03-28,13,W123440604,Uribarri,1,27,8
2024-03-28,13,W163195554,Basurtu-Zorrotza,1,2,6
2024-03-28,13,W376396126,Ibaiondo,1,1,9
2024-03-28,14,W108497734,Ibaiondo,160,160,1
2024-03-28,14,N5056355015,Uribarri,155,155,1
2024-03-28,14,N5056356248,Uribarri,139,139,2
2024-03-28,14,N3207631929,Abando,113,113,1
2024-03-28,14,W404432093,Ibaiondo,72,72,2
2024-03-28,14,N11229807742,Basurtu-Zorrotza,69,69,1
2024-03-28,14,W110895854,Abando,66,71,2
2024-03-28,14,N4762096882,Abando,58,58,3
2024-03-28,14,N5056379164,Abando,52,52,4
2024-03-28,14,N1271964866,Abando,49,74,5
2024-03-28,14,N5056421870,Deusto,45,45,1
2024-03-28,14,N4060532217,Otxarkoaga-Txurdinaga,41,41,1
2024-03-28,14,N9607467466,Basurtu-Zorrotza,40,48,2
2024-03-28,14,W96337695,Abando,40,40,6
2024-03-28,14,N4060532216,Otxarkoaga-Txurdinaga,39,39,2
2024-03-28,14,N4060532227,Uribarri,37,126,3
2024-03-28,14,W420558992,Ibaiondo,37,39,3
2024-03-28,14,N5056183351,Errekalde,37,37,1
2024-03-28,14,N9607363904,Uribarri,37,37,4
2024-03-28,14,N5056328910,Begona,36,36,1
2024-03-28,14,N4254043797,Deusto,31,31,2
2024-03-28,14,N11229801356,Ibaiondo,30,36,4
2024-03-28,14,N5056184623,Errekalde,29,31,2
2024-03-28,14,N5056353256,Uribarri,23,30,5
2024-03-28,14,W375390416,Ibaiondo,23,28,5
2024-03-28,14,W397099000,Ibaiondo,23,23,6
2024-03-28,14,N9607391207,Begona,22,22,2
2024-03-28,14,W28211432,Abando,20,43,7
2024-03-28,14,N9607455457,Errekalde,20,20,3
2024-03-28,14,W108504682,Abando,19,97,8
2024-03-28,14,N4060532220,Otxarkoaga-Txurdinaga,17,19,3
2024-03-28,14,N10308519810,Deusto,17,17,3
2024-03-28,14,W248634544,Uribarri,16,21,6
2024-03-28,14,W485363913,Ibaiondo,15,60,7
2024-03-28,14,N5056437799,Deusto,15,24,4
2024-03-28,14,W235157481,Otxarkoaga-Txurdinaga,14,36,4
2024-03-28,14,W111740255,Errekalde,14,28,4
2024-03-28,14,N5056088727,Ibaiondo,12,52,8
2024-03-28,14,N4731925117,Abando,11,22,9
2024-03-28,14,W171882527,Abando,8,12,10
2024-03-28,14,N518227646,Abando,7,20,11
2024-03-28,14,W41688628,Abando,6,25,12
2024-03-28,14,W290069950,Deusto,6,9,5
2024-03-28,14,N5301954699,Basurtu-Zorrotza,6,6,3
2024-03-28,14,W41415573,Errekalde,6,6,5
2024-03-28,14,W162445376,Uribarri,5,5,7
2024-03-28,14,W185205681,Deusto,5,5,6
2024-03-28,14,W164510985,Otxarkoaga-Txurdinaga,3,41,5
2024-03-28,14,W185205688,Deusto,3,19,7
2024-03-28,14,W632988668,Basurtu-Zorrotza,3,3,4
2024-03-28,14,W44016098,Abando,2,78,13
2024-03-28,14,N4761972760,Abando,2,54,14
2024-03-28,14,W305622069,Begona,2,2,3
2024-03-28,14,W164512079,Otxarkoaga-Txurdinaga,1,34,6
2024-03-28,14,W123440604,Uribarri,1,27,8
2024-03-28,14,W163195554,Basurtu-Zorrotza,1,2,5
2024-03-28,14,W376396126,Ibaiondo,1,1,9
2024-03-28,15,W108497734,Ibaiondo,160,160,1
2024-03-28,15,W48045715,Uribarri,155,155,1
2024-03-28,15,W108504682,Abando,97,97,1
2024-03-28,15,W404432093,Ibaiondo,72,72,2
2024-03-28,15,W110895854,Abando,69,71,2
2024-03-28,15,N11229807742,Basurtu-Zorrotza,69,69,1
2024-03-28,15,N4508853267,Uribarri,68,68,2
2024-03-28,15,N4761972760,Abando,54,54,3
2024-03-28,15,N5056379164,Abando,52,52,4
2024-03-28,15,N4060532227,Uribarri,47,126,3
2024-03-28,15,N5056421870,Deusto,45,45,1
2024-03-28,15,W28211432,Abando,43,43,5
2024-03-28,15,N4060532217,Otxarkoaga-Txurdinaga,41,41,1
2024-03-28,15,N9607467466,Basurtu-Zorrotza,40,48,2
2024-03-28,15,N4060532216,Otxarkoaga-Txurdinaga,39,39,2
2024-03-28,15,W96337695,Abando,38,40,6
2024-03-28,15,W420558992,Ibaiondo,37,39,3
2024-03-28,15,N5056183351,Errekalde,37,37,1
2024-03-28,15,N9607363904,Uribarri,37,37,4
2024-03-28,15,N5056328910,Begona,36,36,1
2024-03-28,15,N11229801356,Ibaiondo,30,36,4
2024-03-28,15,N5056353256,Uribarri,23,30,5
2024-03-28,15,W375390416,Ibaiondo,23,28,5
2024-03-28,15,W397099000,Ibaiondo,23,23,6
2024-03-28,15,N9607391207,Begona,22,22,2
2024-03-28,15,W44016098,Abando,21,78,7
2024-03-28,15,W111740255,Errekalde,20,28,2
2024-03-28,15,N9607455457,Errekalde,20,20,3
2024-03-28,15,W185205688,Deusto,19,19,2
2024-03-28,15,N4060532220,Otxarkoaga-Txurdinaga,17,19,3
2024-03-28,15,W485363913,Ibaiondo,15,60,7
2024-03-28,15,N4731925117,Abando,15,22,8
2024-03-28,15,W235157481,Otxarkoaga-Txurdinaga,14,36,4
2024-03-28,15,N5056088727,Ibaiondo,12,52,8
2024-03-28,15,W290069950,Deusto,9,9,3
2024-03-28,15,W171882527,Abando,8,12,9
2024-03-28,15,N518227646,Abando,6,20,10
2024-03-28,15,N5301954699,Basurtu-Zorrotza,6,6,3
2024-03-28,15,W41415573,Errekalde,6,6,4
2024-03-28,15,W162445376,Uribarri,5,5,6
2024-03-28,15,W185205681,Deusto,5,5,4
2024-03-28,15,W632988668,Basurtu-Zorrotza,3,3,4
2024-03-28,15,W305622069,Begona,2,2,3
2024-03-28,15,W164512079,Otxarkoaga-Txurdinaga,1,34,5
2024-03-28,15,W123440604,Uribarri,1,27,7
2024-03-28,15,W163195554,Basurtu-Zorrotza,1,2,5
2024-03-28,15,W376396126,Ibaiondo,1,1,9
2024-03-28,16,W108497734,Ibaiondo,160,160,1
2024-03-28,16,W48045715,Uribarri,155,155,1
2024-03-28,16,N3207631929,Abando,113,113,1
2024-03-28,16,W404432093,Ibaiondo,72,72,2
2024-03-28,16,N11229807742,Basurtu-Zorrotza,69,69,1
2024-03-28,16,N4508853267,Uribarri,68,68,2
2024-03-28,16,W110895854,Abando,66,71,2
2024-03-28,16,N4761972760,Abando,54,54,3
2024-03-28,16,W301165234,Errekalde,53,53,1
2024-03-28,16,N5056379164,Abando,52,52,4
2024-03-28,16,N4060532227,Uribarri,47,126,3
2024-03-28,16,N5056421870,Deusto,45,45,1
2024-03-28,16,N5056200430,Basurtu-Zorrotza,43,43,2
2024-03-28,16,W28211432,Abando,43,43,5
2024-03-28,16,N4060532217,Otxarkoaga-Txurdinaga,41,41,1
2024-03-28,16,N9607467466,Basurtu-Zorrotza,40,48,3
2024-03-28,16,W96337695,Abando,40,40,6
2024-03-28,16,N4060532216,Otxarkoaga-Txurdinaga,39,39,2
2024-03-28,16,W420558992,Ibaiondo,37,39,3
2024-03-28,16,N5056183351,Errekalde,37,37,2
2024-03-28,16,N9607363904,Uribarri,37,37,4
2024-03-28,16,N5056328910,Begona,36,36,1
2024-03-28,16,N11229801356,Ibaiondo,30,36,4
2024-03-28,16,N5056353256,Uribarri,23,30,5
2024-03-28,16,W375390416,Ibaiondo,23,28,5
2024-03-28,16,W397099000,Ibaiondo,23,23,6
2024-03-28,16,N9607391207,Begona,22,22,2
2024-03-28,16,W111740255,Errekalde,20,28,3
2024-03-28,16,N9607455457,Errekalde,20,20,4
2024-03-28,16,W108504682,Abando,19,97,7
2024-03-28,16,W185205688,Deusto,19,19,2
2024-03-28,16,N4060532220,Otxarkoaga-Txurdinaga,17,19,3
2024-03-28,16,W485363913,Ibaiondo,15,60,7
2024-03-28,16,N4731925117,Abando,15,22,8
2024-03-28,16,W235157481,Otxarkoaga-Txurdinaga,14,36,4
2024-03-28,16,N5056088727,Ibaiondo,12,52,8
2024-03-28,16,W290069950,Deusto,9,9,3
2024-03-28,16,W171882527,Abando,8,12,9
2024-03-28,16,N518227646,Abando,6,20,10
2024-03-28,16,N5301954699,Basurtu-Zorrotza,6,6,4
2024-03-28,16,W41415573,Errekalde,6,6,5
2024-03-28,16,W162445376,Uribarri,5,5,6
2024-03-28,16,W185205681,Deusto,5,5,4
2024-03-28,16,W632988668,Basurtu-Zorrotza,3,3,5
2024-03-28,16,W44016098,Abando,2,78,11
2024-03-28,16,W305622069,Begona,2,2,3
2024-03-28,16,W164512079,Otxarkoaga-Txurdinaga,1,34,5
2024-03-28,16,W123440604,Uribarri,1,27,7
2024-03-28,16,W163195554,Basurtu-Zorrotza,1,2,6
2024-03-28,16,W376396126,Ibaiondo,1,1,9
2024-03-28,17,W108497734,Ibaiondo,160,160,1
2024-03-28,17,N5056355015,Uribarri,155,155,1
2024-03-28,17,N5056356248,Uribarri,139,139,2
2024-03-28,17,N3207631929,Abando,113,113,1
2024-03-28,17,W404432093,Ibaiondo,72,72,2
2024-03-28,17,N11229807742,Basurtu-Zorrotza,69,69,1
2024-03-28,17,W110895854,Abando,66,71,2
2024-03-28,17,W301165234,Errekalde,53,53,1
2024-03-28,17,N5056379164,Abando,52,52,3
2024-03-28,17,N5056421870,Deusto,45,45,1
2024-03-28,17,N5056200430,Basurtu-Zorrotza,43,43,2
2024-03-28,17,W28211432,Abando,43,43,4
2024-03-28,17,N4060532217,Otxarkoaga-Txurdinaga,41,41,1
2024-03-28,17,N9607467466,Basurtu-Zorrotza,40,48,3
2024-03-28,17,W96337695,Abando,40,40,5
2024-03-28,17,N4060532216,Otxarkoaga-Txurdinaga,39,39,2
2024-03-28,17,N4060532227,Uribarri,37,126,3
2024-03-28,17,W420558992,Ibaiondo,37,39,3
2024-03-28,17,N5056183351,Errekalde,37,37,2
2024-03-28,17,N9607363904,Uribarri,37,37,4
2024-03-28,17,N5056328910,Begona,36,36,1
2024-03-28,17,N4254043797,Deusto,31,31,2
2024-03-28,17,N11229801356,Ibaiondo,30,36,4
2024-03-28,17,N5056184623,Errekalde,29,31,3
2024-03-28,17,N5056353256,Uribarri,23,30,5
2024-03-28,17,W375390416,Ibaiondo,23,28,5
2024-03-28,17,W397099000,Ibaiondo,23,23,6
2024-03-28,17,N9607391207,Begona,22,22,2
2024-03-28,17,N518227646,Abando,20,20,6
2024-03-28,17,N9607455457,Errekalde,20,20,4
2024-03-28,17,W108504682,Abando,19,97,7
2024-03-28,17,N4060532220,Otxarkoaga-Txurdinaga,17,19,3
2024-03-28,17,W485363913,Ibaiondo,15,60,7
2024-03-28,17,N4731925117,Abando,15,22,8
2024-03-28,17,W235157481,Otxarkoaga-Txurdinaga,14,36,4
2024-03-28,17,W111740255,Errekalde,14,28,5
2024-03-28,17,N5056088727,Ibaiondo,12,52,8
2024-03-28,17,W290069950,Deusto,9,9,3
2024-03-28,17,W171882527,Abando,8,12,9
2024-03-28,17,W185205688,Deusto,7,19,4
2024-03-28,17,N5301954699,Basurtu-Zorrotza,6,6,4
2024-03-28,17,W41415573,Errekalde,6,6,6
2024-03-28,17,N4508853267,Uribarri,5,68,6
2024-03-28,17,W162445376,Uribarri,5,5,7
2024-03-28,17,W185205681,Deusto,5,5,5
2024-03-28,17,W164510985,Otxarkoaga-Txurdinaga,3,41,5
2024-03-28,17,W632988668,Basurtu-Zorrotza,3,3,5
2024-03-28,17,W44016098,Abando,2,78,10
2024-03-28,17,W305622069,Begona,2,2,3
2024-03-28,17,W164512079,Otxarkoaga-Txurdinaga,1,34,6
2024-03-28,17,W123440604,Uribarri,1,27,8
2024-03-28,17,W163195554,Basurtu-Zorrotza,1,2,6
2024-03-28,17,W376396126,Ibaiondo,1,1,9
2024-03-28,18,W108497734,Ibaiondo,160,160,1
2024-03-28,18,W48045715,Uribarri,155,155,1
2024-03-28,18,N5056356248,Uribarri,139,139,2
2024-03-28,18,N3207631929,Abando,113,113,1
2024-03-28,18,W404432093,Ibaiondo,72,72,2
2024-03-28,18,N11229807742,Basurtu-Zorrotza,69,69,1
2024-03-28,18,N4762096882,Abando,58,58,2
2024-03-28,18,W301165234,Errekalde,53,53,1
2024-03-28,18,N5056379164,Abando,52,52,3
2024-03-28,18,W28776478,Abando,50,79,4
2024-03-28,18,N1271964866,Abando,49,74,5
2024-03-28,18,N5056421870,Deusto,45,45,1
2024-03-28,18,N5056200430,Basurtu-Zorrotza,43,43,2
2024-03-28,18,W164510985,Otxarkoaga-Txurdinaga,41,41,1
2024-03-28,18,N9607467466,Basurtu-Zorrotza,40,48,3
2024-03-28,18,W96337695,Abando,40,40,6
2024-03-28,18,N4060532216,Otxarkoaga-Txurdinaga,39,39,2
2024-03-28,18,N4060532227,Uribarri,37,126,3
2024-03-28,18,W420558992,Ibaiondo,37,39,3
2024-03-28,18,N5056183351,Errekalde,37,37,2
2024-03-28,18,N9607363904,Uribarri,37,37,4
2024-03-28,18,N5056328910,Begona,36,36,1
2024-03-28,18,N4254043797,Deusto,31,31,2
2024-03-28,18,N11229801356,Ibaiondo,30,36,4
2024-03-28,18,N5056184623,Errekalde,29,31,3
2024-03-28,18,N5056353256,Uribarri,23,30,5
2024-03-28,18,W375390416,Ibaiondo,23,28,5
2024-03-28,18,W163196945,Basurtu-Zorrotza,23,23,4
2024-03-28,18,W397099000,Ibaiondo,23,23,6
2024-03-28,18,N9607391207,Begona,22,22,2
2024-03-28,18,W28211432,Abando,20,43,7
2024-03-28,18,N9607455457,Errekalde,20,20,4
2024-03-28,18,N4060532220,Otxarkoaga-Txurdinaga,16,19,3
2024-03-28,18,W108504682,Abando,15,97,8
2024-03-28,18,W485363913,Ibaiondo,15,60,7
2024-03-28,18,W235157481,Otxarkoaga-Txurdinaga,14,36,4
2024-03-28,18,W111740255,Errekalde,14,28,5
2024-03-28,18,N5056088727,Ibaiondo,12,52,8
2024-03-28,18,N4731925117,Abando,11,22,9
2024-03-28,18,W44113519,Abando,9,34,10
2024-03-28,18,W290069950,Deusto,9,9,3
2024-03-28,18,W171882527,Abando,8,12,11
2024-03-28,18,N518227646,Abando,7,20,12
2024-03-28,18,W185205688,Deusto,7,19,4
2024-03-28,18,N5301954699,Basurtu-Zorrotza,6,6,5
2024-03-28,18,W41415573,Errekalde,6,6,6
2024-03-28,18,N4508853267,Uribarri,5,68,6
2024-03-28,18,W162445376,Uribarri,5,5,7
2024-03-28,18,W185205681,Deusto,5,5,5
2024-03-28,18,N4060532217,Otxarkoaga-Txurdinaga,4,41,5
2024-03-28,18,W41525574,Ibaiondo,3,114,9
2024-03-28,18,W632988668,Basurtu-Zorrotza,3,3,6
2024-03-28,18,W305622069,Begona,2,2,3
2024-03-28,18,W164512079,Otxarkoaga-Txurdinaga,1,34,6
2024-03-28,18,W123440604,Uribarri,1,27,8
2024-03-28,18,W163195554,Basurtu-Zorrotza,1,2,7
2024-03-28,18,W376396126,Ibaiondo,1,1,10
2024-03-28,19,W108497734,Ibaiondo,160,160,1
2024-03-28,19,W48045715,Uribarri,155,155,1
2024-03-28,19,N5056356248,Uribarri,139,139,2
2024-03-28,19,N3207631929,Abando,113,113,1
2024-03-28,19,W404432093,Ibaiondo,72,72,2
2024-03-28,19,N11229807742,Basurtu-Zorrotza,69,69,1
2024-03-28,19,N4762096882,Abando,58,58,2
2024-03-28,19,W301165234,Errekalde,53,53,1
2024-03-28,19,N5056379164,Abando,52,52,3
2024-03-28,19,W28776478,Abando,50,79,4
2024-03-28,19,N1271964866,Abando,49,74,5
2024-03-28,19,N5056421870,Deusto,45,45,1
2024-03-28,19,N5056200430,Basurtu-Zorrotza,43,43,2
2024-03-28,19,W164510985,Otxarkoaga-Txurdinaga,41,41,1
2024-03-28,19,N9607467466,Basurtu-Zorrotza,40,48,3
2024-03-28,19,W96337695,Abando,40,40,6
2024-03-28,19,N4060532216,Otxarkoaga-Txurdinaga,39,39,2
2024-03-28,19,N4060532227,Uribarri,37,126,3
2024-03-28,19,W420558992,Ibaiondo,37,39,3
2024-03-28,19,N5056183351,Errekalde,37,37,2
2024-03-28,19,N9607363904,Uribarri,37,37,4
2024-03-28,19,N5056328910,Begona,36,36,1
2024-03-28,19,N4254043797,Deusto,31,31,2
2024-03-28,19,N11229801356,Ibaiondo,30,36,4
2024-03-28,19,N5056184623,Errekalde,29,31,3
2024-03-28,19,N5056353256,Uribarri,23,30,5
2024-03-28,19,W375390416,Ibaiondo,23,28,5
2024-03-28,19,W163196945,Basurtu-Zorrotza,23,23,4
2024-03-28,19,W397099000,Ibaiondo,23,23,6
2024-03-28,19,N9607391207,Begona,22,22,2
2024-03-28,19,W28211432,Abando,20,43,7
2024-03-28,19,N9607455457,Errekalde,20,20,4
2024-03-28,19,N4060532220,Otxarkoaga-Txurdinaga,16,19,3
2024-03-28,19,W108504682,Abando,15,97,8
2024-03-28,19,W485363913,Ibaiondo,15,60,7
2024-03-28,19,W235157481,Otxarkoaga-Txurdinaga,14,36,4
2024-03-28,19,W111740255,Errekalde,14,28,5
2024-03-28,19,N5056088727,Ibaiondo,12,52,8
2024-03-28,19,N4731925117,Abando,11,22,9
2024-03-28,19,W44113519,Abando,9,34,10
2024-03-28,19,W290069950,Deusto,9,9,3
2024-03-28,19,W171882527,Abando,8,12,11
2024-03-28,19,N518227646,Abando,7,20,12
2024-03-28,19,W185205688,Deusto,7,19,4
2024-03-28,19,N5301954699,Basurtu-Zorrotza,6,6,5
2024-03-28,19,W41415573,Errekalde,6,6,6
2024-03-28,19,N4508853267,Uribarri,5,68,6
2024-03-28,19,W162445376,Uribarri,5,5,7
2024-03-28,19,W185205681,Deusto,5,5,5
2024-03-28,19,N4060532217,Otxarkoaga-Txurdinaga,4,41,5
2024-03-28,19,W41525574,Ibaiondo,3,114,9
2024-03-28,19,W632988668,Basurtu-Zorrotza,3,3,6
2024-03-28,19,W305622069,Begona,2,2,3
2024-03-28,19,W164512079,Otxarkoaga-Txurdinaga,1,34,6
2024-03-28,19,W123440604,Uribarri,1,27,8
2024-03-28,19,W163195554,Basurtu-Zorrotza,1,2,7
2024-03-28,19,W376396126,Ibaiondo,1,1,10
2024-03-28,20,W108497734,Ibaiondo,160,160,1
2024-03-28,20,W48045715,Uribarri,155,155,1
2024-03-28,20,N5056356248,Uribarri,139,139,2
2024-03-28,20,N3207631929,Abando,113,113,1
2024-03-28,20,W404432093,Ibaiondo,72,72,2
2024-03-28,20,N11229807742,Basurtu-Zorrotza,69,69,1
2024-03-28,20,N4762096882,Abando,58,58,2
2024-03-28,20,W301165234,Errekalde,53,53,1
2024-03-28,20,N5056379164,Abando,52,52,3
2024-03-28,20,W28776478,Abando,50,79,4
2024-03-28,20,N1271964866,Abando,49,74,5
2024-03-28,20,N5056421870,Deusto,45,45,1
2024-03-28,20,N5056200430,Basurtu-Zorrotza,43,43,2
2024-03-28,20,N4060532217,Otxarkoaga-Txurdinaga,41,41,1
2024-03-28,20,N9607467466,Basurtu-Zorrotza,40,48,3
2024-03-28,20,W96337695,Abando,40,40,6
2024-03-28,20,N4060532216,Otxarkoaga-Txurdinaga,39,39,2
2024-03-28,20,N4060532227,Uribarri,37,126,3
2024-03-28,20,W420558992,Ibaiondo,37,39,3
2024-03-28,20,N5056183351,Errekalde,37,37,2
2024-03-28,20,N9607363904,Uribarri,37,37,4
2024-03-28,20,N5056328910,Begona,36,36,1
2024-03-28,20,N4254043797,Deusto,31,31,2
2024-03-28,20,N11229801356,Ibaiondo,30,36,4
2024-03-28,20,N5056184623,Errekalde,29,31,3
2024-03-28,20,N5056353256,Uribarri,23,30,5
2024-03-28,20,W375390416,Ibaiondo,23,28,5
2024-03-28,20,W397099000,Ibaiondo,23,23,6
2024-03-28,20,N9607391207,Begona,22,22,2
2024-03-28,20,W28211432,Abando,20,43,7
2024-03-28,20,N9607455457,Errekalde,20,20,4
2024-03-28,20,N4060532220,Otxarkoaga-Txurdinaga,17,19,3
2024-03-28,20,W108504682,Abando,15,97,8
2024-03-28,20,W485363913,Ibaiondo,15,60,7
2024-03-28,20,W235157481,Otxarkoaga-Txurdinaga,14,36,4
2024-03-28,20,W111740255,Errekalde,14,28,5
2024-03-28,20,N5056088727,Ibaiondo,12,52,8
2024-03-28,20,N4731925117,Abando,11,22,9
2024-03-28,20,W44113519,Abando,9,34,10
2024-03-28,20,W290069950,Deusto,9,9,3
2024-03-28,20,W171882527,Abando,8,12,11
2024-03-28,20,W185205688,Deusto,7,19,4
2024-03-28,20,N5301954699,Basurtu-Zorrotza,6,6,4
2024-03-28,20,W41415573,Errekalde,6,6,6
2024-03-28,20,N4508853267,Uribarri,5,68,6
2024-03-28,20,W162445376,Uribarri,5,5,7
2024-03-28,20,W185205681,Deusto,5,5,5
2024-03-28,20,W632988668,Basurtu-Zorrotza,3,3,5
2024-03-28,20,W305622069,Begona,2,2,3
2024-03-28,20,W164512079,Otxarkoaga-Txurdinaga,1,34,5
2024-03-28,20,W123440604,Uribarri,1,27,8
2024-03-28,20,W163195554,Basurtu-Zorrotza,1,2,6
2024-03-28,20,W376396126,Ibaiondo,1,1,9
2024-03-28,21,W48045715,Uribarri,155,155,1
2024-03-28,21,W28776478,Abando,79,79,1
2024-03-28,21,N11229807742,Basurtu-Zorrotza,69,69,1
2024-03-28,21,N4508853267,Uribarri,68,68,2
2024-03-28,21,W485363913,Ibaiondo,60,60,1
2024-03-28,21,W301165234,Errekalde,53,53,1
2024-03-28,21,N5056088727,Ibaiondo,52,52,2
2024-03-28,21,N5056379164,Abando,52,52,2
2024-03-28,21,N4060532227,Uribarri,47,126,3
2024-03-28,21,N5056421870,Deusto,45,45,1
2024-03-28,21,N5056200430,Basurtu-Zorrotza,43,43,2
2024-03-28,21,N4060532217,Otxarkoaga-Txurdinaga,41,41,1
2024-03-28,21,N9607467466,Basurtu-Zorrotza,40,48,3
2024-03-28,21,W96337695,Abando,40,40,3
2024-03-28,21,N4060532216,Otxarkoaga-Txurdinaga,39,39,2
2024-03-28,21,W420558992,Ibaiondo,39,39,3
2024-03-28,21,N5056183351,Errekalde,37,37,2
2024-03-28,21,N9607363904,Uribarri,37,37,4
2024-03-28,21,N5056328910,Begona,36,36,1
2024-03-28,21,N11229801356,Ibaiondo,33,36,4
2024-03-28,21,W44016098,Abando,25,78,4
2024-03-28,21,N5056353256,Uribarri,23,30,5
2024-03-28,21,W397099000,Ibaiondo,23,23,5
2024-03-28,21,N4731925117,Abando,22,22,5
2024-03-28,21,N9607391207,Begona,22,22,2
2024-03-28,21,W111740255,Errekalde,20,28,3
2024-03-28,21,W375390416,Ibaiondo,20,28,6
2024-03-28,21,N9607455457,Errekalde,20,20,4
2024-03-28,21,W185205688,Deusto,19,19,2
2024-03-28,21,N4060532220,Otxarkoaga-Txurdinaga,17,19,3
2024-03-28,21,W235157481,Otxarkoaga-Txurdinaga,14,36,4
2024-03-28,21,W171882527,Abando,12,12,6
2024-03-28,21,W44113519,Abando,9,34,7
2024-03-28,21,W290069950,Deusto,9,9,3
2024-03-28,21,N5301954699,Basurtu-Zorrotza,6,6,4
2024-03-28,21,W41415573,Errekalde,6,6,5
2024-03-28,21,W162445376,Uribarri,5,5,6
2024-03-28,21,W185205681,Deusto,5,5,4
2024-03-28,21,W632988668,Basurtu-Zorrotza,3,3,5
2024-03-28,21,W305622069,Begona,2,2,3
2024-03-28,21,W164512079,Otxarkoaga-Txurdinaga,1,34,5
2024-03-28,21,W123440604,Uribarri,1,27,7
2024-03-28,21,W163195554,Basurtu-Zorrotza,1,2,6
2024-03-28,21,W376396126,Ibaiondo,1,1,7
2024-03-28,22,N4060532227,Uribarri,126,126,1
2024-03-28,22,W28776478,Abando,79,79,1
2024-03-28,22,N4508853267,Uribarri,68,68,2
2024-03-28,22,W485363913,Ibaiondo,60,60,1
2024-03-28,22,N5056379164,Abando,52,52,2
2024-03-28,22,N4060532217,Otxarkoaga-Txurdinaga,41,41,1
2024-03-28,22,N4060532216,Otxarkoaga-Txurdinaga,39,39,2
2024-03-28,22,N5056353256,Uribarri,30,30,3
2024-03-28,22,W397099000,Ibaiondo,23,23,2
2024-03-28,22,W111740255,Errekalde,20,28,1
2024-03-28,22,W123440604,Uribarri,19,27,4
2024-03-28,22,N4060532220,Otxarkoaga-Txurdinaga,17,19,3
2024-03-28,22,W171882527,Abando,12,12,3
2024-03-28,22,W44113519,Abando,9,34,4
2024-03-28,22,W290069950,Deusto,9,9,1
2024-03-28,22,N5301954699,Basurtu-Zorrotza,6,6,1
2024-03-28,22,W151883539,Basurtu-Zorrotza,5,5,2
2024-03-28,22,W162445376,Uribarri,5,5,5
2024-03-28,22,W632988668,Basurtu-Zorrotza,3,3,3
2024-03-28,22,W163195554,Basurtu-Zorrotza,2,2,4
2024-03-28,22,W164512079,Otxarkoaga-Txurdinaga,1,34,4
2024-03-28,23,N4060532227,Uribarri,126,126,1
2024-03-28,23,W28776478,Abando,79,79,1
2024-03-28,23,N4508853267,Uribarri,68,68,2
2024-03-28,23,W485363913,Ibaiondo,60,60,1
2024-03-28,23,N5056379164,Abando,52,52,2
2024-03-28,23,N4060532217,Otxarkoaga-Txurdinaga,41,41,1
2024-03-28,23,N4060532216,Otxarkoaga-Txurdinaga,39,39,2
2024-03-28,23,N5056353256,Uribarri,30,30,3
2024-03-28,23,W111740255,Errekalde,20,28,1
2024-03-28,23,N4060532220,Otxarkoaga-Txurdinaga,17,19,3
2024-03-28,23,W171882527,Abando,12,12,3
2024-03-28,23,W44113519,Abando,9,34,4
2024-03-28,23,N5301954699,Basurtu-Zorrotza,6,6,1
2024-03-28,23,W632988668,Basurtu-Zorrotza,3,3,2
2024-03-28,23,W163195554,Basurtu-Zorrotza,2,2,3
2024-03-29,5,N4060532227,Uribarri,126,126,1
2024-03-29,5,W28776478,Abando,79,79,1
2024-03-29,5,N4508853267,Uribarri,68,68,2
2024-03-29,5,W485363913,Ibaiondo,60,60,1
2024-03-29,5,N4060532217,Otxarkoaga-Txurdinaga,41,41,1
2024-03-29,5,N4060532216,Otxarkoaga-Txurdinaga,39,39,2
2024-03-29,5,N5056353256,Uribarri,30,30,3
2024-03-29,5,N4060532220,Otxarkoaga-Txurdinaga,17,19,3
2024-03-29,5,W163195554,Basurtu-Zorrotza,2,2,1
2024-03-29,6,N4060532227,Uribarri,126,126,1
2024-03-29,6,W28776478,Abando,79,79,1
2024-03-29,6,N4508853267,Uribarri,68,68,2
2024-03-29,6,W485363913,Ibaiondo,60,60,1
2024-03-29,6,N5056379164,Abando,52,52,2
2024-03-29,6,N4060532217,Otxarkoaga-Txurdinaga,41,41,1
2024-03-29,6,N4060532216,Otxarkoaga-Txurdinaga,39,39,2
2024-03-29,6,N5056353256,Uribarri,30,30,3
2024-03-29,6,W111740255,Errekalde,20,28,1
2024-03-29,6,N4060532220,Otxarkoaga-Txurdinaga,17,19,3
2024-03-29,6,W44113519,Abando,9,34,3
2024-03-29,6,N5301954699,Basurtu-Zorrotza,6,6,1
2024-03-29,6,W632988668,Basurtu-Zorrotza,3,3,2
2024-03-29,6,W163195554,Basurtu-Zorrotza,2,2,3
2024-03-29,7,N4060532227,Uribarri,126,126,1
2024-03-29,7,W28776478,Abando,79,79,1
2024-03-29,7,N4508853267,Uribarri,68,68,2
2024-03-29,7,W485363913,Ibaiondo,60,60,1
2024-03-29,7,N5056379164,Abando,52,52,2
2024-03-29,7,N4060532217,Otxarkoaga-Txurdinaga,41,41,1
2024-03-29,7,N4060532216,Otxarkoaga-Txurdinaga,39,39,2
2024-03-29,7,N5056353256,Uribarri,30,30,3
2024-03-29,7,W111740255,Errekalde,20,28,1
2024-03-29,7,N4060532220,Otxarkoaga-Txurdinaga,17,19,3
2024-03-29,7,W44113519,Abando,9,34,3
2024-03-29,7,N5301954699,Basurtu-Zorrotza,6,6,1
2024-03-29,7,W632988668,Basurtu-Zorrotza,3,3,2
2024-03-29,7,W163195554,Basurtu-Zorrotza,2,2,3
2024-03-29,8,N5056355015,Uribarri,155,155,1
2024-03-29,8,N5056356248,Uribarri,139,139,2
2024-03-29,8,W28776478,Abando,79,79,1
2024-03-29,8,W485363913,Ibaiondo,60,60,1
2024-03-29,8,N5056379164,Abando,52,52,2
2024-03-29,8,W164510985,Otxarkoaga-Txurdinaga,41,41,1
2024-03-29,8,N4060532216,Otxarkoaga-Txurdinaga,39,39,2
2024-03-29,8,N4060532227,Uribarri,37,126,3
2024-03-29,8,N4254043797,Deusto,31,31,1
2024-03-29,8,N5056184623,Errekalde,31,31,1
2024-03-29,8,N5056353256,Uribarri,30,30,4
2024-03-29,8,W41688628,Abando,25,25,3
2024-03-29,8,W397099000,Ibaiondo,23,23,2
2024-03-29,8,W123440604,Uribarri,19,27,5
2024-03-29,8,N4060532220,Otxarkoaga-Txurdinaga,16,19,3
2024-03-29,8,N5056437799,Deusto,15,24,2
2024-03-29,8,W111740255,Errekalde,14,28,2
2024-03-29,8,W44113519,Abando,9,34,4
2024-03-29,8,W290069950,Deusto,9,9,3
2024-03-29,8,N5301954699,Basurtu-Zorrotza,6,6,1
2024-03-29,8,W41415573,Errekalde,6,6,3
2024-03-29,8,N4508853267,Uribarri,5,68,6
2024-03-29,8,W151883539,Basurtu-Zorrotza,5,5,2
2024-03-29,8,W162445376,Uribarri,5,5,7
2024-03-29,8,N4060532217,Otxarkoaga-Txurdinaga,4,41,4
2024-03-29,8,W185205688,Deusto,3,19,4
2024-03-29,8,W632988668,Basurtu-Zorrotza,3,3,3
2024-03-29,8,W163195554,Basurtu-Zorrotza,2,2,4
2024-03-29,8,W305622069,Begona,2,2,1
2024-03-29,8,W376396126,Ibaiondo,1,1,3
2024-03-29,9,W108497734,Ibaiondo,160,160,1
2024-03-29,9,N5056355015,Uribarri,155,155,1
2024-03-29,9,N5056356248,Uribarri,139,139,2
2024-03-29,9,W108504682,Abando,97,97,1
2024-03-29,9,W110895854,Abando,69,71,2
2024-03-29,9,N11229807742,Basurtu-Zorrotza,69,69,1
2024-03-29,9,N4761972760,Abando,54,54,3
2024-03-29,9,N5056379164,Abando,52,52,4
2024-03-29,9,N5056421870,Deusto,45,45,1
2024-03-29,9,W164510985,Otxarkoaga-Txurdinaga,41,41,1
2024-03-29,9,N9607467466,Basurtu-Zorrotza,40,48,2
2024-03-29,9,N4060532216,Otxarkoaga-Txurdinaga,39,39,2
2024-03-29,9,W96337695,Abando,38,40,5
2024-03-29,9,N4060532227,Uribarri,37,126,3
2024-03-29,9,W420558992,Ibaiondo,37,39,2
2024-03-29,9,N5056183351,Errekalde,37,37,1
2024-03-29,9,N9607363904,Uribarri,37,37,4
2024-03-29,9,N5056328910,Begona,36,36,1
2024-03-29,9,N11229801356,Ibaiondo,33,36,3
2024-03-29,9,N4254043797,Deusto,31,31,2
2024-03-29,9,N5056088727,Ibaiondo,29,52,4
2024-03-29,9,N5056184623,Errekalde,29,31,2
2024-03-29,9,N5056353256,Uribarri,23,30,5
2024-03-29,9,W397099000,Ibaiondo,23,23,5
2024-03-29,9,N4731925117,Abando,22,22,6
2024-03-29,9,N9607391207,Begona,22,22,2
2024-03-29,9,W375390416,Ibaiondo,20,28,6
2024-03-29,9,N9607455457,Errekalde,20,20,3
2024-03-29,9,N10308519810,Deusto,17,17,3
2024-03-29,9,W248634544,Uribarri,16,21,6
2024-03-29,9,N4060532220,Otxarkoaga-Txurdinaga,16,19,3
2024-03-29,9,W485363913,Ibaiondo,15,60,7
2024-03-29,9,N5056437799,Deusto,15,24,4
2024-03-29,9,W235157481,Otxarkoaga-Txurdinaga,14,36,4
2024-03-29,9,W111740255,Errekalde,14,28,4
2024-03-29,9,W28776478,Abando,10,79,7
2024-03-29,9,W41688628,Abando,10,25,8
2024-03-29,9,W290069950,Deusto,6,9,5
2024-03-29,9,N5301954699,Basurtu-Zorrotza,6,6,3
2024-03-29,9,W41415573,Errekalde,6,6,5
2024-03-29,9,W162445376,Uribarri,5,5,7
2024-03-29,9,W185205681,Deusto,5,5,6
2024-03-29,9,N4060532217,Otxarkoaga-Txurdinaga,4,41,5
2024-03-29,9,W185205688,Deusto,3,19,7
2024-03-29,9,W632988668,Basurtu-Zorrotza,3,3,4
2024-03-29,9,W305622069,Begona,2,2,3
2024-03-29,9,W164512079,Otxarkoaga-Txurdinaga,1,34,6
2024-03-29,9,W123440604,Uribarri,1,27,8
2024-03-29,9,W163195554,Basurtu-Zorrotza,1,2,5
2024-03-29,9,W376396126,Ibaiondo,1,1,8
2024-03-29,10,W108497734,Ibaiondo,160,160,1
2024-03-29,10,N5056355015,Uribarri,155,155,1
2024-03-29,10,N5056356248,Uribarri,139,139,2
2024-03-29,10,W108504682,Abando,97,97,1
2024-03-29,10,W404432093,Ibaiondo,72,72,2
2024-03-29,10,W110895854,Abando,69,71,2
2024-03-29,10,N11229807742,Basurtu-Zorrotza,69,69,1
2024-03-29,10,N1271964866,Abando,59,74,3
2024-03-29,10,N4761972760,Abando,54,54,4
2024-03-29,10,N5056379164,Abando,52,52,5
2024-03-29,10,N5056421870,Deusto,45,45,1
2024-03-29,10,N4060532217,Otxarkoaga-Txurdinaga,41,41,1
2024-03-29,10,N9607467466,Basurtu-Zorrotza,40,48,2
2024-03-29,10,N4060532216,Otxarkoaga-Txurdinaga,39,39,2
2024-03-29,10,W96337695,Abando,38,40,6
2024-03-29,10,N4060532227,Uribarri,37,126,3
2024-03-29,10,W420558992,Ibaiondo,37,39,3
2024-03-29,10,N5056183351,Errekalde,37,37,1
2024-03-29,10,N9607363904,Uribarri,37,37,4
2024-03-29,10,N5056328910,Begona,36,36,1
2024-03-29,10,N4254043797,Deusto,31,31,2
2024-03-29,10,N11229801356,Ibaiondo,30,36,4
2024-03-29,10,N5056184623,Errekalde,29,31,2
2024-03-29,10,N5056353256,Uribarri,23,30,5
2024-03-29,10,W375390416,Ibaiondo,23,28,5
2024-03-29,10,W397099000,Ibaiondo,23,23,6
2024-03-29,10,N9607391207,Begona,22,22,2
2024-03-29,10,W44016098,Abando,21,78,7
2024-03-29,10,W28211432,Abando,20,43,8
2024-03-29,10,N9607455457,Errekalde,20,20,3
2024-03-29,10,N4060532220,Otxarkoaga-Txurdinaga,17,19,3
2024-03-29,10,N10308519810,Deusto,17,17,3
2024-03-29,10,W248634544,Uribarri,16,21,6
2024-03-29,10,W485363913,Ibaiondo,15,60,7
2024-03-29,10,N5056437799,Deusto,15,24,4
2024-03-29,10,W235157481,Otxarkoaga-Txurdinaga,14,36,4
2024-03-29,10,W111740255,Errekalde,14,28,4
2024-03-29,10,N5056088727,Ibaiondo,12,52,8
2024-03-29,10,N4731925117,Abando,11,22,9
2024-03-29,10,W171882527,Abando,8,12,10
2024-03-29,10,W41688628,Abando,7,25,11
2024-03-29,10,W290069950,Deusto,6,9,5
2024-03-29,10,N5301954699,Basurtu-Zorrotza,6,6,3
2024-03-29,10,W41415573,Errekalde,6,6,5
2024-03-29,10,W162445376,Uribarri,5,5,7
2024-03-29,10,W185205681,Deusto,5,5,6
2024-03-29,10,W41525574,Ibaiondo,3,114,9
2024-03-29,10,W164510985,Otxarkoaga-Txurdinaga,3,41,5
2024-03-29,10,W185205688,Deusto,3,19,7
2024-03-29,10,W632988668,Basurtu-Zorrotza,3,3,4
2024-03-29,10,W305622069,Begona,2,2,3
2024-03-29,10,W164512079,Otxarkoaga-Txurdinaga,1,34,6
2024-03-29,10,W123440604,Uribarri,1,27,8
2024-03-29,10,W163195554,Basurtu-Zorrotza,1,2,5
2024-03-29,10,W376396126,Ibaiondo,1,1,10
2024-03-29,11,W108497734,Ibaiondo,160,160,1
2024-03-29,11,N5056355015,Uribarri,155,155,1
2024-03-29,11,N5056356248,Uribarri,139,139,2
2024-03-29,11,N3207631929,Abando,113,113,1
2024-03-29,11,W404432093,Ibaiondo,72,72,2
2024-03-29,11,N11229807742,Basurtu-Zorrotza,69,69,1
2024-03-29,11,W110895854,Abando,66,71,2
2024-03-29,11,N4762096882,Abando,58,58,3
2024-03-29,11,N5056379164,Abando,52,52,4
2024-03-29,11,N1271964866,Abando,49,74,5
2024-03-29,11,N5056421870,Deusto,45,45,1
2024-03-29,11,N4060532217,Otxarkoaga-Txurdinaga,41,41,1
2024-03-29,11,N9607467466,Basurtu-Zorrotza,40,48,2
2024-03-29,11,W96337695,Abando,40,40,6
2024-03-29,11,N4060532216,Otxarkoaga-Txurdinaga,39,39,2
2024-03-29,11,N4060532227,Uribarri,37,126,3
2024-03-29,11,W420558992,Ibaiondo,37,39,3
2024-03-29,11,N5056183351,Errekalde,37,37,1
2024-03-29,11,N9607363904,Uribarri,37,37,4
2024-03-29,11,N5056328910,Begona,36,36,1
2024-03-29,11,N4254043797,Deusto,31,31,2
2024-03-29,11,N11229801356,Ibaiondo,30,36,4
2024-03-29,11,N5056184623,Errekalde,29,31,2
2024-03-29,11,N5056353256,Uribarri,23,30,5
2024-03-29,11,W375390416,Ibaiondo,23,28,5
2024-03-29,11,W163196945,Basurtu-Zorrotza,23,23,3
2024-03-29,11,W397099000,Ibaiondo,23,23,6
2024-03-29,11,N9607391207,Begona,22,22,2
2024-03-29,11,W28211432,Abando,20,43,7
2024-03-29,11,N9607455457,Errekalde,20,20,3
2024-03-29,11,W108504682,Abando,19,97,8
2024-03-29,11,N4060532220,Otxarkoaga-Txurdinaga,17,19,3
2024-03-29,11,N10308519810,Deusto,17,17,3
2024-03-29,11,W248634544,Uribarri,16,21,6
2024-03-29,11,W485363913,Ibaiondo,15,60,7
2024-03-29,11,N5056437799,Deusto,15,24,4
2024-03-29,11,W235157481,Otxarkoaga-Txurdinaga,14,36,4
2024-03-29,11,W111740255,Errekalde,14,28,4
2024-03-29,11,N5056088727,Ibaiondo,12,52,8
2024-03-29,11,N4731925117,Abando,11,22,9
2024-03-29,11,W171882527,Abando,8,12,10
2024-03-29,11,N518227646,Abando,7,20,11
2024-03-29,11,W41688628,Abando,6,25,12
2024-03-29,11,W290069950,Deusto,6,9,5
2024-03-29,11,N5301954699,Basurtu-Zorrotza,6,6,4
2024-03-29,11,W41415573,Errekalde,6,6,5
2024-03-29,11,W162445376,Uribarri,5,5,7
2024-03-29,11,W185205681,Deusto,5,5,6
2024-03-29,11,W41525574,Ibaiondo,3,114,9
2024-03-29,11,W164510985,Otxarkoaga-Txurdinaga,3,41,5
2024-03-29,11,W185205688,Deusto,3,19,7
2024-03-29,11,W632988668,Basurtu-Zorrotza,3,3,5
2024-03-29,11,W28776478,Abando,2,79,13
2024-03-29,11,N4761972760,Abando,2,54,14
2024-03-29,11,W305622069,Begona,2,2,3
2024-03-29,11,W164512079,Otxarkoaga-Txurdinaga,1,34,6
2024-03-29,11,W123440604,Uribarri,1,27,8
2024-03-29,11,W163195554,Basurtu-Zorrotza,1,2,6
2024-03-29,11,W376396126,Ibaiondo,1,1,10
2024-03-29,12,W108497734,Ibaiondo,160,160,1
2024-03-29,12,N5056355015,Uribarri,155,155,1
2024-03-29,12,N5056356248,Uribarri,139,139,2
2024-03-29,12,N3207631929,Abando,113,113,1
2024-03-29,12,W404432093,Ibaiondo,72,72,2
2024-03-29,12,N11229807742,Basurtu-Zorrotza,69,69,1
2024-03-29,12,W110895854,Abando,66,71,2
2024-03-29,12,N4762096882,Abando,58,58,3
2024-03-29,12,N5056379164,Abando,52,52,4
2024-03-29,12,N1271964866,Abando,49,74,5
2024-03-29,12,N5056421870,Deusto,45,45,1
2024-03-29,12,N4060532217,Otxarkoaga-Txurdinaga,41,41,1
2024-03-29,12,N9607467466,Basurtu-Zorrotza,40,48,2
2024-03-29,12,W96337695,Abando,40,40,6
2024-03-29,12,N4060532216,Otxarkoaga-Txurdinaga,39,39,2
2024-03-29,12,N4060532227,Uribarri,37,126,3
2024-03-29,12,W420558992,Ibaiondo,37,39,3
2024-03-29,12,N5056183351,Errekalde,37,37,1
2024-03-29,12,N9607363904,Uribarri,37,37,4
2024-03-29,12,N5056328910,Begona,36,36,1
2024-03-29,12,N4254043797,Deusto,31,31,2
2024-03-29,12,N11229801356,Ibaiondo,30,36,4
2024-03-29,12,N5056184623,Errekalde,29,31,2
2024-03-29,12,N5056353256,Uribarri,23,30,5
2024-03-29,12,W375390416,Ibaiondo,23,28,5
2024-03-29,12,W163196945,Basurtu-Zorrotza,23,23,3
2024-03-29,12,W397099000,Ibaiondo,23,23,6
2024-03-29,12,N9607391207,Begona,22,22,2
2024-03-29,12,W28211432,Abando,20,43,7
2024-03-29,12,N9607455457,Errekalde,20,20,3
2024-03-29,12,W108504682,Abando,19,97,8
2024-03-29,12,N4060532220,Otxarkoaga-Txurdinaga,17,19,3
2024-03-29,12,N10308519810,Deusto,17,17,3
2024-03-29,12,W248634544,Uribarri,16,21,6
2024-03-29,12,W485363913,Ibaiondo,15,60,7
2024-03-29,12,N5056437799,Deusto,15,24,4
2024-03-29,12,W235157481,Otxarkoaga-Txurdinaga,14,36,4
2024-03-29,12,W111740255,Errekalde,14,28,4
2024-03-29,12,N5056088727,Ibaiondo,12,52,8
2024-03-29,12,N4731925117,Abando,11,22,9
2024-03-29,12,W171882527,Abando,8,12,10
2024-03-29,12,N518227646,Abando,7,20,11
2024-03-29,12,W41688628,Abando,6,25,12
2024-03-29,12,W290069950,Deusto,6,9,5
2024-03-29,12,N5301954699,Basurtu-Zorrotza,6,6,4
2024-03-29,12,W41415573,Errekalde,6,6,5
2024-03-29,12,W162445376,Uribarri,5,5,7
2024-03-29,12,W185205681,Deusto,5,5,6
2024-03-29,12,W41525574,Ibaiondo,3,114,9
2024-03-29,12,W164510985,Otxarkoaga-Txurdinaga,3,41,5
2024-03-29,12,W185205688,Deusto,3,19,7
2024-03-29,12,W632988668,Basurtu-Zorrotza,3,3,5
2024-03-29,12,W28776478,Abando,2,79,13
2024-03-29,12,N4761972760,Abando,2,54,14
2024-03-29,12,W305622069,Begona,2,2,3
2024-03-29,12,W164512079,Otxarkoaga-Txurdinaga,1,34,6
2024-03-29,12,W123440604,Uribarri,1,27,8
2024-03-29,12,W163195554,Basurtu-Zorrotza,1,2,6
2024-03-29,12,W376396126,Ibaiondo,1,1,10
2024-03-29,13,W108497734,Ibaiondo,160,160,1
2024-03-29,13,N5056355015,Uribarri,155,155,1
2024-03-29,13,N5056356248,Uribarri,139,139,2
2024-03-29,13,N3207631929,Abando,113,113,1
2024-03-29,13,W404432093,Ibaiondo,72,72,2
2024-03-29,13,N11229807742,Basurtu-Zorrotza,69,69,1
2024-03-29,13,W110895854,Abando,66,71,2
2024-03-29,13,N4762096882,Abando,58,58,3
2024-03-29,13,N5056379164,Abando,52,52,4
2024-03-29,13,N1271964866,Abando,49,74,5
2024-03-29,13,N5056421870,Deusto,45,45,1
2024-03-29,13,N4060532217,Otxarkoaga-Txurdinaga,41,41,1
2024-03-29,13,N9607467466,Basurtu-Zorrotza,40,48,2
2024-03-29,13,W96337695,Abando,40,40,6
2024-03-29,13,N4060532216,Otxarkoaga-Txurdinaga,39,39,2
2024-03-29,13,N4060532227,Uribarri,37,126,3
2024-03-29,13,W420558992,Ibaiondo,37,39,3
2024-03-29,13,N5056183351,Errekalde,37,37,1
2024-03-29,13,N9607363904,Uribarri,37,37,4
2024-03-29,13,N5056328910,Begona,36,36,1
2024-03-29,13,N4254043797,Deusto,31,31,2
2024-03-29,13,N11229801356,Ibaiondo,30,36,4
2024-03-29,13,N5056184623,Errekalde,29,31,2
2024-03-29,13,N5056353256,Uribarri,23,30,5
2024-03-29,13,W375390416,Ibaiondo,23,28,5
2024-03-29,13,W163196945,Basurtu-Zorrotza,23,23,3
2024-03-29,13,W397099000,Ibaiondo,23,23,6
2024-03-29,13,N9607391207,Begona,22,22,2
2024-03-29,13,W28211432,Abando,20,43,7
2024-03-29,13,N9607455457,Errekalde,20,20,3
2024-03-29,13,W108504682,Abando,19,97,8
2024-03-29,13,N4060532220,Otxarkoaga-Txurdinaga,17,19,3
2024-03-29,13,N10308519810,Deusto,17,17,3
2024-03-29,13,W248634544,Uribarri,16,21,6
2024-03-29,13,W485363913,Ibaiondo,15,60,7
2024-03-29,13,N5056437799,Deusto,15,24,4
2024-03-29,13,W235157481,Otxarkoaga-Txurdinaga,14,36,4
2024-03-29,13,W111740255,Errekalde,14,28,4
2024-03-29,13,N5056088727,Ibaiondo,12,52,8
2024-03-29,13,N4731925117,Abando,11,22,9
2024-03-29,13,W171882527,Abando,8,12,10
2024-03-29,13,N518227646,Abando,7,20,11
2024-03-29,13,W41688628,Abando,6,25,12
2024-03-29,13,W290069950,Deusto,6,9,5
2024-03-29,13,N5301954699,Basurtu-Zorrotza,6,6,4
2024-03-29,13,W41415573,Errekalde,6,6,5
2024-03-29,13,W162445376,Uribarri,5,5,7
2024-03-29,13,W185205681,Deusto,5,5,6
2024-03-29,13,W164510985,Otxarkoaga-Txurdinaga,3,41,5
2024-03-29,13,W185205688,Deusto,3,19,7
2024-03-29,13,W632988668,Basurtu-Zorrotza,3,3,5
2024-03-29,13,W44016098,Abando,2,78,13
2024-03-29,13,N4761972760,Abando,2,54,14
2024-03-29,13,W305622069,Begona,2,2,3
2024-03-29,13,W164512079,Otxarkoaga-Txurdinaga,1,34,6
2024-03-29,13,W123440604,Uribarri,1,27,8
2024-03-29,13,W163195554,Basurtu-Zorrotza,1,2,6
2024-03-29,13,W376396126,Ibaiondo,1,1,9
2024-03-29,14,W108497734,Ibaiondo,160,160,1
2024-03-29,14,N5056355015,Uribarri,155,155,1
2024-03-29,14,N5056356248,Uribarri,139,139,2
2024-03-29,14,N3207631929,Abando,113,113,1
2024-03-29,14,W404432093,Ibaiondo,72,72,2
2024-03-29,14,N11229807742,Basurtu-Zorrotza,69,69,1
2024-03-29,14,W110895854,Abando,66,71,2
2024-03-29,14,N4762096882,Abando,58,58,3
2024-03-29,14,N5056379164,Abando,52,52,4
2024-03-29,14,N1271964866,Abando,49,74,5
2024-03-29,14,N5056421870,Deusto,45,45,1
2024-03-29,14,N4060532217,Otxarkoaga-Txurdinaga,41,41,1
2024-03-29,14,N9607467466,Basurtu-Zorrotza,40,48,2
2024-03-29,14,W96337695,Abando,40,40,6
2024-03-29,14,N4060532216,Otxarkoaga-Txurdinaga,39,39,2
2024-03-29,14,N4060532227,Uribarri,37,126,3
2024-03-29,14,W420558992,Ibaiondo,37,39,3
2024-03-29,14,N5056183351,Errekalde,37,37,1
2024-03-29,14,N9607363904,Uribarri,37,37,4
2024-03-29,14,N5056328910,Begona,36,36,1
2024-03-29,14,N4254043797,Deusto,31,31,2
2024-03-29,14,N11229801356,Ibaiondo,30,36,4
2024-03-29,14,N5056184623,Errekalde,29,31,2
2024-03-29,14,N5056353256,Uribarri,23,30,5
2024-03-29,14,W375390416,Ibaiondo,23,28,5
2024-03-29,14,W397099000,Ibaiondo,23,23,6
2024-03-29,14,N9607391207,Begona,22,22,2
2024-03-29,14,W28211432,Abando,20,43,7
2024-03-29,14,N9607455457,Errekalde,20,20,3
2024-03-29,14,W108504682,Abando,19,97,8
2024-03-29,14,N4060532220,Otxarkoaga-Txurdinaga,17,19,3
2024-03-29,14,N10308519810,Deusto,17,17,3
2024-03-29,14,W248634544,Uribarri,16,21,6
2024-03-29,14,W485363913,Ibaiondo,15,60,7
2024-03-29,14,N5056437799,Deusto,15,24,4
2024-03-29,14,W235157481,Otxarkoaga-Txurdinaga,14,36,4
2024-03-29,14,W111740255,Errekalde,14,28,4
2024-03-29,14,N5056088727,Ibaiondo,12,52,8
2024-03-29,14,N4731925117,Abando,11,22,9
2024-03-29,14,W171882527,Abando,8,12,10
2024-03-29,14,N518227646,Abando,7,20,11
2024-03-29,14,W41688628,Abando,6,25,12
2024-03-29,14,W290069950,Deusto,6,9,5
2024-03-29,14,N5301954699,Basurtu-Zorrotza,6,6,3
2024-03-29,14,W41415573,Errekalde,6,6,5
2024-03-29,14,W162445376,Uribarri,5,5,7
2024-03-29,14,W185205681,Deusto,5,5,6
2024-03-29,14,W164510985,Otxarkoaga-Txurdinaga,3,41,5
2024-03-29,14,W185205688,Deusto,3,19,7
2024-03-29,14,W632988668,Basurtu-Zorrotza,3,3,4
2024-03-29,14,W44016098,Abando,2,78,13
2024-03-29,14,N4761972760,Abando,2,54,14
2024-03-29,14,W305622069,Begona,2,2,3
2024-03-29,14,W164512079,Otxarkoaga-Txurdinaga,1,34,6
2024-03-29,14,W123440604,Uribarri,1,27,8
2024-03-29,14,W163195554,Basurtu-Zorrotza,1,2,5
2024-03-29,14,W376396126,Ibaiondo,1,1,9
2024-03-29,15,W108497734,Ibaiondo,160,160,1
2024-03-29,15,W48045715,Uribarri,155,155,1
2024-03-29,15,W108504682,Abando,97,97,1
2024-03-29,15,W404432093,Ibaiondo,72,72,2
2024-03-29,15,W110895854,Abando,69,71,2
2024-03-29,15,N11229807742,Basurtu-Zorrotza,69,69,1
2024-03-29,15,N4508853267,Uribarri,68,68,2
2024-03-29,15,N5056379164,Abando,52,52,3
2024-03-29,15,N4060532227,Uribarri,47,126,3
2024-03-29,15,N5056421870,Deusto,45,45,1
2024-03-29,15,W28211432,Abando,43,43,4
2024-03-29,15,N4060532217,Otxarkoaga-Txurdinaga,41,41,1
2024-03-29,15,N9607467466,Basurtu-Zorrotza,40,48,2
2024-03-29,15,N4060532216,Otxarkoaga-Txurdinaga,39,39,2
2024-03-29,15,W96337695,Abando,38,40,5
2024-03-29,15,W420558992,Ibaiondo,37,39,3
2024-03-29,15,N5056183351,Errekalde,37,37,1
2024-03-29,15,N9607363904,Uribarri,37,37,4
2024-03-29,15,N5056328910,Begona,36,36,1
2024-03-29,15,N11229801356,Ibaiondo,30,36,4
2024-03-29,15,N5056353256,Uribarri,23,30,5
2024-03-29,15,W375390416,Ibaiondo,23,28,5
2024-03-29,15,W397099000,Ibaiondo,23,23,6
2024-03-29,15,N9607391207,Begona,22,22,2
2024-03-29,15,W44016098,Abando,21,78,6
2024-03-29,15,W111740255,Errekalde,20,28,2
2024-03-29,15,N518227646,Abando,20,20,7
2024-03-29,15,N9607455457,Errekalde,20,20,3
2024-03-29,15,W185205688,Deusto,19,19,2
2024-03-29,15,N4060532220,Otxarkoaga-Txurdinaga,17,19,3
2024-03-29,15,W485363913,Ibaiondo,15,60,7
2024-03-29,15,N4731925117,Abando,15,22,8
2024-03-29,15,W235157481,Otxarkoaga-Txurdinaga,14,36,4
2024-03-29,15,N5056088727,Ibaiondo,12,52,8
2024-03-29,15,W290069950,Deusto,9,9,3
2024-03-29,15,W171882527,Abando,8,12,9
2024-03-29,15,N5301954699,Basurtu-Zorrotza,6,6,3
2024-03-29,15,W41415573,Errekalde,6,6,4
2024-03-29,15,W162445376,Uribarri,5,5,6
2024-03-29,15,W185205681,Deusto,5,5,4
2024-03-29,15,W632988668,Basurtu-Zorrotza,3,3,4
2024-03-29,15,W305622069,Begona,2,2,3
2024-03-29,15,W164512079,Otxarkoaga-Txurdinaga,1,34,5
2024-03-29,15,W123440604,Uribarri,1,27,7
2024-03-29,15,W163195554,Basurtu-Zorrotza,1,2,5
2024-03-29,15,W376396126,Ibaiondo,1,1,9
2024-03-29,16,W108497734,Ibaiondo,160,160,1
2024-03-29,16,W48045715,Uribarri,155,155,1
2024-03-29,16,N3207631929,Abando,113,113,1
2024-03-29,16,W404432093,Ibaiondo,72,72,2
2024-03-29,16,N11229807742,Basurtu-Zorrotza,69,69,1
2024-03-29,16,N4508853267,Uribarri,68,68,2
2024-03-29,16,W110895854,Abando,66,71,2
2024-03-29,16,W301165234,Errekalde,53,53,1
2024-03-29,16,N5056379164,Abando,52,52,3
2024-03-29,16,N4060532227,Uribarri,47,126,3
2024-03-29,16,N5056421870,Deusto,45,45,1
2024-03-29,16,N5056200430,Basurtu-Zorrotza,43,43,2
2024-03-29,16,W28211432,Abando,43,43,4
2024-03-29,16,N4060532217,Otxarkoaga-Txurdinaga,41,41,1
2024-03-29,16,N9607467466,Basurtu-Zorrotza,40,48,3
2024-03-29,16,W96337695,Abando,40,40,5
2024-03-29,16,N4060532216,Otxarkoaga-Txurdinaga,39,39,2
2024-03-29,16,W420558992,Ibaiondo,37,39,3
2024-03-29,16,N5056183351,Errekalde,37,37,2
2024-03-29,16,N9607363904,Uribarri,37,37,4
2024-03-29,16,N5056328910,Begona,36,36,1
2024-03-29,16,N11229801356,Ibaiondo,30,36,4
2024-03-29,16,N5056353256,Uribarri,23,30,5
2024-03-29,16,W375390416,Ibaiondo,23,28,5
2024-03-29,16,W397099000,Ibaiondo,23,23,6
2024-03-29,16,N9607391207,Begona,22,22,2
2024-03-29,16,W111740255,Errekalde,20,28,3
2024-03-29,16,N518227646,Abando,20,20,6
2024-03-29,16,N9607455457,Errekalde,20,20,4
2024-03-29,16,W108504682,Abando,19,97,7
2024-03-29,16,W185205688,Deusto,19,19,2
2024-03-29,16,N4060532220,Otxarkoaga-Txurdinaga,17,19,3
2024-03-29,16,W485363913,Ibaiondo,15,60,7
2024-03-29,16,N4731925117,Abando,15,22,8
2024-03-29,16,W235157481,Otxarkoaga-Txurdinaga,14,36,4
2024-03-29,16,N5056088727,Ibaiondo,12,52,8
2024-03-29,16,W290069950,Deusto,9,9,3
2024-03-29,16,W171882527,Abando,8,12,9
2024-03-29,16,N5301954699,Basurtu-Zorrotza,6,6,4
2024-03-29,16,W41415573,Errekalde,6,6,5
2024-03-29,16,W162445376,Uribarri,5,5,6
2024-03-29,16,W185205681,Deusto,5,5,4
2024-03-29,16,W632988668,Basurtu-Zorrotza,3,3,5
2024-03-29,16,W44016098,Abando,2,78,10
2024-03-29,16,W305622069,Begona,2,2,3
2024-03-29,16,W164512079,Otxarkoaga-Txurdinaga,1,34,5
2024-03-29,16,W123440604,Uribarri,1,27,7
2024-03-29,16,W163195554,Basurtu-Zorrotza,1,2,6
2024-03-29,16,W376396126,Ibaiondo,1,1,9
2024-03-29,17,W108497734,Ibaiondo,160,160,1
2024-03-29,17,N5056355015,Uribarri,155,155,1
2024-03-29,17,N5056356248,Uribarri,139,139,2
2024-03-29,17,N3207631929,Abando,113,113,1
2024-03-29,17,W404432093,Ibaiondo,72,72,2
2024-03-29,17,N11229807742,Basurtu-Zorrotza,69,69,1
2024-03-29,17,W110895854,Abando,66,71,2
2024-03-29,17,W301165234,Errekalde,53,53,1
2024-03-29,17,N5056379164,Abando,52,52,3
2024-03-29,17,N5056421870,Deusto,45,45,1
2024-03-29,17,N5056200430,Basurtu-Zorrotza,43,43,2
2024-03-29,17,W28211432,Abando,43,43,4
2024-03-29,17,W164510985,Otxarkoaga-Txurdinaga,41,41,1
2024-03-29,17,N9607467466,Basurtu-Zorrotza,40,48,3
2024-03-29,17,W96337695,Abando,40,40,5
2024-03-29,17,N4060532216,Otxarkoaga-Txurdinaga,39,39,2
2024-03-29,17,N4060532227,Uribarri,37,126,3
2024-03-29,17,W420558992,Ibaiondo,37,39,3
2024-03-29,17,N5056183351,Errekalde,37,37,2
2024-03-29,17,N9607363904,Uribarri,37,37,4
2024-03-29,17,N5056328910,Begona,36,36,1
2024-03-29,17,N4254043797,Deusto,31,31,2
2024-03-29,17,N11229801356,Ibaiondo,30,36,4
2024-03-29,17,N5056184623,Errekalde,29,31,3
2024-03-29,17,N5056353256,Uribarri,23,30,5
2024-03-29,17,W375390416,Ibaiondo,23,28,5
2024-03-29,17,W397099000,Ibaiondo,23,23,6
2024-03-29,17,N9607391207,Begona,22,22,2
2024-03-29,17,N518227646,Abando,20,20,6
2024-03-29,17,N9607455457,Errekalde,20,20,4
2024-03-29,17,W108504682,Abando,19,97,7
2024-03-29,17,N4060532220,Otxarkoaga-Txurdinaga,16,19,3
2024-03-29,17,W485363913,Ibaiondo,15,60,7
2024-03-29,17,N5056437799,Deusto,15,24,3
2024-03-29,17,N4731925117,Abando,15,22,8
2024-03-29,17,W235157481,Otxarkoaga-Txurdinaga,14,36,4
2024-03-29,17,W111740255,Errekalde,14,28,5
2024-03-29,17,N5056088727,Ibaiondo,12,52,8
2024-03-29,17,W290069950,Deusto,9,9,4
2024-03-29,17,W171882527,Abando,8,12,9
2024-03-29,17,N5301954699,Basurtu-Zorrotza,6,6,4
2024-03-29,17,W41415573,Errekalde,6,6,6
2024-03-29,17,N4508853267,Uribarri,5,68,6
2024-03-29,17,W162445376,Uribarri,5,5,7
2024-03-29,17,W185205681,Deusto,5,5,5
2024-03-29,17,N4060532217,Otxarkoaga-Txurdinaga,4,41,5
2024-03-29,17,W185205688,Deusto,3,19,6
2024-03-29,17,W632988668,Basurtu-Zorrotza,3,3,5
2024-03-29,17,W28776478,Abando,2,79,10
2024-03-29,17,W305622069,Begona,2,2,3
2024-03-29,17,W164512079,Otxarkoaga-Txurdinaga,1,34,6
2024-03-29,17,W123440604,Uribarri,1,27,8
2024-03-29,17,W163195554,Basurtu-Zorrotza,1,2,6
2024-03-29,17,W376396126,Ibaiondo,1,1,9
2024-03-29,18,W108497734,Ibaiondo,160,160,1
2024-03-29,18,N5056355015,Uribarri,155,155,1
2024-03-29,18,N5056356248,Uribarri,139,139,2
2024-03-29,18,N3207631929,Abando,113,113,1
2024-03-29,18,W404432093,Ibaiondo,72,72,2
2024-03-29,18,N11229807742,Basurtu-Zorrotza,69,69,1
2024-03-29,18,N4762096882,Abando,58,58,2
2024-03-29,18,W301165234,Errekalde,53,53,1
2024-03-29,18,N5056379164,Abando,52,52,3
2024-03-29,18,W28776478,Abando,50,79,4
2024-03-29,18,N1271964866,Abando,49,74,5
2024-03-29,18,N5056421870,Deusto,45,45,1
2024-03-29,18,N5056200430,Basurtu-Zorrotza,43,43,2
2024-03-29,18,N4060532217,Otxarkoaga-Txurdinaga,41,41,1
2024-03-29,18,N9607467466,Basurtu-Zorrotza,40,48,3
2024-03-29,18,W96337695,Abando,40,40,6
2024-03-29,18,N4060532216,Otxarkoaga-Txurdinaga,39,39,2
2024-03-29,18,N4060532227,Uribarri,37,126,3
2024-03-29,18,W420558992,Ibaiondo,37,39,3
2024-03-29,18,N5056183351,Errekalde,37,37,2
2024-03-29,18,N9607363904,Uribarri,37,37,4
2024-03-29,18,N5056328910,Begona,36,36,1
2024-03-29,18,N4254043797,Deusto,31,31,2
2024-03-29,18,N11229801356,Ibaiondo,30,36,4
2024-03-29,18,N5056184623,Errekalde,29,31,3
2024-03-29,18,N5056353256,Uribarri,23,30,5
2024-03-29,18,W375390416,Ibaiondo,23,28,5
2024-03-29,18,W163196945,Basurtu-Zorrotza,23,23,4
2024-03-29,18,W397099000,Ibaiondo,23,23,6
2024-03-29,18,N9607391207,Begona,22,22,2
2024-03-29,18,W28211432,Abando,20,43,7
2024-03-29,18,N9607455457,Errekalde,20,20,4
2024-03-29,18,N4060532220,Otxarkoaga-Txurdinaga,17,19,3
2024-03-29,18,W108504682,Abando,15,97,8
2024-03-29,18,W485363913,Ibaiondo,15,60,7
2024-03-29,18,N5056437799,Deusto,15,24,3
2024-03-29,18,W235157481,Otxarkoaga-Txurdinaga,14,36,4
2024-03-29,18,W111740255,Errekalde,14,28,5
2024-03-29,18,N5056088727,Ibaiondo,12,52,8
2024-03-29,18,N4731925117,Abando,11,22,9
2024-03-29,18,W44113519,Abando,9,34,10
2024-03-29,18,W290069950,Deusto,9,9,4
2024-03-29,18,W171882527,Abando,8,12,11
2024-03-29,18,N518227646,Abando,7,20,12
2024-03-29,18,N5301954699,Basurtu-Zorrotza,6,6,5
2024-03-29,18,W41415573,Errekalde,6,6,6
2024-03-29,18,N4508853267,Uribarri,5,68,6
2024-03-29,18,W162445376,Uribarri,5,5,7
2024-03-29,18,W185205681,Deusto,5,5,5
2024-03-29,18,W41525574,Ibaiondo,3,114,9
2024-03-29,18,W164510985,Otxarkoaga-Txurdinaga,3,41,5
2024-03-29,18,W185205688,Deusto,3,19,6
2024-03-29,18,W632988668,Basurtu-Zorrotza,3,3,6
2024-03-29,18,W305622069,Begona,2,2,3
2024-03-29,18,W164512079,Otxarkoaga-Txurdinaga,1,34,6
2024-03-29,18,W123440604,Uribarri,1,27,8
2024-03-29,18,W163195554,Basurtu-Zorrotza,1,2,7
2024-03-29,18,W376396126,Ibaiondo,1,1,10
2024-03-29,19,W108497734,Ibaiondo,160,160,1
2024-03-29,19,N5056355015,Uribarri,155,155,1
2024-03-29,19,N5056356248,Uribarri,139,139,2
2024-03-29,19,N3207631929,Abando,113,113,1
2024-03-29,19,W404432093,Ibaiondo,72,72,2
2024-03-29,19,N11229807742,Basurtu-Zorrotza,69,69,1
2024-03-29,19,N4762096882,Abando,58,58,2
2024-03-29,19,W301165234,Errekalde,53,53,1
2024-03-29,19,N5056379164,Abando,52,52,3
2024-03-29,19,W28776478,Abando,50,79,4
2024-03-29,19,N1271964866,Abando,49,74,5
2024-03-29,19,N5056421870,Deusto,45,45,1
2024-03-29,19,N5056200430,Basurtu-Zorrotza,43,43,2
2024-03-29,19,N4060532217,Otxarkoaga-Txurdinaga,41,41,1
2024-03-29,19,N9607467466,Basurtu-Zorrotza,40,48,3
2024-03-29,19,W96337695,Abando,40,40,6
2024-03-29,19,N4060532216,Otxarkoaga-Txurdinaga,39,39,2
2024-03-29,19,N4060532227,Uribarri,37,126,3
2024-03-29,19,W420558992,Ibaiondo,37,39,3
2024-03-29,19,N5056183351,Errekalde,37,37,2
2024-03-29,19,N9607363904,Uribarri,37,37,4
2024-03-29,19,N5056328910,Begona,36,36,1
2024-03-29,19,N4254043797,Deusto,31,31,2
2024-03-29,19,N11229801356,Ibaiondo,30,36,4
2024-03-29,19,N5056184623,Errekalde,29,31,3
2024-03-29,19,N5056353256,Uribarri,23,30,5
2024-03-29,19,W375390416,Ibaiondo,23,28,5
2024-03-29,19,W163196945,Basurtu-Zorrotza,23,23,4
2024-03-29,19,W397099000,Ibaiondo,23,23,6
2024-03-29,19,N9607391207,Begona,22,22,2
2024-03-29,19,W28211432,Abando,20,43,7
2024-03-29,19,N9607455457,Errekalde,20,20,4
2024-03-29,19,N4060532220,Otxarkoaga-Txurdinaga,17,19,3
2024-03-29,19,W108504682,Abando,15,97,8
2024-03-29,19,W485363913,Ibaiondo,15,60,7
2024-03-29,19,N5056437799,Deusto,15,24,3
2024-03-29,19,W235157481,Otxarkoaga-Txurdinaga,14,36,4
2024-03-29,19,W111740255,Errekalde,14,28,5
2024-03-29,19,N5056088727,Ibaiondo,12,52,8
2024-03-29,19,N4731925117,Abando,11,22,9
2024-03-29,19,W44113519,Abando,9,34,10
2024-03-29,19,W290069950,Deusto,9,9,4
2024-03-29,19,W171882527,Abando,8,12,11
2024-03-29,19,N518227646,Abando,7,20,12
2024-03-29,19,N5301954699,Basurtu-Zorrotza,6,6,5
2024-03-29,19,W41415573,Errekalde,6,6,6
2024-03-29,19,N4508853267,Uribarri,5,68,6
2024-03-29,19,W162445376,Uribarri,5,5,7
2024-03-29,19,W185205681,Deusto,5,5,5
2024-03-29,19,W41525574,Ibaiondo,3,114,9
2024-03-29,19,W164510985,Otxarkoaga-Txurdinaga,3,41,5
2024-03-29,19,W185205688,Deusto,3,19,6
2024-03-29,19,W632988668,Basurtu-Zorrotza,3,3,6
2024-03-29,19,W305622069,Begona,2,2,3
2024-03-29,19,W164512079,Otxarkoaga-Txurdinaga,1,34,6
2024-03-29,19,W123440604,Uribarri,1,27,8
2024-03-29,19,W163195554,Basurtu-Zorrotza,1,2,7
2024-03-29,19,W376396126,Ibaiondo,1,1,10
2024-03-29,20,W108497734,Ibaiondo,160,160,1
2024-03-29,20,W48045715,Uribarri,155,155,1
2024-03-29,20,N5056356248,Uribarri,139,139,2
2024-03-29,20,N3207631929,Abando,113,113,1
2024-03-29,20,W404432093,Ibaiondo,72,72,2
2024-03-29,20,N11229807742,Basurtu-Zorrotza,69,69,1
2024-03-29,20,N4762096882,Abando,58,58,2
2024-03-29,20,W301165234,Errekalde,53,53,1
2024-03-29,20,N5056379164,Abando,52,52,3
2024-03-29,20,W28776478,Abando,50,79,4
2024-03-29,20,N1271964866,Abando,49,74,5
2024-03-29,20,N5056421870,Deusto,45,45,1
2024-03-29,20,N5056200430,Basurtu-Zorrotza,43,43,2
2024-03-29,20,N4060532217,Otxarkoaga-Txurdinaga,41,41,1
2024-03-29,20,N9607467466,Basurtu-Zorrotza,40,48,3
2024-03-29,20,W96337695,Abando,40,40,6
2024-03-29,20,N4060532216,Otxarkoaga-Txurdinaga,39,39,2
2024-03-29,20,N4060532227,Uribarri,37,126,3
2024-03-29,20,W420558992,Ibaiondo,37,39,3
2024-03-29,20,N5056183351,Errekalde,37,37,2
2024-03-29,20,N9607363904,Uribarri,37,37,4
2024-03-29,20,N5056328910,Begona,36,36,1
2024-03-29,20,N4254043797,Deusto,31,31,2
2024-03-29,20,N11229801356,Ibaiondo,30,36,4
2024-03-29,20,N5056184623,Errekalde,29,31,3
2024-03-29,20,N5056353256,Uribarri,23,30,5
2024-03-29,20,W375390416,Ibaiondo,23,28,5
2024-03-29,20,W397099000,Ibaiondo,23,23,6
2024-03-29,20,N9607391207,Begona,22,22,2
2024-03-29,20,W28211432,Abando,20,43,7
2024-03-29,20,N9607455457,Errekalde,20,20,4
2024-03-29,20,N4060532220,Otxarkoaga-Txurdinaga,17,19,3
2024-03-29,20,W108504682,Abando,15,97,8
2024-03-29,20,W485363913,Ibaiondo,15,60,7
2024-03-29,20,N5056437799,Deusto,15,24,3
2024-03-29,20,W235157481,Otxarkoaga-Txurdinaga,14,36,4
2024-03-29,20,W111740255,Errekalde,14,28,5
2024-03-29,20,N5056088727,Ibaiondo,12,52,8
2024-03-29,20,N4731925117,Abando,11,22,9
2024-03-29,20,W44113519,Abando,9,34,10
2024-03-29,20,W290069950,Deusto,9,9,4
2024-03-29,20,W171882527,Abando,8,12,11
2024-03-29,20,N5301954699,Basurtu-Zorrotza,6,6,4
2024-03-29,20,W41415573,Errekalde,6,6,6
2024-03-29,20,N4508853267,Uribarri,5,68,6
2024-03-29,20,W162445376,Uribarri,5,5,7
2024-03-29,20,W185205681,Deusto,5,5,5
2024-03-29,20,W185205688,Deusto,3,19,6
2024-03-29,20,W632988668,Basurtu-Zorrotza,3,3,5
2024-03-29,20,W305622069,Begona,2,2,3
2024-03-29,20,W164512079,Otxarkoaga-Txurdinaga,1,34,5
2024-03-29,20,W123440604,Uribarri,1,27,8
2024-03-29,20,W163195554,Basurtu-Zorrotza,1,2,6
2024-03-29,20,W376396126,Ibaiondo,1,1,9
2024-03-29,21,W48045715,Uribarri,155,155,1
2024-03-29,21,W28776478,Abando,79,79,1
2024-03-29,21,N11229807742,Basurtu-Zorrotza,69,69,1
2024-03-29,21,N4508853267,Uribarri,68,68,2
2024-03-29,21,W485363913,Ibaiondo,60,60,1
2024-03-29,21,W301165234,Errekalde,53,53,1
2024-03-29,21,N5056088727,Ibaiondo,52,52,2
2024-03-29,21,N5056379164,Abando,52,52,2
2024-03-29,21,N4060532227,Uribarri,47,126,3
2024-03-29,21,N5056421870,Deusto,45,45,1
2024-03-29,21,N5056200430,Basurtu-Zorrotza,43,43,2
2024-03-29,21,N4060532217,Otxarkoaga-Txurdinaga,41,41,1
2024-03-29,21,N9607467466,Basurtu-Zorrotza,40,48,3
2024-03-29,21,W96337695,Abando,40,40,3
2024-03-29,21,N4060532216,Otxarkoaga-Txurdinaga,39,39,2
2024-03-29,21,W420558992,Ibaiondo,39,39,3
2024-03-29,21,N5056183351,Errekalde,37,37,2
2024-03-29,21,N9607363904,Uribarri,37,37,4
2024-03-29,21,N5056328910,Begona,36,36,1
2024-03-29,21,N11229801356,Ibaiondo,33,36,4
2024-03-29,21,W44016098,Abando,25,78,4
2024-03-29,21,N5056353256,Uribarri,23,30,5
2024-03-29,21,W397099000,Ibaiondo,23,23,5
2024-03-29,21,N4731925117,Abando,22,22,5
2024-03-29,21,N9607391207,Begona,22,22,2
2024-03-29,21,W111740255,Errekalde,20,28,3
2024-03-29,21,W375390416,Ibaiondo,20,28,6
2024-03-29,21,N9607455457,Errekalde,20,20,4
2024-03-29,21,W185205688,Deusto,19,19,2
2024-03-29,21,N4060532220,Otxarkoaga-Txurdinaga,17,19,3
2024-03-29,21,W235157481,Otxarkoaga-Txurdinaga,14,36,4
2024-03-29,21,W171882527,Abando,12,12,6
2024-03-29,21,W44113519,Abando,9,34,7
2024-03-29,21,W290069950,Deusto,9,9,3
2024-03-29,21,N5301954699,Basurtu-Zorrotza,6,6,4
2024-03-29,21,W41415573,Errekalde,6,6,5
2024-03-29,21,W162445376,Uribarri,5,5,6
2024-03-29,21,W185205681,Deusto,5,5,4
2024-03-29,21,W632988668,Basurtu-Zorrotza,3,3,5
2024-03-29,21,W305622069,Begona,2,2,3
2024-03-29,21,W164512079,Otxarkoaga-Txurdinaga,1,34,5
2024-03-29,21,W123440604,Uribarri,1,27,7
2024-03-29,21,W163195554,Basurtu-Zorrotza,1,2,6
2024-03-29,21,W376396126,Ibaiondo,1,1,7
2024-03-29,22,N4060532227,Uribarri,126,126,1
2024-03-29,22,W28776478,Abando,79,79,1
2024-03-29,22,N4508853267,Uribarri,68,68,2
2024-03-29,22,W485363913,Ibaiondo,60,60,1
2024-03-29,22,N5056379164,Abando,52,52,2
2024-03-29,22,N4060532217,Otxarkoaga-Txurdinaga,41,41,1
2024-03-29,22,N4060532216,Otxarkoaga-Txurdinaga,39,39,2
2024-03-29,22,N5056353256,Uribarri,30,30,3
2024-03-29,22,W397099000,Ibaiondo,23,23,2
2024-03-29,22,W111740255,Errekalde,20,28,1
2024-03-29,22,W123440604,Uribarri,19,27,4
2024-03-29,22,N4060532220,Otxarkoaga-Txurdinaga,17,19,3
2024-03-29,22,W171882527,Abando,12,12,3
2024-03-29,22,W44113519,Abando,9,34,4
2024-03-29,22,W290069950,Deusto,9,9,1
2024-03-29,22,N5301954699,Basurtu-Zorrotza,6,6,1
2024-03-29,22,W151883539,Basurtu-Zorrotza,5,5,2
2024-03-29,22,W162445376,Uribarri,5,5,5
2024-03-29,22,W632988668,Basurtu-Zorrotza,3,3,3
2024-03-29,22,W163195554,Basurtu-Zorrotza,2,2,4
2024-03-29,22,W164512079,Otxarkoaga-Txurdinaga,1,34,4
2024-03-29,23,N4060532227,Uribarri,126,126,1
2024-03-29,23,W28776478,Abando,79,79,1
2024-03-29,23,N4508853267,Uribarri,68,68,2
2024-03-29,23,W485363913,Ibaiondo,60,60,1
2024-03-29,23,N5056379164,Abando,52,52,2
2024-03-29,23,N4060532217,Otxarkoaga-Txurdinaga,41,41,1
2024-03-29,23,N4060532216,Otxarkoaga-Txurdinaga,39,39,2
2024-03-29,23,N5056353256,Uribarri,30,30,3
2024-03-29,23,W111740255,Errekalde,20,28,1
2024-03-29,23,N4060532220,Otxarkoaga-Txurdinaga,17,19,3
2024-03-29,23,W171882527,Abando,12,12,3
2024-03-29,23,W44113519,Abando,9,34,4
2024-03-29,23,N5301954699,Basurtu-Zorrotza,6,6,1
2024-03-29,23,W632988668,Basurtu-Zorrotza,3,3,2
2024-03-29,23,W163195554,Basurtu-Zorrotza,2,2,3
2024-03-30,5,W28776478,Abando,79,79,1
2024-03-30,6,N4060532227,Uribarri,126,126,1
2024-03-30,6,W28776478,Abando,79,79,1
2024-03-30,6,N4508853267,Uribarri,68,68,2
2024-03-30,6,W485363913,Ibaiondo,60,60,1
2024-03-30,6,N5056379164,Abando,52,52,2
2024-03-30,6,N4060532217,Otxarkoaga-Txurdinaga,41,41,1
2024-03-30,6,N4060532216,Otxarkoaga-Txurdinaga,39,39,2
2024-03-30,6,N5056353256,Uribarri,30,30,3
2024-03-30,6,W111740255,Errekalde,20,28,1
2024-03-30,6,N4060532220,Otxarkoaga-Txurdinaga,17,19,3
2024-03-30,6,W44113519,Abando,9,34,3
2024-03-30,6,N5301954699,Basurtu-Zorrotza,6,6,1
2024-03-30,6,W632988668,Basurtu-Zorrotza,3,3,2
2024-03-30,6,W163195554,Basurtu-Zorrotza,2,2,3
2024-03-30,7,N4060532227,Uribarri,126,126,1
2024-03-30,7,W28776478,Abando,79,79,1
2024-03-30,7,N4508853267,Uribarri,68,68,2
2024-03-30,7,W485363913,Ibaiondo,60,60,1
2024-03-30,7,N5056379164,Abando,52,52,2
2024-03-30,7,N4060532217,Otxarkoaga-Txurdinaga,41,41,1
2024-03-30,7,N4060532216,Otxarkoaga-Txurdinaga,39,39,2
2024-03-30,7,N5056353256,Uribarri,30,30,3
2024-03-30,7,W111740255,Errekalde,20,28,1
2024-03-30,7,N4060532220,Otxarkoaga-Txurdinaga,17,19,3
2024-03-30,7,W44113519,Abando,9,34,3
2024-03-30,7,N5301954699,Basurtu-Zorrotza,6,6,1
2024-03-30,7,W632988668,Basurtu-Zorrotza,3,3,2
2024-03-30,7,W163195554,Basurtu-Zorrotza,2,2,3
2024-03-30,8,N5056355015,Uribarri,155,155,1
2024-03-30,8,N5056356248,Uribarri,139,139,2
2024-03-30,8,W28776478,Abando,79,79,1
2024-03-30,8,W485363913,Ibaiondo,60,60,1
2024-03-30,8,N5056379164,Abando,52,52,2
2024-03-30,8,W164510985,Otxarkoaga-Txurdinaga,41,41,1
2024-03-30,8,N4060532216,Otxarkoaga-Txurdinaga,39,39,2
2024-03-30,8,N4060532227,Uribarri,37,126,3
2024-03-30,8,N4254043797,Deusto,31,31,1
2024-03-30,8,N5056184623,Errekalde,31,31,1
2024-03-30,8,N5056353256,Uribarri,30,30,4
2024-03-30,8,W41688628,Abando,25,25,3
2024-03-30,8,W123440604,Uribarri,19,27,5
2024-03-30,8,N4060532220,Otxarkoaga-Txurdinaga,16,19,3
2024-03-30,8,N5056437799,Deusto,15,24,2
2024-03-30,8,W111740255,Errekalde,14,28,2
2024-03-30,8,W44113519,Abando,9,34,4
2024-03-30,8,N5301954699,Basurtu-Zorrotza,6,6,1
2024-03-30,8,N4508853267,Uribarri,5,68,6
2024-03-30,8,N4060532217,Otxarkoaga-Txurdinaga,4,41,4
2024-03-30,8,W632988668,Basurtu-Zorrotza,3,3,2
2024-03-30,8,W123440625,Uribarri,2,2,7
2024-03-30,8,W163195554,Basurtu-Zorrotza,2,2,3
2024-03-30,9,N5056355015,Uribarri,155,155,1
2024-03-30,9,N5056356248,Uribarri,139,139,2
2024-03-30,9,W108504682,Abando,97,97,1
2024-03-30,9,W110895854,Abando,70,71,2
2024-03-30,9,N11229807742,Basurtu-Zorrotza,69,69,1
2024-03-30,9,W485363913,Ibaiondo,59,60,1
2024-03-30,9,N5056379164,Abando,52,52,3
2024-03-30,9,W164510985,Otxarkoaga-Txurdinaga,41,41,1
2024-03-30,9,N4060532216,Otxarkoaga-Txurdinaga,39,39,2
2024-03-30,9,W420558992,Ibaiondo,39,39,2
2024-03-30,9,W96337695,Abando,38,40,4
2024-03-30,9,N4060532227,Uribarri,37,126,3
2024-03-30,9,N11229801356,Ibaiondo,36,36,3
2024-03-30,9,N4254043797,Deusto,31,31,1
2024-03-30,9,N5056353256,Uribarri,30,30,4
2024-03-30,9,N5056184623,Errekalde,29,31,1
2024-03-30,9,W397099000,Ibaiondo,23,23,4
2024-03-30,9,N9607391207,Begona,22,22,1
2024-03-30,9,W123440604,Uribarri,19,27,5
2024-03-30,9,N4060532220,Otxarkoaga-Txurdinaga,16,19,3
2024-03-30,9,N5056437799,Deusto,15,24,2
2024-03-30,9,W111740255,Errekalde,14,28,2
2024-03-30,9,W41688628,Abando,13,25,5
2024-03-30,9,W28776478,Abando,10,79,6
2024-03-30,9,W290069950,Deusto,9,9,3
2024-03-30,9,N5301954699,Basurtu-Zorrotza,6,6,2
2024-03-30,9,W41415573,Errekalde,6,6,3
2024-03-30,9,N4508853267,Uribarri,5,68,6
2024-03-30,9,W162445376,Uribarri,5,5,7
2024-03-30,9,N4060532217,Otxarkoaga-Txurdinaga,4,41,4
2024-03-30,9,W185205688,Deusto,3,19,4
2024-03-30,9,W632988668,Basurtu-Zorrotza,3,3,3
2024-03-30,9,W163195554,Basurtu-Zorrotza,2,2,4
2024-03-30,9,W305622069,Begona,2,2,2
2024-03-30,9,W164512079,Otxarkoaga-Txurdinaga,1,34,5
2024-03-30,9,W376396126,Ibaiondo,1,1,5
2024-03-30,10,W108497734,Ibaiondo,160,160,1
2024-03-30,10,N5056355015,Uribarri,155,155,1
2024-03-30,10,N5056356248,Uribarri,139,139,2
2024-03-30,10,W108504682,Abando,97,97,1
2024-03-30,10,W404432093,Ibaiondo,72,72,2
2024-03-30,10,W110895854,Abando,69,71,2
2024-03-30,10,N11229807742,Basurtu-Zorrotza,69,69,1
2024-03-30,10,N1271964866,Abando,59,74,3
2024-03-30,10,N5056379164,Abando,52,52,4
2024-03-30,10,W164510985,Otxarkoaga-Txurdinaga,41,41,1
2024-03-30,10,N4060532216,Otxarkoaga-Txurdinaga,39,39,2
2024-03-30,10,W96337695,Abando,38,40,5
2024-03-30,10,N4060532227,Uribarri,37,126,3
2024-03-30,10,W420558992,Ibaiondo,37,39,3
2024-03-30,10,N11229801356,Ibaiondo,33,36,4
2024-03-30,10,N4254043797,Deusto,31,31,1
2024-03-30,10,N5056353256,Uribarri,30,30,4
2024-03-30,10,N5056184623,Errekalde,29,31,1
2024-03-30,10,W397099000,Ibaiondo,23,23,5
2024-03-30,10,N9607391207,Begona,22,22,1
2024-03-30,10,W44016098,Abando,21,78,6
2024-03-30,10,W28211432,Abando,20,43,7
2024-03-30,10,W123440604,Uribarri,19,27,5
2024-03-30,10,N4060532220,Otxarkoaga-Txurdinaga,16,19,3
2024-03-30,10,W485363913,Ibaiondo,15,60,6
2024-03-30,10,N5056437799,Deusto,15,24,2
2024-03-30,10,W111740255,Errekalde,14,28,2
2024-03-30,10,W290069950,Deusto,9,9,3
2024-03-30,10,W41688628,Abando,8,25,8
2024-03-30,10,W171882527,Abando,8,12,9
2024-03-30,10,N5301954699,Basurtu-Zorrotza,6,6,2
2024-03-30,10,W41415573,Errekalde,6,6,3
2024-03-30,10,N4508853267,Uribarri,5,68,6
2024-03-30,10,W162445376,Uribarri,5,5,7
2024-03-30,10,N4060532217,Otxarkoaga-Txurdinaga,4,41,4
2024-03-30,10,W41525574,Ibaiondo,3,114,7
2024-03-30,10,W185205688,Deusto,3,19,4
2024-03-30,10,W632988668,Basurtu-Zorrotza,3,3,3
2024-03-30,10,W163195554,Basurtu-Zorrotza,2,2,4
2024-03-30,10,W305622069,Begona,2,2,2
2024-03-30,10,W164512079,Otxarkoaga-Txurdinaga,1,34,5
2024-03-30,10,W376396126,Ibaiondo,1,1,8
2024-03-30,11,W108497734,Ibaiondo,160,160,1
2024-03-30,11,N5056355015,Uribarri,155,155,1
2024-03-30,11,N5056356248,Uribarri,139,139,2
2024-03-30,11,N3207631929,Abando,113,113,1
2024-03-30,11,W404432093,Ibaiondo,72,72,2
2024-03-30,11,N11229807742,Basurtu-Zorrotza,69,69,1
2024-03-30,11,W110895854,Abando,66,71,2
2024-03-30,11,N4762096882,Abando,58,58,3
2024-03-30,11,N5056379164,Abando,52,52,4
2024-03-30,11,N1271964866,Abando,49,74,5
2024-03-30,11,W164510985,Otxarkoaga-Txurdinaga,41,41,1
2024-03-30,11,W96337695,Abando,40,40,6
2024-03-30,11,N4060532216,Otxarkoaga-Txurdinaga,39,39,2
2024-03-30,11,N4060532227,Uribarri,37,126,3
2024-03-30,11,W420558992,Ibaiondo,37,39,3
2024-03-30,11,N11229801356,Ibaiondo,33,36,4
2024-03-30,11,N4254043797,Deusto,31,31,1
2024-03-30,11,N5056353256,Uribarri,30,30,4
2024-03-30,11,N5056184623,Errekalde,29,31,1
2024-03-30,11,W163196945,Basurtu-Zorrotza,23,23,2
2024-03-30,11,W397099000,Ibaiondo,23,23,5
2024-03-30,11,N9607391207,Begona,22,22,1
2024-03-30,11,W28211432,Abando,20,43,7
2024-03-30,11,W108504682,Abando,19,97,8
2024-03-30,11,W123440604,Uribarri,19,27,5
2024-03-30,11,N4060532220,Otxarkoaga-Txurdinaga,16,19,3
2024-03-30,11,W485363913,Ibaiondo,15,60,6
2024-03-30,11,N5056437799,Deusto,15,24,2
2024-03-30,11,W111740255,Errekalde,14,28,2
2024-03-30,11,W290069950,Deusto,9,9,3
2024-03-30,11,W171882527,Abando,8,12,9
2024-03-30,11,W41688628,Abando,7,25,10
2024-03-30,11,N518227646,Abando,7,20,11
2024-03-30,11,N5301954699,Basurtu-Zorrotza,6,6,3
2024-03-30,11,W41415573,Errekalde,6,6,3
2024-03-30,11,N4508853267,Uribarri,5,68,6
2024-03-30,11,W162445376,Uribarri,5,5,7
2024-03-30,11,N4060532217,Otxarkoaga-Txurdinaga,4,41,4
2024-03-30,11,W41525574,Ibaiondo,3,114,7
2024-03-30,11,W185205688,Deusto,3,19,4
2024-03-30,11,W632988668,Basurtu-Zorrotza,3,3,4
2024-03-30,11,W44016098,Abando,2,78,12
2024-03-30,11,W163195554,Basurtu-Zorrotza,2,2,5
2024-03-30,11,W305622069,Begona,2,2,2
2024-03-30,11,W164512079,Otxarkoaga-Txurdinaga,1,34,5
2024-03-30,11,W376396126,Ibaiondo,1,1,8
2024-03-30,12,W108497734,Ibaiondo,160,160,1
2024-03-30,12,N5056355015,Uribarri,155,155,1
2024-03-30,12,N5056356248,Uribarri,139,139,2
2024-03-30,12,N3207631929,Abando,113,113,1
2024-03-30,12,W404432093,Ibaiondo,72,72,2
2024-03-30,12,N11229807742,Basurtu-Zorrotza,69,69,1
2024-03-30,12,W110895854,Abando,66,71,2
2024-03-30,12,N4762096882,Abando,58,58,3
2024-03-30,12,N5056379164,Abando,52,52,4
2024-03-30,12,N1271964866,Abando,49,74,5
2024-03-30,12,W164510985,Otxarkoaga-Txurdinaga,41,41,1
2024-03-30,12,W96337695,Abando,40,40,6
2024-03-30,12,N4060532216,Otxarkoaga-Txurdinaga,39,39,2
2024-03-30,12,N4060532227,Uribarri,37,126,3
2024-03-30,12,W420558992,Ibaiondo,37,39,3
2024-03-30,12,N11229801356,Ibaiondo,33,36,4
2024-03-30,12,N4254043797,Deusto,31,31,1
2024-03-30,12,N5056353256,Uribarri,30,30,4
2024-03-30,12,N5056184623,Errekalde,29,31,1
2024-03-30,12,W163196945,Basurtu-Zorrotza,23,23,2
2024-03-30,12,W397099000,Ibaiondo,23,23,5
2024-03-30,12,N9607391207,Begona,22,22,1
2024-03-30,12,W28211432,Abando,20,43,7
2024-03-30,12,W108504682,Abando,19,97,8
2024-03-30,12,W123440604,Uribarri,19,27,5
2024-03-30,12,N4060532220,Otxarkoaga-Txurdinaga,16,19,3
2024-03-30,12,W485363913,Ibaiondo,15,60,6
2024-03-30,12,N5056437799,Deusto,15,24,2
2024-03-30,12,W111740255,Errekalde,14,28,2
2024-03-30,12,W290069950,Deusto,9,9,3
2024-03-30,12,W171882527,Abando,8,12,9
2024-03-30,12,W41688628,Abando,7,25,10
2024-03-30,12,N518227646,Abando,7,20,11
2024-03-30,12,N5301954699,Basurtu-Zorrotza,6,6,3
2024-03-30,12,W41415573,Errekalde,6,6,3
2024-03-30,12,N4508853267,Uribarri,5,68,6
2024-03-30,12,W162445376,Uribarri,5,5,7
2024-03-30,12,N4060532217,Otxarkoaga-Txurdinaga,4,41,4
2024-03-30,12,W41525574,Ibaiondo,3,114,7
2024-03-30,12,W185205688,Deusto,3,19,4
2024-03-30,12,W632988668,Basurtu-Zorrotza,3,3,4
2024-03-30,12,W44016098,Abando,2,78,12
2024-03-30,12,W163195554,Basurtu-Zorrotza,2,2,5
2024-03-30,12,W305622069,Begona,2,2,2
2024-03-30,12,W164512079,Otxarkoaga-Txurdinaga,1,34,5
2024-03-30,12,W376396126,Ibaiondo,1,1,8
2024-03-30,13,W108497734,Ibaiondo,160,160,1
2024-03-30,13,N5056355015,Uribarri,155,155,1
2024-03-30,13,N5056356248,Uribarri,139,139,2
2024-03-30,13,N3207631929,Abando,113,113,1
2024-03-30,13,W404432093,Ibaiondo,72,72,2
2024-03-30,13,N11229807742,Basurtu-Zorrotza,69,69,1
2024-03-30,13,W110895854,Abando,66,71,2
2024-03-30,13,N4762096882,Abando,58,58,3
2024-03-30,13,N5056379164,Abando,52,52,4
2024-03-30,13,N1271964866,Abando,49,74,5
2024-03-30,13,W164510985,Otxarkoaga-Txurdinaga,41,41,1
2024-03-30,13,W96337695,Abando,40,40,6
2024-03-30,13,N4060532216,Otxarkoaga-Txurdinaga,39,39,2
2024-03-30,13,N4060532227,Uribarri,37,126,3
2024-03-30,13,W420558992,Ibaiondo,37,39,3
2024-03-30,13,N11229801356,Ibaiondo,33,36,4
2024-03-30,13,N4254043797,Deusto,31,31,1
2024-03-30,13,N5056353256,Uribarri,30,30,4
2024-03-30,13,N5056184623,Errekalde,29,31,1
2024-03-30,13,W163196945,Basurtu-Zorrotza,23,23,2
2024-03-30,13,W397099000,Ibaiondo,23,23,5
2024-03-30,13,N9607391207,Begona,22,22,1
2024-03-30,13,W28211432,Abando,20,43,7
2024-03-30,13,W108504682,Abando,19,97,8
2024-03-30,13,W123440604,Uribarri,19,27,5
2024-03-30,13,N4060532220,Otxarkoaga-Txurdinaga,16,19,3
2024-03-30,13,W485363913,Ibaiondo,15,60,6
2024-03-30,13,N5056437799,Deusto,15,24,2
2024-03-30,13,W111740255,Errekalde,14,28,2
2024-03-30,13,W290069950,Deusto,9,9,3
2024-03-30,13,W171882527,Abando,8,12,9
2024-03-30,13,W41688628,Abando,7,25,10
2024-03-30,13,N518227646,Abando,7,20,11
2024-03-30,13,N5301954699,Basurtu-Zorrotza,6,6,3
2024-03-30,13,W41415573,Errekalde,6,6,3
2024-03-30,13,N4508853267,Uribarri,5,68,6
2024-03-30,13,W162445376,Uribarri,5,5,7
2024-03-30,13,N4060532217,Otxarkoaga-Txurdinaga,4,41,4
2024-03-30,13,W185205688,Deusto,3,19,4
2024-03-30,13,W632988668,Basurtu-Zorrotza,3,3,4
2024-03-30,13,W44016098,Abando,2,78,12
2024-03-30,13,W163195554,Basurtu-Zorrotza,2,2,5
2024-03-30,13,W305622069,Begona,2,2,2
2024-03-30,13,W164512079,Otxarkoaga-Txurdinaga,1,34,5
2024-03-30,13,W376396126,Ibaiondo,1,1,7
2024-03-30,14,W108497734,Ibaiondo,160,160,1
2024-03-30,14,N5056355015,Uribarri,155,155,1
2024-03-30,14,N5056356248,Uribarri,139,139,2
2024-03-30,14,N3207631929,Abando,113,113,1
2024-03-30,14,W404432093,Ibaiondo,72,72,2
2024-03-30,14,N11229807742,Basurtu-Zorrotza,69,69,1
2024-03-30,14,W110895854,Abando,66,71,2
2024-03-30,14,N4762096882,Abando,58,58,3
2024-03-30,14,N5056379164,Abando,52,52,4
2024-03-30,14,N1271964866,Abando,49,74,5
2024-03-30,14,W164510985,Otxarkoaga-Txurdinaga,41,41,1
2024-03-30,14,W96337695,Abando,40,40,6
2024-03-30,14,N4060532216,Otxarkoaga-Txurdinaga,39,39,2
2024-03-30,14,N4060532227,Uribarri,37,126,3
2024-03-30,14,W420558992,Ibaiondo,37,39,3
2024-03-30,14,N11229801356,Ibaiondo,33,36,4
2024-03-30,14,N4254043797,Deusto,31,31,1
2024-03-30,14,N5056353256,Uribarri,30,30,4
2024-03-30,14,N5056184623,Errekalde,29,31,1
2024-03-30,14,W397099000,Ibaiondo,23,23,5
2024-03-30,14,N9607391207,Begona,22,22,1
2024-03-30,14,W28211432,Abando,20,43,7
2024-03-30,14,W123440604,Uribarri,19,27,5
2024-03-30,14,N4060532220,Otxarkoaga-Txurdinaga,16,19,3
2024-03-30,14,W485363913,Ibaiondo,15,60,6
2024-03-30,14,N5056437799,Deusto,15,24,2
2024-03-30,14,W111740255,Errekalde,14,28,2
2024-03-30,14,W290069950,Deusto,9,9,3
2024-03-30,14,W171882527,Abando,8,12,8
2024-03-30,14,W44016098,Abando,7,78,9
2024-03-30,14,W41688628,Abando,7,25,10
2024-03-30,14,N518227646,Abando,7,20,11
2024-03-30,14,N5301954699,Basurtu-Zorrotza,6,6,2
2024-03-30,14,W41415573,Errekalde,6,6,3
2024-03-30,14,N4508853267,Uribarri,5,68,6
2024-03-30,14,W162445376,Uribarri,5,5,7
2024-03-30,14,W28776478,Abando,4,79,12
2024-03-30,14,N4060532217,Otxarkoaga-Txurdinaga,4,41,4
2024-03-30,14,W185205688,Deusto,3,19,4
2024-03-30,14,W632988668,Basurtu-Zorrotza,3,3,3
2024-03-30,14,W163195554,Basurtu-Zorrotza,2,2,4
2024-03-30,14,W305622069,Begona,2,2,2
2024-03-30,14,W164512079,Otxarkoaga-Txurdinaga,1,34,5
2024-03-30,14,W376396126,Ibaiondo,1,1,7
2024-03-30,15,N4060532227,Uribarri,126,126,1
2024-03-30,15,W28776478,Abando,79,79,1
2024-03-30,15,W404432093,Ibaiondo,72,72,1
2024-03-30,15,N4508853267,Uribarri,68,68,2
2024-03-30,15,W485363913,Ibaiondo,60,60,2
2024-03-30,15,N5056379164,Abando,52,52,2
2024-03-30,15,W28211432,Abando,43,43,3
2024-03-30,15,N4060532217,Otxarkoaga-Txurdinaga,41,41,1
2024-03-30,15,W96337695,Abando,40,40,4
2024-03-30,15,N4060532216,Otxarkoaga-Txurdinaga,39,39,2
2024-03-30,15,N5056353256,Uribarri,30,30,3
2024-03-30,15,W44016098,Abando,25,78,5
2024-03-30,15,N5056437799,Deusto,24,24,1
2024-03-30,15,W397099000,Ibaiondo,23,23,3
2024-03-30,15,W110895854,Abando,22,71,6
2024-03-30,15,W111740255,Errekalde,20,28,1
2024-03-30,15,N518227646,Abando,20,20,7
2024-03-30,15,W123440604,Uribarri,19,27,4
2024-03-30,15,N4060532220,Otxarkoaga-Txurdinaga,17,19,3
2024-03-30,15,W185205688,Deusto,11,19,2
2024-03-30,15,W290069950,Deusto,9,9,3
2024-03-30,15,W171882527,Abando,8,12,8
2024-03-30,15,N5301954699,Basurtu-Zorrotza,6,6,1
2024-03-30,15,W41415573,Errekalde,6,6,2
2024-03-30,15,W151883539,Basurtu-Zorrotza,5,5,2
2024-03-30,15,W162445376,Uribarri,5,5,5
2024-03-30,15,W632988668,Basurtu-Zorrotza,3,3,3
2024-03-30,15,W163195554,Basurtu-Zorrotza,2,2,4
2024-03-30,15,W305622069,Begona,2,2,1
2024-03-30,15,W376396126,Ibaiondo,1,1,4
2024-03-30,16,N4060532227,Uribarri,126,126,1
2024-03-30,16,N3207631929,Abando,113,113,1
2024-03-30,16,W404432093,Ibaiondo,72,72,1
2024-03-30,16,N4508853267,Uribarri,68,68,2
2024-03-30,16,W110895854,Abando,67,71,2
2024-03-30,16,W485363913,Ibaiondo,59,60,2
2024-03-30,16,N5056379164,Abando,52,52,3
2024-03-30,16,W28211432,Abando,43,43,4
2024-03-30,16,N4060532217,Otxarkoaga-Txurdinaga,41,41,1
2024-03-30,16,W96337695,Abando,40,40,5
2024-03-30,16,N4060532216,Otxarkoaga-Txurdinaga,39,39,2
2024-03-30,16,N5056353256,Uribarri,30,30,3
2024-03-30,16,W397099000,Ibaiondo,23,23,3
2024-03-30,16,W111740255,Errekalde,20,28,1
2024-03-30,16,N518227646,Abando,20,20,6
2024-03-30,16,W123440604,Uribarri,19,27,4
2024-03-30,16,W185205688,Deusto,19,19,1
2024-03-30,16,N4060532220,Otxarkoaga-Txurdinaga,17,19,3
2024-03-30,16,W290069950,Deusto,9,9,2
2024-03-30,16,W171882527,Abando,8,12,7
2024-03-30,16,W44016098,Abando,7,78,8
2024-03-30,16,N5301954699,Basurtu-Zorrotza,6,6,1
2024-03-30,16,W41415573,Errekalde,6,6,2
2024-03-30,16,W151883539,Basurtu-Zorrotza,5,5,2
2024-03-30,16,W162445376,Uribarri,5,5,5
2024-03-30,16,W28776478,Abando,4,79,9
2024-03-30,16,W632988668,Basurtu-Zorrotza,3,3,3
2024-03-30,16,W163195554,Basurtu-Zorrotza,2,2,4
2024-03-30,16,W305622069,Begona,2,2,1
2024-03-30,16,W164512079,Otxarkoaga-Txurdinaga,1,34,4
2024-03-30,16,W376396126,Ibaiondo,1,1,4
2024-03-30,17,N4060532227,Uribarri,126,126,1
2024-03-30,17,N3207631929,Abando,113,113,1
2024-03-30,17,W404432093,Ibaiondo,72,72,1
2024-03-30,17,N4508853267,Uribarri,68,68,2
2024-03-30,17,W110895854,Abando,67,71,2
2024-03-30,17,W485363913,Ibaiondo,59,60,2
2024-03-30,17,N5056379164,Abando,52,52,3
2024-03-30,17,W28211432,Abando,43,43,4
2024-03-30,17,N4060532217,Otxarkoaga-Txurdinaga,41,41,1
2024-03-30,17,W96337695,Abando,40,40,5
2024-03-30,17,N4060532216,Otxarkoaga-Txurdinaga,39,39,2
2024-03-30,17,N5056353256,Uribarri,30,30,3
2024-03-30,17,W397099000,Ibaiondo,23,23,3
2024-03-30,17,W111740255,Errekalde,20,28,1
2024-03-30,17,N518227646,Abando,20,20,6
2024-03-30,17,W123440604,Uribarri,19,27,4
2024-03-30,17,W185205688,Deusto,19,19,1
2024-03-30,17,N4060532220,Otxarkoaga-Txurdinaga,17,19,3
2024-03-30,17,W290069950,Deusto,9,9,2
2024-03-30,17,W171882527,Abando,8,12,7
2024-03-30,17,W44016098,Abando,7,78,8
2024-03-30,17,N5301954699,Basurtu-Zorrotza,6,6,1
2024-03-30,17,W41415573,Errekalde,6,6,2
2024-03-30,17,W151883539,Basurtu-Zorrotza,5,5,2
2024-03-30,17,W162445376,Uribarri,5,5,5
2024-03-30,17,W28776478,Abando,4,79,9
2024-03-30,17,W632988668,Basurtu-Zorrotza,3,3,3
2024-03-30,17,W163195554,Basurtu-Zorrotza,2,2,4
2024-03-30,17,W305622069,Begona,2,2,1
2024-03-30,17,W164512079,Otxarkoaga-Txurdinaga,1,34,4
2024-03-30,17,W376396126,Ibaiondo,1,1,4
2024-03-30,18,N4060532227,Uribarri,126,126,1
2024-03-30,18,W41525574,Ibaiondo,114,114,1
2024-03-30,18,N3207631929,Abando,113,113,1
2024-03-30,18,W404432093,Ibaiondo,72,72,2
2024-03-30,18,N4508853267,Uribarri,68,68,2
2024-03-30,18,N4762096882,Abando,58,58,2
2024-03-30,18,N5056379164,Abando,52,52,3
2024-03-30,18,W28776478,Abando,50,79,4
2024-03-30,18,N1271964866,Abando,49,74,5
2024-03-30,18,N4060532217,Otxarkoaga-Txurdinaga,41,41,1
2024-03-30,18,W96337695,Abando,40,40,6
2024-03-30,18,N4060532216,Otxarkoaga-Txurdinaga,39,39,2
2024-03-30,18,W485363913,Ibaiondo,31,60,3
2024-03-30,18,N5056353256,Uribarri,30,30,3
2024-03-30,18,W163196945,Basurtu-Zorrotza,23,23,1
2024-03-30,18,W397099000,Ibaiondo,23,23,4
2024-03-30,18,W28211432,Abando,20,43,7
2024-03-30,18,W111740255,Errekalde,20,28,1
2024-03-30,18,W123440604,Uribarri,19,27,4
2024-03-30,18,W185205688,Deusto,19,19,1
2024-03-30,18,N4060532220,Otxarkoaga-Txurdinaga,17,19,3
2024-03-30,18,W44113519,Abando,9,34,8
2024-03-30,18,W290069950,Deusto,9,9,2
2024-03-30,18,W171882527,Abando,8,12,9
2024-03-30,18,N518227646,Abando,7,20,10
2024-03-30,18,N5301954699,Basurtu-Zorrotza,6,6,2
2024-03-30,18,W41415573,Errekalde,6,6,2
2024-03-30,18,W44016098,Abando,5,78,11
2024-03-30,18,W151883539,Basurtu-Zorrotza,5,5,3
2024-03-30,18,W162445376,Uribarri,5,5,5
2024-03-30,18,W632988668,Basurtu-Zorrotza,3,3,4
2024-03-30,18,W163195554,Basurtu-Zorrotza,2,2,5
2024-03-30,18,W305622069,Begona,2,2,1
2024-03-30,18,W164512079,Otxarkoaga-Txurdinaga,1,34,4
2024-03-30,18,W376396126,Ibaiondo,1,1,5
2024-03-30,19,N4060532227,Uribarri,126,126,1
2024-03-30,19,W41525574,Ibaiondo,114,114,1
2024-03-30,19,N3207631929,Abando,113,113,1
2024-03-30,19,W404432093,Ibaiondo,72,72,2
2024-03-30,19,N4508853267,Uribarri,68,68,2
2024-03-30,19,N4762096882,Abando,58,58,2
2024-03-30,19,N5056379164,Abando,52,52,3
2024-03-30,19,W28776478,Abando,50,79,4
2024-03-30,19,N1271964866,Abando,49,74,5
2024-03-30,19,N4060532217,Otxarkoaga-Txurdinaga,41,41,1
2024-03-30,19,W96337695,Abando,40,40,6
2024-03-30,19,N4060532216,Otxarkoaga-Txurdinaga,39,39,2
2024-03-30,19,W485363913,Ibaiondo,31,60,3
2024-03-30,19,N5056353256,Uribarri,30,30,3
2024-03-30,19,W163196945,Basurtu-Zorrotza,23,23,1
2024-03-30,19,W397099000,Ibaiondo,23,23,4
2024-03-30,19,W28211432,Abando,20,43,7
2024-03-30,19,W111740255,Errekalde,20,28,1
2024-03-30,19,W123440604,Uribarri,19,27,4
2024-03-30,19,W185205688,Deusto,19,19,1
2024-03-30,19,N4060532220,Otxarkoaga-Txurdinaga,17,19,3
2024-03-30,19,W44113519,Abando,9,34,8
2024-03-30,19,W290069950,Deusto,9,9,2
2024-03-30,19,W171882527,Abando,8,12,9
2024-03-30,19,N518227646,Abando,7,20,10
2024-03-30,19,N5301954699,Basurtu-Zorrotza,6,6,2
2024-03-30,19,W41415573,Errekalde,6,6,2
2024-03-30,19,W44016098,Abando,5,78,11
2024-03-30,19,W151883539,Basurtu-Zorrotza,5,5,3
2024-03-30,19,W162445376,Uribarri,5,5,5
2024-03-30,19,W632988668,Basurtu-Zorrotza,3,3,4
2024-03-30,19,W163195554,Basurtu-Zorrotza,2,2,5
2024-03-30,19,W305622069,Begona,2,2,1
2024-03-30,19,W164512079,Otxarkoaga-Txurdinaga,1,34,4
2024-03-30,19,W376396126,Ibaiondo,1,1,5
2024-03-30,20,N4060532227,Uribarri,126,126,1
2024-03-30,20,N3207631929,Abando,113,113,1
2024-03-30,20,W404432093,Ibaiondo,72,72,1
2024-03-30,20,N4508853267,Uribarri,68,68,2
2024-03-30,20,W485363913,Ibaiondo,60,60,2
2024-03-30,20,N4762096882,Abando,58,58,2
2024-03-30,20,N5056379164,Abando,52,52,3
2024-03-30,20,W28776478,Abando,50,79,4
2024-03-30,20,N1271964866,Abando,49,74,5
2024-03-30,20,N4060532217,Otxarkoaga-Txurdinaga,41,41,1
2024-03-30,20,W96337695,Abando,40,40,6
2024-03-30,20,N4060532216,Otxarkoaga-Txurdinaga,39,39,2
2024-03-30,20,N5056353256,Uribarri,30,30,3
2024-03-30,20,W397099000,Ibaiondo,23,23,3
2024-03-30,20,W28211432,Abando,20,43,7
2024-03-30,20,W111740255,Errekalde,20,28,1
2024-03-30,20,W123440604,Uribarri,19,27,4
2024-03-30,20,W185205688,Deusto,19,19,1
2024-03-30,20,N4060532220,Otxarkoaga-Txurdinaga,17,19,3
2024-03-30,20,W44113519,Abando,9,34,8
2024-03-30,20,W290069950,Deusto,9,9,2
2024-03-30,20,W171882527,Abando,8,12,9
2024-03-30,20,N5301954699,Basurtu-Zorrotza,6,6,1
2024-03-30,20,W41415573,Errekalde,6,6,2
2024-03-30,20,W44016098,Abando,5,78,10
2024-03-30,20,W151883539,Basurtu-Zorrotza,5,5,2
2024-03-30,20,W162445376,Uribarri,5,5,5
2024-03-30,20,W632988668,Basurtu-Zorrotza,3,3,3
2024-03-30,20,W163195554,Basurtu-Zorrotza,2,2,4
2024-03-30,20,W305622069,Begona,2,2,1
2024-03-30,20,W164512079,Otxarkoaga-Txurdinaga,1,34,4
2024-03-30,20,W376396126,Ibaiondo,1,1,4
2024-03-30,21,N4060532227,Uribarri,126,126,1
2024-03-30,21,W28776478,Abando,79,79,1
2024-03-30,21,N4508853267,Uribarri,68,68,2
2024-03-30,21,W485363913,Ibaiondo,60,60,1
2024-03-30,21,N5056379164,Abando,52,52,2
2024-03-30,21,N4060532217,Otxarkoaga-Txurdinaga,41,41,1
2024-03-30,21,W96337695,Abando,40,40,3
2024-03-30,21,N4060532216,Otxarkoaga-Txurdinaga,39,39,2
2024-03-30,21,N5056353256,Uribarri,30,30,3
2024-03-30,21,W44016098,Abando,25,78,4
2024-03-30,21,W397099000,Ibaiondo,23,23,2
2024-03-30,21,W111740255,Errekalde,20,28,1
2024-03-30,21,W123440604,Uribarri,19,27,4
2024-03-30,21,W185205688,Deusto,19,19,1
2024-03-30,21,N4060532220,Otxarkoaga-Txurdinaga,17,19,3
2024-03-30,21,W171882527,Abando,12,12,5
2024-03-30,21,W44113519,Abando,9,34,6
2024-03-30,21,W290069950,Deusto,9,9,2
2024-03-30,21,N5301954699,Basurtu-Zorrotza,6,6,1
2024-03-30,21,W41415573,Errekalde,6,6,2
2024-03-30,21,W151883539,Basurtu-Zorrotza,5,5,2
2024-03-30,21,W162445376,Uribarri,5,5,5
2024-03-30,21,W632988668,Basurtu-Zorrotza,3,3,3
2024-03-30,21,W163195554,Basurtu-Zorrotza,2,2,4
2024-03-30,21,W305622069,Begona,2,2,1
2024-03-30,21,W164512079,Otxarkoaga-Txurdinaga,1,34,4
2024-03-30,21,W376396126,Ibaiondo,1,1,3
2024-03-30,22,N4060532227,Uribarri,126,126,1
2024-03-30,22,W28776478,Abando,79,79,1
2024-03-30,22,N4508853267,Uribarri,68,68,2
2024-03-30,22,W485363913,Ibaiondo,60,60,1
2024-03-30,22,N5056379164,Abando,52,52,2
2024-03-30,22,N4060532217,Otxarkoaga-Txurdinaga,41,41,1
2024-03-30,22,N4060532216,Otxarkoaga-Txurdinaga,39,39,2
2024-03-30,22,N5056353256,Uribarri,30,30,3
2024-03-30,22,W397099000,Ibaiondo,23,23,2
2024-03-30,22,W111740255,Errekalde,20,28,1
2024-03-30,22,W123440604,Uribarri,19,27,4
2024-03-30,22,W185205688,Deusto,19,19,1
2024-03-30,22,N4060532220,Otxarkoaga-Txurdinaga,17,19,3
2024-03-30,22,W171882527,Abando,12,12,3
2024-03-30,22,W44113519,Abando,9,34,4
2024-03-30,22,W290069950,Deusto,9,9,2
2024-03-30,22,N5301954699,Basurtu-Zorrotza,6,6,1
2024-03-30,22,W41415573,Errekalde,6,6,2
2024-03-30,22,W151883539,Basurtu-Zorrotza,5,5,2
2024-03-30,22,W162445376,Uribarri,5,5,5
2024-03-30,22,W632988668,Basurtu-Zorrotza,3,3,3
2024-03-30,22,W163195554,Basurtu-Zorrotza,2,2,4
2024-03-30,22,W305622069,Begona,2,2,1
2024-03-30,22,W376396126,Ibaiondo,1,1,3
2024-03-30,23,N4060532227,Uribarri,126,126,1
2024-03-30,23,W28776478,Abando,79,79,1
2024-03-30,23,N4508853267,Uribarri,68,68,2
2024-03-30,23,W485363913,Ibaiondo,60,60,1
2024-03-30,23,N5056379164,Abando,52,52,2
2024-03-30,23,N4060532217,Otxarkoaga-Txurdinaga,41,41,1
2024-03-30,23,N4060532216,Otxarkoaga-Txurdinaga,39,39,2
2024-03-30,23,N5056353256,Uribarri,30,30,3
2024-03-30,23,W111740255,Errekalde,20,28,1
2024-03-30,23,N4060532220,Otxarkoaga-Txurdinaga,17,19,3
2024-03-30,23,W171882527,Abando,12,12,3
2024-03-30,23,W44113519,Abando,9,34,4
2024-03-30,23,N5301954699,Basurtu-Zorrotza,6,6,1
2024-03-30,23,W632988668,Basurtu-Zorrotza,3,3,2
2024-03-30,23,W163195554,Basurtu-Zorrotza,2,2,3
2024-03-31,0,N4060532227,Uribarri,126,126,1
2024-03-31,0,N4508853267,Uribarri,68,68,2
2024-03-31,0,W485363913,Ibaiondo,60,60,1
2024-03-31,0,N4060532217,Otxarkoaga-Txurdinaga,41,41,1
2024-03-31,0,N4060532216,Otxarkoaga-Txurdinaga,39,39,2
2024-03-31,0,N5056353256,Uribarri,30,30,3
2024-03-31,0,N4060532220,Otxarkoaga-Txurdinaga,17,19,3
2024-03-31,0,W163195554,Basurtu-Zorrotza,2,2,1
2024-03-31,1,N4060532227,Uribarri,126,126,1
2024-03-31,1,N4508853267,Uribarri,68,68,2
2024-03-31,1,W485363913,Ibaiondo,60,60,1
2024-03-31,1,N4060532217,Otxarkoaga-Txurdinaga,41,41,1
2024-03-31,1,N4060532216,Otxarkoaga-Txurdinaga,39,39,2
2024-03-31,1,N5056353256,Uribarri,30,30,3
2024-03-31,1,N4060532220,Otxarkoaga-Txurdinaga,17,19,3
2024-03-31,1,W163195554,Basurtu-Zorrotza,2,2,1
2024-03-31,2,N4060532227,Uribarri,126,126,1
2024-03-31,2,N4508853267,Uribarri,68,68,2
2024-03-31,2,W485363913,Ibaiondo,60,60,1
2024-03-31,2,N4060532217,Otxarkoaga-Txurdinaga,41,41,1
2024-03-31,2,N4060532216,Otxarkoaga-Txurdinaga,39,39,2
2024-03-31,2,N5056353256,Uribarri,30,30,3
2024-03-31,2,N4060532220,Otxarkoaga-Txurdinaga,17,19,3
2024-03-31,2,W163195554,Basurtu-Zorrotza,2,2,1
2024-03-31,3,N4060532227,Uribarri,126,126,1
2024-03-31,3,N4508853267,Uribarri,68,68,2
2024-03-31,3,W485363913,Ibaiondo,60,60,1
2024-03-31,3,N4060532217,Otxarkoaga-Txurdinaga,41,41,1
2024-03-31,3,N4060532216,Otxarkoaga-Txurdinaga,39,39,2
2024-03-31,3,N5056353256,Uribarri,30,30,3
2024-03-31,3,N4060532220,Otxarkoaga-Txurdinaga,17,19,3
2024-03-31,3,W163195554,Basurtu-Zorrotza,2,2,1
2024-03-31,4,N4060532227,Uribarri,126,126,1
2024-03-31,4,N4508853267,Uribarri,68,68,2
2024-03-31,4,W485363913,Ibaiondo,60,60,1
2024-03-31,4,N4060532217,Otxarkoaga-Txurdinaga,41,41,1
2024-03-31,4,N4060532216,Otxarkoaga-Txurdinaga,39,39,2
2024-03-31,4,N5056353256,Uribarri,30,30,3
2024-03-31,4,N4060532220,Otxarkoaga-Txurdinaga,17,19,3
2024-03-31,4,W163195554,Basurtu-Zorrotza,2,2,1
2024-03-31,5,N4060532227,Uribarri,126,126,1
2024-03-31,5,W28776478,Abando,79,79,1
2024-03-31,5,N4508853267,Uribarri,68,68,2
2024-03-31,5,W485363913,Ibaiondo,60,60,1
2024-03-31,5,N4060532217,Otxarkoaga-Txurdinaga,41,41,1
2024-03-31,5,N4060532216,Otxarkoaga-Txurdinaga,39,39,2
2024-03-31,5,N5056353256,Uribarri,30,30,3
2024-03-31,5,N4060532220,Otxarkoaga-Txurdinaga,17,19,3
2024-03-31,5,W163195554,Basurtu-Zorrotza,2,2,1
2024-03-31,6,N4060532227,Uribarri,126,126,1
2024-03-31,6,W28776478,Abando,79,79,1
2024-03-31,6,N4508853267,Uribarri,68,68,2
2024-03-31,6,W485363913,Ibaiondo,60,60,1
2024-03-31,6,N5056379164,Abando,52,52,2
2024-03-31,6,N4060532217,Otxarkoaga-Txurdinaga,41,41,1
2024-03-31,6,N4060532216,Otxarkoaga-Txurdinaga,39,39,2
2024-03-31,6,N5056353256,Uribarri,30,30,3
2024-03-31,6,W111740255,Errekalde,20,28,1
2024-03-31,6,N4060532220,Otxarkoaga-Txurdinaga,17,19,3
2024-03-31,6,W44113519,Abando,9,34,3
2024-03-31,6,N5301954699,Basurtu-Zorrotza,6,6,1
2024-03-31,6,W632988668,Basurtu-Zorrotza,3,3,2
2024-03-31,6,W163195554,Basurtu-Zorrotza,2,2,3
2024-03-31,7,N4060532227,Uribarri,126,126,1
2024-03-31,7,W28776478,Abando,79,79,1
2024-03-31,7,N4508853267,Uribarri,68,68,2
2024-03-31,7,W485363913,Ibaiondo,60,60,1
2024-03-31,7,N5056379164,Abando,52,52,2
2024-03-31,7,N4060532217,Otxarkoaga-Txurdinaga,41,41,1
2024-03-31,7,N4060532216,Otxarkoaga-Txurdinaga,39,39,2
2024-03-31,7,N5056353256,Uribarri,30,30,3
2024-03-31,7,W111740255,Errekalde,20,28,1
2024-03-31,7,N4060532220,Otxarkoaga-Txurdinaga,17,19,3
2024-03-31,7,W44113519,Abando,9,34,3
2024-03-31,7,N5301954699,Basurtu-Zorrotza,6,6,1
2024-03-31,7,W632988668,Basurtu-Zorrotza,3,3,2
2024-03-31,7,W163195554,Basurtu-Zorrotza,2,2,3
2024-03-31,8,N4060532227,Uribarri,126,126,1
2024-03-31,8,W28776478,Abando,79,79,1
2024-03-31,8,N4508853267,Uribarri,68,68,2
2024-03-31,8,W485363913,Ibaiondo,60,60,1
2024-03-31,8,N5056379164,Abando,52,52,2
2024-03-31,8,N4060532217,Otxarkoaga-Txurdinaga,41,41,1
2024-03-31,8,N4060532216,Otxarkoaga-Txurdinaga,39,39,2
2024-03-31,8,N5056353256,Uribarri,30,30,3
2024-03-31,8,W111740255,Errekalde,20,28,1
2024-03-31,8,N4060532220,Otxarkoaga-Txurdinaga,17,19,3
2024-03-31,8,W44113519,Abando,9,34,3
2024-03-31,8,N5301954699,Basurtu-Zorrotza,6,6,1
2024-03-31,8,W632988668,Basurtu-Zorrotza,3,3,2
2024-03-31,8,W163195554,Basurtu-Zorrotza,2,2,3
2024-03-31,9,N4060532227,Uribarri,126,126,1
2024-03-31,9,W28776478,Abando,79,79,1
2024-03-31,9,N4508853267,Uribarri,68,68,2
2024-03-31,9,W485363913,Ibaiondo,60,60,1
2024-03-31,9,N5056379164,Abando,52,52,2
2024-03-31,9,N4060532217,Otxarkoaga-Txurdinaga,41,41,1
2024-03-31,9,W96337695,Abando,40,40,3
2024-03-31,9,N4060532216,Otxarkoaga-Txurdinaga,39,39,2
2024-03-31,9,N5056353256,Uribarri,30,30,3
2024-03-31,9,W397099000,Ibaiondo,23,23,2
2024-03-31,9,W111740255,Errekalde,20,28,1
2024-03-31,9,W123440604,Uribarri,19,27,4
2024-03-31,9,W185205688,Deusto,19,19,1
2024-03-31,9,N4060532220,Otxarkoaga-Txurdinaga,17,19,3
2024-03-31,9,W44113519,Abando,9,34,4
2024-03-31,9,W290069950,Deusto,9,9,2
2024-03-31,9,N5301954699,Basurtu-Zorrotza,6,6,1
2024-03-31,9,W41415573,Errekalde,6,6,2
2024-03-31,9,W151883539,Basurtu-Zorrotza,5,5,2
2024-03-31,9,W162445376,Uribarri,5,5,5
2024-03-31,9,W185205681,Deusto,5,5,3
2024-03-31,9,W632988668,Basurtu-Zorrotza,3,3,3
2024-03-31,9,W163195554,Basurtu-Zorrotza,2,2,4
2024-03-31,9,W305622069,Begona,2,2,1
2024-03-31,9,W376396126,Ibaiondo,1,1,3
2024-03-31,10,N4060532227,Uribarri,126,126,1
2024-03-31,10,W41525574,Ibaiondo,114,114,1
2024-03-31,10,W28776478,Abando,79,79,1
2024-03-31,10,N1271964866,Abando,74,74,2
2024-03-31,10,W404432093,Ibaiondo,72,72,2
2024-03-31,10,N4508853267,Uribarri,68,68,2
2024-03-31,10,N5056379164,Abando,52,52,3
2024-03-31,10,N4060532217,Otxarkoaga-Txurdinaga,41,41,1
2024-03-31,10,W96337695,Abando,40,40,4
2024-03-31,10,N4060532216,Otxarkoaga-Txurdinaga,39,39,2
2024-03-31,10,W485363913,Ibaiondo,31,60,3
2024-03-31,10,N5056353256,Uribarri,30,30,3
2024-03-31,10,W397099000,Ibaiondo,23,23,4
2024-03-31,10,W28211432,Abando,20,43,5
2024-03-31,10,W111740255,Errekalde,20,28,1
2024-03-31,10,W123440604,Uribarri,19,27,4
2024-03-31,10,W185205688,Deusto,19,19,1
2024-03-31,10,N4060532220,Otxarkoaga-Txurdinaga,17,19,3
2024-03-31,10,W44113519,Abando,9,34,6
2024-03-31,10,W290069950,Deusto,9,9,2
2024-03-31,10,N5301954699,Basurtu-Zorrotza,6,6,1
2024-03-31,10,W41415573,Errekalde,6,6,2
2024-03-31,10,W151883539,Basurtu-Zorrotza,5,5,2
2024-03-31,10,W162445376,Uribarri,5,5,5
2024-03-31,10,W185205681,Deusto,5,5,3
2024-03-31,10,W632988668,Basurtu-Zorrotza,3,3,3
2024-03-31,10,W163195554,Basurtu-Zorrotza,2,2,4
2024-03-31,10,W305622069,Begona,2,2,1
2024-03-31,10,W376396126,Ibaiondo,1,1,5
2024-03-31,11,N4060532227,Uribarri,126,126,1
2024-03-31,11,W41525574,Ibaiondo,114,114,1
2024-03-31,11,N3207631929,Abando,113,113,1
2024-03-31,11,W404432093,Ibaiondo,72,72,2
2024-03-31,11,N4508853267,Uribarri,68,68,2
2024-03-31,11,N4762096882,Abando,58,58,2
2024-03-31,11,N5056379164,Abando,52,52,3
2024-03-31,11,W28776478,Abando,50,79,4
2024-03-31,11,N1271964866,Abando,49,74,5
2024-03-31,11,N4060532217,Otxarkoaga-Txurdinaga,41,41,1
2024-03-31,11,W96337695,Abando,40,40,6
2024-03-31,11,N4060532216,Otxarkoaga-Txurdinaga,39,39,2
2024-03-31,11,W485363913,Ibaiondo,31,60,3
2024-03-31,11,N5056353256,Uribarri,30,30,3
2024-03-31,11,W163196945,Basurtu-Zorrotza,23,23,1
2024-03-31,11,W397099000,Ibaiondo,23,23,4
2024-03-31,11,W28211432,Abando,20,43,7
2024-03-31,11,W111740255,Errekalde,20,28,1
2024-03-31,11,W123440604,Uribarri,19,27,4
2024-03-31,11,W185205688,Deusto,19,19,1
2024-03-31,11,N4060532220,Otxarkoaga-Txurdinaga,17,19,3
2024-03-31,11,W44113519,Abando,9,34,8
2024-03-31,11,W290069950,Deusto,9,9,2
2024-03-31,11,N518227646,Abando,7,20,9
2024-03-31,11,N5301954699,Basurtu-Zorrotza,6,6,2
2024-03-31,11,W41415573,Errekalde,6,6,2
2024-03-31,11,W151883539,Basurtu-Zorrotza,5,5,3
2024-03-31,11,W162445376,Uribarri,5,5,5
2024-03-31,11,W185205681,Deusto,5,5,3
2024-03-31,11,W632988668,Basurtu-Zorrotza,3,3,4
2024-03-31,11,W163195554,Basurtu-Zorrotza,2,2,5
2024-03-31,11,W305622069,Begona,2,2,1
2024-03-31,11,W376396126,Ibaiondo,1,1,5
2024-03-31,12,N4060532227,Uribarri,126,126,1
2024-03-31,12,W41525574,Ibaiondo,114,114,1
2024-03-31,12,N3207631929,Abando,113,113,1
2024-03-31,12,W404432093,Ibaiondo,72,72,2
2024-03-31,12,N4508853267,Uribarri,68,68,2
2024-03-31,12,N4762096882,Abando,58,58,2
2024-03-31,12,N5056379164,Abando,52,52,3
2024-03-31,12,W28776478,Abando,50,79,4
2024-03-31,12,N1271964866,Abando,49,74,5
2024-03-31,12,N4060532217,Otxarkoaga-Txurdinaga,41,41,1
2024-03-31,12,W96337695,Abando,40,40,6
2024-03-31,12,N4060532216,Otxarkoaga-Txurdinaga,39,39,2
2024-03-31,12,W485363913,Ibaiondo,31,60,3
2024-03-31,12,N5056353256,Uribarri,30,30,3
2024-03-31,12,W163196945,Basurtu-Zorrotza,23,23,1
2024-03-31,12,W397099000,Ibaiondo,23,23,4
2024-03-31,12,W28211432,Abando,20,43,7
2024-03-31,12,W111740255,Errekalde,20,28,1
2024-03-31,12,W123440604,Uribarri,19,27,4
2024-03-31,12,W185205688,Deusto,19,19,1
2024-03-31,12,N4060532220,Otxarkoaga-Txurdinaga,17,19,3
2024-03-31,12,W44113519,Abando,9,34,8
2024-03-31,12,W290069950,Deusto,9,9,2
2024-03-31,12,W171882527,Abando,8,12,9
2024-03-31,12,N518227646,Abando,7,20,10
2024-03-31,12,N5301954699,Basurtu-Zorrotza,6,6,2
2024-03-31,12,W41415573,Errekalde,6,6,2
2024-03-31,12,W151883539,Basurtu-Zorrotza,5,5,3
2024-03-31,12,W162445376,Uribarri,5,5,5
2024-03-31,12,W185205681,Deusto,5,5,3
2024-03-31,12,W632988668,Basurtu-Zorrotza,3,3,4
2024-03-31,12,W163195554,Basurtu-Zorrotza,2,2,5
2024-03-31,12,W305622069,Begona,2,2,1
2024-03-31,12,W376396126,Ibaiondo,1,1,5
2024-03-31,13,N4060532227,Uribarri,126,126,1
2024-03-31,13,N3207631929,Abando,113,113,1
2024-03-31,13,W404432093,Ibaiondo,72,72,1
2024-03-31,13,N4508853267,Uribarri,68,68,2
2024-03-31,13,W485363913,Ibaiondo,60,60,2
2024-03-31,13,N4762096882,Abando,58,58,2
2024-03-31,13,N5056379164,Abando,52,52,3
2024-03-31,13,W28776478,Abando,50,79,4
2024-03-31,13,N1271964866,Abando,49,74,5
2024-03-31,13,N4060532217,Otxarkoaga-Txurdinaga,41,41,1
2024-03-31,13,W96337695,Abando,40,40,6
2024-03-31,13,N4060532216,Otxarkoaga-Txurdinaga,39,39,2
2024-03-31,13,N5056353256,Uribarri,30,30,3
2024-03-31,13,W163196945,Basurtu-Zorrotza,23,23,1
2024-03-31,13,W397099000,Ibaiondo,23,23,3
2024-03-31,13,W28211432,Abando,20,43,7
2024-03-31,13,W111740255,Errekalde,20,28,1
2024-03-31,13,W123440604,Uribarri,19,27,4
2024-03-31,13,W185205688,Deusto,19,19,1
2024-03-31,13,N4060532220,Otxarkoaga-Txurdinaga,17,19,3
2024-03-31,13,W44113519,Abando,9,34,8
2024-03-31,13,W290069950,Deusto,9,9,2
2024-03-31,13,W171882527,Abando,8,12,9
2024-03-31,13,N518227646,Abando,7,20,10
2024-03-31,13,N5301954699,Basurtu-Zorrotza,6,6,2
2024-03-31,13,W41415573,Errekalde,6,6,2
2024-03-31,13,W151883539,Basurtu-Zorrotza,5,5,3
2024-03-31,13,W162445376,Uribarri,5,5,5
2024-03-31,13,W185205681,Deusto,5,5,3
2024-03-31,13,W632988668,Basurtu-Zorrotza,3,3,4
2024-03-31,13,W163195554,Basurtu-Zorrotza,2,2,5
2024-03-31,13,W305622069,Begona,2,2,1
2024-03-31,13,W376396126,Ibaiondo,1,1,4
2024-03-31,14,N4060532227,Uribarri,126,126,1
2024-03-31,14,N3207631929,Abando,113,113,1
2024-03-31,14,W404432093,Ibaiondo,72,72,1
2024-03-31,14,N4508853267,Uribarri,68,68,2
2024-03-31,14,W485363913,Ibaiondo,60,60,2
2024-03-31,14,N4762096882,Abando,58,58,2
2024-03-31,14,N5056379164,Abando,52,52,3
2024-03-31,14,W28776478,Abando,50,79,4
2024-03-31,14,N1271964866,Abando,49,74,5
2024-03-31,14,N4060532217,Otxarkoaga-Txurdinaga,41,41,1
2024-03-31,14,W96337695,Abando,40,40,6
2024-03-31,14,N4060532216,Otxarkoaga-Txurdinaga,39,39,2
2024-03-31,14,N5056353256,Uribarri,30,30,3
2024-03-31,14,W397099000,Ibaiondo,23,23,3
2024-03-31,14,W28211432,Abando,20,43,7
2024-03-31,14,W111740255,Errekalde,20,28,1
2024-03-31,14,W123440604,Uribarri,19,27,4
2024-03-31,14,W185205688,Deusto,19,19,1
2024-03-31,14,N4060532220,Otxarkoaga-Txurdinaga,17,19,3
2024-03-31,14,W44113519,Abando,9,34,8
2024-03-31,14,W290069950,Deusto,9,9,2
2024-03-31,14,W171882527,Abando,8,12,9
2024-03-31,14,N518227646,Abando,7,20,10
2024-03-31,14,N5301954699,Basurtu-Zorrotza,6,6,1
2024-03-31,14,W41415573,Errekalde,6,6,2
2024-03-31,14,W151883539,Basurtu-Zorrotza,5,5,2
2024-03-31,14,W162445376,Uribarri,5,5,5
2024-03-31,14,W185205681,Deusto,5,5,3
2024-03-31,14,W632988668,Basurtu-Zorrotza,3,3,3
2024-03-31,14,W163195554,Basurtu-Zorrotza,2,2,4
2024-03-31,14,W305622069,Begona,2,2,1
2024-03-31,14,W376396126,Ibaiondo,1,1,4
2024-03-31,15,N4060532227,Uribarri,126,126,1
2024-03-31,15,W28776478,Abando,79,79,1
2024-03-31,15,W404432093,Ibaiondo,72,72,1
2024-03-31,15,N4508853267,Uribarri,68,68,2
2024-03-31,15,W485363913,Ibaiondo,60,60,2
2024-03-31,15,N5056379164,Abando,52,52,2
2024-03-31,15,W28211432,Abando,43,43,3
2024-03-31,15,N4060532217,Otxarkoaga-Txurdinaga,41,41,1
2024-03-31,15,W96337695,Abando,40,40,4
2024-03-31,15,N4060532216,Otxarkoaga-Txurdinaga,39,39,2
2024-03-31,15,N5056353256,Uribarri,30,30,3
2024-03-31,15,W397099000,Ibaiondo,23,23,3
2024-03-31,15,W111740255,Errekalde,20,28,1
2024-03-31,15,N518227646,Abando,20,20,5
2024-03-31,15,W123440604,Uribarri,19,27,4
2024-03-31,15,W185205688,Deusto,19,19,1
2024-03-31,15,N4060532220,Otxarkoaga-Txurdinaga,17,19,3
2024-03-31,15,W44113519,Abando,9,34,6
2024-03-31,15,W290069950,Deusto,9,9,2
2024-03-31,15,W171882527,Abando,8,12,7
2024-03-31,15,N5301954699,Basurtu-Zorrotza,6,6,1
2024-03-31,15,W41415573,Errekalde,6,6,2
2024-03-31,15,W151883539,Basurtu-Zorrotza,5,5,2
2024-03-31,15,W162445376,Uribarri,5,5,5
2024-03-31,15,W632988668,Basurtu-Zorrotza,3,3,3
2024-03-31,15,W163195554,Basurtu-Zorrotza,2,2,4
2024-03-31,15,W305622069,Begona,2,2,1
2024-03-31,15,W376396126,Ibaiondo,1,1,4
2024-03-31,16,N4060532227,Uribarri,126,126,1
2024-03-31,16,W28776478,Abando,79,79,1
2024-03-31,16,N4508853267,Uribarri,68,68,2
2024-03-31,16,W485363913,Ibaiondo,60,60,1
2024-03-31,16,N5056379164,Abando,52,52,2
2024-03-31,16,N4060532217,Otxarkoaga-Txurdinaga,41,41,1
2024-03-31,16,W96337695,Abando,40,40,3
2024-03-31,16,N4060532216,Otxarkoaga-Txurdinaga,39,39,2
2024-03-31,16,N5056353256,Uribarri,30,30,3
2024-03-31,16,W111740255,Errekalde,20,28,1
2024-03-31,16,N518227646,Abando,20,20,4
2024-03-31,16,W123440604,Uribarri,19,27,4
2024-03-31,16,N4060532220,Otxarkoaga-Txurdinaga,17,19,3
2024-03-31,16,W171882527,Abando,12,12,5
2024-03-31,16,W44113519,Abando,9,34,6
2024-03-31,16,W290069950,Deusto,9,9,1
2024-03-31,16,N5301954699,Basurtu-Zorrotza,6,6,1
2024-03-31,16,W162445376,Uribarri,5,5,5
2024-03-31,16,W632988668,Basurtu-Zorrotza,3,3,2
2024-03-31,16,W163195554,Basurtu-Zorrotza,2,2,3
2024-03-31,17,N4060532227,Uribarri,126,126,1
2024-03-31,17,W28776478,Abando,79,79,1
2024-03-31,17,N4508853267,Uribarri,68,68,2
2024-03-31,17,W485363913,Ibaiondo,60,60,1
2024-03-31,17,N5056379164,Abando,52,52,2
2024-03-31,17,N4060532217,Otxarkoaga-Txurdinaga,41,41,1
2024-03-31,17,W96337695,Abando,40,40,3
2024-03-31,17,N4060532216,Otxarkoaga-Txurdinaga,39,39,2
2024-03-31,17,N5056353256,Uribarri,30,30,3
2024-03-31,17,W111740255,Errekalde,20,28,1
2024-03-31,17,N518227646,Abando,20,20,4
2024-03-31,17,W123440604,Uribarri,19,27,4
2024-03-31,17,N4060532220,Otxarkoaga-Txurdinaga,17,19,3
2024-03-31,17,W171882527,Abando,12,12,5
2024-03-31,17,W44113519,Abando,9,34,6
2024-03-31,17,W290069950,Deusto,9,9,1
2024-03-31,17,N5301954699,Basurtu-Zorrotza,6,6,1
2024-03-31,17,W162445376,Uribarri,5,5,5
2024-03-31,17,W632988668,Basurtu-Zorrotza,3,3,2
2024-03-31,17,W163195554,Basurtu-Zorrotza,2,2,3
2024-03-31,18,N4060532227,Uribarri,126,126,1
2024-03-31,18,W41525574,Ibaiondo,114,114,1
2024-03-31,18,W28776478,Abando,79,79,1
2024-03-31,18,N4508853267,Uribarri,68,68,2
2024-03-31,18,N4762096882,Abando,58,58,2
2024-03-31,18,N5056379164,Abando,52,52,3
2024-03-31,18,N4060532217,Otxarkoaga-Txurdinaga,41,41,1
2024-03-31,18,W96337695,Abando,40,40,4
2024-03-31,18,N4060532216,Otxarkoaga-Txurdinaga,39,39,2
2024-03-31,18,W485363913,Ibaiondo,31,60,2
2024-03-31,18,N5056353256,Uribarri,30,30,3
2024-03-31,18,W163196945,Basurtu-Zorrotza,23,23,1
2024-03-31,18,W111740255,Errekalde,20,28,1
2024-03-31,18,W123440604,Uribarri,19,27,4
2024-03-31,18,N4060532220,Otxarkoaga-Txurdinaga,17,19,3
2024-03-31,18,W171882527,Abando,12,12,5
2024-03-31,18,W44113519,Abando,9,34,6
2024-03-31,18,W290069950,Deusto,9,9,1
2024-03-31,18,N518227646,Abando,7,20,7
2024-03-31,18,N5301954699,Basurtu-Zorrotza,6,6,2
2024-03-31,18,W162445376,Uribarri,5,5,5
2024-03-31,18,W632988668,Basurtu-Zorrotza,3,3,3
2024-03-31,18,W163195554,Basurtu-Zorrotza,2,2,4
2024-03-31,19,N4060532227,Uribarri,126,126,1
2024-03-31,19,W41525574,Ibaiondo,114,114,1
2024-03-31,19,W28776478,Abando,79,79,1
2024-03-31,19,N4508853267,Uribarri,68,68,2
2024-03-31,19,N4762096882,Abando,58,58,2
2024-03-31,19,N5056379164,Abando,52,52,3
2024-03-31,19,N4060532217,Otxarkoaga-Txurdinaga,41,41,1
2024-03-31,19,W96337695,Abando,40,40,4
2024-03-31,19,N4060532216,Otxarkoaga-Txurdinaga,39,39,2
2024-03-31,19,W485363913,Ibaiondo,31,60,2
2024-03-31,19,N5056353256,Uribarri,30,30,3
2024-03-31,19,W163196945,Basurtu-Zorrotza,23,23,1
2024-03-31,19,W111740255,Errekalde,20,28,1
2024-03-31,19,W123440604,Uribarri,19,27,4
2024-03-31,19,N4060532220,Otxarkoaga-Txurdinaga,17,19,3
2024-03-31,19,W171882527,Abando,12,12,5
2024-03-31,19,W44113519,Abando,9,34,6
2024-03-31,19,W290069950,Deusto,9,9,1
2024-03-31,19,N518227646,Abando,7,20,7
2024-03-31,19,N5301954699,Basurtu-Zorrotza,6,6,2
2024-03-31,19,W162445376,Uribarri,5,5,5
2024-03-31,19,W632988668,Basurtu-Zorrotza,3,3,3
2024-03-31,19,W163195554,Basurtu-Zorrotza,2,2,4
2024-03-31,20,N4060532227,Uribarri,126,126,1
2024-03-31,20,W28776478,Abando,79,79,1
2024-03-31,20,N4508853267,Uribarri,68,68,2
2024-03-31,20,W485363913,Ibaiondo,60,60,1
2024-03-31,20,N4762096882,Abando,58,58,2
2024-03-31,20,N5056379164,Abando,52,52,3
2024-03-31,20,N4060532217,Otxarkoaga-Txurdinaga,41,41,1
2024-03-31,20,W96337695,Abando,40,40,4
2024-03-31,20,N4060532216,Otxarkoaga-Txurdinaga,39,39,2
2024-03-31,20,N5056353256,Uribarri,30,30,3
2024-03-31,20,W111740255,Errekalde,20,28,1
2024-03-31,20,W123440604,Uribarri,19,27,4
2024-03-31,20,N4060532220,Otxarkoaga-Txurdinaga,17,19,3
2024-03-31,20,W171882527,Abando,12,12,5
2024-03-31,20,W44113519,Abando,9,34,6
2024-03-31,20,N5301954699,Basurtu-Zorrotza,6,6,1
2024-03-31,20,W632988668,Basurtu-Zorrotza,3,3,2
2024-03-31,20,W123440625,Uribarri,2,2,5
2024-03-31,20,W163195554,Basurtu-Zorrotza,2,2,3
2024-03-31,21,N4060532227,Uribarri,126,126,1
2024-03-31,21,W28776478,Abando,79,79,1
2024-03-31,21,N4508853267,Uribarri,68,68,2
2024-03-31,21,W485363913,Ibaiondo,60,60,1
2024-03-31,21,N5056379164,Abando,52,52,2
2024-03-31,21,N4060532217,Otxarkoaga-Txurdinaga,41,41,1
2024-03-31,21,W96337695,Abando,40,40,3
2024-03-31,21,N4060532216,Otxarkoaga-Txurdinaga,39,39,2
2024-03-31,21,N5056353256,Uribarri,30,30,3
2024-03-31,21,W111740255,Errekalde,20,28,1
2024-03-31,21,W123440604,Uribarri,19,27,4
2024-03-31,21,N4060532220,Otxarkoaga-Txurdinaga,17,19,3
2024-03-31,21,W171882527,Abando,12,12,4
2024-03-31,21,W44113519,Abando,9,34,5
2024-03-31,21,N5301954699,Basurtu-Zorrotza,6,6,1
2024-03-31,21,W632988668,Basurtu-Zorrotza,3,3,2
2024-03-31,21,W123440625,Uribarri,2,2,5
2024-03-31,21,W163195554,Basurtu-Zorrotza,2,2,3
2024-03-31,22,N4060532227,Uribarri,126,126,1
2024-03-31,22,W28776478,Abando,79,79,1
2024-03-31,22,N4508853267,Uribarri,68,68,2
2024-03-31,22,W485363913,Ibaiondo,60,60,1
2024-03-31,22,N5056379164,Abando,52,52,2
2024-03-31,22,N4060532217,Otxarkoaga-Txurdinaga,41,41,1
2024-03-31,22,N4060532216,Otxarkoaga-Txurdinaga,39,39,2
2024-03-31,22,N5056353256,Uribarri,30,30,3
2024-03-31,22,W111740255,Errekalde,20,28,1
2024-03-31,22,W123440604,Uribarri,19,27,4
2024-03-31,22,N4060532220,Otxarkoaga-Txurdinaga,17,19,3
2024-03-31,22,W171882527,Abando,12,12,3
2024-03-31,22,W44113519,Abando,9,34,4
2024-03-31,22,N5301954699,Basurtu-Zorrotza,6,6,1
2024-03-31,22,W632988668,Basurtu-Zorrotza,3,3,2
2024-03-31,22,W123440625,Uribarri,2,2,5
2024-03-31,22,W163195554,Basurtu-Zorrotza,2,2,3
2024-03-31,23,N4060532227,Uribarri,126,126,1
2024-03-31,23,W28776478,Abando,79,79,1
2024-03-31,23,N4508853267,Uribarri,68,68,2
2024-03-31,23,W485363913,Ibaiondo,60,60,1
2024-03-31,23,N5056379164,Abando,52,52,2
2024-03-31,23,N4060532217,Otxarkoaga-Txurdinaga,41,41,1
2024-03-31,23,N4060532216,Otxarkoaga-Txurdinaga,39,39,2
2024-03-31,23,N5056353256,Uribarri,30,30,3
2024-03-31,23,W111740255,Errekalde,20,28,1
2024-03-31,23,N4060532220,Otxarkoaga-Txurdinaga,17,19,3
2024-03-31,23,W171882527,Abando,12,12,3
2024-03-31,23,W44113519,Abando,9,34,4
2024-03-31,23,N5301954699,Basurtu-Zorrotza,6,6,1
2024-03-31,23,W632988668,Basurtu-Zorrotza,3,3,2
2024-03-31,23,W163195554,Basurtu-Zorrotza,2,2,3
