date,hour_of_day,osmid,subarea,help_convined,help_independent,rank
2024-08-12,5,N4060532227,Uribarri,299,299,1
2024-08-12,5,W485363913,Ibaiondo,179,179,1
2024-08-12,5,N5056353256,Uribarri,168,168,2
2024-08-12,5,W28776478,Abando,152,172,1
2024-08-12,5,N4060532217,Otxarkoaga-Txurdinaga,98,98,1
2024-08-12,5,N4508853267,Uribarri,95,192,3
2024-08-12,5,N4060532216,Otxarkoaga-Txurdinaga,91,91,2
2024-08-12,5,W163195554,Basurtu-Zorrotza,67,67,1
2024-08-12,5,N4060532220,Otxarkoaga-Txurdinaga,21,67,3
2024-08-12,6,N4060532227,Uribarri,299,299,1
2024-08-12,6,W485363913,Ibaiondo,179,179,1
2024-08-12,6,N5056353256,Uribarri,168,168,2
2024-08-12,6,W28776478,Abando,152,172,1
2024-08-12,6,N5056379164,Abando,146,146,2
2024-08-12,6,N4060532217,Otxarkoaga-Txurdinaga,98,98,1
2024-08-12,6,N4508853267,Uribarri,95,192,3
2024-08-12,6,N4060532216,Otxarkoaga-Txurdinaga,91,91,2
2024-08-12,6,W111740255,Errekalde,39,115,1
2024-08-12,6,W163195554,Basurtu-Zorrotza,30,67,1
2024-08-12,6,N4060532220,Otxarkoaga-Txurdinaga,21,67,3
2024-08-12,6,N5301954699,Basurtu-Zorrotza,10,10,2
2024-08-12,6,W44113519,Abando,3,150,3
2024-08-12,7,N4060532227,Uribarri,299,299,1
2024-08-12,7,W485363913,Ibaiondo,179,179,1
2024-08-12,7,N5056353256,Uribarri,168,168,2
2024-08-12,7,W28776478,Abando,152,172,1
2024-08-12,7,N5056379164,Abando,146,146,2
2024-08-12,7,N4060532217,Otxarkoaga-Txurdinaga,98,98,1
2024-08-12,7,N4508853267,Uribarri,95,192,3
2024-08-12,7,N4060532216,Otxarkoaga-Txurdinaga,91,91,2
2024-08-12,7,W111740255,Errekalde,39,115,1
2024-08-12,7,W163195554,Basurtu-Zorrotza,30,67,1
2024-08-12,7,N4060532220,Otxarkoaga-Txurdinaga,21,67,3
2024-08-12,7,N5301954699,Basurtu-Zorrotza,10,10,2
2024-08-12,7,W44113519,Abando,3,150,3
2024-08-12,8,N4060532227,Uribarri,299,299,1
2024-08-12,8,W485363913,Ibaiondo,179,179,1
2024-08-12,8,N5056353256,Uribarri,168,168,2
2024-08-12,8,W28776478,Abando,152,172,1
2024-08-12,8,N5056379164,Abando,146,146,2
2024-08-12,8,N5056356248,Uribarri,114,264,3
2024-08-12,8,N4060532217,Otxarkoaga-Txurdinaga,98,98,1
2024-08-12,8,N4060532216,Otxarkoaga-Txurdinaga,91,91,2
2024-08-12,8,W41688628,Abando,57,98,3
2024-08-12,8,N5056437799,Deusto,53,53,1
2024-08-12,8,N5056355015,Uribarri,39,268,4
2024-08-12,8,W111740255,Errekalde,39,115,1
2024-08-12,8,W163195554,Basurtu-Zorrotza,30,67,1
2024-08-12,8,N4060532220,Otxarkoaga-Txurdinaga,21,67,3
2024-08-12,8,N5301954699,Basurtu-Zorrotza,10,10,2
2024-08-12,8,W123440604,Uribarri,9,100,5
2024-08-12,8,N4508853267,Uribarri,6,192,6
2024-08-12,8,W123440625,Uribarri,4,4,7
2024-08-12,8,W44113519,Abando,3,150,4
2024-08-12,9,N4060532227,Uribarri,299,299,1
2024-08-12,9,W108497734,Ibaiondo,265,265,1
2024-08-12,9,W108504682,Abando,182,182,1
2024-08-12,9,N5056353256,Uribarri,168,168,2
2024-08-12,9,N5056328910,Begona,152,152,1
2024-08-12,9,N5056379164,Abando,146,146,2
2024-08-12,9,N5056356248,Uribarri,114,264,3
2024-08-12,9,N11229807742,Basurtu-Zorrotza,113,113,1
2024-08-12,9,N11229801356,Ibaiondo,111,111,2
2024-08-12,9,W164512079,Otxarkoaga-Txurdinaga,108,108,1
2024-08-12,9,N4761972760,Abando,97,98,3
2024-08-12,9,N9607391207,Begona,90,99,2
2024-08-12,9,N4060532216,Otxarkoaga-Txurdinaga,86,91,2
2024-08-12,9,W96337695,Abando,66,113,4
2024-08-12,9,N9607455457,Errekalde,64,65,1
2024-08-12,9,N4731925117,Abando,59,80,5
2024-08-12,9,N5056437799,Deusto,53,53,1
2024-08-12,9,N5056183351,Errekalde,51,88,2
2024-08-12,9,N10308519810,Deusto,48,48,2
2024-08-12,9,N5056088727,Ibaiondo,41,218,3
2024-08-12,9,W48045715,Uribarri,39,268,4
2024-08-12,9,W110895854,Abando,36,216,6
2024-08-12,9,W185205681,Deusto,35,35,3
2024-08-12,9,W420558992,Ibaiondo,30,197,4
2024-08-12,9,W111740255,Errekalde,27,115,3
2024-08-12,9,N4060532217,Otxarkoaga-Txurdinaga,18,98,3
2024-08-12,9,W163195554,Basurtu-Zorrotza,17,67,2
2024-08-12,9,N9607363904,Uribarri,10,88,5
2024-08-12,9,N5301954699,Basurtu-Zorrotza,10,10,3
2024-08-12,9,W248634544,Uribarri,8,149,6
2024-08-12,9,W123440625,Uribarri,4,4,7
2024-08-12,9,W28776478,Abando,1,172,7
2024-08-12,9,N4060532220,Otxarkoaga-Txurdinaga,1,67,4
2024-08-12,10,N4060532227,Uribarri,299,299,1
2024-08-12,10,W41525574,Ibaiondo,271,271,1
2024-08-12,10,W44016098,Abando,192,192,1
2024-08-12,10,N5056353256,Uribarri,168,168,2
2024-08-12,10,N5056379164,Abando,146,146,2
2024-08-12,10,N5056328910,Begona,130,152,1
2024-08-12,10,W404432093,Ibaiondo,119,192,2
2024-08-12,10,N5056356248,Uribarri,114,264,3
2024-08-12,10,N11229807742,Basurtu-Zorrotza,113,113,1
2024-08-12,10,W164512079,Otxarkoaga-Txurdinaga,108,108,1
2024-08-12,10,W28211432,Abando,103,103,3
2024-08-12,10,N9607391207,Begona,90,99,2
2024-08-12,10,N5056183351,Errekalde,88,88,1
2024-08-12,10,N4060532216,Otxarkoaga-Txurdinaga,86,91,2
2024-08-12,10,W96337695,Abando,76,113,4
2024-08-12,10,N4761972760,Abando,68,98,5
2024-08-12,10,N9607455457,Errekalde,64,65,2
2024-08-12,10,N5056437799,Deusto,53,53,1
2024-08-12,10,N10308519810,Deusto,48,48,2
2024-08-12,10,W48045715,Uribarri,39,268,4
2024-08-12,10,N4731925117,Abando,38,80,6
2024-08-12,10,W185205681,Deusto,35,35,3
2024-08-12,10,W111740255,Errekalde,27,115,3
2024-08-12,10,N4060532217,Otxarkoaga-Txurdinaga,18,98,3
2024-08-12,10,W163195554,Basurtu-Zorrotza,17,67,2
2024-08-12,10,W248634544,Uribarri,15,149,5
2024-08-12,10,N11229801356,Ibaiondo,14,111,3
2024-08-12,10,N9607363904,Uribarri,10,88,6
2024-08-12,10,N5301954699,Basurtu-Zorrotza,10,10,3
2024-08-12,10,W420558992,Ibaiondo,6,197,4
2024-08-12,10,W108504682,Abando,6,182,7
2024-08-12,10,W123440625,Uribarri,4,4,7
2024-08-12,10,N5056088727,Ibaiondo,3,218,5
2024-08-12,10,W28776478,Abando,1,172,8
2024-08-12,10,N4060532220,Otxarkoaga-Txurdinaga,1,67,4
2024-08-12,11,N4060532227,Uribarri,299,299,1
2024-08-12,11,W41525574,Ibaiondo,271,271,1
2024-08-12,11,W44016098,Abando,192,192,1
2024-08-12,11,N5056353256,Uribarri,168,168,2
2024-08-12,11,N5056379164,Abando,146,146,2
2024-08-12,11,N5056328910,Begona,130,152,1
2024-08-12,11,W404432093,Ibaiondo,119,192,2
2024-08-12,11,N5056356248,Uribarri,114,264,3
2024-08-12,11,N11229807742,Basurtu-Zorrotza,113,113,1
2024-08-12,11,W164512079,Otxarkoaga-Txurdinaga,108,108,1
2024-08-12,11,W28211432,Abando,103,103,3
2024-08-12,11,N9607391207,Begona,90,99,2
2024-08-12,11,N5056183351,Errekalde,88,88,1
2024-08-12,11,N4060532216,Otxarkoaga-Txurdinaga,86,91,2
2024-08-12,11,W96337695,Abando,76,113,4
2024-08-12,11,N4761972760,Abando,68,98,5
2024-08-12,11,N9607455457,Errekalde,64,65,2
2024-08-12,11,N5056437799,Deusto,53,53,1
2024-08-12,11,N10308519810,Deusto,48,48,2
2024-08-12,11,W48045715,Uribarri,39,268,4
2024-08-12,11,N4731925117,Abando,38,80,6
2024-08-12,11,W185205681,Deusto,35,35,3
2024-08-12,11,W111740255,Errekalde,27,115,3
2024-08-12,11,W163196945,Basurtu-Zorrotza,27,27,2
2024-08-12,11,N4060532217,Otxarkoaga-Txurdinaga,18,98,3
2024-08-12,11,W163195554,Basurtu-Zorrotza,17,67,3
2024-08-12,11,W248634544,Uribarri,15,149,5
2024-08-12,11,N11229801356,Ibaiondo,14,111,3
2024-08-12,11,N9607363904,Uribarri,10,88,6
2024-08-12,11,N5301954699,Basurtu-Zorrotza,10,10,4
2024-08-12,11,W420558992,Ibaiondo,6,197,4
2024-08-12,11,W108504682,Abando,6,182,7
2024-08-12,11,W123440625,Uribarri,4,4,7
2024-08-12,11,N5056088727,Ibaiondo,3,218,5
2024-08-12,11,W28776478,Abando,1,172,8
2024-08-12,11,N4762096882,Abando,1,94,9
2024-08-12,11,N4060532220,Otxarkoaga-Txurdinaga,1,67,4
2024-08-12,12,N4060532227,Uribarri,299,299,1
2024-08-12,12,W41525574,Ibaiondo,271,271,1
2024-08-12,12,W44016098,Abando,192,192,1
2024-08-12,12,N5056353256,Uribarri,168,168,2
2024-08-12,12,N5056379164,Abando,146,146,2
2024-08-12,12,N5056328910,Begona,130,152,1
2024-08-12,12,W404432093,Ibaiondo,119,192,2
2024-08-12,12,N5056356248,Uribarri,114,264,3
2024-08-12,12,N11229807742,Basurtu-Zorrotza,113,113,1
2024-08-12,12,W164512079,Otxarkoaga-Txurdinaga,108,108,1
2024-08-12,12,W28211432,Abando,103,103,3
2024-08-12,12,N9607391207,Begona,90,99,2
2024-08-12,12,N5056183351,Errekalde,88,88,1
2024-08-12,12,N4060532216,Otxarkoaga-Txurdinaga,86,91,2
2024-08-12,12,W96337695,Abando,76,113,4
2024-08-12,12,N4761972760,Abando,68,98,5
2024-08-12,12,N9607455457,Errekalde,64,65,2
2024-08-12,12,N5056437799,Deusto,53,53,1
2024-08-12,12,N10308519810,Deusto,48,48,2
2024-08-12,12,W48045715,Uribarri,39,268,4
2024-08-12,12,N4731925117,Abando,38,80,6
2024-08-12,12,W185205681,Deusto,35,35,3
2024-08-12,12,W111740255,Errekalde,27,115,3
2024-08-12,12,W163196945,Basurtu-Zorrotza,27,27,2
2024-08-12,12,N4060532217,Otxarkoaga-Txurdinaga,18,98,3
2024-08-12,12,W163195554,Basurtu-Zorrotza,17,67,3
2024-08-12,12,W248634544,Uribarri,15,149,5
2024-08-12,12,N11229801356,Ibaiondo,14,111,3
2024-08-12,12,N9607363904,Uribarri,10,88,6
2024-08-12,12,N5301954699,Basurtu-Zorrotza,10,10,4
2024-08-12,12,W420558992,Ibaiondo,6,197,4
2024-08-12,12,W108504682,Abando,6,182,7
2024-08-12,12,W123440625,Uribarri,4,4,7
2024-08-12,12,N5056088727,Ibaiondo,3,218,5
2024-08-12,12,W28776478,Abando,1,172,8
2024-08-12,12,N4762096882,Abando,1,94,9
2024-08-12,12,N4060532220,Otxarkoaga-Txurdinaga,1,67,4
2024-08-12,13,N4060532227,Uribarri,299,299,1
2024-08-12,13,W108497734,Ibaiondo,265,265,1
2024-08-12,13,W108504682,Abando,182,182,1
2024-08-12,13,N5056353256,Uribarri,168,168,2
2024-08-12,13,N5056328910,Begona,152,152,1
2024-08-12,13,N5056379164,Abando,146,146,2
2024-08-12,13,N5056356248,Uribarri,114,264,3
2024-08-12,13,N11229807742,Basurtu-Zorrotza,113,113,1
2024-08-12,13,N11229801356,Ibaiondo,111,111,2
2024-08-12,13,W164512079,Otxarkoaga-Txurdinaga,108,108,1
2024-08-12,13,N4761972760,Abando,97,98,3
2024-08-12,13,N9607391207,Begona,90,99,2
2024-08-12,13,N4060532216,Otxarkoaga-Txurdinaga,86,91,2
2024-08-12,13,W96337695,Abando,66,113,4
2024-08-12,13,N9607455457,Errekalde,64,65,1
2024-08-12,13,N4731925117,Abando,59,80,5
2024-08-12,13,N5056437799,Deusto,53,53,1
2024-08-12,13,N5056183351,Errekalde,51,88,2
2024-08-12,13,N10308519810,Deusto,48,48,2
2024-08-12,13,N5056088727,Ibaiondo,41,218,3
2024-08-12,13,N5056355015,Uribarri,39,268,4
2024-08-12,13,W110895854,Abando,36,216,6
2024-08-12,13,W185205681,Deusto,35,35,3
2024-08-12,13,W420558992,Ibaiondo,30,197,4
2024-08-12,13,W111740255,Errekalde,27,115,3
2024-08-12,13,W163196945,Basurtu-Zorrotza,27,27,2
2024-08-12,13,W28211432,Abando,23,103,7
2024-08-12,13,N4060532217,Otxarkoaga-Txurdinaga,18,98,3
2024-08-12,13,W163195554,Basurtu-Zorrotza,17,67,3
2024-08-12,13,N9607363904,Uribarri,10,88,5
2024-08-12,13,N5301954699,Basurtu-Zorrotza,10,10,4
2024-08-12,13,N4508853267,Uribarri,8,192,6
2024-08-12,13,W123440625,Uribarri,4,4,7
2024-08-12,13,W404432093,Ibaiondo,1,192,5
2024-08-12,13,W44016098,Abando,1,192,8
2024-08-12,13,W28776478,Abando,1,172,9
2024-08-12,13,N4762096882,Abando,1,94,10
2024-08-12,13,N4060532220,Otxarkoaga-Txurdinaga,1,67,4
2024-08-12,14,N4060532227,Uribarri,299,299,1
2024-08-12,14,W108497734,Ibaiondo,265,265,1
2024-08-12,14,W108504682,Abando,182,182,1
2024-08-12,14,N5056353256,Uribarri,168,168,2
2024-08-12,14,N5056379164,Abando,146,146,2
2024-08-12,14,N5056356248,Uribarri,114,264,3
2024-08-12,14,N4060532217,Otxarkoaga-Txurdinaga,98,98,1
2024-08-12,14,W404432093,Ibaiondo,97,192,2
2024-08-12,14,N4761972760,Abando,97,98,3
2024-08-12,14,N4060532216,Otxarkoaga-Txurdinaga,91,91,2
2024-08-12,14,W96337695,Abando,66,113,4
2024-08-12,14,W28211432,Abando,57,103,5
2024-08-12,14,N5056437799,Deusto,53,53,1
2024-08-12,14,N5056355015,Uribarri,39,268,4
2024-08-12,14,W111740255,Errekalde,39,115,1
2024-08-12,14,W110895854,Abando,36,216,6
2024-08-12,14,N4060532220,Otxarkoaga-Txurdinaga,21,67,3
2024-08-12,14,W41688628,Abando,17,98,7
2024-08-12,14,W163195554,Basurtu-Zorrotza,17,67,1
2024-08-12,14,N5301954699,Basurtu-Zorrotza,10,10,2
2024-08-12,14,W123440604,Uribarri,9,100,5
2024-08-12,14,N4508853267,Uribarri,8,192,6
2024-08-12,14,W123440625,Uribarri,4,4,7
2024-08-12,14,W44016098,Abando,1,192,8
2024-08-12,14,W28776478,Abando,1,172,9
2024-08-12,14,N4762096882,Abando,1,94,10
2024-08-12,15,N4060532227,Uribarri,299,299,1
2024-08-12,15,W108497734,Ibaiondo,265,265,1
2024-08-12,15,W108504682,Abando,182,182,1
2024-08-12,15,N5056353256,Uribarri,168,168,2
2024-08-12,15,N5056379164,Abando,146,146,2
2024-08-12,15,N4060532217,Otxarkoaga-Txurdinaga,98,98,1
2024-08-12,15,N4508853267,Uribarri,97,192,3
2024-08-12,15,W404432093,Ibaiondo,97,192,2
2024-08-12,15,W28211432,Abando,94,103,3
2024-08-12,15,N4060532216,Otxarkoaga-Txurdinaga,91,91,2
2024-08-12,15,W96337695,Abando,58,113,4
2024-08-12,15,W111740255,Errekalde,39,115,1
2024-08-12,15,W110895854,Abando,36,216,5
2024-08-12,15,W163195554,Basurtu-Zorrotza,30,67,1
2024-08-12,15,N4060532220,Otxarkoaga-Txurdinaga,21,67,3
2024-08-12,15,N5301954699,Basurtu-Zorrotza,10,10,2
2024-08-12,15,W123440604,Uribarri,9,100,4
2024-08-12,15,W123440625,Uribarri,4,4,5
2024-08-12,15,W171882527,Abando,3,31,6
2024-08-12,15,W44016098,Abando,1,192,7
2024-08-12,15,W28776478,Abando,1,172,8
2024-08-12,16,N4060532227,Uribarri,299,299,1
2024-08-12,16,W108497734,Ibaiondo,265,265,1
2024-08-12,16,W108504682,Abando,182,182,1
2024-08-12,16,N5056353256,Uribarri,168,168,2
2024-08-12,16,N5056379164,Abando,146,146,2
2024-08-12,16,N4060532217,Otxarkoaga-Txurdinaga,98,98,1
2024-08-12,16,N4508853267,Uribarri,97,192,3
2024-08-12,16,W404432093,Ibaiondo,97,192,2
2024-08-12,16,W28211432,Abando,94,103,3
2024-08-12,16,N4060532216,Otxarkoaga-Txurdinaga,91,91,2
2024-08-12,16,W96337695,Abando,58,113,4
2024-08-12,16,W111740255,Errekalde,39,115,1
2024-08-12,16,W110895854,Abando,36,216,5
2024-08-12,16,W163195554,Basurtu-Zorrotza,30,67,1
2024-08-12,16,N4060532220,Otxarkoaga-Txurdinaga,21,67,3
2024-08-12,16,N5301954699,Basurtu-Zorrotza,10,10,2
2024-08-12,16,W123440604,Uribarri,9,100,4
2024-08-12,16,W123440625,Uribarri,4,4,5
2024-08-12,16,W171882527,Abando,3,31,6
2024-08-12,16,W44016098,Abando,1,192,7
2024-08-12,16,W28776478,Abando,1,172,8
2024-08-12,17,N4060532227,Uribarri,299,299,1
2024-08-12,17,W108497734,Ibaiondo,265,265,1
2024-08-12,17,W108504682,Abando,182,182,1
2024-08-12,17,N5056353256,Uribarri,168,168,2
2024-08-12,17,N5056379164,Abando,146,146,2
2024-08-12,17,N4060532217,Otxarkoaga-Txurdinaga,98,98,1
2024-08-12,17,N4508853267,Uribarri,97,192,3
2024-08-12,17,W404432093,Ibaiondo,97,192,2
2024-08-12,17,W28211432,Abando,94,103,3
2024-08-12,17,N4060532216,Otxarkoaga-Txurdinaga,91,91,2
2024-08-12,17,W96337695,Abando,58,113,4
2024-08-12,17,W111740255,Errekalde,39,115,1
2024-08-12,17,W110895854,Abando,36,216,5
2024-08-12,17,W163195554,Basurtu-Zorrotza,30,67,1
2024-08-12,17,N4060532220,Otxarkoaga-Txurdinaga,21,67,3
2024-08-12,17,N5301954699,Basurtu-Zorrotza,10,10,2
2024-08-12,17,W123440604,Uribarri,9,100,4
2024-08-12,17,W123440625,Uribarri,4,4,5
2024-08-12,17,W171882527,Abando,3,31,6
2024-08-12,17,W44016098,Abando,1,192,7
2024-08-12,17,W28776478,Abando,1,172,8
2024-08-12,18,N4060532227,Uribarri,299,299,1
2024-08-12,18,W41525574,Ibaiondo,271,271,1
2024-08-12,18,W44016098,Abando,192,192,1
2024-08-12,18,N5056353256,Uribarri,168,168,2
2024-08-12,18,N5056379164,Abando,146,146,2
2024-08-12,18,W404432093,Ibaiondo,119,192,2
2024-08-12,18,W28211432,Abando,103,103,3
2024-08-12,18,N4060532217,Otxarkoaga-Txurdinaga,98,98,1
2024-08-12,18,N4508853267,Uribarri,97,192,3
2024-08-12,18,N4060532216,Otxarkoaga-Txurdinaga,91,91,2
2024-08-12,18,W96337695,Abando,76,113,4
2024-08-12,18,N4762096882,Abando,66,94,5
2024-08-12,18,W111740255,Errekalde,39,115,1
2024-08-12,18,W163196945,Basurtu-Zorrotza,27,27,1
2024-08-12,18,N4060532220,Otxarkoaga-Txurdinaga,21,67,3
2024-08-12,18,W108504682,Abando,19,182,6
2024-08-12,18,W163195554,Basurtu-Zorrotza,16,67,2
2024-08-12,18,N5301954699,Basurtu-Zorrotza,10,10,3
2024-08-12,18,W123440604,Uribarri,9,100,4
2024-08-12,18,W123440625,Uribarri,4,4,5
2024-08-12,18,W108497734,Ibaiondo,2,265,3
2024-08-12,18,W28776478,Abando,1,172,7
2024-08-12,18,W171882527,Abando,1,31,8
2024-08-12,19,N4060532227,Uribarri,299,299,1
2024-08-12,19,W41525574,Ibaiondo,271,271,1
2024-08-12,19,W44016098,Abando,192,192,1
2024-08-12,19,N5056353256,Uribarri,168,168,2
2024-08-12,19,N5056379164,Abando,146,146,2
2024-08-12,19,W404432093,Ibaiondo,119,192,2
2024-08-12,19,W28211432,Abando,103,103,3
2024-08-12,19,N4060532217,Otxarkoaga-Txurdinaga,98,98,1
2024-08-12,19,N4508853267,Uribarri,97,192,3
2024-08-12,19,N4060532216,Otxarkoaga-Txurdinaga,91,91,2
2024-08-12,19,W96337695,Abando,76,113,4
2024-08-12,19,N4762096882,Abando,66,94,5
2024-08-12,19,W111740255,Errekalde,39,115,1
2024-08-12,19,W163196945,Basurtu-Zorrotza,27,27,1
2024-08-12,19,N4060532220,Otxarkoaga-Txurdinaga,21,67,3
2024-08-12,19,W108504682,Abando,19,182,6
2024-08-12,19,W163195554,Basurtu-Zorrotza,16,67,2
2024-08-12,19,N5301954699,Basurtu-Zorrotza,10,10,3
2024-08-12,19,W123440604,Uribarri,9,100,4
2024-08-12,19,W123440625,Uribarri,4,4,5
2024-08-12,19,W108497734,Ibaiondo,2,265,3
2024-08-12,19,W28776478,Abando,1,172,7
2024-08-12,19,W171882527,Abando,1,31,8
2024-08-12,20,N4060532227,Uribarri,299,299,1
2024-08-12,20,W404432093,Ibaiondo,192,192,1
2024-08-12,20,W44016098,Abando,192,192,1
2024-08-12,20,N5056353256,Uribarri,168,168,2
2024-08-12,20,N5056379164,Abando,146,146,2
2024-08-12,20,W485363913,Ibaiondo,139,179,2
2024-08-12,20,W28211432,Abando,103,103,3
2024-08-12,20,N4060532217,Otxarkoaga-Txurdinaga,98,98,1
2024-08-12,20,N4508853267,Uribarri,95,192,3
2024-08-12,20,N4060532216,Otxarkoaga-Txurdinaga,91,91,2
2024-08-12,20,W96337695,Abando,76,113,4
2024-08-12,20,N4762096882,Abando,66,94,5
2024-08-12,20,W111740255,Errekalde,39,115,1
2024-08-12,20,N4060532220,Otxarkoaga-Txurdinaga,21,67,3
2024-08-12,20,W163195554,Basurtu-Zorrotza,16,67,1
2024-08-12,20,N5301954699,Basurtu-Zorrotza,10,10,2
2024-08-12,20,W123440604,Uribarri,9,100,4
2024-08-12,20,W123440625,Uribarri,4,4,5
2024-08-12,20,W28776478,Abando,2,172,6
2024-08-12,20,W171882527,Abando,1,31,7
2024-08-12,21,N4060532227,Uribarri,299,299,1
2024-08-12,21,W44016098,Abando,192,192,1
2024-08-12,21,N5056353256,Uribarri,168,168,2
2024-08-12,21,W485363913,Ibaiondo,165,179,1
2024-08-12,21,N5056379164,Abando,146,146,2
2024-08-12,21,N4060532217,Otxarkoaga-Txurdinaga,98,98,1
2024-08-12,21,N4508853267,Uribarri,95,192,3
2024-08-12,21,N4060532216,Otxarkoaga-Txurdinaga,91,91,2
2024-08-12,21,W96337695,Abando,90,113,3
2024-08-12,21,W111740255,Errekalde,39,115,1
2024-08-12,21,W171882527,Abando,31,31,4
2024-08-12,21,W163195554,Basurtu-Zorrotza,30,67,1
2024-08-12,21,N4060532220,Otxarkoaga-Txurdinaga,21,67,3
2024-08-12,21,N5301954699,Basurtu-Zorrotza,10,10,2
2024-08-12,21,W123440604,Uribarri,9,100,4
2024-08-12,21,W123440625,Uribarri,4,4,5
2024-08-12,21,W44113519,Abando,3,150,5
2024-08-12,21,W28776478,Abando,2,172,6
2024-08-12,22,N4060532227,Uribarri,299,299,1
2024-08-12,22,W485363913,Ibaiondo,179,179,1
2024-08-12,22,N5056353256,Uribarri,168,168,2
2024-08-12,22,W28776478,Abando,152,172,1
2024-08-12,22,N5056379164,Abando,146,146,2
2024-08-12,22,N4060532217,Otxarkoaga-Txurdinaga,98,98,1
2024-08-12,22,N4508853267,Uribarri,95,192,3
2024-08-12,22,N4060532216,Otxarkoaga-Txurdinaga,91,91,2
2024-08-12,22,W111740255,Errekalde,39,115,1
2024-08-12,22,W171882527,Abando,31,31,3
2024-08-12,22,W163195554,Basurtu-Zorrotza,30,67,1
2024-08-12,22,N4060532220,Otxarkoaga-Txurdinaga,21,67,3
2024-08-12,22,N5301954699,Basurtu-Zorrotza,10,10,2
2024-08-12,22,W123440604,Uribarri,9,100,4
2024-08-12,22,W123440625,Uribarri,4,4,5
2024-08-12,22,W44113519,Abando,3,150,4
2024-08-12,23,N4060532227,Uribarri,299,299,1
2024-08-12,23,W485363913,Ibaiondo,179,179,1
2024-08-12,23,N5056353256,Uribarri,168,168,2
2024-08-12,23,W28776478,Abando,152,172,1
2024-08-12,23,N5056379164,Abando,146,146,2
2024-08-12,23,N4060532217,Otxarkoaga-Txurdinaga,98,98,1
2024-08-12,23,N4508853267,Uribarri,95,192,3
2024-08-12,23,N4060532216,Otxarkoaga-Txurdinaga,91,91,2
2024-08-12,23,W111740255,Errekalde,39,115,1
2024-08-12,23,W171882527,Abando,31,31,3
2024-08-12,23,W163195554,Basurtu-Zorrotza,30,67,1
2024-08-12,23,N4060532220,Otxarkoaga-Txurdinaga,21,67,3
2024-08-12,23,N5301954699,Basurtu-Zorrotza,10,10,2
2024-08-12,23,W44113519,Abando,3,150,4
2024-08-13,5,N4060532227,Uribarri,299,299,1
2024-08-13,5,W485363913,Ibaiondo,179,179,1
2024-08-13,5,N5056353256,Uribarri,168,168,2
2024-08-13,5,W28776478,Abando,152,172,1
2024-08-13,5,N4060532217,Otxarkoaga-Txurdinaga,98,98,1
2024-08-13,5,N4508853267,Uribarri,95,192,3
2024-08-13,5,N4060532216,Otxarkoaga-Txurdinaga,91,91,2
2024-08-13,5,W163195554,Basurtu-Zorrotza,67,67,1
2024-08-13,5,N4060532220,Otxarkoaga-Txurdinaga,21,67,3
2024-08-13,6,N4060532227,Uribarri,299,299,1
2024-08-13,6,W485363913,Ibaiondo,179,179,1
2024-08-13,6,N5056353256,Uribarri,168,168,2
2024-08-13,6,W28776478,Abando,152,172,1
2024-08-13,6,N5056379164,Abando,146,146,2
2024-08-13,6,N4060532217,Otxarkoaga-Txurdinaga,98,98,1
2024-08-13,6,N4508853267,Uribarri,95,192,3
2024-08-13,6,N4060532216,Otxarkoaga-Txurdinaga,91,91,2
2024-08-13,6,W111740255,Errekalde,39,115,1
2024-08-13,6,W163195554,Basurtu-Zorrotza,30,67,1
2024-08-13,6,N4060532220,Otxarkoaga-Txurdinaga,21,67,3
2024-08-13,6,N5301954699,Basurtu-Zorrotza,10,10,2
2024-08-13,6,W44113519,Abando,3,150,3
2024-08-13,7,N4060532227,Uribarri,299,299,1
2024-08-13,7,W485363913,Ibaiondo,179,179,1
2024-08-13,7,N5056353256,Uribarri,168,168,2
2024-08-13,7,W28776478,Abando,152,172,1
2024-08-13,7,N5056379164,Abando,146,146,2
2024-08-13,7,N4060532217,Otxarkoaga-Txurdinaga,98,98,1
2024-08-13,7,N4508853267,Uribarri,95,192,3
2024-08-13,7,N4060532216,Otxarkoaga-Txurdinaga,91,91,2
2024-08-13,7,W111740255,Errekalde,39,115,1
2024-08-13,7,W163195554,Basurtu-Zorrotza,30,67,1
2024-08-13,7,N4060532220,Otxarkoaga-Txurdinaga,21,67,3
2024-08-13,7,N5301954699,Basurtu-Zorrotza,10,10,2
2024-08-13,7,W44113519,Abando,3,150,3
2024-08-13,8,N4060532227,Uribarri,299,299,1
2024-08-13,8,W485363913,Ibaiondo,179,179,1
2024-08-13,8,N5056353256,Uribarri,168,168,2
2024-08-13,8,W28776478,Abando,152,172,1
2024-08-13,8,N5056379164,Abando,146,146,2
2024-08-13,8,N5056356248,Uribarri,114,264,3
2024-08-13,8,N4060532217,Otxarkoaga-Txurdinaga,98,98,1
2024-08-13,8,N4060532216,Otxarkoaga-Txurdinaga,91,91,2
2024-08-13,8,W41688628,Abando,57,98,3
2024-08-13,8,N5056437799,Deusto,53,53,1
2024-08-13,8,N5056355015,Uribarri,39,268,4
2024-08-13,8,W111740255,Errekalde,39,115,1
2024-08-13,8,W163195554,Basurtu-Zorrotza,30,67,1
2024-08-13,8,N4060532220,Otxarkoaga-Txurdinaga,21,67,3
2024-08-13,8,N5301954699,Basurtu-Zorrotza,10,10,2
2024-08-13,8,W123440604,Uribarri,9,100,5
2024-08-13,8,N4508853267,Uribarri,6,192,6
2024-08-13,8,W123440625,Uribarri,4,4,7
2024-08-13,8,W44113519,Abando,3,150,4
2024-08-13,9,N4060532227,Uribarri,299,299,1
2024-08-13,9,W108497734,Ibaiondo,265,265,1
2024-08-13,9,W108504682,Abando,182,182,1
2024-08-13,9,N5056353256,Uribarri,168,168,2
2024-08-13,9,N5056328910,Begona,152,152,1
2024-08-13,9,N5056379164,Abando,146,146,2
2024-08-13,9,N5056356248,Uribarri,114,264,3
2024-08-13,9,N11229807742,Basurtu-Zorrotza,113,113,1
2024-08-13,9,N11229801356,Ibaiondo,111,111,2
2024-08-13,9,W164512079,Otxarkoaga-Txurdinaga,108,108,1
2024-08-13,9,N4761972760,Abando,97,98,3
2024-08-13,9,N9607391207,Begona,90,99,2
2024-08-13,9,N4060532216,Otxarkoaga-Txurdinaga,86,91,2
2024-08-13,9,W96337695,Abando,66,113,4
2024-08-13,9,N9607455457,Errekalde,64,65,1
2024-08-13,9,N4731925117,Abando,59,80,5
2024-08-13,9,N5056437799,Deusto,53,53,1
2024-08-13,9,N5056183351,Errekalde,51,88,2
2024-08-13,9,N10308519810,Deusto,48,48,2
2024-08-13,9,N5056088727,Ibaiondo,41,218,3
2024-08-13,9,W48045715,Uribarri,39,268,4
2024-08-13,9,W110895854,Abando,36,216,6
2024-08-13,9,W185205681,Deusto,35,35,3
2024-08-13,9,W420558992,Ibaiondo,30,197,4
2024-08-13,9,W111740255,Errekalde,27,115,3
2024-08-13,9,N4060532217,Otxarkoaga-Txurdinaga,18,98,3
2024-08-13,9,W163195554,Basurtu-Zorrotza,17,67,2
2024-08-13,9,W375390416,Ibaiondo,11,58,5
2024-08-13,9,N9607363904,Uribarri,10,88,5
2024-08-13,9,N5301954699,Basurtu-Zorrotza,10,10,3
2024-08-13,9,N4508853267,Uribarri,8,192,6
2024-08-13,9,W123440625,Uribarri,4,4,7
2024-08-13,9,W28776478,Abando,1,172,7
2024-08-13,9,N4060532220,Otxarkoaga-Txurdinaga,1,67,4
2024-08-13,10,N4060532227,Uribarri,299,299,1
2024-08-13,10,W41525574,Ibaiondo,271,271,1
2024-08-13,10,W44016098,Abando,192,192,1
2024-08-13,10,N5056353256,Uribarri,168,168,2
2024-08-13,10,N5056379164,Abando,146,146,2
2024-08-13,10,N5056328910,Begona,130,152,1
2024-08-13,10,N5056356248,Uribarri,114,264,3
2024-08-13,10,N11229807742,Basurtu-Zorrotza,113,113,1
2024-08-13,10,N1271964866,Abando,111,163,3
2024-08-13,10,N11229801356,Ibaiondo,111,111,2
2024-08-13,10,W164512079,Otxarkoaga-Txurdinaga,108,108,1
2024-08-13,10,N9607391207,Begona,90,99,2
2024-08-13,10,N4761972760,Abando,89,98,4
2024-08-13,10,N4060532216,Otxarkoaga-Txurdinaga,86,91,2
2024-08-13,10,W96337695,Abando,70,113,5
2024-08-13,10,N9607455457,Errekalde,64,65,1
2024-08-13,10,N5056088727,Ibaiondo,61,218,3
2024-08-13,10,N5056437799,Deusto,53,53,1
2024-08-13,10,N5056183351,Errekalde,51,88,2
2024-08-13,10,N10308519810,Deusto,48,48,2
2024-08-13,10,W48045715,Uribarri,39,268,4
2024-08-13,10,W185205681,Deusto,35,35,3
2024-08-13,10,W111740255,Errekalde,27,115,3
2024-08-13,10,N4060532217,Otxarkoaga-Txurdinaga,18,98,3
2024-08-13,10,W163195554,Basurtu-Zorrotza,17,67,2
2024-08-13,10,W248634544,Uribarri,15,149,5
2024-08-13,10,N4731925117,Abando,11,80,6
2024-08-13,10,W375390416,Ibaiondo,11,58,4
2024-08-13,10,N9607363904,Uribarri,10,88,6
2024-08-13,10,N5301954699,Basurtu-Zorrotza,10,10,3
2024-08-13,10,W171882527,Abando,9,31,7
2024-08-13,10,W420558992,Ibaiondo,6,197,5
2024-08-13,10,W123440625,Uribarri,4,4,7
2024-08-13,10,W28776478,Abando,2,172,8
2024-08-13,10,N4060532220,Otxarkoaga-Txurdinaga,1,67,4
2024-08-13,11,N4060532227,Uribarri,299,299,1
2024-08-13,11,W41525574,Ibaiondo,271,271,1
2024-08-13,11,N3207631929,Abando,212,212,1
2024-08-13,11,N5056353256,Uribarri,168,168,2
2024-08-13,11,N5056379164,Abando,146,146,2
2024-08-13,11,N5056328910,Begona,130,152,1
2024-08-13,11,N5056356248,Uribarri,114,264,3
2024-08-13,11,N11229807742,Basurtu-Zorrotza,113,113,1
2024-08-13,11,N11229801356,Ibaiondo,111,111,2
2024-08-13,11,W164512079,Otxarkoaga-Txurdinaga,108,108,1
2024-08-13,11,N4761972760,Abando,97,98,3
2024-08-13,11,N9607391207,Begona,90,99,2
2024-08-13,11,N4060532216,Otxarkoaga-Txurdinaga,86,91,2
2024-08-13,11,W96337695,Abando,81,113,4
2024-08-13,11,N9607455457,Errekalde,64,65,1
2024-08-13,11,N5056088727,Ibaiondo,61,218,3
2024-08-13,11,N5056437799,Deusto,53,53,1
2024-08-13,11,N5056183351,Errekalde,51,88,2
2024-08-13,11,N10308519810,Deusto,48,48,2
2024-08-13,11,N1271964866,Abando,46,163,5
2024-08-13,11,N5056355015,Uribarri,39,268,4
2024-08-13,11,W248634544,Uribarri,37,149,5
2024-08-13,11,W185205681,Deusto,35,35,3
2024-08-13,11,W111740255,Errekalde,27,115,3
2024-08-13,11,W163196945,Basurtu-Zorrotza,27,27,2
2024-08-13,11,N4060532217,Otxarkoaga-Txurdinaga,18,98,3
2024-08-13,11,W163195554,Basurtu-Zorrotza,17,67,3
2024-08-13,11,N4731925117,Abando,11,80,6
2024-08-13,11,N518227646,Abando,11,65,7
2024-08-13,11,W375390416,Ibaiondo,11,58,4
2024-08-13,11,N9607363904,Uribarri,10,88,6
2024-08-13,11,N5301954699,Basurtu-Zorrotza,10,10,4
2024-08-13,11,W171882527,Abando,9,31,8
2024-08-13,11,W420558992,Ibaiondo,6,197,5
2024-08-13,11,W28776478,Abando,6,172,9
2024-08-13,11,W123440625,Uribarri,4,4,7
2024-08-13,11,N4762096882,Abando,1,94,10
2024-08-13,11,N4060532220,Otxarkoaga-Txurdinaga,1,67,4
2024-08-13,12,N4060532227,Uribarri,299,299,1
2024-08-13,12,W41525574,Ibaiondo,271,271,1
2024-08-13,12,N3207631929,Abando,212,212,1
2024-08-13,12,N5056353256,Uribarri,168,168,2
2024-08-13,12,N5056379164,Abando,146,146,2
2024-08-13,12,N5056328910,Begona,130,152,1
2024-08-13,12,N5056356248,Uribarri,114,264,3
2024-08-13,12,N11229807742,Basurtu-Zorrotza,113,113,1
2024-08-13,12,N11229801356,Ibaiondo,111,111,2
2024-08-13,12,W164512079,Otxarkoaga-Txurdinaga,108,108,1
2024-08-13,12,N4761972760,Abando,97,98,3
2024-08-13,12,N9607391207,Begona,90,99,2
2024-08-13,12,N4060532216,Otxarkoaga-Txurdinaga,86,91,2
2024-08-13,12,W96337695,Abando,81,113,4
2024-08-13,12,N9607455457,Errekalde,64,65,1
2024-08-13,12,N5056088727,Ibaiondo,61,218,3
2024-08-13,12,N5056437799,Deusto,53,53,1
2024-08-13,12,N5056183351,Errekalde,51,88,2
2024-08-13,12,N10308519810,Deusto,48,48,2
2024-08-13,12,N1271964866,Abando,46,163,5
2024-08-13,12,N5056355015,Uribarri,39,268,4
2024-08-13,12,W248634544,Uribarri,37,149,5
2024-08-13,12,W185205681,Deusto,35,35,3
2024-08-13,12,W111740255,Errekalde,27,115,3
2024-08-13,12,W163196945,Basurtu-Zorrotza,27,27,2
2024-08-13,12,N4060532217,Otxarkoaga-Txurdinaga,18,98,3
2024-08-13,12,W163195554,Basurtu-Zorrotza,17,67,3
2024-08-13,12,N4731925117,Abando,11,80,6
2024-08-13,12,N518227646,Abando,11,65,7
2024-08-13,12,W375390416,Ibaiondo,11,58,4
2024-08-13,12,N9607363904,Uribarri,10,88,6
2024-08-13,12,N5301954699,Basurtu-Zorrotza,10,10,4
2024-08-13,12,W171882527,Abando,9,31,8
2024-08-13,12,W420558992,Ibaiondo,6,197,5
2024-08-13,12,W28776478,Abando,6,172,9
2024-08-13,12,W123440625,Uribarri,4,4,7
2024-08-13,12,N4762096882,Abando,1,94,10
2024-08-13,12,N4060532220,Otxarkoaga-Txurdinaga,1,67,4
2024-08-13,13,N4060532227,Uribarri,299,299,1
2024-08-13,13,W108497734,Ibaiondo,265,265,1
2024-08-13,13,N3207631929,Abando,198,212,1
2024-08-13,13,N5056353256,Uribarri,168,168,2
2024-08-13,13,N5056328910,Begona,152,152,1
2024-08-13,13,N5056379164,Abando,146,146,2
2024-08-13,13,N5056356248,Uribarri,114,264,3
2024-08-13,13,N11229807742,Basurtu-Zorrotza,113,113,1
2024-08-13,13,N11229801356,Ibaiondo,111,111,2
2024-08-13,13,W164512079,Otxarkoaga-Txurdinaga,108,108,1
2024-08-13,13,N4761972760,Abando,97,98,3
2024-08-13,13,N9607391207,Begona,90,99,2
2024-08-13,13,N4060532216,Otxarkoaga-Txurdinaga,86,91,2
2024-08-13,13,W96337695,Abando,81,113,4
2024-08-13,13,N9607455457,Errekalde,64,65,1
2024-08-13,13,N5056437799,Deusto,53,53,1
2024-08-13,13,N5056183351,Errekalde,51,88,2
2024-08-13,13,N10308519810,Deusto,48,48,2
2024-08-13,13,N1271964866,Abando,46,163,5
2024-08-13,13,N5056088727,Ibaiondo,41,218,3
2024-08-13,13,N5056355015,Uribarri,39,268,4
2024-08-13,13,W185205681,Deusto,35,35,3
2024-08-13,13,W420558992,Ibaiondo,30,197,4
2024-08-13,13,W111740255,Errekalde,27,115,3
2024-08-13,13,W163196945,Basurtu-Zorrotza,27,27,2
2024-08-13,13,W248634544,Uribarri,26,149,5
2024-08-13,13,N4060532217,Otxarkoaga-Txurdinaga,18,98,3
2024-08-13,13,W163195554,Basurtu-Zorrotza,17,67,3
2024-08-13,13,N4731925117,Abando,11,80,6
2024-08-13,13,N518227646,Abando,11,65,7
2024-08-13,13,W375390416,Ibaiondo,11,58,5
2024-08-13,13,N9607363904,Uribarri,10,88,6
2024-08-13,13,N5301954699,Basurtu-Zorrotza,10,10,4
2024-08-13,13,W171882527,Abando,9,31,8
2024-08-13,13,W28776478,Abando,5,172,9
2024-08-13,13,W123440625,Uribarri,4,4,7
2024-08-13,13,N4762096882,Abando,1,94,10
2024-08-13,13,N4060532220,Otxarkoaga-Txurdinaga,1,67,4
2024-08-13,14,N4060532227,Uribarri,299,299,1
2024-08-13,14,W108497734,Ibaiondo,265,265,1
2024-08-13,14,N3207631929,Abando,198,212,1
2024-08-13,14,N5056353256,Uribarri,168,168,2
2024-08-13,14,N5056379164,Abando,146,146,2
2024-08-13,14,N5056356248,Uribarri,114,264,3
2024-08-13,14,N4060532217,Otxarkoaga-Txurdinaga,98,98,1
2024-08-13,14,N4761972760,Abando,97,98,3
2024-08-13,14,N4060532216,Otxarkoaga-Txurdinaga,91,91,2
2024-08-13,14,W96337695,Abando,81,113,4
2024-08-13,14,N5056437799,Deusto,53,53,1
2024-08-13,14,N1271964866,Abando,46,163,5
2024-08-13,14,W375390416,Ibaiondo,40,58,2
2024-08-13,14,N5056355015,Uribarri,39,268,4
2024-08-13,14,W111740255,Errekalde,39,115,1
2024-08-13,14,N4060532220,Otxarkoaga-Txurdinaga,21,67,3
2024-08-13,14,W110895854,Abando,19,216,6
2024-08-13,14,W163195554,Basurtu-Zorrotza,17,67,1
2024-08-13,14,N518227646,Abando,11,65,7
2024-08-13,14,W171882527,Abando,10,31,8
2024-08-13,14,N5301954699,Basurtu-Zorrotza,10,10,2
2024-08-13,14,W123440604,Uribarri,9,100,5
2024-08-13,14,N4508853267,Uribarri,8,192,6
2024-08-13,14,W28776478,Abando,4,172,9
2024-08-13,14,W123440625,Uribarri,4,4,7
2024-08-13,14,W41688628,Abando,1,98,10
2024-08-13,14,N4762096882,Abando,1,94,11
2024-08-13,15,N4060532227,Uribarri,299,299,1
2024-08-13,15,W108497734,Ibaiondo,265,265,1
2024-08-13,15,W108504682,Abando,182,182,1
2024-08-13,15,N5056353256,Uribarri,168,168,2
2024-08-13,15,N5056379164,Abando,146,146,2
2024-08-13,15,N4060532217,Otxarkoaga-Txurdinaga,98,98,1
2024-08-13,15,N4508853267,Uribarri,97,192,3
2024-08-13,15,N4060532216,Otxarkoaga-Txurdinaga,91,91,2
2024-08-13,15,W96337695,Abando,68,113,3
2024-08-13,15,N518227646,Abando,65,65,4
2024-08-13,15,W375390416,Ibaiondo,40,58,2
2024-08-13,15,W111740255,Errekalde,39,115,1
2024-08-13,15,W110895854,Abando,36,216,5
2024-08-13,15,W163195554,Basurtu-Zorrotza,25,67,1
2024-08-13,15,W171882527,Abando,25,31,6
2024-08-13,15,N4060532220,Otxarkoaga-Txurdinaga,21,67,3
2024-08-13,15,N5301954699,Basurtu-Zorrotza,10,10,2
2024-08-13,15,W123440604,Uribarri,9,100,4
2024-08-13,15,W123440625,Uribarri,4,4,5
2024-08-13,15,W44016098,Abando,1,192,7
2024-08-13,15,W28776478,Abando,1,172,8
2024-08-13,16,N4060532227,Uribarri,299,299,1
2024-08-13,16,W108497734,Ibaiondo,265,265,1
2024-08-13,16,N3207631929,Abando,198,212,1
2024-08-13,16,N5056353256,Uribarri,168,168,2
2024-08-13,16,N5056379164,Abando,146,146,2
2024-08-13,16,N4060532217,Otxarkoaga-Txurdinaga,98,98,1
2024-08-13,16,N4508853267,Uribarri,97,192,3
2024-08-13,16,N4060532216,Otxarkoaga-Txurdinaga,91,91,2
2024-08-13,16,W96337695,Abando,83,113,3
2024-08-13,16,N518227646,Abando,65,65,4
2024-08-13,16,W375390416,Ibaiondo,40,58,2
2024-08-13,16,W111740255,Errekalde,39,115,1
2024-08-13,16,W163195554,Basurtu-Zorrotza,25,67,1
2024-08-13,16,W171882527,Abando,25,31,5
2024-08-13,16,N4060532220,Otxarkoaga-Txurdinaga,21,67,3
2024-08-13,16,W110895854,Abando,19,216,6
2024-08-13,16,N5301954699,Basurtu-Zorrotza,10,10,2
2024-08-13,16,W123440604,Uribarri,9,100,4
2024-08-13,16,W28776478,Abando,4,172,7
2024-08-13,16,W123440625,Uribarri,4,4,5
2024-08-13,17,N4060532227,Uribarri,299,299,1
2024-08-13,17,W108497734,Ibaiondo,265,265,1
2024-08-13,17,N3207631929,Abando,198,212,1
2024-08-13,17,N5056353256,Uribarri,168,168,2
2024-08-13,17,N5056379164,Abando,146,146,2
2024-08-13,17,N4060532217,Otxarkoaga-Txurdinaga,98,98,1
2024-08-13,17,N4508853267,Uribarri,97,192,3
2024-08-13,17,N4060532216,Otxarkoaga-Txurdinaga,91,91,2
2024-08-13,17,W96337695,Abando,83,113,3
2024-08-13,17,N518227646,Abando,65,65,4
2024-08-13,17,W375390416,Ibaiondo,40,58,2
2024-08-13,17,W111740255,Errekalde,39,115,1
2024-08-13,17,W163195554,Basurtu-Zorrotza,25,67,1
2024-08-13,17,W171882527,Abando,25,31,5
2024-08-13,17,N4060532220,Otxarkoaga-Txurdinaga,21,67,3
2024-08-13,17,W110895854,Abando,19,216,6
2024-08-13,17,N5301954699,Basurtu-Zorrotza,10,10,2
2024-08-13,17,W123440604,Uribarri,9,100,4
2024-08-13,17,W28776478,Abando,4,172,7
2024-08-13,17,W123440625,Uribarri,4,4,5
2024-08-13,18,N4060532227,Uribarri,299,299,1
2024-08-13,18,W41525574,Ibaiondo,271,271,1
2024-08-13,18,N3207631929,Abando,212,212,1
2024-08-13,18,N5056353256,Uribarri,168,168,2
2024-08-13,18,N5056379164,Abando,146,146,2
2024-08-13,18,N4060532217,Otxarkoaga-Txurdinaga,98,98,1
2024-08-13,18,N4508853267,Uribarri,97,192,3
2024-08-13,18,N4060532216,Otxarkoaga-Txurdinaga,91,91,2
2024-08-13,18,N4762096882,Abando,89,94,3
2024-08-13,18,W96337695,Abando,78,113,4
2024-08-13,18,N1271964866,Abando,51,163,5
2024-08-13,18,W108497734,Ibaiondo,41,265,2
2024-08-13,18,W111740255,Errekalde,39,115,1
2024-08-13,18,W163196945,Basurtu-Zorrotza,27,27,1
2024-08-13,18,W375390416,Ibaiondo,25,58,3
2024-08-13,18,N4060532220,Otxarkoaga-Txurdinaga,21,67,3
2024-08-13,18,N518227646,Abando,20,65,6
2024-08-13,18,W28776478,Abando,18,172,7
2024-08-13,18,W163195554,Basurtu-Zorrotza,16,67,2
2024-08-13,18,W171882527,Abando,14,31,8
2024-08-13,18,N5301954699,Basurtu-Zorrotza,10,10,3
2024-08-13,18,W123440604,Uribarri,9,100,4
2024-08-13,18,W123440625,Uribarri,4,4,5
2024-08-13,19,N4060532227,Uribarri,299,299,1
2024-08-13,19,W41525574,Ibaiondo,271,271,1
2024-08-13,19,N3207631929,Abando,212,212,1
2024-08-13,19,N5056353256,Uribarri,168,168,2
2024-08-13,19,N5056379164,Abando,146,146,2
2024-08-13,19,N4060532217,Otxarkoaga-Txurdinaga,98,98,1
2024-08-13,19,N4508853267,Uribarri,97,192,3
2024-08-13,19,N4060532216,Otxarkoaga-Txurdinaga,91,91,2
2024-08-13,19,N4762096882,Abando,89,94,3
2024-08-13,19,W96337695,Abando,78,113,4
2024-08-13,19,N1271964866,Abando,51,163,5
2024-08-13,19,W108497734,Ibaiondo,41,265,2
2024-08-13,19,W111740255,Errekalde,39,115,1
2024-08-13,19,W163196945,Basurtu-Zorrotza,27,27,1
2024-08-13,19,W375390416,Ibaiondo,25,58,3
2024-08-13,19,N4060532220,Otxarkoaga-Txurdinaga,21,67,3
2024-08-13,19,N518227646,Abando,20,65,6
2024-08-13,19,W28776478,Abando,18,172,7
2024-08-13,19,W163195554,Basurtu-Zorrotza,16,67,2
2024-08-13,19,W171882527,Abando,14,31,8
2024-08-13,19,N5301954699,Basurtu-Zorrotza,10,10,3
2024-08-13,19,W123440604,Uribarri,9,100,4
2024-08-13,19,W123440625,Uribarri,4,4,5
2024-08-13,20,N4060532227,Uribarri,299,299,1
2024-08-13,20,N3207631929,Abando,212,212,1
2024-08-13,20,W485363913,Ibaiondo,168,179,1
2024-08-13,20,N5056353256,Uribarri,168,168,2
2024-08-13,20,N5056379164,Abando,146,146,2
2024-08-13,20,N4060532217,Otxarkoaga-Txurdinaga,98,98,1
2024-08-13,20,N4508853267,Uribarri,95,192,3
2024-08-13,20,N4060532216,Otxarkoaga-Txurdinaga,91,91,2
2024-08-13,20,N4762096882,Abando,89,94,3
2024-08-13,20,W96337695,Abando,78,113,4
2024-08-13,20,W375390416,Ibaiondo,55,58,2
2024-08-13,20,N1271964866,Abando,51,163,5
2024-08-13,20,W111740255,Errekalde,39,115,1
2024-08-13,20,W28776478,Abando,25,172,6
2024-08-13,20,N4060532220,Otxarkoaga-Txurdinaga,21,67,3
2024-08-13,20,W163195554,Basurtu-Zorrotza,16,67,1
2024-08-13,20,W171882527,Abando,15,31,7
2024-08-13,20,N5301954699,Basurtu-Zorrotza,10,10,2
2024-08-13,20,W123440604,Uribarri,9,100,4
2024-08-13,20,W123440625,Uribarri,4,4,5
2024-08-13,20,W44113519,Abando,3,150,8
2024-08-13,21,N4060532227,Uribarri,299,299,1
2024-08-13,21,W44016098,Abando,192,192,1
2024-08-13,21,N5056353256,Uribarri,168,168,2
2024-08-13,21,W485363913,Ibaiondo,165,179,1
2024-08-13,21,N5056379164,Abando,146,146,2
2024-08-13,21,N4060532217,Otxarkoaga-Txurdinaga,98,98,1
2024-08-13,21,N4508853267,Uribarri,95,192,3
2024-08-13,21,N4060532216,Otxarkoaga-Txurdinaga,91,91,2
2024-08-13,21,W96337695,Abando,90,113,3
2024-08-13,21,W375390416,Ibaiondo,55,58,2
2024-08-13,21,W111740255,Errekalde,39,115,1
2024-08-13,21,W171882527,Abando,31,31,4
2024-08-13,21,W163195554,Basurtu-Zorrotza,30,67,1
2024-08-13,21,N4060532220,Otxarkoaga-Txurdinaga,21,67,3
2024-08-13,21,N5301954699,Basurtu-Zorrotza,10,10,2
2024-08-13,21,W123440604,Uribarri,9,100,4
2024-08-13,21,W123440625,Uribarri,4,4,5
2024-08-13,21,W44113519,Abando,3,150,5
2024-08-13,21,W28776478,Abando,2,172,6
2024-08-13,22,N4060532227,Uribarri,299,299,1
2024-08-13,22,W485363913,Ibaiondo,179,179,1
2024-08-13,22,N5056353256,Uribarri,168,168,2
2024-08-13,22,W28776478,Abando,152,172,1
2024-08-13,22,N5056379164,Abando,146,146,2
2024-08-13,22,N4060532217,Otxarkoaga-Txurdinaga,98,98,1
2024-08-13,22,N4508853267,Uribarri,95,192,3
2024-08-13,22,N4060532216,Otxarkoaga-Txurdinaga,91,91,2
2024-08-13,22,W111740255,Errekalde,39,115,1
2024-08-13,22,W171882527,Abando,31,31,3
2024-08-13,22,W163195554,Basurtu-Zorrotza,30,67,1
2024-08-13,22,N4060532220,Otxarkoaga-Txurdinaga,21,67,3
2024-08-13,22,N5301954699,Basurtu-Zorrotza,10,10,2
2024-08-13,22,W123440604,Uribarri,9,100,4
2024-08-13,22,W123440625,Uribarri,4,4,5
2024-08-13,22,W44113519,Abando,3,150,4
2024-08-13,23,N4060532227,Uribarri,299,299,1
2024-08-13,23,W485363913,Ibaiondo,179,179,1
2024-08-13,23,N5056353256,Uribarri,168,168,2
2024-08-13,23,W28776478,Abando,152,172,1
2024-08-13,23,N5056379164,Abando,146,146,2
2024-08-13,23,N4060532217,Otxarkoaga-Txurdinaga,98,98,1
2024-08-13,23,N4508853267,Uribarri,95,192,3
2024-08-13,23,N4060532216,Otxarkoaga-Txurdinaga,91,91,2
2024-08-13,23,W111740255,Errekalde,39,115,1
2024-08-13,23,W171882527,Abando,31,31,3
2024-08-13,23,W163195554,Basurtu-Zorrotza,30,67,1
2024-08-13,23,N4060532220,Otxarkoaga-Txurdinaga,21,67,3
2024-08-13,23,N5301954699,Basurtu-Zorrotza,10,10,2
2024-08-13,23,W44113519,Abando,3,150,4
2024-08-14,5,N4060532227,Uribarri,299,299,1
2024-08-14,5,W485363913,Ibaiondo,179,179,1
2024-08-14,5,N5056353256,Uribarri,168,168,2
2024-08-14,5,W28776478,Abando,152,172,1
2024-08-14,5,N4060532217,Otxarkoaga-Txurdinaga,98,98,1
2024-08-14,5,N4508853267,Uribarri,95,192,3
2024-08-14,5,N4060532216,Otxarkoaga-Txurdinaga,91,91,2
2024-08-14,5,W163195554,Basurtu-Zorrotza,67,67,1
2024-08-14,5,N4060532220,Otxarkoaga-Txurdinaga,21,67,3
2024-08-14,6,N4060532227,Uribarri,299,299,1
2024-08-14,6,W485363913,Ibaiondo,179,179,1
2024-08-14,6,N5056353256,Uribarri,168,168,2
2024-08-14,6,W28776478,Abando,152,172,1
2024-08-14,6,N5056379164,Abando,146,146,2
2024-08-14,6,N4060532217,Otxarkoaga-Txurdinaga,98,98,1
2024-08-14,6,N4508853267,Uribarri,95,192,3
2024-08-14,6,N4060532216,Otxarkoaga-Txurdinaga,91,91,2
2024-08-14,6,W111740255,Errekalde,39,115,1
2024-08-14,6,W163195554,Basurtu-Zorrotza,30,67,1
2024-08-14,6,N4060532220,Otxarkoaga-Txurdinaga,21,67,3
2024-08-14,6,N5301954699,Basurtu-Zorrotza,10,10,2
2024-08-14,6,W44113519,Abando,3,150,3
2024-08-14,7,N4060532227,Uribarri,299,299,1
2024-08-14,7,W485363913,Ibaiondo,179,179,1
2024-08-14,7,N5056353256,Uribarri,168,168,2
2024-08-14,7,W28776478,Abando,152,172,1
2024-08-14,7,N5056379164,Abando,146,146,2
2024-08-14,7,N4060532217,Otxarkoaga-Txurdinaga,98,98,1
2024-08-14,7,N4508853267,Uribarri,95,192,3
2024-08-14,7,N4060532216,Otxarkoaga-Txurdinaga,91,91,2
2024-08-14,7,W111740255,Errekalde,39,115,1
2024-08-14,7,W163195554,Basurtu-Zorrotza,30,67,1
2024-08-14,7,N4060532220,Otxarkoaga-Txurdinaga,21,67,3
2024-08-14,7,N5301954699,Basurtu-Zorrotza,10,10,2
2024-08-14,7,W44113519,Abando,3,150,3
2024-08-14,8,N4060532227,Uribarri,299,299,1
2024-08-14,8,W485363913,Ibaiondo,179,179,1
2024-08-14,8,N5056353256,Uribarri,168,168,2
2024-08-14,8,W28776478,Abando,152,172,1
2024-08-14,8,N5056379164,Abando,146,146,2
2024-08-14,8,N5056356248,Uribarri,114,264,3
2024-08-14,8,N4060532217,Otxarkoaga-Txurdinaga,98,98,1
2024-08-14,8,N4060532216,Otxarkoaga-Txurdinaga,91,91,2
2024-08-14,8,W41688628,Abando,57,98,3
2024-08-14,8,N5056437799,Deusto,53,53,1
2024-08-14,8,N5056355015,Uribarri,39,268,4
2024-08-14,8,W111740255,Errekalde,39,115,1
2024-08-14,8,W163195554,Basurtu-Zorrotza,30,67,1
2024-08-14,8,N4060532220,Otxarkoaga-Txurdinaga,21,67,3
2024-08-14,8,N5301954699,Basurtu-Zorrotza,10,10,2
2024-08-14,8,W123440604,Uribarri,9,100,5
2024-08-14,8,N4508853267,Uribarri,6,192,6
2024-08-14,8,W123440625,Uribarri,4,4,7
2024-08-14,8,W44113519,Abando,3,150,4
2024-08-14,9,N4060532227,Uribarri,299,299,1
2024-08-14,9,W108497734,Ibaiondo,265,265,1
2024-08-14,9,W108504682,Abando,182,182,1
2024-08-14,9,N5056353256,Uribarri,168,168,2
2024-08-14,9,N5056328910,Begona,152,152,1
2024-08-14,9,N5056379164,Abando,146,146,2
2024-08-14,9,N5056356248,Uribarri,114,264,3
2024-08-14,9,N11229807742,Basurtu-Zorrotza,113,113,1
2024-08-14,9,W164512079,Otxarkoaga-Txurdinaga,108,108,1
2024-08-14,9,N4761972760,Abando,97,98,3
2024-08-14,9,N9607391207,Begona,90,99,2
2024-08-14,9,N5056183351,Errekalde,88,88,1
2024-08-14,9,N4060532216,Otxarkoaga-Txurdinaga,86,91,2
2024-08-14,9,N5056088727,Ibaiondo,74,218,2
2024-08-14,9,W96337695,Abando,66,113,4
2024-08-14,9,N9607455457,Errekalde,64,65,2
2024-08-14,9,N4731925117,Abando,59,80,5
2024-08-14,9,N5056437799,Deusto,53,53,1
2024-08-14,9,N10308519810,Deusto,48,48,2
2024-08-14,9,W48045715,Uribarri,39,268,4
2024-08-14,9,W110895854,Abando,36,216,6
2024-08-14,9,W185205681,Deusto,35,35,3
2024-08-14,9,W420558992,Ibaiondo,30,197,3
2024-08-14,9,W111740255,Errekalde,27,115,3
2024-08-14,9,N4060532217,Otxarkoaga-Txurdinaga,18,98,3
2024-08-14,9,W163195554,Basurtu-Zorrotza,17,67,2
2024-08-14,9,W375390416,Ibaiondo,11,58,4
2024-08-14,9,N9607363904,Uribarri,10,88,5
2024-08-14,9,N5301954699,Basurtu-Zorrotza,10,10,3
2024-08-14,9,N4508853267,Uribarri,8,192,6
2024-08-14,9,W123440625,Uribarri,4,4,7
2024-08-14,9,W28776478,Abando,1,172,7
2024-08-14,9,N4060532220,Otxarkoaga-Txurdinaga,1,67,4
2024-08-14,10,N4060532227,Uribarri,299,299,1
2024-08-14,10,W41525574,Ibaiondo,271,271,1
2024-08-14,10,W44016098,Abando,192,192,1
2024-08-14,10,N5056353256,Uribarri,168,168,2
2024-08-14,10,N5056379164,Abando,146,146,2
2024-08-14,10,N5056328910,Begona,130,152,1
2024-08-14,10,W404432093,Ibaiondo,119,192,2
2024-08-14,10,N5056356248,Uribarri,114,264,3
2024-08-14,10,N11229807742,Basurtu-Zorrotza,113,113,1
2024-08-14,10,N1271964866,Abando,111,163,3
2024-08-14,10,W164512079,Otxarkoaga-Txurdinaga,108,108,1
2024-08-14,10,N9607391207,Begona,90,99,2
2024-08-14,10,N4761972760,Abando,89,98,4
2024-08-14,10,N5056183351,Errekalde,88,88,1
2024-08-14,10,N4060532216,Otxarkoaga-Txurdinaga,86,91,2
2024-08-14,10,W96337695,Abando,70,113,5
2024-08-14,10,N9607455457,Errekalde,64,65,2
2024-08-14,10,N5056437799,Deusto,53,53,1
2024-08-14,10,N10308519810,Deusto,48,48,2
2024-08-14,10,W48045715,Uribarri,39,268,4
2024-08-14,10,W185205681,Deusto,35,35,3
2024-08-14,10,W111740255,Errekalde,27,115,3
2024-08-14,10,N4060532217,Otxarkoaga-Txurdinaga,18,98,3
2024-08-14,10,W163195554,Basurtu-Zorrotza,17,67,2
2024-08-14,10,W248634544,Uribarri,15,149,5
2024-08-14,10,W28211432,Abando,13,103,6
2024-08-14,10,W375390416,Ibaiondo,12,58,3
2024-08-14,10,N9607363904,Uribarri,10,88,6
2024-08-14,10,N5301954699,Basurtu-Zorrotza,10,10,3
2024-08-14,10,N4731925117,Abando,7,80,7
2024-08-14,10,W420558992,Ibaiondo,6,197,4
2024-08-14,10,W123440625,Uribarri,4,4,7
2024-08-14,10,N5056088727,Ibaiondo,2,218,5
2024-08-14,10,W28776478,Abando,2,172,8
2024-08-14,10,N4060532220,Otxarkoaga-Txurdinaga,1,67,4
2024-08-14,11,N4060532227,Uribarri,299,299,1
2024-08-14,11,W41525574,Ibaiondo,271,271,1
2024-08-14,11,N3207631929,Abando,212,212,1
2024-08-14,11,N5056353256,Uribarri,168,168,2
2024-08-14,11,N5056379164,Abando,146,146,2
2024-08-14,11,N5056328910,Begona,130,152,1
2024-08-14,11,W404432093,Ibaiondo,119,192,2
2024-08-14,11,N5056356248,Uribarri,114,264,3
2024-08-14,11,N11229807742,Basurtu-Zorrotza,113,113,1
2024-08-14,11,W164512079,Otxarkoaga-Txurdinaga,108,108,1
2024-08-14,11,N4761972760,Abando,97,98,3
2024-08-14,11,N9607391207,Begona,90,99,2
2024-08-14,11,N5056183351,Errekalde,88,88,1
2024-08-14,11,N4060532216,Otxarkoaga-Txurdinaga,86,91,2
2024-08-14,11,W96337695,Abando,81,113,4
2024-08-14,11,N9607455457,Errekalde,64,65,2
2024-08-14,11,N5056437799,Deusto,53,53,1
2024-08-14,11,W28211432,Abando,52,103,5
2024-08-14,11,N10308519810,Deusto,48,48,2
2024-08-14,11,W48045715,Uribarri,39,268,4
2024-08-14,11,W248634544,Uribarri,37,149,5
2024-08-14,11,W185205681,Deusto,35,35,3
2024-08-14,11,W111740255,Errekalde,27,115,3
2024-08-14,11,W163196945,Basurtu-Zorrotza,27,27,2
2024-08-14,11,N4060532217,Otxarkoaga-Txurdinaga,18,98,3
2024-08-14,11,W163195554,Basurtu-Zorrotza,17,67,3
2024-08-14,11,N4731925117,Abando,14,80,6
2024-08-14,11,W375390416,Ibaiondo,12,58,3
2024-08-14,11,N518227646,Abando,11,65,7
2024-08-14,11,N9607363904,Uribarri,10,88,6
2024-08-14,11,N5301954699,Basurtu-Zorrotza,10,10,4
2024-08-14,11,W420558992,Ibaiondo,6,197,4
2024-08-14,11,W28776478,Abando,6,172,8
2024-08-14,11,W123440625,Uribarri,4,4,7
2024-08-14,11,N5056088727,Ibaiondo,2,218,5
2024-08-14,11,N4762096882,Abando,1,94,9
2024-08-14,11,N4060532220,Otxarkoaga-Txurdinaga,1,67,4
2024-08-14,12,N4060532227,Uribarri,299,299,1
2024-08-14,12,W41525574,Ibaiondo,271,271,1
2024-08-14,12,N3207631929,Abando,212,212,1
2024-08-14,12,N5056353256,Uribarri,168,168,2
2024-08-14,12,N5056379164,Abando,146,146,2
2024-08-14,12,N5056328910,Begona,130,152,1
2024-08-14,12,W404432093,Ibaiondo,119,192,2
2024-08-14,12,N5056356248,Uribarri,114,264,3
2024-08-14,12,N11229807742,Basurtu-Zorrotza,113,113,1
2024-08-14,12,W164512079,Otxarkoaga-Txurdinaga,108,108,1
2024-08-14,12,N4761972760,Abando,97,98,3
2024-08-14,12,N9607391207,Begona,90,99,2
2024-08-14,12,N5056183351,Errekalde,88,88,1
2024-08-14,12,N4060532216,Otxarkoaga-Txurdinaga,86,91,2
2024-08-14,12,W96337695,Abando,81,113,4
2024-08-14,12,N9607455457,Errekalde,64,65,2
2024-08-14,12,N5056437799,Deusto,53,53,1
2024-08-14,12,W28211432,Abando,52,103,5
2024-08-14,12,N10308519810,Deusto,48,48,2
2024-08-14,12,W48045715,Uribarri,39,268,4
2024-08-14,12,W248634544,Uribarri,37,149,5
2024-08-14,12,W185205681,Deusto,35,35,3
2024-08-14,12,W111740255,Errekalde,27,115,3
2024-08-14,12,W163196945,Basurtu-Zorrotza,27,27,2
2024-08-14,12,N4060532217,Otxarkoaga-Txurdinaga,18,98,3
2024-08-14,12,W163195554,Basurtu-Zorrotza,17,67,3
2024-08-14,12,N4731925117,Abando,14,80,6
2024-08-14,12,W375390416,Ibaiondo,12,58,3
2024-08-14,12,N518227646,Abando,11,65,7
2024-08-14,12,N9607363904,Uribarri,10,88,6
2024-08-14,12,N5301954699,Basurtu-Zorrotza,10,10,4
2024-08-14,12,W420558992,Ibaiondo,6,197,4
2024-08-14,12,W28776478,Abando,6,172,8
2024-08-14,12,W123440625,Uribarri,4,4,7
2024-08-14,12,N5056088727,Ibaiondo,2,218,5
2024-08-14,12,N4762096882,Abando,1,94,9
2024-08-14,12,N4060532220,Otxarkoaga-Txurdinaga,1,67,4
2024-08-14,13,N4060532227,Uribarri,299,299,1
2024-08-14,13,W108497734,Ibaiondo,265,265,1
2024-08-14,13,N3207631929,Abando,198,212,1
2024-08-14,13,N5056353256,Uribarri,168,168,2
2024-08-14,13,N5056328910,Begona,152,152,1
2024-08-14,13,N5056379164,Abando,146,146,2
2024-08-14,13,N5056356248,Uribarri,114,264,3
2024-08-14,13,N11229807742,Basurtu-Zorrotza,113,113,1
2024-08-14,13,W164512079,Otxarkoaga-Txurdinaga,108,108,1
2024-08-14,13,W404432093,Ibaiondo,97,192,2
2024-08-14,13,N4761972760,Abando,97,98,3
2024-08-14,13,N9607391207,Begona,90,99,2
2024-08-14,13,N5056183351,Errekalde,88,88,1
2024-08-14,13,N4060532216,Otxarkoaga-Txurdinaga,86,91,2
2024-08-14,13,W96337695,Abando,81,113,4
2024-08-14,13,N9607455457,Errekalde,64,65,2
2024-08-14,13,N5056437799,Deusto,53,53,1
2024-08-14,13,W28211432,Abando,52,103,5
2024-08-14,13,N10308519810,Deusto,48,48,2
2024-08-14,13,N5056355015,Uribarri,39,268,4
2024-08-14,13,W185205681,Deusto,35,35,3
2024-08-14,13,W420558992,Ibaiondo,32,197,3
2024-08-14,13,W111740255,Errekalde,27,115,3
2024-08-14,13,W163196945,Basurtu-Zorrotza,27,27,2
2024-08-14,13,W248634544,Uribarri,26,149,5
2024-08-14,13,N4060532217,Otxarkoaga-Txurdinaga,18,98,3
2024-08-14,13,W163195554,Basurtu-Zorrotza,17,67,3
2024-08-14,13,N4731925117,Abando,14,80,6
2024-08-14,13,W375390416,Ibaiondo,12,58,4
2024-08-14,13,N518227646,Abando,11,65,7
2024-08-14,13,N9607363904,Uribarri,10,88,6
2024-08-14,13,N5301954699,Basurtu-Zorrotza,10,10,4
2024-08-14,13,W28776478,Abando,5,172,8
2024-08-14,13,W123440625,Uribarri,4,4,7
2024-08-14,13,N5056088727,Ibaiondo,2,218,5
2024-08-14,13,N4762096882,Abando,1,94,9
2024-08-14,13,N4060532220,Otxarkoaga-Txurdinaga,1,67,4
2024-08-14,14,N4060532227,Uribarri,299,299,1
2024-08-14,14,W108497734,Ibaiondo,265,265,1
2024-08-14,14,N3207631929,Abando,198,212,1
2024-08-14,14,N5056353256,Uribarri,168,168,2
2024-08-14,14,N5056379164,Abando,146,146,2
2024-08-14,14,N5056356248,Uribarri,114,264,3
2024-08-14,14,N4060532217,Otxarkoaga-Txurdinaga,98,98,1
2024-08-14,14,W404432093,Ibaiondo,97,192,2
2024-08-14,14,N4761972760,Abando,97,98,3
2024-08-14,14,N4060532216,Otxarkoaga-Txurdinaga,91,91,2
2024-08-14,14,W96337695,Abando,81,113,4
2024-08-14,14,N5056437799,Deusto,53,53,1
2024-08-14,14,W28211432,Abando,52,103,5
2024-08-14,14,N5056355015,Uribarri,39,268,4
2024-08-14,14,W111740255,Errekalde,39,115,1
2024-08-14,14,N4060532220,Otxarkoaga-Txurdinaga,21,67,3
2024-08-14,14,W375390416,Ibaiondo,20,58,3
2024-08-14,14,W110895854,Abando,19,216,6
2024-08-14,14,W163195554,Basurtu-Zorrotza,17,67,1
2024-08-14,14,N518227646,Abando,11,65,7
2024-08-14,14,N5301954699,Basurtu-Zorrotza,10,10,2
2024-08-14,14,W123440604,Uribarri,9,100,5
2024-08-14,14,N4508853267,Uribarri,8,192,6
2024-08-14,14,N1271964866,Abando,7,163,8
2024-08-14,14,W28776478,Abando,4,172,9
2024-08-14,14,W123440625,Uribarri,4,4,7
2024-08-14,14,W41688628,Abando,1,98,10
2024-08-14,14,N4762096882,Abando,1,94,11
2024-08-14,15,N4060532227,Uribarri,299,299,1
2024-08-14,15,W108497734,Ibaiondo,265,265,1
2024-08-14,15,W108504682,Abando,182,182,1
2024-08-14,15,N5056353256,Uribarri,168,168,2
2024-08-14,15,N5056379164,Abando,146,146,2
2024-08-14,15,N4060532217,Otxarkoaga-Txurdinaga,98,98,1
2024-08-14,15,N4508853267,Uribarri,97,192,3
2024-08-14,15,W404432093,Ibaiondo,97,192,2
2024-08-14,15,W28211432,Abando,94,103,3
2024-08-14,15,N4060532216,Otxarkoaga-Txurdinaga,91,91,2
2024-08-14,15,N518227646,Abando,60,65,4
2024-08-14,15,W96337695,Abando,58,113,5
2024-08-14,15,W111740255,Errekalde,39,115,1
2024-08-14,15,W110895854,Abando,36,216,6
2024-08-14,15,W163195554,Basurtu-Zorrotza,25,67,1
2024-08-14,15,N4060532220,Otxarkoaga-Txurdinaga,21,67,3
2024-08-14,15,W375390416,Ibaiondo,20,58,3
2024-08-14,15,N5301954699,Basurtu-Zorrotza,10,10,2
2024-08-14,15,W123440604,Uribarri,9,100,4
2024-08-14,15,W123440625,Uribarri,4,4,5
2024-08-14,15,W44016098,Abando,1,192,7
2024-08-14,15,W28776478,Abando,1,172,8
2024-08-14,15,W171882527,Abando,1,31,9
2024-08-14,16,N4060532227,Uribarri,299,299,1
2024-08-14,16,W108497734,Ibaiondo,265,265,1
2024-08-14,16,N3207631929,Abando,198,212,1
2024-08-14,16,N5056353256,Uribarri,168,168,2
2024-08-14,16,N5056379164,Abando,146,146,2
2024-08-14,16,N4060532217,Otxarkoaga-Txurdinaga,98,98,1
2024-08-14,16,N4508853267,Uribarri,97,192,3
2024-08-14,16,W404432093,Ibaiondo,97,192,2
2024-08-14,16,W28211432,Abando,93,103,3
2024-08-14,16,N4060532216,Otxarkoaga-Txurdinaga,91,91,2
2024-08-14,16,W96337695,Abando,69,113,4
2024-08-14,16,N518227646,Abando,60,65,5
2024-08-14,16,W111740255,Errekalde,39,115,1
2024-08-14,16,W163195554,Basurtu-Zorrotza,25,67,1
2024-08-14,16,N4060532220,Otxarkoaga-Txurdinaga,21,67,3
2024-08-14,16,W375390416,Ibaiondo,20,58,3
2024-08-14,16,W110895854,Abando,19,216,6
2024-08-14,16,N5301954699,Basurtu-Zorrotza,10,10,2
2024-08-14,16,W123440604,Uribarri,9,100,4
2024-08-14,16,W28776478,Abando,4,172,7
2024-08-14,16,W123440625,Uribarri,4,4,5
2024-08-14,16,W171882527,Abando,1,31,8
2024-08-14,17,N4060532227,Uribarri,299,299,1
2024-08-14,17,W108497734,Ibaiondo,265,265,1
2024-08-14,17,N3207631929,Abando,198,212,1
2024-08-14,17,N5056353256,Uribarri,168,168,2
2024-08-14,17,N5056379164,Abando,146,146,2
2024-08-14,17,N4060532217,Otxarkoaga-Txurdinaga,98,98,1
2024-08-14,17,N4508853267,Uribarri,97,192,3
2024-08-14,17,W404432093,Ibaiondo,97,192,2
2024-08-14,17,W28211432,Abando,93,103,3
2024-08-14,17,N4060532216,Otxarkoaga-Txurdinaga,91,91,2
2024-08-14,17,W96337695,Abando,69,113,4
2024-08-14,17,N518227646,Abando,60,65,5
2024-08-14,17,W111740255,Errekalde,39,115,1
2024-08-14,17,W163195554,Basurtu-Zorrotza,25,67,1
2024-08-14,17,N4060532220,Otxarkoaga-Txurdinaga,21,67,3
2024-08-14,17,W375390416,Ibaiondo,20,58,3
2024-08-14,17,W110895854,Abando,19,216,6
2024-08-14,17,N5301954699,Basurtu-Zorrotza,10,10,2
2024-08-14,17,W123440604,Uribarri,9,100,4
2024-08-14,17,W28776478,Abando,4,172,7
2024-08-14,17,W123440625,Uribarri,4,4,5
2024-08-14,17,W171882527,Abando,1,31,8
2024-08-14,18,N4060532227,Uribarri,299,299,1
2024-08-14,18,W41525574,Ibaiondo,271,271,1
2024-08-14,18,N3207631929,Abando,212,212,1
2024-08-14,18,N5056353256,Uribarri,168,168,2
2024-08-14,18,N5056379164,Abando,146,146,2
2024-08-14,18,W404432093,Ibaiondo,119,192,2
2024-08-14,18,N4060532217,Otxarkoaga-Txurdinaga,98,98,1
2024-08-14,18,N4508853267,Uribarri,97,192,3
2024-08-14,18,W28211432,Abando,93,103,3
2024-08-14,18,N4060532216,Otxarkoaga-Txurdinaga,91,91,2
2024-08-14,18,W96337695,Abando,69,113,4
2024-08-14,18,N4762096882,Abando,66,94,5
2024-08-14,18,W111740255,Errekalde,39,115,1
2024-08-14,18,W28776478,Abando,28,172,6
2024-08-14,18,W163196945,Basurtu-Zorrotza,27,27,1
2024-08-14,18,N4060532220,Otxarkoaga-Txurdinaga,21,67,3
2024-08-14,18,N518227646,Abando,19,65,7
2024-08-14,18,W163195554,Basurtu-Zorrotza,16,67,2
2024-08-14,18,W375390416,Ibaiondo,12,58,3
2024-08-14,18,N5301954699,Basurtu-Zorrotza,10,10,3
2024-08-14,18,W123440604,Uribarri,9,100,4
2024-08-14,18,N1271964866,Abando,7,163,8
2024-08-14,18,W123440625,Uribarri,4,4,5
2024-08-14,18,W485363913,Ibaiondo,2,179,4
2024-08-14,18,W171882527,Abando,1,31,9
2024-08-14,19,N4060532227,Uribarri,299,299,1
2024-08-14,19,W41525574,Ibaiondo,271,271,1
2024-08-14,19,N3207631929,Abando,212,212,1
2024-08-14,19,N5056353256,Uribarri,168,168,2
2024-08-14,19,N5056379164,Abando,146,146,2
2024-08-14,19,W404432093,Ibaiondo,119,192,2
2024-08-14,19,N4060532217,Otxarkoaga-Txurdinaga,98,98,1
2024-08-14,19,N4508853267,Uribarri,97,192,3
2024-08-14,19,W28211432,Abando,93,103,3
2024-08-14,19,N4060532216,Otxarkoaga-Txurdinaga,91,91,2
2024-08-14,19,W96337695,Abando,69,113,4
2024-08-14,19,N4762096882,Abando,66,94,5
2024-08-14,19,W111740255,Errekalde,39,115,1
2024-08-14,19,W28776478,Abando,28,172,6
2024-08-14,19,W163196945,Basurtu-Zorrotza,27,27,1
2024-08-14,19,N4060532220,Otxarkoaga-Txurdinaga,21,67,3
2024-08-14,19,N518227646,Abando,19,65,7
2024-08-14,19,W163195554,Basurtu-Zorrotza,16,67,2
2024-08-14,19,W375390416,Ibaiondo,12,58,3
2024-08-14,19,N5301954699,Basurtu-Zorrotza,10,10,3
2024-08-14,19,W123440604,Uribarri,9,100,4
2024-08-14,19,N1271964866,Abando,7,163,8
2024-08-14,19,W123440625,Uribarri,4,4,5
2024-08-14,19,W485363913,Ibaiondo,2,179,4
2024-08-14,19,W171882527,Abando,1,31,9
2024-08-14,20,N4060532227,Uribarri,299,299,1
2024-08-14,20,N3207631929,Abando,212,212,1
2024-08-14,20,W404432093,Ibaiondo,192,192,1
2024-08-14,20,N5056353256,Uribarri,168,168,2
2024-08-14,20,N5056379164,Abando,146,146,2
2024-08-14,20,W485363913,Ibaiondo,142,179,2
2024-08-14,20,N4060532217,Otxarkoaga-Txurdinaga,98,98,1
2024-08-14,20,N4508853267,Uribarri,95,192,3
2024-08-14,20,W28211432,Abando,93,103,3
2024-08-14,20,N4060532216,Otxarkoaga-Txurdinaga,91,91,2
2024-08-14,20,W96337695,Abando,69,113,4
2024-08-14,20,N4762096882,Abando,66,94,5
2024-08-14,20,W111740255,Errekalde,39,115,1
2024-08-14,20,W375390416,Ibaiondo,27,58,3
2024-08-14,20,W28776478,Abando,25,172,6
2024-08-14,20,N4060532220,Otxarkoaga-Txurdinaga,21,67,3
2024-08-14,20,W163195554,Basurtu-Zorrotza,16,67,1
2024-08-14,20,N5301954699,Basurtu-Zorrotza,10,10,2
2024-08-14,20,W123440604,Uribarri,9,100,4
2024-08-14,20,N1271964866,Abando,7,163,7
2024-08-14,20,W123440625,Uribarri,4,4,5
2024-08-14,20,W171882527,Abando,1,31,8
2024-08-14,21,N4060532227,Uribarri,299,299,1
2024-08-14,21,W44016098,Abando,192,192,1
2024-08-14,21,N5056353256,Uribarri,168,168,2
2024-08-14,21,W485363913,Ibaiondo,165,179,1
2024-08-14,21,N5056379164,Abando,146,146,2
2024-08-14,21,N4060532217,Otxarkoaga-Txurdinaga,98,98,1
2024-08-14,21,N4508853267,Uribarri,95,192,3
2024-08-14,21,N4060532216,Otxarkoaga-Txurdinaga,91,91,2
2024-08-14,21,W96337695,Abando,90,113,3
2024-08-14,21,W375390416,Ibaiondo,55,58,2
2024-08-14,21,W111740255,Errekalde,39,115,1
2024-08-14,21,W171882527,Abando,31,31,4
2024-08-14,21,W163195554,Basurtu-Zorrotza,30,67,1
2024-08-14,21,N4060532220,Otxarkoaga-Txurdinaga,21,67,3
2024-08-14,21,N5301954699,Basurtu-Zorrotza,10,10,2
2024-08-14,21,W123440604,Uribarri,9,100,4
2024-08-14,21,W123440625,Uribarri,4,4,5
2024-08-14,21,W44113519,Abando,3,150,5
2024-08-14,21,W28776478,Abando,2,172,6
2024-08-14,22,N4060532227,Uribarri,299,299,1
2024-08-14,22,W485363913,Ibaiondo,179,179,1
2024-08-14,22,N5056353256,Uribarri,168,168,2
2024-08-14,22,W28776478,Abando,152,172,1
2024-08-14,22,N5056379164,Abando,146,146,2
2024-08-14,22,N4060532217,Otxarkoaga-Txurdinaga,98,98,1
2024-08-14,22,N4508853267,Uribarri,95,192,3
2024-08-14,22,N4060532216,Otxarkoaga-Txurdinaga,91,91,2
2024-08-14,22,W111740255,Errekalde,39,115,1
2024-08-14,22,W171882527,Abando,31,31,3
2024-08-14,22,W163195554,Basurtu-Zorrotza,30,67,1
2024-08-14,22,N4060532220,Otxarkoaga-Txurdinaga,21,67,3
2024-08-14,22,N5301954699,Basurtu-Zorrotza,10,10,2
2024-08-14,22,W123440604,Uribarri,9,100,4
2024-08-14,22,W123440625,Uribarri,4,4,5
2024-08-14,22,W44113519,Abando,3,150,4
2024-08-14,23,N4060532227,Uribarri,299,299,1
2024-08-14,23,W485363913,Ibaiondo,179,179,1
2024-08-14,23,N5056353256,Uribarri,168,168,2
2024-08-14,23,W28776478,Abando,152,172,1
2024-08-14,23,N5056379164,Abando,146,146,2
2024-08-14,23,N4060532217,Otxarkoaga-Txurdinaga,98,98,1
2024-08-14,23,N4508853267,Uribarri,95,192,3
2024-08-14,23,N4060532216,Otxarkoaga-Txurdinaga,91,91,2
2024-08-14,23,W111740255,Errekalde,39,115,1
2024-08-14,23,W171882527,Abando,31,31,3
2024-08-14,23,W163195554,Basurtu-Zorrotza,30,67,1
2024-08-14,23,N4060532220,Otxarkoaga-Txurdinaga,21,67,3
2024-08-14,23,N5301954699,Basurtu-Zorrotza,10,10,2
2024-08-14,23,W44113519,Abando,3,150,4
2024-08-15,5,N4060532227,Uribarri,299,299,1
2024-08-15,5,W485363913,Ibaiondo,179,179,1
2024-08-15,5,N5056353256,Uribarri,168,168,2
2024-08-15,5,W28776478,Abando,152,172,1
2024-08-15,5,N4060532217,Otxarkoaga-Txurdinaga,98,98,1
2024-08-15,5,N4508853267,Uribarri,95,192,3
2024-08-15,5,N4060532216,Otxarkoaga-Txurdinaga,91,91,2
2024-08-15,5,W163195554,Basurtu-Zorrotza,67,67,1
2024-08-15,5,N4060532220,Otxarkoaga-Txurdinaga,21,67,3
2024-08-15,6,N4060532227,Uribarri,299,299,1
2024-08-15,6,W485363913,Ibaiondo,179,179,1
2024-08-15,6,N5056353256,Uribarri,168,168,2
2024-08-15,6,W28776478,Abando,152,172,1
2024-08-15,6,N5056379164,Abando,146,146,2
2024-08-15,6,N4060532217,Otxarkoaga-Txurdinaga,98,98,1
2024-08-15,6,N4508853267,Uribarri,95,192,3
2024-08-15,6,N4060532216,Otxarkoaga-Txurdinaga,91,91,2
2024-08-15,6,W111740255,Errekalde,39,115,1
2024-08-15,6,W163195554,Basurtu-Zorrotza,30,67,1
2024-08-15,6,N4060532220,Otxarkoaga-Txurdinaga,21,67,3
2024-08-15,6,N5301954699,Basurtu-Zorrotza,10,10,2
2024-08-15,6,W44113519,Abando,3,150,3
2024-08-15,7,N4060532227,Uribarri,299,299,1
2024-08-15,7,W485363913,Ibaiondo,179,179,1
2024-08-15,7,N5056353256,Uribarri,168,168,2
2024-08-15,7,W28776478,Abando,152,172,1
2024-08-15,7,N5056379164,Abando,146,146,2
2024-08-15,7,N4060532217,Otxarkoaga-Txurdinaga,98,98,1
2024-08-15,7,N4508853267,Uribarri,95,192,3
2024-08-15,7,N4060532216,Otxarkoaga-Txurdinaga,91,91,2
2024-08-15,7,W111740255,Errekalde,39,115,1
2024-08-15,7,W163195554,Basurtu-Zorrotza,30,67,1
2024-08-15,7,N4060532220,Otxarkoaga-Txurdinaga,21,67,3
2024-08-15,7,N5301954699,Basurtu-Zorrotza,10,10,2
2024-08-15,7,W44113519,Abando,3,150,3
2024-08-15,8,N4060532227,Uribarri,299,299,1
2024-08-15,8,W485363913,Ibaiondo,179,179,1
2024-08-15,8,N5056353256,Uribarri,168,168,2
2024-08-15,8,W28776478,Abando,152,172,1
2024-08-15,8,N5056379164,Abando,146,146,2
2024-08-15,8,N5056356248,Uribarri,114,264,3
2024-08-15,8,N4060532217,Otxarkoaga-Txurdinaga,98,98,1
2024-08-15,8,N4060532216,Otxarkoaga-Txurdinaga,91,91,2
2024-08-15,8,W41688628,Abando,57,98,3
2024-08-15,8,N5056437799,Deusto,53,53,1
2024-08-15,8,N5056355015,Uribarri,39,268,4
2024-08-15,8,W111740255,Errekalde,39,115,1
2024-08-15,8,W163195554,Basurtu-Zorrotza,30,67,1
2024-08-15,8,N4060532220,Otxarkoaga-Txurdinaga,21,67,3
2024-08-15,8,N5301954699,Basurtu-Zorrotza,10,10,2
2024-08-15,8,W123440604,Uribarri,9,100,5
2024-08-15,8,N4508853267,Uribarri,6,192,6
2024-08-15,8,W123440625,Uribarri,4,4,7
2024-08-15,8,W44113519,Abando,3,150,4
2024-08-15,9,N4060532227,Uribarri,299,299,1
2024-08-15,9,W108497734,Ibaiondo,265,265,1
2024-08-15,9,W108504682,Abando,182,182,1
2024-08-15,9,N5056353256,Uribarri,168,168,2
2024-08-15,9,N5056328910,Begona,152,152,1
2024-08-15,9,N5056379164,Abando,146,146,2
2024-08-15,9,N5056356248,Uribarri,114,264,3
2024-08-15,9,N11229807742,Basurtu-Zorrotza,113,113,1
2024-08-15,9,W164512079,Otxarkoaga-Txurdinaga,108,108,1
2024-08-15,9,N4761972760,Abando,97,98,3
2024-08-15,9,N9607391207,Begona,90,99,2
2024-08-15,9,N5056183351,Errekalde,88,88,1
2024-08-15,9,N4060532216,Otxarkoaga-Txurdinaga,86,91,2
2024-08-15,9,N5056088727,Ibaiondo,74,218,2
2024-08-15,9,W96337695,Abando,66,113,4
2024-08-15,9,N9607455457,Errekalde,64,65,2
2024-08-15,9,N4731925117,Abando,59,80,5
2024-08-15,9,N5056437799,Deusto,53,53,1
2024-08-15,9,N10308519810,Deusto,48,48,2
2024-08-15,9,W48045715,Uribarri,39,268,4
2024-08-15,9,W110895854,Abando,36,216,6
2024-08-15,9,W185205681,Deusto,35,35,3
2024-08-15,9,W420558992,Ibaiondo,30,197,3
2024-08-15,9,W111740255,Errekalde,27,115,3
2024-08-15,9,N4060532217,Otxarkoaga-Txurdinaga,18,98,3
2024-08-15,9,W163195554,Basurtu-Zorrotza,17,67,2
2024-08-15,9,W375390416,Ibaiondo,11,58,4
2024-08-15,9,N9607363904,Uribarri,10,88,5
2024-08-15,9,N5301954699,Basurtu-Zorrotza,10,10,3
2024-08-15,9,N4508853267,Uribarri,8,192,6
2024-08-15,9,W123440625,Uribarri,4,4,7
2024-08-15,9,W28776478,Abando,1,172,7
2024-08-15,9,N4060532220,Otxarkoaga-Txurdinaga,1,67,4
2024-08-15,10,N4060532227,Uribarri,299,299,1
2024-08-15,10,W41525574,Ibaiondo,271,271,1
2024-08-15,10,W44016098,Abando,192,192,1
2024-08-15,10,N5056353256,Uribarri,168,168,2
2024-08-15,10,N5056379164,Abando,146,146,2
2024-08-15,10,N5056328910,Begona,130,152,1
2024-08-15,10,W404432093,Ibaiondo,119,192,2
2024-08-15,10,N5056356248,Uribarri,114,264,3
2024-08-15,10,N11229807742,Basurtu-Zorrotza,113,113,1
2024-08-15,10,N1271964866,Abando,111,163,3
2024-08-15,10,W164512079,Otxarkoaga-Txurdinaga,108,108,1
2024-08-15,10,N9607391207,Begona,90,99,2
2024-08-15,10,N4761972760,Abando,89,98,4
2024-08-15,10,N5056183351,Errekalde,88,88,1
2024-08-15,10,N4060532216,Otxarkoaga-Txurdinaga,86,91,2
2024-08-15,10,W96337695,Abando,70,113,5
2024-08-15,10,N9607455457,Errekalde,64,65,2
2024-08-15,10,N5056437799,Deusto,53,53,1
2024-08-15,10,N10308519810,Deusto,48,48,2
2024-08-15,10,W48045715,Uribarri,39,268,4
2024-08-15,10,W185205681,Deusto,35,35,3
2024-08-15,10,W111740255,Errekalde,27,115,3
2024-08-15,10,N4060532217,Otxarkoaga-Txurdinaga,18,98,3
2024-08-15,10,W163195554,Basurtu-Zorrotza,17,67,2
2024-08-15,10,W248634544,Uribarri,15,149,5
2024-08-15,10,W28211432,Abando,13,103,6
2024-08-15,10,W375390416,Ibaiondo,12,58,3
2024-08-15,10,N9607363904,Uribarri,10,88,6
2024-08-15,10,N5301954699,Basurtu-Zorrotza,10,10,3
2024-08-15,10,N4731925117,Abando,7,80,7
2024-08-15,10,W420558992,Ibaiondo,6,197,4
2024-08-15,10,W123440625,Uribarri,4,4,7
2024-08-15,10,N5056088727,Ibaiondo,2,218,5
2024-08-15,10,W28776478,Abando,2,172,8
2024-08-15,10,N4060532220,Otxarkoaga-Txurdinaga,1,67,4
2024-08-15,11,N4060532227,Uribarri,299,299,1
2024-08-15,11,W41525574,Ibaiondo,271,271,1
2024-08-15,11,N3207631929,Abando,212,212,1
2024-08-15,11,N5056353256,Uribarri,168,168,2
2024-08-15,11,N5056379164,Abando,146,146,2
2024-08-15,11,N5056328910,Begona,130,152,1
2024-08-15,11,W404432093,Ibaiondo,119,192,2
2024-08-15,11,N5056356248,Uribarri,114,264,3
2024-08-15,11,N11229807742,Basurtu-Zorrotza,113,113,1
2024-08-15,11,W164512079,Otxarkoaga-Txurdinaga,108,108,1
2024-08-15,11,N4761972760,Abando,97,98,3
2024-08-15,11,N9607391207,Begona,90,99,2
2024-08-15,11,N5056183351,Errekalde,88,88,1
2024-08-15,11,N4060532216,Otxarkoaga-Txurdinaga,86,91,2
2024-08-15,11,W96337695,Abando,81,113,4
2024-08-15,11,N9607455457,Errekalde,64,65,2
2024-08-15,11,N5056437799,Deusto,53,53,1
2024-08-15,11,W28211432,Abando,52,103,5
2024-08-15,11,N10308519810,Deusto,48,48,2
2024-08-15,11,W48045715,Uribarri,39,268,4
2024-08-15,11,W248634544,Uribarri,37,149,5
2024-08-15,11,W185205681,Deusto,35,35,3
2024-08-15,11,W111740255,Errekalde,27,115,3
2024-08-15,11,W163196945,Basurtu-Zorrotza,27,27,2
2024-08-15,11,N4060532217,Otxarkoaga-Txurdinaga,18,98,3
2024-08-15,11,W163195554,Basurtu-Zorrotza,17,67,3
2024-08-15,11,N4731925117,Abando,14,80,6
2024-08-15,11,W375390416,Ibaiondo,12,58,3
2024-08-15,11,N518227646,Abando,11,65,7
2024-08-15,11,N9607363904,Uribarri,10,88,6
2024-08-15,11,N5301954699,Basurtu-Zorrotza,10,10,4
2024-08-15,11,W420558992,Ibaiondo,6,197,4
2024-08-15,11,W28776478,Abando,6,172,8
2024-08-15,11,W123440625,Uribarri,4,4,7
2024-08-15,11,N5056088727,Ibaiondo,2,218,5
2024-08-15,11,N4762096882,Abando,1,94,9
2024-08-15,11,N4060532220,Otxarkoaga-Txurdinaga,1,67,4
2024-08-15,12,N4060532227,Uribarri,299,299,1
2024-08-15,12,W41525574,Ibaiondo,271,271,1
2024-08-15,12,N3207631929,Abando,212,212,1
2024-08-15,12,N5056353256,Uribarri,168,168,2
2024-08-15,12,N5056379164,Abando,146,146,2
2024-08-15,12,N5056328910,Begona,130,152,1
2024-08-15,12,W404432093,Ibaiondo,119,192,2
2024-08-15,12,N5056356248,Uribarri,114,264,3
2024-08-15,12,N11229807742,Basurtu-Zorrotza,113,113,1
2024-08-15,12,W164512079,Otxarkoaga-Txurdinaga,108,108,1
2024-08-15,12,N4761972760,Abando,97,98,3
2024-08-15,12,N9607391207,Begona,90,99,2
2024-08-15,12,N5056183351,Errekalde,88,88,1
2024-08-15,12,N4060532216,Otxarkoaga-Txurdinaga,86,91,2
2024-08-15,12,W96337695,Abando,81,113,4
2024-08-15,12,N9607455457,Errekalde,64,65,2
2024-08-15,12,N5056437799,Deusto,53,53,1
2024-08-15,12,W28211432,Abando,52,103,5
2024-08-15,12,N10308519810,Deusto,48,48,2
2024-08-15,12,W48045715,Uribarri,39,268,4
2024-08-15,12,W248634544,Uribarri,37,149,5
2024-08-15,12,W185205681,Deusto,35,35,3
2024-08-15,12,W111740255,Errekalde,27,115,3
2024-08-15,12,W163196945,Basurtu-Zorrotza,27,27,2
2024-08-15,12,N4060532217,Otxarkoaga-Txurdinaga,18,98,3
2024-08-15,12,W163195554,Basurtu-Zorrotza,17,67,3
2024-08-15,12,N4731925117,Abando,14,80,6
2024-08-15,12,W375390416,Ibaiondo,12,58,3
2024-08-15,12,N518227646,Abando,11,65,7
2024-08-15,12,N9607363904,Uribarri,10,88,6
2024-08-15,12,N5301954699,Basurtu-Zorrotza,10,10,4
2024-08-15,12,W420558992,Ibaiondo,6,197,4
2024-08-15,12,W28776478,Abando,6,172,8
2024-08-15,12,W123440625,Uribarri,4,4,7
2024-08-15,12,N5056088727,Ibaiondo,2,218,5
2024-08-15,12,N4762096882,Abando,1,94,9
2024-08-15,12,N4060532220,Otxarkoaga-Txurdinaga,1,67,4
2024-08-15,13,N4060532227,Uribarri,299,299,1
2024-08-15,13,W108497734,Ibaiondo,265,265,1
2024-08-15,13,N3207631929,Abando,198,212,1
2024-08-15,13,N5056353256,Uribarri,168,168,2
2024-08-15,13,N5056328910,Begona,152,152,1
2024-08-15,13,N5056379164,Abando,146,146,2
2024-08-15,13,N5056356248,Uribarri,114,264,3
2024-08-15,13,N11229807742,Basurtu-Zorrotza,113,113,1
2024-08-15,13,W164512079,Otxarkoaga-Txurdinaga,108,108,1
2024-08-15,13,W404432093,Ibaiondo,97,192,2
2024-08-15,13,N4761972760,Abando,97,98,3
2024-08-15,13,N9607391207,Begona,90,99,2
2024-08-15,13,N5056183351,Errekalde,88,88,1
2024-08-15,13,N4060532216,Otxarkoaga-Txurdinaga,86,91,2
2024-08-15,13,W96337695,Abando,81,113,4
2024-08-15,13,N9607455457,Errekalde,64,65,2
2024-08-15,13,N5056437799,Deusto,53,53,1
2024-08-15,13,W28211432,Abando,52,103,5
2024-08-15,13,N10308519810,Deusto,48,48,2
2024-08-15,13,N5056355015,Uribarri,39,268,4
2024-08-15,13,W185205681,Deusto,35,35,3
2024-08-15,13,W420558992,Ibaiondo,32,197,3
2024-08-15,13,W111740255,Errekalde,27,115,3
2024-08-15,13,W163196945,Basurtu-Zorrotza,27,27,2
2024-08-15,13,W248634544,Uribarri,26,149,5
2024-08-15,13,N4060532217,Otxarkoaga-Txurdinaga,18,98,3
2024-08-15,13,W163195554,Basurtu-Zorrotza,17,67,3
2024-08-15,13,N4731925117,Abando,14,80,6
2024-08-15,13,W375390416,Ibaiondo,12,58,4
2024-08-15,13,N518227646,Abando,11,65,7
2024-08-15,13,N9607363904,Uribarri,10,88,6
2024-08-15,13,N5301954699,Basurtu-Zorrotza,10,10,4
2024-08-15,13,W28776478,Abando,5,172,8
2024-08-15,13,W123440625,Uribarri,4,4,7
2024-08-15,13,N5056088727,Ibaiondo,2,218,5
2024-08-15,13,N4762096882,Abando,1,94,9
2024-08-15,13,N4060532220,Otxarkoaga-Txurdinaga,1,67,4
2024-08-15,14,N4060532227,Uribarri,299,299,1
2024-08-15,14,W108497734,Ibaiondo,265,265,1
2024-08-15,14,N3207631929,Abando,198,212,1
2024-08-15,14,N5056353256,Uribarri,168,168,2
2024-08-15,14,N5056379164,Abando,146,146,2
2024-08-15,14,N5056356248,Uribarri,114,264,3
2024-08-15,14,N4060532217,Otxarkoaga-Txurdinaga,98,98,1
2024-08-15,14,W404432093,Ibaiondo,97,192,2
2024-08-15,14,N4761972760,Abando,97,98,3
2024-08-15,14,N4060532216,Otxarkoaga-Txurdinaga,91,91,2
2024-08-15,14,W96337695,Abando,81,113,4
2024-08-15,14,N5056437799,Deusto,53,53,1
2024-08-15,14,W28211432,Abando,52,103,5
2024-08-15,14,N5056355015,Uribarri,39,268,4
2024-08-15,14,W111740255,Errekalde,39,115,1
2024-08-15,14,N4060532220,Otxarkoaga-Txurdinaga,21,67,3
2024-08-15,14,W375390416,Ibaiondo,20,58,3
2024-08-15,14,W110895854,Abando,19,216,6
2024-08-15,14,W163195554,Basurtu-Zorrotza,17,67,1
2024-08-15,14,N518227646,Abando,11,65,7
2024-08-15,14,N5301954699,Basurtu-Zorrotza,10,10,2
2024-08-15,14,W123440604,Uribarri,9,100,5
2024-08-15,14,N4508853267,Uribarri,8,192,6
2024-08-15,14,N1271964866,Abando,7,163,8
2024-08-15,14,W28776478,Abando,4,172,9
2024-08-15,14,W123440625,Uribarri,4,4,7
2024-08-15,14,W41688628,Abando,1,98,10
2024-08-15,14,N4762096882,Abando,1,94,11
2024-08-15,15,N4060532227,Uribarri,299,299,1
2024-08-15,15,W108497734,Ibaiondo,265,265,1
2024-08-15,15,W108504682,Abando,182,182,1
2024-08-15,15,N5056353256,Uribarri,168,168,2
2024-08-15,15,N5056379164,Abando,146,146,2
2024-08-15,15,N4060532217,Otxarkoaga-Txurdinaga,98,98,1
2024-08-15,15,N4508853267,Uribarri,97,192,3
2024-08-15,15,W404432093,Ibaiondo,97,192,2
2024-08-15,15,W28211432,Abando,94,103,3
2024-08-15,15,N4060532216,Otxarkoaga-Txurdinaga,91,91,2
2024-08-15,15,N518227646,Abando,60,65,4
2024-08-15,15,W96337695,Abando,58,113,5
2024-08-15,15,W111740255,Errekalde,39,115,1
2024-08-15,15,W110895854,Abando,36,216,6
2024-08-15,15,W163195554,Basurtu-Zorrotza,25,67,1
2024-08-15,15,N4060532220,Otxarkoaga-Txurdinaga,21,67,3
2024-08-15,15,W375390416,Ibaiondo,20,58,3
2024-08-15,15,N5301954699,Basurtu-Zorrotza,10,10,2
2024-08-15,15,W123440604,Uribarri,9,100,4
2024-08-15,15,W123440625,Uribarri,4,4,5
2024-08-15,15,W44016098,Abando,1,192,7
2024-08-15,15,W28776478,Abando,1,172,8
2024-08-15,15,W171882527,Abando,1,31,9
2024-08-15,16,N4060532227,Uribarri,299,299,1
2024-08-15,16,W108497734,Ibaiondo,265,265,1
2024-08-15,16,N3207631929,Abando,198,212,1
2024-08-15,16,N5056353256,Uribarri,168,168,2
2024-08-15,16,N5056379164,Abando,146,146,2
2024-08-15,16,N4060532217,Otxarkoaga-Txurdinaga,98,98,1
2024-08-15,16,N4508853267,Uribarri,97,192,3
2024-08-15,16,W404432093,Ibaiondo,97,192,2
2024-08-15,16,W28211432,Abando,93,103,3
2024-08-15,16,N4060532216,Otxarkoaga-Txurdinaga,91,91,2
2024-08-15,16,W96337695,Abando,69,113,4
2024-08-15,16,N518227646,Abando,60,65,5
2024-08-15,16,W111740255,Errekalde,39,115,1
2024-08-15,16,W163195554,Basurtu-Zorrotza,25,67,1
2024-08-15,16,N4060532220,Otxarkoaga-Txurdinaga,21,67,3
2024-08-15,16,W375390416,Ibaiondo,20,58,3
2024-08-15,16,W110895854,Abando,19,216,6
2024-08-15,16,N5301954699,Basurtu-Zorrotza,10,10,2
2024-08-15,16,W123440604,Uribarri,9,100,4
2024-08-15,16,W28776478,Abando,4,172,7
2024-08-15,16,W123440625,Uribarri,4,4,5
2024-08-15,16,W171882527,Abando,1,31,8
2024-08-15,17,N4060532227,Uribarri,299,299,1
2024-08-15,17,W108497734,Ibaiondo,265,265,1
2024-08-15,17,N3207631929,Abando,198,212,1
2024-08-15,17,N5056353256,Uribarri,168,168,2
2024-08-15,17,N5056379164,Abando,146,146,2
2024-08-15,17,N4060532217,Otxarkoaga-Txurdinaga,98,98,1
2024-08-15,17,N4508853267,Uribarri,97,192,3
2024-08-15,17,W404432093,Ibaiondo,97,192,2
2024-08-15,17,W28211432,Abando,93,103,3
2024-08-15,17,N4060532216,Otxarkoaga-Txurdinaga,91,91,2
2024-08-15,17,W96337695,Abando,69,113,4
2024-08-15,17,N518227646,Abando,60,65,5
2024-08-15,17,W111740255,Errekalde,39,115,1
2024-08-15,17,W163195554,Basurtu-Zorrotza,25,67,1
2024-08-15,17,N4060532220,Otxarkoaga-Txurdinaga,21,67,3
2024-08-15,17,W375390416,Ibaiondo,20,58,3
2024-08-15,17,W110895854,Abando,19,216,6
2024-08-15,17,N5301954699,Basurtu-Zorrotza,10,10,2
2024-08-15,17,W123440604,Uribarri,9,100,4
2024-08-15,17,W28776478,Abando,4,172,7
2024-08-15,17,W123440625,Uribarri,4,4,5
2024-08-15,17,W171882527,Abando,1,31,8
2024-08-15,18,N4060532227,Uribarri,299,299,1
2024-08-15,18,W41525574,Ibaiondo,271,271,1
2024-08-15,18,N3207631929,Abando,212,212,1
2024-08-15,18,N5056353256,Uribarri,168,168,2
2024-08-15,18,N5056379164,Abando,146,146,2
2024-08-15,18,W404432093,Ibaiondo,119,192,2
2024-08-15,18,N4060532217,Otxarkoaga-Txurdinaga,98,98,1
2024-08-15,18,N4508853267,Uribarri,97,192,3
2024-08-15,18,W28211432,Abando,93,103,3
2024-08-15,18,N4060532216,Otxarkoaga-Txurdinaga,91,91,2
2024-08-15,18,W96337695,Abando,69,113,4
2024-08-15,18,N4762096882,Abando,66,94,5
2024-08-15,18,W111740255,Errekalde,39,115,1
2024-08-15,18,W28776478,Abando,28,172,6
2024-08-15,18,W163196945,Basurtu-Zorrotza,27,27,1
2024-08-15,18,N4060532220,Otxarkoaga-Txurdinaga,21,67,3
2024-08-15,18,N518227646,Abando,19,65,7
2024-08-15,18,W163195554,Basurtu-Zorrotza,16,67,2
2024-08-15,18,W375390416,Ibaiondo,12,58,3
2024-08-15,18,N5301954699,Basurtu-Zorrotza,10,10,3
2024-08-15,18,W123440604,Uribarri,9,100,4
2024-08-15,18,N1271964866,Abando,7,163,8
2024-08-15,18,W123440625,Uribarri,4,4,5
2024-08-15,18,W485363913,Ibaiondo,2,179,4
2024-08-15,18,W171882527,Abando,1,31,9
2024-08-15,19,N4060532227,Uribarri,299,299,1
2024-08-15,19,W41525574,Ibaiondo,271,271,1
2024-08-15,19,N3207631929,Abando,212,212,1
2024-08-15,19,N5056353256,Uribarri,168,168,2
2024-08-15,19,N5056379164,Abando,146,146,2
2024-08-15,19,W404432093,Ibaiondo,119,192,2
2024-08-15,19,N4060532217,Otxarkoaga-Txurdinaga,98,98,1
2024-08-15,19,N4508853267,Uribarri,97,192,3
2024-08-15,19,W28211432,Abando,93,103,3
2024-08-15,19,N4060532216,Otxarkoaga-Txurdinaga,91,91,2
2024-08-15,19,W96337695,Abando,69,113,4
2024-08-15,19,N4762096882,Abando,66,94,5
2024-08-15,19,W111740255,Errekalde,39,115,1
2024-08-15,19,W28776478,Abando,28,172,6
2024-08-15,19,W163196945,Basurtu-Zorrotza,27,27,1
2024-08-15,19,N4060532220,Otxarkoaga-Txurdinaga,21,67,3
2024-08-15,19,N518227646,Abando,19,65,7
2024-08-15,19,W163195554,Basurtu-Zorrotza,16,67,2
2024-08-15,19,W375390416,Ibaiondo,12,58,3
2024-08-15,19,N5301954699,Basurtu-Zorrotza,10,10,3
2024-08-15,19,W123440604,Uribarri,9,100,4
2024-08-15,19,N1271964866,Abando,7,163,8
2024-08-15,19,W123440625,Uribarri,4,4,5
2024-08-15,19,W485363913,Ibaiondo,2,179,4
2024-08-15,19,W171882527,Abando,1,31,9
2024-08-15,20,N4060532227,Uribarri,299,299,1
2024-08-15,20,N3207631929,Abando,212,212,1
2024-08-15,20,W404432093,Ibaiondo,192,192,1
2024-08-15,20,N5056353256,Uribarri,168,168,2
2024-08-15,20,N5056379164,Abando,146,146,2
2024-08-15,20,W485363913,Ibaiondo,142,179,2
2024-08-15,20,N4060532217,Otxarkoaga-Txurdinaga,98,98,1
2024-08-15,20,N4508853267,Uribarri,95,192,3
2024-08-15,20,W28211432,Abando,93,103,3
2024-08-15,20,N4060532216,Otxarkoaga-Txurdinaga,91,91,2
2024-08-15,20,W96337695,Abando,69,113,4
2024-08-15,20,N4762096882,Abando,66,94,5
2024-08-15,20,W111740255,Errekalde,39,115,1
2024-08-15,20,W375390416,Ibaiondo,27,58,3
2024-08-15,20,W28776478,Abando,25,172,6
2024-08-15,20,N4060532220,Otxarkoaga-Txurdinaga,21,67,3
2024-08-15,20,W163195554,Basurtu-Zorrotza,16,67,1
2024-08-15,20,N5301954699,Basurtu-Zorrotza,10,10,2
2024-08-15,20,W123440604,Uribarri,9,100,4
2024-08-15,20,N1271964866,Abando,7,163,7
2024-08-15,20,W123440625,Uribarri,4,4,5
2024-08-15,20,W171882527,Abando,1,31,8
2024-08-15,21,N4060532227,Uribarri,299,299,1
2024-08-15,21,W44016098,Abando,192,192,1
2024-08-15,21,N5056353256,Uribarri,168,168,2
2024-08-15,21,W485363913,Ibaiondo,165,179,1
2024-08-15,21,N5056379164,Abando,146,146,2
2024-08-15,21,N4060532217,Otxarkoaga-Txurdinaga,98,98,1
2024-08-15,21,N4508853267,Uribarri,95,192,3
2024-08-15,21,N4060532216,Otxarkoaga-Txurdinaga,91,91,2
2024-08-15,21,W96337695,Abando,90,113,3
2024-08-15,21,W375390416,Ibaiondo,55,58,2
2024-08-15,21,W111740255,Errekalde,39,115,1
2024-08-15,21,W171882527,Abando,31,31,4
2024-08-15,21,W163195554,Basurtu-Zorrotza,30,67,1
2024-08-15,21,N4060532220,Otxarkoaga-Txurdinaga,21,67,3
2024-08-15,21,N5301954699,Basurtu-Zorrotza,10,10,2
2024-08-15,21,W123440604,Uribarri,9,100,4
2024-08-15,21,W123440625,Uribarri,4,4,5
2024-08-15,21,W44113519,Abando,3,150,5
2024-08-15,21,W28776478,Abando,2,172,6
2024-08-15,22,N4060532227,Uribarri,299,299,1
2024-08-15,22,W485363913,Ibaiondo,179,179,1
2024-08-15,22,N5056353256,Uribarri,168,168,2
2024-08-15,22,W28776478,Abando,152,172,1
2024-08-15,22,N5056379164,Abando,146,146,2
2024-08-15,22,N4060532217,Otxarkoaga-Txurdinaga,98,98,1
2024-08-15,22,N4508853267,Uribarri,95,192,3
2024-08-15,22,N4060532216,Otxarkoaga-Txurdinaga,91,91,2
2024-08-15,22,W111740255,Errekalde,39,115,1
2024-08-15,22,W171882527,Abando,31,31,3
2024-08-15,22,W163195554,Basurtu-Zorrotza,30,67,1
2024-08-15,22,N4060532220,Otxarkoaga-Txurdinaga,21,67,3
2024-08-15,22,N5301954699,Basurtu-Zorrotza,10,10,2
2024-08-15,22,W123440604,Uribarri,9,100,4
2024-08-15,22,W123440625,Uribarri,4,4,5
2024-08-15,22,W44113519,Abando,3,150,4
2024-08-15,23,N4060532227,Uribarri,299,299,1
2024-08-15,23,W485363913,Ibaiondo,179,179,1
2024-08-15,23,N5056353256,Uribarri,168,168,2
2024-08-15,23,W28776478,Abando,152,172,1
2024-08-15,23,N5056379164,Abando,146,146,2
2024-08-15,23,N4060532217,Otxarkoaga-Txurdinaga,98,98,1
2024-08-15,23,N4508853267,Uribarri,95,192,3
2024-08-15,23,N4060532216,Otxarkoaga-Txurdinaga,91,91,2
2024-08-15,23,W111740255,Errekalde,39,115,1
2024-08-15,23,W171882527,Abando,31,31,3
2024-08-15,23,W163195554,Basurtu-Zorrotza,30,67,1
2024-08-15,23,N4060532220,Otxarkoaga-Txurdinaga,21,67,3
2024-08-15,23,N5301954699,Basurtu-Zorrotza,10,10,2
2024-08-15,23,W44113519,Abando,3,150,4
2024-08-16,5,N4060532227,Uribarri,299,299,1
2024-08-16,5,W485363913,Ibaiondo,179,179,1
2024-08-16,5,N5056353256,Uribarri,168,168,2
2024-08-16,5,W28776478,Abando,152,172,1
2024-08-16,5,N4060532217,Otxarkoaga-Txurdinaga,98,98,1
2024-08-16,5,N4508853267,Uribarri,95,192,3
2024-08-16,5,N4060532216,Otxarkoaga-Txurdinaga,91,91,2
2024-08-16,5,W163195554,Basurtu-Zorrotza,67,67,1
2024-08-16,5,N4060532220,Otxarkoaga-Txurdinaga,21,67,3
2024-08-16,6,N4060532227,Uribarri,299,299,1
2024-08-16,6,W485363913,Ibaiondo,179,179,1
2024-08-16,6,N5056353256,Uribarri,168,168,2
2024-08-16,6,W28776478,Abando,152,172,1
2024-08-16,6,N5056379164,Abando,146,146,2
2024-08-16,6,N4060532217,Otxarkoaga-Txurdinaga,98,98,1
2024-08-16,6,N4508853267,Uribarri,95,192,3
2024-08-16,6,N4060532216,Otxarkoaga-Txurdinaga,91,91,2
2024-08-16,6,W111740255,Errekalde,39,115,1
2024-08-16,6,W163195554,Basurtu-Zorrotza,30,67,1
2024-08-16,6,N4060532220,Otxarkoaga-Txurdinaga,21,67,3
2024-08-16,6,N5301954699,Basurtu-Zorrotza,10,10,2
2024-08-16,6,W44113519,Abando,3,150,3
2024-08-16,7,N4060532227,Uribarri,299,299,1
2024-08-16,7,W485363913,Ibaiondo,179,179,1
2024-08-16,7,N5056353256,Uribarri,168,168,2
2024-08-16,7,W28776478,Abando,152,172,1
2024-08-16,7,N5056379164,Abando,146,146,2
2024-08-16,7,N4060532217,Otxarkoaga-Txurdinaga,98,98,1
2024-08-16,7,N4508853267,Uribarri,95,192,3
2024-08-16,7,N4060532216,Otxarkoaga-Txurdinaga,91,91,2
2024-08-16,7,W111740255,Errekalde,39,115,1
2024-08-16,7,W163195554,Basurtu-Zorrotza,30,67,1
2024-08-16,7,N4060532220,Otxarkoaga-Txurdinaga,21,67,3
2024-08-16,7,N5301954699,Basurtu-Zorrotza,10,10,2
2024-08-16,7,W44113519,Abando,3,150,3
2024-08-16,8,N4060532227,Uribarri,299,299,1
2024-08-16,8,W485363913,Ibaiondo,179,179,1
2024-08-16,8,N5056353256,Uribarri,168,168,2
2024-08-16,8,W28776478,Abando,152,172,1
2024-08-16,8,N5056379164,Abando,146,146,2
2024-08-16,8,N5056356248,Uribarri,114,264,3
2024-08-16,8,N4060532217,Otxarkoaga-Txurdinaga,98,98,1
2024-08-16,8,N4060532216,Otxarkoaga-Txurdinaga,91,91,2
2024-08-16,8,W41688628,Abando,57,98,3
2024-08-16,8,N5056437799,Deusto,53,53,1
2024-08-16,8,N5056355015,Uribarri,39,268,4
2024-08-16,8,W111740255,Errekalde,39,115,1
2024-08-16,8,W163195554,Basurtu-Zorrotza,30,67,1
2024-08-16,8,N4060532220,Otxarkoaga-Txurdinaga,21,67,3
2024-08-16,8,N5301954699,Basurtu-Zorrotza,10,10,2
2024-08-16,8,W123440604,Uribarri,9,100,5
2024-08-16,8,N4508853267,Uribarri,6,192,6
2024-08-16,8,W123440625,Uribarri,4,4,7
2024-08-16,8,W44113519,Abando,3,150,4
2024-08-16,9,N4060532227,Uribarri,299,299,1
2024-08-16,9,W108497734,Ibaiondo,265,265,1
2024-08-16,9,W108504682,Abando,182,182,1
2024-08-16,9,N5056353256,Uribarri,168,168,2
2024-08-16,9,N5056328910,Begona,152,152,1
2024-08-16,9,N5056379164,Abando,146,146,2
2024-08-16,9,N5056356248,Uribarri,114,264,3
2024-08-16,9,N11229807742,Basurtu-Zorrotza,113,113,1
2024-08-16,9,W164512079,Otxarkoaga-Txurdinaga,108,108,1
2024-08-16,9,N4761972760,Abando,97,98,3
2024-08-16,9,N9607391207,Begona,90,99,2
2024-08-16,9,N5056183351,Errekalde,88,88,1
2024-08-16,9,N4060532216,Otxarkoaga-Txurdinaga,86,91,2
2024-08-16,9,N5056088727,Ibaiondo,74,218,2
2024-08-16,9,W96337695,Abando,66,113,4
2024-08-16,9,N9607455457,Errekalde,64,65,2
2024-08-16,9,N4731925117,Abando,59,80,5
2024-08-16,9,N5056437799,Deusto,53,53,1
2024-08-16,9,N10308519810,Deusto,48,48,2
2024-08-16,9,W48045715,Uribarri,39,268,4
2024-08-16,9,W110895854,Abando,36,216,6
2024-08-16,9,W185205681,Deusto,35,35,3
2024-08-16,9,W420558992,Ibaiondo,30,197,3
2024-08-16,9,W111740255,Errekalde,27,115,3
2024-08-16,9,N4060532217,Otxarkoaga-Txurdinaga,18,98,3
2024-08-16,9,W163195554,Basurtu-Zorrotza,17,67,2
2024-08-16,9,W375390416,Ibaiondo,11,58,4
2024-08-16,9,N9607363904,Uribarri,10,88,5
2024-08-16,9,N5301954699,Basurtu-Zorrotza,10,10,3
2024-08-16,9,N4508853267,Uribarri,8,192,6
2024-08-16,9,W123440625,Uribarri,4,4,7
2024-08-16,9,W28776478,Abando,1,172,7
2024-08-16,9,N4060532220,Otxarkoaga-Txurdinaga,1,67,4
2024-08-16,10,N4060532227,Uribarri,299,299,1
2024-08-16,10,W41525574,Ibaiondo,271,271,1
2024-08-16,10,W44016098,Abando,192,192,1
2024-08-16,10,N5056353256,Uribarri,168,168,2
2024-08-16,10,N5056379164,Abando,146,146,2
2024-08-16,10,N5056328910,Begona,130,152,1
2024-08-16,10,W404432093,Ibaiondo,119,192,2
2024-08-16,10,N5056356248,Uribarri,114,264,3
2024-08-16,10,N11229807742,Basurtu-Zorrotza,113,113,1
2024-08-16,10,N1271964866,Abando,111,163,3
2024-08-16,10,W164512079,Otxarkoaga-Txurdinaga,108,108,1
2024-08-16,10,N9607391207,Begona,90,99,2
2024-08-16,10,N4761972760,Abando,89,98,4
2024-08-16,10,N5056183351,Errekalde,88,88,1
2024-08-16,10,N4060532216,Otxarkoaga-Txurdinaga,86,91,2
2024-08-16,10,W96337695,Abando,70,113,5
2024-08-16,10,N9607455457,Errekalde,64,65,2
2024-08-16,10,N5056437799,Deusto,53,53,1
2024-08-16,10,N10308519810,Deusto,48,48,2
2024-08-16,10,W48045715,Uribarri,39,268,4
2024-08-16,10,W185205681,Deusto,35,35,3
2024-08-16,10,W111740255,Errekalde,27,115,3
2024-08-16,10,N4060532217,Otxarkoaga-Txurdinaga,18,98,3
2024-08-16,10,W163195554,Basurtu-Zorrotza,17,67,2
2024-08-16,10,W248634544,Uribarri,15,149,5
2024-08-16,10,W28211432,Abando,13,103,6
2024-08-16,10,W375390416,Ibaiondo,12,58,3
2024-08-16,10,N9607363904,Uribarri,10,88,6
2024-08-16,10,N5301954699,Basurtu-Zorrotza,10,10,3
2024-08-16,10,N4731925117,Abando,7,80,7
2024-08-16,10,W420558992,Ibaiondo,6,197,4
2024-08-16,10,W123440625,Uribarri,4,4,7
2024-08-16,10,N5056088727,Ibaiondo,2,218,5
2024-08-16,10,W28776478,Abando,2,172,8
2024-08-16,10,N4060532220,Otxarkoaga-Txurdinaga,1,67,4
2024-08-16,11,N4060532227,Uribarri,299,299,1
2024-08-16,11,W41525574,Ibaiondo,271,271,1
2024-08-16,11,N3207631929,Abando,212,212,1
2024-08-16,11,N5056353256,Uribarri,168,168,2
2024-08-16,11,N5056379164,Abando,146,146,2
2024-08-16,11,N5056328910,Begona,130,152,1
2024-08-16,11,W404432093,Ibaiondo,119,192,2
2024-08-16,11,N5056356248,Uribarri,114,264,3
2024-08-16,11,N11229807742,Basurtu-Zorrotza,113,113,1
2024-08-16,11,W164512079,Otxarkoaga-Txurdinaga,108,108,1
2024-08-16,11,N4761972760,Abando,97,98,3
2024-08-16,11,N9607391207,Begona,90,99,2
2024-08-16,11,N5056183351,Errekalde,88,88,1
2024-08-16,11,N4060532216,Otxarkoaga-Txurdinaga,86,91,2
2024-08-16,11,W96337695,Abando,81,113,4
2024-08-16,11,N9607455457,Errekalde,64,65,2
2024-08-16,11,N5056437799,Deusto,53,53,1
2024-08-16,11,W28211432,Abando,52,103,5
2024-08-16,11,N10308519810,Deusto,48,48,2
2024-08-16,11,W48045715,Uribarri,39,268,4
2024-08-16,11,W248634544,Uribarri,37,149,5
2024-08-16,11,W185205681,Deusto,35,35,3
2024-08-16,11,W111740255,Errekalde,27,115,3
2024-08-16,11,W163196945,Basurtu-Zorrotza,27,27,2
2024-08-16,11,N4060532217,Otxarkoaga-Txurdinaga,18,98,3
2024-08-16,11,W163195554,Basurtu-Zorrotza,17,67,3
2024-08-16,11,N4731925117,Abando,14,80,6
2024-08-16,11,W375390416,Ibaiondo,12,58,3
2024-08-16,11,N518227646,Abando,11,65,7
2024-08-16,11,N9607363904,Uribarri,10,88,6
2024-08-16,11,N5301954699,Basurtu-Zorrotza,10,10,4
2024-08-16,11,W420558992,Ibaiondo,6,197,4
2024-08-16,11,W28776478,Abando,6,172,8
2024-08-16,11,W123440625,Uribarri,4,4,7
2024-08-16,11,N5056088727,Ibaiondo,2,218,5
2024-08-16,11,N4762096882,Abando,1,94,9
2024-08-16,11,N4060532220,Otxarkoaga-Txurdinaga,1,67,4
2024-08-16,12,N4060532227,Uribarri,299,299,1
2024-08-16,12,W41525574,Ibaiondo,271,271,1
2024-08-16,12,N3207631929,Abando,212,212,1
2024-08-16,12,N5056353256,Uribarri,168,168,2
2024-08-16,12,N5056379164,Abando,146,146,2
2024-08-16,12,N5056328910,Begona,130,152,1
2024-08-16,12,W404432093,Ibaiondo,119,192,2
2024-08-16,12,N5056356248,Uribarri,114,264,3
2024-08-16,12,N11229807742,Basurtu-Zorrotza,113,113,1
2024-08-16,12,W164512079,Otxarkoaga-Txurdinaga,108,108,1
2024-08-16,12,N4761972760,Abando,97,98,3
2024-08-16,12,N9607391207,Begona,90,99,2
2024-08-16,12,N5056183351,Errekalde,88,88,1
2024-08-16,12,N4060532216,Otxarkoaga-Txurdinaga,86,91,2
2024-08-16,12,W96337695,Abando,81,113,4
2024-08-16,12,N9607455457,Errekalde,64,65,2
2024-08-16,12,N5056437799,Deusto,53,53,1
2024-08-16,12,W28211432,Abando,52,103,5
2024-08-16,12,N10308519810,Deusto,48,48,2
2024-08-16,12,W48045715,Uribarri,39,268,4
2024-08-16,12,W248634544,Uribarri,37,149,5
2024-08-16,12,W185205681,Deusto,35,35,3
2024-08-16,12,W111740255,Errekalde,27,115,3
2024-08-16,12,W163196945,Basurtu-Zorrotza,27,27,2
2024-08-16,12,N4060532217,Otxarkoaga-Txurdinaga,18,98,3
2024-08-16,12,W163195554,Basurtu-Zorrotza,17,67,3
2024-08-16,12,N4731925117,Abando,14,80,6
2024-08-16,12,W375390416,Ibaiondo,12,58,3
2024-08-16,12,N518227646,Abando,11,65,7
2024-08-16,12,N9607363904,Uribarri,10,88,6
2024-08-16,12,N5301954699,Basurtu-Zorrotza,10,10,4
2024-08-16,12,W420558992,Ibaiondo,6,197,4
2024-08-16,12,W28776478,Abando,6,172,8
2024-08-16,12,W123440625,Uribarri,4,4,7
2024-08-16,12,N5056088727,Ibaiondo,2,218,5
2024-08-16,12,N4762096882,Abando,1,94,9
2024-08-16,12,N4060532220,Otxarkoaga-Txurdinaga,1,67,4
2024-08-16,13,N4060532227,Uribarri,299,299,1
2024-08-16,13,W108497734,Ibaiondo,265,265,1
2024-08-16,13,N3207631929,Abando,198,212,1
2024-08-16,13,N5056353256,Uribarri,168,168,2
2024-08-16,13,N5056328910,Begona,152,152,1
2024-08-16,13,N5056379164,Abando,146,146,2
2024-08-16,13,N5056356248,Uribarri,114,264,3
2024-08-16,13,N11229807742,Basurtu-Zorrotza,113,113,1
2024-08-16,13,W164512079,Otxarkoaga-Txurdinaga,108,108,1
2024-08-16,13,W404432093,Ibaiondo,97,192,2
2024-08-16,13,N4761972760,Abando,97,98,3
2024-08-16,13,N9607391207,Begona,90,99,2
2024-08-16,13,N5056183351,Errekalde,88,88,1
2024-08-16,13,N4060532216,Otxarkoaga-Txurdinaga,86,91,2
2024-08-16,13,W96337695,Abando,81,113,4
2024-08-16,13,N9607455457,Errekalde,64,65,2
2024-08-16,13,N5056437799,Deusto,53,53,1
2024-08-16,13,W28211432,Abando,52,103,5
2024-08-16,13,N10308519810,Deusto,48,48,2
2024-08-16,13,N5056355015,Uribarri,39,268,4
2024-08-16,13,W185205681,Deusto,35,35,3
2024-08-16,13,W420558992,Ibaiondo,32,197,3
2024-08-16,13,W111740255,Errekalde,27,115,3
2024-08-16,13,W163196945,Basurtu-Zorrotza,27,27,2
2024-08-16,13,W248634544,Uribarri,26,149,5
2024-08-16,13,N4060532217,Otxarkoaga-Txurdinaga,18,98,3
2024-08-16,13,W163195554,Basurtu-Zorrotza,17,67,3
2024-08-16,13,N4731925117,Abando,14,80,6
2024-08-16,13,W375390416,Ibaiondo,12,58,4
2024-08-16,13,N518227646,Abando,11,65,7
2024-08-16,13,N9607363904,Uribarri,10,88,6
2024-08-16,13,N5301954699,Basurtu-Zorrotza,10,10,4
2024-08-16,13,W28776478,Abando,5,172,8
2024-08-16,13,W123440625,Uribarri,4,4,7
2024-08-16,13,N5056088727,Ibaiondo,2,218,5
2024-08-16,13,N4762096882,Abando,1,94,9
2024-08-16,13,N4060532220,Otxarkoaga-Txurdinaga,1,67,4
2024-08-16,14,N4060532227,Uribarri,299,299,1
2024-08-16,14,W108497734,Ibaiondo,265,265,1
2024-08-16,14,N3207631929,Abando,198,212,1
2024-08-16,14,N5056353256,Uribarri,168,168,2
2024-08-16,14,N5056379164,Abando,146,146,2
2024-08-16,14,N5056356248,Uribarri,114,264,3
2024-08-16,14,N4060532217,Otxarkoaga-Txurdinaga,98,98,1
2024-08-16,14,W404432093,Ibaiondo,97,192,2
2024-08-16,14,N4761972760,Abando,97,98,3
2024-08-16,14,N4060532216,Otxarkoaga-Txurdinaga,91,91,2
2024-08-16,14,W96337695,Abando,81,113,4
2024-08-16,14,N5056437799,Deusto,53,53,1
2024-08-16,14,W28211432,Abando,52,103,5
2024-08-16,14,N5056355015,Uribarri,39,268,4
2024-08-16,14,W111740255,Errekalde,39,115,1
2024-08-16,14,N4060532220,Otxarkoaga-Txurdinaga,21,67,3
2024-08-16,14,W375390416,Ibaiondo,20,58,3
2024-08-16,14,W110895854,Abando,19,216,6
2024-08-16,14,W163195554,Basurtu-Zorrotza,17,67,1
2024-08-16,14,N518227646,Abando,11,65,7
2024-08-16,14,N5301954699,Basurtu-Zorrotza,10,10,2
2024-08-16,14,W123440604,Uribarri,9,100,5
2024-08-16,14,N4508853267,Uribarri,8,192,6
2024-08-16,14,N1271964866,Abando,7,163,8
2024-08-16,14,W28776478,Abando,4,172,9
2024-08-16,14,W123440625,Uribarri,4,4,7
2024-08-16,14,W41688628,Abando,1,98,10
2024-08-16,14,N4762096882,Abando,1,94,11
2024-08-16,15,N4060532227,Uribarri,299,299,1
2024-08-16,15,W108497734,Ibaiondo,265,265,1
2024-08-16,15,W108504682,Abando,182,182,1
2024-08-16,15,N5056353256,Uribarri,168,168,2
2024-08-16,15,N5056379164,Abando,146,146,2
2024-08-16,15,N4060532217,Otxarkoaga-Txurdinaga,98,98,1
2024-08-16,15,N4508853267,Uribarri,97,192,3
2024-08-16,15,W404432093,Ibaiondo,97,192,2
2024-08-16,15,W28211432,Abando,94,103,3
2024-08-16,15,N4060532216,Otxarkoaga-Txurdinaga,91,91,2
2024-08-16,15,N518227646,Abando,60,65,4
2024-08-16,15,W96337695,Abando,58,113,5
2024-08-16,15,W111740255,Errekalde,39,115,1
2024-08-16,15,W110895854,Abando,36,216,6
2024-08-16,15,W163195554,Basurtu-Zorrotza,25,67,1
2024-08-16,15,N4060532220,Otxarkoaga-Txurdinaga,21,67,3
2024-08-16,15,W375390416,Ibaiondo,20,58,3
2024-08-16,15,N5301954699,Basurtu-Zorrotza,10,10,2
2024-08-16,15,W123440604,Uribarri,9,100,4
2024-08-16,15,W123440625,Uribarri,4,4,5
2024-08-16,15,W44016098,Abando,1,192,7
2024-08-16,15,W28776478,Abando,1,172,8
2024-08-16,15,W171882527,Abando,1,31,9
2024-08-16,16,N4060532227,Uribarri,299,299,1
2024-08-16,16,W108497734,Ibaiondo,265,265,1
2024-08-16,16,N3207631929,Abando,198,212,1
2024-08-16,16,N5056353256,Uribarri,168,168,2
2024-08-16,16,N5056379164,Abando,146,146,2
2024-08-16,16,N4060532217,Otxarkoaga-Txurdinaga,98,98,1
2024-08-16,16,N4508853267,Uribarri,97,192,3
2024-08-16,16,W404432093,Ibaiondo,97,192,2
2024-08-16,16,W28211432,Abando,93,103,3
2024-08-16,16,N4060532216,Otxarkoaga-Txurdinaga,91,91,2
2024-08-16,16,W96337695,Abando,69,113,4
2024-08-16,16,N518227646,Abando,60,65,5
2024-08-16,16,W111740255,Errekalde,39,115,1
2024-08-16,16,W163195554,Basurtu-Zorrotza,25,67,1
2024-08-16,16,N4060532220,Otxarkoaga-Txurdinaga,21,67,3
2024-08-16,16,W375390416,Ibaiondo,20,58,3
2024-08-16,16,W110895854,Abando,19,216,6
2024-08-16,16,N5301954699,Basurtu-Zorrotza,10,10,2
2024-08-16,16,W123440604,Uribarri,9,100,4
2024-08-16,16,W28776478,Abando,4,172,7
2024-08-16,16,W123440625,Uribarri,4,4,5
2024-08-16,16,W171882527,Abando,1,31,8
2024-08-16,17,N4060532227,Uribarri,299,299,1
2024-08-16,17,W108497734,Ibaiondo,265,265,1
2024-08-16,17,N3207631929,Abando,198,212,1
2024-08-16,17,N5056353256,Uribarri,168,168,2
2024-08-16,17,N5056379164,Abando,146,146,2
2024-08-16,17,N4060532217,Otxarkoaga-Txurdinaga,98,98,1
2024-08-16,17,N4508853267,Uribarri,97,192,3
2024-08-16,17,W404432093,Ibaiondo,97,192,2
2024-08-16,17,W28211432,Abando,93,103,3
2024-08-16,17,N4060532216,Otxarkoaga-Txurdinaga,91,91,2
2024-08-16,17,W96337695,Abando,69,113,4
2024-08-16,17,N518227646,Abando,60,65,5
2024-08-16,17,W111740255,Errekalde,39,115,1
2024-08-16,17,W163195554,Basurtu-Zorrotza,25,67,1
2024-08-16,17,N4060532220,Otxarkoaga-Txurdinaga,21,67,3
2024-08-16,17,W375390416,Ibaiondo,20,58,3
2024-08-16,17,W110895854,Abando,19,216,6
2024-08-16,17,N5301954699,Basurtu-Zorrotza,10,10,2
2024-08-16,17,W123440604,Uribarri,9,100,4
2024-08-16,17,W28776478,Abando,4,172,7
2024-08-16,17,W123440625,Uribarri,4,4,5
2024-08-16,17,W171882527,Abando,1,31,8
2024-08-16,18,N4060532227,Uribarri,299,299,1
2024-08-16,18,W41525574,Ibaiondo,271,271,1
2024-08-16,18,N3207631929,Abando,212,212,1
2024-08-16,18,N5056353256,Uribarri,168,168,2
2024-08-16,18,N5056379164,Abando,146,146,2
2024-08-16,18,W404432093,Ibaiondo,119,192,2
2024-08-16,18,N4060532217,Otxarkoaga-Txurdinaga,98,98,1
2024-08-16,18,N4508853267,Uribarri,97,192,3
2024-08-16,18,W28211432,Abando,93,103,3
2024-08-16,18,N4060532216,Otxarkoaga-Txurdinaga,91,91,2
2024-08-16,18,W96337695,Abando,69,113,4
2024-08-16,18,N4762096882,Abando,66,94,5
2024-08-16,18,W111740255,Errekalde,39,115,1
2024-08-16,18,W28776478,Abando,28,172,6
2024-08-16,18,W163196945,Basurtu-Zorrotza,27,27,1
2024-08-16,18,N4060532220,Otxarkoaga-Txurdinaga,21,67,3
2024-08-16,18,N518227646,Abando,19,65,7
2024-08-16,18,W163195554,Basurtu-Zorrotza,16,67,2
2024-08-16,18,W375390416,Ibaiondo,12,58,3
2024-08-16,18,N5301954699,Basurtu-Zorrotza,10,10,3
2024-08-16,18,W123440604,Uribarri,9,100,4
2024-08-16,18,N1271964866,Abando,7,163,8
2024-08-16,18,W123440625,Uribarri,4,4,5
2024-08-16,18,W485363913,Ibaiondo,2,179,4
2024-08-16,18,W171882527,Abando,1,31,9
2024-08-16,19,N4060532227,Uribarri,299,299,1
2024-08-16,19,W41525574,Ibaiondo,271,271,1
2024-08-16,19,N3207631929,Abando,212,212,1
2024-08-16,19,N5056353256,Uribarri,168,168,2
2024-08-16,19,N5056379164,Abando,146,146,2
2024-08-16,19,W404432093,Ibaiondo,119,192,2
2024-08-16,19,N4060532217,Otxarkoaga-Txurdinaga,98,98,1
2024-08-16,19,N4508853267,Uribarri,97,192,3
2024-08-16,19,W28211432,Abando,93,103,3
2024-08-16,19,N4060532216,Otxarkoaga-Txurdinaga,91,91,2
2024-08-16,19,W96337695,Abando,69,113,4
2024-08-16,19,N4762096882,Abando,66,94,5
2024-08-16,19,W111740255,Errekalde,39,115,1
2024-08-16,19,W28776478,Abando,28,172,6
2024-08-16,19,W163196945,Basurtu-Zorrotza,27,27,1
2024-08-16,19,N4060532220,Otxarkoaga-Txurdinaga,21,67,3
2024-08-16,19,N518227646,Abando,19,65,7
2024-08-16,19,W163195554,Basurtu-Zorrotza,16,67,2
2024-08-16,19,W375390416,Ibaiondo,12,58,3
2024-08-16,19,N5301954699,Basurtu-Zorrotza,10,10,3
2024-08-16,19,W123440604,Uribarri,9,100,4
2024-08-16,19,N1271964866,Abando,7,163,8
2024-08-16,19,W123440625,Uribarri,4,4,5
2024-08-16,19,W485363913,Ibaiondo,2,179,4
2024-08-16,19,W171882527,Abando,1,31,9
2024-08-16,20,N4060532227,Uribarri,299,299,1
2024-08-16,20,N3207631929,Abando,212,212,1
2024-08-16,20,W404432093,Ibaiondo,192,192,1
2024-08-16,20,N5056353256,Uribarri,168,168,2
2024-08-16,20,N5056379164,Abando,146,146,2
2024-08-16,20,W485363913,Ibaiondo,142,179,2
2024-08-16,20,N4060532217,Otxarkoaga-Txurdinaga,98,98,1
2024-08-16,20,N4508853267,Uribarri,95,192,3
2024-08-16,20,W28211432,Abando,93,103,3
2024-08-16,20,N4060532216,Otxarkoaga-Txurdinaga,91,91,2
2024-08-16,20,W96337695,Abando,69,113,4
2024-08-16,20,N4762096882,Abando,66,94,5
2024-08-16,20,W111740255,Errekalde,39,115,1
2024-08-16,20,W375390416,Ibaiondo,27,58,3
2024-08-16,20,W28776478,Abando,25,172,6
2024-08-16,20,N4060532220,Otxarkoaga-Txurdinaga,21,67,3
2024-08-16,20,W163195554,Basurtu-Zorrotza,16,67,1
2024-08-16,20,N5301954699,Basurtu-Zorrotza,10,10,2
2024-08-16,20,W123440604,Uribarri,9,100,4
2024-08-16,20,N1271964866,Abando,7,163,7
2024-08-16,20,W123440625,Uribarri,4,4,5
2024-08-16,20,W171882527,Abando,1,31,8
2024-08-16,21,N4060532227,Uribarri,299,299,1
2024-08-16,21,W44016098,Abando,192,192,1
2024-08-16,21,N5056353256,Uribarri,168,168,2
2024-08-16,21,W485363913,Ibaiondo,165,179,1
2024-08-16,21,N5056379164,Abando,146,146,2
2024-08-16,21,N4060532217,Otxarkoaga-Txurdinaga,98,98,1
2024-08-16,21,N4508853267,Uribarri,95,192,3
2024-08-16,21,N4060532216,Otxarkoaga-Txurdinaga,91,91,2
2024-08-16,21,W96337695,Abando,90,113,3
2024-08-16,21,W375390416,Ibaiondo,55,58,2
2024-08-16,21,W111740255,Errekalde,39,115,1
2024-08-16,21,W171882527,Abando,31,31,4
2024-08-16,21,W163195554,Basurtu-Zorrotza,30,67,1
2024-08-16,21,N4060532220,Otxarkoaga-Txurdinaga,21,67,3
2024-08-16,21,N5301954699,Basurtu-Zorrotza,10,10,2
2024-08-16,21,W123440604,Uribarri,9,100,4
2024-08-16,21,W123440625,Uribarri,4,4,5
2024-08-16,21,W44113519,Abando,3,150,5
2024-08-16,21,W28776478,Abando,2,172,6
2024-08-16,22,N4060532227,Uribarri,299,299,1
2024-08-16,22,W485363913,Ibaiondo,179,179,1
2024-08-16,22,N5056353256,Uribarri,168,168,2
2024-08-16,22,W28776478,Abando,152,172,1
2024-08-16,22,N5056379164,Abando,146,146,2
2024-08-16,22,N4060532217,Otxarkoaga-Txurdinaga,98,98,1
2024-08-16,22,N4508853267,Uribarri,95,192,3
2024-08-16,22,N4060532216,Otxarkoaga-Txurdinaga,91,91,2
2024-08-16,22,W111740255,Errekalde,39,115,1
2024-08-16,22,W171882527,Abando,31,31,3
2024-08-16,22,W163195554,Basurtu-Zorrotza,30,67,1
2024-08-16,22,N4060532220,Otxarkoaga-Txurdinaga,21,67,3
2024-08-16,22,N5301954699,Basurtu-Zorrotza,10,10,2
2024-08-16,22,W123440604,Uribarri,9,100,4
2024-08-16,22,W123440625,Uribarri,4,4,5
2024-08-16,22,W44113519,Abando,3,150,4
2024-08-16,23,N4060532227,Uribarri,299,299,1
2024-08-16,23,W485363913,Ibaiondo,179,179,1
2024-08-16,23,N5056353256,Uribarri,168,168,2
2024-08-16,23,W28776478,Abando,152,172,1
2024-08-16,23,N5056379164,Abando,146,146,2
2024-08-16,23,N4060532217,Otxarkoaga-Txurdinaga,98,98,1
2024-08-16,23,N4508853267,Uribarri,95,192,3
2024-08-16,23,N4060532216,Otxarkoaga-Txurdinaga,91,91,2
2024-08-16,23,W111740255,Errekalde,39,115,1
2024-08-16,23,W171882527,Abando,31,31,3
2024-08-16,23,W163195554,Basurtu-Zorrotza,30,67,1
2024-08-16,23,N4060532220,Otxarkoaga-Txurdinaga,21,67,3
2024-08-16,23,N5301954699,Basurtu-Zorrotza,10,10,2
2024-08-16,23,W44113519,Abando,3,150,4
2024-08-17,0,W123440604,Uribarri,100,100,1
2024-08-17,0,W123440625,Uribarri,4,4,2
2024-08-17,1,W123440604,Uribarri,100,100,1
2024-08-17,1,W123440625,Uribarri,4,4,2
2024-08-17,2,W123440604,Uribarri,100,100,1
2024-08-17,2,W123440625,Uribarri,4,4,2
2024-08-17,3,W123440604,Uribarri,100,100,1
2024-08-17,3,W123440625,Uribarri,4,4,2
2024-08-17,4,W123440604,Uribarri,100,100,1
2024-08-17,4,W123440625,Uribarri,4,4,2
2024-08-17,5,W28776478,Abando,172,172,1
2024-08-17,5,W123440604,Uribarri,100,100,1
2024-08-17,5,W123440625,Uribarri,4,4,2
2024-08-17,6,N4060532227,Uribarri,299,299,1
2024-08-17,6,W485363913,Ibaiondo,179,179,1
2024-08-17,6,N5056353256,Uribarri,168,168,2
2024-08-17,6,W28776478,Abando,152,172,1
2024-08-17,6,N5056379164,Abando,146,146,2
2024-08-17,6,N4060532217,Otxarkoaga-Txurdinaga,98,98,1
2024-08-17,6,N4508853267,Uribarri,95,192,3
2024-08-17,6,N4060532216,Otxarkoaga-Txurdinaga,91,91,2
2024-08-17,6,W111740255,Errekalde,39,115,1
2024-08-17,6,W163195554,Basurtu-Zorrotza,30,67,1
2024-08-17,6,N4060532220,Otxarkoaga-Txurdinaga,21,67,3
2024-08-17,6,N5301954699,Basurtu-Zorrotza,10,10,2
2024-08-17,6,W123440604,Uribarri,9,100,4
2024-08-17,6,W123440625,Uribarri,4,4,5
2024-08-17,6,W44113519,Abando,3,150,3
2024-08-17,7,N4060532227,Uribarri,299,299,1
2024-08-17,7,W485363913,Ibaiondo,179,179,1
2024-08-17,7,N5056353256,Uribarri,168,168,2
2024-08-17,7,W28776478,Abando,152,172,1
2024-08-17,7,N5056379164,Abando,146,146,2
2024-08-17,7,N4060532217,Otxarkoaga-Txurdinaga,98,98,1
2024-08-17,7,N4508853267,Uribarri,95,192,3
2024-08-17,7,N4060532216,Otxarkoaga-Txurdinaga,91,91,2
2024-08-17,7,W111740255,Errekalde,39,115,1
2024-08-17,7,W163195554,Basurtu-Zorrotza,30,67,1
2024-08-17,7,N4060532220,Otxarkoaga-Txurdinaga,21,67,3
2024-08-17,7,N5301954699,Basurtu-Zorrotza,10,10,2
2024-08-17,7,W123440604,Uribarri,9,100,4
2024-08-17,7,W123440625,Uribarri,4,4,5
2024-08-17,7,W44113519,Abando,3,150,3
2024-08-17,8,N4060532227,Uribarri,299,299,1
2024-08-17,8,W485363913,Ibaiondo,179,179,1
2024-08-17,8,N5056353256,Uribarri,168,168,2
2024-08-17,8,W28776478,Abando,152,172,1
2024-08-17,8,N5056379164,Abando,146,146,2
2024-08-17,8,N5056356248,Uribarri,114,264,3
2024-08-17,8,N4060532217,Otxarkoaga-Txurdinaga,98,98,1
2024-08-17,8,N4060532216,Otxarkoaga-Txurdinaga,91,91,2
2024-08-17,8,W41688628,Abando,57,98,3
2024-08-17,8,N5056437799,Deusto,53,53,1
2024-08-17,8,N5056355015,Uribarri,39,268,4
2024-08-17,8,W111740255,Errekalde,39,115,1
2024-08-17,8,W163195554,Basurtu-Zorrotza,30,67,1
2024-08-17,8,N4060532220,Otxarkoaga-Txurdinaga,21,67,3
2024-08-17,8,N5301954699,Basurtu-Zorrotza,10,10,2
2024-08-17,8,W123440604,Uribarri,9,100,5
2024-08-17,8,N4508853267,Uribarri,6,192,6
2024-08-17,8,W123440625,Uribarri,4,4,7
2024-08-17,8,W44113519,Abando,3,150,4
2024-08-17,9,N4060532227,Uribarri,299,299,1
2024-08-17,9,W110895854,Abando,216,216,1
2024-08-17,9,N5056353256,Uribarri,168,168,2
2024-08-17,9,N5056379164,Abando,146,146,2
2024-08-17,9,N5056356248,Uribarri,114,264,3
2024-08-17,9,W96337695,Abando,106,113,3
2024-08-17,9,W485363913,Ibaiondo,105,179,1
2024-08-17,9,N4060532217,Otxarkoaga-Txurdinaga,98,98,1
2024-08-17,9,N4060532216,Otxarkoaga-Txurdinaga,91,91,2
2024-08-17,9,W41688628,Abando,68,98,4
2024-08-17,9,N5056437799,Deusto,53,53,1
2024-08-17,9,N5056355015,Uribarri,39,268,4
2024-08-17,9,W111740255,Errekalde,39,115,1
2024-08-17,9,W163195554,Basurtu-Zorrotza,30,67,1
2024-08-17,9,N4060532220,Otxarkoaga-Txurdinaga,21,67,3
2024-08-17,9,N5301954699,Basurtu-Zorrotza,10,10,2
2024-08-17,9,W123440604,Uribarri,9,100,5
2024-08-17,9,W108504682,Abando,8,182,5
2024-08-17,9,N4508853267,Uribarri,6,192,6
2024-08-17,9,W123440625,Uribarri,4,4,7
2024-08-17,9,W28776478,Abando,1,172,6
2024-08-17,10,N4060532227,Uribarri,299,299,1
2024-08-17,10,W41525574,Ibaiondo,271,271,1
2024-08-17,10,W44016098,Abando,192,192,1
2024-08-17,10,N5056353256,Uribarri,168,168,2
2024-08-17,10,N5056379164,Abando,146,146,2
2024-08-17,10,W404432093,Ibaiondo,119,192,2
2024-08-17,10,N5056356248,Uribarri,114,264,3
2024-08-17,10,N1271964866,Abando,111,163,3
2024-08-17,10,N4060532217,Otxarkoaga-Txurdinaga,98,98,1
2024-08-17,10,N4060532216,Otxarkoaga-Txurdinaga,91,91,2
2024-08-17,10,W96337695,Abando,72,113,4
2024-08-17,10,N5056437799,Deusto,53,53,1
2024-08-17,10,N5056355015,Uribarri,39,268,4
2024-08-17,10,W111740255,Errekalde,39,115,1
2024-08-17,10,W28211432,Abando,32,103,5
2024-08-17,10,W163195554,Basurtu-Zorrotza,30,67,1
2024-08-17,10,N4060532220,Otxarkoaga-Txurdinaga,21,67,3
2024-08-17,10,N5301954699,Basurtu-Zorrotza,10,10,2
2024-08-17,10,W123440604,Uribarri,9,100,5
2024-08-17,10,N4508853267,Uribarri,8,192,6
2024-08-17,10,W110895854,Abando,6,216,6
2024-08-17,10,W123440625,Uribarri,4,4,7
2024-08-17,10,W28776478,Abando,2,172,7
2024-08-17,10,W171882527,Abando,2,31,8
2024-08-17,10,W485363913,Ibaiondo,1,179,3
2024-08-17,10,W41688628,Abando,1,98,9
2024-08-17,11,N4060532227,Uribarri,299,299,1
2024-08-17,11,W41525574,Ibaiondo,271,271,1
2024-08-17,11,N3207631929,Abando,212,212,1
2024-08-17,11,N5056353256,Uribarri,168,168,2
2024-08-17,11,N5056379164,Abando,146,146,2
2024-08-17,11,W404432093,Ibaiondo,119,192,2
2024-08-17,11,N5056356248,Uribarri,114,264,3
2024-08-17,11,N4060532217,Otxarkoaga-Txurdinaga,98,98,1
2024-08-17,11,W28211432,Abando,93,103,3
2024-08-17,11,N4060532216,Otxarkoaga-Txurdinaga,91,91,2
2024-08-17,11,W96337695,Abando,69,113,4
2024-08-17,11,N4762096882,Abando,66,94,5
2024-08-17,11,N5056437799,Deusto,53,53,1
2024-08-17,11,N5056355015,Uribarri,39,268,4
2024-08-17,11,W111740255,Errekalde,39,115,1
2024-08-17,11,W110895854,Abando,30,216,6
2024-08-17,11,W163196945,Basurtu-Zorrotza,27,27,1
2024-08-17,11,N4060532220,Otxarkoaga-Txurdinaga,21,67,3
2024-08-17,11,W163195554,Basurtu-Zorrotza,16,67,2
2024-08-17,11,N518227646,Abando,15,65,7
2024-08-17,11,N5301954699,Basurtu-Zorrotza,10,10,3
2024-08-17,11,W123440604,Uribarri,9,100,5
2024-08-17,11,N4508853267,Uribarri,8,192,6
2024-08-17,11,N1271964866,Abando,7,163,8
2024-08-17,11,W28776478,Abando,4,172,9
2024-08-17,11,W123440625,Uribarri,4,4,7
2024-08-17,11,W485363913,Ibaiondo,1,179,3
2024-08-17,11,W41688628,Abando,1,98,10
2024-08-17,12,N4060532227,Uribarri,299,299,1
2024-08-17,12,W41525574,Ibaiondo,271,271,1
2024-08-17,12,N3207631929,Abando,212,212,1
2024-08-17,12,N5056353256,Uribarri,168,168,2
2024-08-17,12,N5056379164,Abando,146,146,2
2024-08-17,12,W404432093,Ibaiondo,119,192,2
2024-08-17,12,N5056356248,Uribarri,114,264,3
2024-08-17,12,N4060532217,Otxarkoaga-Txurdinaga,98,98,1
2024-08-17,12,W28211432,Abando,93,103,3
2024-08-17,12,N4060532216,Otxarkoaga-Txurdinaga,91,91,2
2024-08-17,12,W96337695,Abando,69,113,4
2024-08-17,12,N4762096882,Abando,66,94,5
2024-08-17,12,N5056437799,Deusto,53,53,1
2024-08-17,12,N5056355015,Uribarri,39,268,4
2024-08-17,12,W111740255,Errekalde,39,115,1
2024-08-17,12,W110895854,Abando,30,216,6
2024-08-17,12,W163196945,Basurtu-Zorrotza,27,27,1
2024-08-17,12,N4060532220,Otxarkoaga-Txurdinaga,21,67,3
2024-08-17,12,W163195554,Basurtu-Zorrotza,16,67,2
2024-08-17,12,N518227646,Abando,15,65,7
2024-08-17,12,N5301954699,Basurtu-Zorrotza,10,10,3
2024-08-17,12,W123440604,Uribarri,9,100,5
2024-08-17,12,N4508853267,Uribarri,8,192,6
2024-08-17,12,N1271964866,Abando,7,163,8
2024-08-17,12,W28776478,Abando,4,172,9
2024-08-17,12,W123440625,Uribarri,4,4,7
2024-08-17,12,W485363913,Ibaiondo,1,179,3
2024-08-17,12,W41688628,Abando,1,98,10
2024-08-17,13,N4060532227,Uribarri,299,299,1
2024-08-17,13,W110895854,Abando,216,216,1
2024-08-17,13,W404432093,Ibaiondo,187,192,1
2024-08-17,13,N5056353256,Uribarri,168,168,2
2024-08-17,13,N5056379164,Abando,146,146,2
2024-08-17,13,N1271964866,Abando,142,163,3
2024-08-17,13,N5056356248,Uribarri,114,264,3
2024-08-17,13,N4060532217,Otxarkoaga-Txurdinaga,98,98,1
2024-08-17,13,N4060532216,Otxarkoaga-Txurdinaga,91,91,2
2024-08-17,13,N4762096882,Abando,85,94,4
2024-08-17,13,W485363913,Ibaiondo,79,179,2
2024-08-17,13,W96337695,Abando,73,113,5
2024-08-17,13,N5056437799,Deusto,53,53,1
2024-08-17,13,N5056355015,Uribarri,39,268,4
2024-08-17,13,W111740255,Errekalde,39,115,1
2024-08-17,13,W163196945,Basurtu-Zorrotza,27,27,1
2024-08-17,13,N4060532220,Otxarkoaga-Txurdinaga,21,67,3
2024-08-17,13,W28211432,Abando,17,103,6
2024-08-17,13,W163195554,Basurtu-Zorrotza,16,67,2
2024-08-17,13,N518227646,Abando,15,65,7
2024-08-17,13,W28776478,Abando,11,172,8
2024-08-17,13,N5301954699,Basurtu-Zorrotza,10,10,3
2024-08-17,13,W123440604,Uribarri,9,100,5
2024-08-17,13,N4508853267,Uribarri,6,192,6
2024-08-17,13,W123440625,Uribarri,4,4,7
2024-08-17,13,N3207631929,Abando,1,212,9
2024-08-17,13,W41688628,Abando,1,98,10
2024-08-17,14,N4060532227,Uribarri,299,299,1
2024-08-17,14,W110895854,Abando,216,216,1
2024-08-17,14,W404432093,Ibaiondo,187,192,1
2024-08-17,14,N5056353256,Uribarri,168,168,2
2024-08-17,14,N5056379164,Abando,146,146,2
2024-08-17,14,N1271964866,Abando,142,163,3
2024-08-17,14,N5056356248,Uribarri,114,264,3
2024-08-17,14,N4060532217,Otxarkoaga-Txurdinaga,98,98,1
2024-08-17,14,N4060532216,Otxarkoaga-Txurdinaga,91,91,2
2024-08-17,14,N4762096882,Abando,85,94,4
2024-08-17,14,W485363913,Ibaiondo,79,179,2
2024-08-17,14,W96337695,Abando,73,113,5
2024-08-17,14,N5056437799,Deusto,53,53,1
2024-08-17,14,N5056355015,Uribarri,39,268,4
2024-08-17,14,W111740255,Errekalde,39,115,1
2024-08-17,14,N4060532220,Otxarkoaga-Txurdinaga,21,67,3
2024-08-17,14,W28211432,Abando,17,103,6
2024-08-17,14,W163195554,Basurtu-Zorrotza,16,67,1
2024-08-17,14,N518227646,Abando,15,65,7
2024-08-17,14,W28776478,Abando,11,172,8
2024-08-17,14,N5301954699,Basurtu-Zorrotza,10,10,2
2024-08-17,14,W123440604,Uribarri,9,100,5
2024-08-17,14,N4508853267,Uribarri,6,192,6
2024-08-17,14,W123440625,Uribarri,4,4,7
2024-08-17,14,W44016098,Abando,1,192,9
2024-08-17,14,W41688628,Abando,1,98,10
2024-08-17,15,N4060532227,Uribarri,299,299,1
2024-08-17,15,W110895854,Abando,216,216,1
2024-08-17,15,W404432093,Ibaiondo,187,192,1
2024-08-17,15,N5056353256,Uribarri,168,168,2
2024-08-17,15,N5056379164,Abando,146,146,2
2024-08-17,15,W96337695,Abando,106,113,3
2024-08-17,15,N4060532217,Otxarkoaga-Txurdinaga,98,98,1
2024-08-17,15,N4508853267,Uribarri,97,192,3
2024-08-17,15,N4060532216,Otxarkoaga-Txurdinaga,91,91,2
2024-08-17,15,W28211432,Abando,89,103,4
2024-08-17,15,W485363913,Ibaiondo,77,179,2
2024-08-17,15,N518227646,Abando,60,65,5
2024-08-17,15,W111740255,Errekalde,39,115,1
2024-08-17,15,W44016098,Abando,30,192,6
2024-08-17,15,W163195554,Basurtu-Zorrotza,25,67,1
2024-08-17,15,N4060532220,Otxarkoaga-Txurdinaga,21,67,3
2024-08-17,15,N5301954699,Basurtu-Zorrotza,10,10,2
2024-08-17,15,W123440604,Uribarri,9,100,4
2024-08-17,15,W123440625,Uribarri,4,4,5
2024-08-17,15,W28776478,Abando,2,172,7
2024-08-17,15,W171882527,Abando,1,31,8
2024-08-17,16,N4060532227,Uribarri,299,299,1
2024-08-17,16,W110895854,Abando,216,216,1
2024-08-17,16,W404432093,Ibaiondo,187,192,1
2024-08-17,16,N5056353256,Uribarri,168,168,2
2024-08-17,16,N5056379164,Abando,146,146,2
2024-08-17,16,W96337695,Abando,106,113,3
2024-08-17,16,N4060532217,Otxarkoaga-Txurdinaga,98,98,1
2024-08-17,16,N4508853267,Uribarri,97,192,3
2024-08-17,16,N4060532216,Otxarkoaga-Txurdinaga,91,91,2
2024-08-17,16,W28211432,Abando,89,103,4
2024-08-17,16,W485363913,Ibaiondo,77,179,2
2024-08-17,16,N518227646,Abando,60,65,5
2024-08-17,16,N3207631929,Abando,57,212,6
2024-08-17,16,W111740255,Errekalde,39,115,1
2024-08-17,16,W163195554,Basurtu-Zorrotza,25,67,1
2024-08-17,16,N4060532220,Otxarkoaga-Txurdinaga,21,67,3
2024-08-17,16,N5301954699,Basurtu-Zorrotza,10,10,2
2024-08-17,16,W123440604,Uribarri,9,100,4
2024-08-17,16,W28776478,Abando,4,172,7
2024-08-17,16,W123440625,Uribarri,4,4,5
2024-08-17,16,W171882527,Abando,1,31,8
2024-08-17,17,N4060532227,Uribarri,299,299,1
2024-08-17,17,W110895854,Abando,216,216,1
2024-08-17,17,W404432093,Ibaiondo,187,192,1
2024-08-17,17,N5056353256,Uribarri,168,168,2
2024-08-17,17,N5056379164,Abando,146,146,2
2024-08-17,17,W96337695,Abando,106,113,3
2024-08-17,17,N4060532217,Otxarkoaga-Txurdinaga,98,98,1
2024-08-17,17,N4508853267,Uribarri,97,192,3
2024-08-17,17,N4060532216,Otxarkoaga-Txurdinaga,91,91,2
2024-08-17,17,W28211432,Abando,89,103,4
2024-08-17,17,W485363913,Ibaiondo,77,179,2
2024-08-17,17,N518227646,Abando,60,65,5
2024-08-17,17,N3207631929,Abando,57,212,6
2024-08-17,17,W111740255,Errekalde,39,115,1
2024-08-17,17,W163195554,Basurtu-Zorrotza,25,67,1
2024-08-17,17,N4060532220,Otxarkoaga-Txurdinaga,21,67,3
2024-08-17,17,N5301954699,Basurtu-Zorrotza,10,10,2
2024-08-17,17,W123440604,Uribarri,9,100,4
2024-08-17,17,W28776478,Abando,4,172,7
2024-08-17,17,W123440625,Uribarri,4,4,5
2024-08-17,17,W171882527,Abando,1,31,8
2024-08-17,18,N4060532227,Uribarri,299,299,1
2024-08-17,18,W41525574,Ibaiondo,271,271,1
2024-08-17,18,N3207631929,Abando,212,212,1
2024-08-17,18,N5056353256,Uribarri,168,168,2
2024-08-17,18,N5056379164,Abando,146,146,2
2024-08-17,18,W404432093,Ibaiondo,119,192,2
2024-08-17,18,N4060532217,Otxarkoaga-Txurdinaga,98,98,1
2024-08-17,18,N4508853267,Uribarri,97,192,3
2024-08-17,18,W28211432,Abando,93,103,3
2024-08-17,18,N4060532216,Otxarkoaga-Txurdinaga,91,91,2
2024-08-17,18,W96337695,Abando,69,113,4
2024-08-17,18,N4762096882,Abando,66,94,5
2024-08-17,18,W111740255,Errekalde,39,115,1
2024-08-17,18,W28776478,Abando,28,172,6
2024-08-17,18,W163196945,Basurtu-Zorrotza,27,27,1
2024-08-17,18,N4060532220,Otxarkoaga-Txurdinaga,21,67,3
2024-08-17,18,N518227646,Abando,19,65,7
2024-08-17,18,W163195554,Basurtu-Zorrotza,16,67,2
2024-08-17,18,N5301954699,Basurtu-Zorrotza,10,10,3
2024-08-17,18,W123440604,Uribarri,9,100,4
2024-08-17,18,N1271964866,Abando,7,163,8
2024-08-17,18,W123440625,Uribarri,4,4,5
2024-08-17,18,W485363913,Ibaiondo,2,179,3
2024-08-17,18,W171882527,Abando,1,31,9
2024-08-17,19,N4060532227,Uribarri,299,299,1
2024-08-17,19,W41525574,Ibaiondo,271,271,1
2024-08-17,19,N3207631929,Abando,212,212,1
2024-08-17,19,N5056353256,Uribarri,168,168,2
2024-08-17,19,N5056379164,Abando,146,146,2
2024-08-17,19,W404432093,Ibaiondo,119,192,2
2024-08-17,19,N4060532217,Otxarkoaga-Txurdinaga,98,98,1
2024-08-17,19,N4508853267,Uribarri,97,192,3
2024-08-17,19,W28211432,Abando,93,103,3
2024-08-17,19,N4060532216,Otxarkoaga-Txurdinaga,91,91,2
2024-08-17,19,W96337695,Abando,69,113,4
2024-08-17,19,N4762096882,Abando,66,94,5
2024-08-17,19,W111740255,Errekalde,39,115,1
2024-08-17,19,W28776478,Abando,28,172,6
2024-08-17,19,W163196945,Basurtu-Zorrotza,27,27,1
2024-08-17,19,N4060532220,Otxarkoaga-Txurdinaga,21,67,3
2024-08-17,19,N518227646,Abando,19,65,7
2024-08-17,19,W163195554,Basurtu-Zorrotza,16,67,2
2024-08-17,19,N5301954699,Basurtu-Zorrotza,10,10,3
2024-08-17,19,W123440604,Uribarri,9,100,4
2024-08-17,19,N1271964866,Abando,7,163,8
2024-08-17,19,W123440625,Uribarri,4,4,5
2024-08-17,19,W485363913,Ibaiondo,2,179,3
2024-08-17,19,W171882527,Abando,1,31,9
2024-08-17,20,N4060532227,Uribarri,299,299,1
2024-08-17,20,N3207631929,Abando,212,212,1
2024-08-17,20,W404432093,Ibaiondo,192,192,1
2024-08-17,20,N5056353256,Uribarri,168,168,2
2024-08-17,20,N5056379164,Abando,146,146,2
2024-08-17,20,W485363913,Ibaiondo,142,179,2
2024-08-17,20,N4060532217,Otxarkoaga-Txurdinaga,98,98,1
2024-08-17,20,N4508853267,Uribarri,95,192,3
2024-08-17,20,W28211432,Abando,93,103,3
2024-08-17,20,N4060532216,Otxarkoaga-Txurdinaga,91,91,2
2024-08-17,20,W96337695,Abando,69,113,4
2024-08-17,20,N4762096882,Abando,66,94,5
2024-08-17,20,W111740255,Errekalde,39,115,1
2024-08-17,20,W28776478,Abando,25,172,6
2024-08-17,20,N4060532220,Otxarkoaga-Txurdinaga,21,67,3
2024-08-17,20,W163195554,Basurtu-Zorrotza,16,67,1
2024-08-17,20,N5301954699,Basurtu-Zorrotza,10,10,2
2024-08-17,20,W123440604,Uribarri,9,100,4
2024-08-17,20,N1271964866,Abando,7,163,7
2024-08-17,20,W123440625,Uribarri,4,4,5
2024-08-17,20,W171882527,Abando,1,31,8
2024-08-17,21,N4060532227,Uribarri,299,299,1
2024-08-17,21,W44016098,Abando,192,192,1
2024-08-17,21,N5056353256,Uribarri,168,168,2
2024-08-17,21,W485363913,Ibaiondo,165,179,1
2024-08-17,21,N5056379164,Abando,146,146,2
2024-08-17,21,N4060532217,Otxarkoaga-Txurdinaga,98,98,1
2024-08-17,21,N4508853267,Uribarri,95,192,3
2024-08-17,21,N4060532216,Otxarkoaga-Txurdinaga,91,91,2
2024-08-17,21,W96337695,Abando,90,113,3
2024-08-17,21,W111740255,Errekalde,39,115,1
2024-08-17,21,W171882527,Abando,31,31,4
2024-08-17,21,W163195554,Basurtu-Zorrotza,30,67,1
2024-08-17,21,N4060532220,Otxarkoaga-Txurdinaga,21,67,3
2024-08-17,21,N5301954699,Basurtu-Zorrotza,10,10,2
2024-08-17,21,W123440604,Uribarri,9,100,4
2024-08-17,21,W123440625,Uribarri,4,4,5
2024-08-17,21,W44113519,Abando,3,150,5
2024-08-17,21,W28776478,Abando,2,172,6
2024-08-17,22,N4060532227,Uribarri,299,299,1
2024-08-17,22,W485363913,Ibaiondo,179,179,1
2024-08-17,22,N5056353256,Uribarri,168,168,2
2024-08-17,22,W28776478,Abando,152,172,1
2024-08-17,22,N5056379164,Abando,146,146,2
2024-08-17,22,N4060532217,Otxarkoaga-Txurdinaga,98,98,1
2024-08-17,22,N4508853267,Uribarri,95,192,3
2024-08-17,22,N4060532216,Otxarkoaga-Txurdinaga,91,91,2
2024-08-17,22,W111740255,Errekalde,39,115,1
2024-08-17,22,W171882527,Abando,31,31,3
2024-08-17,22,W163195554,Basurtu-Zorrotza,30,67,1
2024-08-17,22,N4060532220,Otxarkoaga-Txurdinaga,21,67,3
2024-08-17,22,N5301954699,Basurtu-Zorrotza,10,10,2
2024-08-17,22,W123440604,Uribarri,9,100,4
2024-08-17,22,W123440625,Uribarri,4,4,5
2024-08-17,22,W44113519,Abando,3,150,4
2024-08-17,23,N4060532227,Uribarri,299,299,1
2024-08-17,23,W485363913,Ibaiondo,179,179,1
2024-08-17,23,N5056353256,Uribarri,168,168,2
2024-08-17,23,W28776478,Abando,152,172,1
2024-08-17,23,N5056379164,Abando,146,146,2
2024-08-17,23,N4060532217,Otxarkoaga-Txurdinaga,98,98,1
2024-08-17,23,N4508853267,Uribarri,95,192,3
2024-08-17,23,N4060532216,Otxarkoaga-Txurdinaga,91,91,2
2024-08-17,23,W111740255,Errekalde,39,115,1
2024-08-17,23,W171882527,Abando,31,31,3
2024-08-17,23,W163195554,Basurtu-Zorrotza,30,67,1
2024-08-17,23,N4060532220,Otxarkoaga-Txurdinaga,21,67,3
2024-08-17,23,N5301954699,Basurtu-Zorrotza,10,10,2
2024-08-17,23,W123440604,Uribarri,9,100,4
2024-08-17,23,W123440625,Uribarri,4,4,5
2024-08-17,23,W44113519,Abando,3,150,4
2024-08-18,0,N4060532227,Uribarri,299,299,1
2024-08-18,0,W485363913,Ibaiondo,179,179,1
2024-08-18,0,N5056353256,Uribarri,168,168,2
2024-08-18,0,N4060532217,Otxarkoaga-Txurdinaga,98,98,1
2024-08-18,0,N4508853267,Uribarri,95,192,3
2024-08-18,0,N4060532216,Otxarkoaga-Txurdinaga,91,91,2
2024-08-18,0,W163195554,Basurtu-Zorrotza,67,67,1
2024-08-18,0,N4060532220,Otxarkoaga-Txurdinaga,21,67,3
2024-08-18,0,W123440604,Uribarri,9,100,4
2024-08-18,0,W123440625,Uribarri,4,4,5
2024-08-18,1,N4060532227,Uribarri,299,299,1
2024-08-18,1,W485363913,Ibaiondo,179,179,1
2024-08-18,1,N5056353256,Uribarri,168,168,2
2024-08-18,1,N4060532217,Otxarkoaga-Txurdinaga,98,98,1
2024-08-18,1,N4508853267,Uribarri,95,192,3
2024-08-18,1,N4060532216,Otxarkoaga-Txurdinaga,91,91,2
2024-08-18,1,W163195554,Basurtu-Zorrotza,67,67,1
2024-08-18,1,N4060532220,Otxarkoaga-Txurdinaga,21,67,3
2024-08-18,1,W123440604,Uribarri,9,100,4
2024-08-18,1,W123440625,Uribarri,4,4,5
2024-08-18,2,N4060532227,Uribarri,299,299,1
2024-08-18,2,W485363913,Ibaiondo,179,179,1
2024-08-18,2,N5056353256,Uribarri,168,168,2
2024-08-18,2,N4060532217,Otxarkoaga-Txurdinaga,98,98,1
2024-08-18,2,N4508853267,Uribarri,95,192,3
2024-08-18,2,N4060532216,Otxarkoaga-Txurdinaga,91,91,2
2024-08-18,2,W163195554,Basurtu-Zorrotza,67,67,1
2024-08-18,2,N4060532220,Otxarkoaga-Txurdinaga,21,67,3
2024-08-18,2,W123440604,Uribarri,9,100,4
2024-08-18,2,W123440625,Uribarri,4,4,5
2024-08-18,3,N4060532227,Uribarri,299,299,1
2024-08-18,3,W485363913,Ibaiondo,179,179,1
2024-08-18,3,N5056353256,Uribarri,168,168,2
2024-08-18,3,N4060532217,Otxarkoaga-Txurdinaga,98,98,1
2024-08-18,3,N4508853267,Uribarri,95,192,3
2024-08-18,3,N4060532216,Otxarkoaga-Txurdinaga,91,91,2
2024-08-18,3,W163195554,Basurtu-Zorrotza,67,67,1
2024-08-18,3,N4060532220,Otxarkoaga-Txurdinaga,21,67,3
2024-08-18,3,W123440604,Uribarri,9,100,4
2024-08-18,3,W123440625,Uribarri,4,4,5
2024-08-18,4,N4060532227,Uribarri,299,299,1
2024-08-18,4,W485363913,Ibaiondo,179,179,1
2024-08-18,4,N5056353256,Uribarri,168,168,2
2024-08-18,4,N4060532217,Otxarkoaga-Txurdinaga,98,98,1
2024-08-18,4,N4508853267,Uribarri,95,192,3
2024-08-18,4,N4060532216,Otxarkoaga-Txurdinaga,91,91,2
2024-08-18,4,W163195554,Basurtu-Zorrotza,67,67,1
2024-08-18,4,N4060532220,Otxarkoaga-Txurdinaga,21,67,3
2024-08-18,4,W123440604,Uribarri,9,100,4
2024-08-18,4,W123440625,Uribarri,4,4,5
2024-08-18,5,N4060532227,Uribarri,299,299,1
2024-08-18,5,W485363913,Ibaiondo,179,179,1
2024-08-18,5,N5056353256,Uribarri,168,168,2
2024-08-18,5,W28776478,Abando,152,172,1
2024-08-18,5,N4060532217,Otxarkoaga-Txurdinaga,98,98,1
2024-08-18,5,N4508853267,Uribarri,95,192,3
2024-08-18,5,N4060532216,Otxarkoaga-Txurdinaga,91,91,2
2024-08-18,5,W163195554,Basurtu-Zorrotza,67,67,1
2024-08-18,5,N4060532220,Otxarkoaga-Txurdinaga,21,67,3
2024-08-18,5,W123440604,Uribarri,9,100,4
2024-08-18,5,W123440625,Uribarri,4,4,5
2024-08-18,6,N4060532227,Uribarri,299,299,1
2024-08-18,6,W485363913,Ibaiondo,179,179,1
2024-08-18,6,N5056353256,Uribarri,168,168,2
2024-08-18,6,W28776478,Abando,152,172,1
2024-08-18,6,N5056379164,Abando,146,146,2
2024-08-18,6,N4060532217,Otxarkoaga-Txurdinaga,98,98,1
2024-08-18,6,N4508853267,Uribarri,95,192,3
2024-08-18,6,N4060532216,Otxarkoaga-Txurdinaga,91,91,2
2024-08-18,6,W111740255,Errekalde,39,115,1
2024-08-18,6,W163195554,Basurtu-Zorrotza,30,67,1
2024-08-18,6,N4060532220,Otxarkoaga-Txurdinaga,21,67,3
2024-08-18,6,N5301954699,Basurtu-Zorrotza,10,10,2
2024-08-18,6,W123440604,Uribarri,9,100,4
2024-08-18,6,W123440625,Uribarri,4,4,5
2024-08-18,6,W44113519,Abando,3,150,3
2024-08-18,7,N4060532227,Uribarri,299,299,1
2024-08-18,7,W485363913,Ibaiondo,179,179,1
2024-08-18,7,N5056353256,Uribarri,168,168,2
2024-08-18,7,W28776478,Abando,152,172,1
2024-08-18,7,N5056379164,Abando,146,146,2
2024-08-18,7,N4060532217,Otxarkoaga-Txurdinaga,98,98,1
2024-08-18,7,N4508853267,Uribarri,95,192,3
2024-08-18,7,N4060532216,Otxarkoaga-Txurdinaga,91,91,2
2024-08-18,7,W111740255,Errekalde,39,115,1
2024-08-18,7,W163195554,Basurtu-Zorrotza,30,67,1
2024-08-18,7,N4060532220,Otxarkoaga-Txurdinaga,21,67,3
2024-08-18,7,N5301954699,Basurtu-Zorrotza,10,10,2
2024-08-18,7,W123440604,Uribarri,9,100,4
2024-08-18,7,W123440625,Uribarri,4,4,5
2024-08-18,7,W44113519,Abando,3,150,3
2024-08-18,8,N4060532227,Uribarri,299,299,1
2024-08-18,8,W485363913,Ibaiondo,179,179,1
2024-08-18,8,N5056353256,Uribarri,168,168,2
2024-08-18,8,W28776478,Abando,152,172,1
2024-08-18,8,N5056379164,Abando,146,146,2
2024-08-18,8,N4060532217,Otxarkoaga-Txurdinaga,98,98,1
2024-08-18,8,N4508853267,Uribarri,95,192,3
2024-08-18,8,N4060532216,Otxarkoaga-Txurdinaga,91,91,2
2024-08-18,8,W111740255,Errekalde,39,115,1
2024-08-18,8,W163195554,Basurtu-Zorrotza,30,67,1
2024-08-18,8,N4060532220,Otxarkoaga-Txurdinaga,21,67,3
2024-08-18,8,N5301954699,Basurtu-Zorrotza,10,10,2
2024-08-18,8,W123440604,Uribarri,9,100,4
2024-08-18,8,W123440625,Uribarri,4,4,5
2024-08-18,8,W44113519,Abando,3,150,3
2024-08-18,9,N4060532227,Uribarri,299,299,1
2024-08-18,9,W485363913,Ibaiondo,179,179,1
2024-08-18,9,N5056353256,Uribarri,168,168,2
2024-08-18,9,W28776478,Abando,152,172,1
2024-08-18,9,N5056379164,Abando,146,146,2
2024-08-18,9,W96337695,Abando,102,113,3
2024-08-18,9,N4060532217,Otxarkoaga-Txurdinaga,98,98,1
2024-08-18,9,N4508853267,Uribarri,95,192,3
2024-08-18,9,N4060532216,Otxarkoaga-Txurdinaga,91,91,2
2024-08-18,9,W111740255,Errekalde,39,115,1
2024-08-18,9,W163195554,Basurtu-Zorrotza,30,67,1
2024-08-18,9,N4060532220,Otxarkoaga-Txurdinaga,21,67,3
2024-08-18,9,N5301954699,Basurtu-Zorrotza,10,10,2
2024-08-18,9,W123440604,Uribarri,9,100,4
2024-08-18,9,W123440625,Uribarri,4,4,5
2024-08-18,9,W44113519,Abando,3,150,4
2024-08-18,10,N4060532227,Uribarri,299,299,1
2024-08-18,10,W41525574,Ibaiondo,271,271,1
2024-08-18,10,N5056353256,Uribarri,168,168,2
2024-08-18,10,W28776478,Abando,166,172,1
2024-08-18,10,N5056379164,Abando,146,146,2
2024-08-18,10,N1271964866,Abando,135,163,3
2024-08-18,10,W404432093,Ibaiondo,119,192,2
2024-08-18,10,N4060532217,Otxarkoaga-Txurdinaga,98,98,1
2024-08-18,10,N4508853267,Uribarri,97,192,3
2024-08-18,10,N4060532216,Otxarkoaga-Txurdinaga,91,91,2
2024-08-18,10,W96337695,Abando,75,113,4
2024-08-18,10,W111740255,Errekalde,39,115,1
2024-08-18,10,W28211432,Abando,32,103,5
2024-08-18,10,W163195554,Basurtu-Zorrotza,30,67,1
2024-08-18,10,N4060532220,Otxarkoaga-Txurdinaga,21,67,3
2024-08-18,10,N5301954699,Basurtu-Zorrotza,10,10,2
2024-08-18,10,W123440604,Uribarri,9,100,4
2024-08-18,10,W123440625,Uribarri,4,4,5
2024-08-18,10,W485363913,Ibaiondo,2,179,3
2024-08-18,11,N4060532227,Uribarri,299,299,1
2024-08-18,11,W41525574,Ibaiondo,271,271,1
2024-08-18,11,N3207631929,Abando,212,212,1
2024-08-18,11,N5056353256,Uribarri,168,168,2
2024-08-18,11,N5056379164,Abando,146,146,2
2024-08-18,11,W404432093,Ibaiondo,119,192,2
2024-08-18,11,N4060532217,Otxarkoaga-Txurdinaga,98,98,1
2024-08-18,11,N4508853267,Uribarri,97,192,3
2024-08-18,11,W28211432,Abando,93,103,3
2024-08-18,11,N4060532216,Otxarkoaga-Txurdinaga,91,91,2
2024-08-18,11,W96337695,Abando,69,113,4
2024-08-18,11,N4762096882,Abando,66,94,5
2024-08-18,11,W111740255,Errekalde,39,115,1
2024-08-18,11,W28776478,Abando,28,172,6
2024-08-18,11,W163196945,Basurtu-Zorrotza,27,27,1
2024-08-18,11,N4060532220,Otxarkoaga-Txurdinaga,21,67,3
2024-08-18,11,N518227646,Abando,19,65,7
2024-08-18,11,W163195554,Basurtu-Zorrotza,16,67,2
2024-08-18,11,N5301954699,Basurtu-Zorrotza,10,10,3
2024-08-18,11,W123440604,Uribarri,9,100,4
2024-08-18,11,N1271964866,Abando,7,163,8
2024-08-18,11,W123440625,Uribarri,4,4,5
2024-08-18,11,W485363913,Ibaiondo,2,179,3
2024-08-18,12,N4060532227,Uribarri,299,299,1
2024-08-18,12,W41525574,Ibaiondo,271,271,1
2024-08-18,12,N3207631929,Abando,212,212,1
2024-08-18,12,N5056353256,Uribarri,168,168,2
2024-08-18,12,N5056379164,Abando,146,146,2
2024-08-18,12,W404432093,Ibaiondo,119,192,2
2024-08-18,12,N4060532217,Otxarkoaga-Txurdinaga,98,98,1
2024-08-18,12,N4508853267,Uribarri,97,192,3
2024-08-18,12,W28211432,Abando,93,103,3
2024-08-18,12,N4060532216,Otxarkoaga-Txurdinaga,91,91,2
2024-08-18,12,W96337695,Abando,69,113,4
2024-08-18,12,N4762096882,Abando,66,94,5
2024-08-18,12,W111740255,Errekalde,39,115,1
2024-08-18,12,W28776478,Abando,28,172,6
2024-08-18,12,W163196945,Basurtu-Zorrotza,27,27,1
2024-08-18,12,N4060532220,Otxarkoaga-Txurdinaga,21,67,3
2024-08-18,12,N518227646,Abando,19,65,7
2024-08-18,12,W163195554,Basurtu-Zorrotza,16,67,2
2024-08-18,12,N5301954699,Basurtu-Zorrotza,10,10,3
2024-08-18,12,W123440604,Uribarri,9,100,4
2024-08-18,12,N1271964866,Abando,7,163,8
2024-08-18,12,W123440625,Uribarri,4,4,5
2024-08-18,12,W485363913,Ibaiondo,2,179,3
2024-08-18,12,W171882527,Abando,1,31,9
2024-08-18,13,N4060532227,Uribarri,299,299,1
2024-08-18,13,N3207631929,Abando,212,212,1
2024-08-18,13,W404432093,Ibaiondo,192,192,1
2024-08-18,13,N5056353256,Uribarri,168,168,2
2024-08-18,13,N5056379164,Abando,146,146,2
2024-08-18,13,W485363913,Ibaiondo,142,179,2
2024-08-18,13,N4060532217,Otxarkoaga-Txurdinaga,98,98,1
2024-08-18,13,N4508853267,Uribarri,95,192,3
2024-08-18,13,W28211432,Abando,93,103,3
2024-08-18,13,N4060532216,Otxarkoaga-Txurdinaga,91,91,2
2024-08-18,13,W96337695,Abando,69,113,4
2024-08-18,13,N4762096882,Abando,66,94,5
2024-08-18,13,W111740255,Errekalde,39,115,1
2024-08-18,13,W163196945,Basurtu-Zorrotza,27,27,1
2024-08-18,13,W28776478,Abando,25,172,6
2024-08-18,13,N4060532220,Otxarkoaga-Txurdinaga,21,67,3
2024-08-18,13,N518227646,Abando,19,65,7
2024-08-18,13,W163195554,Basurtu-Zorrotza,16,67,2
2024-08-18,13,N5301954699,Basurtu-Zorrotza,10,10,3
2024-08-18,13,W123440604,Uribarri,9,100,4
2024-08-18,13,N1271964866,Abando,7,163,8
2024-08-18,13,W123440625,Uribarri,4,4,5
2024-08-18,13,W171882527,Abando,1,31,9
2024-08-18,14,N4060532227,Uribarri,299,299,1
2024-08-18,14,N3207631929,Abando,212,212,1
2024-08-18,14,W404432093,Ibaiondo,192,192,1
2024-08-18,14,N5056353256,Uribarri,168,168,2
2024-08-18,14,N5056379164,Abando,146,146,2
2024-08-18,14,W485363913,Ibaiondo,142,179,2
2024-08-18,14,N4060532217,Otxarkoaga-Txurdinaga,98,98,1
2024-08-18,14,N4508853267,Uribarri,95,192,3
2024-08-18,14,W28211432,Abando,93,103,3
2024-08-18,14,N4060532216,Otxarkoaga-Txurdinaga,91,91,2
2024-08-18,14,W96337695,Abando,69,113,4
2024-08-18,14,N4762096882,Abando,66,94,5
2024-08-18,14,W111740255,Errekalde,39,115,1
2024-08-18,14,W28776478,Abando,25,172,6
2024-08-18,14,N4060532220,Otxarkoaga-Txurdinaga,21,67,3
2024-08-18,14,N518227646,Abando,19,65,7
2024-08-18,14,W163195554,Basurtu-Zorrotza,16,67,1
2024-08-18,14,N5301954699,Basurtu-Zorrotza,10,10,2
2024-08-18,14,W123440604,Uribarri,9,100,4
2024-08-18,14,N1271964866,Abando,7,163,8
2024-08-18,14,W123440625,Uribarri,4,4,5
2024-08-18,14,W171882527,Abando,1,31,9
2024-08-18,15,N4060532227,Uribarri,299,299,1
2024-08-18,15,W404432093,Ibaiondo,192,192,1
2024-08-18,15,W28776478,Abando,172,172,1
2024-08-18,15,N5056353256,Uribarri,168,168,2
2024-08-18,15,N5056379164,Abando,146,146,2
2024-08-18,15,W485363913,Ibaiondo,133,179,2
2024-08-18,15,W28211432,Abando,103,103,3
2024-08-18,15,N4060532217,Otxarkoaga-Txurdinaga,98,98,1
2024-08-18,15,N4508853267,Uribarri,95,192,3
2024-08-18,15,N4060532216,Otxarkoaga-Txurdinaga,91,91,2
2024-08-18,15,W96337695,Abando,88,113,4
2024-08-18,15,N518227646,Abando,60,65,5
2024-08-18,15,W111740255,Errekalde,39,115,1
2024-08-18,15,W163195554,Basurtu-Zorrotza,25,67,1
2024-08-18,15,N4060532220,Otxarkoaga-Txurdinaga,21,67,3
2024-08-18,15,N5301954699,Basurtu-Zorrotza,10,10,2
2024-08-18,15,W123440604,Uribarri,9,100,4
2024-08-18,15,W123440625,Uribarri,4,4,5
2024-08-18,15,W171882527,Abando,1,31,6
2024-08-18,16,N4060532227,Uribarri,299,299,1
2024-08-18,16,W485363913,Ibaiondo,179,179,1
2024-08-18,16,N5056353256,Uribarri,168,168,2
2024-08-18,16,W28776478,Abando,152,172,1
2024-08-18,16,N5056379164,Abando,146,146,2
2024-08-18,16,W96337695,Abando,102,113,3
2024-08-18,16,N4060532217,Otxarkoaga-Txurdinaga,98,98,1
2024-08-18,16,N4508853267,Uribarri,95,192,3
2024-08-18,16,N4060532216,Otxarkoaga-Txurdinaga,91,91,2
2024-08-18,16,N518227646,Abando,65,65,4
2024-08-18,16,W111740255,Errekalde,39,115,1
2024-08-18,16,W163195554,Basurtu-Zorrotza,25,67,1
2024-08-18,16,W171882527,Abando,25,31,5
2024-08-18,16,N4060532220,Otxarkoaga-Txurdinaga,21,67,3
2024-08-18,16,N5301954699,Basurtu-Zorrotza,10,10,2
2024-08-18,16,W123440604,Uribarri,9,100,4
2024-08-18,16,W123440625,Uribarri,4,4,5
2024-08-18,16,W44113519,Abando,3,150,6
2024-08-18,17,N4060532227,Uribarri,299,299,1
2024-08-18,17,W485363913,Ibaiondo,179,179,1
2024-08-18,17,N5056353256,Uribarri,168,168,2
2024-08-18,17,W28776478,Abando,152,172,1
2024-08-18,17,N5056379164,Abando,146,146,2
2024-08-18,17,W96337695,Abando,102,113,3
2024-08-18,17,N4060532217,Otxarkoaga-Txurdinaga,98,98,1
2024-08-18,17,N4508853267,Uribarri,95,192,3
2024-08-18,17,N4060532216,Otxarkoaga-Txurdinaga,91,91,2
2024-08-18,17,N518227646,Abando,65,65,4
2024-08-18,17,W111740255,Errekalde,39,115,1
2024-08-18,17,W163195554,Basurtu-Zorrotza,25,67,1
2024-08-18,17,W171882527,Abando,25,31,5
2024-08-18,17,N4060532220,Otxarkoaga-Txurdinaga,21,67,3
2024-08-18,17,N5301954699,Basurtu-Zorrotza,10,10,2
2024-08-18,17,W123440604,Uribarri,9,100,4
2024-08-18,17,W123440625,Uribarri,4,4,5
2024-08-18,17,W44113519,Abando,3,150,6
2024-08-18,18,N4060532227,Uribarri,299,299,1
2024-08-18,18,W41525574,Ibaiondo,271,271,1
2024-08-18,18,N5056353256,Uribarri,168,168,2
2024-08-18,18,W28776478,Abando,166,172,1
2024-08-18,18,N5056379164,Abando,146,146,2
2024-08-18,18,W96337695,Abando,102,113,3
2024-08-18,18,N4060532217,Otxarkoaga-Txurdinaga,98,98,1
2024-08-18,18,N4508853267,Uribarri,97,192,3
2024-08-18,18,N4060532216,Otxarkoaga-Txurdinaga,91,91,2
2024-08-18,18,N4762096882,Abando,84,94,4
2024-08-18,18,W111740255,Errekalde,39,115,1
2024-08-18,18,W163196945,Basurtu-Zorrotza,27,27,1
2024-08-18,18,W171882527,Abando,24,31,5
2024-08-18,18,N4060532220,Otxarkoaga-Txurdinaga,21,67,3
2024-08-18,18,N518227646,Abando,19,65,6
2024-08-18,18,W163195554,Basurtu-Zorrotza,16,67,2
2024-08-18,18,N5301954699,Basurtu-Zorrotza,10,10,3
2024-08-18,18,W123440604,Uribarri,9,100,4
2024-08-18,18,W44113519,Abando,4,150,7
2024-08-18,18,W123440625,Uribarri,4,4,5
2024-08-18,18,W485363913,Ibaiondo,1,179,2
2024-08-18,19,N4060532227,Uribarri,299,299,1
2024-08-18,19,W41525574,Ibaiondo,271,271,1
2024-08-18,19,N5056353256,Uribarri,168,168,2
2024-08-18,19,W28776478,Abando,166,172,1
2024-08-18,19,N5056379164,Abando,146,146,2
2024-08-18,19,W96337695,Abando,102,113,3
2024-08-18,19,N4060532217,Otxarkoaga-Txurdinaga,98,98,1
2024-08-18,19,N4508853267,Uribarri,97,192,3
2024-08-18,19,N4060532216,Otxarkoaga-Txurdinaga,91,91,2
2024-08-18,19,N4762096882,Abando,84,94,4
2024-08-18,19,W111740255,Errekalde,39,115,1
2024-08-18,19,W163196945,Basurtu-Zorrotza,27,27,1
2024-08-18,19,W171882527,Abando,24,31,5
2024-08-18,19,N4060532220,Otxarkoaga-Txurdinaga,21,67,3
2024-08-18,19,N518227646,Abando,19,65,6
2024-08-18,19,W163195554,Basurtu-Zorrotza,16,67,2
2024-08-18,19,N5301954699,Basurtu-Zorrotza,10,10,3
2024-08-18,19,W123440604,Uribarri,9,100,4
2024-08-18,19,W44113519,Abando,4,150,7
2024-08-18,19,W123440625,Uribarri,4,4,5
2024-08-18,19,W485363913,Ibaiondo,1,179,2
2024-08-18,20,N4060532227,Uribarri,299,299,1
2024-08-18,20,W485363913,Ibaiondo,179,179,1
2024-08-18,20,N5056353256,Uribarri,168,168,2
2024-08-18,20,W28776478,Abando,152,172,1
2024-08-18,20,N5056379164,Abando,146,146,2
2024-08-18,20,W96337695,Abando,102,113,3
2024-08-18,20,N4060532217,Otxarkoaga-Txurdinaga,98,98,1
2024-08-18,20,N4508853267,Uribarri,95,192,3
2024-08-18,20,N4060532216,Otxarkoaga-Txurdinaga,91,91,2
2024-08-18,20,N4762096882,Abando,84,94,4
2024-08-18,20,W111740255,Errekalde,39,115,1
2024-08-18,20,W171882527,Abando,24,31,5
2024-08-18,20,N4060532220,Otxarkoaga-Txurdinaga,21,67,3
2024-08-18,20,W163195554,Basurtu-Zorrotza,16,67,1
2024-08-18,20,N5301954699,Basurtu-Zorrotza,10,10,2
2024-08-18,20,W123440604,Uribarri,9,100,4
2024-08-18,20,W123440625,Uribarri,4,4,5
2024-08-18,20,W44113519,Abando,3,150,6
2024-08-18,21,N4060532227,Uribarri,299,299,1
2024-08-18,21,W485363913,Ibaiondo,179,179,1
2024-08-18,21,N5056353256,Uribarri,168,168,2
2024-08-18,21,W28776478,Abando,152,172,1
2024-08-18,21,N5056379164,Abando,146,146,2
2024-08-18,21,W96337695,Abando,102,113,3
2024-08-18,21,N4060532217,Otxarkoaga-Txurdinaga,98,98,1
2024-08-18,21,N4508853267,Uribarri,95,192,3
2024-08-18,21,N4060532216,Otxarkoaga-Txurdinaga,91,91,2
2024-08-18,21,W111740255,Errekalde,39,115,1
2024-08-18,21,W171882527,Abando,31,31,4
2024-08-18,21,W163195554,Basurtu-Zorrotza,30,67,1
2024-08-18,21,N4060532220,Otxarkoaga-Txurdinaga,21,67,3
2024-08-18,21,N5301954699,Basurtu-Zorrotza,10,10,2
2024-08-18,21,W123440604,Uribarri,9,100,4
2024-08-18,21,W123440625,Uribarri,4,4,5
2024-08-18,21,W44113519,Abando,3,150,5
2024-08-18,22,N4060532227,Uribarri,299,299,1
2024-08-18,22,W485363913,Ibaiondo,179,179,1
2024-08-18,22,N5056353256,Uribarri,168,168,2
2024-08-18,22,W28776478,Abando,152,172,1
2024-08-18,22,N5056379164,Abando,146,146,2
2024-08-18,22,N4060532217,Otxarkoaga-Txurdinaga,98,98,1
2024-08-18,22,N4508853267,Uribarri,95,192,3
2024-08-18,22,N4060532216,Otxarkoaga-Txurdinaga,91,91,2
2024-08-18,22,W111740255,Errekalde,39,115,1
2024-08-18,22,W171882527,Abando,31,31,3
2024-08-18,22,W163195554,Basurtu-Zorrotza,30,67,1
2024-08-18,22,N4060532220,Otxarkoaga-Txurdinaga,21,67,3
2024-08-18,22,N5301954699,Basurtu-Zorrotza,10,10,2
2024-08-18,22,W123440604,Uribarri,9,100,4
2024-08-18,22,W123440625,Uribarri,4,4,5
2024-08-18,22,W44113519,Abando,3,150,4
2024-08-18,23,N4060532227,Uribarri,299,299,1
2024-08-18,23,W485363913,Ibaiondo,179,179,1
2024-08-18,23,N5056353256,Uribarri,168,168,2
2024-08-18,23,W28776478,Abando,152,172,1
2024-08-18,23,N5056379164,Abando,146,146,2
2024-08-18,23,N4060532217,Otxarkoaga-Txurdinaga,98,98,1
2024-08-18,23,N4508853267,Uribarri,95,192,3
2024-08-18,23,N4060532216,Otxarkoaga-Txurdinaga,91,91,2
2024-08-18,23,W111740255,Errekalde,39,115,1
2024-08-18,23,W171882527,Abando,31,31,3
2024-08-18,23,W163195554,Basurtu-Zorrotza,30,67,1
2024-08-18,23,N4060532220,Otxarkoaga-Txurdinaga,21,67,3
2024-08-18,23,N5301954699,Basurtu-Zorrotza,10,10,2
2024-08-18,23,W123440604,Uribarri,9,100,4
2024-08-18,23,W123440625,Uribarri,4,4,5
2024-08-18,23,W44113519,Abando,3,150,4
