date,hour_of_day,osmid,subarea,help_convined,help_independent,rank
2024-03-25,5,N4060532227,Uribarri,299,299,1
2024-03-25,5,W485363913,Ibaiondo,179,179,1
2024-03-25,5,N5056353256,Uribarri,168,168,2
2024-03-25,5,W28776478,Abando,152,172,1
2024-03-25,5,N4060532217,Otxarkoaga-Txurdinaga,98,98,1
2024-03-25,5,N4508853267,Uribarri,95,192,3
2024-03-25,5,N4060532216,Otxarkoaga-Txurdinaga,91,91,2
2024-03-25,5,W163195554,Basurtu-Zorrotza,67,67,1
2024-03-25,5,N4060532220,Otxarkoaga-Txurdinaga,21,67,3
2024-03-25,6,N4060532227,Uribarri,299,299,1
2024-03-25,6,W485363913,Ibaiondo,179,179,1
2024-03-25,6,N5056353256,Uribarri,168,168,2
2024-03-25,6,W28776478,Abando,152,172,1
2024-03-25,6,N5056379164,Abando,146,146,2
2024-03-25,6,N4060532217,Otxarkoaga-Txurdinaga,98,98,1
2024-03-25,6,N4508853267,Uribarri,95,192,3
2024-03-25,6,N4060532216,Otxarkoaga-Txurdinaga,91,91,2
2024-03-25,6,W111740255,Errekalde,39,115,1
2024-03-25,6,W163195554,Basurtu-Zorrotza,30,67,1
2024-03-25,6,N4060532220,Otxarkoaga-Txurdinaga,21,67,3
2024-03-25,6,N5301954699,Basurtu-Zorrotza,10,10,2
2024-03-25,6,W44113519,Abando,3,150,3
2024-03-25,7,N4060532227,Uribarri,299,299,1
2024-03-25,7,W485363913,Ibaiondo,179,179,1
2024-03-25,7,N5056353256,Uribarri,168,168,2
2024-03-25,7,W28776478,Abando,152,172,1
2024-03-25,7,N5056379164,Abando,146,146,2
2024-03-25,7,N4060532217,Otxarkoaga-Txurdinaga,98,98,1
2024-03-25,7,N4508853267,Uribarri,95,192,3
2024-03-25,7,N4060532216,Otxarkoaga-Txurdinaga,91,91,2
2024-03-25,7,W111740255,Errekalde,39,115,1
2024-03-25,7,W163195554,Basurtu-Zorrotza,30,67,1
2024-03-25,7,N4060532220,Otxarkoaga-Txurdinaga,21,67,3
2024-03-25,7,N5301954699,Basurtu-Zorrotza,10,10,2
2024-03-25,7,W44113519,Abando,3,150,3
2024-03-25,8,N4060532227,Uribarri,299,299,1
2024-03-25,8,W485363913,Ibaiondo,179,179,1
2024-03-25,8,N5056353256,Uribarri,168,168,2
2024-03-25,8,W28776478,Abando,152,172,1
2024-03-25,8,N5056379164,Abando,146,146,2
2024-03-25,8,N5056356248,Uribarri,114,264,3
2024-03-25,8,W164510985,Otxarkoaga-Txurdinaga,100,100,1
2024-03-25,8,N4060532216,Otxarkoaga-Txurdinaga,91,91,2
2024-03-25,8,N4254043797,Deusto,86,86,1
2024-03-25,8,N5056184623,Errekalde,77,119,1
2024-03-25,8,W151883539,Basurtu-Zorrotza,75,75,1
2024-03-25,8,W41688628,Abando,57,98,3
2024-03-25,8,W290069950,Deusto,46,46,2
2024-03-25,8,N5056355015,Uribarri,39,268,4
2024-03-25,8,W163195554,Basurtu-Zorrotza,30,67,2
2024-03-25,8,W397099000,Ibaiondo,28,28,2
2024-03-25,8,W111740255,Errekalde,26,115,2
2024-03-25,8,W305622069,Begona,26,28,1
2024-03-25,8,N4060532220,Otxarkoaga-Txurdinaga,19,67,3
2024-03-25,8,W41415573,Errekalde,17,17,3
2024-03-25,8,W185205688,Deusto,13,59,3
2024-03-25,8,N5301954699,Basurtu-Zorrotza,10,10,3
2024-03-25,8,W162445376,Uribarri,10,10,5
2024-03-25,8,W123440604,Uribarri,9,100,6
2024-03-25,8,W376396126,Ibaiondo,7,7,3
2024-03-25,8,N4508853267,Uribarri,6,192,7
2024-03-25,8,W44113519,Abando,3,150,4
2024-03-25,8,N5056437799,Deusto,3,53,4
2024-03-25,8,N4060532217,Otxarkoaga-Txurdinaga,1,98,4
2024-03-25,9,N4060532227,Uribarri,299,299,1
2024-03-25,9,W108497734,Ibaiondo,265,265,1
2024-03-25,9,W108504682,Abando,182,182,1
2024-03-25,9,N5056353256,Uribarri,168,168,2
2024-03-25,9,N5056328910,Begona,152,152,1
2024-03-25,9,N5056379164,Abando,146,146,2
2024-03-25,9,N5056356248,Uribarri,114,264,3
2024-03-25,9,N11229807742,Basurtu-Zorrotza,113,113,1
2024-03-25,9,N11229801356,Ibaiondo,111,111,2
2024-03-25,9,W164512079,Otxarkoaga-Txurdinaga,108,108,1
2024-03-25,9,N4761972760,Abando,97,98,3
2024-03-25,9,N9607391207,Begona,90,99,2
2024-03-25,9,N4060532216,Otxarkoaga-Txurdinaga,86,91,2
2024-03-25,9,N4254043797,Deusto,86,86,1
2024-03-25,9,N5056184623,Errekalde,77,119,1
2024-03-25,9,N5056421870,Deusto,76,76,2
2024-03-25,9,N9607455457,Errekalde,64,65,2
2024-03-25,9,N4731925117,Abando,62,80,4
2024-03-25,9,N5056183351,Errekalde,51,88,3
2024-03-25,9,N5056088727,Ibaiondo,41,218,3
2024-03-25,9,W48045715,Uribarri,39,268,4
2024-03-25,9,W110895854,Abando,36,216,5
2024-03-25,9,N10308519810,Deusto,36,48,3
2024-03-25,9,W420558992,Ibaiondo,30,197,4
2024-03-25,9,W397099000,Ibaiondo,28,28,5
2024-03-25,9,W185205681,Deusto,20,35,4
2024-03-25,9,N4060532217,Otxarkoaga-Txurdinaga,18,98,3
2024-03-25,9,W163195554,Basurtu-Zorrotza,17,67,2
2024-03-25,9,W41415573,Errekalde,17,17,4
2024-03-25,9,W96337695,Abando,15,113,6
2024-03-25,9,W111740255,Errekalde,14,115,5
2024-03-25,9,W185205688,Deusto,12,59,5
2024-03-25,9,N9607363904,Uribarri,10,88,5
2024-03-25,9,N5301954699,Basurtu-Zorrotza,10,10,3
2024-03-25,9,W162445376,Uribarri,10,10,6
2024-03-25,9,N4508853267,Uribarri,8,192,7
2024-03-25,9,W305622069,Begona,7,28,3
2024-03-25,9,N5056437799,Deusto,3,53,6
2024-03-25,9,W28776478,Abando,1,172,7
2024-03-25,9,N4060532220,Otxarkoaga-Txurdinaga,1,67,4
2024-03-25,9,W290069950,Deusto,1,46,7
2024-03-25,9,W376396126,Ibaiondo,1,7,6
2024-03-25,10,N4060532227,Uribarri,299,299,1
2024-03-25,10,W41525574,Ibaiondo,271,271,1
2024-03-25,10,W44016098,Abando,192,192,1
2024-03-25,10,N5056353256,Uribarri,168,168,2
2024-03-25,10,N5056379164,Abando,146,146,2
2024-03-25,10,N5056328910,Begona,130,152,1
2024-03-25,10,W404432093,Ibaiondo,119,192,2
2024-03-25,10,N5056356248,Uribarri,114,264,3
2024-03-25,10,N11229807742,Basurtu-Zorrotza,113,113,1
2024-03-25,10,W164512079,Otxarkoaga-Txurdinaga,108,108,1
2024-03-25,10,W28211432,Abando,103,103,3
2024-03-25,10,N9607391207,Begona,90,99,2
2024-03-25,10,N5056183351,Errekalde,88,88,1
2024-03-25,10,N4060532216,Otxarkoaga-Txurdinaga,86,91,2
2024-03-25,10,N4254043797,Deusto,86,86,1
2024-03-25,10,N5056184623,Errekalde,77,119,2
2024-03-25,10,N5056421870,Deusto,76,76,2
2024-03-25,10,N4761972760,Abando,68,98,4
2024-03-25,10,N9607455457,Errekalde,64,65,3
2024-03-25,10,W48045715,Uribarri,39,268,4
2024-03-25,10,N4731925117,Abando,38,80,5
2024-03-25,10,N10308519810,Deusto,36,48,3
2024-03-25,10,W96337695,Abando,28,113,6
2024-03-25,10,W397099000,Ibaiondo,28,28,3
2024-03-25,10,W185205681,Deusto,20,35,4
2024-03-25,10,N4060532217,Otxarkoaga-Txurdinaga,18,98,3
2024-03-25,10,W163195554,Basurtu-Zorrotza,17,67,2
2024-03-25,10,W41415573,Errekalde,17,17,4
2024-03-25,10,W248634544,Uribarri,15,149,5
2024-03-25,10,W111740255,Errekalde,14,115,5
2024-03-25,10,N11229801356,Ibaiondo,14,111,4
2024-03-25,10,W185205688,Deusto,12,59,5
2024-03-25,10,N9607363904,Uribarri,10,88,6
2024-03-25,10,N5301954699,Basurtu-Zorrotza,10,10,3
2024-03-25,10,W162445376,Uribarri,10,10,7
2024-03-25,10,W305622069,Begona,7,28,3
2024-03-25,10,W420558992,Ibaiondo,6,197,5
2024-03-25,10,W108504682,Abando,6,182,7
2024-03-25,10,N5056088727,Ibaiondo,3,218,6
2024-03-25,10,N5056437799,Deusto,3,53,6
2024-03-25,10,W28776478,Abando,1,172,8
2024-03-25,10,N4060532220,Otxarkoaga-Txurdinaga,1,67,4
2024-03-25,10,W290069950,Deusto,1,46,7
2024-03-25,10,W376396126,Ibaiondo,1,7,7
2024-03-25,11,N4060532227,Uribarri,299,299,1
2024-03-25,11,W41525574,Ibaiondo,271,271,1
2024-03-25,11,W44016098,Abando,192,192,1
2024-03-25,11,N5056353256,Uribarri,168,168,2
2024-03-25,11,N5056379164,Abando,146,146,2
2024-03-25,11,N5056328910,Begona,130,152,1
2024-03-25,11,W404432093,Ibaiondo,119,192,2
2024-03-25,11,N5056356248,Uribarri,114,264,3
2024-03-25,11,N11229807742,Basurtu-Zorrotza,113,113,1
2024-03-25,11,W164512079,Otxarkoaga-Txurdinaga,108,108,1
2024-03-25,11,W28211432,Abando,103,103,3
2024-03-25,11,N9607391207,Begona,90,99,2
2024-03-25,11,N5056183351,Errekalde,88,88,1
2024-03-25,11,N4060532216,Otxarkoaga-Txurdinaga,86,91,2
2024-03-25,11,N4254043797,Deusto,86,86,1
2024-03-25,11,N5056184623,Errekalde,77,119,2
2024-03-25,11,N5056421870,Deusto,76,76,2
2024-03-25,11,N4761972760,Abando,68,98,4
2024-03-25,11,N9607455457,Errekalde,64,65,3
2024-03-25,11,N5056355015,Uribarri,39,268,4
2024-03-25,11,N4731925117,Abando,38,80,5
2024-03-25,11,N10308519810,Deusto,36,48,3
2024-03-25,11,W96337695,Abando,28,113,6
2024-03-25,11,W397099000,Ibaiondo,28,28,3
2024-03-25,11,W163196945,Basurtu-Zorrotza,27,27,2
2024-03-25,11,W185205681,Deusto,20,35,4
2024-03-25,11,N4060532217,Otxarkoaga-Txurdinaga,18,98,3
2024-03-25,11,W163195554,Basurtu-Zorrotza,17,67,3
2024-03-25,11,W41415573,Errekalde,17,17,4
2024-03-25,11,W248634544,Uribarri,15,149,5
2024-03-25,11,W111740255,Errekalde,14,115,5
2024-03-25,11,N11229801356,Ibaiondo,14,111,4
2024-03-25,11,W185205688,Deusto,12,59,5
2024-03-25,11,N9607363904,Uribarri,10,88,6
2024-03-25,11,N5301954699,Basurtu-Zorrotza,10,10,4
2024-03-25,11,W162445376,Uribarri,10,10,7
2024-03-25,11,W305622069,Begona,7,28,3
2024-03-25,11,W420558992,Ibaiondo,6,197,5
2024-03-25,11,W108504682,Abando,6,182,7
2024-03-25,11,N5056088727,Ibaiondo,3,218,6
2024-03-25,11,N5056437799,Deusto,3,53,6
2024-03-25,11,W28776478,Abando,1,172,8
2024-03-25,11,N4762096882,Abando,1,94,9
2024-03-25,11,N4060532220,Otxarkoaga-Txurdinaga,1,67,4
2024-03-25,11,W290069950,Deusto,1,46,7
2024-03-25,11,W376396126,Ibaiondo,1,7,7
2024-03-25,12,N4060532227,Uribarri,299,299,1
2024-03-25,12,W41525574,Ibaiondo,271,271,1
2024-03-25,12,W44016098,Abando,192,192,1
2024-03-25,12,N5056353256,Uribarri,168,168,2
2024-03-25,12,N5056379164,Abando,146,146,2
2024-03-25,12,N5056328910,Begona,130,152,1
2024-03-25,12,W404432093,Ibaiondo,119,192,2
2024-03-25,12,N5056356248,Uribarri,114,264,3
2024-03-25,12,N11229807742,Basurtu-Zorrotza,113,113,1
2024-03-25,12,W164512079,Otxarkoaga-Txurdinaga,108,108,1
2024-03-25,12,W28211432,Abando,103,103,3
2024-03-25,12,N9607391207,Begona,90,99,2
2024-03-25,12,N5056183351,Errekalde,88,88,1
2024-03-25,12,N4060532216,Otxarkoaga-Txurdinaga,86,91,2
2024-03-25,12,N4254043797,Deusto,86,86,1
2024-03-25,12,N5056184623,Errekalde,77,119,2
2024-03-25,12,N5056421870,Deusto,76,76,2
2024-03-25,12,N4761972760,Abando,68,98,4
2024-03-25,12,N9607455457,Errekalde,64,65,3
2024-03-25,12,N5056355015,Uribarri,39,268,4
2024-03-25,12,N4731925117,Abando,38,80,5
2024-03-25,12,N10308519810,Deusto,36,48,3
2024-03-25,12,W96337695,Abando,28,113,6
2024-03-25,12,W397099000,Ibaiondo,28,28,3
2024-03-25,12,W163196945,Basurtu-Zorrotza,27,27,2
2024-03-25,12,W185205681,Deusto,20,35,4
2024-03-25,12,N4060532217,Otxarkoaga-Txurdinaga,18,98,3
2024-03-25,12,W163195554,Basurtu-Zorrotza,17,67,3
2024-03-25,12,W41415573,Errekalde,17,17,4
2024-03-25,12,W248634544,Uribarri,15,149,5
2024-03-25,12,W111740255,Errekalde,14,115,5
2024-03-25,12,N11229801356,Ibaiondo,14,111,4
2024-03-25,12,W185205688,Deusto,12,59,5
2024-03-25,12,N9607363904,Uribarri,10,88,6
2024-03-25,12,N5301954699,Basurtu-Zorrotza,10,10,4
2024-03-25,12,W162445376,Uribarri,10,10,7
2024-03-25,12,W305622069,Begona,7,28,3
2024-03-25,12,W420558992,Ibaiondo,6,197,5
2024-03-25,12,W108504682,Abando,6,182,7
2024-03-25,12,N5056088727,Ibaiondo,3,218,6
2024-03-25,12,N5056437799,Deusto,3,53,6
2024-03-25,12,W28776478,Abando,1,172,8
2024-03-25,12,N4762096882,Abando,1,94,9
2024-03-25,12,N4060532220,Otxarkoaga-Txurdinaga,1,67,4
2024-03-25,12,W290069950,Deusto,1,46,7
2024-03-25,12,W376396126,Ibaiondo,1,7,7
2024-03-25,13,N4060532227,Uribarri,299,299,1
2024-03-25,13,W108497734,Ibaiondo,265,265,1
2024-03-25,13,W108504682,Abando,182,182,1
2024-03-25,13,N5056353256,Uribarri,168,168,2
2024-03-25,13,N5056328910,Begona,152,152,1
2024-03-25,13,N5056379164,Abando,146,146,2
2024-03-25,13,N5056356248,Uribarri,114,264,3
2024-03-25,13,N11229807742,Basurtu-Zorrotza,113,113,1
2024-03-25,13,N11229801356,Ibaiondo,111,111,2
2024-03-25,13,W164512079,Otxarkoaga-Txurdinaga,108,108,1
2024-03-25,13,N4761972760,Abando,97,98,3
2024-03-25,13,N9607391207,Begona,90,99,2
2024-03-25,13,N4060532216,Otxarkoaga-Txurdinaga,86,91,2
2024-03-25,13,N4254043797,Deusto,86,86,1
2024-03-25,13,N5056184623,Errekalde,77,119,1
2024-03-25,13,N5056421870,Deusto,76,76,2
2024-03-25,13,W28211432,Abando,65,103,4
2024-03-25,13,N9607455457,Errekalde,64,65,2
2024-03-25,13,N5056183351,Errekalde,51,88,3
2024-03-25,13,N5056088727,Ibaiondo,41,218,3
2024-03-25,13,N5056355015,Uribarri,39,268,4
2024-03-25,13,W110895854,Abando,36,216,5
2024-03-25,13,N10308519810,Deusto,36,48,3
2024-03-25,13,W420558992,Ibaiondo,30,197,4
2024-03-25,13,W397099000,Ibaiondo,28,28,5
2024-03-25,13,W163196945,Basurtu-Zorrotza,27,27,2
2024-03-25,13,N4731925117,Abando,25,80,6
2024-03-25,13,W185205681,Deusto,20,35,4
2024-03-25,13,N4060532217,Otxarkoaga-Txurdinaga,18,98,3
2024-03-25,13,W163195554,Basurtu-Zorrotza,17,67,3
2024-03-25,13,W41415573,Errekalde,17,17,4
2024-03-25,13,W111740255,Errekalde,14,115,5
2024-03-25,13,W185205688,Deusto,12,59,5
2024-03-25,13,W96337695,Abando,10,113,7
2024-03-25,13,N9607363904,Uribarri,10,88,5
2024-03-25,13,N5301954699,Basurtu-Zorrotza,10,10,4
2024-03-25,13,W162445376,Uribarri,10,10,6
2024-03-25,13,W248634544,Uribarri,8,149,7
2024-03-25,13,W305622069,Begona,7,28,3
2024-03-25,13,N5056437799,Deusto,3,53,6
2024-03-25,13,W404432093,Ibaiondo,1,192,6
2024-03-25,13,W44016098,Abando,1,192,8
2024-03-25,13,W28776478,Abando,1,172,9
2024-03-25,13,N4762096882,Abando,1,94,10
2024-03-25,13,N4060532220,Otxarkoaga-Txurdinaga,1,67,4
2024-03-25,13,W290069950,Deusto,1,46,7
2024-03-25,13,W376396126,Ibaiondo,1,7,7
2024-03-25,14,N4060532227,Uribarri,299,299,1
2024-03-25,14,W108497734,Ibaiondo,265,265,1
2024-03-25,14,W108504682,Abando,182,182,1
2024-03-25,14,N5056353256,Uribarri,168,168,2
2024-03-25,14,N5056328910,Begona,152,152,1
2024-03-25,14,N5056379164,Abando,146,146,2
2024-03-25,14,N5056356248,Uribarri,114,264,3
2024-03-25,14,N11229807742,Basurtu-Zorrotza,113,113,1
2024-03-25,14,N11229801356,Ibaiondo,111,111,2
2024-03-25,14,W164512079,Otxarkoaga-Txurdinaga,108,108,1
2024-03-25,14,N4761972760,Abando,97,98,3
2024-03-25,14,N9607391207,Begona,90,99,2
2024-03-25,14,N4060532216,Otxarkoaga-Txurdinaga,86,91,2
2024-03-25,14,N4254043797,Deusto,86,86,1
2024-03-25,14,N5056184623,Errekalde,77,119,1
2024-03-25,14,N5056421870,Deusto,76,76,2
2024-03-25,14,W28211432,Abando,65,103,4
2024-03-25,14,N9607455457,Errekalde,64,65,2
2024-03-25,14,N5056183351,Errekalde,51,88,3
2024-03-25,14,N5056088727,Ibaiondo,41,218,3
2024-03-25,14,N5056355015,Uribarri,39,268,4
2024-03-25,14,W110895854,Abando,36,216,5
2024-03-25,14,N10308519810,Deusto,36,48,3
2024-03-25,14,W420558992,Ibaiondo,30,197,4
2024-03-25,14,W397099000,Ibaiondo,28,28,5
2024-03-25,14,N4731925117,Abando,25,80,6
2024-03-25,14,W185205681,Deusto,20,35,4
2024-03-25,14,N4060532217,Otxarkoaga-Txurdinaga,18,98,3
2024-03-25,14,W163195554,Basurtu-Zorrotza,17,67,2
2024-03-25,14,W41415573,Errekalde,17,17,4
2024-03-25,14,W111740255,Errekalde,14,115,5
2024-03-25,14,W185205688,Deusto,12,59,5
2024-03-25,14,W96337695,Abando,10,113,7
2024-03-25,14,N9607363904,Uribarri,10,88,5
2024-03-25,14,N5301954699,Basurtu-Zorrotza,10,10,3
2024-03-25,14,W162445376,Uribarri,10,10,6
2024-03-25,14,W248634544,Uribarri,8,149,7
2024-03-25,14,W305622069,Begona,7,28,3
2024-03-25,14,N5056437799,Deusto,3,53,6
2024-03-25,14,W404432093,Ibaiondo,1,192,6
2024-03-25,14,W44016098,Abando,1,192,8
2024-03-25,14,W28776478,Abando,1,172,9
2024-03-25,14,N4762096882,Abando,1,94,10
2024-03-25,14,N4060532220,Otxarkoaga-Txurdinaga,1,67,4
2024-03-25,14,W290069950,Deusto,1,46,7
2024-03-25,14,W376396126,Ibaiondo,1,7,7
2024-03-25,15,N4060532227,Uribarri,299,299,1
2024-03-25,15,W108497734,Ibaiondo,265,265,1
2024-03-25,15,W108504682,Abando,182,182,1
2024-03-25,15,N5056353256,Uribarri,168,168,2
2024-03-25,15,N5056328910,Begona,152,152,1
2024-03-25,15,N5056379164,Abando,146,146,2
2024-03-25,15,N11229807742,Basurtu-Zorrotza,113,113,1
2024-03-25,15,N11229801356,Ibaiondo,111,111,2
2024-03-25,15,W164512079,Otxarkoaga-Txurdinaga,108,108,1
2024-03-25,15,N4508853267,Uribarri,97,192,3
2024-03-25,15,N4761972760,Abando,97,98,3
2024-03-25,15,N9607391207,Begona,90,99,2
2024-03-25,15,N4060532216,Otxarkoaga-Txurdinaga,86,91,2
2024-03-25,15,N5056421870,Deusto,76,76,1
2024-03-25,15,W96337695,Abando,66,113,4
2024-03-25,15,N9607455457,Errekalde,64,65,1
2024-03-25,15,N4731925117,Abando,59,80,5
2024-03-25,15,W185205688,Deusto,58,59,2
2024-03-25,15,N5056183351,Errekalde,51,88,2
2024-03-25,15,N5056088727,Ibaiondo,41,218,3
2024-03-25,15,W48045715,Uribarri,39,268,4
2024-03-25,15,W110895854,Abando,36,216,6
2024-03-25,15,W185205681,Deusto,32,35,3
2024-03-25,15,W420558992,Ibaiondo,30,197,4
2024-03-25,15,W397099000,Ibaiondo,28,28,5
2024-03-25,15,W111740255,Errekalde,27,115,3
2024-03-25,15,W28211432,Abando,23,103,7
2024-03-25,15,N4060532217,Otxarkoaga-Txurdinaga,18,98,3
2024-03-25,15,W290069950,Deusto,18,46,4
2024-03-25,15,W163195554,Basurtu-Zorrotza,17,67,2
2024-03-25,15,W41415573,Errekalde,17,17,4
2024-03-25,15,N9607363904,Uribarri,10,88,5
2024-03-25,15,N5301954699,Basurtu-Zorrotza,10,10,3
2024-03-25,15,W162445376,Uribarri,10,10,6
2024-03-25,15,W305622069,Begona,7,28,3
2024-03-25,15,W404432093,Ibaiondo,1,192,6
2024-03-25,15,W44016098,Abando,1,192,8
2024-03-25,15,W28776478,Abando,1,172,9
2024-03-25,15,N4060532220,Otxarkoaga-Txurdinaga,1,67,4
2024-03-25,15,W171882527,Abando,1,31,10
2024-03-25,15,W376396126,Ibaiondo,1,7,7
2024-03-25,16,N4060532227,Uribarri,299,299,1
2024-03-25,16,W108497734,Ibaiondo,265,265,1
2024-03-25,16,W108504682,Abando,182,182,1
2024-03-25,16,N5056353256,Uribarri,168,168,2
2024-03-25,16,N5056328910,Begona,152,152,1
2024-03-25,16,N5056379164,Abando,146,146,2
2024-03-25,16,N11229807742,Basurtu-Zorrotza,113,113,1
2024-03-25,16,N11229801356,Ibaiondo,111,111,2
2024-03-25,16,W164512079,Otxarkoaga-Txurdinaga,108,108,1
2024-03-25,16,N5056200430,Basurtu-Zorrotza,103,103,2
2024-03-25,16,N4508853267,Uribarri,97,192,3
2024-03-25,16,N4761972760,Abando,97,98,3
2024-03-25,16,W301165234,Errekalde,94,94,1
2024-03-25,16,N9607391207,Begona,90,99,2
2024-03-25,16,N4060532216,Otxarkoaga-Txurdinaga,86,91,2
2024-03-25,16,N5056421870,Deusto,76,76,1
2024-03-25,16,W96337695,Abando,66,113,4
2024-03-25,16,N4731925117,Abando,59,80,5
2024-03-25,16,W185205688,Deusto,58,59,2
2024-03-25,16,N5056183351,Errekalde,51,88,2
2024-03-25,16,N9607455457,Errekalde,46,65,3
2024-03-25,16,N5056088727,Ibaiondo,41,218,3
2024-03-25,16,W48045715,Uribarri,39,268,4
2024-03-25,16,W110895854,Abando,36,216,6
2024-03-25,16,W185205681,Deusto,32,35,3
2024-03-25,16,W420558992,Ibaiondo,30,197,4
2024-03-25,16,W397099000,Ibaiondo,28,28,5
2024-03-25,16,W111740255,Errekalde,27,115,4
2024-03-25,16,W28211432,Abando,23,103,7
2024-03-25,16,N4060532217,Otxarkoaga-Txurdinaga,18,98,3
2024-03-25,16,W290069950,Deusto,18,46,4
2024-03-25,16,W163195554,Basurtu-Zorrotza,17,67,3
2024-03-25,16,W41415573,Errekalde,17,17,5
2024-03-25,16,N9607363904,Uribarri,10,88,5
2024-03-25,16,N5301954699,Basurtu-Zorrotza,10,10,4
2024-03-25,16,W162445376,Uribarri,10,10,6
2024-03-25,16,W305622069,Begona,7,28,3
2024-03-25,16,W404432093,Ibaiondo,1,192,6
2024-03-25,16,W44016098,Abando,1,192,8
2024-03-25,16,W28776478,Abando,1,172,9
2024-03-25,16,N4060532220,Otxarkoaga-Txurdinaga,1,67,4
2024-03-25,16,W171882527,Abando,1,31,10
2024-03-25,16,W376396126,Ibaiondo,1,7,7
2024-03-25,17,N4060532227,Uribarri,299,299,1
2024-03-25,17,W108497734,Ibaiondo,265,265,1
2024-03-25,17,W108504682,Abando,182,182,1
2024-03-25,17,N5056353256,Uribarri,168,168,2
2024-03-25,17,N5056328910,Begona,152,152,1
2024-03-25,17,N5056379164,Abando,146,146,2
2024-03-25,17,N5056356248,Uribarri,114,264,3
2024-03-25,17,N11229807742,Basurtu-Zorrotza,113,113,1
2024-03-25,17,N11229801356,Ibaiondo,111,111,2
2024-03-25,17,W164512079,Otxarkoaga-Txurdinaga,108,108,1
2024-03-25,17,N5056200430,Basurtu-Zorrotza,103,103,2
2024-03-25,17,W28211432,Abando,94,103,3
2024-03-25,17,W301165234,Errekalde,94,94,1
2024-03-25,17,N9607391207,Begona,90,99,2
2024-03-25,17,N4060532216,Otxarkoaga-Txurdinaga,86,91,2
2024-03-25,17,N4254043797,Deusto,86,86,1
2024-03-25,17,N5056184623,Errekalde,77,119,2
2024-03-25,17,N5056421870,Deusto,76,76,2
2024-03-25,17,N5056183351,Errekalde,51,88,3
2024-03-25,17,N9607455457,Errekalde,46,65,4
2024-03-25,17,N5056088727,Ibaiondo,41,218,3
2024-03-25,17,W48045715,Uribarri,39,268,4
2024-03-25,17,W110895854,Abando,36,216,4
2024-03-25,17,W420558992,Ibaiondo,30,197,4
2024-03-25,17,W163195554,Basurtu-Zorrotza,30,67,3
2024-03-25,17,W397099000,Ibaiondo,28,28,5
2024-03-25,17,N4731925117,Abando,25,80,5
2024-03-25,17,W185205681,Deusto,20,35,3
2024-03-25,17,N4060532217,Otxarkoaga-Txurdinaga,18,98,3
2024-03-25,17,W290069950,Deusto,18,46,4
2024-03-25,17,W41415573,Errekalde,17,17,5
2024-03-25,17,W111740255,Errekalde,14,115,6
2024-03-25,17,W185205688,Deusto,13,59,5
2024-03-25,17,W96337695,Abando,10,113,6
2024-03-25,17,N9607363904,Uribarri,10,88,5
2024-03-25,17,N5301954699,Basurtu-Zorrotza,10,10,4
2024-03-25,17,W162445376,Uribarri,10,10,6
2024-03-25,17,N4508853267,Uribarri,8,192,7
2024-03-25,17,W305622069,Begona,7,28,3
2024-03-25,17,W171882527,Abando,2,31,7
2024-03-25,17,W404432093,Ibaiondo,1,192,6
2024-03-25,17,W44016098,Abando,1,192,8
2024-03-25,17,W28776478,Abando,1,172,9
2024-03-25,17,N4060532220,Otxarkoaga-Txurdinaga,1,67,4
2024-03-25,17,W376396126,Ibaiondo,1,7,7
2024-03-25,18,N4060532227,Uribarri,299,299,1
2024-03-25,18,W41525574,Ibaiondo,271,271,1
2024-03-25,18,W44016098,Abando,192,192,1
2024-03-25,18,N5056353256,Uribarri,168,168,2
2024-03-25,18,N5056379164,Abando,146,146,2
2024-03-25,18,N5056328910,Begona,130,152,1
2024-03-25,18,W404432093,Ibaiondo,119,192,2
2024-03-25,18,N5056356248,Uribarri,114,264,3
2024-03-25,18,N11229807742,Basurtu-Zorrotza,113,113,1
2024-03-25,18,W164512079,Otxarkoaga-Txurdinaga,108,108,1
2024-03-25,18,N5056200430,Basurtu-Zorrotza,103,103,2
2024-03-25,18,W28211432,Abando,103,103,3
2024-03-25,18,W301165234,Errekalde,94,94,1
2024-03-25,18,N9607391207,Begona,90,99,2
2024-03-25,18,N5056183351,Errekalde,88,88,2
2024-03-25,18,N4060532216,Otxarkoaga-Txurdinaga,86,91,2
2024-03-25,18,N4254043797,Deusto,86,86,1
2024-03-25,18,N5056184623,Errekalde,77,119,3
2024-03-25,18,N5056421870,Deusto,76,76,2
2024-03-25,18,N4762096882,Abando,68,94,4
2024-03-25,18,N9607455457,Errekalde,46,65,4
2024-03-25,18,N5056355015,Uribarri,39,268,4
2024-03-25,18,N4731925117,Abando,38,80,5
2024-03-25,18,W397099000,Ibaiondo,28,28,3
2024-03-25,18,W163196945,Basurtu-Zorrotza,27,27,3
2024-03-25,18,W96337695,Abando,26,113,6
2024-03-25,18,W185205681,Deusto,20,35,3
2024-03-25,18,N4060532217,Otxarkoaga-Txurdinaga,18,98,3
2024-03-25,18,W290069950,Deusto,18,46,4
2024-03-25,18,W41415573,Errekalde,17,17,5
2024-03-25,18,W163195554,Basurtu-Zorrotza,16,67,4
2024-03-25,18,W111740255,Errekalde,14,115,6
2024-03-25,18,N11229801356,Ibaiondo,14,111,4
2024-03-25,18,W185205688,Deusto,12,59,5
2024-03-25,18,N9607363904,Uribarri,10,88,5
2024-03-25,18,N5301954699,Basurtu-Zorrotza,10,10,5
2024-03-25,18,W162445376,Uribarri,10,10,6
2024-03-25,18,N4508853267,Uribarri,8,192,7
2024-03-25,18,W305622069,Begona,7,28,3
2024-03-25,18,W420558992,Ibaiondo,6,197,5
2024-03-25,18,W108504682,Abando,6,182,7
2024-03-25,18,N5056088727,Ibaiondo,3,218,6
2024-03-25,18,W485363913,Ibaiondo,2,179,7
2024-03-25,18,W28776478,Abando,1,172,8
2024-03-25,18,N4060532220,Otxarkoaga-Txurdinaga,1,67,4
2024-03-25,18,W171882527,Abando,1,31,9
2024-03-25,18,W376396126,Ibaiondo,1,7,8
2024-03-25,19,N4060532227,Uribarri,299,299,1
2024-03-25,19,W41525574,Ibaiondo,271,271,1
2024-03-25,19,W44016098,Abando,192,192,1
2024-03-25,19,N5056353256,Uribarri,168,168,2
2024-03-25,19,N5056379164,Abando,146,146,2
2024-03-25,19,N5056328910,Begona,130,152,1
2024-03-25,19,W404432093,Ibaiondo,119,192,2
2024-03-25,19,N5056356248,Uribarri,114,264,3
2024-03-25,19,N11229807742,Basurtu-Zorrotza,113,113,1
2024-03-25,19,W164512079,Otxarkoaga-Txurdinaga,108,108,1
2024-03-25,19,N5056200430,Basurtu-Zorrotza,103,103,2
2024-03-25,19,W28211432,Abando,103,103,3
2024-03-25,19,W301165234,Errekalde,94,94,1
2024-03-25,19,N9607391207,Begona,90,99,2
2024-03-25,19,N5056183351,Errekalde,88,88,2
2024-03-25,19,N4060532216,Otxarkoaga-Txurdinaga,86,91,2
2024-03-25,19,N4254043797,Deusto,86,86,1
2024-03-25,19,N5056184623,Errekalde,77,119,3
2024-03-25,19,N5056421870,Deusto,76,76,2
2024-03-25,19,N4762096882,Abando,68,94,4
2024-03-25,19,N9607455457,Errekalde,46,65,4
2024-03-25,19,N5056355015,Uribarri,39,268,4
2024-03-25,19,N4731925117,Abando,38,80,5
2024-03-25,19,W397099000,Ibaiondo,28,28,3
2024-03-25,19,W163196945,Basurtu-Zorrotza,27,27,3
2024-03-25,19,W96337695,Abando,26,113,6
2024-03-25,19,W185205681,Deusto,20,35,3
2024-03-25,19,N4060532217,Otxarkoaga-Txurdinaga,18,98,3
2024-03-25,19,W290069950,Deusto,18,46,4
2024-03-25,19,W41415573,Errekalde,17,17,5
2024-03-25,19,W163195554,Basurtu-Zorrotza,16,67,4
2024-03-25,19,W111740255,Errekalde,14,115,6
2024-03-25,19,N11229801356,Ibaiondo,14,111,4
2024-03-25,19,W185205688,Deusto,12,59,5
2024-03-25,19,N9607363904,Uribarri,10,88,5
2024-03-25,19,N5301954699,Basurtu-Zorrotza,10,10,5
2024-03-25,19,W162445376,Uribarri,10,10,6
2024-03-25,19,N4508853267,Uribarri,8,192,7
2024-03-25,19,W305622069,Begona,7,28,3
2024-03-25,19,W420558992,Ibaiondo,6,197,5
2024-03-25,19,W108504682,Abando,6,182,7
2024-03-25,19,N5056088727,Ibaiondo,3,218,6
2024-03-25,19,W485363913,Ibaiondo,2,179,7
2024-03-25,19,W28776478,Abando,1,172,8
2024-03-25,19,N4060532220,Otxarkoaga-Txurdinaga,1,67,4
2024-03-25,19,W171882527,Abando,1,31,9
2024-03-25,19,W376396126,Ibaiondo,1,7,8
2024-03-25,20,N4060532227,Uribarri,299,299,1
2024-03-25,20,W108497734,Ibaiondo,265,265,1
2024-03-25,20,W108504682,Abando,182,182,1
2024-03-25,20,N5056353256,Uribarri,168,168,2
2024-03-25,20,N5056328910,Begona,152,152,1
2024-03-25,20,N5056379164,Abando,146,146,2
2024-03-25,20,N5056356248,Uribarri,114,264,3
2024-03-25,20,N11229807742,Basurtu-Zorrotza,113,113,1
2024-03-25,20,N11229801356,Ibaiondo,111,111,2
2024-03-25,20,W164512079,Otxarkoaga-Txurdinaga,108,108,1
2024-03-25,20,N5056200430,Basurtu-Zorrotza,103,103,2
2024-03-25,20,W28211432,Abando,94,103,3
2024-03-25,20,W301165234,Errekalde,94,94,1
2024-03-25,20,N9607391207,Begona,90,99,2
2024-03-25,20,N4060532216,Otxarkoaga-Txurdinaga,86,91,2
2024-03-25,20,N4254043797,Deusto,86,86,1
2024-03-25,20,N5056184623,Errekalde,77,119,2
2024-03-25,20,N5056421870,Deusto,76,76,2
2024-03-25,20,N4762096882,Abando,68,94,4
2024-03-25,20,N5056183351,Errekalde,51,88,3
2024-03-25,20,N9607455457,Errekalde,46,65,4
2024-03-25,20,N5056088727,Ibaiondo,41,218,3
2024-03-25,20,W48045715,Uribarri,39,268,4
2024-03-25,20,W28776478,Abando,32,172,5
2024-03-25,20,W420558992,Ibaiondo,30,197,4
2024-03-25,20,W397099000,Ibaiondo,28,28,5
2024-03-25,20,N4731925117,Abando,25,80,6
2024-03-25,20,W185205681,Deusto,20,35,3
2024-03-25,20,N4060532217,Otxarkoaga-Txurdinaga,18,98,3
2024-03-25,20,W290069950,Deusto,18,46,4
2024-03-25,20,W41415573,Errekalde,17,17,5
2024-03-25,20,W163195554,Basurtu-Zorrotza,16,67,3
2024-03-25,20,W111740255,Errekalde,14,115,6
2024-03-25,20,W185205688,Deusto,12,59,5
2024-03-25,20,N9607363904,Uribarri,10,88,5
2024-03-25,20,N5301954699,Basurtu-Zorrotza,10,10,4
2024-03-25,20,W162445376,Uribarri,10,10,6
2024-03-25,20,N4508853267,Uribarri,8,192,7
2024-03-25,20,W96337695,Abando,8,113,7
2024-03-25,20,W305622069,Begona,7,28,3
2024-03-25,20,W404432093,Ibaiondo,1,192,6
2024-03-25,20,W44016098,Abando,1,192,8
2024-03-25,20,N4060532220,Otxarkoaga-Txurdinaga,1,67,4
2024-03-25,20,W171882527,Abando,1,31,9
2024-03-25,20,W376396126,Ibaiondo,1,7,7
2024-03-25,21,N4060532227,Uribarri,299,299,1
2024-03-25,21,N5056088727,Ibaiondo,218,218,1
2024-03-25,21,W44016098,Abando,192,192,1
2024-03-25,21,N5056353256,Uribarri,168,168,2
2024-03-25,21,N5056328910,Begona,152,152,1
2024-03-25,21,N5056379164,Abando,146,146,2
2024-03-25,21,N11229807742,Basurtu-Zorrotza,113,113,1
2024-03-25,21,W164512079,Otxarkoaga-Txurdinaga,108,108,1
2024-03-25,21,N5056200430,Basurtu-Zorrotza,103,103,2
2024-03-25,21,N4508853267,Uribarri,97,192,3
2024-03-25,21,W301165234,Errekalde,94,94,1
2024-03-25,21,W485363913,Ibaiondo,91,179,2
2024-03-25,21,W96337695,Abando,90,113,3
2024-03-25,21,N9607391207,Begona,90,99,2
2024-03-25,21,N5056183351,Errekalde,88,88,2
2024-03-25,21,N4060532216,Otxarkoaga-Txurdinaga,86,91,2
2024-03-25,21,N4731925117,Abando,77,80,4
2024-03-25,21,N5056421870,Deusto,76,76,1
2024-03-25,21,W185205688,Deusto,59,59,2
2024-03-25,21,N9607455457,Errekalde,46,65,3
2024-03-25,21,N11229801356,Ibaiondo,41,111,3
2024-03-25,21,W48045715,Uribarri,39,268,4
2024-03-25,21,W420558992,Ibaiondo,36,197,4
2024-03-25,21,W185205681,Deusto,32,35,3
2024-03-25,21,W163195554,Basurtu-Zorrotza,30,67,3
2024-03-25,21,W397099000,Ibaiondo,28,28,5
2024-03-25,21,W111740255,Errekalde,27,115,4
2024-03-25,21,W171882527,Abando,20,31,5
2024-03-25,21,N4060532217,Otxarkoaga-Txurdinaga,18,98,3
2024-03-25,21,W290069950,Deusto,18,46,4
2024-03-25,21,W41415573,Errekalde,17,17,5
2024-03-25,21,N9607363904,Uribarri,10,88,5
2024-03-25,21,N5301954699,Basurtu-Zorrotza,10,10,4
2024-03-25,21,W162445376,Uribarri,10,10,6
2024-03-25,21,W305622069,Begona,7,28,3
2024-03-25,21,W28776478,Abando,2,172,6
2024-03-25,21,N4060532220,Otxarkoaga-Txurdinaga,1,67,4
2024-03-25,21,W376396126,Ibaiondo,1,7,6
2024-03-25,22,N4060532227,Uribarri,299,299,1
2024-03-25,22,W485363913,Ibaiondo,179,179,1
2024-03-25,22,N5056353256,Uribarri,168,168,2
2024-03-25,22,W28776478,Abando,152,172,1
2024-03-25,22,N5056379164,Abando,146,146,2
2024-03-25,22,W164512079,Otxarkoaga-Txurdinaga,108,108,1
2024-03-25,22,N4508853267,Uribarri,95,192,3
2024-03-25,22,N4060532216,Otxarkoaga-Txurdinaga,88,91,2
2024-03-25,22,W151883539,Basurtu-Zorrotza,75,75,1
2024-03-25,22,W290069950,Deusto,46,46,1
2024-03-25,22,W111740255,Errekalde,39,115,1
2024-03-25,22,W171882527,Abando,31,31,3
2024-03-25,22,W163195554,Basurtu-Zorrotza,30,67,2
2024-03-25,22,W397099000,Ibaiondo,28,28,2
2024-03-25,22,N4060532217,Otxarkoaga-Txurdinaga,18,98,3
2024-03-25,22,N5301954699,Basurtu-Zorrotza,10,10,3
2024-03-25,22,W162445376,Uribarri,10,10,4
2024-03-25,22,W123440604,Uribarri,9,100,5
2024-03-25,22,W44113519,Abando,3,150,4
2024-03-25,22,N4060532220,Otxarkoaga-Txurdinaga,1,67,4
2024-03-25,23,N4060532227,Uribarri,299,299,1
2024-03-25,23,W485363913,Ibaiondo,179,179,1
2024-03-25,23,N5056353256,Uribarri,168,168,2
2024-03-25,23,W28776478,Abando,152,172,1
2024-03-25,23,N5056379164,Abando,146,146,2
2024-03-25,23,N4060532217,Otxarkoaga-Txurdinaga,98,98,1
2024-03-25,23,N4508853267,Uribarri,95,192,3
2024-03-25,23,N4060532216,Otxarkoaga-Txurdinaga,91,91,2
2024-03-25,23,W111740255,Errekalde,39,115,1
2024-03-25,23,W171882527,Abando,31,31,3
2024-03-25,23,W163195554,Basurtu-Zorrotza,30,67,1
2024-03-25,23,N4060532220,Otxarkoaga-Txurdinaga,21,67,3
2024-03-25,23,N5301954699,Basurtu-Zorrotza,10,10,2
2024-03-25,23,W44113519,Abando,3,150,4
2024-03-26,5,N4060532227,Uribarri,299,299,1
2024-03-26,5,W485363913,Ibaiondo,179,179,1
2024-03-26,5,N5056353256,Uribarri,168,168,2
2024-03-26,5,W28776478,Abando,152,172,1
2024-03-26,5,N4060532217,Otxarkoaga-Txurdinaga,98,98,1
2024-03-26,5,N4508853267,Uribarri,95,192,3
2024-03-26,5,N4060532216,Otxarkoaga-Txurdinaga,91,91,2
2024-03-26,5,W163195554,Basurtu-Zorrotza,67,67,1
2024-03-26,5,N4060532220,Otxarkoaga-Txurdinaga,21,67,3
2024-03-26,6,N4060532227,Uribarri,299,299,1
2024-03-26,6,W485363913,Ibaiondo,179,179,1
2024-03-26,6,N5056353256,Uribarri,168,168,2
2024-03-26,6,W28776478,Abando,152,172,1
2024-03-26,6,N5056379164,Abando,146,146,2
2024-03-26,6,N4060532217,Otxarkoaga-Txurdinaga,98,98,1
2024-03-26,6,N4508853267,Uribarri,95,192,3
2024-03-26,6,N4060532216,Otxarkoaga-Txurdinaga,91,91,2
2024-03-26,6,W111740255,Errekalde,39,115,1
2024-03-26,6,W163195554,Basurtu-Zorrotza,30,67,1
2024-03-26,6,N4060532220,Otxarkoaga-Txurdinaga,21,67,3
2024-03-26,6,N5301954699,Basurtu-Zorrotza,10,10,2
2024-03-26,6,W44113519,Abando,3,150,3
2024-03-26,7,N4060532227,Uribarri,299,299,1
2024-03-26,7,W485363913,Ibaiondo,179,179,1
2024-03-26,7,N5056353256,Uribarri,168,168,2
2024-03-26,7,W28776478,Abando,152,172,1
2024-03-26,7,N5056379164,Abando,146,146,2
2024-03-26,7,N4060532217,Otxarkoaga-Txurdinaga,98,98,1
2024-03-26,7,N4508853267,Uribarri,95,192,3
2024-03-26,7,N4060532216,Otxarkoaga-Txurdinaga,91,91,2
2024-03-26,7,W111740255,Errekalde,39,115,1
2024-03-26,7,W163195554,Basurtu-Zorrotza,30,67,1
2024-03-26,7,N4060532220,Otxarkoaga-Txurdinaga,21,67,3
2024-03-26,7,N5301954699,Basurtu-Zorrotza,10,10,2
2024-03-26,7,W44113519,Abando,3,150,3
2024-03-26,8,N4060532227,Uribarri,299,299,1
2024-03-26,8,W485363913,Ibaiondo,179,179,1
2024-03-26,8,N5056353256,Uribarri,168,168,2
2024-03-26,8,W28776478,Abando,152,172,1
2024-03-26,8,N5056379164,Abando,146,146,2
2024-03-26,8,N5056356248,Uribarri,114,264,3
2024-03-26,8,W164510985,Otxarkoaga-Txurdinaga,100,100,1
2024-03-26,8,N4060532216,Otxarkoaga-Txurdinaga,91,91,2
2024-03-26,8,N4254043797,Deusto,86,86,1
2024-03-26,8,N5056184623,Errekalde,77,119,1
2024-03-26,8,W151883539,Basurtu-Zorrotza,75,75,1
2024-03-26,8,W41688628,Abando,57,98,3
2024-03-26,8,W290069950,Deusto,46,46,2
2024-03-26,8,N5056355015,Uribarri,39,268,4
2024-03-26,8,W163195554,Basurtu-Zorrotza,30,67,2
2024-03-26,8,W397099000,Ibaiondo,28,28,2
2024-03-26,8,W111740255,Errekalde,26,115,2
2024-03-26,8,W305622069,Begona,26,28,1
2024-03-26,8,N4060532220,Otxarkoaga-Txurdinaga,19,67,3
2024-03-26,8,W41415573,Errekalde,17,17,3
2024-03-26,8,W185205688,Deusto,13,59,3
2024-03-26,8,N5301954699,Basurtu-Zorrotza,10,10,3
2024-03-26,8,W162445376,Uribarri,10,10,5
2024-03-26,8,W123440604,Uribarri,9,100,6
2024-03-26,8,W376396126,Ibaiondo,7,7,3
2024-03-26,8,N4508853267,Uribarri,6,192,7
2024-03-26,8,W44113519,Abando,3,150,4
2024-03-26,8,N5056437799,Deusto,3,53,4
2024-03-26,8,N4060532217,Otxarkoaga-Txurdinaga,1,98,4
2024-03-26,9,N4060532227,Uribarri,299,299,1
2024-03-26,9,W108497734,Ibaiondo,265,265,1
2024-03-26,9,W108504682,Abando,182,182,1
2024-03-26,9,N5056353256,Uribarri,168,168,2
2024-03-26,9,N5056328910,Begona,152,152,1
2024-03-26,9,N5056379164,Abando,146,146,2
2024-03-26,9,N5056356248,Uribarri,114,264,3
2024-03-26,9,N11229807742,Basurtu-Zorrotza,113,113,1
2024-03-26,9,N11229801356,Ibaiondo,111,111,2
2024-03-26,9,W164512079,Otxarkoaga-Txurdinaga,108,108,1
2024-03-26,9,N4761972760,Abando,97,98,3
2024-03-26,9,N9607391207,Begona,90,99,2
2024-03-26,9,N4060532216,Otxarkoaga-Txurdinaga,86,91,2
2024-03-26,9,N4254043797,Deusto,86,86,1
2024-03-26,9,N5056184623,Errekalde,77,119,1
2024-03-26,9,N5056421870,Deusto,76,76,2
2024-03-26,9,N9607455457,Errekalde,64,65,2
2024-03-26,9,N4731925117,Abando,62,80,4
2024-03-26,9,N5056183351,Errekalde,51,88,3
2024-03-26,9,N5056088727,Ibaiondo,41,218,3
2024-03-26,9,N5056355015,Uribarri,39,268,4
2024-03-26,9,W110895854,Abando,36,216,5
2024-03-26,9,N10308519810,Deusto,36,48,3
2024-03-26,9,W420558992,Ibaiondo,30,197,4
2024-03-26,9,W397099000,Ibaiondo,28,28,5
2024-03-26,9,W185205681,Deusto,20,35,4
2024-03-26,9,N4060532217,Otxarkoaga-Txurdinaga,18,98,3
2024-03-26,9,W163195554,Basurtu-Zorrotza,17,67,2
2024-03-26,9,W41415573,Errekalde,17,17,4
2024-03-26,9,W96337695,Abando,15,113,6
2024-03-26,9,W111740255,Errekalde,14,115,5
2024-03-26,9,W185205688,Deusto,12,59,5
2024-03-26,9,W375390416,Ibaiondo,11,58,6
2024-03-26,9,N9607363904,Uribarri,10,88,5
2024-03-26,9,N5301954699,Basurtu-Zorrotza,10,10,3
2024-03-26,9,W162445376,Uribarri,10,10,6
2024-03-26,9,W248634544,Uribarri,8,149,7
2024-03-26,9,W305622069,Begona,7,28,3
2024-03-26,9,N5056437799,Deusto,3,53,6
2024-03-26,9,W28776478,Abando,1,172,7
2024-03-26,9,N4060532220,Otxarkoaga-Txurdinaga,1,67,4
2024-03-26,9,W290069950,Deusto,1,46,7
2024-03-26,9,W376396126,Ibaiondo,1,7,7
2024-03-26,10,N4060532227,Uribarri,299,299,1
2024-03-26,10,W41525574,Ibaiondo,271,271,1
2024-03-26,10,W44016098,Abando,192,192,1
2024-03-26,10,N5056353256,Uribarri,168,168,2
2024-03-26,10,N5056379164,Abando,146,146,2
2024-03-26,10,N5056328910,Begona,130,152,1
2024-03-26,10,N5056356248,Uribarri,114,264,3
2024-03-26,10,N11229807742,Basurtu-Zorrotza,113,113,1
2024-03-26,10,N1271964866,Abando,111,163,3
2024-03-26,10,N11229801356,Ibaiondo,111,111,2
2024-03-26,10,W164512079,Otxarkoaga-Txurdinaga,108,108,1
2024-03-26,10,N9607391207,Begona,90,99,2
2024-03-26,10,N4761972760,Abando,89,98,4
2024-03-26,10,N4060532216,Otxarkoaga-Txurdinaga,86,91,2
2024-03-26,10,N4254043797,Deusto,86,86,1
2024-03-26,10,N5056184623,Errekalde,77,119,1
2024-03-26,10,N5056421870,Deusto,76,76,2
2024-03-26,10,N9607455457,Errekalde,64,65,2
2024-03-26,10,N5056088727,Ibaiondo,61,218,3
2024-03-26,10,N5056183351,Errekalde,51,88,3
2024-03-26,10,N5056355015,Uribarri,39,268,4
2024-03-26,10,N10308519810,Deusto,36,48,3
2024-03-26,10,W397099000,Ibaiondo,28,28,4
2024-03-26,10,W96337695,Abando,22,113,5
2024-03-26,10,W185205681,Deusto,20,35,4
2024-03-26,10,N4060532217,Otxarkoaga-Txurdinaga,18,98,3
2024-03-26,10,W163195554,Basurtu-Zorrotza,17,67,2
2024-03-26,10,W41415573,Errekalde,17,17,4
2024-03-26,10,W248634544,Uribarri,15,149,5
2024-03-26,10,W111740255,Errekalde,14,115,5
2024-03-26,10,W185205688,Deusto,12,59,5
2024-03-26,10,W375390416,Ibaiondo,11,58,5
2024-03-26,10,W171882527,Abando,11,31,6
2024-03-26,10,N9607363904,Uribarri,10,88,6
2024-03-26,10,N4731925117,Abando,10,80,7
2024-03-26,10,N5301954699,Basurtu-Zorrotza,10,10,3
2024-03-26,10,W162445376,Uribarri,10,10,7
2024-03-26,10,W305622069,Begona,7,28,3
2024-03-26,10,W420558992,Ibaiondo,6,197,6
2024-03-26,10,W28776478,Abando,2,172,8
2024-03-26,10,N5056437799,Deusto,2,53,6
2024-03-26,10,N4060532220,Otxarkoaga-Txurdinaga,1,67,4
2024-03-26,10,W290069950,Deusto,1,46,7
2024-03-26,10,W376396126,Ibaiondo,1,7,7
2024-03-26,11,N4060532227,Uribarri,299,299,1
2024-03-26,11,W41525574,Ibaiondo,271,271,1
2024-03-26,11,N3207631929,Abando,212,212,1
2024-03-26,11,N5056353256,Uribarri,168,168,2
2024-03-26,11,N5056379164,Abando,146,146,2
2024-03-26,11,N5056328910,Begona,130,152,1
2024-03-26,11,N5056356248,Uribarri,114,264,3
2024-03-26,11,N11229807742,Basurtu-Zorrotza,113,113,1
2024-03-26,11,N11229801356,Ibaiondo,111,111,2
2024-03-26,11,W164512079,Otxarkoaga-Txurdinaga,108,108,1
2024-03-26,11,N4761972760,Abando,97,98,3
2024-03-26,11,N9607391207,Begona,90,99,2
2024-03-26,11,N4060532216,Otxarkoaga-Txurdinaga,86,91,2
2024-03-26,11,N4254043797,Deusto,86,86,1
2024-03-26,11,W96337695,Abando,81,113,4
2024-03-26,11,N5056421870,Deusto,76,76,2
2024-03-26,11,N9607455457,Errekalde,64,65,1
2024-03-26,11,N5056088727,Ibaiondo,61,218,3
2024-03-26,11,N5056183351,Errekalde,51,88,2
2024-03-26,11,N1271964866,Abando,46,163,5
2024-03-26,11,W48045715,Uribarri,39,268,4
2024-03-26,11,W248634544,Uribarri,37,149,5
2024-03-26,11,N10308519810,Deusto,36,48,3
2024-03-26,11,N5056184623,Errekalde,29,119,3
2024-03-26,11,W397099000,Ibaiondo,28,28,4
2024-03-26,11,W163196945,Basurtu-Zorrotza,27,27,2
2024-03-26,11,W185205681,Deusto,20,35,4
2024-03-26,11,N4060532217,Otxarkoaga-Txurdinaga,18,98,3
2024-03-26,11,W163195554,Basurtu-Zorrotza,17,67,3
2024-03-26,11,W41415573,Errekalde,17,17,4
2024-03-26,11,W111740255,Errekalde,14,115,5
2024-03-26,11,W185205688,Deusto,12,59,5
2024-03-26,11,N518227646,Abando,11,65,6
2024-03-26,11,W375390416,Ibaiondo,11,58,5
2024-03-26,11,W171882527,Abando,11,31,7
2024-03-26,11,N9607363904,Uribarri,10,88,6
2024-03-26,11,N4731925117,Abando,10,80,8
2024-03-26,11,N5301954699,Basurtu-Zorrotza,10,10,4
2024-03-26,11,W162445376,Uribarri,10,10,7
2024-03-26,11,W305622069,Begona,7,28,3
2024-03-26,11,W420558992,Ibaiondo,6,197,6
2024-03-26,11,W28776478,Abando,6,172,9
2024-03-26,11,N5056437799,Deusto,2,53,6
2024-03-26,11,N4762096882,Abando,1,94,10
2024-03-26,11,N4060532220,Otxarkoaga-Txurdinaga,1,67,4
2024-03-26,11,W290069950,Deusto,1,46,7
2024-03-26,11,W376396126,Ibaiondo,1,7,7
2024-03-26,12,N4060532227,Uribarri,299,299,1
2024-03-26,12,W41525574,Ibaiondo,271,271,1
2024-03-26,12,N3207631929,Abando,212,212,1
2024-03-26,12,N5056353256,Uribarri,168,168,2
2024-03-26,12,N5056379164,Abando,146,146,2
2024-03-26,12,N5056328910,Begona,130,152,1
2024-03-26,12,N5056356248,Uribarri,114,264,3
2024-03-26,12,N11229807742,Basurtu-Zorrotza,113,113,1
2024-03-26,12,N11229801356,Ibaiondo,111,111,2
2024-03-26,12,W164512079,Otxarkoaga-Txurdinaga,108,108,1
2024-03-26,12,N4761972760,Abando,97,98,3
2024-03-26,12,N9607391207,Begona,90,99,2
2024-03-26,12,N4060532216,Otxarkoaga-Txurdinaga,86,91,2
2024-03-26,12,N4254043797,Deusto,86,86,1
2024-03-26,12,W96337695,Abando,81,113,4
2024-03-26,12,N5056421870,Deusto,76,76,2
2024-03-26,12,N9607455457,Errekalde,64,65,1
2024-03-26,12,N5056088727,Ibaiondo,61,218,3
2024-03-26,12,N5056183351,Errekalde,51,88,2
2024-03-26,12,N1271964866,Abando,46,163,5
2024-03-26,12,W48045715,Uribarri,39,268,4
2024-03-26,12,W248634544,Uribarri,37,149,5
2024-03-26,12,N10308519810,Deusto,36,48,3
2024-03-26,12,N5056184623,Errekalde,29,119,3
2024-03-26,12,W397099000,Ibaiondo,28,28,4
2024-03-26,12,W163196945,Basurtu-Zorrotza,27,27,2
2024-03-26,12,W185205681,Deusto,20,35,4
2024-03-26,12,N4060532217,Otxarkoaga-Txurdinaga,18,98,3
2024-03-26,12,W163195554,Basurtu-Zorrotza,17,67,3
2024-03-26,12,W41415573,Errekalde,17,17,4
2024-03-26,12,W111740255,Errekalde,14,115,5
2024-03-26,12,W185205688,Deusto,12,59,5
2024-03-26,12,N518227646,Abando,11,65,6
2024-03-26,12,W375390416,Ibaiondo,11,58,5
2024-03-26,12,W171882527,Abando,11,31,7
2024-03-26,12,N9607363904,Uribarri,10,88,6
2024-03-26,12,N4731925117,Abando,10,80,8
2024-03-26,12,N5301954699,Basurtu-Zorrotza,10,10,4
2024-03-26,12,W162445376,Uribarri,10,10,7
2024-03-26,12,W305622069,Begona,7,28,3
2024-03-26,12,W420558992,Ibaiondo,6,197,6
2024-03-26,12,W28776478,Abando,6,172,9
2024-03-26,12,N5056437799,Deusto,2,53,6
2024-03-26,12,N4762096882,Abando,1,94,10
2024-03-26,12,N4060532220,Otxarkoaga-Txurdinaga,1,67,4
2024-03-26,12,W290069950,Deusto,1,46,7
2024-03-26,12,W376396126,Ibaiondo,1,7,7
2024-03-26,13,N4060532227,Uribarri,299,299,1
2024-03-26,13,W108497734,Ibaiondo,265,265,1
2024-03-26,13,N3207631929,Abando,198,212,1
2024-03-26,13,N5056353256,Uribarri,168,168,2
2024-03-26,13,N5056328910,Begona,152,152,1
2024-03-26,13,N5056379164,Abando,146,146,2
2024-03-26,13,N5056356248,Uribarri,114,264,3
2024-03-26,13,N11229807742,Basurtu-Zorrotza,113,113,1
2024-03-26,13,N11229801356,Ibaiondo,111,111,2
2024-03-26,13,W164512079,Otxarkoaga-Txurdinaga,108,108,1
2024-03-26,13,N4761972760,Abando,97,98,3
2024-03-26,13,N9607391207,Begona,90,99,2
2024-03-26,13,N4060532216,Otxarkoaga-Txurdinaga,86,91,2
2024-03-26,13,N4254043797,Deusto,86,86,1
2024-03-26,13,W96337695,Abando,81,113,4
2024-03-26,13,N5056421870,Deusto,76,76,2
2024-03-26,13,N9607455457,Errekalde,64,65,1
2024-03-26,13,N5056183351,Errekalde,51,88,2
2024-03-26,13,N1271964866,Abando,46,163,5
2024-03-26,13,N5056088727,Ibaiondo,41,218,3
2024-03-26,13,N5056355015,Uribarri,39,268,4
2024-03-26,13,N10308519810,Deusto,36,48,3
2024-03-26,13,W420558992,Ibaiondo,30,197,4
2024-03-26,13,N5056184623,Errekalde,29,119,3
2024-03-26,13,W397099000,Ibaiondo,28,28,5
2024-03-26,13,W163196945,Basurtu-Zorrotza,27,27,2
2024-03-26,13,W248634544,Uribarri,26,149,5
2024-03-26,13,W185205681,Deusto,20,35,4
2024-03-26,13,N4060532217,Otxarkoaga-Txurdinaga,18,98,3
2024-03-26,13,W163195554,Basurtu-Zorrotza,17,67,3
2024-03-26,13,W41415573,Errekalde,17,17,4
2024-03-26,13,W111740255,Errekalde,14,115,5
2024-03-26,13,W185205688,Deusto,12,59,5
2024-03-26,13,N518227646,Abando,11,65,6
2024-03-26,13,W375390416,Ibaiondo,11,58,6
2024-03-26,13,W171882527,Abando,11,31,7
2024-03-26,13,N9607363904,Uribarri,10,88,6
2024-03-26,13,N4731925117,Abando,10,80,8
2024-03-26,13,N5301954699,Basurtu-Zorrotza,10,10,4
2024-03-26,13,W162445376,Uribarri,10,10,7
2024-03-26,13,W305622069,Begona,7,28,3
2024-03-26,13,W28776478,Abando,5,172,9
2024-03-26,13,N5056437799,Deusto,2,53,6
2024-03-26,13,N4762096882,Abando,1,94,10
2024-03-26,13,N4060532220,Otxarkoaga-Txurdinaga,1,67,4
2024-03-26,13,W290069950,Deusto,1,46,7
2024-03-26,13,W376396126,Ibaiondo,1,7,7
2024-03-26,14,N4060532227,Uribarri,299,299,1
2024-03-26,14,W108497734,Ibaiondo,265,265,1
2024-03-26,14,N3207631929,Abando,198,212,1
2024-03-26,14,N5056353256,Uribarri,168,168,2
2024-03-26,14,N5056328910,Begona,152,152,1
2024-03-26,14,N5056379164,Abando,146,146,2
2024-03-26,14,N5056356248,Uribarri,114,264,3
2024-03-26,14,N11229807742,Basurtu-Zorrotza,113,113,1
2024-03-26,14,N11229801356,Ibaiondo,111,111,2
2024-03-26,14,W164512079,Otxarkoaga-Txurdinaga,108,108,1
2024-03-26,14,N4761972760,Abando,97,98,3
2024-03-26,14,N9607391207,Begona,90,99,2
2024-03-26,14,N4060532216,Otxarkoaga-Txurdinaga,86,91,2
2024-03-26,14,N4254043797,Deusto,86,86,1
2024-03-26,14,W96337695,Abando,81,113,4
2024-03-26,14,N5056421870,Deusto,76,76,2
2024-03-26,14,N9607455457,Errekalde,64,65,1
2024-03-26,14,N5056183351,Errekalde,51,88,2
2024-03-26,14,N1271964866,Abando,46,163,5
2024-03-26,14,N5056088727,Ibaiondo,41,218,3
2024-03-26,14,W48045715,Uribarri,39,268,4
2024-03-26,14,N10308519810,Deusto,36,48,3
2024-03-26,14,W420558992,Ibaiondo,30,197,4
2024-03-26,14,N5056184623,Errekalde,29,119,3
2024-03-26,14,W397099000,Ibaiondo,28,28,5
2024-03-26,14,W248634544,Uribarri,26,149,5
2024-03-26,14,W185205681,Deusto,20,35,4
2024-03-26,14,N4060532217,Otxarkoaga-Txurdinaga,18,98,3
2024-03-26,14,W163195554,Basurtu-Zorrotza,17,67,2
2024-03-26,14,W41415573,Errekalde,17,17,4
2024-03-26,14,W111740255,Errekalde,14,115,5
2024-03-26,14,W185205688,Deusto,12,59,5
2024-03-26,14,N4731925117,Abando,11,80,6
2024-03-26,14,N518227646,Abando,11,65,7
2024-03-26,14,W375390416,Ibaiondo,11,58,6
2024-03-26,14,N9607363904,Uribarri,10,88,6
2024-03-26,14,W171882527,Abando,10,31,8
2024-03-26,14,N5301954699,Basurtu-Zorrotza,10,10,3
2024-03-26,14,W162445376,Uribarri,10,10,7
2024-03-26,14,W305622069,Begona,7,28,3
2024-03-26,14,W28776478,Abando,5,172,9
2024-03-26,14,N5056437799,Deusto,2,53,6
2024-03-26,14,N4762096882,Abando,1,94,10
2024-03-26,14,N4060532220,Otxarkoaga-Txurdinaga,1,67,4
2024-03-26,14,W290069950,Deusto,1,46,7
2024-03-26,14,W376396126,Ibaiondo,1,7,7
2024-03-26,15,N4060532227,Uribarri,299,299,1
2024-03-26,15,W108497734,Ibaiondo,265,265,1
2024-03-26,15,W108504682,Abando,182,182,1
2024-03-26,15,N5056353256,Uribarri,168,168,2
2024-03-26,15,N5056328910,Begona,152,152,1
2024-03-26,15,N5056379164,Abando,146,146,2
2024-03-26,15,N11229807742,Basurtu-Zorrotza,113,113,1
2024-03-26,15,N11229801356,Ibaiondo,111,111,2
2024-03-26,15,W164512079,Otxarkoaga-Txurdinaga,108,108,1
2024-03-26,15,N4508853267,Uribarri,97,192,3
2024-03-26,15,N4761972760,Abando,97,98,3
2024-03-26,15,N9607391207,Begona,90,99,2
2024-03-26,15,N4060532216,Otxarkoaga-Txurdinaga,86,91,2
2024-03-26,15,N5056421870,Deusto,76,76,1
2024-03-26,15,W96337695,Abando,66,113,4
2024-03-26,15,N9607455457,Errekalde,64,65,1
2024-03-26,15,N4731925117,Abando,59,80,5
2024-03-26,15,W185205688,Deusto,58,59,2
2024-03-26,15,N5056183351,Errekalde,51,88,2
2024-03-26,15,N5056088727,Ibaiondo,41,218,3
2024-03-26,15,W48045715,Uribarri,39,268,4
2024-03-26,15,W110895854,Abando,36,216,6
2024-03-26,15,W185205681,Deusto,32,35,3
2024-03-26,15,W420558992,Ibaiondo,30,197,4
2024-03-26,15,W397099000,Ibaiondo,28,28,5
2024-03-26,15,W111740255,Errekalde,27,115,3
2024-03-26,15,N4060532217,Otxarkoaga-Txurdinaga,18,98,3
2024-03-26,15,W290069950,Deusto,18,46,4
2024-03-26,15,W163195554,Basurtu-Zorrotza,17,67,2
2024-03-26,15,W41415573,Errekalde,17,17,4
2024-03-26,15,N518227646,Abando,11,65,7
2024-03-26,15,W375390416,Ibaiondo,11,58,6
2024-03-26,15,N9607363904,Uribarri,10,88,5
2024-03-26,15,W171882527,Abando,10,31,8
2024-03-26,15,N5301954699,Basurtu-Zorrotza,10,10,3
2024-03-26,15,W162445376,Uribarri,10,10,6
2024-03-26,15,W305622069,Begona,7,28,3
2024-03-26,15,W44016098,Abando,1,192,9
2024-03-26,15,W28776478,Abando,1,172,10
2024-03-26,15,N4060532220,Otxarkoaga-Txurdinaga,1,67,4
2024-03-26,15,W376396126,Ibaiondo,1,7,7
2024-03-26,16,N4060532227,Uribarri,299,299,1
2024-03-26,16,W108497734,Ibaiondo,265,265,1
2024-03-26,16,N3207631929,Abando,198,212,1
2024-03-26,16,N5056353256,Uribarri,168,168,2
2024-03-26,16,N5056328910,Begona,152,152,1
2024-03-26,16,N5056379164,Abando,146,146,2
2024-03-26,16,N11229807742,Basurtu-Zorrotza,113,113,1
2024-03-26,16,N11229801356,Ibaiondo,111,111,2
2024-03-26,16,W164512079,Otxarkoaga-Txurdinaga,108,108,1
2024-03-26,16,N5056200430,Basurtu-Zorrotza,103,103,2
2024-03-26,16,N4508853267,Uribarri,97,192,3
2024-03-26,16,N4761972760,Abando,97,98,3
2024-03-26,16,W301165234,Errekalde,94,94,1
2024-03-26,16,N9607391207,Begona,90,99,2
2024-03-26,16,N4060532216,Otxarkoaga-Txurdinaga,86,91,2
2024-03-26,16,W96337695,Abando,81,113,4
2024-03-26,16,N5056421870,Deusto,76,76,1
2024-03-26,16,W185205688,Deusto,58,59,2
2024-03-26,16,N5056183351,Errekalde,51,88,2
2024-03-26,16,N9607455457,Errekalde,46,65,3
2024-03-26,16,N4731925117,Abando,43,80,5
2024-03-26,16,N5056088727,Ibaiondo,41,218,3
2024-03-26,16,W48045715,Uribarri,39,268,4
2024-03-26,16,W185205681,Deusto,32,35,3
2024-03-26,16,W420558992,Ibaiondo,30,197,4
2024-03-26,16,W397099000,Ibaiondo,28,28,5
2024-03-26,16,W111740255,Errekalde,27,115,4
2024-03-26,16,W110895854,Abando,19,216,6
2024-03-26,16,N4060532217,Otxarkoaga-Txurdinaga,18,98,3
2024-03-26,16,W290069950,Deusto,18,46,4
2024-03-26,16,W163195554,Basurtu-Zorrotza,17,67,3
2024-03-26,16,W41415573,Errekalde,17,17,5
2024-03-26,16,N518227646,Abando,11,65,7
2024-03-26,16,W375390416,Ibaiondo,11,58,6
2024-03-26,16,N9607363904,Uribarri,10,88,5
2024-03-26,16,W171882527,Abando,10,31,8
2024-03-26,16,N5301954699,Basurtu-Zorrotza,10,10,4
2024-03-26,16,W162445376,Uribarri,10,10,6
2024-03-26,16,W305622069,Begona,7,28,3
2024-03-26,16,W28776478,Abando,4,172,9
2024-03-26,16,N4060532220,Otxarkoaga-Txurdinaga,1,67,4
2024-03-26,16,W376396126,Ibaiondo,1,7,7
2024-03-26,17,N4060532227,Uribarri,299,299,1
2024-03-26,17,W108497734,Ibaiondo,265,265,1
2024-03-26,17,N3207631929,Abando,198,212,1
2024-03-26,17,N5056353256,Uribarri,168,168,2
2024-03-26,17,N5056328910,Begona,152,152,1
2024-03-26,17,N5056379164,Abando,146,146,2
2024-03-26,17,N5056356248,Uribarri,114,264,3
2024-03-26,17,N11229807742,Basurtu-Zorrotza,113,113,1
2024-03-26,17,N11229801356,Ibaiondo,111,111,2
2024-03-26,17,W164512079,Otxarkoaga-Txurdinaga,108,108,1
2024-03-26,17,N5056200430,Basurtu-Zorrotza,103,103,2
2024-03-26,17,W301165234,Errekalde,94,94,1
2024-03-26,17,N9607391207,Begona,90,99,2
2024-03-26,17,N4060532216,Otxarkoaga-Txurdinaga,86,91,2
2024-03-26,17,N4254043797,Deusto,86,86,1
2024-03-26,17,W96337695,Abando,83,113,3
2024-03-26,17,N5056421870,Deusto,76,76,2
2024-03-26,17,N518227646,Abando,61,65,4
2024-03-26,17,N5056183351,Errekalde,51,88,2
2024-03-26,17,N9607455457,Errekalde,46,65,3
2024-03-26,17,N4731925117,Abando,43,80,5
2024-03-26,17,N5056088727,Ibaiondo,41,218,3
2024-03-26,17,N5056355015,Uribarri,39,268,4
2024-03-26,17,W420558992,Ibaiondo,30,197,4
2024-03-26,17,N5056184623,Errekalde,29,119,4
2024-03-26,17,W397099000,Ibaiondo,28,28,5
2024-03-26,17,W163195554,Basurtu-Zorrotza,25,67,3
2024-03-26,17,W185205681,Deusto,20,35,3
2024-03-26,17,W110895854,Abando,19,216,6
2024-03-26,17,N4060532217,Otxarkoaga-Txurdinaga,18,98,3
2024-03-26,17,W290069950,Deusto,18,46,4
2024-03-26,17,W41415573,Errekalde,17,17,5
2024-03-26,17,W171882527,Abando,15,31,7
2024-03-26,17,W111740255,Errekalde,14,115,6
2024-03-26,17,W185205688,Deusto,12,59,5
2024-03-26,17,W375390416,Ibaiondo,11,58,6
2024-03-26,17,N9607363904,Uribarri,10,88,5
2024-03-26,17,N5301954699,Basurtu-Zorrotza,10,10,4
2024-03-26,17,W162445376,Uribarri,10,10,6
2024-03-26,17,N4508853267,Uribarri,8,192,7
2024-03-26,17,W305622069,Begona,7,28,3
2024-03-26,17,W28776478,Abando,4,172,8
2024-03-26,17,N5056437799,Deusto,2,53,6
2024-03-26,17,N4060532220,Otxarkoaga-Txurdinaga,1,67,4
2024-03-26,17,W376396126,Ibaiondo,1,7,7
2024-03-26,18,N4060532227,Uribarri,299,299,1
2024-03-26,18,W41525574,Ibaiondo,271,271,1
2024-03-26,18,N3207631929,Abando,212,212,1
2024-03-26,18,N5056353256,Uribarri,168,168,2
2024-03-26,18,N5056379164,Abando,146,146,2
2024-03-26,18,N5056328910,Begona,130,152,1
2024-03-26,18,N5056356248,Uribarri,114,264,3
2024-03-26,18,N11229807742,Basurtu-Zorrotza,113,113,1
2024-03-26,18,N11229801356,Ibaiondo,111,111,2
2024-03-26,18,W164512079,Otxarkoaga-Txurdinaga,108,108,1
2024-03-26,18,N5056200430,Basurtu-Zorrotza,103,103,2
2024-03-26,18,W301165234,Errekalde,94,94,1
2024-03-26,18,N9607391207,Begona,90,99,2
2024-03-26,18,N4762096882,Abando,89,94,3
2024-03-26,18,N4060532216,Otxarkoaga-Txurdinaga,86,91,2
2024-03-26,18,N4254043797,Deusto,86,86,1
2024-03-26,18,W96337695,Abando,78,113,4
2024-03-26,18,N5056421870,Deusto,76,76,2
2024-03-26,18,N5056088727,Ibaiondo,61,218,3
2024-03-26,18,N1271964866,Abando,51,163,5
2024-03-26,18,N5056183351,Errekalde,51,88,2
2024-03-26,18,N9607455457,Errekalde,46,65,3
2024-03-26,18,W48045715,Uribarri,39,268,4
2024-03-26,18,N5056184623,Errekalde,29,119,4
2024-03-26,18,W28776478,Abando,28,172,6
2024-03-26,18,W397099000,Ibaiondo,28,28,4
2024-03-26,18,W163196945,Basurtu-Zorrotza,27,27,3
2024-03-26,18,W185205681,Deusto,20,35,3
2024-03-26,18,N4060532217,Otxarkoaga-Txurdinaga,18,98,3
2024-03-26,18,W290069950,Deusto,18,46,4
2024-03-26,18,W41415573,Errekalde,17,17,5
2024-03-26,18,W163195554,Basurtu-Zorrotza,16,67,4
2024-03-26,18,N518227646,Abando,16,65,7
2024-03-26,18,W111740255,Errekalde,14,115,6
2024-03-26,18,W171882527,Abando,14,31,8
2024-03-26,18,W185205688,Deusto,12,59,5
2024-03-26,18,W375390416,Ibaiondo,11,58,5
2024-03-26,18,N9607363904,Uribarri,10,88,5
2024-03-26,18,N4731925117,Abando,10,80,9
2024-03-26,18,N5301954699,Basurtu-Zorrotza,10,10,5
2024-03-26,18,W162445376,Uribarri,10,10,6
2024-03-26,18,N4508853267,Uribarri,8,192,7
2024-03-26,18,W305622069,Begona,7,28,3
2024-03-26,18,W420558992,Ibaiondo,6,197,6
2024-03-26,18,W485363913,Ibaiondo,2,179,7
2024-03-26,18,N5056437799,Deusto,2,53,6
2024-03-26,18,N4060532220,Otxarkoaga-Txurdinaga,1,67,4
2024-03-26,18,W376396126,Ibaiondo,1,7,8
2024-03-26,19,N4060532227,Uribarri,299,299,1
2024-03-26,19,W41525574,Ibaiondo,271,271,1
2024-03-26,19,N3207631929,Abando,212,212,1
2024-03-26,19,N5056353256,Uribarri,168,168,2
2024-03-26,19,N5056379164,Abando,146,146,2
2024-03-26,19,N5056328910,Begona,130,152,1
2024-03-26,19,N5056356248,Uribarri,114,264,3
2024-03-26,19,N11229807742,Basurtu-Zorrotza,113,113,1
2024-03-26,19,N11229801356,Ibaiondo,111,111,2
2024-03-26,19,W164512079,Otxarkoaga-Txurdinaga,108,108,1
2024-03-26,19,N5056200430,Basurtu-Zorrotza,103,103,2
2024-03-26,19,W301165234,Errekalde,94,94,1
2024-03-26,19,N9607391207,Begona,90,99,2
2024-03-26,19,N4762096882,Abando,89,94,3
2024-03-26,19,N4060532216,Otxarkoaga-Txurdinaga,86,91,2
2024-03-26,19,N4254043797,Deusto,86,86,1
2024-03-26,19,W96337695,Abando,78,113,4
2024-03-26,19,N5056421870,Deusto,76,76,2
2024-03-26,19,N5056088727,Ibaiondo,61,218,3
2024-03-26,19,N1271964866,Abando,51,163,5
2024-03-26,19,N5056183351,Errekalde,51,88,2
2024-03-26,19,N9607455457,Errekalde,46,65,3
2024-03-26,19,W48045715,Uribarri,39,268,4
2024-03-26,19,N5056184623,Errekalde,29,119,4
2024-03-26,19,W28776478,Abando,28,172,6
2024-03-26,19,W397099000,Ibaiondo,28,28,4
2024-03-26,19,W163196945,Basurtu-Zorrotza,27,27,3
2024-03-26,19,W185205681,Deusto,20,35,3
2024-03-26,19,N4060532217,Otxarkoaga-Txurdinaga,18,98,3
2024-03-26,19,W290069950,Deusto,18,46,4
2024-03-26,19,W41415573,Errekalde,17,17,5
2024-03-26,19,W163195554,Basurtu-Zorrotza,16,67,4
2024-03-26,19,N518227646,Abando,16,65,7
2024-03-26,19,W111740255,Errekalde,14,115,6
2024-03-26,19,W171882527,Abando,14,31,8
2024-03-26,19,W185205688,Deusto,12,59,5
2024-03-26,19,W375390416,Ibaiondo,11,58,5
2024-03-26,19,N9607363904,Uribarri,10,88,5
2024-03-26,19,N4731925117,Abando,10,80,9
2024-03-26,19,N5301954699,Basurtu-Zorrotza,10,10,5
2024-03-26,19,W162445376,Uribarri,10,10,6
2024-03-26,19,N4508853267,Uribarri,8,192,7
2024-03-26,19,W305622069,Begona,7,28,3
2024-03-26,19,W420558992,Ibaiondo,6,197,6
2024-03-26,19,W485363913,Ibaiondo,2,179,7
2024-03-26,19,N5056437799,Deusto,2,53,6
2024-03-26,19,N4060532220,Otxarkoaga-Txurdinaga,1,67,4
2024-03-26,19,W376396126,Ibaiondo,1,7,8
2024-03-26,20,N4060532227,Uribarri,299,299,1
2024-03-26,20,W108497734,Ibaiondo,265,265,1
2024-03-26,20,N3207631929,Abando,198,212,1
2024-03-26,20,N5056353256,Uribarri,168,168,2
2024-03-26,20,N5056328910,Begona,152,152,1
2024-03-26,20,N5056379164,Abando,146,146,2
2024-03-26,20,N5056356248,Uribarri,114,264,3
2024-03-26,20,N11229807742,Basurtu-Zorrotza,113,113,1
2024-03-26,20,N11229801356,Ibaiondo,111,111,2
2024-03-26,20,W164512079,Otxarkoaga-Txurdinaga,108,108,1
2024-03-26,20,N5056200430,Basurtu-Zorrotza,103,103,2
2024-03-26,20,W301165234,Errekalde,94,94,1
2024-03-26,20,N9607391207,Begona,90,99,2
2024-03-26,20,N4762096882,Abando,89,94,3
2024-03-26,20,N4060532216,Otxarkoaga-Txurdinaga,86,91,2
2024-03-26,20,N4254043797,Deusto,86,86,1
2024-03-26,20,W96337695,Abando,78,113,4
2024-03-26,20,N5056421870,Deusto,76,76,2
2024-03-26,20,N1271964866,Abando,51,163,5
2024-03-26,20,N5056183351,Errekalde,51,88,2
2024-03-26,20,N9607455457,Errekalde,46,65,3
2024-03-26,20,N5056088727,Ibaiondo,41,218,3
2024-03-26,20,W48045715,Uribarri,39,268,4
2024-03-26,20,W420558992,Ibaiondo,30,197,4
2024-03-26,20,N5056184623,Errekalde,29,119,4
2024-03-26,20,W397099000,Ibaiondo,28,28,5
2024-03-26,20,W185205681,Deusto,20,35,3
2024-03-26,20,W28776478,Abando,18,172,6
2024-03-26,20,N4060532217,Otxarkoaga-Txurdinaga,18,98,3
2024-03-26,20,W290069950,Deusto,18,46,4
2024-03-26,20,W41415573,Errekalde,17,17,5
2024-03-26,20,W163195554,Basurtu-Zorrotza,16,67,3
2024-03-26,20,W171882527,Abando,15,31,7
2024-03-26,20,W111740255,Errekalde,14,115,6
2024-03-26,20,W185205688,Deusto,12,59,5
2024-03-26,20,W375390416,Ibaiondo,11,58,6
2024-03-26,20,N9607363904,Uribarri,10,88,5
2024-03-26,20,N4731925117,Abando,10,80,8
2024-03-26,20,N5301954699,Basurtu-Zorrotza,10,10,4
2024-03-26,20,W162445376,Uribarri,10,10,6
2024-03-26,20,N4508853267,Uribarri,8,192,7
2024-03-26,20,W305622069,Begona,7,28,3
2024-03-26,20,N5056437799,Deusto,2,53,6
2024-03-26,20,N4060532220,Otxarkoaga-Txurdinaga,1,67,4
2024-03-26,20,W376396126,Ibaiondo,1,7,7
2024-03-26,21,N4060532227,Uribarri,299,299,1
2024-03-26,21,N5056088727,Ibaiondo,218,218,1
2024-03-26,21,W44016098,Abando,192,192,1
2024-03-26,21,N5056353256,Uribarri,168,168,2
2024-03-26,21,N5056328910,Begona,152,152,1
2024-03-26,21,N5056379164,Abando,146,146,2
2024-03-26,21,N11229807742,Basurtu-Zorrotza,113,113,1
2024-03-26,21,W164512079,Otxarkoaga-Txurdinaga,108,108,1
2024-03-26,21,N5056200430,Basurtu-Zorrotza,103,103,2
2024-03-26,21,N4508853267,Uribarri,97,192,3
2024-03-26,21,W301165234,Errekalde,94,94,1
2024-03-26,21,W485363913,Ibaiondo,91,179,2
2024-03-26,21,W96337695,Abando,90,113,3
2024-03-26,21,N9607391207,Begona,90,99,2
2024-03-26,21,N5056183351,Errekalde,88,88,2
2024-03-26,21,N4060532216,Otxarkoaga-Txurdinaga,86,91,2
2024-03-26,21,N4731925117,Abando,77,80,4
2024-03-26,21,N5056421870,Deusto,76,76,1
2024-03-26,21,W185205688,Deusto,59,59,2
2024-03-26,21,N9607455457,Errekalde,46,65,3
2024-03-26,21,N11229801356,Ibaiondo,41,111,3
2024-03-26,21,W48045715,Uribarri,39,268,4
2024-03-26,21,W420558992,Ibaiondo,36,197,4
2024-03-26,21,W185205681,Deusto,32,35,3
2024-03-26,21,W163195554,Basurtu-Zorrotza,30,67,3
2024-03-26,21,W397099000,Ibaiondo,28,28,5
2024-03-26,21,W111740255,Errekalde,27,115,4
2024-03-26,21,W171882527,Abando,20,31,5
2024-03-26,21,N4060532217,Otxarkoaga-Txurdinaga,18,98,3
2024-03-26,21,W290069950,Deusto,18,46,4
2024-03-26,21,W41415573,Errekalde,17,17,5
2024-03-26,21,W375390416,Ibaiondo,11,58,6
2024-03-26,21,N9607363904,Uribarri,10,88,5
2024-03-26,21,N5301954699,Basurtu-Zorrotza,10,10,4
2024-03-26,21,W162445376,Uribarri,10,10,6
2024-03-26,21,W305622069,Begona,7,28,3
2024-03-26,21,W28776478,Abando,2,172,6
2024-03-26,21,N4060532220,Otxarkoaga-Txurdinaga,1,67,4
2024-03-26,21,W376396126,Ibaiondo,1,7,7
2024-03-26,22,N4060532227,Uribarri,299,299,1
2024-03-26,22,W485363913,Ibaiondo,179,179,1
2024-03-26,22,N5056353256,Uribarri,168,168,2
2024-03-26,22,W28776478,Abando,152,172,1
2024-03-26,22,N5056379164,Abando,146,146,2
2024-03-26,22,W164512079,Otxarkoaga-Txurdinaga,108,108,1
2024-03-26,22,N4508853267,Uribarri,95,192,3
2024-03-26,22,N4060532216,Otxarkoaga-Txurdinaga,88,91,2
2024-03-26,22,W151883539,Basurtu-Zorrotza,75,75,1
2024-03-26,22,W290069950,Deusto,46,46,1
2024-03-26,22,W111740255,Errekalde,39,115,1
2024-03-26,22,W171882527,Abando,31,31,3
2024-03-26,22,W163195554,Basurtu-Zorrotza,30,67,2
2024-03-26,22,W397099000,Ibaiondo,28,28,2
2024-03-26,22,N4060532217,Otxarkoaga-Txurdinaga,18,98,3
2024-03-26,22,N5301954699,Basurtu-Zorrotza,10,10,3
2024-03-26,22,W162445376,Uribarri,10,10,4
2024-03-26,22,W123440604,Uribarri,9,100,5
2024-03-26,22,W44113519,Abando,3,150,4
2024-03-26,22,N4060532220,Otxarkoaga-Txurdinaga,1,67,4
2024-03-26,23,N4060532227,Uribarri,299,299,1
2024-03-26,23,W485363913,Ibaiondo,179,179,1
2024-03-26,23,N5056353256,Uribarri,168,168,2
2024-03-26,23,W28776478,Abando,152,172,1
2024-03-26,23,N5056379164,Abando,146,146,2
2024-03-26,23,N4060532217,Otxarkoaga-Txurdinaga,98,98,1
2024-03-26,23,N4508853267,Uribarri,95,192,3
2024-03-26,23,N4060532216,Otxarkoaga-Txurdinaga,91,91,2
2024-03-26,23,W111740255,Errekalde,39,115,1
2024-03-26,23,W171882527,Abando,31,31,3
2024-03-26,23,W163195554,Basurtu-Zorrotza,30,67,1
2024-03-26,23,N4060532220,Otxarkoaga-Txurdinaga,21,67,3
2024-03-26,23,N5301954699,Basurtu-Zorrotza,10,10,2
2024-03-26,23,W44113519,Abando,3,150,4
2024-03-27,5,N4060532227,Uribarri,299,299,1
2024-03-27,5,W485363913,Ibaiondo,179,179,1
2024-03-27,5,N5056353256,Uribarri,168,168,2
2024-03-27,5,W28776478,Abando,152,172,1
2024-03-27,5,N4060532217,Otxarkoaga-Txurdinaga,98,98,1
2024-03-27,5,N4508853267,Uribarri,95,192,3
2024-03-27,5,N4060532216,Otxarkoaga-Txurdinaga,91,91,2
2024-03-27,5,W163195554,Basurtu-Zorrotza,67,67,1
2024-03-27,5,N4060532220,Otxarkoaga-Txurdinaga,21,67,3
2024-03-27,6,N4060532227,Uribarri,299,299,1
2024-03-27,6,W485363913,Ibaiondo,179,179,1
2024-03-27,6,N5056353256,Uribarri,168,168,2
2024-03-27,6,W28776478,Abando,152,172,1
2024-03-27,6,N5056379164,Abando,146,146,2
2024-03-27,6,N4060532217,Otxarkoaga-Txurdinaga,98,98,1
2024-03-27,6,N4508853267,Uribarri,95,192,3
2024-03-27,6,N4060532216,Otxarkoaga-Txurdinaga,91,91,2
2024-03-27,6,W111740255,Errekalde,39,115,1
2024-03-27,6,W163195554,Basurtu-Zorrotza,30,67,1
2024-03-27,6,N4060532220,Otxarkoaga-Txurdinaga,21,67,3
2024-03-27,6,N5301954699,Basurtu-Zorrotza,10,10,2
2024-03-27,6,W44113519,Abando,3,150,3
2024-03-27,7,N4060532227,Uribarri,299,299,1
2024-03-27,7,W485363913,Ibaiondo,179,179,1
2024-03-27,7,N5056353256,Uribarri,168,168,2
2024-03-27,7,W28776478,Abando,152,172,1
2024-03-27,7,N5056379164,Abando,146,146,2
2024-03-27,7,N4060532217,Otxarkoaga-Txurdinaga,98,98,1
2024-03-27,7,N4508853267,Uribarri,95,192,3
2024-03-27,7,N4060532216,Otxarkoaga-Txurdinaga,91,91,2
2024-03-27,7,W111740255,Errekalde,39,115,1
2024-03-27,7,W163195554,Basurtu-Zorrotza,30,67,1
2024-03-27,7,N4060532220,Otxarkoaga-Txurdinaga,21,67,3
2024-03-27,7,N5301954699,Basurtu-Zorrotza,10,10,2
2024-03-27,7,W44113519,Abando,3,150,3
2024-03-27,8,N4060532227,Uribarri,299,299,1
2024-03-27,8,W485363913,Ibaiondo,179,179,1
2024-03-27,8,N5056353256,Uribarri,168,168,2
2024-03-27,8,W28776478,Abando,152,172,1
2024-03-27,8,N5056379164,Abando,146,146,2
2024-03-27,8,N5056356248,Uribarri,114,264,3
2024-03-27,8,W164510985,Otxarkoaga-Txurdinaga,100,100,1
2024-03-27,8,N4060532216,Otxarkoaga-Txurdinaga,91,91,2
2024-03-27,8,N4254043797,Deusto,86,86,1
2024-03-27,8,N5056184623,Errekalde,77,119,1
2024-03-27,8,W151883539,Basurtu-Zorrotza,75,75,1
2024-03-27,8,W41688628,Abando,57,98,3
2024-03-27,8,W290069950,Deusto,46,46,2
2024-03-27,8,N5056355015,Uribarri,39,268,4
2024-03-27,8,W163195554,Basurtu-Zorrotza,30,67,2
2024-03-27,8,W397099000,Ibaiondo,28,28,2
2024-03-27,8,W111740255,Errekalde,26,115,2
2024-03-27,8,W305622069,Begona,26,28,1
2024-03-27,8,N4060532220,Otxarkoaga-Txurdinaga,19,67,3
2024-03-27,8,W41415573,Errekalde,17,17,3
2024-03-27,8,W185205688,Deusto,13,59,3
2024-03-27,8,N5301954699,Basurtu-Zorrotza,10,10,3
2024-03-27,8,W162445376,Uribarri,10,10,5
2024-03-27,8,W123440604,Uribarri,9,100,6
2024-03-27,8,W376396126,Ibaiondo,7,7,3
2024-03-27,8,N4508853267,Uribarri,6,192,7
2024-03-27,8,W44113519,Abando,3,150,4
2024-03-27,8,N5056437799,Deusto,3,53,4
2024-03-27,8,N4060532217,Otxarkoaga-Txurdinaga,1,98,4
2024-03-27,9,N4060532227,Uribarri,299,299,1
2024-03-27,9,W108497734,Ibaiondo,265,265,1
2024-03-27,9,W108504682,Abando,182,182,1
2024-03-27,9,N5056353256,Uribarri,168,168,2
2024-03-27,9,N5056328910,Begona,152,152,1
2024-03-27,9,N5056379164,Abando,146,146,2
2024-03-27,9,N5056356248,Uribarri,114,264,3
2024-03-27,9,N11229807742,Basurtu-Zorrotza,113,113,1
2024-03-27,9,N11229801356,Ibaiondo,111,111,2
2024-03-27,9,W164512079,Otxarkoaga-Txurdinaga,108,108,1
2024-03-27,9,N4761972760,Abando,97,98,3
2024-03-27,9,N9607391207,Begona,90,99,2
2024-03-27,9,N4060532216,Otxarkoaga-Txurdinaga,86,91,2
2024-03-27,9,N4254043797,Deusto,86,86,1
2024-03-27,9,N5056184623,Errekalde,77,119,1
2024-03-27,9,N5056421870,Deusto,76,76,2
2024-03-27,9,N9607455457,Errekalde,64,65,2
2024-03-27,9,N4731925117,Abando,62,80,4
2024-03-27,9,N5056183351,Errekalde,51,88,3
2024-03-27,9,N5056088727,Ibaiondo,41,218,3
2024-03-27,9,N5056355015,Uribarri,39,268,4
2024-03-27,9,W110895854,Abando,36,216,5
2024-03-27,9,N10308519810,Deusto,36,48,3
2024-03-27,9,W420558992,Ibaiondo,30,197,4
2024-03-27,9,W397099000,Ibaiondo,28,28,5
2024-03-27,9,W185205681,Deusto,20,35,4
2024-03-27,9,N4060532217,Otxarkoaga-Txurdinaga,18,98,3
2024-03-27,9,W163195554,Basurtu-Zorrotza,17,67,2
2024-03-27,9,W41415573,Errekalde,17,17,4
2024-03-27,9,W96337695,Abando,15,113,6
2024-03-27,9,W111740255,Errekalde,14,115,5
2024-03-27,9,W185205688,Deusto,12,59,5
2024-03-27,9,W375390416,Ibaiondo,11,58,6
2024-03-27,9,N9607363904,Uribarri,10,88,5
2024-03-27,9,N5301954699,Basurtu-Zorrotza,10,10,3
2024-03-27,9,W162445376,Uribarri,10,10,6
2024-03-27,9,W248634544,Uribarri,8,149,7
2024-03-27,9,W305622069,Begona,7,28,3
2024-03-27,9,N5056437799,Deusto,3,53,6
2024-03-27,9,W28776478,Abando,1,172,7
2024-03-27,9,N4060532220,Otxarkoaga-Txurdinaga,1,67,4
2024-03-27,9,W290069950,Deusto,1,46,7
2024-03-27,9,W376396126,Ibaiondo,1,7,7
2024-03-27,10,N4060532227,Uribarri,299,299,1
2024-03-27,10,W41525574,Ibaiondo,271,271,1
2024-03-27,10,W44016098,Abando,192,192,1
2024-03-27,10,N5056353256,Uribarri,168,168,2
2024-03-27,10,N5056379164,Abando,146,146,2
2024-03-27,10,N5056328910,Begona,130,152,1
2024-03-27,10,W404432093,Ibaiondo,119,192,2
2024-03-27,10,N5056356248,Uribarri,114,264,3
2024-03-27,10,N11229807742,Basurtu-Zorrotza,113,113,1
2024-03-27,10,N1271964866,Abando,111,163,3
2024-03-27,10,W164512079,Otxarkoaga-Txurdinaga,108,108,1
2024-03-27,10,N9607391207,Begona,90,99,2
2024-03-27,10,N4761972760,Abando,89,98,4
2024-03-27,10,N5056183351,Errekalde,88,88,1
2024-03-27,10,N4060532216,Otxarkoaga-Txurdinaga,86,91,2
2024-03-27,10,N4254043797,Deusto,86,86,1
2024-03-27,10,N5056184623,Errekalde,77,119,2
2024-03-27,10,N5056421870,Deusto,76,76,2
2024-03-27,10,N9607455457,Errekalde,64,65,3
2024-03-27,10,N5056355015,Uribarri,39,268,4
2024-03-27,10,N10308519810,Deusto,36,48,3
2024-03-27,10,W397099000,Ibaiondo,28,28,3
2024-03-27,10,W96337695,Abando,22,113,5
2024-03-27,10,W185205681,Deusto,20,35,4
2024-03-27,10,N4060532217,Otxarkoaga-Txurdinaga,18,98,3
2024-03-27,10,W163195554,Basurtu-Zorrotza,17,67,2
2024-03-27,10,W41415573,Errekalde,17,17,4
2024-03-27,10,W248634544,Uribarri,15,149,5
2024-03-27,10,W111740255,Errekalde,14,115,5
2024-03-27,10,N11229801356,Ibaiondo,14,111,4
2024-03-27,10,W28211432,Abando,13,103,6
2024-03-27,10,W185205688,Deusto,12,59,5
2024-03-27,10,W375390416,Ibaiondo,12,58,5
2024-03-27,10,N9607363904,Uribarri,10,88,6
2024-03-27,10,N5301954699,Basurtu-Zorrotza,10,10,3
2024-03-27,10,W162445376,Uribarri,10,10,7
2024-03-27,10,N4731925117,Abando,7,80,7
2024-03-27,10,W305622069,Begona,7,28,3
2024-03-27,10,W420558992,Ibaiondo,6,197,6
2024-03-27,10,N5056437799,Deusto,3,53,6
2024-03-27,10,N5056088727,Ibaiondo,2,218,7
2024-03-27,10,W28776478,Abando,2,172,8
2024-03-27,10,N4060532220,Otxarkoaga-Txurdinaga,1,67,4
2024-03-27,10,W290069950,Deusto,1,46,7
2024-03-27,10,W376396126,Ibaiondo,1,7,8
2024-03-27,11,N4060532227,Uribarri,299,299,1
2024-03-27,11,W41525574,Ibaiondo,271,271,1
2024-03-27,11,N3207631929,Abando,212,212,1
2024-03-27,11,N5056353256,Uribarri,168,168,2
2024-03-27,11,N5056379164,Abando,146,146,2
2024-03-27,11,N5056328910,Begona,130,152,1
2024-03-27,11,W404432093,Ibaiondo,119,192,2
2024-03-27,11,N5056356248,Uribarri,114,264,3
2024-03-27,11,N11229807742,Basurtu-Zorrotza,113,113,1
2024-03-27,11,W164512079,Otxarkoaga-Txurdinaga,108,108,1
2024-03-27,11,N4761972760,Abando,97,98,3
2024-03-27,11,N9607391207,Begona,90,99,2
2024-03-27,11,N5056183351,Errekalde,88,88,1
2024-03-27,11,N4060532216,Otxarkoaga-Txurdinaga,86,91,2
2024-03-27,11,N4254043797,Deusto,86,86,1
2024-03-27,11,W96337695,Abando,81,113,4
2024-03-27,11,N5056421870,Deusto,76,76,2
2024-03-27,11,N9607455457,Errekalde,64,65,2
2024-03-27,11,W28211432,Abando,52,103,5
2024-03-27,11,W48045715,Uribarri,39,268,4
2024-03-27,11,W248634544,Uribarri,37,149,5
2024-03-27,11,N10308519810,Deusto,36,48,3
2024-03-27,11,N5056184623,Errekalde,29,119,3
2024-03-27,11,W397099000,Ibaiondo,28,28,3
2024-03-27,11,W163196945,Basurtu-Zorrotza,27,27,2
2024-03-27,11,W185205681,Deusto,20,35,4
2024-03-27,11,N4060532217,Otxarkoaga-Txurdinaga,18,98,3
2024-03-27,11,W163195554,Basurtu-Zorrotza,17,67,3
2024-03-27,11,W41415573,Errekalde,17,17,4
2024-03-27,11,W111740255,Errekalde,14,115,5
2024-03-27,11,N11229801356,Ibaiondo,14,111,4
2024-03-27,11,N4731925117,Abando,14,80,6
2024-03-27,11,W185205688,Deusto,12,59,5
2024-03-27,11,W375390416,Ibaiondo,12,58,5
2024-03-27,11,N518227646,Abando,11,65,7
2024-03-27,11,N9607363904,Uribarri,10,88,6
2024-03-27,11,N5301954699,Basurtu-Zorrotza,10,10,4
2024-03-27,11,W162445376,Uribarri,10,10,7
2024-03-27,11,W305622069,Begona,7,28,3
2024-03-27,11,W420558992,Ibaiondo,6,197,6
2024-03-27,11,W28776478,Abando,6,172,8
2024-03-27,11,N5056437799,Deusto,3,53,6
2024-03-27,11,N5056088727,Ibaiondo,2,218,7
2024-03-27,11,N4762096882,Abando,1,94,9
2024-03-27,11,N4060532220,Otxarkoaga-Txurdinaga,1,67,4
2024-03-27,11,W290069950,Deusto,1,46,7
2024-03-27,11,W376396126,Ibaiondo,1,7,8
2024-03-27,12,N4060532227,Uribarri,299,299,1
2024-03-27,12,W41525574,Ibaiondo,271,271,1
2024-03-27,12,N3207631929,Abando,212,212,1
2024-03-27,12,N5056353256,Uribarri,168,168,2
2024-03-27,12,N5056379164,Abando,146,146,2
2024-03-27,12,N5056328910,Begona,130,152,1
2024-03-27,12,W404432093,Ibaiondo,119,192,2
2024-03-27,12,N5056356248,Uribarri,114,264,3
2024-03-27,12,N11229807742,Basurtu-Zorrotza,113,113,1
2024-03-27,12,W164512079,Otxarkoaga-Txurdinaga,108,108,1
2024-03-27,12,N4761972760,Abando,97,98,3
2024-03-27,12,N9607391207,Begona,90,99,2
2024-03-27,12,N5056183351,Errekalde,88,88,1
2024-03-27,12,N4060532216,Otxarkoaga-Txurdinaga,86,91,2
2024-03-27,12,N4254043797,Deusto,86,86,1
2024-03-27,12,W96337695,Abando,81,113,4
2024-03-27,12,N5056421870,Deusto,76,76,2
2024-03-27,12,N9607455457,Errekalde,64,65,2
2024-03-27,12,W28211432,Abando,52,103,5
2024-03-27,12,W48045715,Uribarri,39,268,4
2024-03-27,12,W248634544,Uribarri,37,149,5
2024-03-27,12,N10308519810,Deusto,36,48,3
2024-03-27,12,N5056184623,Errekalde,29,119,3
2024-03-27,12,W397099000,Ibaiondo,28,28,3
2024-03-27,12,W163196945,Basurtu-Zorrotza,27,27,2
2024-03-27,12,W185205681,Deusto,20,35,4
2024-03-27,12,N4060532217,Otxarkoaga-Txurdinaga,18,98,3
2024-03-27,12,W163195554,Basurtu-Zorrotza,17,67,3
2024-03-27,12,W41415573,Errekalde,17,17,4
2024-03-27,12,W111740255,Errekalde,14,115,5
2024-03-27,12,N11229801356,Ibaiondo,14,111,4
2024-03-27,12,N4731925117,Abando,14,80,6
2024-03-27,12,W185205688,Deusto,12,59,5
2024-03-27,12,W375390416,Ibaiondo,12,58,5
2024-03-27,12,N518227646,Abando,11,65,7
2024-03-27,12,N9607363904,Uribarri,10,88,6
2024-03-27,12,N5301954699,Basurtu-Zorrotza,10,10,4
2024-03-27,12,W162445376,Uribarri,10,10,7
2024-03-27,12,W305622069,Begona,7,28,3
2024-03-27,12,W420558992,Ibaiondo,6,197,6
2024-03-27,12,W28776478,Abando,6,172,8
2024-03-27,12,N5056437799,Deusto,3,53,6
2024-03-27,12,N5056088727,Ibaiondo,2,218,7
2024-03-27,12,N4762096882,Abando,1,94,9
2024-03-27,12,N4060532220,Otxarkoaga-Txurdinaga,1,67,4
2024-03-27,12,W290069950,Deusto,1,46,7
2024-03-27,12,W376396126,Ibaiondo,1,7,8
2024-03-27,13,N4060532227,Uribarri,299,299,1
2024-03-27,13,W108497734,Ibaiondo,265,265,1
2024-03-27,13,N3207631929,Abando,198,212,1
2024-03-27,13,N5056353256,Uribarri,168,168,2
2024-03-27,13,N5056328910,Begona,152,152,1
2024-03-27,13,N5056379164,Abando,146,146,2
2024-03-27,13,N5056356248,Uribarri,114,264,3
2024-03-27,13,N11229807742,Basurtu-Zorrotza,113,113,1
2024-03-27,13,N11229801356,Ibaiondo,111,111,2
2024-03-27,13,W164512079,Otxarkoaga-Txurdinaga,108,108,1
2024-03-27,13,N4761972760,Abando,97,98,3
2024-03-27,13,N9607391207,Begona,90,99,2
2024-03-27,13,N4060532216,Otxarkoaga-Txurdinaga,86,91,2
2024-03-27,13,N4254043797,Deusto,86,86,1
2024-03-27,13,W96337695,Abando,81,113,4
2024-03-27,13,N5056421870,Deusto,76,76,2
2024-03-27,13,N9607455457,Errekalde,64,65,1
2024-03-27,13,W28211432,Abando,52,103,5
2024-03-27,13,N5056183351,Errekalde,51,88,2
2024-03-27,13,N5056088727,Ibaiondo,41,218,3
2024-03-27,13,N5056355015,Uribarri,39,268,4
2024-03-27,13,N10308519810,Deusto,36,48,3
2024-03-27,13,W420558992,Ibaiondo,30,197,4
2024-03-27,13,N5056184623,Errekalde,29,119,3
2024-03-27,13,W397099000,Ibaiondo,28,28,5
2024-03-27,13,W163196945,Basurtu-Zorrotza,27,27,2
2024-03-27,13,W248634544,Uribarri,26,149,5
2024-03-27,13,W185205681,Deusto,20,35,4
2024-03-27,13,N4060532217,Otxarkoaga-Txurdinaga,18,98,3
2024-03-27,13,W163195554,Basurtu-Zorrotza,17,67,3
2024-03-27,13,W41415573,Errekalde,17,17,4
2024-03-27,13,W111740255,Errekalde,14,115,5
2024-03-27,13,N4731925117,Abando,14,80,6
2024-03-27,13,W185205688,Deusto,12,59,5
2024-03-27,13,N518227646,Abando,11,65,7
2024-03-27,13,W375390416,Ibaiondo,11,58,6
2024-03-27,13,N9607363904,Uribarri,10,88,6
2024-03-27,13,N5301954699,Basurtu-Zorrotza,10,10,4
2024-03-27,13,W162445376,Uribarri,10,10,7
2024-03-27,13,W305622069,Begona,7,28,3
2024-03-27,13,W28776478,Abando,5,172,8
2024-03-27,13,N5056437799,Deusto,3,53,6
2024-03-27,13,W404432093,Ibaiondo,1,192,7
2024-03-27,13,N4762096882,Abando,1,94,9
2024-03-27,13,N4060532220,Otxarkoaga-Txurdinaga,1,67,4
2024-03-27,13,W290069950,Deusto,1,46,7
2024-03-27,13,W376396126,Ibaiondo,1,7,8
2024-03-27,14,N4060532227,Uribarri,299,299,1
2024-03-27,14,W108497734,Ibaiondo,265,265,1
2024-03-27,14,N3207631929,Abando,198,212,1
2024-03-27,14,N5056353256,Uribarri,168,168,2
2024-03-27,14,N5056328910,Begona,152,152,1
2024-03-27,14,N5056379164,Abando,146,146,2
2024-03-27,14,N5056356248,Uribarri,114,264,3
2024-03-27,14,N11229807742,Basurtu-Zorrotza,113,113,1
2024-03-27,14,N11229801356,Ibaiondo,111,111,2
2024-03-27,14,W164512079,Otxarkoaga-Txurdinaga,108,108,1
2024-03-27,14,N4761972760,Abando,97,98,3
2024-03-27,14,N9607391207,Begona,90,99,2
2024-03-27,14,N4060532216,Otxarkoaga-Txurdinaga,86,91,2
2024-03-27,14,N4254043797,Deusto,86,86,1
2024-03-27,14,W96337695,Abando,81,113,4
2024-03-27,14,N5056421870,Deusto,76,76,2
2024-03-27,14,N9607455457,Errekalde,64,65,1
2024-03-27,14,W28211432,Abando,52,103,5
2024-03-27,14,N5056183351,Errekalde,51,88,2
2024-03-27,14,N5056088727,Ibaiondo,41,218,3
2024-03-27,14,W48045715,Uribarri,39,268,4
2024-03-27,14,N10308519810,Deusto,36,48,3
2024-03-27,14,W420558992,Ibaiondo,30,197,4
2024-03-27,14,N5056184623,Errekalde,29,119,3
2024-03-27,14,W397099000,Ibaiondo,28,28,5
2024-03-27,14,W248634544,Uribarri,26,149,5
2024-03-27,14,W185205681,Deusto,20,35,4
2024-03-27,14,N4060532217,Otxarkoaga-Txurdinaga,18,98,3
2024-03-27,14,W163195554,Basurtu-Zorrotza,17,67,2
2024-03-27,14,W41415573,Errekalde,17,17,4
2024-03-27,14,W111740255,Errekalde,14,115,5
2024-03-27,14,N4731925117,Abando,14,80,6
2024-03-27,14,W185205688,Deusto,12,59,5
2024-03-27,14,N518227646,Abando,11,65,7
2024-03-27,14,W375390416,Ibaiondo,11,58,6
2024-03-27,14,N9607363904,Uribarri,10,88,6
2024-03-27,14,N5301954699,Basurtu-Zorrotza,10,10,3
2024-03-27,14,W162445376,Uribarri,10,10,7
2024-03-27,14,W305622069,Begona,7,28,3
2024-03-27,14,W28776478,Abando,5,172,8
2024-03-27,14,N5056437799,Deusto,3,53,6
2024-03-27,14,W404432093,Ibaiondo,1,192,7
2024-03-27,14,N4762096882,Abando,1,94,9
2024-03-27,14,N4060532220,Otxarkoaga-Txurdinaga,1,67,4
2024-03-27,14,W290069950,Deusto,1,46,7
2024-03-27,14,W376396126,Ibaiondo,1,7,8
2024-03-27,15,N4060532227,Uribarri,299,299,1
2024-03-27,15,W108497734,Ibaiondo,265,265,1
2024-03-27,15,W108504682,Abando,182,182,1
2024-03-27,15,N5056353256,Uribarri,168,168,2
2024-03-27,15,N5056328910,Begona,152,152,1
2024-03-27,15,N5056379164,Abando,146,146,2
2024-03-27,15,N11229807742,Basurtu-Zorrotza,113,113,1
2024-03-27,15,N11229801356,Ibaiondo,111,111,2
2024-03-27,15,W164512079,Otxarkoaga-Txurdinaga,108,108,1
2024-03-27,15,N4508853267,Uribarri,97,192,3
2024-03-27,15,N4761972760,Abando,97,98,3
2024-03-27,15,N9607391207,Begona,90,99,2
2024-03-27,15,N4060532216,Otxarkoaga-Txurdinaga,86,91,2
2024-03-27,15,N5056421870,Deusto,76,76,1
2024-03-27,15,W96337695,Abando,66,113,4
2024-03-27,15,N9607455457,Errekalde,64,65,1
2024-03-27,15,N4731925117,Abando,59,80,5
2024-03-27,15,W185205688,Deusto,58,59,2
2024-03-27,15,N5056183351,Errekalde,51,88,2
2024-03-27,15,N5056088727,Ibaiondo,41,218,3
2024-03-27,15,W48045715,Uribarri,39,268,4
2024-03-27,15,W110895854,Abando,36,216,6
2024-03-27,15,W185205681,Deusto,32,35,3
2024-03-27,15,W420558992,Ibaiondo,30,197,4
2024-03-27,15,W397099000,Ibaiondo,28,28,5
2024-03-27,15,W111740255,Errekalde,27,115,3
2024-03-27,15,W28211432,Abando,23,103,7
2024-03-27,15,N4060532217,Otxarkoaga-Txurdinaga,18,98,3
2024-03-27,15,W290069950,Deusto,18,46,4
2024-03-27,15,W163195554,Basurtu-Zorrotza,17,67,2
2024-03-27,15,W41415573,Errekalde,17,17,4
2024-03-27,15,N518227646,Abando,11,65,8
2024-03-27,15,W375390416,Ibaiondo,11,58,6
2024-03-27,15,N9607363904,Uribarri,10,88,5
2024-03-27,15,N5301954699,Basurtu-Zorrotza,10,10,3
2024-03-27,15,W162445376,Uribarri,10,10,6
2024-03-27,15,W305622069,Begona,7,28,3
2024-03-27,15,W404432093,Ibaiondo,1,192,7
2024-03-27,15,W44016098,Abando,1,192,9
2024-03-27,15,W28776478,Abando,1,172,10
2024-03-27,15,N4060532220,Otxarkoaga-Txurdinaga,1,67,4
2024-03-27,15,W171882527,Abando,1,31,11
2024-03-27,15,W376396126,Ibaiondo,1,7,8
2024-03-27,16,N4060532227,Uribarri,299,299,1
2024-03-27,16,W108497734,Ibaiondo,265,265,1
2024-03-27,16,N3207631929,Abando,198,212,1
2024-03-27,16,N5056353256,Uribarri,168,168,2
2024-03-27,16,N5056328910,Begona,152,152,1
2024-03-27,16,N5056379164,Abando,146,146,2
2024-03-27,16,N11229807742,Basurtu-Zorrotza,113,113,1
2024-03-27,16,N11229801356,Ibaiondo,111,111,2
2024-03-27,16,W164512079,Otxarkoaga-Txurdinaga,108,108,1
2024-03-27,16,N5056200430,Basurtu-Zorrotza,103,103,2
2024-03-27,16,N4508853267,Uribarri,97,192,3
2024-03-27,16,N4761972760,Abando,97,98,3
2024-03-27,16,W301165234,Errekalde,94,94,1
2024-03-27,16,N9607391207,Begona,90,99,2
2024-03-27,16,N4060532216,Otxarkoaga-Txurdinaga,86,91,2
2024-03-27,16,W96337695,Abando,81,113,4
2024-03-27,16,N5056421870,Deusto,76,76,1
2024-03-27,16,W185205688,Deusto,58,59,2
2024-03-27,16,W28211432,Abando,52,103,5
2024-03-27,16,N5056183351,Errekalde,51,88,2
2024-03-27,16,N9607455457,Errekalde,46,65,3
2024-03-27,16,N5056088727,Ibaiondo,41,218,3
2024-03-27,16,W48045715,Uribarri,39,268,4
2024-03-27,16,W185205681,Deusto,32,35,3
2024-03-27,16,W420558992,Ibaiondo,30,197,4
2024-03-27,16,W397099000,Ibaiondo,28,28,5
2024-03-27,16,W111740255,Errekalde,27,115,4
2024-03-27,16,W110895854,Abando,19,216,6
2024-03-27,16,N4060532217,Otxarkoaga-Txurdinaga,18,98,3
2024-03-27,16,W290069950,Deusto,18,46,4
2024-03-27,16,W163195554,Basurtu-Zorrotza,17,67,3
2024-03-27,16,W41415573,Errekalde,17,17,5
2024-03-27,16,N4731925117,Abando,14,80,7
2024-03-27,16,N518227646,Abando,11,65,8
2024-03-27,16,W375390416,Ibaiondo,11,58,6
2024-03-27,16,N9607363904,Uribarri,10,88,5
2024-03-27,16,N5301954699,Basurtu-Zorrotza,10,10,4
2024-03-27,16,W162445376,Uribarri,10,10,6
2024-03-27,16,W305622069,Begona,7,28,3
2024-03-27,16,W28776478,Abando,4,172,9
2024-03-27,16,W404432093,Ibaiondo,1,192,7
2024-03-27,16,N4060532220,Otxarkoaga-Txurdinaga,1,67,4
2024-03-27,16,W171882527,Abando,1,31,10
2024-03-27,16,W376396126,Ibaiondo,1,7,8
2024-03-27,17,N4060532227,Uribarri,299,299,1
2024-03-27,17,W108497734,Ibaiondo,265,265,1
2024-03-27,17,N3207631929,Abando,198,212,1
2024-03-27,17,N5056353256,Uribarri,168,168,2
2024-03-27,17,N5056328910,Begona,152,152,1
2024-03-27,17,N5056379164,Abando,146,146,2
2024-03-27,17,N5056356248,Uribarri,114,264,3
2024-03-27,17,N11229807742,Basurtu-Zorrotza,113,113,1
2024-03-27,17,N11229801356,Ibaiondo,111,111,2
2024-03-27,17,W164512079,Otxarkoaga-Txurdinaga,108,108,1
2024-03-27,17,N5056200430,Basurtu-Zorrotza,103,103,2
2024-03-27,17,W301165234,Errekalde,94,94,1
2024-03-27,17,W28211432,Abando,93,103,3
2024-03-27,17,N9607391207,Begona,90,99,2
2024-03-27,17,N4060532216,Otxarkoaga-Txurdinaga,86,91,2
2024-03-27,17,N4254043797,Deusto,86,86,1
2024-03-27,17,N5056184623,Errekalde,77,119,2
2024-03-27,17,N5056421870,Deusto,76,76,2
2024-03-27,17,N518227646,Abando,56,65,4
2024-03-27,17,N5056183351,Errekalde,51,88,3
2024-03-27,17,N9607455457,Errekalde,46,65,4
2024-03-27,17,N5056088727,Ibaiondo,41,218,3
2024-03-27,17,N5056355015,Uribarri,39,268,4
2024-03-27,17,W420558992,Ibaiondo,30,197,4
2024-03-27,17,W397099000,Ibaiondo,28,28,5
2024-03-27,17,W163195554,Basurtu-Zorrotza,25,67,3
2024-03-27,17,W96337695,Abando,21,113,5
2024-03-27,17,W185205681,Deusto,20,35,3
2024-03-27,17,W110895854,Abando,19,216,6
2024-03-27,17,N4060532217,Otxarkoaga-Txurdinaga,18,98,3
2024-03-27,17,W290069950,Deusto,18,46,4
2024-03-27,17,W41415573,Errekalde,17,17,5
2024-03-27,17,W111740255,Errekalde,14,115,6
2024-03-27,17,N4731925117,Abando,14,80,7
2024-03-27,17,W185205688,Deusto,12,59,5
2024-03-27,17,W375390416,Ibaiondo,11,58,6
2024-03-27,17,N9607363904,Uribarri,10,88,5
2024-03-27,17,N5301954699,Basurtu-Zorrotza,10,10,4
2024-03-27,17,W162445376,Uribarri,10,10,6
2024-03-27,17,N4508853267,Uribarri,8,192,7
2024-03-27,17,W305622069,Begona,7,28,3
2024-03-27,17,W28776478,Abando,4,172,8
2024-03-27,17,W404432093,Ibaiondo,1,192,7
2024-03-27,17,N4060532220,Otxarkoaga-Txurdinaga,1,67,4
2024-03-27,17,W171882527,Abando,1,31,9
2024-03-27,17,W376396126,Ibaiondo,1,7,8
2024-03-27,18,N4060532227,Uribarri,299,299,1
2024-03-27,18,W41525574,Ibaiondo,271,271,1
2024-03-27,18,N3207631929,Abando,212,212,1
2024-03-27,18,N5056353256,Uribarri,168,168,2
2024-03-27,18,N5056379164,Abando,146,146,2
2024-03-27,18,N5056328910,Begona,130,152,1
2024-03-27,18,W404432093,Ibaiondo,119,192,2
2024-03-27,18,N5056356248,Uribarri,114,264,3
2024-03-27,18,N11229807742,Basurtu-Zorrotza,113,113,1
2024-03-27,18,W164512079,Otxarkoaga-Txurdinaga,108,108,1
2024-03-27,18,N5056200430,Basurtu-Zorrotza,103,103,2
2024-03-27,18,W301165234,Errekalde,94,94,1
2024-03-27,18,W28211432,Abando,93,103,3
2024-03-27,18,N9607391207,Begona,90,99,2
2024-03-27,18,N5056183351,Errekalde,88,88,2
2024-03-27,18,N4060532216,Otxarkoaga-Txurdinaga,86,91,2
2024-03-27,18,N4254043797,Deusto,86,86,1
2024-03-27,18,N5056184623,Errekalde,77,119,3
2024-03-27,18,N5056421870,Deusto,76,76,2
2024-03-27,18,N4762096882,Abando,68,94,4
2024-03-27,18,N9607455457,Errekalde,46,65,4
2024-03-27,18,W48045715,Uribarri,39,268,4
2024-03-27,18,W28776478,Abando,28,172,5
2024-03-27,18,W397099000,Ibaiondo,28,28,3
2024-03-27,18,W163196945,Basurtu-Zorrotza,27,27,3
2024-03-27,18,W185205681,Deusto,20,35,3
2024-03-27,18,W96337695,Abando,19,113,6
2024-03-27,18,N4060532217,Otxarkoaga-Txurdinaga,18,98,3
2024-03-27,18,W290069950,Deusto,18,46,4
2024-03-27,18,W41415573,Errekalde,17,17,5
2024-03-27,18,W163195554,Basurtu-Zorrotza,16,67,4
2024-03-27,18,N518227646,Abando,15,65,7
2024-03-27,18,W111740255,Errekalde,14,115,6
2024-03-27,18,N11229801356,Ibaiondo,14,111,4
2024-03-27,18,N4731925117,Abando,14,80,8
2024-03-27,18,W185205688,Deusto,12,59,5
2024-03-27,18,W375390416,Ibaiondo,12,58,5
2024-03-27,18,N9607363904,Uribarri,10,88,5
2024-03-27,18,N5301954699,Basurtu-Zorrotza,10,10,5
2024-03-27,18,W162445376,Uribarri,10,10,6
2024-03-27,18,N4508853267,Uribarri,8,192,7
2024-03-27,18,W305622069,Begona,7,28,3
2024-03-27,18,W420558992,Ibaiondo,6,197,6
2024-03-27,18,W108497734,Ibaiondo,2,265,7
2024-03-27,18,N5056088727,Ibaiondo,2,218,8
2024-03-27,18,N4060532220,Otxarkoaga-Txurdinaga,1,67,4
2024-03-27,18,W171882527,Abando,1,31,9
2024-03-27,18,W376396126,Ibaiondo,1,7,9
2024-03-27,19,N4060532227,Uribarri,299,299,1
2024-03-27,19,W41525574,Ibaiondo,271,271,1
2024-03-27,19,N3207631929,Abando,212,212,1
2024-03-27,19,N5056353256,Uribarri,168,168,2
2024-03-27,19,N5056379164,Abando,146,146,2
2024-03-27,19,N5056328910,Begona,130,152,1
2024-03-27,19,W404432093,Ibaiondo,119,192,2
2024-03-27,19,N5056356248,Uribarri,114,264,3
2024-03-27,19,N11229807742,Basurtu-Zorrotza,113,113,1
2024-03-27,19,W164512079,Otxarkoaga-Txurdinaga,108,108,1
2024-03-27,19,N5056200430,Basurtu-Zorrotza,103,103,2
2024-03-27,19,W301165234,Errekalde,94,94,1
2024-03-27,19,W28211432,Abando,93,103,3
2024-03-27,19,N9607391207,Begona,90,99,2
2024-03-27,19,N5056183351,Errekalde,88,88,2
2024-03-27,19,N4060532216,Otxarkoaga-Txurdinaga,86,91,2
2024-03-27,19,N4254043797,Deusto,86,86,1
2024-03-27,19,N5056184623,Errekalde,77,119,3
2024-03-27,19,N5056421870,Deusto,76,76,2
2024-03-27,19,N4762096882,Abando,68,94,4
2024-03-27,19,N9607455457,Errekalde,46,65,4
2024-03-27,19,W48045715,Uribarri,39,268,4
2024-03-27,19,W28776478,Abando,28,172,5
2024-03-27,19,W397099000,Ibaiondo,28,28,3
2024-03-27,19,W163196945,Basurtu-Zorrotza,27,27,3
2024-03-27,19,W185205681,Deusto,20,35,3
2024-03-27,19,W96337695,Abando,19,113,6
2024-03-27,19,N4060532217,Otxarkoaga-Txurdinaga,18,98,3
2024-03-27,19,W290069950,Deusto,18,46,4
2024-03-27,19,W41415573,Errekalde,17,17,5
2024-03-27,19,W163195554,Basurtu-Zorrotza,16,67,4
2024-03-27,19,N518227646,Abando,15,65,7
2024-03-27,19,W111740255,Errekalde,14,115,6
2024-03-27,19,N11229801356,Ibaiondo,14,111,4
2024-03-27,19,N4731925117,Abando,14,80,8
2024-03-27,19,W185205688,Deusto,12,59,5
2024-03-27,19,W375390416,Ibaiondo,12,58,5
2024-03-27,19,N9607363904,Uribarri,10,88,5
2024-03-27,19,N5301954699,Basurtu-Zorrotza,10,10,5
2024-03-27,19,W162445376,Uribarri,10,10,6
2024-03-27,19,N4508853267,Uribarri,8,192,7
2024-03-27,19,W305622069,Begona,7,28,3
2024-03-27,19,W420558992,Ibaiondo,6,197,6
2024-03-27,19,W108497734,Ibaiondo,2,265,7
2024-03-27,19,N5056088727,Ibaiondo,2,218,8
2024-03-27,19,N4060532220,Otxarkoaga-Txurdinaga,1,67,4
2024-03-27,19,W171882527,Abando,1,31,9
2024-03-27,19,W376396126,Ibaiondo,1,7,9
2024-03-27,20,N4060532227,Uribarri,299,299,1
2024-03-27,20,W108497734,Ibaiondo,265,265,1
2024-03-27,20,N3207631929,Abando,198,212,1
2024-03-27,20,N5056353256,Uribarri,168,168,2
2024-03-27,20,N5056328910,Begona,152,152,1
2024-03-27,20,N5056379164,Abando,146,146,2
2024-03-27,20,N5056356248,Uribarri,114,264,3
2024-03-27,20,N11229807742,Basurtu-Zorrotza,113,113,1
2024-03-27,20,N11229801356,Ibaiondo,111,111,2
2024-03-27,20,W164512079,Otxarkoaga-Txurdinaga,108,108,1
2024-03-27,20,N5056200430,Basurtu-Zorrotza,103,103,2
2024-03-27,20,W301165234,Errekalde,94,94,1
2024-03-27,20,W28211432,Abando,93,103,3
2024-03-27,20,N9607391207,Begona,90,99,2
2024-03-27,20,N4060532216,Otxarkoaga-Txurdinaga,86,91,2
2024-03-27,20,N4254043797,Deusto,86,86,1
2024-03-27,20,N5056184623,Errekalde,77,119,2
2024-03-27,20,N5056421870,Deusto,76,76,2
2024-03-27,20,N4762096882,Abando,68,94,4
2024-03-27,20,N5056183351,Errekalde,51,88,3
2024-03-27,20,N9607455457,Errekalde,46,65,4
2024-03-27,20,N5056088727,Ibaiondo,41,218,3
2024-03-27,20,N5056355015,Uribarri,39,268,4
2024-03-27,20,W420558992,Ibaiondo,30,197,4
2024-03-27,20,W397099000,Ibaiondo,28,28,5
2024-03-27,20,W185205681,Deusto,20,35,3
2024-03-27,20,W96337695,Abando,19,113,5
2024-03-27,20,W28776478,Abando,18,172,6
2024-03-27,20,N4060532217,Otxarkoaga-Txurdinaga,18,98,3
2024-03-27,20,W290069950,Deusto,18,46,4
2024-03-27,20,W41415573,Errekalde,17,17,5
2024-03-27,20,W163195554,Basurtu-Zorrotza,16,67,3
2024-03-27,20,W111740255,Errekalde,14,115,6
2024-03-27,20,N4731925117,Abando,14,80,7
2024-03-27,20,W185205688,Deusto,12,59,5
2024-03-27,20,W375390416,Ibaiondo,11,58,6
2024-03-27,20,N9607363904,Uribarri,10,88,5
2024-03-27,20,N5301954699,Basurtu-Zorrotza,10,10,4
2024-03-27,20,W162445376,Uribarri,10,10,6
2024-03-27,20,N4508853267,Uribarri,8,192,7
2024-03-27,20,W305622069,Begona,7,28,3
2024-03-27,20,W404432093,Ibaiondo,1,192,7
2024-03-27,20,N4060532220,Otxarkoaga-Txurdinaga,1,67,4
2024-03-27,20,W171882527,Abando,1,31,8
2024-03-27,20,W376396126,Ibaiondo,1,7,8
2024-03-27,21,N4060532227,Uribarri,299,299,1
2024-03-27,21,N5056088727,Ibaiondo,218,218,1
2024-03-27,21,W44016098,Abando,192,192,1
2024-03-27,21,N5056353256,Uribarri,168,168,2
2024-03-27,21,N5056328910,Begona,152,152,1
2024-03-27,21,N5056379164,Abando,146,146,2
2024-03-27,21,N11229807742,Basurtu-Zorrotza,113,113,1
2024-03-27,21,W164512079,Otxarkoaga-Txurdinaga,108,108,1
2024-03-27,21,N5056200430,Basurtu-Zorrotza,103,103,2
2024-03-27,21,N4508853267,Uribarri,97,192,3
2024-03-27,21,W301165234,Errekalde,94,94,1
2024-03-27,21,W485363913,Ibaiondo,91,179,2
2024-03-27,21,W96337695,Abando,90,113,3
2024-03-27,21,N9607391207,Begona,90,99,2
2024-03-27,21,N5056183351,Errekalde,88,88,2
2024-03-27,21,N4060532216,Otxarkoaga-Txurdinaga,86,91,2
2024-03-27,21,N4731925117,Abando,77,80,4
2024-03-27,21,N5056421870,Deusto,76,76,1
2024-03-27,21,W185205688,Deusto,59,59,2
2024-03-27,21,N9607455457,Errekalde,46,65,3
2024-03-27,21,N11229801356,Ibaiondo,41,111,3
2024-03-27,21,W48045715,Uribarri,39,268,4
2024-03-27,21,W420558992,Ibaiondo,36,197,4
2024-03-27,21,W185205681,Deusto,32,35,3
2024-03-27,21,W163195554,Basurtu-Zorrotza,30,67,3
2024-03-27,21,W397099000,Ibaiondo,28,28,5
2024-03-27,21,W111740255,Errekalde,27,115,4
2024-03-27,21,W171882527,Abando,20,31,5
2024-03-27,21,N4060532217,Otxarkoaga-Txurdinaga,18,98,3
2024-03-27,21,W290069950,Deusto,18,46,4
2024-03-27,21,W41415573,Errekalde,17,17,5
2024-03-27,21,W375390416,Ibaiondo,11,58,6
2024-03-27,21,N9607363904,Uribarri,10,88,5
2024-03-27,21,N5301954699,Basurtu-Zorrotza,10,10,4
2024-03-27,21,W162445376,Uribarri,10,10,6
2024-03-27,21,W305622069,Begona,7,28,3
2024-03-27,21,W28776478,Abando,2,172,6
2024-03-27,21,N4060532220,Otxarkoaga-Txurdinaga,1,67,4
2024-03-27,21,W376396126,Ibaiondo,1,7,7
2024-03-27,22,N4060532227,Uribarri,299,299,1
2024-03-27,22,W485363913,Ibaiondo,179,179,1
2024-03-27,22,N5056353256,Uribarri,168,168,2
2024-03-27,22,W28776478,Abando,152,172,1
2024-03-27,22,N5056379164,Abando,146,146,2
2024-03-27,22,W164512079,Otxarkoaga-Txurdinaga,108,108,1
2024-03-27,22,N4508853267,Uribarri,95,192,3
2024-03-27,22,N4060532216,Otxarkoaga-Txurdinaga,88,91,2
2024-03-27,22,W151883539,Basurtu-Zorrotza,75,75,1
2024-03-27,22,W290069950,Deusto,46,46,1
2024-03-27,22,W111740255,Errekalde,39,115,1
2024-03-27,22,W171882527,Abando,31,31,3
2024-03-27,22,W163195554,Basurtu-Zorrotza,30,67,2
2024-03-27,22,W397099000,Ibaiondo,28,28,2
2024-03-27,22,N4060532217,Otxarkoaga-Txurdinaga,18,98,3
2024-03-27,22,N5301954699,Basurtu-Zorrotza,10,10,3
2024-03-27,22,W162445376,Uribarri,10,10,4
2024-03-27,22,W123440604,Uribarri,9,100,5
2024-03-27,22,W44113519,Abando,3,150,4
2024-03-27,22,N4060532220,Otxarkoaga-Txurdinaga,1,67,4
2024-03-27,23,N4060532227,Uribarri,299,299,1
2024-03-27,23,W485363913,Ibaiondo,179,179,1
2024-03-27,23,N5056353256,Uribarri,168,168,2
2024-03-27,23,W28776478,Abando,152,172,1
2024-03-27,23,N5056379164,Abando,146,146,2
2024-03-27,23,N4060532217,Otxarkoaga-Txurdinaga,98,98,1
2024-03-27,23,N4508853267,Uribarri,95,192,3
2024-03-27,23,N4060532216,Otxarkoaga-Txurdinaga,91,91,2
2024-03-27,23,W111740255,Errekalde,39,115,1
2024-03-27,23,W171882527,Abando,31,31,3
2024-03-27,23,W163195554,Basurtu-Zorrotza,30,67,1
2024-03-27,23,N4060532220,Otxarkoaga-Txurdinaga,21,67,3
2024-03-27,23,N5301954699,Basurtu-Zorrotza,10,10,2
2024-03-27,23,W44113519,Abando,3,150,4
2024-03-28,5,N4060532227,Uribarri,299,299,1
2024-03-28,5,W485363913,Ibaiondo,179,179,1
2024-03-28,5,N5056353256,Uribarri,168,168,2
2024-03-28,5,W28776478,Abando,152,172,1
2024-03-28,5,N4060532217,Otxarkoaga-Txurdinaga,98,98,1
2024-03-28,5,N4508853267,Uribarri,95,192,3
2024-03-28,5,N4060532216,Otxarkoaga-Txurdinaga,91,91,2
2024-03-28,5,W163195554,Basurtu-Zorrotza,67,67,1
2024-03-28,5,N4060532220,Otxarkoaga-Txurdinaga,21,67,3
2024-03-28,6,N4060532227,Uribarri,299,299,1
2024-03-28,6,W485363913,Ibaiondo,179,179,1
2024-03-28,6,N5056353256,Uribarri,168,168,2
2024-03-28,6,W28776478,Abando,152,172,1
2024-03-28,6,N5056379164,Abando,146,146,2
2024-03-28,6,N4060532217,Otxarkoaga-Txurdinaga,98,98,1
2024-03-28,6,N4508853267,Uribarri,95,192,3
2024-03-28,6,N4060532216,Otxarkoaga-Txurdinaga,91,91,2
2024-03-28,6,W111740255,Errekalde,39,115,1
2024-03-28,6,W163195554,Basurtu-Zorrotza,30,67,1
2024-03-28,6,N4060532220,Otxarkoaga-Txurdinaga,21,67,3
2024-03-28,6,N5301954699,Basurtu-Zorrotza,10,10,2
2024-03-28,6,W44113519,Abando,3,150,3
2024-03-28,7,N4060532227,Uribarri,299,299,1
2024-03-28,7,W485363913,Ibaiondo,179,179,1
2024-03-28,7,N5056353256,Uribarri,168,168,2
2024-03-28,7,W28776478,Abando,152,172,1
2024-03-28,7,N5056379164,Abando,146,146,2
2024-03-28,7,N4060532217,Otxarkoaga-Txurdinaga,98,98,1
2024-03-28,7,N4508853267,Uribarri,95,192,3
2024-03-28,7,N4060532216,Otxarkoaga-Txurdinaga,91,91,2
2024-03-28,7,W111740255,Errekalde,39,115,1
2024-03-28,7,W163195554,Basurtu-Zorrotza,30,67,1
2024-03-28,7,N4060532220,Otxarkoaga-Txurdinaga,21,67,3
2024-03-28,7,N5301954699,Basurtu-Zorrotza,10,10,2
2024-03-28,7,W44113519,Abando,3,150,3
2024-03-28,8,N4060532227,Uribarri,299,299,1
2024-03-28,8,W485363913,Ibaiondo,179,179,1
2024-03-28,8,N5056353256,Uribarri,168,168,2
2024-03-28,8,W28776478,Abando,152,172,1
2024-03-28,8,N5056379164,Abando,146,146,2
2024-03-28,8,N5056356248,Uribarri,114,264,3
2024-03-28,8,W164510985,Otxarkoaga-Txurdinaga,100,100,1
2024-03-28,8,N4060532216,Otxarkoaga-Txurdinaga,91,91,2
2024-03-28,8,N4254043797,Deusto,86,86,1
2024-03-28,8,N5056184623,Errekalde,77,119,1
2024-03-28,8,W151883539,Basurtu-Zorrotza,75,75,1
2024-03-28,8,W41688628,Abando,57,98,3
2024-03-28,8,W290069950,Deusto,46,46,2
2024-03-28,8,N5056355015,Uribarri,39,268,4
2024-03-28,8,W163195554,Basurtu-Zorrotza,30,67,2
2024-03-28,8,W397099000,Ibaiondo,28,28,2
2024-03-28,8,W111740255,Errekalde,26,115,2
2024-03-28,8,W305622069,Begona,26,28,1
2024-03-28,8,N4060532220,Otxarkoaga-Txurdinaga,19,67,3
2024-03-28,8,W41415573,Errekalde,17,17,3
2024-03-28,8,W185205688,Deusto,13,59,3
2024-03-28,8,N5301954699,Basurtu-Zorrotza,10,10,3
2024-03-28,8,W162445376,Uribarri,10,10,5
2024-03-28,8,W123440604,Uribarri,9,100,6
2024-03-28,8,W376396126,Ibaiondo,7,7,3
2024-03-28,8,N4508853267,Uribarri,6,192,7
2024-03-28,8,W44113519,Abando,3,150,4
2024-03-28,8,N5056437799,Deusto,3,53,4
2024-03-28,8,N4060532217,Otxarkoaga-Txurdinaga,1,98,4
2024-03-28,9,N4060532227,Uribarri,299,299,1
2024-03-28,9,W108497734,Ibaiondo,265,265,1
2024-03-28,9,W108504682,Abando,182,182,1
2024-03-28,9,N5056353256,Uribarri,168,168,2
2024-03-28,9,N5056328910,Begona,152,152,1
2024-03-28,9,N5056379164,Abando,146,146,2
2024-03-28,9,N5056356248,Uribarri,114,264,3
2024-03-28,9,N11229807742,Basurtu-Zorrotza,113,113,1
2024-03-28,9,N11229801356,Ibaiondo,111,111,2
2024-03-28,9,W164512079,Otxarkoaga-Txurdinaga,108,108,1
2024-03-28,9,N4761972760,Abando,97,98,3
2024-03-28,9,N9607391207,Begona,90,99,2
2024-03-28,9,N4060532216,Otxarkoaga-Txurdinaga,86,91,2
2024-03-28,9,N4254043797,Deusto,86,86,1
2024-03-28,9,N5056184623,Errekalde,77,119,1
2024-03-28,9,N5056421870,Deusto,76,76,2
2024-03-28,9,N9607455457,Errekalde,64,65,2
2024-03-28,9,N4731925117,Abando,62,80,4
2024-03-28,9,N5056183351,Errekalde,51,88,3
2024-03-28,9,N5056088727,Ibaiondo,41,218,3
2024-03-28,9,N5056355015,Uribarri,39,268,4
2024-03-28,9,W110895854,Abando,36,216,5
2024-03-28,9,N10308519810,Deusto,36,48,3
2024-03-28,9,W420558992,Ibaiondo,30,197,4
2024-03-28,9,W397099000,Ibaiondo,28,28,5
2024-03-28,9,W185205681,Deusto,20,35,4
2024-03-28,9,N4060532217,Otxarkoaga-Txurdinaga,18,98,3
2024-03-28,9,W163195554,Basurtu-Zorrotza,17,67,2
2024-03-28,9,W41415573,Errekalde,17,17,4
2024-03-28,9,W96337695,Abando,15,113,6
2024-03-28,9,W111740255,Errekalde,14,115,5
2024-03-28,9,W185205688,Deusto,12,59,5
2024-03-28,9,W375390416,Ibaiondo,11,58,6
2024-03-28,9,N9607363904,Uribarri,10,88,5
2024-03-28,9,N5301954699,Basurtu-Zorrotza,10,10,3
2024-03-28,9,W162445376,Uribarri,10,10,6
2024-03-28,9,W248634544,Uribarri,8,149,7
2024-03-28,9,W305622069,Begona,7,28,3
2024-03-28,9,N5056437799,Deusto,3,53,6
2024-03-28,9,W28776478,Abando,1,172,7
2024-03-28,9,N4060532220,Otxarkoaga-Txurdinaga,1,67,4
2024-03-28,9,W290069950,Deusto,1,46,7
2024-03-28,9,W376396126,Ibaiondo,1,7,7
2024-03-28,10,N4060532227,Uribarri,299,299,1
2024-03-28,10,W41525574,Ibaiondo,271,271,1
2024-03-28,10,W44016098,Abando,192,192,1
2024-03-28,10,N5056353256,Uribarri,168,168,2
2024-03-28,10,N5056379164,Abando,146,146,2
2024-03-28,10,N5056328910,Begona,130,152,1
2024-03-28,10,W404432093,Ibaiondo,119,192,2
2024-03-28,10,N5056356248,Uribarri,114,264,3
2024-03-28,10,N11229807742,Basurtu-Zorrotza,113,113,1
2024-03-28,10,N1271964866,Abando,111,163,3
2024-03-28,10,W164512079,Otxarkoaga-Txurdinaga,108,108,1
2024-03-28,10,N9607391207,Begona,90,99,2
2024-03-28,10,N4761972760,Abando,89,98,4
2024-03-28,10,N5056183351,Errekalde,88,88,1
2024-03-28,10,N4060532216,Otxarkoaga-Txurdinaga,86,91,2
2024-03-28,10,N4254043797,Deusto,86,86,1
2024-03-28,10,N5056184623,Errekalde,77,119,2
2024-03-28,10,N5056421870,Deusto,76,76,2
2024-03-28,10,N9607455457,Errekalde,64,65,3
2024-03-28,10,N5056355015,Uribarri,39,268,4
2024-03-28,10,N10308519810,Deusto,36,48,3
2024-03-28,10,W397099000,Ibaiondo,28,28,3
2024-03-28,10,W96337695,Abando,22,113,5
2024-03-28,10,W185205681,Deusto,20,35,4
2024-03-28,10,N4060532217,Otxarkoaga-Txurdinaga,18,98,3
2024-03-28,10,W163195554,Basurtu-Zorrotza,17,67,2
2024-03-28,10,W41415573,Errekalde,17,17,4
2024-03-28,10,W248634544,Uribarri,15,149,5
2024-03-28,10,W111740255,Errekalde,14,115,5
2024-03-28,10,N11229801356,Ibaiondo,14,111,4
2024-03-28,10,W28211432,Abando,13,103,6
2024-03-28,10,W185205688,Deusto,12,59,5
2024-03-28,10,W375390416,Ibaiondo,12,58,5
2024-03-28,10,N9607363904,Uribarri,10,88,6
2024-03-28,10,N5301954699,Basurtu-Zorrotza,10,10,3
2024-03-28,10,W162445376,Uribarri,10,10,7
2024-03-28,10,N4731925117,Abando,7,80,7
2024-03-28,10,W305622069,Begona,7,28,3
2024-03-28,10,W420558992,Ibaiondo,6,197,6
2024-03-28,10,N5056437799,Deusto,3,53,6
2024-03-28,10,N5056088727,Ibaiondo,2,218,7
2024-03-28,10,W28776478,Abando,2,172,8
2024-03-28,10,N4060532220,Otxarkoaga-Txurdinaga,1,67,4
2024-03-28,10,W290069950,Deusto,1,46,7
2024-03-28,10,W376396126,Ibaiondo,1,7,8
2024-03-28,11,N4060532227,Uribarri,299,299,1
2024-03-28,11,W41525574,Ibaiondo,271,271,1
2024-03-28,11,N3207631929,Abando,212,212,1
2024-03-28,11,N5056353256,Uribarri,168,168,2
2024-03-28,11,N5056379164,Abando,146,146,2
2024-03-28,11,N5056328910,Begona,130,152,1
2024-03-28,11,W404432093,Ibaiondo,119,192,2
2024-03-28,11,N5056356248,Uribarri,114,264,3
2024-03-28,11,N11229807742,Basurtu-Zorrotza,113,113,1
2024-03-28,11,W164512079,Otxarkoaga-Txurdinaga,108,108,1
2024-03-28,11,N4761972760,Abando,97,98,3
2024-03-28,11,N9607391207,Begona,90,99,2
2024-03-28,11,N5056183351,Errekalde,88,88,1
2024-03-28,11,N4060532216,Otxarkoaga-Txurdinaga,86,91,2
2024-03-28,11,N4254043797,Deusto,86,86,1
2024-03-28,11,W96337695,Abando,81,113,4
2024-03-28,11,N5056421870,Deusto,76,76,2
2024-03-28,11,N9607455457,Errekalde,64,65,2
2024-03-28,11,W28211432,Abando,52,103,5
2024-03-28,11,W48045715,Uribarri,39,268,4
2024-03-28,11,W248634544,Uribarri,37,149,5
2024-03-28,11,N10308519810,Deusto,36,48,3
2024-03-28,11,N5056184623,Errekalde,29,119,3
2024-03-28,11,W397099000,Ibaiondo,28,28,3
2024-03-28,11,W163196945,Basurtu-Zorrotza,27,27,2
2024-03-28,11,W185205681,Deusto,20,35,4
2024-03-28,11,N4060532217,Otxarkoaga-Txurdinaga,18,98,3
2024-03-28,11,W163195554,Basurtu-Zorrotza,17,67,3
2024-03-28,11,W41415573,Errekalde,17,17,4
2024-03-28,11,W111740255,Errekalde,14,115,5
2024-03-28,11,N11229801356,Ibaiondo,14,111,4
2024-03-28,11,N4731925117,Abando,14,80,6
2024-03-28,11,W185205688,Deusto,12,59,5
2024-03-28,11,W375390416,Ibaiondo,12,58,5
2024-03-28,11,N518227646,Abando,11,65,7
2024-03-28,11,N9607363904,Uribarri,10,88,6
2024-03-28,11,N5301954699,Basurtu-Zorrotza,10,10,4
2024-03-28,11,W162445376,Uribarri,10,10,7
2024-03-28,11,W305622069,Begona,7,28,3
2024-03-28,11,W420558992,Ibaiondo,6,197,6
2024-03-28,11,W28776478,Abando,6,172,8
2024-03-28,11,N5056437799,Deusto,3,53,6
2024-03-28,11,N5056088727,Ibaiondo,2,218,7
2024-03-28,11,N4762096882,Abando,1,94,9
2024-03-28,11,N4060532220,Otxarkoaga-Txurdinaga,1,67,4
2024-03-28,11,W290069950,Deusto,1,46,7
2024-03-28,11,W376396126,Ibaiondo,1,7,8
2024-03-28,12,N4060532227,Uribarri,299,299,1
2024-03-28,12,W41525574,Ibaiondo,271,271,1
2024-03-28,12,N3207631929,Abando,212,212,1
2024-03-28,12,N5056353256,Uribarri,168,168,2
2024-03-28,12,N5056379164,Abando,146,146,2
2024-03-28,12,N5056328910,Begona,130,152,1
2024-03-28,12,W404432093,Ibaiondo,119,192,2
2024-03-28,12,N5056356248,Uribarri,114,264,3
2024-03-28,12,N11229807742,Basurtu-Zorrotza,113,113,1
2024-03-28,12,W164512079,Otxarkoaga-Txurdinaga,108,108,1
2024-03-28,12,N4761972760,Abando,97,98,3
2024-03-28,12,N9607391207,Begona,90,99,2
2024-03-28,12,N5056183351,Errekalde,88,88,1
2024-03-28,12,N4060532216,Otxarkoaga-Txurdinaga,86,91,2
2024-03-28,12,N4254043797,Deusto,86,86,1
2024-03-28,12,W96337695,Abando,81,113,4
2024-03-28,12,N5056421870,Deusto,76,76,2
2024-03-28,12,N9607455457,Errekalde,64,65,2
2024-03-28,12,W28211432,Abando,52,103,5
2024-03-28,12,W48045715,Uribarri,39,268,4
2024-03-28,12,W248634544,Uribarri,37,149,5
2024-03-28,12,N10308519810,Deusto,36,48,3
2024-03-28,12,N5056184623,Errekalde,29,119,3
2024-03-28,12,W397099000,Ibaiondo,28,28,3
2024-03-28,12,W163196945,Basurtu-Zorrotza,27,27,2
2024-03-28,12,W185205681,Deusto,20,35,4
2024-03-28,12,N4060532217,Otxarkoaga-Txurdinaga,18,98,3
2024-03-28,12,W163195554,Basurtu-Zorrotza,17,67,3
2024-03-28,12,W41415573,Errekalde,17,17,4
2024-03-28,12,W111740255,Errekalde,14,115,5
2024-03-28,12,N11229801356,Ibaiondo,14,111,4
2024-03-28,12,N4731925117,Abando,14,80,6
2024-03-28,12,W185205688,Deusto,12,59,5
2024-03-28,12,W375390416,Ibaiondo,12,58,5
2024-03-28,12,N518227646,Abando,11,65,7
2024-03-28,12,N9607363904,Uribarri,10,88,6
2024-03-28,12,N5301954699,Basurtu-Zorrotza,10,10,4
2024-03-28,12,W162445376,Uribarri,10,10,7
2024-03-28,12,W305622069,Begona,7,28,3
2024-03-28,12,W420558992,Ibaiondo,6,197,6
2024-03-28,12,W28776478,Abando,6,172,8
2024-03-28,12,N5056437799,Deusto,3,53,6
2024-03-28,12,N5056088727,Ibaiondo,2,218,7
2024-03-28,12,N4762096882,Abando,1,94,9
2024-03-28,12,N4060532220,Otxarkoaga-Txurdinaga,1,67,4
2024-03-28,12,W290069950,Deusto,1,46,7
2024-03-28,12,W376396126,Ibaiondo,1,7,8
2024-03-28,13,N4060532227,Uribarri,299,299,1
2024-03-28,13,W108497734,Ibaiondo,265,265,1
2024-03-28,13,N3207631929,Abando,198,212,1
2024-03-28,13,N5056353256,Uribarri,168,168,2
2024-03-28,13,N5056328910,Begona,152,152,1
2024-03-28,13,N5056379164,Abando,146,146,2
2024-03-28,13,N5056356248,Uribarri,114,264,3
2024-03-28,13,N11229807742,Basurtu-Zorrotza,113,113,1
2024-03-28,13,N11229801356,Ibaiondo,111,111,2
2024-03-28,13,W164512079,Otxarkoaga-Txurdinaga,108,108,1
2024-03-28,13,N4761972760,Abando,97,98,3
2024-03-28,13,N9607391207,Begona,90,99,2
2024-03-28,13,N4060532216,Otxarkoaga-Txurdinaga,86,91,2
2024-03-28,13,N4254043797,Deusto,86,86,1
2024-03-28,13,W96337695,Abando,81,113,4
2024-03-28,13,N5056421870,Deusto,76,76,2
2024-03-28,13,N9607455457,Errekalde,64,65,1
2024-03-28,13,W28211432,Abando,52,103,5
2024-03-28,13,N5056183351,Errekalde,51,88,2
2024-03-28,13,N5056088727,Ibaiondo,41,218,3
2024-03-28,13,N5056355015,Uribarri,39,268,4
2024-03-28,13,N10308519810,Deusto,36,48,3
2024-03-28,13,W420558992,Ibaiondo,30,197,4
2024-03-28,13,N5056184623,Errekalde,29,119,3
2024-03-28,13,W397099000,Ibaiondo,28,28,5
2024-03-28,13,W163196945,Basurtu-Zorrotza,27,27,2
2024-03-28,13,W248634544,Uribarri,26,149,5
2024-03-28,13,W185205681,Deusto,20,35,4
2024-03-28,13,N4060532217,Otxarkoaga-Txurdinaga,18,98,3
2024-03-28,13,W163195554,Basurtu-Zorrotza,17,67,3
2024-03-28,13,W41415573,Errekalde,17,17,4
2024-03-28,13,W111740255,Errekalde,14,115,5
2024-03-28,13,N4731925117,Abando,14,80,6
2024-03-28,13,W185205688,Deusto,12,59,5
2024-03-28,13,N518227646,Abando,11,65,7
2024-03-28,13,W375390416,Ibaiondo,11,58,6
2024-03-28,13,N9607363904,Uribarri,10,88,6
2024-03-28,13,N5301954699,Basurtu-Zorrotza,10,10,4
2024-03-28,13,W162445376,Uribarri,10,10,7
2024-03-28,13,W305622069,Begona,7,28,3
2024-03-28,13,W28776478,Abando,5,172,8
2024-03-28,13,N5056437799,Deusto,3,53,6
2024-03-28,13,W404432093,Ibaiondo,1,192,7
2024-03-28,13,N4762096882,Abando,1,94,9
2024-03-28,13,N4060532220,Otxarkoaga-Txurdinaga,1,67,4
2024-03-28,13,W290069950,Deusto,1,46,7
2024-03-28,13,W376396126,Ibaiondo,1,7,8
2024-03-28,14,N4060532227,Uribarri,299,299,1
2024-03-28,14,W108497734,Ibaiondo,265,265,1
2024-03-28,14,N3207631929,Abando,198,212,1
2024-03-28,14,N5056353256,Uribarri,168,168,2
2024-03-28,14,N5056328910,Begona,152,152,1
2024-03-28,14,N5056379164,Abando,146,146,2
2024-03-28,14,N5056356248,Uribarri,114,264,3
2024-03-28,14,N11229807742,Basurtu-Zorrotza,113,113,1
2024-03-28,14,N11229801356,Ibaiondo,111,111,2
2024-03-28,14,W164512079,Otxarkoaga-Txurdinaga,108,108,1
2024-03-28,14,N4761972760,Abando,97,98,3
2024-03-28,14,N9607391207,Begona,90,99,2
2024-03-28,14,N4060532216,Otxarkoaga-Txurdinaga,86,91,2
2024-03-28,14,N4254043797,Deusto,86,86,1
2024-03-28,14,W96337695,Abando,81,113,4
2024-03-28,14,N5056421870,Deusto,76,76,2
2024-03-28,14,N9607455457,Errekalde,64,65,1
2024-03-28,14,W28211432,Abando,52,103,5
2024-03-28,14,N5056183351,Errekalde,51,88,2
2024-03-28,14,N5056088727,Ibaiondo,41,218,3
2024-03-28,14,W48045715,Uribarri,39,268,4
2024-03-28,14,N10308519810,Deusto,36,48,3
2024-03-28,14,W420558992,Ibaiondo,30,197,4
2024-03-28,14,N5056184623,Errekalde,29,119,3
2024-03-28,14,W397099000,Ibaiondo,28,28,5
2024-03-28,14,W248634544,Uribarri,26,149,5
2024-03-28,14,W185205681,Deusto,20,35,4
2024-03-28,14,N4060532217,Otxarkoaga-Txurdinaga,18,98,3
2024-03-28,14,W163195554,Basurtu-Zorrotza,17,67,2
2024-03-28,14,W41415573,Errekalde,17,17,4
2024-03-28,14,W111740255,Errekalde,14,115,5
2024-03-28,14,N4731925117,Abando,14,80,6
2024-03-28,14,W185205688,Deusto,12,59,5
2024-03-28,14,N518227646,Abando,11,65,7
2024-03-28,14,W375390416,Ibaiondo,11,58,6
2024-03-28,14,N9607363904,Uribarri,10,88,6
2024-03-28,14,N5301954699,Basurtu-Zorrotza,10,10,3
2024-03-28,14,W162445376,Uribarri,10,10,7
2024-03-28,14,W305622069,Begona,7,28,3
2024-03-28,14,W28776478,Abando,5,172,8
2024-03-28,14,N5056437799,Deusto,3,53,6
2024-03-28,14,W404432093,Ibaiondo,1,192,7
2024-03-28,14,N4762096882,Abando,1,94,9
2024-03-28,14,N4060532220,Otxarkoaga-Txurdinaga,1,67,4
2024-03-28,14,W290069950,Deusto,1,46,7
2024-03-28,14,W376396126,Ibaiondo,1,7,8
2024-03-28,15,N4060532227,Uribarri,299,299,1
2024-03-28,15,W108497734,Ibaiondo,265,265,1
2024-03-28,15,W108504682,Abando,182,182,1
2024-03-28,15,N5056353256,Uribarri,168,168,2
2024-03-28,15,N5056328910,Begona,152,152,1
2024-03-28,15,N5056379164,Abando,146,146,2
2024-03-28,15,N11229807742,Basurtu-Zorrotza,113,113,1
2024-03-28,15,N11229801356,Ibaiondo,111,111,2
2024-03-28,15,W164512079,Otxarkoaga-Txurdinaga,108,108,1
2024-03-28,15,N4508853267,Uribarri,97,192,3
2024-03-28,15,N4761972760,Abando,97,98,3
2024-03-28,15,N9607391207,Begona,90,99,2
2024-03-28,15,N4060532216,Otxarkoaga-Txurdinaga,86,91,2
2024-03-28,15,N5056421870,Deusto,76,76,1
2024-03-28,15,W96337695,Abando,66,113,4
2024-03-28,15,N9607455457,Errekalde,64,65,1
2024-03-28,15,N4731925117,Abando,59,80,5
2024-03-28,15,W185205688,Deusto,58,59,2
2024-03-28,15,N5056183351,Errekalde,51,88,2
2024-03-28,15,N5056088727,Ibaiondo,41,218,3
2024-03-28,15,W48045715,Uribarri,39,268,4
2024-03-28,15,W110895854,Abando,36,216,6
2024-03-28,15,W185205681,Deusto,32,35,3
2024-03-28,15,W420558992,Ibaiondo,30,197,4
2024-03-28,15,W397099000,Ibaiondo,28,28,5
2024-03-28,15,W111740255,Errekalde,27,115,3
2024-03-28,15,W28211432,Abando,23,103,7
2024-03-28,15,N4060532217,Otxarkoaga-Txurdinaga,18,98,3
2024-03-28,15,W290069950,Deusto,18,46,4
2024-03-28,15,W163195554,Basurtu-Zorrotza,17,67,2
2024-03-28,15,W41415573,Errekalde,17,17,4
2024-03-28,15,N518227646,Abando,11,65,8
2024-03-28,15,W375390416,Ibaiondo,11,58,6
2024-03-28,15,N9607363904,Uribarri,10,88,5
2024-03-28,15,N5301954699,Basurtu-Zorrotza,10,10,3
2024-03-28,15,W162445376,Uribarri,10,10,6
2024-03-28,15,W305622069,Begona,7,28,3
2024-03-28,15,W404432093,Ibaiondo,1,192,7
2024-03-28,15,W44016098,Abando,1,192,9
2024-03-28,15,W28776478,Abando,1,172,10
2024-03-28,15,N4060532220,Otxarkoaga-Txurdinaga,1,67,4
2024-03-28,15,W171882527,Abando,1,31,11
2024-03-28,15,W376396126,Ibaiondo,1,7,8
2024-03-28,16,N4060532227,Uribarri,299,299,1
2024-03-28,16,W108497734,Ibaiondo,265,265,1
2024-03-28,16,N3207631929,Abando,198,212,1
2024-03-28,16,N5056353256,Uribarri,168,168,2
2024-03-28,16,N5056328910,Begona,152,152,1
2024-03-28,16,N5056379164,Abando,146,146,2
2024-03-28,16,N11229807742,Basurtu-Zorrotza,113,113,1
2024-03-28,16,N11229801356,Ibaiondo,111,111,2
2024-03-28,16,W164512079,Otxarkoaga-Txurdinaga,108,108,1
2024-03-28,16,N5056200430,Basurtu-Zorrotza,103,103,2
2024-03-28,16,N4508853267,Uribarri,97,192,3
2024-03-28,16,N4761972760,Abando,97,98,3
2024-03-28,16,W301165234,Errekalde,94,94,1
2024-03-28,16,N9607391207,Begona,90,99,2
2024-03-28,16,N4060532216,Otxarkoaga-Txurdinaga,86,91,2
2024-03-28,16,W96337695,Abando,81,113,4
2024-03-28,16,N5056421870,Deusto,76,76,1
2024-03-28,16,W185205688,Deusto,58,59,2
2024-03-28,16,W28211432,Abando,52,103,5
2024-03-28,16,N5056183351,Errekalde,51,88,2
2024-03-28,16,N9607455457,Errekalde,46,65,3
2024-03-28,16,N5056088727,Ibaiondo,41,218,3
2024-03-28,16,W48045715,Uribarri,39,268,4
2024-03-28,16,W185205681,Deusto,32,35,3
2024-03-28,16,W420558992,Ibaiondo,30,197,4
2024-03-28,16,W397099000,Ibaiondo,28,28,5
2024-03-28,16,W111740255,Errekalde,27,115,4
2024-03-28,16,W110895854,Abando,19,216,6
2024-03-28,16,N4060532217,Otxarkoaga-Txurdinaga,18,98,3
2024-03-28,16,W290069950,Deusto,18,46,4
2024-03-28,16,W163195554,Basurtu-Zorrotza,17,67,3
2024-03-28,16,W41415573,Errekalde,17,17,5
2024-03-28,16,N4731925117,Abando,14,80,7
2024-03-28,16,N518227646,Abando,11,65,8
2024-03-28,16,W375390416,Ibaiondo,11,58,6
2024-03-28,16,N9607363904,Uribarri,10,88,5
2024-03-28,16,N5301954699,Basurtu-Zorrotza,10,10,4
2024-03-28,16,W162445376,Uribarri,10,10,6
2024-03-28,16,W305622069,Begona,7,28,3
2024-03-28,16,W28776478,Abando,4,172,9
2024-03-28,16,W404432093,Ibaiondo,1,192,7
2024-03-28,16,N4060532220,Otxarkoaga-Txurdinaga,1,67,4
2024-03-28,16,W171882527,Abando,1,31,10
2024-03-28,16,W376396126,Ibaiondo,1,7,8
2024-03-28,17,N4060532227,Uribarri,299,299,1
2024-03-28,17,W108497734,Ibaiondo,265,265,1
2024-03-28,17,N3207631929,Abando,198,212,1
2024-03-28,17,N5056353256,Uribarri,168,168,2
2024-03-28,17,N5056328910,Begona,152,152,1
2024-03-28,17,N5056379164,Abando,146,146,2
2024-03-28,17,N5056356248,Uribarri,114,264,3
2024-03-28,17,N11229807742,Basurtu-Zorrotza,113,113,1
2024-03-28,17,N11229801356,Ibaiondo,111,111,2
2024-03-28,17,W164512079,Otxarkoaga-Txurdinaga,108,108,1
2024-03-28,17,N5056200430,Basurtu-Zorrotza,103,103,2
2024-03-28,17,W301165234,Errekalde,94,94,1
2024-03-28,17,W28211432,Abando,93,103,3
2024-03-28,17,N9607391207,Begona,90,99,2
2024-03-28,17,N4060532216,Otxarkoaga-Txurdinaga,86,91,2
2024-03-28,17,N4254043797,Deusto,86,86,1
2024-03-28,17,N5056184623,Errekalde,77,119,2
2024-03-28,17,N5056421870,Deusto,76,76,2
2024-03-28,17,N518227646,Abando,56,65,4
2024-03-28,17,N5056183351,Errekalde,51,88,3
2024-03-28,17,N9607455457,Errekalde,46,65,4
2024-03-28,17,N5056088727,Ibaiondo,41,218,3
2024-03-28,17,N5056355015,Uribarri,39,268,4
2024-03-28,17,W420558992,Ibaiondo,30,197,4
2024-03-28,17,W397099000,Ibaiondo,28,28,5
2024-03-28,17,W163195554,Basurtu-Zorrotza,25,67,3
2024-03-28,17,W96337695,Abando,21,113,5
2024-03-28,17,W185205681,Deusto,20,35,3
2024-03-28,17,W110895854,Abando,19,216,6
2024-03-28,17,N4060532217,Otxarkoaga-Txurdinaga,18,98,3
2024-03-28,17,W290069950,Deusto,18,46,4
2024-03-28,17,W41415573,Errekalde,17,17,5
2024-03-28,17,W111740255,Errekalde,14,115,6
2024-03-28,17,N4731925117,Abando,14,80,7
2024-03-28,17,W185205688,Deusto,12,59,5
2024-03-28,17,W375390416,Ibaiondo,11,58,6
2024-03-28,17,N9607363904,Uribarri,10,88,5
2024-03-28,17,N5301954699,Basurtu-Zorrotza,10,10,4
2024-03-28,17,W162445376,Uribarri,10,10,6
2024-03-28,17,N4508853267,Uribarri,8,192,7
2024-03-28,17,W305622069,Begona,7,28,3
2024-03-28,17,W28776478,Abando,4,172,8
2024-03-28,17,W404432093,Ibaiondo,1,192,7
2024-03-28,17,N4060532220,Otxarkoaga-Txurdinaga,1,67,4
2024-03-28,17,W171882527,Abando,1,31,9
2024-03-28,17,W376396126,Ibaiondo,1,7,8
2024-03-28,18,N4060532227,Uribarri,299,299,1
2024-03-28,18,W41525574,Ibaiondo,271,271,1
2024-03-28,18,N3207631929,Abando,212,212,1
2024-03-28,18,N5056353256,Uribarri,168,168,2
2024-03-28,18,N5056379164,Abando,146,146,2
2024-03-28,18,N5056328910,Begona,130,152,1
2024-03-28,18,W404432093,Ibaiondo,119,192,2
2024-03-28,18,N5056356248,Uribarri,114,264,3
2024-03-28,18,N11229807742,Basurtu-Zorrotza,113,113,1
2024-03-28,18,W164512079,Otxarkoaga-Txurdinaga,108,108,1
2024-03-28,18,N5056200430,Basurtu-Zorrotza,103,103,2
2024-03-28,18,W301165234,Errekalde,94,94,1
2024-03-28,18,W28211432,Abando,93,103,3
2024-03-28,18,N9607391207,Begona,90,99,2
2024-03-28,18,N5056183351,Errekalde,88,88,2
2024-03-28,18,N4060532216,Otxarkoaga-Txurdinaga,86,91,2
2024-03-28,18,N4254043797,Deusto,86,86,1
2024-03-28,18,N5056184623,Errekalde,77,119,3
2024-03-28,18,N5056421870,Deusto,76,76,2
2024-03-28,18,N4762096882,Abando,68,94,4
2024-03-28,18,N9607455457,Errekalde,46,65,4
2024-03-28,18,W48045715,Uribarri,39,268,4
2024-03-28,18,W28776478,Abando,28,172,5
2024-03-28,18,W397099000,Ibaiondo,28,28,3
2024-03-28,18,W163196945,Basurtu-Zorrotza,27,27,3
2024-03-28,18,W185205681,Deusto,20,35,3
2024-03-28,18,W96337695,Abando,19,113,6
2024-03-28,18,N4060532217,Otxarkoaga-Txurdinaga,18,98,3
2024-03-28,18,W290069950,Deusto,18,46,4
2024-03-28,18,W41415573,Errekalde,17,17,5
2024-03-28,18,W163195554,Basurtu-Zorrotza,16,67,4
2024-03-28,18,N518227646,Abando,15,65,7
2024-03-28,18,W111740255,Errekalde,14,115,6
2024-03-28,18,N11229801356,Ibaiondo,14,111,4
2024-03-28,18,N4731925117,Abando,14,80,8
2024-03-28,18,W185205688,Deusto,12,59,5
2024-03-28,18,W375390416,Ibaiondo,12,58,5
2024-03-28,18,N9607363904,Uribarri,10,88,5
2024-03-28,18,N5301954699,Basurtu-Zorrotza,10,10,5
2024-03-28,18,W162445376,Uribarri,10,10,6
2024-03-28,18,N4508853267,Uribarri,8,192,7
2024-03-28,18,W305622069,Begona,7,28,3
2024-03-28,18,W420558992,Ibaiondo,6,197,6
2024-03-28,18,W108497734,Ibaiondo,2,265,7
2024-03-28,18,N5056088727,Ibaiondo,2,218,8
2024-03-28,18,N4060532220,Otxarkoaga-Txurdinaga,1,67,4
2024-03-28,18,W171882527,Abando,1,31,9
2024-03-28,18,W376396126,Ibaiondo,1,7,9
2024-03-28,19,N4060532227,Uribarri,299,299,1
2024-03-28,19,W41525574,Ibaiondo,271,271,1
2024-03-28,19,N3207631929,Abando,212,212,1
2024-03-28,19,N5056353256,Uribarri,168,168,2
2024-03-28,19,N5056379164,Abando,146,146,2
2024-03-28,19,N5056328910,Begona,130,152,1
2024-03-28,19,W404432093,Ibaiondo,119,192,2
2024-03-28,19,N5056356248,Uribarri,114,264,3
2024-03-28,19,N11229807742,Basurtu-Zorrotza,113,113,1
2024-03-28,19,W164512079,Otxarkoaga-Txurdinaga,108,108,1
2024-03-28,19,N5056200430,Basurtu-Zorrotza,103,103,2
2024-03-28,19,W301165234,Errekalde,94,94,1
2024-03-28,19,W28211432,Abando,93,103,3
2024-03-28,19,N9607391207,Begona,90,99,2
2024-03-28,19,N5056183351,Errekalde,88,88,2
2024-03-28,19,N4060532216,Otxarkoaga-Txurdinaga,86,91,2
2024-03-28,19,N4254043797,Deusto,86,86,1
2024-03-28,19,N5056184623,Errekalde,77,119,3
2024-03-28,19,N5056421870,Deusto,76,76,2
2024-03-28,19,N4762096882,Abando,68,94,4
2024-03-28,19,N9607455457,Errekalde,46,65,4
2024-03-28,19,W48045715,Uribarri,39,268,4
2024-03-28,19,W28776478,Abando,28,172,5
2024-03-28,19,W397099000,Ibaiondo,28,28,3
2024-03-28,19,W163196945,Basurtu-Zorrotza,27,27,3
2024-03-28,19,W185205681,Deusto,20,35,3
2024-03-28,19,W96337695,Abando,19,113,6
2024-03-28,19,N4060532217,Otxarkoaga-Txurdinaga,18,98,3
2024-03-28,19,W290069950,Deusto,18,46,4
2024-03-28,19,W41415573,Errekalde,17,17,5
2024-03-28,19,W163195554,Basurtu-Zorrotza,16,67,4
2024-03-28,19,N518227646,Abando,15,65,7
2024-03-28,19,W111740255,Errekalde,14,115,6
2024-03-28,19,N11229801356,Ibaiondo,14,111,4
2024-03-28,19,N4731925117,Abando,14,80,8
2024-03-28,19,W185205688,Deusto,12,59,5
2024-03-28,19,W375390416,Ibaiondo,12,58,5
2024-03-28,19,N9607363904,Uribarri,10,88,5
2024-03-28,19,N5301954699,Basurtu-Zorrotza,10,10,5
2024-03-28,19,W162445376,Uribarri,10,10,6
2024-03-28,19,N4508853267,Uribarri,8,192,7
2024-03-28,19,W305622069,Begona,7,28,3
2024-03-28,19,W420558992,Ibaiondo,6,197,6
2024-03-28,19,W108497734,Ibaiondo,2,265,7
2024-03-28,19,N5056088727,Ibaiondo,2,218,8
2024-03-28,19,N4060532220,Otxarkoaga-Txurdinaga,1,67,4
2024-03-28,19,W171882527,Abando,1,31,9
2024-03-28,19,W376396126,Ibaiondo,1,7,9
2024-03-28,20,N4060532227,Uribarri,299,299,1
2024-03-28,20,W108497734,Ibaiondo,265,265,1
2024-03-28,20,N3207631929,Abando,198,212,1
2024-03-28,20,N5056353256,Uribarri,168,168,2
2024-03-28,20,N5056328910,Begona,152,152,1
2024-03-28,20,N5056379164,Abando,146,146,2
2024-03-28,20,N5056356248,Uribarri,114,264,3
2024-03-28,20,N11229807742,Basurtu-Zorrotza,113,113,1
2024-03-28,20,N11229801356,Ibaiondo,111,111,2
2024-03-28,20,W164512079,Otxarkoaga-Txurdinaga,108,108,1
2024-03-28,20,N5056200430,Basurtu-Zorrotza,103,103,2
2024-03-28,20,W301165234,Errekalde,94,94,1
2024-03-28,20,W28211432,Abando,93,103,3
2024-03-28,20,N9607391207,Begona,90,99,2
2024-03-28,20,N4060532216,Otxarkoaga-Txurdinaga,86,91,2
2024-03-28,20,N4254043797,Deusto,86,86,1
2024-03-28,20,N5056184623,Errekalde,77,119,2
2024-03-28,20,N5056421870,Deusto,76,76,2
2024-03-28,20,N4762096882,Abando,68,94,4
2024-03-28,20,N5056183351,Errekalde,51,88,3
2024-03-28,20,N9607455457,Errekalde,46,65,4
2024-03-28,20,N5056088727,Ibaiondo,41,218,3
2024-03-28,20,N5056355015,Uribarri,39,268,4
2024-03-28,20,W420558992,Ibaiondo,30,197,4
2024-03-28,20,W397099000,Ibaiondo,28,28,5
2024-03-28,20,W185205681,Deusto,20,35,3
2024-03-28,20,W96337695,Abando,19,113,5
2024-03-28,20,W28776478,Abando,18,172,6
2024-03-28,20,N4060532217,Otxarkoaga-Txurdinaga,18,98,3
2024-03-28,20,W290069950,Deusto,18,46,4
2024-03-28,20,W41415573,Errekalde,17,17,5
2024-03-28,20,W163195554,Basurtu-Zorrotza,16,67,3
2024-03-28,20,W111740255,Errekalde,14,115,6
2024-03-28,20,N4731925117,Abando,14,80,7
2024-03-28,20,W185205688,Deusto,12,59,5
2024-03-28,20,W375390416,Ibaiondo,11,58,6
2024-03-28,20,N9607363904,Uribarri,10,88,5
2024-03-28,20,N5301954699,Basurtu-Zorrotza,10,10,4
2024-03-28,20,W162445376,Uribarri,10,10,6
2024-03-28,20,N4508853267,Uribarri,8,192,7
2024-03-28,20,W305622069,Begona,7,28,3
2024-03-28,20,W404432093,Ibaiondo,1,192,7
2024-03-28,20,N4060532220,Otxarkoaga-Txurdinaga,1,67,4
2024-03-28,20,W171882527,Abando,1,31,8
2024-03-28,20,W376396126,Ibaiondo,1,7,8
2024-03-28,21,N4060532227,Uribarri,299,299,1
2024-03-28,21,N5056088727,Ibaiondo,218,218,1
2024-03-28,21,W44016098,Abando,192,192,1
2024-03-28,21,N5056353256,Uribarri,168,168,2
2024-03-28,21,N5056328910,Begona,152,152,1
2024-03-28,21,N5056379164,Abando,146,146,2
2024-03-28,21,N11229807742,Basurtu-Zorrotza,113,113,1
2024-03-28,21,W164512079,Otxarkoaga-Txurdinaga,108,108,1
2024-03-28,21,N5056200430,Basurtu-Zorrotza,103,103,2
2024-03-28,21,N4508853267,Uribarri,97,192,3
2024-03-28,21,W301165234,Errekalde,94,94,1
2024-03-28,21,W485363913,Ibaiondo,91,179,2
2024-03-28,21,W96337695,Abando,90,113,3
2024-03-28,21,N9607391207,Begona,90,99,2
2024-03-28,21,N5056183351,Errekalde,88,88,2
2024-03-28,21,N4060532216,Otxarkoaga-Txurdinaga,86,91,2
2024-03-28,21,N4731925117,Abando,77,80,4
2024-03-28,21,N5056421870,Deusto,76,76,1
2024-03-28,21,W185205688,Deusto,59,59,2
2024-03-28,21,N9607455457,Errekalde,46,65,3
2024-03-28,21,N11229801356,Ibaiondo,41,111,3
2024-03-28,21,W48045715,Uribarri,39,268,4
2024-03-28,21,W420558992,Ibaiondo,36,197,4
2024-03-28,21,W185205681,Deusto,32,35,3
2024-03-28,21,W163195554,Basurtu-Zorrotza,30,67,3
2024-03-28,21,W397099000,Ibaiondo,28,28,5
2024-03-28,21,W111740255,Errekalde,27,115,4
2024-03-28,21,W171882527,Abando,20,31,5
2024-03-28,21,N4060532217,Otxarkoaga-Txurdinaga,18,98,3
2024-03-28,21,W290069950,Deusto,18,46,4
2024-03-28,21,W41415573,Errekalde,17,17,5
2024-03-28,21,W375390416,Ibaiondo,11,58,6
2024-03-28,21,N9607363904,Uribarri,10,88,5
2024-03-28,21,N5301954699,Basurtu-Zorrotza,10,10,4
2024-03-28,21,W162445376,Uribarri,10,10,6
2024-03-28,21,W305622069,Begona,7,28,3
2024-03-28,21,W28776478,Abando,2,172,6
2024-03-28,21,N4060532220,Otxarkoaga-Txurdinaga,1,67,4
2024-03-28,21,W376396126,Ibaiondo,1,7,7
2024-03-28,22,N4060532227,Uribarri,299,299,1
2024-03-28,22,W485363913,Ibaiondo,179,179,1
2024-03-28,22,N5056353256,Uribarri,168,168,2
2024-03-28,22,W28776478,Abando,152,172,1
2024-03-28,22,N5056379164,Abando,146,146,2
2024-03-28,22,W164512079,Otxarkoaga-Txurdinaga,108,108,1
2024-03-28,22,N4508853267,Uribarri,95,192,3
2024-03-28,22,N4060532216,Otxarkoaga-Txurdinaga,88,91,2
2024-03-28,22,W151883539,Basurtu-Zorrotza,75,75,1
2024-03-28,22,W290069950,Deusto,46,46,1
2024-03-28,22,W111740255,Errekalde,39,115,1
2024-03-28,22,W171882527,Abando,31,31,3
2024-03-28,22,W163195554,Basurtu-Zorrotza,30,67,2
2024-03-28,22,W397099000,Ibaiondo,28,28,2
2024-03-28,22,N4060532217,Otxarkoaga-Txurdinaga,18,98,3
2024-03-28,22,N5301954699,Basurtu-Zorrotza,10,10,3
2024-03-28,22,W162445376,Uribarri,10,10,4
2024-03-28,22,W123440604,Uribarri,9,100,5
2024-03-28,22,W44113519,Abando,3,150,4
2024-03-28,22,N4060532220,Otxarkoaga-Txurdinaga,1,67,4
2024-03-28,23,N4060532227,Uribarri,299,299,1
2024-03-28,23,W485363913,Ibaiondo,179,179,1
2024-03-28,23,N5056353256,Uribarri,168,168,2
2024-03-28,23,W28776478,Abando,152,172,1
2024-03-28,23,N5056379164,Abando,146,146,2
2024-03-28,23,N4060532217,Otxarkoaga-Txurdinaga,98,98,1
2024-03-28,23,N4508853267,Uribarri,95,192,3
2024-03-28,23,N4060532216,Otxarkoaga-Txurdinaga,91,91,2
2024-03-28,23,W111740255,Errekalde,39,115,1
2024-03-28,23,W171882527,Abando,31,31,3
2024-03-28,23,W163195554,Basurtu-Zorrotza,30,67,1
2024-03-28,23,N4060532220,Otxarkoaga-Txurdinaga,21,67,3
2024-03-28,23,N5301954699,Basurtu-Zorrotza,10,10,2
2024-03-28,23,W44113519,Abando,3,150,4
2024-03-29,5,N4060532227,Uribarri,299,299,1
2024-03-29,5,W485363913,Ibaiondo,179,179,1
2024-03-29,5,N5056353256,Uribarri,168,168,2
2024-03-29,5,W28776478,Abando,152,172,1
2024-03-29,5,N4060532217,Otxarkoaga-Txurdinaga,98,98,1
2024-03-29,5,N4508853267,Uribarri,95,192,3
2024-03-29,5,N4060532216,Otxarkoaga-Txurdinaga,91,91,2
2024-03-29,5,W163195554,Basurtu-Zorrotza,67,67,1
2024-03-29,5,N4060532220,Otxarkoaga-Txurdinaga,21,67,3
2024-03-29,6,N4060532227,Uribarri,299,299,1
2024-03-29,6,W485363913,Ibaiondo,179,179,1
2024-03-29,6,N5056353256,Uribarri,168,168,2
2024-03-29,6,W28776478,Abando,152,172,1
2024-03-29,6,N5056379164,Abando,146,146,2
2024-03-29,6,N4060532217,Otxarkoaga-Txurdinaga,98,98,1
2024-03-29,6,N4508853267,Uribarri,95,192,3
2024-03-29,6,N4060532216,Otxarkoaga-Txurdinaga,91,91,2
2024-03-29,6,W111740255,Errekalde,39,115,1
2024-03-29,6,W163195554,Basurtu-Zorrotza,30,67,1
2024-03-29,6,N4060532220,Otxarkoaga-Txurdinaga,21,67,3
2024-03-29,6,N5301954699,Basurtu-Zorrotza,10,10,2
2024-03-29,6,W44113519,Abando,3,150,3
2024-03-29,7,N4060532227,Uribarri,299,299,1
2024-03-29,7,W485363913,Ibaiondo,179,179,1
2024-03-29,7,N5056353256,Uribarri,168,168,2
2024-03-29,7,W28776478,Abando,152,172,1
2024-03-29,7,N5056379164,Abando,146,146,2
2024-03-29,7,N4060532217,Otxarkoaga-Txurdinaga,98,98,1
2024-03-29,7,N4508853267,Uribarri,95,192,3
2024-03-29,7,N4060532216,Otxarkoaga-Txurdinaga,91,91,2
2024-03-29,7,W111740255,Errekalde,39,115,1
2024-03-29,7,W163195554,Basurtu-Zorrotza,30,67,1
2024-03-29,7,N4060532220,Otxarkoaga-Txurdinaga,21,67,3
2024-03-29,7,N5301954699,Basurtu-Zorrotza,10,10,2
2024-03-29,7,W44113519,Abando,3,150,3
2024-03-29,8,N4060532227,Uribarri,299,299,1
2024-03-29,8,W485363913,Ibaiondo,179,179,1
2024-03-29,8,N5056353256,Uribarri,168,168,2
2024-03-29,8,W28776478,Abando,152,172,1
2024-03-29,8,N5056379164,Abando,146,146,2
2024-03-29,8,N5056356248,Uribarri,114,264,3
2024-03-29,8,W164510985,Otxarkoaga-Txurdinaga,100,100,1
2024-03-29,8,N4060532216,Otxarkoaga-Txurdinaga,91,91,2
2024-03-29,8,N4254043797,Deusto,86,86,1
2024-03-29,8,N5056184623,Errekalde,77,119,1
2024-03-29,8,W151883539,Basurtu-Zorrotza,75,75,1
2024-03-29,8,W41688628,Abando,57,98,3
2024-03-29,8,W290069950,Deusto,46,46,2
2024-03-29,8,N5056355015,Uribarri,39,268,4
2024-03-29,8,W163195554,Basurtu-Zorrotza,30,67,2
2024-03-29,8,W397099000,Ibaiondo,28,28,2
2024-03-29,8,W111740255,Errekalde,26,115,2
2024-03-29,8,W305622069,Begona,26,28,1
2024-03-29,8,N4060532220,Otxarkoaga-Txurdinaga,19,67,3
2024-03-29,8,W41415573,Errekalde,17,17,3
2024-03-29,8,W185205688,Deusto,13,59,3
2024-03-29,8,N5301954699,Basurtu-Zorrotza,10,10,3
2024-03-29,8,W162445376,Uribarri,10,10,5
2024-03-29,8,W123440604,Uribarri,9,100,6
2024-03-29,8,W376396126,Ibaiondo,7,7,3
2024-03-29,8,N4508853267,Uribarri,6,192,7
2024-03-29,8,W44113519,Abando,3,150,4
2024-03-29,8,N5056437799,Deusto,3,53,4
2024-03-29,8,N4060532217,Otxarkoaga-Txurdinaga,1,98,4
2024-03-29,9,N4060532227,Uribarri,299,299,1
2024-03-29,9,W108497734,Ibaiondo,265,265,1
2024-03-29,9,W108504682,Abando,182,182,1
2024-03-29,9,N5056353256,Uribarri,168,168,2
2024-03-29,9,N5056328910,Begona,152,152,1
2024-03-29,9,N5056379164,Abando,146,146,2
2024-03-29,9,N5056356248,Uribarri,114,264,3
2024-03-29,9,N11229807742,Basurtu-Zorrotza,113,113,1
2024-03-29,9,N11229801356,Ibaiondo,111,111,2
2024-03-29,9,W164512079,Otxarkoaga-Txurdinaga,108,108,1
2024-03-29,9,N4761972760,Abando,97,98,3
2024-03-29,9,N9607391207,Begona,90,99,2
2024-03-29,9,N4060532216,Otxarkoaga-Txurdinaga,86,91,2
2024-03-29,9,N4254043797,Deusto,86,86,1
2024-03-29,9,N5056184623,Errekalde,77,119,1
2024-03-29,9,N5056421870,Deusto,76,76,2
2024-03-29,9,N9607455457,Errekalde,64,65,2
2024-03-29,9,N4731925117,Abando,62,80,4
2024-03-29,9,N5056183351,Errekalde,51,88,3
2024-03-29,9,N5056088727,Ibaiondo,41,218,3
2024-03-29,9,N5056355015,Uribarri,39,268,4
2024-03-29,9,W110895854,Abando,36,216,5
2024-03-29,9,N10308519810,Deusto,36,48,3
2024-03-29,9,W420558992,Ibaiondo,30,197,4
2024-03-29,9,W397099000,Ibaiondo,28,28,5
2024-03-29,9,W185205681,Deusto,20,35,4
2024-03-29,9,N4060532217,Otxarkoaga-Txurdinaga,18,98,3
2024-03-29,9,W163195554,Basurtu-Zorrotza,17,67,2
2024-03-29,9,W41415573,Errekalde,17,17,4
2024-03-29,9,W96337695,Abando,15,113,6
2024-03-29,9,W111740255,Errekalde,14,115,5
2024-03-29,9,W185205688,Deusto,12,59,5
2024-03-29,9,W375390416,Ibaiondo,11,58,6
2024-03-29,9,N9607363904,Uribarri,10,88,5
2024-03-29,9,N5301954699,Basurtu-Zorrotza,10,10,3
2024-03-29,9,W162445376,Uribarri,10,10,6
2024-03-29,9,W248634544,Uribarri,8,149,7
2024-03-29,9,W305622069,Begona,7,28,3
2024-03-29,9,N5056437799,Deusto,3,53,6
2024-03-29,9,W28776478,Abando,1,172,7
2024-03-29,9,N4060532220,Otxarkoaga-Txurdinaga,1,67,4
2024-03-29,9,W290069950,Deusto,1,46,7
2024-03-29,9,W376396126,Ibaiondo,1,7,7
2024-03-29,10,N4060532227,Uribarri,299,299,1
2024-03-29,10,W41525574,Ibaiondo,271,271,1
2024-03-29,10,W44016098,Abando,192,192,1
2024-03-29,10,N5056353256,Uribarri,168,168,2
2024-03-29,10,N5056379164,Abando,146,146,2
2024-03-29,10,N5056328910,Begona,130,152,1
2024-03-29,10,W404432093,Ibaiondo,119,192,2
2024-03-29,10,N5056356248,Uribarri,114,264,3
2024-03-29,10,N11229807742,Basurtu-Zorrotza,113,113,1
2024-03-29,10,N1271964866,Abando,111,163,3
2024-03-29,10,W164512079,Otxarkoaga-Txurdinaga,108,108,1
2024-03-29,10,N9607391207,Begona,90,99,2
2024-03-29,10,N4761972760,Abando,89,98,4
2024-03-29,10,N5056183351,Errekalde,88,88,1
2024-03-29,10,N4060532216,Otxarkoaga-Txurdinaga,86,91,2
2024-03-29,10,N4254043797,Deusto,86,86,1
2024-03-29,10,N5056184623,Errekalde,77,119,2
2024-03-29,10,N5056421870,Deusto,76,76,2
2024-03-29,10,N9607455457,Errekalde,64,65,3
2024-03-29,10,N5056355015,Uribarri,39,268,4
2024-03-29,10,N10308519810,Deusto,36,48,3
2024-03-29,10,W397099000,Ibaiondo,28,28,3
2024-03-29,10,W96337695,Abando,22,113,5
2024-03-29,10,W185205681,Deusto,20,35,4
2024-03-29,10,N4060532217,Otxarkoaga-Txurdinaga,18,98,3
2024-03-29,10,W163195554,Basurtu-Zorrotza,17,67,2
2024-03-29,10,W41415573,Errekalde,17,17,4
2024-03-29,10,W248634544,Uribarri,15,149,5
2024-03-29,10,W111740255,Errekalde,14,115,5
2024-03-29,10,N11229801356,Ibaiondo,14,111,4
2024-03-29,10,W28211432,Abando,13,103,6
2024-03-29,10,W185205688,Deusto,12,59,5
2024-03-29,10,W375390416,Ibaiondo,12,58,5
2024-03-29,10,N9607363904,Uribarri,10,88,6
2024-03-29,10,N5301954699,Basurtu-Zorrotza,10,10,3
2024-03-29,10,W162445376,Uribarri,10,10,7
2024-03-29,10,N4731925117,Abando,7,80,7
2024-03-29,10,W305622069,Begona,7,28,3
2024-03-29,10,W420558992,Ibaiondo,6,197,6
2024-03-29,10,N5056437799,Deusto,3,53,6
2024-03-29,10,N5056088727,Ibaiondo,2,218,7
2024-03-29,10,W28776478,Abando,2,172,8
2024-03-29,10,N4060532220,Otxarkoaga-Txurdinaga,1,67,4
2024-03-29,10,W290069950,Deusto,1,46,7
2024-03-29,10,W376396126,Ibaiondo,1,7,8
2024-03-29,11,N4060532227,Uribarri,299,299,1
2024-03-29,11,W41525574,Ibaiondo,271,271,1
2024-03-29,11,N3207631929,Abando,212,212,1
2024-03-29,11,N5056353256,Uribarri,168,168,2
2024-03-29,11,N5056379164,Abando,146,146,2
2024-03-29,11,N5056328910,Begona,130,152,1
2024-03-29,11,W404432093,Ibaiondo,119,192,2
2024-03-29,11,N5056356248,Uribarri,114,264,3
2024-03-29,11,N11229807742,Basurtu-Zorrotza,113,113,1
2024-03-29,11,W164512079,Otxarkoaga-Txurdinaga,108,108,1
2024-03-29,11,N4761972760,Abando,97,98,3
2024-03-29,11,N9607391207,Begona,90,99,2
2024-03-29,11,N5056183351,Errekalde,88,88,1
2024-03-29,11,N4060532216,Otxarkoaga-Txurdinaga,86,91,2
2024-03-29,11,N4254043797,Deusto,86,86,1
2024-03-29,11,W96337695,Abando,81,113,4
2024-03-29,11,N5056421870,Deusto,76,76,2
2024-03-29,11,N9607455457,Errekalde,64,65,2
2024-03-29,11,W28211432,Abando,52,103,5
2024-03-29,11,W48045715,Uribarri,39,268,4
2024-03-29,11,W248634544,Uribarri,37,149,5
2024-03-29,11,N10308519810,Deusto,36,48,3
2024-03-29,11,N5056184623,Errekalde,29,119,3
2024-03-29,11,W397099000,Ibaiondo,28,28,3
2024-03-29,11,W163196945,Basurtu-Zorrotza,27,27,2
2024-03-29,11,W185205681,Deusto,20,35,4
2024-03-29,11,N4060532217,Otxarkoaga-Txurdinaga,18,98,3
2024-03-29,11,W163195554,Basurtu-Zorrotza,17,67,3
2024-03-29,11,W41415573,Errekalde,17,17,4
2024-03-29,11,W111740255,Errekalde,14,115,5
2024-03-29,11,N11229801356,Ibaiondo,14,111,4
2024-03-29,11,N4731925117,Abando,14,80,6
2024-03-29,11,W185205688,Deusto,12,59,5
2024-03-29,11,W375390416,Ibaiondo,12,58,5
2024-03-29,11,N518227646,Abando,11,65,7
2024-03-29,11,N9607363904,Uribarri,10,88,6
2024-03-29,11,N5301954699,Basurtu-Zorrotza,10,10,4
2024-03-29,11,W162445376,Uribarri,10,10,7
2024-03-29,11,W305622069,Begona,7,28,3
2024-03-29,11,W420558992,Ibaiondo,6,197,6
2024-03-29,11,W28776478,Abando,6,172,8
2024-03-29,11,N5056437799,Deusto,3,53,6
2024-03-29,11,N5056088727,Ibaiondo,2,218,7
2024-03-29,11,N4762096882,Abando,1,94,9
2024-03-29,11,N4060532220,Otxarkoaga-Txurdinaga,1,67,4
2024-03-29,11,W290069950,Deusto,1,46,7
2024-03-29,11,W376396126,Ibaiondo,1,7,8
2024-03-29,12,N4060532227,Uribarri,299,299,1
2024-03-29,12,W41525574,Ibaiondo,271,271,1
2024-03-29,12,N3207631929,Abando,212,212,1
2024-03-29,12,N5056353256,Uribarri,168,168,2
2024-03-29,12,N5056379164,Abando,146,146,2
2024-03-29,12,N5056328910,Begona,130,152,1
2024-03-29,12,W404432093,Ibaiondo,119,192,2
2024-03-29,12,N5056356248,Uribarri,114,264,3
2024-03-29,12,N11229807742,Basurtu-Zorrotza,113,113,1
2024-03-29,12,W164512079,Otxarkoaga-Txurdinaga,108,108,1
2024-03-29,12,N4761972760,Abando,97,98,3
2024-03-29,12,N9607391207,Begona,90,99,2
2024-03-29,12,N5056183351,Errekalde,88,88,1
2024-03-29,12,N4060532216,Otxarkoaga-Txurdinaga,86,91,2
2024-03-29,12,N4254043797,Deusto,86,86,1
2024-03-29,12,W96337695,Abando,81,113,4
2024-03-29,12,N5056421870,Deusto,76,76,2
2024-03-29,12,N9607455457,Errekalde,64,65,2
2024-03-29,12,W28211432,Abando,52,103,5
2024-03-29,12,W48045715,Uribarri,39,268,4
2024-03-29,12,W248634544,Uribarri,37,149,5
2024-03-29,12,N10308519810,Deusto,36,48,3
2024-03-29,12,N5056184623,Errekalde,29,119,3
2024-03-29,12,W397099000,Ibaiondo,28,28,3
2024-03-29,12,W163196945,Basurtu-Zorrotza,27,27,2
2024-03-29,12,W185205681,Deusto,20,35,4
2024-03-29,12,N4060532217,Otxarkoaga-Txurdinaga,18,98,3
2024-03-29,12,W163195554,Basurtu-Zorrotza,17,67,3
2024-03-29,12,W41415573,Errekalde,17,17,4
2024-03-29,12,W111740255,Errekalde,14,115,5
2024-03-29,12,N11229801356,Ibaiondo,14,111,4
2024-03-29,12,N4731925117,Abando,14,80,6
2024-03-29,12,W185205688,Deusto,12,59,5
2024-03-29,12,W375390416,Ibaiondo,12,58,5
2024-03-29,12,N518227646,Abando,11,65,7
2024-03-29,12,N9607363904,Uribarri,10,88,6
2024-03-29,12,N5301954699,Basurtu-Zorrotza,10,10,4
2024-03-29,12,W162445376,Uribarri,10,10,7
2024-03-29,12,W305622069,Begona,7,28,3
2024-03-29,12,W420558992,Ibaiondo,6,197,6
2024-03-29,12,W28776478,Abando,6,172,8
2024-03-29,12,N5056437799,Deusto,3,53,6
2024-03-29,12,N5056088727,Ibaiondo,2,218,7
2024-03-29,12,N4762096882,Abando,1,94,9
2024-03-29,12,N4060532220,Otxarkoaga-Txurdinaga,1,67,4
2024-03-29,12,W290069950,Deusto,1,46,7
2024-03-29,12,W376396126,Ibaiondo,1,7,8
2024-03-29,13,N4060532227,Uribarri,299,299,1
2024-03-29,13,W108497734,Ibaiondo,265,265,1
2024-03-29,13,N3207631929,Abando,198,212,1
2024-03-29,13,N5056353256,Uribarri,168,168,2
2024-03-29,13,N5056328910,Begona,152,152,1
2024-03-29,13,N5056379164,Abando,146,146,2
2024-03-29,13,N5056356248,Uribarri,114,264,3
2024-03-29,13,N11229807742,Basurtu-Zorrotza,113,113,1
2024-03-29,13,N11229801356,Ibaiondo,111,111,2
2024-03-29,13,W164512079,Otxarkoaga-Txurdinaga,108,108,1
2024-03-29,13,N4761972760,Abando,97,98,3
2024-03-29,13,N9607391207,Begona,90,99,2
2024-03-29,13,N4060532216,Otxarkoaga-Txurdinaga,86,91,2
2024-03-29,13,N4254043797,Deusto,86,86,1
2024-03-29,13,W96337695,Abando,81,113,4
2024-03-29,13,N5056421870,Deusto,76,76,2
2024-03-29,13,N9607455457,Errekalde,64,65,1
2024-03-29,13,W28211432,Abando,52,103,5
2024-03-29,13,N5056183351,Errekalde,51,88,2
2024-03-29,13,N5056088727,Ibaiondo,41,218,3
2024-03-29,13,N5056355015,Uribarri,39,268,4
2024-03-29,13,N10308519810,Deusto,36,48,3
2024-03-29,13,W420558992,Ibaiondo,30,197,4
2024-03-29,13,N5056184623,Errekalde,29,119,3
2024-03-29,13,W397099000,Ibaiondo,28,28,5
2024-03-29,13,W163196945,Basurtu-Zorrotza,27,27,2
2024-03-29,13,W248634544,Uribarri,26,149,5
2024-03-29,13,W185205681,Deusto,20,35,4
2024-03-29,13,N4060532217,Otxarkoaga-Txurdinaga,18,98,3
2024-03-29,13,W163195554,Basurtu-Zorrotza,17,67,3
2024-03-29,13,W41415573,Errekalde,17,17,4
2024-03-29,13,W111740255,Errekalde,14,115,5
2024-03-29,13,N4731925117,Abando,14,80,6
2024-03-29,13,W185205688,Deusto,12,59,5
2024-03-29,13,N518227646,Abando,11,65,7
2024-03-29,13,W375390416,Ibaiondo,11,58,6
2024-03-29,13,N9607363904,Uribarri,10,88,6
2024-03-29,13,N5301954699,Basurtu-Zorrotza,10,10,4
2024-03-29,13,W162445376,Uribarri,10,10,7
2024-03-29,13,W305622069,Begona,7,28,3
2024-03-29,13,W28776478,Abando,5,172,8
2024-03-29,13,N5056437799,Deusto,3,53,6
2024-03-29,13,W404432093,Ibaiondo,1,192,7
2024-03-29,13,N4762096882,Abando,1,94,9
2024-03-29,13,N4060532220,Otxarkoaga-Txurdinaga,1,67,4
2024-03-29,13,W290069950,Deusto,1,46,7
2024-03-29,13,W376396126,Ibaiondo,1,7,8
2024-03-29,14,N4060532227,Uribarri,299,299,1
2024-03-29,14,W108497734,Ibaiondo,265,265,1
2024-03-29,14,N3207631929,Abando,198,212,1
2024-03-29,14,N5056353256,Uribarri,168,168,2
2024-03-29,14,N5056328910,Begona,152,152,1
2024-03-29,14,N5056379164,Abando,146,146,2
2024-03-29,14,N5056356248,Uribarri,114,264,3
2024-03-29,14,N11229807742,Basurtu-Zorrotza,113,113,1
2024-03-29,14,N11229801356,Ibaiondo,111,111,2
2024-03-29,14,W164512079,Otxarkoaga-Txurdinaga,108,108,1
2024-03-29,14,N4761972760,Abando,97,98,3
2024-03-29,14,N9607391207,Begona,90,99,2
2024-03-29,14,N4060532216,Otxarkoaga-Txurdinaga,86,91,2
2024-03-29,14,N4254043797,Deusto,86,86,1
2024-03-29,14,W96337695,Abando,81,113,4
2024-03-29,14,N5056421870,Deusto,76,76,2
2024-03-29,14,N9607455457,Errekalde,64,65,1
2024-03-29,14,W28211432,Abando,52,103,5
2024-03-29,14,N5056183351,Errekalde,51,88,2
2024-03-29,14,N5056088727,Ibaiondo,41,218,3
2024-03-29,14,W48045715,Uribarri,39,268,4
2024-03-29,14,N10308519810,Deusto,36,48,3
2024-03-29,14,W420558992,Ibaiondo,30,197,4
2024-03-29,14,N5056184623,Errekalde,29,119,3
2024-03-29,14,W397099000,Ibaiondo,28,28,5
2024-03-29,14,W248634544,Uribarri,26,149,5
2024-03-29,14,W185205681,Deusto,20,35,4
2024-03-29,14,N4060532217,Otxarkoaga-Txurdinaga,18,98,3
2024-03-29,14,W163195554,Basurtu-Zorrotza,17,67,2
2024-03-29,14,W41415573,Errekalde,17,17,4
2024-03-29,14,W111740255,Errekalde,14,115,5
2024-03-29,14,N4731925117,Abando,14,80,6
2024-03-29,14,W185205688,Deusto,12,59,5
2024-03-29,14,N518227646,Abando,11,65,7
2024-03-29,14,W375390416,Ibaiondo,11,58,6
2024-03-29,14,N9607363904,Uribarri,10,88,6
2024-03-29,14,N5301954699,Basurtu-Zorrotza,10,10,3
2024-03-29,14,W162445376,Uribarri,10,10,7
2024-03-29,14,W305622069,Begona,7,28,3
2024-03-29,14,W28776478,Abando,5,172,8
2024-03-29,14,N5056437799,Deusto,3,53,6
2024-03-29,14,W404432093,Ibaiondo,1,192,7
2024-03-29,14,N4762096882,Abando,1,94,9
2024-03-29,14,N4060532220,Otxarkoaga-Txurdinaga,1,67,4
2024-03-29,14,W290069950,Deusto,1,46,7
2024-03-29,14,W376396126,Ibaiondo,1,7,8
2024-03-29,15,N4060532227,Uribarri,299,299,1
2024-03-29,15,W108497734,Ibaiondo,265,265,1
2024-03-29,15,W108504682,Abando,182,182,1
2024-03-29,15,N5056353256,Uribarri,168,168,2
2024-03-29,15,N5056328910,Begona,152,152,1
2024-03-29,15,N5056379164,Abando,146,146,2
2024-03-29,15,N11229807742,Basurtu-Zorrotza,113,113,1
2024-03-29,15,N11229801356,Ibaiondo,111,111,2
2024-03-29,15,W164512079,Otxarkoaga-Txurdinaga,108,108,1
2024-03-29,15,N4508853267,Uribarri,97,192,3
2024-03-29,15,W28211432,Abando,94,103,3
2024-03-29,15,N9607391207,Begona,90,99,2
2024-03-29,15,N4060532216,Otxarkoaga-Txurdinaga,86,91,2
2024-03-29,15,N5056421870,Deusto,76,76,1
2024-03-29,15,N9607455457,Errekalde,64,65,1
2024-03-29,15,N518227646,Abando,60,65,4
2024-03-29,15,W96337695,Abando,58,113,5
2024-03-29,15,W185205688,Deusto,54,59,2
2024-03-29,15,N5056183351,Errekalde,51,88,2
2024-03-29,15,N5056088727,Ibaiondo,41,218,3
2024-03-29,15,W48045715,Uribarri,39,268,4
2024-03-29,15,W110895854,Abando,36,216,6
2024-03-29,15,W185205681,Deusto,32,35,3
2024-03-29,15,W420558992,Ibaiondo,30,197,4
2024-03-29,15,W397099000,Ibaiondo,28,28,5
2024-03-29,15,W111740255,Errekalde,27,115,3
2024-03-29,15,N4731925117,Abando,25,80,7
2024-03-29,15,W163195554,Basurtu-Zorrotza,25,67,2
2024-03-29,15,N4060532217,Otxarkoaga-Txurdinaga,18,98,3
2024-03-29,15,W290069950,Deusto,18,46,4
2024-03-29,15,W41415573,Errekalde,17,17,4
2024-03-29,15,W375390416,Ibaiondo,11,58,6
2024-03-29,15,N9607363904,Uribarri,10,88,5
2024-03-29,15,N5301954699,Basurtu-Zorrotza,10,10,3
2024-03-29,15,W162445376,Uribarri,10,10,6
2024-03-29,15,W305622069,Begona,7,28,3
2024-03-29,15,W404432093,Ibaiondo,1,192,7
2024-03-29,15,W44016098,Abando,1,192,8
2024-03-29,15,W28776478,Abando,1,172,9
2024-03-29,15,N4060532220,Otxarkoaga-Txurdinaga,1,67,4
2024-03-29,15,W171882527,Abando,1,31,10
2024-03-29,15,W376396126,Ibaiondo,1,7,8
2024-03-29,16,N4060532227,Uribarri,299,299,1
2024-03-29,16,W108497734,Ibaiondo,265,265,1
2024-03-29,16,N3207631929,Abando,198,212,1
2024-03-29,16,N5056353256,Uribarri,168,168,2
2024-03-29,16,N5056328910,Begona,152,152,1
2024-03-29,16,N5056379164,Abando,146,146,2
2024-03-29,16,N11229807742,Basurtu-Zorrotza,113,113,1
2024-03-29,16,N11229801356,Ibaiondo,111,111,2
2024-03-29,16,W164512079,Otxarkoaga-Txurdinaga,108,108,1
2024-03-29,16,N5056200430,Basurtu-Zorrotza,103,103,2
2024-03-29,16,N4508853267,Uribarri,97,192,3
2024-03-29,16,W301165234,Errekalde,94,94,1
2024-03-29,16,W28211432,Abando,93,103,3
2024-03-29,16,N9607391207,Begona,90,99,2
2024-03-29,16,N4060532216,Otxarkoaga-Txurdinaga,86,91,2
2024-03-29,16,N5056421870,Deusto,76,76,1
2024-03-29,16,W96337695,Abando,69,113,4
2024-03-29,16,N518227646,Abando,60,65,5
2024-03-29,16,W185205688,Deusto,54,59,2
2024-03-29,16,N5056183351,Errekalde,51,88,2
2024-03-29,16,N9607455457,Errekalde,46,65,3
2024-03-29,16,N5056088727,Ibaiondo,41,218,3
2024-03-29,16,W48045715,Uribarri,39,268,4
2024-03-29,16,W185205681,Deusto,32,35,3
2024-03-29,16,W420558992,Ibaiondo,30,197,4
2024-03-29,16,W397099000,Ibaiondo,28,28,5
2024-03-29,16,W111740255,Errekalde,27,115,4
2024-03-29,16,W163195554,Basurtu-Zorrotza,25,67,3
2024-03-29,16,W110895854,Abando,19,216,6
2024-03-29,16,N4060532217,Otxarkoaga-Txurdinaga,18,98,3
2024-03-29,16,W290069950,Deusto,18,46,4
2024-03-29,16,W41415573,Errekalde,17,17,5
2024-03-29,16,N4731925117,Abando,14,80,7
2024-03-29,16,W375390416,Ibaiondo,11,58,6
2024-03-29,16,N9607363904,Uribarri,10,88,5
2024-03-29,16,N5301954699,Basurtu-Zorrotza,10,10,4
2024-03-29,16,W162445376,Uribarri,10,10,6
2024-03-29,16,W305622069,Begona,7,28,3
2024-03-29,16,W28776478,Abando,4,172,8
2024-03-29,16,W404432093,Ibaiondo,1,192,7
2024-03-29,16,N4060532220,Otxarkoaga-Txurdinaga,1,67,4
2024-03-29,16,W171882527,Abando,1,31,9
2024-03-29,16,W376396126,Ibaiondo,1,7,8
2024-03-29,17,N4060532227,Uribarri,299,299,1
2024-03-29,17,W108497734,Ibaiondo,265,265,1
2024-03-29,17,N3207631929,Abando,198,212,1
2024-03-29,17,N5056353256,Uribarri,168,168,2
2024-03-29,17,N5056328910,Begona,152,152,1
2024-03-29,17,N5056379164,Abando,146,146,2
2024-03-29,17,N5056356248,Uribarri,114,264,3
2024-03-29,17,N11229807742,Basurtu-Zorrotza,113,113,1
2024-03-29,17,N11229801356,Ibaiondo,111,111,2
2024-03-29,17,W164512079,Otxarkoaga-Txurdinaga,108,108,1
2024-03-29,17,N5056200430,Basurtu-Zorrotza,103,103,2
2024-03-29,17,W301165234,Errekalde,94,94,1
2024-03-29,17,W28211432,Abando,93,103,3
2024-03-29,17,N9607391207,Begona,90,99,2
2024-03-29,17,N4060532216,Otxarkoaga-Txurdinaga,86,91,2
2024-03-29,17,N4254043797,Deusto,86,86,1
2024-03-29,17,N5056184623,Errekalde,77,119,2
2024-03-29,17,N5056421870,Deusto,76,76,2
2024-03-29,17,N518227646,Abando,56,65,4
2024-03-29,17,N5056183351,Errekalde,51,88,3
2024-03-29,17,N9607455457,Errekalde,46,65,4
2024-03-29,17,N5056088727,Ibaiondo,41,218,3
2024-03-29,17,N5056355015,Uribarri,39,268,4
2024-03-29,17,W420558992,Ibaiondo,30,197,4
2024-03-29,17,W397099000,Ibaiondo,28,28,5
2024-03-29,17,W163195554,Basurtu-Zorrotza,25,67,3
2024-03-29,17,W96337695,Abando,21,113,5
2024-03-29,17,W185205681,Deusto,20,35,3
2024-03-29,17,W110895854,Abando,19,216,6
2024-03-29,17,N4060532217,Otxarkoaga-Txurdinaga,18,98,3
2024-03-29,17,W290069950,Deusto,18,46,4
2024-03-29,17,W41415573,Errekalde,17,17,5
2024-03-29,17,W111740255,Errekalde,14,115,6
2024-03-29,17,N4731925117,Abando,14,80,7
2024-03-29,17,W185205688,Deusto,12,59,5
2024-03-29,17,W375390416,Ibaiondo,11,58,6
2024-03-29,17,N9607363904,Uribarri,10,88,5
2024-03-29,17,N5301954699,Basurtu-Zorrotza,10,10,4
2024-03-29,17,W162445376,Uribarri,10,10,6
2024-03-29,17,N4508853267,Uribarri,8,192,7
2024-03-29,17,W305622069,Begona,7,28,3
2024-03-29,17,W28776478,Abando,4,172,8
2024-03-29,17,N5056437799,Deusto,3,53,6
2024-03-29,17,W404432093,Ibaiondo,1,192,7
2024-03-29,17,N4060532220,Otxarkoaga-Txurdinaga,1,67,4
2024-03-29,17,W376396126,Ibaiondo,1,7,8
2024-03-29,18,N4060532227,Uribarri,299,299,1
2024-03-29,18,W41525574,Ibaiondo,271,271,1
2024-03-29,18,N3207631929,Abando,212,212,1
2024-03-29,18,N5056353256,Uribarri,168,168,2
2024-03-29,18,N5056379164,Abando,146,146,2
2024-03-29,18,N5056328910,Begona,130,152,1
2024-03-29,18,W404432093,Ibaiondo,119,192,2
2024-03-29,18,N5056356248,Uribarri,114,264,3
2024-03-29,18,N11229807742,Basurtu-Zorrotza,113,113,1
2024-03-29,18,W164512079,Otxarkoaga-Txurdinaga,108,108,1
2024-03-29,18,N5056200430,Basurtu-Zorrotza,103,103,2
2024-03-29,18,W301165234,Errekalde,94,94,1
2024-03-29,18,W28211432,Abando,93,103,3
2024-03-29,18,N9607391207,Begona,90,99,2
2024-03-29,18,N5056183351,Errekalde,88,88,2
2024-03-29,18,N4060532216,Otxarkoaga-Txurdinaga,86,91,2
2024-03-29,18,N4254043797,Deusto,86,86,1
2024-03-29,18,N5056184623,Errekalde,77,119,3
2024-03-29,18,N5056421870,Deusto,76,76,2
2024-03-29,18,N4762096882,Abando,68,94,4
2024-03-29,18,N9607455457,Errekalde,46,65,4
2024-03-29,18,W48045715,Uribarri,39,268,4
2024-03-29,18,W28776478,Abando,28,172,5
2024-03-29,18,W397099000,Ibaiondo,28,28,3
2024-03-29,18,W163196945,Basurtu-Zorrotza,27,27,3
2024-03-29,18,W185205681,Deusto,20,35,3
2024-03-29,18,W96337695,Abando,19,113,6
2024-03-29,18,N4060532217,Otxarkoaga-Txurdinaga,18,98,3
2024-03-29,18,W290069950,Deusto,18,46,4
2024-03-29,18,W41415573,Errekalde,17,17,5
2024-03-29,18,W163195554,Basurtu-Zorrotza,16,67,4
2024-03-29,18,N518227646,Abando,15,65,7
2024-03-29,18,W111740255,Errekalde,14,115,6
2024-03-29,18,N11229801356,Ibaiondo,14,111,4
2024-03-29,18,N4731925117,Abando,14,80,8
2024-03-29,18,W185205688,Deusto,12,59,5
2024-03-29,18,W375390416,Ibaiondo,12,58,5
2024-03-29,18,N9607363904,Uribarri,10,88,5
2024-03-29,18,N5301954699,Basurtu-Zorrotza,10,10,5
2024-03-29,18,W162445376,Uribarri,10,10,6
2024-03-29,18,N4508853267,Uribarri,8,192,7
2024-03-29,18,W305622069,Begona,7,28,3
2024-03-29,18,W420558992,Ibaiondo,6,197,6
2024-03-29,18,N5056437799,Deusto,3,53,6
2024-03-29,18,W108497734,Ibaiondo,2,265,7
2024-03-29,18,N5056088727,Ibaiondo,2,218,8
2024-03-29,18,N4060532220,Otxarkoaga-Txurdinaga,1,67,4
2024-03-29,18,W376396126,Ibaiondo,1,7,9
2024-03-29,19,N4060532227,Uribarri,299,299,1
2024-03-29,19,W41525574,Ibaiondo,271,271,1
2024-03-29,19,N3207631929,Abando,212,212,1
2024-03-29,19,N5056353256,Uribarri,168,168,2
2024-03-29,19,N5056379164,Abando,146,146,2
2024-03-29,19,N5056328910,Begona,130,152,1
2024-03-29,19,W404432093,Ibaiondo,119,192,2
2024-03-29,19,N5056356248,Uribarri,114,264,3
2024-03-29,19,N11229807742,Basurtu-Zorrotza,113,113,1
2024-03-29,19,W164512079,Otxarkoaga-Txurdinaga,108,108,1
2024-03-29,19,N5056200430,Basurtu-Zorrotza,103,103,2
2024-03-29,19,W301165234,Errekalde,94,94,1
2024-03-29,19,W28211432,Abando,93,103,3
2024-03-29,19,N9607391207,Begona,90,99,2
2024-03-29,19,N5056183351,Errekalde,88,88,2
2024-03-29,19,N4060532216,Otxarkoaga-Txurdinaga,86,91,2
2024-03-29,19,N4254043797,Deusto,86,86,1
2024-03-29,19,N5056184623,Errekalde,77,119,3
2024-03-29,19,N5056421870,Deusto,76,76,2
2024-03-29,19,N4762096882,Abando,68,94,4
2024-03-29,19,N9607455457,Errekalde,46,65,4
2024-03-29,19,W48045715,Uribarri,39,268,4
2024-03-29,19,W28776478,Abando,28,172,5
2024-03-29,19,W397099000,Ibaiondo,28,28,3
2024-03-29,19,W163196945,Basurtu-Zorrotza,27,27,3
2024-03-29,19,W185205681,Deusto,20,35,3
2024-03-29,19,W96337695,Abando,19,113,6
2024-03-29,19,N4060532217,Otxarkoaga-Txurdinaga,18,98,3
2024-03-29,19,W290069950,Deusto,18,46,4
2024-03-29,19,W41415573,Errekalde,17,17,5
2024-03-29,19,W163195554,Basurtu-Zorrotza,16,67,4
2024-03-29,19,N518227646,Abando,15,65,7
2024-03-29,19,W111740255,Errekalde,14,115,6
2024-03-29,19,N11229801356,Ibaiondo,14,111,4
2024-03-29,19,N4731925117,Abando,14,80,8
2024-03-29,19,W185205688,Deusto,12,59,5
2024-03-29,19,W375390416,Ibaiondo,12,58,5
2024-03-29,19,N9607363904,Uribarri,10,88,5
2024-03-29,19,N5301954699,Basurtu-Zorrotza,10,10,5
2024-03-29,19,W162445376,Uribarri,10,10,6
2024-03-29,19,N4508853267,Uribarri,8,192,7
2024-03-29,19,W305622069,Begona,7,28,3
2024-03-29,19,W420558992,Ibaiondo,6,197,6
2024-03-29,19,N5056437799,Deusto,3,53,6
2024-03-29,19,W108497734,Ibaiondo,2,265,7
2024-03-29,19,N5056088727,Ibaiondo,2,218,8
2024-03-29,19,N4060532220,Otxarkoaga-Txurdinaga,1,67,4
2024-03-29,19,W376396126,Ibaiondo,1,7,9
2024-03-29,20,N4060532227,Uribarri,299,299,1
2024-03-29,20,W108497734,Ibaiondo,265,265,1
2024-03-29,20,N3207631929,Abando,198,212,1
2024-03-29,20,N5056353256,Uribarri,168,168,2
2024-03-29,20,N5056328910,Begona,152,152,1
2024-03-29,20,N5056379164,Abando,146,146,2
2024-03-29,20,N5056356248,Uribarri,114,264,3
2024-03-29,20,N11229807742,Basurtu-Zorrotza,113,113,1
2024-03-29,20,N11229801356,Ibaiondo,111,111,2
2024-03-29,20,W164512079,Otxarkoaga-Txurdinaga,108,108,1
2024-03-29,20,N5056200430,Basurtu-Zorrotza,103,103,2
2024-03-29,20,W301165234,Errekalde,94,94,1
2024-03-29,20,W28211432,Abando,93,103,3
2024-03-29,20,N9607391207,Begona,90,99,2
2024-03-29,20,N4060532216,Otxarkoaga-Txurdinaga,86,91,2
2024-03-29,20,N4254043797,Deusto,86,86,1
2024-03-29,20,N5056184623,Errekalde,77,119,2
2024-03-29,20,N5056421870,Deusto,76,76,2
2024-03-29,20,N4762096882,Abando,68,94,4
2024-03-29,20,N5056183351,Errekalde,51,88,3
2024-03-29,20,N9607455457,Errekalde,46,65,4
2024-03-29,20,N5056088727,Ibaiondo,41,218,3
2024-03-29,20,N5056355015,Uribarri,39,268,4
2024-03-29,20,W420558992,Ibaiondo,30,197,4
2024-03-29,20,W397099000,Ibaiondo,28,28,5
2024-03-29,20,W185205681,Deusto,20,35,3
2024-03-29,20,W96337695,Abando,19,113,5
2024-03-29,20,W28776478,Abando,18,172,6
2024-03-29,20,N4060532217,Otxarkoaga-Txurdinaga,18,98,3
2024-03-29,20,W290069950,Deusto,18,46,4
2024-03-29,20,W41415573,Errekalde,17,17,5
2024-03-29,20,W163195554,Basurtu-Zorrotza,16,67,3
2024-03-29,20,W111740255,Errekalde,14,115,6
2024-03-29,20,N4731925117,Abando,14,80,7
2024-03-29,20,W185205688,Deusto,12,59,5
2024-03-29,20,W375390416,Ibaiondo,11,58,6
2024-03-29,20,N9607363904,Uribarri,10,88,5
2024-03-29,20,N5301954699,Basurtu-Zorrotza,10,10,4
2024-03-29,20,W162445376,Uribarri,10,10,6
2024-03-29,20,N4508853267,Uribarri,8,192,7
2024-03-29,20,W305622069,Begona,7,28,3
2024-03-29,20,N5056437799,Deusto,3,53,6
2024-03-29,20,W404432093,Ibaiondo,1,192,7
2024-03-29,20,N4060532220,Otxarkoaga-Txurdinaga,1,67,4
2024-03-29,20,W376396126,Ibaiondo,1,7,8
2024-03-29,21,N4060532227,Uribarri,299,299,1
2024-03-29,21,N5056088727,Ibaiondo,218,218,1
2024-03-29,21,W44016098,Abando,192,192,1
2024-03-29,21,N5056353256,Uribarri,168,168,2
2024-03-29,21,N5056328910,Begona,152,152,1
2024-03-29,21,N5056379164,Abando,146,146,2
2024-03-29,21,N11229807742,Basurtu-Zorrotza,113,113,1
2024-03-29,21,W164512079,Otxarkoaga-Txurdinaga,108,108,1
2024-03-29,21,N5056200430,Basurtu-Zorrotza,103,103,2
2024-03-29,21,N4508853267,Uribarri,97,192,3
2024-03-29,21,W301165234,Errekalde,94,94,1
2024-03-29,21,W485363913,Ibaiondo,91,179,2
2024-03-29,21,W96337695,Abando,90,113,3
2024-03-29,21,N9607391207,Begona,90,99,2
2024-03-29,21,N5056183351,Errekalde,88,88,2
2024-03-29,21,N4060532216,Otxarkoaga-Txurdinaga,86,91,2
2024-03-29,21,N4731925117,Abando,77,80,4
2024-03-29,21,N5056421870,Deusto,76,76,1
2024-03-29,21,W185205688,Deusto,59,59,2
2024-03-29,21,N9607455457,Errekalde,46,65,3
2024-03-29,21,N11229801356,Ibaiondo,41,111,3
2024-03-29,21,W48045715,Uribarri,39,268,4
2024-03-29,21,W420558992,Ibaiondo,36,197,4
2024-03-29,21,W185205681,Deusto,32,35,3
2024-03-29,21,W163195554,Basurtu-Zorrotza,30,67,3
2024-03-29,21,W397099000,Ibaiondo,28,28,5
2024-03-29,21,W111740255,Errekalde,27,115,4
2024-03-29,21,W171882527,Abando,20,31,5
2024-03-29,21,N4060532217,Otxarkoaga-Txurdinaga,18,98,3
2024-03-29,21,W290069950,Deusto,18,46,4
2024-03-29,21,W41415573,Errekalde,17,17,5
2024-03-29,21,W375390416,Ibaiondo,11,58,6
2024-03-29,21,N9607363904,Uribarri,10,88,5
2024-03-29,21,N5301954699,Basurtu-Zorrotza,10,10,4
2024-03-29,21,W162445376,Uribarri,10,10,6
2024-03-29,21,W305622069,Begona,7,28,3
2024-03-29,21,W28776478,Abando,2,172,6
2024-03-29,21,N4060532220,Otxarkoaga-Txurdinaga,1,67,4
2024-03-29,21,W376396126,Ibaiondo,1,7,7
2024-03-29,22,N4060532227,Uribarri,299,299,1
2024-03-29,22,W485363913,Ibaiondo,179,179,1
2024-03-29,22,N5056353256,Uribarri,168,168,2
2024-03-29,22,W28776478,Abando,152,172,1
2024-03-29,22,N5056379164,Abando,146,146,2
2024-03-29,22,W164512079,Otxarkoaga-Txurdinaga,108,108,1
2024-03-29,22,N4508853267,Uribarri,95,192,3
2024-03-29,22,N4060532216,Otxarkoaga-Txurdinaga,88,91,2
2024-03-29,22,W151883539,Basurtu-Zorrotza,75,75,1
2024-03-29,22,W290069950,Deusto,46,46,1
2024-03-29,22,W111740255,Errekalde,39,115,1
2024-03-29,22,W171882527,Abando,31,31,3
2024-03-29,22,W163195554,Basurtu-Zorrotza,30,67,2
2024-03-29,22,W397099000,Ibaiondo,28,28,2
2024-03-29,22,N4060532217,Otxarkoaga-Txurdinaga,18,98,3
2024-03-29,22,N5301954699,Basurtu-Zorrotza,10,10,3
2024-03-29,22,W162445376,Uribarri,10,10,4
2024-03-29,22,W123440604,Uribarri,9,100,5
2024-03-29,22,W44113519,Abando,3,150,4
2024-03-29,22,N4060532220,Otxarkoaga-Txurdinaga,1,67,4
2024-03-29,23,N4060532227,Uribarri,299,299,1
2024-03-29,23,W485363913,Ibaiondo,179,179,1
2024-03-29,23,N5056353256,Uribarri,168,168,2
2024-03-29,23,W28776478,Abando,152,172,1
2024-03-29,23,N5056379164,Abando,146,146,2
2024-03-29,23,N4060532217,Otxarkoaga-Txurdinaga,98,98,1
2024-03-29,23,N4508853267,Uribarri,95,192,3
2024-03-29,23,N4060532216,Otxarkoaga-Txurdinaga,91,91,2
2024-03-29,23,W111740255,Errekalde,39,115,1
2024-03-29,23,W171882527,Abando,31,31,3
2024-03-29,23,W163195554,Basurtu-Zorrotza,30,67,1
2024-03-29,23,N4060532220,Otxarkoaga-Txurdinaga,21,67,3
2024-03-29,23,N5301954699,Basurtu-Zorrotza,10,10,2
2024-03-29,23,W44113519,Abando,3,150,4
2024-03-30,5,W28776478,Abando,172,172,1
2024-03-30,6,N4060532227,Uribarri,299,299,1
2024-03-30,6,W485363913,Ibaiondo,179,179,1
2024-03-30,6,N5056353256,Uribarri,168,168,2
2024-03-30,6,W28776478,Abando,152,172,1
2024-03-30,6,N5056379164,Abando,146,146,2
2024-03-30,6,N4060532217,Otxarkoaga-Txurdinaga,98,98,1
2024-03-30,6,N4508853267,Uribarri,95,192,3
2024-03-30,6,N4060532216,Otxarkoaga-Txurdinaga,91,91,2
2024-03-30,6,W111740255,Errekalde,39,115,1
2024-03-30,6,W163195554,Basurtu-Zorrotza,30,67,1
2024-03-30,6,N4060532220,Otxarkoaga-Txurdinaga,21,67,3
2024-03-30,6,N5301954699,Basurtu-Zorrotza,10,10,2
2024-03-30,6,W44113519,Abando,3,150,3
2024-03-30,7,N4060532227,Uribarri,299,299,1
2024-03-30,7,W485363913,Ibaiondo,179,179,1
2024-03-30,7,N5056353256,Uribarri,168,168,2
2024-03-30,7,W28776478,Abando,152,172,1
2024-03-30,7,N5056379164,Abando,146,146,2
2024-03-30,7,N4060532217,Otxarkoaga-Txurdinaga,98,98,1
2024-03-30,7,N4508853267,Uribarri,95,192,3
2024-03-30,7,N4060532216,Otxarkoaga-Txurdinaga,91,91,2
2024-03-30,7,W111740255,Errekalde,39,115,1
2024-03-30,7,W163195554,Basurtu-Zorrotza,30,67,1
2024-03-30,7,N4060532220,Otxarkoaga-Txurdinaga,21,67,3
2024-03-30,7,N5301954699,Basurtu-Zorrotza,10,10,2
2024-03-30,7,W44113519,Abando,3,150,3
2024-03-30,8,N4060532227,Uribarri,299,299,1
2024-03-30,8,W485363913,Ibaiondo,179,179,1
2024-03-30,8,N5056353256,Uribarri,168,168,2
2024-03-30,8,W28776478,Abando,152,172,1
2024-03-30,8,N5056379164,Abando,146,146,2
2024-03-30,8,N5056356248,Uribarri,114,264,3
2024-03-30,8,W164510985,Otxarkoaga-Txurdinaga,100,100,1
2024-03-30,8,N4060532216,Otxarkoaga-Txurdinaga,91,91,2
2024-03-30,8,N4254043797,Deusto,86,86,1
2024-03-30,8,N5056184623,Errekalde,77,119,1
2024-03-30,8,W41688628,Abando,57,98,3
2024-03-30,8,N5056355015,Uribarri,39,268,4
2024-03-30,8,W163195554,Basurtu-Zorrotza,30,67,1
2024-03-30,8,W111740255,Errekalde,26,115,2
2024-03-30,8,N4060532220,Otxarkoaga-Txurdinaga,19,67,3
2024-03-30,8,N5301954699,Basurtu-Zorrotza,10,10,2
2024-03-30,8,W123440604,Uribarri,9,100,5
2024-03-30,8,N4508853267,Uribarri,6,192,6
2024-03-30,8,N5056437799,Deusto,4,53,2
2024-03-30,8,W123440625,Uribarri,4,4,7
2024-03-30,8,W44113519,Abando,3,150,4
2024-03-30,8,N4060532217,Otxarkoaga-Txurdinaga,1,98,4
2024-03-30,9,N4060532227,Uribarri,299,299,1
2024-03-30,9,W110895854,Abando,216,216,1
2024-03-30,9,W420558992,Ibaiondo,169,197,1
2024-03-30,9,N5056353256,Uribarri,168,168,2
2024-03-30,9,N5056379164,Abando,146,146,2
2024-03-30,9,N5056356248,Uribarri,114,264,3
2024-03-30,9,N11229807742,Basurtu-Zorrotza,113,113,1
2024-03-30,9,N11229801356,Ibaiondo,111,111,2
2024-03-30,9,W164512079,Otxarkoaga-Txurdinaga,108,108,1
2024-03-30,9,W96337695,Abando,106,113,3
2024-03-30,9,N9607391207,Begona,99,99,1
2024-03-30,9,N4060532216,Otxarkoaga-Txurdinaga,86,91,2
2024-03-30,9,N4254043797,Deusto,86,86,1
2024-03-30,9,W41688628,Abando,68,98,4
2024-03-30,9,W485363913,Ibaiondo,46,179,3
2024-03-30,9,W290069950,Deusto,46,46,2
2024-03-30,9,N5056355015,Uribarri,39,268,4
2024-03-30,9,W111740255,Errekalde,39,115,1
2024-03-30,9,W163195554,Basurtu-Zorrotza,30,67,2
2024-03-30,9,W397099000,Ibaiondo,28,28,4
2024-03-30,9,N4060532217,Otxarkoaga-Txurdinaga,18,98,3
2024-03-30,9,W41415573,Errekalde,17,17,2
2024-03-30,9,N5056184623,Errekalde,16,119,3
2024-03-30,9,W185205688,Deusto,13,59,3
2024-03-30,9,N5301954699,Basurtu-Zorrotza,10,10,3
2024-03-30,9,W162445376,Uribarri,10,10,5
2024-03-30,9,W123440604,Uribarri,9,100,6
2024-03-30,9,W108504682,Abando,8,182,5
2024-03-30,9,W305622069,Begona,7,28,2
2024-03-30,9,N4508853267,Uribarri,6,192,7
2024-03-30,9,N5056437799,Deusto,3,53,4
2024-03-30,9,W28776478,Abando,1,172,6
2024-03-30,9,N4060532220,Otxarkoaga-Txurdinaga,1,67,4
2024-03-30,9,W376396126,Ibaiondo,1,7,5
2024-03-30,10,N4060532227,Uribarri,299,299,1
2024-03-30,10,W41525574,Ibaiondo,271,271,1
2024-03-30,10,W44016098,Abando,192,192,1
2024-03-30,10,N5056353256,Uribarri,168,168,2
2024-03-30,10,N5056379164,Abando,146,146,2
2024-03-30,10,W404432093,Ibaiondo,119,192,2
2024-03-30,10,N5056356248,Uribarri,114,264,3
2024-03-30,10,N11229807742,Basurtu-Zorrotza,113,113,1
2024-03-30,10,N1271964866,Abando,111,163,3
2024-03-30,10,W164512079,Otxarkoaga-Txurdinaga,108,108,1
2024-03-30,10,N9607391207,Begona,99,99,1
2024-03-30,10,N4060532216,Otxarkoaga-Txurdinaga,86,91,2
2024-03-30,10,N4254043797,Deusto,86,86,1
2024-03-30,10,N5056184623,Errekalde,77,119,1
2024-03-30,10,N11229801356,Ibaiondo,51,111,3
2024-03-30,10,W290069950,Deusto,46,46,2
2024-03-30,10,N5056355015,Uribarri,39,268,4
2024-03-30,10,W28211432,Abando,34,103,4
2024-03-30,10,W163195554,Basurtu-Zorrotza,30,67,2
2024-03-30,10,W397099000,Ibaiondo,28,28,4
2024-03-30,10,W420558992,Ibaiondo,27,197,5
2024-03-30,10,W111740255,Errekalde,26,115,2
2024-03-30,10,W96337695,Abando,22,113,5
2024-03-30,10,N4060532217,Otxarkoaga-Txurdinaga,18,98,3
2024-03-30,10,W41415573,Errekalde,17,17,3
2024-03-30,10,W185205688,Deusto,13,59,3
2024-03-30,10,N5301954699,Basurtu-Zorrotza,10,10,3
2024-03-30,10,W162445376,Uribarri,10,10,5
2024-03-30,10,W123440604,Uribarri,9,100,6
2024-03-30,10,N4508853267,Uribarri,8,192,7
2024-03-30,10,W305622069,Begona,7,28,2
2024-03-30,10,W110895854,Abando,6,216,6
2024-03-30,10,N5056437799,Deusto,3,53,4
2024-03-30,10,W28776478,Abando,2,172,7
2024-03-30,10,W108497734,Ibaiondo,1,265,6
2024-03-30,10,W41688628,Abando,1,98,8
2024-03-30,10,N4060532220,Otxarkoaga-Txurdinaga,1,67,4
2024-03-30,10,W171882527,Abando,1,31,9
2024-03-30,10,W376396126,Ibaiondo,1,7,7
2024-03-30,11,N4060532227,Uribarri,299,299,1
2024-03-30,11,W41525574,Ibaiondo,271,271,1
2024-03-30,11,N3207631929,Abando,212,212,1
2024-03-30,11,N5056353256,Uribarri,168,168,2
2024-03-30,11,N5056379164,Abando,146,146,2
2024-03-30,11,W404432093,Ibaiondo,119,192,2
2024-03-30,11,N5056356248,Uribarri,114,264,3
2024-03-30,11,N11229807742,Basurtu-Zorrotza,113,113,1
2024-03-30,11,W164512079,Otxarkoaga-Txurdinaga,108,108,1
2024-03-30,11,N9607391207,Begona,99,99,1
2024-03-30,11,W28211432,Abando,93,103,3
2024-03-30,11,N4060532216,Otxarkoaga-Txurdinaga,86,91,2
2024-03-30,11,N4254043797,Deusto,86,86,1
2024-03-30,11,N5056184623,Errekalde,77,119,1
2024-03-30,11,N4762096882,Abando,68,94,4
2024-03-30,11,N11229801356,Ibaiondo,51,111,3
2024-03-30,11,W290069950,Deusto,46,46,2
2024-03-30,11,N5056355015,Uribarri,39,268,4
2024-03-30,11,W110895854,Abando,30,216,5
2024-03-30,11,W397099000,Ibaiondo,28,28,4
2024-03-30,11,W420558992,Ibaiondo,27,197,5
2024-03-30,11,W163196945,Basurtu-Zorrotza,27,27,2
2024-03-30,11,W111740255,Errekalde,26,115,2
2024-03-30,11,W96337695,Abando,19,113,6
2024-03-30,11,N4060532217,Otxarkoaga-Txurdinaga,18,98,3
2024-03-30,11,W41415573,Errekalde,17,17,3
2024-03-30,11,W163195554,Basurtu-Zorrotza,16,67,3
2024-03-30,11,N518227646,Abando,15,65,7
2024-03-30,11,W185205688,Deusto,12,59,3
2024-03-30,11,N5301954699,Basurtu-Zorrotza,10,10,4
2024-03-30,11,W162445376,Uribarri,10,10,5
2024-03-30,11,W123440604,Uribarri,9,100,6
2024-03-30,11,N4508853267,Uribarri,8,192,7
2024-03-30,11,N1271964866,Abando,7,163,8
2024-03-30,11,W305622069,Begona,7,28,2
2024-03-30,11,W28776478,Abando,4,172,9
2024-03-30,11,N5056437799,Deusto,3,53,4
2024-03-30,11,W485363913,Ibaiondo,1,179,6
2024-03-30,11,W41688628,Abando,1,98,10
2024-03-30,11,N4060532220,Otxarkoaga-Txurdinaga,1,67,4
2024-03-30,11,W376396126,Ibaiondo,1,7,7
2024-03-30,12,N4060532227,Uribarri,299,299,1
2024-03-30,12,W41525574,Ibaiondo,271,271,1
2024-03-30,12,N3207631929,Abando,212,212,1
2024-03-30,12,N5056353256,Uribarri,168,168,2
2024-03-30,12,N5056379164,Abando,146,146,2
2024-03-30,12,W404432093,Ibaiondo,119,192,2
2024-03-30,12,N5056356248,Uribarri,114,264,3
2024-03-30,12,N11229807742,Basurtu-Zorrotza,113,113,1
2024-03-30,12,W164512079,Otxarkoaga-Txurdinaga,108,108,1
2024-03-30,12,N9607391207,Begona,99,99,1
2024-03-30,12,W28211432,Abando,93,103,3
2024-03-30,12,N4060532216,Otxarkoaga-Txurdinaga,86,91,2
2024-03-30,12,N4254043797,Deusto,86,86,1
2024-03-30,12,N5056184623,Errekalde,77,119,1
2024-03-30,12,N4762096882,Abando,68,94,4
2024-03-30,12,N11229801356,Ibaiondo,51,111,3
2024-03-30,12,W290069950,Deusto,46,46,2
2024-03-30,12,N5056355015,Uribarri,39,268,4
2024-03-30,12,W110895854,Abando,30,216,5
2024-03-30,12,W397099000,Ibaiondo,28,28,4
2024-03-30,12,W420558992,Ibaiondo,27,197,5
2024-03-30,12,W163196945,Basurtu-Zorrotza,27,27,2
2024-03-30,12,W111740255,Errekalde,26,115,2
2024-03-30,12,W96337695,Abando,19,113,6
2024-03-30,12,N4060532217,Otxarkoaga-Txurdinaga,18,98,3
2024-03-30,12,W41415573,Errekalde,17,17,3
2024-03-30,12,W163195554,Basurtu-Zorrotza,16,67,3
2024-03-30,12,N518227646,Abando,15,65,7
2024-03-30,12,W185205688,Deusto,12,59,3
2024-03-30,12,N5301954699,Basurtu-Zorrotza,10,10,4
2024-03-30,12,W162445376,Uribarri,10,10,5
2024-03-30,12,W123440604,Uribarri,9,100,6
2024-03-30,12,N4508853267,Uribarri,8,192,7
2024-03-30,12,N1271964866,Abando,7,163,8
2024-03-30,12,W305622069,Begona,7,28,2
2024-03-30,12,W28776478,Abando,4,172,9
2024-03-30,12,N5056437799,Deusto,3,53,4
2024-03-30,12,W485363913,Ibaiondo,1,179,6
2024-03-30,12,W41688628,Abando,1,98,10
2024-03-30,12,N4060532220,Otxarkoaga-Txurdinaga,1,67,4
2024-03-30,12,W376396126,Ibaiondo,1,7,7
2024-03-30,13,N4060532227,Uribarri,299,299,1
2024-03-30,13,W108497734,Ibaiondo,265,265,1
2024-03-30,13,N3207631929,Abando,198,212,1
2024-03-30,13,N5056353256,Uribarri,168,168,2
2024-03-30,13,N5056379164,Abando,146,146,2
2024-03-30,13,N5056356248,Uribarri,114,264,3
2024-03-30,13,N11229807742,Basurtu-Zorrotza,113,113,1
2024-03-30,13,N11229801356,Ibaiondo,111,111,2
2024-03-30,13,W164512079,Otxarkoaga-Txurdinaga,108,108,1
2024-03-30,13,N9607391207,Begona,99,99,1
2024-03-30,13,W28211432,Abando,93,103,3
2024-03-30,13,N4060532216,Otxarkoaga-Txurdinaga,86,91,2
2024-03-30,13,N4254043797,Deusto,86,86,1
2024-03-30,13,W420558992,Ibaiondo,82,197,3
2024-03-30,13,N5056184623,Errekalde,77,119,1
2024-03-30,13,N4762096882,Abando,68,94,4
2024-03-30,13,W290069950,Deusto,46,46,2
2024-03-30,13,N5056355015,Uribarri,39,268,4
2024-03-30,13,W404432093,Ibaiondo,30,192,4
2024-03-30,13,W397099000,Ibaiondo,28,28,5
2024-03-30,13,W163196945,Basurtu-Zorrotza,27,27,2
2024-03-30,13,W111740255,Errekalde,26,115,2
2024-03-30,13,W110895854,Abando,19,216,5
2024-03-30,13,W96337695,Abando,19,113,6
2024-03-30,13,N4060532217,Otxarkoaga-Txurdinaga,18,98,3
2024-03-30,13,W41415573,Errekalde,17,17,3
2024-03-30,13,W163195554,Basurtu-Zorrotza,16,67,3
2024-03-30,13,N518227646,Abando,15,65,7
2024-03-30,13,W185205688,Deusto,12,59,3
2024-03-30,13,N5301954699,Basurtu-Zorrotza,10,10,4
2024-03-30,13,W162445376,Uribarri,10,10,5
2024-03-30,13,W123440604,Uribarri,9,100,6
2024-03-30,13,N4508853267,Uribarri,8,192,7
2024-03-30,13,N1271964866,Abando,7,163,8
2024-03-30,13,W305622069,Begona,7,28,2
2024-03-30,13,W28776478,Abando,4,172,9
2024-03-30,13,N5056437799,Deusto,3,53,4
2024-03-30,13,W41688628,Abando,1,98,10
2024-03-30,13,N4060532220,Otxarkoaga-Txurdinaga,1,67,4
2024-03-30,13,W376396126,Ibaiondo,1,7,6
2024-03-30,14,N4060532227,Uribarri,299,299,1
2024-03-30,14,W108497734,Ibaiondo,265,265,1
2024-03-30,14,N3207631929,Abando,198,212,1
2024-03-30,14,N5056353256,Uribarri,168,168,2
2024-03-30,14,N5056379164,Abando,146,146,2
2024-03-30,14,N5056356248,Uribarri,114,264,3
2024-03-30,14,N11229807742,Basurtu-Zorrotza,113,113,1
2024-03-30,14,N11229801356,Ibaiondo,111,111,2
2024-03-30,14,W164512079,Otxarkoaga-Txurdinaga,108,108,1
2024-03-30,14,N9607391207,Begona,99,99,1
2024-03-30,14,W28211432,Abando,93,103,3
2024-03-30,14,N4060532216,Otxarkoaga-Txurdinaga,86,91,2
2024-03-30,14,N4254043797,Deusto,86,86,1
2024-03-30,14,W420558992,Ibaiondo,82,197,3
2024-03-30,14,N5056184623,Errekalde,77,119,1
2024-03-30,14,N4762096882,Abando,68,94,4
2024-03-30,14,W290069950,Deusto,46,46,2
2024-03-30,14,N5056355015,Uribarri,39,268,4
2024-03-30,14,W404432093,Ibaiondo,30,192,4
2024-03-30,14,W397099000,Ibaiondo,28,28,5
2024-03-30,14,W111740255,Errekalde,26,115,2
2024-03-30,14,W110895854,Abando,19,216,5
2024-03-30,14,W96337695,Abando,19,113,6
2024-03-30,14,N4060532217,Otxarkoaga-Txurdinaga,18,98,3
2024-03-30,14,W41415573,Errekalde,17,17,3
2024-03-30,14,W163195554,Basurtu-Zorrotza,16,67,2
2024-03-30,14,N518227646,Abando,15,65,7
2024-03-30,14,W185205688,Deusto,12,59,3
2024-03-30,14,N5301954699,Basurtu-Zorrotza,10,10,3
2024-03-30,14,W162445376,Uribarri,10,10,5
2024-03-30,14,W123440604,Uribarri,9,100,6
2024-03-30,14,N4508853267,Uribarri,8,192,7
2024-03-30,14,N1271964866,Abando,7,163,8
2024-03-30,14,W305622069,Begona,7,28,2
2024-03-30,14,W28776478,Abando,4,172,9
2024-03-30,14,N5056437799,Deusto,3,53,4
2024-03-30,14,W41688628,Abando,1,98,10
2024-03-30,14,N4060532220,Otxarkoaga-Txurdinaga,1,67,4
2024-03-30,14,W376396126,Ibaiondo,1,7,6
2024-03-30,15,N4060532227,Uribarri,299,299,1
2024-03-30,15,W110895854,Abando,216,216,1
2024-03-30,15,W404432093,Ibaiondo,187,192,1
2024-03-30,15,N5056353256,Uribarri,168,168,2
2024-03-30,15,N5056379164,Abando,146,146,2
2024-03-30,15,W96337695,Abando,106,113,3
2024-03-30,15,N4060532217,Otxarkoaga-Txurdinaga,98,98,1
2024-03-30,15,N4508853267,Uribarri,97,192,3
2024-03-30,15,N4060532216,Otxarkoaga-Txurdinaga,91,91,2
2024-03-30,15,W28211432,Abando,89,103,4
2024-03-30,15,W485363913,Ibaiondo,77,179,2
2024-03-30,15,W151883539,Basurtu-Zorrotza,75,75,1
2024-03-30,15,N518227646,Abando,60,65,5
2024-03-30,15,W185205688,Deusto,54,59,1
2024-03-30,15,W290069950,Deusto,46,46,2
2024-03-30,15,W111740255,Errekalde,39,115,1
2024-03-30,15,W44016098,Abando,30,192,6
2024-03-30,15,W397099000,Ibaiondo,28,28,3
2024-03-30,15,W305622069,Begona,26,28,1
2024-03-30,15,W163195554,Basurtu-Zorrotza,25,67,2
2024-03-30,15,N4060532220,Otxarkoaga-Txurdinaga,21,67,3
2024-03-30,15,N5056437799,Deusto,17,53,3
2024-03-30,15,W41415573,Errekalde,17,17,2
2024-03-30,15,N5301954699,Basurtu-Zorrotza,10,10,3
2024-03-30,15,W162445376,Uribarri,10,10,4
2024-03-30,15,W123440604,Uribarri,9,100,5
2024-03-30,15,W28776478,Abando,2,172,7
2024-03-30,15,W376396126,Ibaiondo,1,7,4
2024-03-30,16,N4060532227,Uribarri,299,299,1
2024-03-30,16,W110895854,Abando,216,216,1
2024-03-30,16,W404432093,Ibaiondo,187,192,1
2024-03-30,16,N5056353256,Uribarri,168,168,2
2024-03-30,16,N5056379164,Abando,146,146,2
2024-03-30,16,W164512079,Otxarkoaga-Txurdinaga,108,108,1
2024-03-30,16,W96337695,Abando,106,113,3
2024-03-30,16,N4508853267,Uribarri,97,192,3
2024-03-30,16,W28211432,Abando,89,103,4
2024-03-30,16,N4060532216,Otxarkoaga-Txurdinaga,88,91,2
2024-03-30,16,W485363913,Ibaiondo,77,179,2
2024-03-30,16,W151883539,Basurtu-Zorrotza,75,75,1
2024-03-30,16,N518227646,Abando,60,65,5
2024-03-30,16,N3207631929,Abando,57,212,6
2024-03-30,16,W185205688,Deusto,54,59,1
2024-03-30,16,W290069950,Deusto,46,46,2
2024-03-30,16,W111740255,Errekalde,39,115,1
2024-03-30,16,W397099000,Ibaiondo,28,28,3
2024-03-30,16,W305622069,Begona,26,28,1
2024-03-30,16,W163195554,Basurtu-Zorrotza,25,67,2
2024-03-30,16,N4060532217,Otxarkoaga-Txurdinaga,18,98,3
2024-03-30,16,W41415573,Errekalde,17,17,2
2024-03-30,16,N5301954699,Basurtu-Zorrotza,10,10,3
2024-03-30,16,W162445376,Uribarri,10,10,4
2024-03-30,16,W123440604,Uribarri,9,100,5
2024-03-30,16,W28776478,Abando,4,172,7
2024-03-30,16,N4060532220,Otxarkoaga-Txurdinaga,1,67,4
2024-03-30,16,W171882527,Abando,1,31,8
2024-03-30,16,W376396126,Ibaiondo,1,7,4
2024-03-30,17,N4060532227,Uribarri,299,299,1
2024-03-30,17,W110895854,Abando,216,216,1
2024-03-30,17,W404432093,Ibaiondo,187,192,1
2024-03-30,17,N5056353256,Uribarri,168,168,2
2024-03-30,17,N5056379164,Abando,146,146,2
2024-03-30,17,W164512079,Otxarkoaga-Txurdinaga,108,108,1
2024-03-30,17,W96337695,Abando,106,113,3
2024-03-30,17,N4508853267,Uribarri,97,192,3
2024-03-30,17,W28211432,Abando,89,103,4
2024-03-30,17,N4060532216,Otxarkoaga-Txurdinaga,88,91,2
2024-03-30,17,W485363913,Ibaiondo,77,179,2
2024-03-30,17,W151883539,Basurtu-Zorrotza,75,75,1
2024-03-30,17,N518227646,Abando,60,65,5
2024-03-30,17,N3207631929,Abando,57,212,6
2024-03-30,17,W185205688,Deusto,54,59,1
2024-03-30,17,W290069950,Deusto,46,46,2
2024-03-30,17,W111740255,Errekalde,39,115,1
2024-03-30,17,W397099000,Ibaiondo,28,28,3
2024-03-30,17,W305622069,Begona,26,28,1
2024-03-30,17,W163195554,Basurtu-Zorrotza,25,67,2
2024-03-30,17,N4060532217,Otxarkoaga-Txurdinaga,18,98,3
2024-03-30,17,W41415573,Errekalde,17,17,2
2024-03-30,17,N5301954699,Basurtu-Zorrotza,10,10,3
2024-03-30,17,W162445376,Uribarri,10,10,4
2024-03-30,17,W123440604,Uribarri,9,100,5
2024-03-30,17,W28776478,Abando,4,172,7
2024-03-30,17,N4060532220,Otxarkoaga-Txurdinaga,1,67,4
2024-03-30,17,W171882527,Abando,1,31,8
2024-03-30,17,W376396126,Ibaiondo,1,7,4
2024-03-30,18,N4060532227,Uribarri,299,299,1
2024-03-30,18,W41525574,Ibaiondo,271,271,1
2024-03-30,18,N3207631929,Abando,212,212,1
2024-03-30,18,N5056353256,Uribarri,168,168,2
2024-03-30,18,N5056379164,Abando,146,146,2
2024-03-30,18,W404432093,Ibaiondo,119,192,2
2024-03-30,18,W164512079,Otxarkoaga-Txurdinaga,108,108,1
2024-03-30,18,N4508853267,Uribarri,97,192,3
2024-03-30,18,W28211432,Abando,93,103,3
2024-03-30,18,N4060532216,Otxarkoaga-Txurdinaga,88,91,2
2024-03-30,18,W151883539,Basurtu-Zorrotza,75,75,1
2024-03-30,18,W96337695,Abando,69,113,4
2024-03-30,18,N4762096882,Abando,66,94,5
2024-03-30,18,W185205688,Deusto,58,59,1
2024-03-30,18,W290069950,Deusto,46,46,2
2024-03-30,18,W111740255,Errekalde,39,115,1
2024-03-30,18,W28776478,Abando,28,172,6
2024-03-30,18,W397099000,Ibaiondo,28,28,3
2024-03-30,18,W163196945,Basurtu-Zorrotza,27,27,2
2024-03-30,18,W305622069,Begona,26,28,1
2024-03-30,18,N4060532217,Otxarkoaga-Txurdinaga,18,98,3
2024-03-30,18,W41415573,Errekalde,17,17,2
2024-03-30,18,W163195554,Basurtu-Zorrotza,16,67,3
2024-03-30,18,N518227646,Abando,15,65,7
2024-03-30,18,N5301954699,Basurtu-Zorrotza,10,10,4
2024-03-30,18,W162445376,Uribarri,10,10,4
2024-03-30,18,W123440604,Uribarri,9,100,5
2024-03-30,18,N1271964866,Abando,7,163,8
2024-03-30,18,W485363913,Ibaiondo,2,179,4
2024-03-30,18,N4060532220,Otxarkoaga-Txurdinaga,1,67,4
2024-03-30,18,W171882527,Abando,1,31,9
2024-03-30,18,W376396126,Ibaiondo,1,7,5
2024-03-30,19,N4060532227,Uribarri,299,299,1
2024-03-30,19,W41525574,Ibaiondo,271,271,1
2024-03-30,19,N3207631929,Abando,212,212,1
2024-03-30,19,N5056353256,Uribarri,168,168,2
2024-03-30,19,N5056379164,Abando,146,146,2
2024-03-30,19,W404432093,Ibaiondo,119,192,2
2024-03-30,19,W164512079,Otxarkoaga-Txurdinaga,108,108,1
2024-03-30,19,N4508853267,Uribarri,97,192,3
2024-03-30,19,W28211432,Abando,93,103,3
2024-03-30,19,N4060532216,Otxarkoaga-Txurdinaga,88,91,2
2024-03-30,19,W151883539,Basurtu-Zorrotza,75,75,1
2024-03-30,19,W96337695,Abando,69,113,4
2024-03-30,19,N4762096882,Abando,66,94,5
2024-03-30,19,W185205688,Deusto,58,59,1
2024-03-30,19,W290069950,Deusto,46,46,2
2024-03-30,19,W111740255,Errekalde,39,115,1
2024-03-30,19,W28776478,Abando,28,172,6
2024-03-30,19,W397099000,Ibaiondo,28,28,3
2024-03-30,19,W163196945,Basurtu-Zorrotza,27,27,2
2024-03-30,19,W305622069,Begona,26,28,1
2024-03-30,19,N4060532217,Otxarkoaga-Txurdinaga,18,98,3
2024-03-30,19,W41415573,Errekalde,17,17,2
2024-03-30,19,W163195554,Basurtu-Zorrotza,16,67,3
2024-03-30,19,N518227646,Abando,15,65,7
2024-03-30,19,N5301954699,Basurtu-Zorrotza,10,10,4
2024-03-30,19,W162445376,Uribarri,10,10,4
2024-03-30,19,W123440604,Uribarri,9,100,5
2024-03-30,19,N1271964866,Abando,7,163,8
2024-03-30,19,W485363913,Ibaiondo,2,179,4
2024-03-30,19,N4060532220,Otxarkoaga-Txurdinaga,1,67,4
2024-03-30,19,W171882527,Abando,1,31,9
2024-03-30,19,W376396126,Ibaiondo,1,7,5
2024-03-30,20,N4060532227,Uribarri,299,299,1
2024-03-30,20,N3207631929,Abando,212,212,1
2024-03-30,20,W404432093,Ibaiondo,192,192,1
2024-03-30,20,N5056353256,Uribarri,168,168,2
2024-03-30,20,N5056379164,Abando,146,146,2
2024-03-30,20,W485363913,Ibaiondo,142,179,2
2024-03-30,20,W164512079,Otxarkoaga-Txurdinaga,108,108,1
2024-03-30,20,N4508853267,Uribarri,95,192,3
2024-03-30,20,W28211432,Abando,93,103,3
2024-03-30,20,N4060532216,Otxarkoaga-Txurdinaga,88,91,2
2024-03-30,20,W151883539,Basurtu-Zorrotza,75,75,1
2024-03-30,20,W96337695,Abando,69,113,4
2024-03-30,20,N4762096882,Abando,66,94,5
2024-03-30,20,W185205688,Deusto,58,59,1
2024-03-30,20,W290069950,Deusto,46,46,2
2024-03-30,20,W111740255,Errekalde,39,115,1
2024-03-30,20,W397099000,Ibaiondo,28,28,3
2024-03-30,20,W305622069,Begona,26,28,1
2024-03-30,20,W28776478,Abando,25,172,6
2024-03-30,20,N4060532217,Otxarkoaga-Txurdinaga,18,98,3
2024-03-30,20,W41415573,Errekalde,17,17,2
2024-03-30,20,W163195554,Basurtu-Zorrotza,16,67,2
2024-03-30,20,N5301954699,Basurtu-Zorrotza,10,10,3
2024-03-30,20,W162445376,Uribarri,10,10,4
2024-03-30,20,W123440604,Uribarri,9,100,5
2024-03-30,20,N1271964866,Abando,7,163,7
2024-03-30,20,N4060532220,Otxarkoaga-Txurdinaga,1,67,4
2024-03-30,20,W171882527,Abando,1,31,8
2024-03-30,20,W376396126,Ibaiondo,1,7,4
2024-03-30,21,N4060532227,Uribarri,299,299,1
2024-03-30,21,W44016098,Abando,192,192,1
2024-03-30,21,N5056353256,Uribarri,168,168,2
2024-03-30,21,W485363913,Ibaiondo,165,179,1
2024-03-30,21,N5056379164,Abando,146,146,2
2024-03-30,21,W164512079,Otxarkoaga-Txurdinaga,108,108,1
2024-03-30,21,N4508853267,Uribarri,95,192,3
2024-03-30,21,W96337695,Abando,90,113,3
2024-03-30,21,N4060532216,Otxarkoaga-Txurdinaga,88,91,2
2024-03-30,21,W151883539,Basurtu-Zorrotza,75,75,1
2024-03-30,21,W185205688,Deusto,59,59,1
2024-03-30,21,W290069950,Deusto,46,46,2
2024-03-30,21,W111740255,Errekalde,39,115,1
2024-03-30,21,W163195554,Basurtu-Zorrotza,30,67,2
2024-03-30,21,W171882527,Abando,30,31,4
2024-03-30,21,W397099000,Ibaiondo,28,28,2
2024-03-30,21,W305622069,Begona,26,28,1
2024-03-30,21,N4060532217,Otxarkoaga-Txurdinaga,18,98,3
2024-03-30,21,W41415573,Errekalde,17,17,2
2024-03-30,21,N5301954699,Basurtu-Zorrotza,10,10,3
2024-03-30,21,W162445376,Uribarri,10,10,4
2024-03-30,21,W123440604,Uribarri,9,100,5
2024-03-30,21,W376396126,Ibaiondo,7,7,3
2024-03-30,21,W44113519,Abando,3,150,5
2024-03-30,21,W28776478,Abando,2,172,6
2024-03-30,21,N4060532220,Otxarkoaga-Txurdinaga,1,67,4
2024-03-30,22,N4060532227,Uribarri,299,299,1
2024-03-30,22,W485363913,Ibaiondo,179,179,1
2024-03-30,22,N5056353256,Uribarri,168,168,2
2024-03-30,22,W28776478,Abando,152,172,1
2024-03-30,22,N5056379164,Abando,146,146,2
2024-03-30,22,N4060532217,Otxarkoaga-Txurdinaga,98,98,1
2024-03-30,22,N4508853267,Uribarri,95,192,3
2024-03-30,22,N4060532216,Otxarkoaga-Txurdinaga,91,91,2
2024-03-30,22,W151883539,Basurtu-Zorrotza,75,75,1
2024-03-30,22,W185205688,Deusto,59,59,1
2024-03-30,22,W290069950,Deusto,46,46,2
2024-03-30,22,W111740255,Errekalde,39,115,1
2024-03-30,22,W163195554,Basurtu-Zorrotza,30,67,2
2024-03-30,22,W171882527,Abando,30,31,3
2024-03-30,22,W397099000,Ibaiondo,28,28,2
2024-03-30,22,W305622069,Begona,26,28,1
2024-03-30,22,N4060532220,Otxarkoaga-Txurdinaga,21,67,3
2024-03-30,22,W41415573,Errekalde,17,17,2
2024-03-30,22,N5301954699,Basurtu-Zorrotza,10,10,3
2024-03-30,22,W162445376,Uribarri,10,10,4
2024-03-30,22,W123440604,Uribarri,9,100,5
2024-03-30,22,W376396126,Ibaiondo,7,7,3
2024-03-30,22,W44113519,Abando,3,150,4
2024-03-30,23,N4060532227,Uribarri,299,299,1
2024-03-30,23,W485363913,Ibaiondo,179,179,1
2024-03-30,23,N5056353256,Uribarri,168,168,2
2024-03-30,23,W28776478,Abando,152,172,1
2024-03-30,23,N5056379164,Abando,146,146,2
2024-03-30,23,N4060532217,Otxarkoaga-Txurdinaga,98,98,1
2024-03-30,23,N4508853267,Uribarri,95,192,3
2024-03-30,23,N4060532216,Otxarkoaga-Txurdinaga,91,91,2
2024-03-30,23,W111740255,Errekalde,39,115,1
2024-03-30,23,W171882527,Abando,31,31,3
2024-03-30,23,W163195554,Basurtu-Zorrotza,30,67,1
2024-03-30,23,N4060532220,Otxarkoaga-Txurdinaga,21,67,3
2024-03-30,23,N5301954699,Basurtu-Zorrotza,10,10,2
2024-03-30,23,W44113519,Abando,3,150,4
2024-03-31,0,N4060532227,Uribarri,299,299,1
2024-03-31,0,W485363913,Ibaiondo,179,179,1
2024-03-31,0,N5056353256,Uribarri,168,168,2
2024-03-31,0,N4060532217,Otxarkoaga-Txurdinaga,98,98,1
2024-03-31,0,N4508853267,Uribarri,95,192,3
2024-03-31,0,N4060532216,Otxarkoaga-Txurdinaga,91,91,2
2024-03-31,0,W163195554,Basurtu-Zorrotza,67,67,1
2024-03-31,0,N4060532220,Otxarkoaga-Txurdinaga,21,67,3
2024-03-31,1,N4060532227,Uribarri,299,299,1
2024-03-31,1,W485363913,Ibaiondo,179,179,1
2024-03-31,1,N5056353256,Uribarri,168,168,2
2024-03-31,1,N4060532217,Otxarkoaga-Txurdinaga,98,98,1
2024-03-31,1,N4508853267,Uribarri,95,192,3
2024-03-31,1,N4060532216,Otxarkoaga-Txurdinaga,91,91,2
2024-03-31,1,W163195554,Basurtu-Zorrotza,67,67,1
2024-03-31,1,N4060532220,Otxarkoaga-Txurdinaga,21,67,3
2024-03-31,2,N4060532227,Uribarri,299,299,1
2024-03-31,2,W485363913,Ibaiondo,179,179,1
2024-03-31,2,N5056353256,Uribarri,168,168,2
2024-03-31,2,N4060532217,Otxarkoaga-Txurdinaga,98,98,1
2024-03-31,2,N4508853267,Uribarri,95,192,3
2024-03-31,2,N4060532216,Otxarkoaga-Txurdinaga,91,91,2
2024-03-31,2,W163195554,Basurtu-Zorrotza,67,67,1
2024-03-31,2,N4060532220,Otxarkoaga-Txurdinaga,21,67,3
2024-03-31,3,N4060532227,Uribarri,299,299,1
2024-03-31,3,W485363913,Ibaiondo,179,179,1
2024-03-31,3,N5056353256,Uribarri,168,168,2
2024-03-31,3,N4060532217,Otxarkoaga-Txurdinaga,98,98,1
2024-03-31,3,N4508853267,Uribarri,95,192,3
2024-03-31,3,N4060532216,Otxarkoaga-Txurdinaga,91,91,2
2024-03-31,3,W163195554,Basurtu-Zorrotza,67,67,1
2024-03-31,3,N4060532220,Otxarkoaga-Txurdinaga,21,67,3
2024-03-31,4,N4060532227,Uribarri,299,299,1
2024-03-31,4,W485363913,Ibaiondo,179,179,1
2024-03-31,4,N5056353256,Uribarri,168,168,2
2024-03-31,4,N4060532217,Otxarkoaga-Txurdinaga,98,98,1
2024-03-31,4,N4508853267,Uribarri,95,192,3
2024-03-31,4,N4060532216,Otxarkoaga-Txurdinaga,91,91,2
2024-03-31,4,W163195554,Basurtu-Zorrotza,67,67,1
2024-03-31,4,N4060532220,Otxarkoaga-Txurdinaga,21,67,3
2024-03-31,5,N4060532227,Uribarri,299,299,1
2024-03-31,5,W485363913,Ibaiondo,179,179,1
2024-03-31,5,N5056353256,Uribarri,168,168,2
2024-03-31,5,W28776478,Abando,152,172,1
2024-03-31,5,N4060532217,Otxarkoaga-Txurdinaga,98,98,1
2024-03-31,5,N4508853267,Uribarri,95,192,3
2024-03-31,5,N4060532216,Otxarkoaga-Txurdinaga,91,91,2
2024-03-31,5,W163195554,Basurtu-Zorrotza,67,67,1
2024-03-31,5,N4060532220,Otxarkoaga-Txurdinaga,21,67,3
2024-03-31,6,N4060532227,Uribarri,299,299,1
2024-03-31,6,W485363913,Ibaiondo,179,179,1
2024-03-31,6,N5056353256,Uribarri,168,168,2
2024-03-31,6,W28776478,Abando,152,172,1
2024-03-31,6,N5056379164,Abando,146,146,2
2024-03-31,6,N4060532217,Otxarkoaga-Txurdinaga,98,98,1
2024-03-31,6,N4508853267,Uribarri,95,192,3
2024-03-31,6,N4060532216,Otxarkoaga-Txurdinaga,91,91,2
2024-03-31,6,W111740255,Errekalde,39,115,1
2024-03-31,6,W163195554,Basurtu-Zorrotza,30,67,1
2024-03-31,6,N4060532220,Otxarkoaga-Txurdinaga,21,67,3
2024-03-31,6,N5301954699,Basurtu-Zorrotza,10,10,2
2024-03-31,6,W44113519,Abando,3,150,3
2024-03-31,7,N4060532227,Uribarri,299,299,1
2024-03-31,7,W485363913,Ibaiondo,179,179,1
2024-03-31,7,N5056353256,Uribarri,168,168,2
2024-03-31,7,W28776478,Abando,152,172,1
2024-03-31,7,N5056379164,Abando,146,146,2
2024-03-31,7,N4060532217,Otxarkoaga-Txurdinaga,98,98,1
2024-03-31,7,N4508853267,Uribarri,95,192,3
2024-03-31,7,N4060532216,Otxarkoaga-Txurdinaga,91,91,2
2024-03-31,7,W111740255,Errekalde,39,115,1
2024-03-31,7,W163195554,Basurtu-Zorrotza,30,67,1
2024-03-31,7,N4060532220,Otxarkoaga-Txurdinaga,21,67,3
2024-03-31,7,N5301954699,Basurtu-Zorrotza,10,10,2
2024-03-31,7,W44113519,Abando,3,150,3
2024-03-31,8,N4060532227,Uribarri,299,299,1
2024-03-31,8,W485363913,Ibaiondo,179,179,1
2024-03-31,8,N5056353256,Uribarri,168,168,2
2024-03-31,8,W28776478,Abando,152,172,1
2024-03-31,8,N5056379164,Abando,146,146,2
2024-03-31,8,N4060532217,Otxarkoaga-Txurdinaga,98,98,1
2024-03-31,8,N4508853267,Uribarri,95,192,3
2024-03-31,8,N4060532216,Otxarkoaga-Txurdinaga,91,91,2
2024-03-31,8,W111740255,Errekalde,39,115,1
2024-03-31,8,W163195554,Basurtu-Zorrotza,30,67,1
2024-03-31,8,N4060532220,Otxarkoaga-Txurdinaga,21,67,3
2024-03-31,8,N5301954699,Basurtu-Zorrotza,10,10,2
2024-03-31,8,W44113519,Abando,3,150,3
2024-03-31,9,N4060532227,Uribarri,299,299,1
2024-03-31,9,W485363913,Ibaiondo,179,179,1
2024-03-31,9,N5056353256,Uribarri,168,168,2
2024-03-31,9,W28776478,Abando,152,172,1
2024-03-31,9,N5056379164,Abando,146,146,2
2024-03-31,9,W96337695,Abando,102,113,3
2024-03-31,9,N4060532217,Otxarkoaga-Txurdinaga,98,98,1
2024-03-31,9,N4508853267,Uribarri,95,192,3
2024-03-31,9,N4060532216,Otxarkoaga-Txurdinaga,91,91,2
2024-03-31,9,W151883539,Basurtu-Zorrotza,75,75,1
2024-03-31,9,W185205688,Deusto,59,59,1
2024-03-31,9,W290069950,Deusto,46,46,2
2024-03-31,9,W111740255,Errekalde,39,115,1
2024-03-31,9,W185205681,Deusto,32,35,3
2024-03-31,9,W163195554,Basurtu-Zorrotza,30,67,2
2024-03-31,9,W397099000,Ibaiondo,28,28,2
2024-03-31,9,W305622069,Begona,26,28,1
2024-03-31,9,N4060532220,Otxarkoaga-Txurdinaga,21,67,3
2024-03-31,9,W41415573,Errekalde,17,17,2
2024-03-31,9,N5301954699,Basurtu-Zorrotza,10,10,3
2024-03-31,9,W162445376,Uribarri,10,10,4
2024-03-31,9,W123440604,Uribarri,9,100,5
2024-03-31,9,W376396126,Ibaiondo,7,7,3
2024-03-31,9,W44113519,Abando,3,150,4
2024-03-31,10,N4060532227,Uribarri,299,299,1
2024-03-31,10,W41525574,Ibaiondo,271,271,1
2024-03-31,10,N5056353256,Uribarri,168,168,2
2024-03-31,10,W28776478,Abando,166,172,1
2024-03-31,10,N5056379164,Abando,146,146,2
2024-03-31,10,N1271964866,Abando,135,163,3
2024-03-31,10,W404432093,Ibaiondo,119,192,2
2024-03-31,10,N4060532217,Otxarkoaga-Txurdinaga,98,98,1
2024-03-31,10,N4508853267,Uribarri,97,192,3
2024-03-31,10,N4060532216,Otxarkoaga-Txurdinaga,91,91,2
2024-03-31,10,W96337695,Abando,75,113,4
2024-03-31,10,W151883539,Basurtu-Zorrotza,75,75,1
2024-03-31,10,W185205688,Deusto,59,59,1
2024-03-31,10,W290069950,Deusto,46,46,2
2024-03-31,10,W111740255,Errekalde,39,115,1
2024-03-31,10,W28211432,Abando,32,103,5
2024-03-31,10,W185205681,Deusto,32,35,3
2024-03-31,10,W163195554,Basurtu-Zorrotza,30,67,2
2024-03-31,10,W397099000,Ibaiondo,28,28,3
2024-03-31,10,W305622069,Begona,26,28,1
2024-03-31,10,N4060532220,Otxarkoaga-Txurdinaga,21,67,3
2024-03-31,10,W41415573,Errekalde,17,17,2
2024-03-31,10,N5301954699,Basurtu-Zorrotza,10,10,3
2024-03-31,10,W162445376,Uribarri,10,10,4
2024-03-31,10,W123440604,Uribarri,9,100,5
2024-03-31,10,W485363913,Ibaiondo,2,179,4
2024-03-31,10,W376396126,Ibaiondo,1,7,5
2024-03-31,11,N4060532227,Uribarri,299,299,1
2024-03-31,11,W41525574,Ibaiondo,271,271,1
2024-03-31,11,N3207631929,Abando,212,212,1
2024-03-31,11,N5056353256,Uribarri,168,168,2
2024-03-31,11,N5056379164,Abando,146,146,2
2024-03-31,11,W404432093,Ibaiondo,119,192,2
2024-03-31,11,N4060532217,Otxarkoaga-Txurdinaga,98,98,1
2024-03-31,11,N4508853267,Uribarri,97,192,3
2024-03-31,11,W28211432,Abando,93,103,3
2024-03-31,11,N4060532216,Otxarkoaga-Txurdinaga,91,91,2
2024-03-31,11,W151883539,Basurtu-Zorrotza,75,75,1
2024-03-31,11,W96337695,Abando,69,113,4
2024-03-31,11,N4762096882,Abando,66,94,5
2024-03-31,11,W185205688,Deusto,58,59,1
2024-03-31,11,W290069950,Deusto,46,46,2
2024-03-31,11,W111740255,Errekalde,39,115,1
2024-03-31,11,W185205681,Deusto,32,35,3
2024-03-31,11,W28776478,Abando,28,172,6
2024-03-31,11,W397099000,Ibaiondo,28,28,3
2024-03-31,11,W163196945,Basurtu-Zorrotza,27,27,2
2024-03-31,11,W305622069,Begona,26,28,1
2024-03-31,11,N4060532220,Otxarkoaga-Txurdinaga,21,67,3
2024-03-31,11,W41415573,Errekalde,17,17,2
2024-03-31,11,W163195554,Basurtu-Zorrotza,16,67,3
2024-03-31,11,N518227646,Abando,15,65,7
2024-03-31,11,N5301954699,Basurtu-Zorrotza,10,10,4
2024-03-31,11,W162445376,Uribarri,10,10,4
2024-03-31,11,W123440604,Uribarri,9,100,5
2024-03-31,11,N1271964866,Abando,7,163,8
2024-03-31,11,W485363913,Ibaiondo,2,179,4
2024-03-31,11,W376396126,Ibaiondo,1,7,5
2024-03-31,12,N4060532227,Uribarri,299,299,1
2024-03-31,12,W41525574,Ibaiondo,271,271,1
2024-03-31,12,N3207631929,Abando,212,212,1
2024-03-31,12,N5056353256,Uribarri,168,168,2
2024-03-31,12,N5056379164,Abando,146,146,2
2024-03-31,12,W404432093,Ibaiondo,119,192,2
2024-03-31,12,N4060532217,Otxarkoaga-Txurdinaga,98,98,1
2024-03-31,12,N4508853267,Uribarri,97,192,3
2024-03-31,12,W28211432,Abando,93,103,3
2024-03-31,12,N4060532216,Otxarkoaga-Txurdinaga,91,91,2
2024-03-31,12,W151883539,Basurtu-Zorrotza,75,75,1
2024-03-31,12,W96337695,Abando,69,113,4
2024-03-31,12,N4762096882,Abando,66,94,5
2024-03-31,12,W185205688,Deusto,58,59,1
2024-03-31,12,W290069950,Deusto,46,46,2
2024-03-31,12,W111740255,Errekalde,39,115,1
2024-03-31,12,W185205681,Deusto,32,35,3
2024-03-31,12,W28776478,Abando,28,172,6
2024-03-31,12,W397099000,Ibaiondo,28,28,3
2024-03-31,12,W163196945,Basurtu-Zorrotza,27,27,2
2024-03-31,12,W305622069,Begona,26,28,1
2024-03-31,12,N4060532220,Otxarkoaga-Txurdinaga,21,67,3
2024-03-31,12,W41415573,Errekalde,17,17,2
2024-03-31,12,W163195554,Basurtu-Zorrotza,16,67,3
2024-03-31,12,N518227646,Abando,15,65,7
2024-03-31,12,N5301954699,Basurtu-Zorrotza,10,10,4
2024-03-31,12,W162445376,Uribarri,10,10,4
2024-03-31,12,W123440604,Uribarri,9,100,5
2024-03-31,12,N1271964866,Abando,7,163,8
2024-03-31,12,W485363913,Ibaiondo,2,179,4
2024-03-31,12,W171882527,Abando,1,31,9
2024-03-31,12,W376396126,Ibaiondo,1,7,5
2024-03-31,13,N4060532227,Uribarri,299,299,1
2024-03-31,13,N3207631929,Abando,212,212,1
2024-03-31,13,W404432093,Ibaiondo,192,192,1
2024-03-31,13,N5056353256,Uribarri,168,168,2
2024-03-31,13,N5056379164,Abando,146,146,2
2024-03-31,13,W485363913,Ibaiondo,142,179,2
2024-03-31,13,N4060532217,Otxarkoaga-Txurdinaga,98,98,1
2024-03-31,13,N4508853267,Uribarri,95,192,3
2024-03-31,13,W28211432,Abando,93,103,3
2024-03-31,13,N4060532216,Otxarkoaga-Txurdinaga,91,91,2
2024-03-31,13,W151883539,Basurtu-Zorrotza,75,75,1
2024-03-31,13,W96337695,Abando,69,113,4
2024-03-31,13,N4762096882,Abando,66,94,5
2024-03-31,13,W185205688,Deusto,58,59,1
2024-03-31,13,W290069950,Deusto,46,46,2
2024-03-31,13,W111740255,Errekalde,39,115,1
2024-03-31,13,W185205681,Deusto,32,35,3
2024-03-31,13,W397099000,Ibaiondo,28,28,3
2024-03-31,13,W163196945,Basurtu-Zorrotza,27,27,2
2024-03-31,13,W305622069,Begona,26,28,1
2024-03-31,13,W28776478,Abando,25,172,6
2024-03-31,13,N4060532220,Otxarkoaga-Txurdinaga,21,67,3
2024-03-31,13,W41415573,Errekalde,17,17,2
2024-03-31,13,W163195554,Basurtu-Zorrotza,16,67,3
2024-03-31,13,N518227646,Abando,15,65,7
2024-03-31,13,N5301954699,Basurtu-Zorrotza,10,10,4
2024-03-31,13,W162445376,Uribarri,10,10,4
2024-03-31,13,W123440604,Uribarri,9,100,5
2024-03-31,13,N1271964866,Abando,7,163,8
2024-03-31,13,W171882527,Abando,1,31,9
2024-03-31,13,W376396126,Ibaiondo,1,7,4
2024-03-31,14,N4060532227,Uribarri,299,299,1
2024-03-31,14,N3207631929,Abando,212,212,1
2024-03-31,14,W404432093,Ibaiondo,192,192,1
2024-03-31,14,N5056353256,Uribarri,168,168,2
2024-03-31,14,N5056379164,Abando,146,146,2
2024-03-31,14,W485363913,Ibaiondo,142,179,2
2024-03-31,14,N4060532217,Otxarkoaga-Txurdinaga,98,98,1
2024-03-31,14,N4508853267,Uribarri,95,192,3
2024-03-31,14,W28211432,Abando,93,103,3
2024-03-31,14,N4060532216,Otxarkoaga-Txurdinaga,91,91,2
2024-03-31,14,W151883539,Basurtu-Zorrotza,75,75,1
2024-03-31,14,W96337695,Abando,69,113,4
2024-03-31,14,N4762096882,Abando,66,94,5
2024-03-31,14,W185205688,Deusto,58,59,1
2024-03-31,14,W290069950,Deusto,46,46,2
2024-03-31,14,W111740255,Errekalde,39,115,1
2024-03-31,14,W185205681,Deusto,32,35,3
2024-03-31,14,W397099000,Ibaiondo,28,28,3
2024-03-31,14,W305622069,Begona,26,28,1
2024-03-31,14,W28776478,Abando,25,172,6
2024-03-31,14,N4060532220,Otxarkoaga-Txurdinaga,21,67,3
2024-03-31,14,W41415573,Errekalde,17,17,2
2024-03-31,14,W163195554,Basurtu-Zorrotza,16,67,2
2024-03-31,14,N518227646,Abando,15,65,7
2024-03-31,14,N5301954699,Basurtu-Zorrotza,10,10,3
2024-03-31,14,W162445376,Uribarri,10,10,4
2024-03-31,14,W123440604,Uribarri,9,100,5
2024-03-31,14,N1271964866,Abando,7,163,8
2024-03-31,14,W171882527,Abando,1,31,9
2024-03-31,14,W376396126,Ibaiondo,1,7,4
2024-03-31,15,N4060532227,Uribarri,299,299,1
2024-03-31,15,W404432093,Ibaiondo,192,192,1
2024-03-31,15,W28776478,Abando,172,172,1
2024-03-31,15,N5056353256,Uribarri,168,168,2
2024-03-31,15,N5056379164,Abando,146,146,2
2024-03-31,15,W485363913,Ibaiondo,133,179,2
2024-03-31,15,W28211432,Abando,103,103,3
2024-03-31,15,N4060532217,Otxarkoaga-Txurdinaga,98,98,1
2024-03-31,15,N4508853267,Uribarri,95,192,3
2024-03-31,15,N4060532216,Otxarkoaga-Txurdinaga,91,91,2
2024-03-31,15,W96337695,Abando,88,113,4
2024-03-31,15,W151883539,Basurtu-Zorrotza,75,75,1
2024-03-31,15,N518227646,Abando,60,65,5
2024-03-31,15,W185205688,Deusto,54,59,1
2024-03-31,15,W290069950,Deusto,46,46,2
2024-03-31,15,W111740255,Errekalde,39,115,1
2024-03-31,15,W397099000,Ibaiondo,28,28,3
2024-03-31,15,W305622069,Begona,26,28,1
2024-03-31,15,W163195554,Basurtu-Zorrotza,25,67,2
2024-03-31,15,N4060532220,Otxarkoaga-Txurdinaga,21,67,3
2024-03-31,15,W41415573,Errekalde,17,17,2
2024-03-31,15,N5301954699,Basurtu-Zorrotza,10,10,3
2024-03-31,15,W162445376,Uribarri,10,10,4
2024-03-31,15,W123440604,Uribarri,9,100,5
2024-03-31,15,W171882527,Abando,1,31,6
2024-03-31,15,W376396126,Ibaiondo,1,7,4
2024-03-31,16,N4060532227,Uribarri,299,299,1
2024-03-31,16,W485363913,Ibaiondo,179,179,1
2024-03-31,16,N5056353256,Uribarri,168,168,2
2024-03-31,16,W28776478,Abando,152,172,1
2024-03-31,16,N5056379164,Abando,146,146,2
2024-03-31,16,W96337695,Abando,102,113,3
2024-03-31,16,N4060532217,Otxarkoaga-Txurdinaga,98,98,1
2024-03-31,16,N4508853267,Uribarri,95,192,3
2024-03-31,16,N4060532216,Otxarkoaga-Txurdinaga,91,91,2
2024-03-31,16,N518227646,Abando,65,65,4
2024-03-31,16,W290069950,Deusto,46,46,1
2024-03-31,16,W111740255,Errekalde,39,115,1
2024-03-31,16,W163195554,Basurtu-Zorrotza,25,67,1
2024-03-31,16,W171882527,Abando,25,31,5
2024-03-31,16,N4060532220,Otxarkoaga-Txurdinaga,21,67,3
2024-03-31,16,N5301954699,Basurtu-Zorrotza,10,10,2
2024-03-31,16,W162445376,Uribarri,10,10,4
2024-03-31,16,W123440604,Uribarri,9,100,5
2024-03-31,16,W44113519,Abando,3,150,6
2024-03-31,17,N4060532227,Uribarri,299,299,1
2024-03-31,17,W485363913,Ibaiondo,179,179,1
2024-03-31,17,N5056353256,Uribarri,168,168,2
2024-03-31,17,W28776478,Abando,152,172,1
2024-03-31,17,N5056379164,Abando,146,146,2
2024-03-31,17,W96337695,Abando,102,113,3
2024-03-31,17,N4060532217,Otxarkoaga-Txurdinaga,98,98,1
2024-03-31,17,N4508853267,Uribarri,95,192,3
2024-03-31,17,N4060532216,Otxarkoaga-Txurdinaga,91,91,2
2024-03-31,17,N518227646,Abando,65,65,4
2024-03-31,17,W290069950,Deusto,46,46,1
2024-03-31,17,W111740255,Errekalde,39,115,1
2024-03-31,17,W163195554,Basurtu-Zorrotza,25,67,1
2024-03-31,17,W171882527,Abando,25,31,5
2024-03-31,17,N4060532220,Otxarkoaga-Txurdinaga,21,67,3
2024-03-31,17,N5301954699,Basurtu-Zorrotza,10,10,2
2024-03-31,17,W162445376,Uribarri,10,10,4
2024-03-31,17,W123440604,Uribarri,9,100,5
2024-03-31,17,W44113519,Abando,3,150,6
2024-03-31,18,N4060532227,Uribarri,299,299,1
2024-03-31,18,W41525574,Ibaiondo,271,271,1
2024-03-31,18,N5056353256,Uribarri,168,168,2
2024-03-31,18,W28776478,Abando,166,172,1
2024-03-31,18,N5056379164,Abando,146,146,2
2024-03-31,18,W96337695,Abando,102,113,3
2024-03-31,18,N4060532217,Otxarkoaga-Txurdinaga,98,98,1
2024-03-31,18,N4508853267,Uribarri,97,192,3
2024-03-31,18,N4060532216,Otxarkoaga-Txurdinaga,91,91,2
2024-03-31,18,N4762096882,Abando,84,94,4
2024-03-31,18,W290069950,Deusto,46,46,1
2024-03-31,18,W111740255,Errekalde,39,115,1
2024-03-31,18,W163196945,Basurtu-Zorrotza,27,27,1
2024-03-31,18,W171882527,Abando,24,31,5
2024-03-31,18,N4060532220,Otxarkoaga-Txurdinaga,21,67,3
2024-03-31,18,N518227646,Abando,19,65,6
2024-03-31,18,W163195554,Basurtu-Zorrotza,16,67,2
2024-03-31,18,N5301954699,Basurtu-Zorrotza,10,10,3
2024-03-31,18,W162445376,Uribarri,10,10,4
2024-03-31,18,W123440604,Uribarri,9,100,5
2024-03-31,18,W44113519,Abando,4,150,7
2024-03-31,18,W485363913,Ibaiondo,1,179,2
2024-03-31,19,N4060532227,Uribarri,299,299,1
2024-03-31,19,W41525574,Ibaiondo,271,271,1
2024-03-31,19,N5056353256,Uribarri,168,168,2
2024-03-31,19,W28776478,Abando,166,172,1
2024-03-31,19,N5056379164,Abando,146,146,2
2024-03-31,19,W96337695,Abando,102,113,3
2024-03-31,19,N4060532217,Otxarkoaga-Txurdinaga,98,98,1
2024-03-31,19,N4508853267,Uribarri,97,192,3
2024-03-31,19,N4060532216,Otxarkoaga-Txurdinaga,91,91,2
2024-03-31,19,N4762096882,Abando,84,94,4
2024-03-31,19,W290069950,Deusto,46,46,1
2024-03-31,19,W111740255,Errekalde,39,115,1
2024-03-31,19,W163196945,Basurtu-Zorrotza,27,27,1
2024-03-31,19,W171882527,Abando,24,31,5
2024-03-31,19,N4060532220,Otxarkoaga-Txurdinaga,21,67,3
2024-03-31,19,N518227646,Abando,19,65,6
2024-03-31,19,W163195554,Basurtu-Zorrotza,16,67,2
2024-03-31,19,N5301954699,Basurtu-Zorrotza,10,10,3
2024-03-31,19,W162445376,Uribarri,10,10,4
2024-03-31,19,W123440604,Uribarri,9,100,5
2024-03-31,19,W44113519,Abando,4,150,7
2024-03-31,19,W485363913,Ibaiondo,1,179,2
2024-03-31,20,N4060532227,Uribarri,299,299,1
2024-03-31,20,W485363913,Ibaiondo,179,179,1
2024-03-31,20,N5056353256,Uribarri,168,168,2
2024-03-31,20,W28776478,Abando,152,172,1
2024-03-31,20,N5056379164,Abando,146,146,2
2024-03-31,20,W96337695,Abando,102,113,3
2024-03-31,20,N4060532217,Otxarkoaga-Txurdinaga,98,98,1
2024-03-31,20,N4508853267,Uribarri,95,192,3
2024-03-31,20,N4060532216,Otxarkoaga-Txurdinaga,91,91,2
2024-03-31,20,N4762096882,Abando,84,94,4
2024-03-31,20,W111740255,Errekalde,39,115,1
2024-03-31,20,W171882527,Abando,24,31,5
2024-03-31,20,N4060532220,Otxarkoaga-Txurdinaga,21,67,3
2024-03-31,20,W163195554,Basurtu-Zorrotza,16,67,1
2024-03-31,20,N5301954699,Basurtu-Zorrotza,10,10,2
2024-03-31,20,W123440604,Uribarri,9,100,4
2024-03-31,20,W123440625,Uribarri,4,4,5
2024-03-31,20,W44113519,Abando,3,150,6
2024-03-31,21,N4060532227,Uribarri,299,299,1
2024-03-31,21,W485363913,Ibaiondo,179,179,1
2024-03-31,21,N5056353256,Uribarri,168,168,2
2024-03-31,21,W28776478,Abando,152,172,1
2024-03-31,21,N5056379164,Abando,146,146,2
2024-03-31,21,W96337695,Abando,102,113,3
2024-03-31,21,N4060532217,Otxarkoaga-Txurdinaga,98,98,1
2024-03-31,21,N4508853267,Uribarri,95,192,3
2024-03-31,21,N4060532216,Otxarkoaga-Txurdinaga,91,91,2
2024-03-31,21,W111740255,Errekalde,39,115,1
2024-03-31,21,W171882527,Abando,31,31,4
2024-03-31,21,W163195554,Basurtu-Zorrotza,30,67,1
2024-03-31,21,N4060532220,Otxarkoaga-Txurdinaga,21,67,3
2024-03-31,21,N5301954699,Basurtu-Zorrotza,10,10,2
2024-03-31,21,W123440604,Uribarri,9,100,4
2024-03-31,21,W123440625,Uribarri,4,4,5
2024-03-31,21,W44113519,Abando,3,150,5
2024-03-31,22,N4060532227,Uribarri,299,299,1
2024-03-31,22,W485363913,Ibaiondo,179,179,1
2024-03-31,22,N5056353256,Uribarri,168,168,2
2024-03-31,22,W28776478,Abando,152,172,1
2024-03-31,22,N5056379164,Abando,146,146,2
2024-03-31,22,N4060532217,Otxarkoaga-Txurdinaga,98,98,1
2024-03-31,22,N4508853267,Uribarri,95,192,3
2024-03-31,22,N4060532216,Otxarkoaga-Txurdinaga,91,91,2
2024-03-31,22,W111740255,Errekalde,39,115,1
2024-03-31,22,W171882527,Abando,31,31,3
2024-03-31,22,W163195554,Basurtu-Zorrotza,30,67,1
2024-03-31,22,N4060532220,Otxarkoaga-Txurdinaga,21,67,3
2024-03-31,22,N5301954699,Basurtu-Zorrotza,10,10,2
2024-03-31,22,W123440604,Uribarri,9,100,4
2024-03-31,22,W123440625,Uribarri,4,4,5
2024-03-31,22,W44113519,Abando,3,150,4
2024-03-31,23,N4060532227,Uribarri,299,299,1
2024-03-31,23,W485363913,Ibaiondo,179,179,1
2024-03-31,23,N5056353256,Uribarri,168,168,2
2024-03-31,23,W28776478,Abando,152,172,1
2024-03-31,23,N5056379164,Abando,146,146,2
2024-03-31,23,N4060532217,Otxarkoaga-Txurdinaga,98,98,1
2024-03-31,23,N4508853267,Uribarri,95,192,3
2024-03-31,23,N4060532216,Otxarkoaga-Txurdinaga,91,91,2
2024-03-31,23,W111740255,Errekalde,39,115,1
2024-03-31,23,W171882527,Abando,31,31,3
2024-03-31,23,W163195554,Basurtu-Zorrotza,30,67,1
2024-03-31,23,N4060532220,Otxarkoaga-Txurdinaga,21,67,3
2024-03-31,23,N5301954699,Basurtu-Zorrotza,10,10,2
2024-03-31,23,W44113519,Abando,3,150,4
